ISO-10303-21;
HEADER;
FILE_DESCRIPTION (( 'STEP AP214' ),
    '1' );
FILE_NAME ('接收端散热-光-2.STEP',
    '2026-04-03T03:21:06',
    ( '' ),
    ( '' ),
    'SwSTEP 2.0',
    'SolidWorks 2024',
    '' );
FILE_SCHEMA (( 'AUTOMOTIVE_DESIGN' ));
ENDSEC;

DATA;
#1 = ORIENTED_EDGE ( 'NONE', *, *, #6308, .F. ) ;
#2 = PLANE ( 'NONE',  #4757 ) ;
#3 = CARTESIAN_POINT ( 'NONE',  ( 73.15243468099103552, 20.03231731485910672, 4.000000000000000000 ) ) ;
#4 = VECTOR ( 'NONE', #3889, 1000.000000000000000 ) ;
#5 = ADVANCED_FACE ( 'NONE', ( #3385 ), #1031, .F. ) ;
#6 = VECTOR ( 'NONE', #1710, 1000.000000000000000 ) ;
#7 = CARTESIAN_POINT ( 'NONE',  ( 32.14653210253800353, 34.88980021391638076, 4.000000000000000000 ) ) ;
#8 = DIRECTION ( 'NONE',  ( -1.000000000000000000, 0.000000000000000000, 0.000000000000000000 ) ) ;
#9 = ORIENTED_EDGE ( 'NONE', *, *, #3340, .T. ) ;
#10 = ADVANCED_FACE ( 'NONE', ( #1415 ), #519, .F. ) ;
#11 = EDGE_CURVE ( 'NONE', #5893, #4522, #3950, .T. ) ;
#12 = DIRECTION ( 'NONE',  ( 0.000000000000000000, 0.000000000000000000, 1.000000000000000000 ) ) ;
#13 = VERTEX_POINT ( 'NONE', #939 ) ;
#14 = VECTOR ( 'NONE', #41, 1000.000000000000000 ) ;
#15 = DIRECTION ( 'NONE',  ( 0.7071067811865472397, 0.7071067811865479058, 0.000000000000000000 ) ) ;
#16 = CARTESIAN_POINT ( 'NONE',  ( 40.83180065388673796, 43.69286487643512373, 3.399999999999983036 ) ) ;
#17 = CARTESIAN_POINT ( 'NONE',  ( 59.77578496594467339, 40.61884720954800088, 3.399999999999983036 ) ) ;
#18 = LINE ( 'NONE', #524, #5393 ) ;
#19 = DIRECTION ( 'NONE',  ( -0.7071938130861842309, -0.7070197385735585982, 0.000000000000000000 ) ) ;
#20 = ORIENTED_EDGE ( 'NONE', *, *, #1519, .F. ) ;
#21 = VECTOR ( 'NONE', #1343, 1000.000000000000000 ) ;
#22 = EDGE_LOOP ( 'NONE', ( #6001, #198, #5350, #4251 ) ) ;
#23 = ORIENTED_EDGE ( 'NONE', *, *, #3921, .F. ) ;
#24 = FACE_OUTER_BOUND ( 'NONE', #1076, .T. ) ;
#25 = LINE ( 'NONE', #2037, #205 ) ;
#26 = CARTESIAN_POINT ( 'NONE',  ( 16.26968486712803141, 5.000000000000023093, 10.00099999999999945 ) ) ;
#27 = CARTESIAN_POINT ( 'NONE',  ( 0.000000000000000000, 59.57470916941908712, 10.00000000000000000 ) ) ;
#28 = ADVANCED_FACE ( 'NONE', ( #1505 ), #4784, .F. ) ;
#29 = ORIENTED_EDGE ( 'NONE', *, *, #2648, .T. ) ;
#30 = ORIENTED_EDGE ( 'NONE', *, *, #5713, .T. ) ;
#31 = DIRECTION ( 'NONE',  ( -1.000000000000000000, 0.000000000000000000, 0.000000000000000000 ) ) ;
#32 = DIRECTION ( 'NONE',  ( 0.000000000000000000, 0.000000000000000000, -1.000000000000000000 ) ) ;
#33 = EDGE_CURVE ( 'NONE', #1705, #6098, #4302, .T. ) ;
#34 = LINE ( 'NONE', #899, #3303 ) ;
#35 = CARTESIAN_POINT ( 'NONE',  ( 0.000000000000000000, 34.88980021391638076, -17.00997182357270887 ) ) ;
#36 = ORIENTED_EDGE ( 'NONE', *, *, #5600, .F. ) ;
#37 = EDGE_CURVE ( 'NONE', #5358, #1705, #389, .T. ) ;
#38 = DIRECTION ( 'NONE',  ( -0.5773502691896255090, -0.5773502691896258421, -0.5773502691896258421 ) ) ;
#39 = ORIENTED_EDGE ( 'NONE', *, *, #2320, .T. ) ;
#40 = EDGE_CURVE ( 'NONE', #1147, #204, #1382, .T. ) ;
#41 = DIRECTION ( 'NONE',  ( -1.000000000000000000, 0.000000000000000000, 0.000000000000000000 ) ) ;
#42 = ADVANCED_FACE ( 'NONE', ( #1448 ), #4842, .F. ) ;
#43 = DIRECTION ( 'NONE',  ( 0.000000000000000000, 0.000000000000000000, -1.000000000000000000 ) ) ;
#44 = LINE ( 'NONE', #2935, #2535 ) ;
#45 = VERTEX_POINT ( 'NONE', #999 ) ;
#46 = DIRECTION ( 'NONE',  ( -1.000000000000000000, 0.000000000000000000, 0.000000000000000000 ) ) ;
#47 = EDGE_CURVE ( 'NONE', #6275, #2294, #5838, .T. ) ;
#48 = ORIENTED_EDGE ( 'NONE', *, *, #3533, .T. ) ;
#49 = EDGE_LOOP ( 'NONE', ( #6010, #5942, #3445, #5555 ) ) ;
#50 = VECTOR ( 'NONE', #5996, 1000.000000000000000 ) ;
#51 = VECTOR ( 'NONE', #1318, 999.9999999999998863 ) ;
#52 = ORIENTED_EDGE ( 'NONE', *, *, #4282, .F. ) ;
#53 = ORIENTED_EDGE ( 'NONE', *, *, #1960, .F. ) ;
#54 = CARTESIAN_POINT ( 'NONE',  ( 75.02984732797570189, 28.93771831048098520, 0.3999999999999837019 ) ) ;
#55 = CARTESIAN_POINT ( 'NONE',  ( 10.59981128446159104, 12.01402484683418415, 4.000000000000000000 ) ) ;
#56 = LINE ( 'NONE', #112, #3546 ) ;
#57 = DIRECTION ( 'NONE',  ( 1.259290296542222077E-16, -1.000000000000000000, 0.000000000000000000 ) ) ;
#58 = AXIS2_PLACEMENT_3D ( 'NONE', #3740, #2196, #5102 ) ;
#59 = VECTOR ( 'NONE', #6142, 1000.000000000000000 ) ;
#60 = ORIENTED_EDGE ( 'NONE', *, *, #2302, .F. ) ;
#61 = AXIS2_PLACEMENT_3D ( 'NONE', #1355, #3896, #5847 ) ;
#62 = ORIENTED_EDGE ( 'NONE', *, *, #1136, .F. ) ;
#63 = DIRECTION ( 'NONE',  ( -0.7071067811865457964, -0.7071067811865492381, 0.000000000000000000 ) ) ;
#64 = CARTESIAN_POINT ( 'NONE',  ( 5.000000000000903277, 57.98214359204602175, 10.00099999999999945 ) ) ;
#65 = EDGE_CURVE ( 'NONE', #3833, #5917, #969, .T. ) ;
#66 = PLANE ( 'NONE',  #1270 ) ;
#67 = CARTESIAN_POINT ( 'NONE',  ( 78.83562195575520093, 62.03509009644496075, 7.539619072974404368 ) ) ;
#68 = VERTEX_POINT ( 'NONE', #3415 ) ;
#69 = LINE ( 'NONE', #5326, #317 ) ;
#70 = LINE ( 'NONE', #2513, #1268 ) ;
#71 = DIRECTION ( 'NONE',  ( -0.000000000000000000, -0.000000000000000000, 1.000000000000000000 ) ) ;
#72 = EDGE_LOOP ( 'NONE', ( #4599, #3236, #5256, #3482 ) ) ;
#73 = VECTOR ( 'NONE', #5297, 1000.000000000000000 ) ;
#74 = CARTESIAN_POINT ( 'NONE',  ( 6.992565577374029395, 5.000000000000023093, 10.00099999999999945 ) ) ;
#75 = VERTEX_POINT ( 'NONE', #2350 ) ;
#76 = EDGE_CURVE ( 'NONE', #5851, #2915, #1965, .T. ) ;
#77 = AXIS2_PLACEMENT_3D ( 'NONE', #1207, #3176, #4162 ) ;
#78 = EDGE_LOOP ( 'NONE', ( #2864, #5946, #4121, #2957 ) ) ;
#79 = EDGE_CURVE ( 'NONE', #2509, #2741, #2383, .T. ) ;
#80 = EDGE_LOOP ( 'NONE', ( #2106, #1228, #96, #5717 ) ) ;
#81 = DIRECTION ( 'NONE',  ( -0.000000000000000000, -0.000000000000000000, -1.000000000000000000 ) ) ;
#82 = FACE_BOUND ( 'NONE', #6020, .T. ) ;
#83 = DIRECTION ( 'NONE',  ( 0.7071067811865474617, 0.7071067811865474617, 0.000000000000000000 ) ) ;
#84 = DIRECTION ( 'NONE',  ( 0.000000000000000000, -0.000000000000000000, -1.000000000000000000 ) ) ;
#85 = VECTOR ( 'NONE', #1167, 1000.000000000000000 ) ;
#86 = ORIENTED_EDGE ( 'NONE', *, *, #4218, .T. ) ;
#87 = EDGE_CURVE ( 'NONE', #3044, #5454, #6281, .T. ) ;
#88 = ORIENTED_EDGE ( 'NONE', *, *, #1275, .F. ) ;
#89 = ADVANCED_FACE ( 'NONE', ( #3354 ), #5352, .T. ) ;
#90 = DIRECTION ( 'NONE',  ( 0.000000000000000000, 0.000000000000000000, -1.000000000000000000 ) ) ;
#91 = ORIENTED_EDGE ( 'NONE', *, *, #2593, .F. ) ;
#92 = CARTESIAN_POINT ( 'NONE',  ( 75.41657697571172037, 52.35311032234201889, 4.000000000000000000 ) ) ;
#93 = DIRECTION ( 'NONE',  ( -0.6785983445458581009, 0.2810846377148271680, -0.6785983445458331209 ) ) ;
#94 = DIRECTION ( 'NONE',  ( -1.000000000000000000, 0.000000000000000000, 0.000000000000000000 ) ) ;
#95 = PLANE ( 'NONE',  #3635 ) ;
#96 = ORIENTED_EDGE ( 'NONE', *, *, #2627, .F. ) ;
#97 = CIRCLE ( 'NONE', #4909, 1.250000000000000222 ) ;
#98 = DIRECTION ( 'NONE',  ( -0.000000000000000000, -0.000000000000000000, -1.000000000000000000 ) ) ;
#99 = EDGE_LOOP ( 'NONE', ( #6000, #1280, #2772, #425 ) ) ;
#100 = DIRECTION ( 'NONE',  ( 0.000000000000000000, -0.7071067811865352493, 0.7071067811865597852 ) ) ;
#101 = CARTESIAN_POINT ( 'NONE',  ( 63.49024130048304215, 35.03617221234399182, 4.000000000000000000 ) ) ;
#102 = PLANE ( 'NONE',  #5904 ) ;
#103 = VERTEX_POINT ( 'NONE', #5387 ) ;
#104 = VECTOR ( 'NONE', #181, 1000.000000000000114 ) ;
#105 = CARTESIAN_POINT ( 'NONE',  ( 56.07174658210519880, 31.71948199512347699, 13.56630658013875212 ) ) ;
#106 = EDGE_LOOP ( 'NONE', ( #2354, #1299, #3578, #2882 ) ) ;
#107 = VECTOR ( 'NONE', #2353, 1000.000000000000000 ) ;
#108 = ORIENTED_EDGE ( 'NONE', *, *, #4772, .F. ) ;
#109 = ORIENTED_EDGE ( 'NONE', *, *, #1457, .T. ) ;
#110 = CARTESIAN_POINT ( 'NONE',  ( 11.67132469877177670, 34.33421759231526948, 4.400000000000011902 ) ) ;
#111 = LINE ( 'NONE', #1668, #5324 ) ;
#112 = CARTESIAN_POINT ( 'NONE',  ( 29.80687116396649472, 29.62875138833506483, 0.000000000000000000 ) ) ;
#113 = LINE ( 'NONE', #681, #3941 ) ;
#114 = VECTOR ( 'NONE', #5149, 1000.000000000000227 ) ;
#115 = EDGE_CURVE ( 'NONE', #2802, #5585, #5058, .T. ) ;
#116 = VERTEX_POINT ( 'NONE', #4008 ) ;
#117 = ORIENTED_EDGE ( 'NONE', *, *, #2320, .F. ) ;
#118 = CARTESIAN_POINT ( 'NONE',  ( 11.67195935263214857, 6.749207299886008382E-15, 0.000000000000000000 ) ) ;
#119 = VERTEX_POINT ( 'NONE', #3014 ) ;
#120 = DIRECTION ( 'NONE',  ( -0.000000000000000000, -0.000000000000000000, -1.000000000000000000 ) ) ;
#121 = EDGE_CURVE ( 'NONE', #4223, #5169, #4461, .T. ) ;
#122 = CARTESIAN_POINT ( 'NONE',  ( 11.67132469877178025, 49.93421759231525670, 4.400000000000011902 ) ) ;
#123 = EDGE_CURVE ( 'NONE', #2075, #5454, #3566, .T. ) ;
#124 = ADVANCED_FACE ( 'NONE', ( #2507 ), #4964, .T. ) ;
#125 = DIRECTION ( 'NONE',  ( 0.000000000000000000, 0.000000000000000000, 1.000000000000000000 ) ) ;
#126 = CARTESIAN_POINT ( 'NONE',  ( 50.49903062459745229, 69.34700756685749923, -0.3968234621491134040 ) ) ;
#127 = CARTESIAN_POINT ( 'NONE',  ( 18.61060500309818977, 0.000000000000000000, -17.84112027324191629 ) ) ;
#128 = DIRECTION ( 'NONE',  ( 0.7071067811863814834, 0.7071067811867136621, 0.000000000000000000 ) ) ;
#129 = DIRECTION ( 'NONE',  ( -0.7071067811865474617, -0.7071067811865474617, 0.000000000000000000 ) ) ;
#130 = ORIENTED_EDGE ( 'NONE', *, *, #3676, .F. ) ;
#131 = CARTESIAN_POINT ( 'NONE',  ( 16.29412907291898449, 26.94626106892528128, 9.600000000000008527 ) ) ;
#132 = DIRECTION ( 'NONE',  ( 2.168404344971008868E-16, 1.000000000000000000, 0.000000000000000000 ) ) ;
#133 = CARTESIAN_POINT ( 'NONE',  ( 0.000000000000000000, 53.17490806565518113, 6.000000000000000000 ) ) ;
#134 = VERTEX_POINT ( 'NONE', #1086 ) ;
#135 = CARTESIAN_POINT ( 'NONE',  ( 30.61060500309818622, 24.68592075184099954, 2.109999999999997211 ) ) ;
#136 = ORIENTED_EDGE ( 'NONE', *, *, #1887, .T. ) ;
#137 = ORIENTED_EDGE ( 'NONE', *, *, #6151, .F. ) ;
#138 = DIRECTION ( 'NONE',  ( 1.355284293265842525E-13, -1.000000000000000000, 0.000000000000000000 ) ) ;
#139 = DIRECTION ( 'NONE',  ( -0.9999999924245159821, 0.0001230892683151790486, 0.000000000000000000 ) ) ;
#140 = DIRECTION ( 'NONE',  ( -0.7071067811865565655, 0.000000000000000000, -0.7071067811865385799 ) ) ;
#141 = CARTESIAN_POINT ( 'NONE',  ( 0.000000000000000000, 59.57470916941907291, 0.000000000000000000 ) ) ;
#142 = AXIS2_PLACEMENT_3D ( 'NONE', #1824, #5349, #1376 ) ;
#143 = EDGE_LOOP ( 'NONE', ( #4125, #1426, #3325, #4412 ) ) ;
#144 = VECTOR ( 'NONE', #1687, 1000.000000000000114 ) ;
#145 = ORIENTED_EDGE ( 'NONE', *, *, #1104, .T. ) ;
#146 = DIRECTION ( 'NONE',  ( -1.000000000000000000, 0.000000000000000000, 0.000000000000000000 ) ) ;
#147 = VECTOR ( 'NONE', #696, 1000.000000000000000 ) ;
#148 = ORIENTED_EDGE ( 'NONE', *, *, #1717, .F. ) ;
#149 = DIRECTION ( 'NONE',  ( -0.000000000000000000, -0.000000000000000000, -1.000000000000000000 ) ) ;
#150 = CONICAL_SURFACE ( 'NONE', #868, 1.250000000000001110, 0.7853981633974610466 ) ;
#151 = FACE_OUTER_BOUND ( 'NONE', #1599, .T. ) ;
#152 = VECTOR ( 'NONE', #4149, 1000.000000000000114 ) ;
#153 = VECTOR ( 'NONE', #5523, 1000.000000000000000 ) ;
#154 = EDGE_CURVE ( 'NONE', #5650, #6054, #667, .T. ) ;
#155 = EDGE_CURVE ( 'NONE', #466, #4403, #4042, .T. ) ;
#156 = PLANE ( 'NONE',  #491 ) ;
#157 = ADVANCED_FACE ( 'NONE', ( #4490 ), #4997, .F. ) ;
#158 = DIRECTION ( 'NONE',  ( -0.2795121857214309391, 0.6789402262507546748, -0.6789058161569999639 ) ) ;
#159 = FACE_OUTER_BOUND ( 'NONE', #4153, .T. ) ;
#160 = FACE_OUTER_BOUND ( 'NONE', #3834, .T. ) ;
#161 = VECTOR ( 'NONE', #2058, 1000.000000000000000 ) ;
#162 = ADVANCED_FACE ( 'NONE', ( #2054 ), #5570, .F. ) ;
#163 = CARTESIAN_POINT ( 'NONE',  ( 41.42884860408194214, 23.35317541498460159, 9.600000000000015632 ) ) ;
#164 = ORIENTED_EDGE ( 'NONE', *, *, #5985, .F. ) ;
#165 = LINE ( 'NONE', #2122, #4717 ) ;
#166 = UNCERTAINTY_MEASURE_WITH_UNIT (LENGTH_MEASURE( 1.000000000000000082E-05 ), #3622, 'distance_accuracy_value', 'NONE');
#167 = CARTESIAN_POINT ( 'NONE',  ( 7.158251002323207324, 5.400000000000020783, 0.000000000000000000 ) ) ;
#168 = DIRECTION ( 'NONE',  ( 0.000000000000000000, -1.000000000000000000, 0.000000000000000000 ) ) ;
#169 = EDGE_LOOP ( 'NONE', ( #1388, #2392, #2938, #1041 ) ) ;
#170 = PLANE ( 'NONE',  #5378 ) ;
#171 = ORIENTED_EDGE ( 'NONE', *, *, #4913, .T. ) ;
#172 = ORIENTED_EDGE ( 'NONE', *, *, #5362, .F. ) ;
#173 = LINE ( 'NONE', #2644, #5705 ) ;
#174 = LINE ( 'NONE', #5068, #4420 ) ;
#175 = VECTOR ( 'NONE', #1527, 1000.000000000000000 ) ;
#176 = CARTESIAN_POINT ( 'NONE',  ( 7.638803657608024267, 56.44252476504900073, 0.4000000000000027978 ) ) ;
#177 = DIRECTION ( 'NONE',  ( -1.000000000000000000, 1.196361017915039831E-15, 0.000000000000000000 ) ) ;
#178 = EDGE_CURVE ( 'NONE', #4671, #562, #3505, .T. ) ;
#179 = VECTOR ( 'NONE', #2605, 1000.000000000000114 ) ;
#180 = ORIENTED_EDGE ( 'NONE', *, *, #199, .F. ) ;
#181 = DIRECTION ( 'NONE',  ( -0.7071067811867293162, -0.7071067811863657182, 0.000000000000000000 ) ) ;
#182 = ORIENTED_EDGE ( 'NONE', *, *, #3960, .F. ) ;
#183 = CARTESIAN_POINT ( 'NONE',  ( 55.42884860408194214, 26.75317541498458951, 4.000000000000000000 ) ) ;
#184 = PLANE ( 'NONE',  #3968 ) ;
#185 = AXIS2_PLACEMENT_3D ( 'NONE', #926, #2853, #823 ) ;
#186 = VECTOR ( 'NONE', #4886, 1000.000000000000000 ) ;
#187 = FACE_OUTER_BOUND ( 'NONE', #143, .T. ) ;
#188 = CARTESIAN_POINT ( 'NONE',  ( 8.888803657608024267, 8.415085090169998949, 0.000000000000000000 ) ) ;
#189 = CARTESIAN_POINT ( 'NONE',  ( 68.54663218375308986, 53.24846227906593299, 21.02811762574660648 ) ) ;
#190 = EDGE_CURVE ( 'NONE', #407, #4288, #4584, .T. ) ;
#191 = EDGE_CURVE ( 'NONE', #804, #1424, #544, .T. ) ;
#192 = AXIS2_PLACEMENT_3D ( 'NONE', #2420, #456, #5806 ) ;
#193 = CARTESIAN_POINT ( 'NONE',  ( 11.01402484566505890, 5.000000000000023093, 10.00000000000000000 ) ) ;
#194 = ORIENTED_EDGE ( 'NONE', *, *, #2033, .T. ) ;
#195 = DIRECTION ( 'NONE',  ( -0.5006742921851662365, -0.4993247972461455353, 0.7071067811865322517 ) ) ;
#196 = LINE ( 'NONE', #5092, #5364 ) ;
#197 = CARTESIAN_POINT ( 'NONE',  ( 79.57474980950739507, 1.078464085573844520E-11, 0.000000000000000000 ) ) ;
#198 = ORIENTED_EDGE ( 'NONE', *, *, #2662, .F. ) ;
#199 = EDGE_CURVE ( 'NONE', #4403, #4242, #3917, .T. ) ;
#200 = FACE_OUTER_BOUND ( 'NONE', #2382, .T. ) ;
#201 = VECTOR ( 'NONE', #2560, 1000.000000000000000 ) ;
#202 = EDGE_CURVE ( 'NONE', #5748, #5757, #6019, .T. ) ;
#203 = ORIENTED_EDGE ( 'NONE', *, *, #1404, .T. ) ;
#204 = VERTEX_POINT ( 'NONE', #2151 ) ;
#205 = VECTOR ( 'NONE', #5853, 999.9999999999998863 ) ;
#206 = LINE ( 'NONE', #5163, #2241 ) ;
#207 = PLANE ( 'NONE',  #5220 ) ;
#208 = DIRECTION ( 'NONE',  ( -1.000000000000000000, 0.000000000000000000, 0.000000000000000000 ) ) ;
#209 = DIRECTION ( 'NONE',  ( -0.7071067811863814834, -0.7071067811867136621, 0.000000000000000000 ) ) ;
#210 = VECTOR ( 'NONE', #3599, 1000.000000000000000 ) ;
#211 = EDGE_LOOP ( 'NONE', ( #916, #6075, #2528, #1780 ) ) ;
#212 = ORIENTED_EDGE ( 'NONE', *, *, #3655, .F. ) ;
#213 = LINE ( 'NONE', #2171, #2958 ) ;
#214 = DIRECTION ( 'NONE',  ( 0.6785983445458660945, 0.2810846377147864783, -0.6785983445458418917 ) ) ;
#215 = ORIENTED_EDGE ( 'NONE', *, *, #2711, .F. ) ;
#216 = LINE ( 'NONE', #6110, #6183 ) ;
#217 = VECTOR ( 'NONE', #5743, 1000.000000000000114 ) ;
#218 = CARTESIAN_POINT ( 'NONE',  ( 23.85013801642617892, 48.72947128756540991, 0.3545632219102571314 ) ) ;
#219 = EDGE_CURVE ( 'NONE', #6234, #556, #1059, .T. ) ;
#220 = AXIS2_PLACEMENT_3D ( 'NONE', #127, #4035, #2115 ) ;
#221 = CARTESIAN_POINT ( 'NONE',  ( 5.875044450089791148, 53.13706121412302252, 4.000000000000000000 ) ) ;
#222 = LINE ( 'NONE', #2178, #759 ) ;
#223 = PLANE ( 'NONE',  #5532 ) ;
#224 = ADVANCED_FACE ( 'NONE', ( #2086 ), #4102, .F. ) ;
#225 = DIRECTION ( 'NONE',  ( -0.4999999999999966693, -0.4999999999999991118, 0.7071067811865505703 ) ) ;
#226 = DIRECTION ( 'NONE',  ( 0.000000000000000000, 0.000000000000000000, -1.000000000000000000 ) ) ;
#227 = ORIENTED_EDGE ( 'NONE', *, *, #284, .T. ) ;
#228 = PLANE ( 'NONE',  #2881 ) ;
#229 = ADVANCED_FACE ( 'NONE', ( #1658 ), #631, .F. ) ;
#230 = LINE ( 'NONE', #4170, #4869 ) ;
#231 = CARTESIAN_POINT ( 'NONE',  ( -3.859101802983540885, 49.12325022882693304, -0.1333520136339409745 ) ) ;
#232 = ORIENTED_EDGE ( 'NONE', *, *, #2792, .F. ) ;
#233 = PLANE ( 'NONE',  #1482 ) ;
#234 = ADVANCED_FACE ( 'NONE', ( #5028 ), #2599, .F. ) ;
#235 = EDGE_CURVE ( 'NONE', #2301, #1462, #3661, .T. ) ;
#236 = ORIENTED_EDGE ( 'NONE', *, *, #6229, .F. ) ;
#237 = VERTEX_POINT ( 'NONE', #3788 ) ;
#238 = DIRECTION ( 'NONE',  ( 0.000000000000000000, 0.000000000000000000, -1.000000000000000000 ) ) ;
#239 = DIRECTION ( 'NONE',  ( 0.000000000000000000, -1.000000000000000000, 0.000000000000000000 ) ) ;
#240 = ADVANCED_FACE ( 'NONE', ( #5116 ), #3755, .F. ) ;
#241 = LINE ( 'NONE', #4181, #4766 ) ;
#242 = ORIENTED_EDGE ( 'NONE', *, *, #734, .T. ) ;
#243 = CARTESIAN_POINT ( 'NONE',  ( 77.62829547680470910, 12.29464107465769551, 10.00000000000000000 ) ) ;
#244 = ORIENTED_EDGE ( 'NONE', *, *, #5911, .F. ) ;
#245 = ORIENTED_EDGE ( 'NONE', *, *, #4897, .T. ) ;
#246 = DIRECTION ( 'NONE',  ( -0.000000000000000000, -0.000000000000000000, -1.000000000000000000 ) ) ;
#247 = CARTESIAN_POINT ( 'NONE',  ( 5.871324698771779538, 34.33421759231527659, 5.599999999999988987 ) ) ;
#248 = VERTEX_POINT ( 'NONE', #4200 ) ;
#249 = LINE ( 'NONE', #1712, #4360 ) ;
#250 = CARTESIAN_POINT ( 'NONE',  ( 5.637145988246558659, 7.256480086916429428, -0.2371459882465171698 ) ) ;
#251 = ORIENTED_EDGE ( 'NONE', *, *, #2200, .T. ) ;
#252 = VECTOR ( 'NONE', #5856, 999.9999999999998863 ) ;
#253 = CARTESIAN_POINT ( 'NONE',  ( 6.592687801450777485, 4.034609650074171938, 8.634609650074198228 ) ) ;
#254 = AXIS2_PLACEMENT_3D ( 'NONE', #3387, #941, #2774 ) ;
#255 = CARTESIAN_POINT ( 'NONE',  ( 25.69181876263594688, 53.17490806565518113, 6.000000000000000000 ) ) ;
#256 = LINE ( 'NONE', #796, #3908 ) ;
#257 = CARTESIAN_POINT ( 'NONE',  ( 77.62714841342993566, -0.007238183448740163548, 0.000000000000000000 ) ) ;
#258 = VECTOR ( 'NONE', #5543, 1000.000000000000114 ) ;
#259 = VECTOR ( 'NONE', #478, 1000.000000000000000 ) ;
#260 = EDGE_CURVE ( 'NONE', #2379, #1097, #2695, .T. ) ;
#261 = DIRECTION ( 'NONE',  ( 0.0001230892683152483562, 0.9999999924245159821, 0.000000000000000000 ) ) ;
#262 = AXIS2_PLACEMENT_3D ( 'NONE', #1905, #5711, #844 ) ;
#263 = ORIENTED_EDGE ( 'NONE', *, *, #4772, .T. ) ;
#264 = LINE ( 'NONE', #1725, #824 ) ;
#265 = CARTESIAN_POINT ( 'NONE',  ( 5.000000000000530243, 33.46289289354402285, 10.00099999999999945 ) ) ;
#266 = DIRECTION ( 'NONE',  ( 0.7071067811865479058, 0.7071067811865471286, 0.000000000000000000 ) ) ;
#267 = EDGE_LOOP ( 'NONE', ( #5395, #2716, #3637, #1863 ) ) ;
#268 = PLANE ( 'NONE',  #1786 ) ;
#269 = EDGE_LOOP ( 'NONE', ( #1855, #3744, #3428, #3254 ) ) ;
#270 = EDGE_LOOP ( 'NONE', ( #1250, #1650, #4949, #3425 ) ) ;
#271 = EDGE_LOOP ( 'NONE', ( #5336, #5740, #4998, #5385 ) ) ;
#272 = DIRECTION ( 'NONE',  ( 0.000000000000000000, 1.000000000000000000, 0.000000000000000000 ) ) ;
#273 = LINE ( 'NONE', #4307, #1337 ) ;
#274 = DIRECTION ( 'NONE',  ( 1.000000000000000000, 0.000000000000000000, 0.000000000000000000 ) ) ;
#275 = LINE ( 'NONE', #2231, #3945 ) ;
#276 = EDGE_CURVE ( 'NONE', #1845, #2301, #732, .T. ) ;
#277 = ADVANCED_FACE ( 'NONE', ( #3150 ), #1788, .F. ) ;
#278 = ORIENTED_EDGE ( 'NONE', *, *, #5515, .F. ) ;
#279 = FACE_OUTER_BOUND ( 'NONE', #3843, .T. ) ;
#280 = CARTESIAN_POINT ( 'NONE',  ( 74.41423944072103325, 5.000000000000023093, 10.00099999999999945 ) ) ;
#281 = EDGE_LOOP ( 'NONE', ( #790, #1515, #5898, #2225 ) ) ;
#282 = PLANE ( 'NONE',  #5056 ) ;
#283 = CARTESIAN_POINT ( 'NONE',  ( 6.992565577374029395, 5.000000000000023093, 9.600000000000015632 ) ) ;
#284 = EDGE_CURVE ( 'NONE', #5065, #2912, #1755, .T. ) ;
#285 = CIRCLE ( 'NONE', #3769, 1.250000000000000222 ) ;
#286 = PLANE ( 'NONE',  #4890 ) ;
#287 = VECTOR ( 'NONE', #125, 1000.000000000000000 ) ;
#288 = CARTESIAN_POINT ( 'NONE',  ( -14.23144644677175208, 14.23144644677176629, 4.000000000000000000 ) ) ;
#289 = DIRECTION ( 'NONE',  ( -1.000000000000000000, 0.000000000000000000, 0.000000000000000000 ) ) ;
#290 = LINE ( 'NONE', #2661, #5263 ) ;
#291 = AXIS2_PLACEMENT_3D ( 'NONE', #500, #435, #885 ) ;
#292 = CARTESIAN_POINT ( 'NONE',  ( 11.27132469877176568, 33.93421759231524959, 4.000000000000000000 ) ) ;
#293 = VERTEX_POINT ( 'NONE', #701 ) ;
#294 = PLANE ( 'NONE',  #5739 ) ;
#295 = DIRECTION ( 'NONE',  ( -1.000000000000000000, 0.000000000000000000, -0.000000000000000000 ) ) ;
#296 = CARTESIAN_POINT ( 'NONE',  ( 41.42884860408194214, 26.75317541498458951, 4.000000000000000000 ) ) ;
#297 = VERTEX_POINT ( 'NONE', #2217 ) ;
#298 = DIRECTION ( 'NONE',  ( -0.7071067811865475727, 0.7071067811865475727, 0.000000000000000000 ) ) ;
#299 = ORIENTED_EDGE ( 'NONE', *, *, #5199, .F. ) ;
#300 = ORIENTED_EDGE ( 'NONE', *, *, #1585, .T. ) ;
#301 = VERTEX_POINT ( 'NONE', #2665 ) ;
#302 = CARTESIAN_POINT ( 'NONE',  ( 73.34807733323548007, 40.95871309031685570, 4.000000000000000000 ) ) ;
#303 = FACE_OUTER_BOUND ( 'NONE', #271, .T. ) ;
#304 = FACE_OUTER_BOUND ( 'NONE', #2468, .T. ) ;
#305 = CARTESIAN_POINT ( 'NONE',  ( 7.638803657608024267, 8.415085090169998949, 9.600000000000022737 ) ) ;
#306 = ORIENTED_EDGE ( 'NONE', *, *, #5402, .T. ) ;
#307 = VECTOR ( 'NONE', #2138, 1000.000000000000000 ) ;
#308 = VERTEX_POINT ( 'NONE', #5214 ) ;
#309 = DIRECTION ( 'NONE',  ( 2.342423510106018633E-15, 1.000000000000000000, 0.000000000000000000 ) ) ;
#310 = CARTESIAN_POINT ( 'NONE',  ( 76.16692151384303600, 56.44252476504900073, 9.600000000000019185 ) ) ;
#311 = ORIENTED_EDGE ( 'NONE', *, *, #828, .T. ) ;
#312 = DIRECTION ( 'NONE',  ( -1.000000000000000000, 0.000000000000000000, -0.000000000000000000 ) ) ;
#313 = EDGE_CURVE ( 'NONE', #1909, #5480, #5602, .T. ) ;
#314 = VECTOR ( 'NONE', #3517, 999.9999999999998863 ) ;
#315 = LINE ( 'NONE', #4326, #5188 ) ;
#316 = EDGE_CURVE ( 'NONE', #1572, #1037, #812, .T. ) ;
#317 = VECTOR ( 'NONE', #910, 1000.000000000000000 ) ;
#318 = ADVANCED_FACE ( 'NONE', ( #797 ), #3277, .T. ) ;
#319 = CARTESIAN_POINT ( 'NONE',  ( 0.000000000000000000, 28.88980021391638431, -17.00997182357270887 ) ) ;
#320 = DIRECTION ( 'NONE',  ( 0.5000615408464105238, 0.4999384515781011840, -0.7071067811865505703 ) ) ;
#321 = ADVANCED_FACE ( 'NONE', ( #1723 ), #5923, .F. ) ;
#322 = VECTOR ( 'NONE', #3213, 1000.000000000000000 ) ;
#323 = DIRECTION ( 'NONE',  ( -1.000000000000000000, 0.000000000000000000, 0.000000000000000000 ) ) ;
#324 = ORIENTED_EDGE ( 'NONE', *, *, #2534, .T. ) ;
#325 = PLANE ( 'NONE',  #4005 ) ;
#326 = DIRECTION ( 'NONE',  ( 0.000000000000000000, -0.7071067811865352493, 0.7071067811865597852 ) ) ;
#327 = DIRECTION ( 'NONE',  ( -0.7071067811865474617, -0.7071067811865474617, 0.000000000000000000 ) ) ;
#328 = ORIENTED_EDGE ( 'NONE', *, *, #4316, .T. ) ;
#329 = DIRECTION ( 'NONE',  ( 0.000000000000000000, 0.000000000000000000, -1.000000000000000000 ) ) ;
#330 = ORIENTED_EDGE ( 'NONE', *, *, #6268, .F. ) ;
#331 = ORIENTED_EDGE ( 'NONE', *, *, #3182, .T. ) ;
#332 = LINE ( 'NONE', #363, #6282 ) ;
#333 = DIRECTION ( 'NONE',  ( -1.000000000000000000, 0.000000000000000000, 0.000000000000000000 ) ) ;
#334 = DIRECTION ( 'NONE',  ( 0.5773502691896216232, -0.5773502691896207351, 0.5773502691896349459 ) ) ;
#335 = DIRECTION ( 'NONE',  ( -1.000000000000000000, 0.000000000000000000, 0.000000000000000000 ) ) ;
#336 = ORIENTED_EDGE ( 'NONE', *, *, #829, .F. ) ;
#337 = PLANE ( 'NONE',  #3271 ) ;
#338 = DIRECTION ( 'NONE',  ( 0.000000000000000000, 0.000000000000000000, 1.000000000000000000 ) ) ;
#339 = ORIENTED_EDGE ( 'NONE', *, *, #6304, .T. ) ;
#340 = CARTESIAN_POINT ( 'NONE',  ( 77.81692151384301326, 8.415085090169998949, 10.00000000000000000 ) ) ;
#341 = ORIENTED_EDGE ( 'NONE', *, *, #4932, .F. ) ;
#342 = CARTESIAN_POINT ( 'NONE',  ( 76.16692151384303600, 8.415085090169998949, 0.000000000000000000 ) ) ;
#343 = DIRECTION ( 'NONE',  ( -1.000000000000000000, 0.000000000000000000, 0.000000000000000000 ) ) ;
#344 = DIRECTION ( 'NONE',  ( 0.7071067811865423547, 0.000000000000000000, 0.7071067811865526798 ) ) ;
#345 = EDGE_CURVE ( 'NONE', #2411, #4942, #349, .T. ) ;
#346 = VECTOR ( 'NONE', #5802, 1000.000000000000000 ) ;
#347 = AXIS2_PLACEMENT_3D ( 'NONE', #1936, #3891, #5293 ) ;
#348 = EDGE_CURVE ( 'NONE', #3510, #1349, #5661, .T. ) ;
#349 = LINE ( 'NONE', #3215, #4903 ) ;
#350 = ORIENTED_EDGE ( 'NONE', *, *, #1671, .F. ) ;
#351 = DIRECTION ( 'NONE',  ( -0.000000000000000000, -0.000000000000000000, -1.000000000000000000 ) ) ;
#352 = AXIS2_PLACEMENT_3D ( 'NONE', #1581, #5230, #3642 ) ;
#353 = PLANE ( 'NONE',  #2706 ) ;
#354 = AXIS2_PLACEMENT_3D ( 'NONE', #5694, #729, #2692 ) ;
#355 = DIRECTION ( 'NONE',  ( 0.7071067811865492381, -0.7071067811865457964, 0.000000000000000000 ) ) ;
#356 = EDGE_LOOP ( 'NONE', ( #5644, #3391, #2001, #4689 ) ) ;
#357 = APPLICATION_PROTOCOL_DEFINITION ( 'draft international standard', 'automotive_design', 1998, #4191 ) ;
#358 = EDGE_CURVE ( 'NONE', #3796, #1309, #6088, .T. ) ;
#359 = AXIS2_PLACEMENT_3D ( 'NONE', #3232, #782, #747 ) ;
#360 = AXIS2_PLACEMENT_3D ( 'NONE', #2011, #1016, #5039 ) ;
#361 = ORIENTED_EDGE ( 'NONE', *, *, #4098, .T. ) ;
#362 = VERTEX_POINT ( 'NONE', #5633 ) ;
#363 = CARTESIAN_POINT ( 'NONE',  ( 11.27132469877176568, 34.33421759231526948, 6.000000000000000000 ) ) ;
#364 = CARTESIAN_POINT ( 'NONE',  ( 46.94653210253800779, 0.000000000000000000, 1.959999998568995316 ) ) ;
#365 = LINE ( 'NONE', #5228, #2419 ) ;
#366 = CARTESIAN_POINT ( 'NONE',  ( 15.40376155339789221, 23.35317541498461225, 10.00099999999999945 ) ) ;
#367 = EDGE_LOOP ( 'NONE', ( #2169, #5462, #2461, #3386 ) ) ;
#368 = ORIENTED_EDGE ( 'NONE', *, *, #4583, .F. ) ;
#369 = DIRECTION ( 'NONE',  ( -0.000000000000000000, -0.000000000000000000, -1.000000000000000000 ) ) ;
#370 = DIRECTION ( 'NONE',  ( -0.000000000000000000, -0.000000000000000000, -1.000000000000000000 ) ) ;
#371 = ORIENTED_EDGE ( 'NONE', *, *, #5551, .F. ) ;
#372 = CARTESIAN_POINT ( 'NONE',  ( 30.61060500309818977, 27.68592075184100310, 4.000000000000000000 ) ) ;
#373 = EDGE_CURVE ( 'NONE', #4403, #6105, #1245, .T. ) ;
#374 = ORIENTED_EDGE ( 'NONE', *, *, #5245, .T. ) ;
#375 = LINE ( 'NONE', #4291, #6013 ) ;
#376 = CARTESIAN_POINT ( 'NONE',  ( 8.888803657608024267, 56.44252476504900073, 10.00099999999999945 ) ) ;
#377 = PLANE ( 'NONE',  #5436 ) ;
#378 = AXIS2_PLACEMENT_3D ( 'NONE', #1021, #2111, #5919 ) ;
#379 = VECTOR ( 'NONE', #4094, 1000.000000000000000 ) ;
#380 = CARTESIAN_POINT ( 'NONE',  ( 60.17578496594466486, 36.03617221234399182, -3.469446951953614189E-15 ) ) ;
#381 = ORIENTED_EDGE ( 'NONE', *, *, #5714, .T. ) ;
#382 = EDGE_CURVE ( 'NONE', #1296, #1037, #3186, .T. ) ;
#383 = DIRECTION ( 'NONE',  ( 0.000000000000000000, -1.000000000000000000, 0.000000000000000000 ) ) ;
#384 = CARTESIAN_POINT ( 'NONE',  ( 78.02714841169105853, -0.007275480624098067464, 4.000000000000000000 ) ) ;
#385 = VERTEX_POINT ( 'NONE', #6178 ) ;
#386 = CIRCLE ( 'NONE', #3049, 1.600000000000000755 ) ;
#387 = CARTESIAN_POINT ( 'NONE',  ( 11.27132469877176568, 34.33421759231526948, 4.400000000000011902 ) ) ;
#388 = ADVANCED_FACE ( 'NONE', ( #6211 ), #1821, .F. ) ;
#389 = LINE ( 'NONE', #487, #5005 ) ;
#390 = ORIENTED_EDGE ( 'NONE', *, *, #512, .F. ) ;
#391 = ADVANCED_FACE ( 'NONE', ( #5246 ), #2045, .F. ) ;
#392 = LINE ( 'NONE', #2352, #5051 ) ;
#393 = CARTESIAN_POINT ( 'NONE',  ( 77.81649880717780832, 5.400000000000020783, 10.00000000000000000 ) ) ;
#394 = DIRECTION ( 'NONE',  ( 0.000000000000000000, 0.000000000000000000, -1.000000000000000000 ) ) ;
#395 = LINE ( 'NONE', #1353, #4782 ) ;
#396 = VERTEX_POINT ( 'NONE', #4329 ) ;
#397 = DIRECTION ( 'NONE',  ( 0.7070197385735585982, -0.7071938130861842309, 0.000000000000000000 ) ) ;
#398 = ADVANCED_FACE ( 'NONE', ( #4987 ), #962, .T. ) ;
#399 = ORIENTED_EDGE ( 'NONE', *, *, #3286, .F. ) ;
#400 = EDGE_LOOP ( 'NONE', ( #5042, #4158, #6158, #4111 ) ) ;
#401 = VECTOR ( 'NONE', #4521, 1000.000000000000114 ) ;
#402 = CARTESIAN_POINT ( 'NONE',  ( 76.16692151384303600, 8.415085090169998949, 10.00099999999999945 ) ) ;
#403 = DIRECTION ( 'NONE',  ( 0.7071067811867293162, 0.7071067811863657182, 0.000000000000000000 ) ) ;
#404 = ORIENTED_EDGE ( 'NONE', *, *, #2807, .F. ) ;
#405 = LINE ( 'NONE', #1395, #2610 ) ;
#406 = DIRECTION ( 'NONE',  ( -0.7071067811865350272, -0.7071067811865600072, 0.000000000000000000 ) ) ;
#407 = VERTEX_POINT ( 'NONE', #2074 ) ;
#408 = AXIS2_PLACEMENT_3D ( 'NONE', #2312, #2734, #4132 ) ;
#409 = CARTESIAN_POINT ( 'NONE',  ( 93.71109042400424016, 39.98313944627900440, -19.59156972313958534 ) ) ;
#410 = DIRECTION ( 'NONE',  ( -0.7071067811865474617, 0.7071067811865474617, -0.000000000000000000 ) ) ;
#411 = VECTOR ( 'NONE', #5430, 999.9999999999998863 ) ;
#412 = CARTESIAN_POINT ( 'NONE',  ( 11.27132469877176923, 50.33421759231526948, 6.000000000000000000 ) ) ;
#413 = VECTOR ( 'NONE', #5030, 1000.000000000000000 ) ;
#414 = DIRECTION ( 'NONE',  ( 5.782411586589351722E-16, -1.000000000000000000, 0.000000000000000000 ) ) ;
#415 = ORIENTED_EDGE ( 'NONE', *, *, #3533, .F. ) ;
#416 = DIRECTION ( 'NONE',  ( -0.7071067811865470176, 1.533293416683372906E-16, -0.7071067811865480168 ) ) ;
#417 = CARTESIAN_POINT ( 'NONE',  ( 79.57474980950000543, 54.46151490885029034, 10.00000000000000000 ) ) ;
#418 = VERTEX_POINT ( 'NONE', #2341 ) ;
#419 = VECTOR ( 'NONE', #351, 1000.000000000000000 ) ;
#420 = PRODUCT_CONTEXT ( 'NONE', #3665, 'mechanical' ) ;
#421 = CARTESIAN_POINT ( 'NONE',  ( 73.34807733323548007, 45.95871309031685570, 4.000000000000000000 ) ) ;
#422 = ORIENTED_EDGE ( 'NONE', *, *, #4070, .F. ) ;
#423 = LINE ( 'NONE', #3798, #5563 ) ;
#424 = DIRECTION ( 'NONE',  ( -1.000000000000000000, 0.000000000000000000, 0.000000000000000000 ) ) ;
#425 = ORIENTED_EDGE ( 'NONE', *, *, #2751, .F. ) ;
#426 = DIRECTION ( 'NONE',  ( -9.324293839476711010E-05, -0.9999999956528771161, 0.000000000000000000 ) ) ;
#427 = CARTESIAN_POINT ( 'NONE',  ( 59.77578496594467339, 40.61884720954800088, -7.875958507980477918 ) ) ;
#428 = EDGE_LOOP ( 'NONE', ( #4785, #675, #361, #578, #5752, #5464 ) ) ;
#429 = PLANE ( 'NONE',  #6291 ) ;
#430 = ADVANCED_FACE ( 'NONE', ( #5830 ), #5465, .T. ) ;
#431 = EDGE_CURVE ( 'NONE', #5239, #2162, #4482, .T. ) ;
#432 = ORIENTED_EDGE ( 'NONE', *, *, #3120, .T. ) ;
#433 = EDGE_CURVE ( 'NONE', #3068, #1444, #1078, .T. ) ;
#434 = ORIENTED_EDGE ( 'NONE', *, *, #6115, .T. ) ;
#435 = DIRECTION ( 'NONE',  ( -0.000000000000000000, -0.7071067811865475727, -0.7071067811865475727 ) ) ;
#436 = DIRECTION ( 'NONE',  ( -1.000000000000000000, 0.000000000000000000, 0.000000000000000000 ) ) ;
#437 = ORIENTED_EDGE ( 'NONE', *, *, #4033, .T. ) ;
#438 = DIRECTION ( 'NONE',  ( 0.2810846377147952491, 0.6785983445458639851, 0.6785983445458404484 ) ) ;
#439 = CARTESIAN_POINT ( 'NONE',  ( 41.42884860408194214, 27.75317541498460372, 4.000000000000000000 ) ) ;
#440 = ORIENTED_EDGE ( 'NONE', *, *, #5631, .T. ) ;
#441 = EDGE_CURVE ( 'NONE', #2093, #293, #5730, .T. ) ;
#442 = EDGE_CURVE ( 'NONE', #954, #3906, #97, .T. ) ;
#443 = ORIENTED_EDGE ( 'NONE', *, *, #5629, .T. ) ;
#444 = LINE ( 'NONE', #5309, #3538 ) ;
#445 = DIRECTION ( 'NONE',  ( -1.000000000000000000, 0.000000000000000000, 0.000000000000000000 ) ) ;
#446 = DIRECTION ( 'NONE',  ( 0.000000000000000000, 0.000000000000000000, -1.000000000000000000 ) ) ;
#447 = EDGE_LOOP ( 'NONE', ( #4183, #742, #4265, #4694 ) ) ;
#448 = DIRECTION ( 'NONE',  ( -0.000000000000000000, -0.000000000000000000, 1.000000000000000000 ) ) ;
#449 = DIRECTION ( 'NONE',  ( 0.000000000000000000, -1.000000000000000000, 0.000000000000000000 ) ) ;
#450 = EDGE_LOOP ( 'NONE', ( #5351, #2044, #3887, #3957 ) ) ;
#451 = VECTOR ( 'NONE', #1311, 1000.000000000000000 ) ;
#452 = VERTEX_POINT ( 'NONE', #1890 ) ;
#453 = VECTOR ( 'NONE', #2730, 1000.000000000000114 ) ;
#454 = EDGE_CURVE ( 'NONE', #1554, #5735, #1372, .T. ) ;
#455 = AXIS2_PLACEMENT_3D ( 'NONE', #615, #2039, #5432 ) ;
#456 = DIRECTION ( 'NONE',  ( 0.000000000000000000, -1.000000000000000000, -0.000000000000000000 ) ) ;
#457 = VECTOR ( 'NONE', #149, 1000.000000000000000 ) ;
#458 = ORIENTED_EDGE ( 'NONE', *, *, #4392, .F. ) ;
#459 = CARTESIAN_POINT ( 'NONE',  ( 56.71169131655655349, 23.63601812745922714, 10.00000000000000000 ) ) ;
#460 = CARTESIAN_POINT ( 'NONE',  ( 29.80687116396649472, 29.62875138833506483, 0.000000000000000000 ) ) ;
#461 = CARTESIAN_POINT ( 'NONE',  ( 65.74807733323548575, 0.000000000000000000, 5.000000000000000000 ) ) ;
#462 = DIRECTION ( 'NONE',  ( 0.7071067811865352493, 0.000000000000000000, 0.7071067811865597852 ) ) ;
#463 = CARTESIAN_POINT ( 'NONE',  ( 0.000000000000000000, 0.000000000000000000, 5.000000000000000000 ) ) ;
#464 = VECTOR ( 'NONE', #2031, 1000.000000000000000 ) ;
#465 = AXIS2_PLACEMENT_3D ( 'NONE', #4789, #3358, #2425 ) ;
#466 = VERTEX_POINT ( 'NONE', #4773 ) ;
#467 = ORIENTED_EDGE ( 'NONE', *, *, #3256, .T. ) ;
#468 = CARTESIAN_POINT ( 'NONE',  ( 58.42929857017329454, 28.18268885397088042, 14.42951343898612393 ) ) ;
#469 = CARTESIAN_POINT ( 'NONE',  ( 55.01486976341026036, 59.74638737989559445, 4.000000000000000000 ) ) ;
#470 = ORIENTED_EDGE ( 'NONE', *, *, #1975, .F. ) ;
#471 = DIRECTION ( 'NONE',  ( 0.000000000000000000, -1.000000000000000000, 0.000000000000000000 ) ) ;
#472 = VECTOR ( 'NONE', #1260, 1000.000000000000000 ) ;
#473 = ADVANCED_FACE ( 'NONE', ( #4511 ), #3036, .T. ) ;
#474 = DIRECTION ( 'NONE',  ( 0.7100637267678131526, 0.7041374183556817767, 0.000000000000000000 ) ) ;
#475 = ADVANCED_FACE ( 'NONE', ( #6243 ), #3787, .F. ) ;
#476 = ORIENTED_EDGE ( 'NONE', *, *, #5510, .F. ) ;
#477 = ORIENTED_EDGE ( 'NONE', *, *, #1129, .T. ) ;
#478 = DIRECTION ( 'NONE',  ( -0.000000000000000000, -0.000000000000000000, -1.000000000000000000 ) ) ;
#479 = EDGE_CURVE ( 'NONE', #556, #4977, #1405, .T. ) ;
#480 = DIRECTION ( 'NONE',  ( -0.000000000000000000, -0.000000000000000000, -1.000000000000000000 ) ) ;
#481 = CARTESIAN_POINT ( 'NONE',  ( 12.07195935263212760, 59.97470916941908570, 4.000000000000000000 ) ) ;
#482 = DIRECTION ( 'NONE',  ( 0.000000000000000000, 0.000000000000000000, -1.000000000000000000 ) ) ;
#483 = CARTESIAN_POINT ( 'NONE',  ( -26.20822908354669067, 26.20822908353438052, 0.000000000000000000 ) ) ;
#484 = ORIENTED_EDGE ( 'NONE', *, *, #2824, .T. ) ;
#485 = ORIENTED_EDGE ( 'NONE', *, *, #4040, .T. ) ;
#486 = AXIS2_PLACEMENT_3D ( 'NONE', #1652, #6256, #4819 ) ;
#487 = CARTESIAN_POINT ( 'NONE',  ( 0.000000000000000000, 11.61402484683418734, 0.000000000000000000 ) ) ;
#488 = VERTEX_POINT ( 'NONE', #380 ) ;
#489 = CARTESIAN_POINT ( 'NONE',  ( 74.11952070086402955, 59.57470916941927186, 0.000000000000000000 ) ) ;
#490 = DIRECTION ( 'NONE',  ( -0.7049845209112707289, 0.7092226908915888473, 0.000000000000000000 ) ) ;
#491 = AXIS2_PLACEMENT_3D ( 'NONE', #3107, #5562, #1716 ) ;
#492 = CARTESIAN_POINT ( 'NONE',  ( 64.52878040911221547, 49.79793579177158591, -4.315135121256313155 ) ) ;
#493 = CARTESIAN_POINT ( 'NONE',  ( 5.874489965807185854, 50.33421759231526948, 4.400000000000011902 ) ) ;
#494 = DIRECTION ( 'NONE',  ( -0.000000000000000000, 1.000000000000000000, -0.000000000000000000 ) ) ;
#495 = VERTEX_POINT ( 'NONE', #931 ) ;
#496 = ORIENTED_EDGE ( 'NONE', *, *, #2446, .T. ) ;
#497 = CONICAL_SURFACE ( 'NONE', #510, 1.250000000000001110, 0.7853981633974576049 ) ;
#498 = VERTEX_POINT ( 'NONE', #481 ) ;
#499 = ORIENTED_EDGE ( 'NONE', *, *, #5083, .T. ) ;
#500 = CARTESIAN_POINT ( 'NONE',  ( 0.000000000000000000, 49.93421759231525670, 6.000000000000000000 ) ) ;
#501 = DIRECTION ( 'NONE',  ( 0.000000000000000000, 0.000000000000000000, -1.000000000000000000 ) ) ;
#502 = FACE_OUTER_BOUND ( 'NONE', #2931, .T. ) ;
#503 = CARTESIAN_POINT ( 'NONE',  ( 78.02831089662203112, 12.45999491999002373, 9.600000000000026290 ) ) ;
#504 = ORIENTED_EDGE ( 'NONE', *, *, #4312, .F. ) ;
#505 = ORIENTED_EDGE ( 'NONE', *, *, #4981, .F. ) ;
#506 = EDGE_CURVE ( 'NONE', #308, #5456, #4295, .T. ) ;
#507 = CARTESIAN_POINT ( 'NONE',  ( 4.059757510089274105E-14, 33.93421759231526380, 4.000000000000000000 ) ) ;
#508 = LINE ( 'NONE', #5346, #1543 ) ;
#509 = AXIS2_PLACEMENT_3D ( 'NONE', #3111, #4554, #2633 ) ;
#510 = AXIS2_PLACEMENT_3D ( 'NONE', #1225, #2744, #1735 ) ;
#511 = ADVANCED_FACE ( 'NONE', ( #2887 ), #3997, .F. ) ;
#512 = EDGE_CURVE ( 'NONE', #2966, #653, #2530, .T. ) ;
#513 = AXIS2_PLACEMENT_3D ( 'NONE', #4167, #2250, #2793 ) ;
#514 = EDGE_CURVE ( 'NONE', #4050, #3028, #721, .T. ) ;
#515 = FACE_OUTER_BOUND ( 'NONE', #450, .T. ) ;
#516 = FACE_OUTER_BOUND ( 'NONE', #2259, .T. ) ;
#517 = VECTOR ( 'NONE', #5038, 1000.000000000000000 ) ;
#518 = EDGE_CURVE ( 'NONE', #1918, #4745, #4124, .T. ) ;
#519 = PLANE ( 'NONE',  #2462 ) ;
#520 = ORIENTED_EDGE ( 'NONE', *, *, #4218, .F. ) ;
#521 = VECTOR ( 'NONE', #3708, 1000.000000000000000 ) ;
#522 = DIRECTION ( 'NONE',  ( -0.000000000000000000, 0.000000000000000000, -1.000000000000000000 ) ) ;
#523 = CARTESIAN_POINT ( 'NONE',  ( 12.07195935263212938, 55.33397611666537586, 4.000000000000000000 ) ) ;
#524 = CARTESIAN_POINT ( 'NONE',  ( 74.25846144304094310, 11.60217437830763210, -0.7060267620499316443 ) ) ;
#525 = LINE ( 'NONE', #4438, #258 ) ;
#526 = VERTEX_POINT ( 'NONE', #1677 ) ;
#527 = EDGE_LOOP ( 'NONE', ( #136, #846, #4600, #3296 ) ) ;
#528 = CIRCLE ( 'NONE', #4517, 1.649999999999971045 ) ;
#529 = ORIENTED_EDGE ( 'NONE', *, *, #4622, .F. ) ;
#530 = ORIENTED_EDGE ( 'NONE', *, *, #4665, .F. ) ;
#531 = CARTESIAN_POINT ( 'NONE',  ( 76.16692151384303600, 56.44252476504900073, 0.3999999999999906408 ) ) ;
#532 = LINE ( 'NONE', #4384, #314 ) ;
#533 = CARTESIAN_POINT ( 'NONE',  ( 41.37385472200788428, 41.37385472200788428, 10.00000000000000000 ) ) ;
#534 = CARTESIAN_POINT ( 'NONE',  ( 78.03203064794003296, 52.35311032234202600, 14.99835655691897074 ) ) ;
#535 = ORIENTED_EDGE ( 'NONE', *, *, #699, .T. ) ;
#536 = EDGE_CURVE ( 'NONE', #3597, #3662, #4024, .T. ) ;
#537 = ORIENTED_EDGE ( 'NONE', *, *, #2080, .T. ) ;
#538 = FACE_OUTER_BOUND ( 'NONE', #1356, .T. ) ;
#539 = FACE_OUTER_BOUND ( 'NONE', #5588, .T. ) ;
#540 =( NAMED_UNIT ( * ) PLANE_ANGLE_UNIT ( ) SI_UNIT ( $, .RADIAN. ) );
#541 = LINE ( 'NONE', #5384, #2299 ) ;
#542 = ADVANCED_FACE ( 'NONE', ( #4059 ), #6108, .T. ) ;
#543 = EDGE_CURVE ( 'NONE', #2182, #2786, #5587, .T. ) ;
#544 = LINE ( 'NONE', #2120, #2863 ) ;
#545 = ORIENTED_EDGE ( 'NONE', *, *, #3926, .F. ) ;
#546 = DIRECTION ( 'NONE',  ( 0.6785983445458438901, -0.2810846377148355502, 0.6785983445458438901 ) ) ;
#547 = DIRECTION ( 'NONE',  ( -1.000000000000000000, 0.000000000000000000, 0.000000000000000000 ) ) ;
#548 = FACE_OUTER_BOUND ( 'NONE', #5029, .T. ) ;
#549 = EDGE_LOOP ( 'NONE', ( #2687, #3377, #603, #5771 ) ) ;
#550 = EDGE_CURVE ( 'NONE', #4223, #466, #651, .T. ) ;
#551 = CARTESIAN_POINT ( 'NONE',  ( 62.89024130048304073, 40.61884720954800088, 3.399999999999983036 ) ) ;
#552 = EDGE_CURVE ( 'NONE', #418, #488, #3586, .T. ) ;
#553 = ORIENTED_EDGE ( 'NONE', *, *, #2556, .T. ) ;
#554 = VECTOR ( 'NONE', #2760, 1000.000000000000000 ) ;
#555 = EDGE_LOOP ( 'NONE', ( #6166, #3928, #798, #2883 ) ) ;
#556 = VERTEX_POINT ( 'NONE', #2652 ) ;
#557 = CARTESIAN_POINT ( 'NONE',  ( 11.67195935263214857, 6.749207299886008382E-15, 0.000000000000000000 ) ) ;
#558 = CARTESIAN_POINT ( 'NONE',  ( 24.39487291362403099, 59.35339717067414256, 10.00099999999999945 ) ) ;
#559 = DIRECTION ( 'NONE',  ( -1.000000000000000000, 5.782411586589358625E-16, 0.000000000000000000 ) ) ;
#560 = CARTESIAN_POINT ( 'NONE',  ( 11.01402484566505890, 5.000000000000023093, 0.3999999999999837019 ) ) ;
#561 = AXIS2_PLACEMENT_3D ( 'NONE', #4644, #6150, #4549 ) ;
#562 = VERTEX_POINT ( 'NONE', #247 ) ;
#563 = AXIS2_PLACEMENT_3D ( 'NONE', #2740, #3633, #5095 ) ;
#564 = ORIENTED_EDGE ( 'NONE', *, *, #2349, .F. ) ;
#565 = VECTOR ( 'NONE', #5296, 1000.000000000000000 ) ;
#566 = ORIENTED_EDGE ( 'NONE', *, *, #1753, .F. ) ;
#567 = CARTESIAN_POINT ( 'NONE',  ( 8.888803657608024267, 8.415085090169998949, 0.3999999999999889200 ) ) ;
#568 = PLANE ( 'NONE',  #1094 ) ;
#569 = EDGE_CURVE ( 'NONE', #1378, #1765, #4088, .T. ) ;
#570 = PLANE ( 'NONE',  #4210 ) ;
#571 = DIRECTION ( 'NONE',  ( 1.000000000000000000, -3.469446951953610639E-15, 0.000000000000000000 ) ) ;
#572 = DIRECTION ( 'NONE',  ( -0.5773861584133735958, -0.5773323237411207565, -0.5773323237411226438 ) ) ;
#573 = VERTEX_POINT ( 'NONE', #1618 ) ;
#574 = DIRECTION ( 'NONE',  ( -1.000000000000000000, 0.000000000000000000, 0.000000000000000000 ) ) ;
#575 = EDGE_CURVE ( 'NONE', #935, #1444, #5728, .T. ) ;
#576 = DIRECTION ( 'NONE',  ( 1.000000000000000000, -2.168404344971008868E-16, 0.000000000000000000 ) ) ;
#577 = DIRECTION ( 'NONE',  ( -1.000000000000000000, 0.000000000000000000, 0.000000000000000000 ) ) ;
#578 = ORIENTED_EDGE ( 'NONE', *, *, #3500, .T. ) ;
#579 = VECTOR ( 'NONE', #976, 1000.000000000000114 ) ;
#580 = CARTESIAN_POINT ( 'NONE',  ( 77.63203064967889588, 52.35314761951738660, 10.00000000000000000 ) ) ;
#581 = EDGE_CURVE ( 'NONE', #5585, #301, #3682, .T. ) ;
#582 = EDGE_CURVE ( 'NONE', #2191, #5877, #5619, .T. ) ;
#583 = AXIS2_PLACEMENT_3D ( 'NONE', #3752, #5792, #5692 ) ;
#584 = ORIENTED_EDGE ( 'NONE', *, *, #4658, .T. ) ;
#585 = ORIENTED_EDGE ( 'NONE', *, *, #3888, .F. ) ;
#586 = CARTESIAN_POINT ( 'NONE',  ( 69.83157658086554420, 23.35317541498460869, 10.00099999999999945 ) ) ;
#587 = CARTESIAN_POINT ( 'NONE',  ( 40.83180065388673796, 43.69286487643512373, 3.099885383663021798 ) ) ;
#588 = EDGE_CURVE ( 'NONE', #2384, #5508, #1588, .T. ) ;
#589 = FACE_OUTER_BOUND ( 'NONE', #986, .T. ) ;
#590 = DIRECTION ( 'NONE',  ( -0.000000000000000000, -0.000000000000000000, -1.000000000000000000 ) ) ;
#591 = AXIS2_PLACEMENT_3D ( 'NONE', #3516, #3061, #2008 ) ;
#592 = EDGE_LOOP ( 'NONE', ( #4988, #1466, #1544, #5271 ) ) ;
#593 = ORIENTED_EDGE ( 'NONE', *, *, #5328, .F. ) ;
#594 = CARTESIAN_POINT ( 'NONE',  ( 25.52610449534172687, 52.77490806565516834, 6.000000000000000000 ) ) ;
#595 = ORIENTED_EDGE ( 'NONE', *, *, #1049, .T. ) ;
#596 = FACE_OUTER_BOUND ( 'NONE', #2459, .T. ) ;
#597 = CARTESIAN_POINT ( 'NONE',  ( 40.43180065388672517, 43.29286487643511094, 2.699885383662996130 ) ) ;
#598 = DIRECTION ( 'NONE',  ( -0.2810846377148323305, -0.6785983445458563246, -0.6785983445458327878 ) ) ;
#599 = DIRECTION ( 'NONE',  ( 0.000000000000000000, 0.000000000000000000, -1.000000000000000000 ) ) ;
#600 = CARTESIAN_POINT ( 'NONE',  ( 5.399999999999896438, -1.019194782752436440E-13, -0.000000000000000000 ) ) ;
#601 = VECTOR ( 'NONE', #5762, 1000.000000000000000 ) ;
#602 = CARTESIAN_POINT ( 'NONE',  ( 30.61060500309819332, 27.68592075184100310, -17.84112027324191629 ) ) ;
#603 = ORIENTED_EDGE ( 'NONE', *, *, #3686, .T. ) ;
#604 = FACE_OUTER_BOUND ( 'NONE', #1029, .T. ) ;
#605 = LINE ( 'NONE', #523, #1777 ) ;
#606 = DIRECTION ( 'NONE',  ( -0.6788655221874378975, -0.2799257191799850997, -0.6788101314261193453 ) ) ;
#607 = LINE ( 'NONE', #2487, #658 ) ;
#608 = ORIENTED_EDGE ( 'NONE', *, *, #4040, .F. ) ;
#609 = AXIS2_PLACEMENT_3D ( 'NONE', #4434, #4816, #2455 ) ;
#610 = EDGE_LOOP ( 'NONE', ( #4952, #2281, #3119, #4781 ) ) ;
#611 = ORIENTED_EDGE ( 'NONE', *, *, #2319, .T. ) ;
#612 = CARTESIAN_POINT ( 'NONE',  ( 18.61060500309818977, 24.68592075184099954, 2.109999999999997211 ) ) ;
#613 = LINE ( 'NONE', #2100, #6146 ) ;
#614 = DIRECTION ( 'NONE',  ( -0.5773502691896190697, 0.5773502691896190697, 0.5773502691896390537 ) ) ;
#615 = CARTESIAN_POINT ( 'NONE',  ( 11.27132469877176568, 34.73421759231528227, 6.000000000000000000 ) ) ;
#616 = EDGE_CURVE ( 'NONE', #1840, #621, #4602, .T. ) ;
#617 = AXIS2_PLACEMENT_3D ( 'NONE', #3146, #5474, #94 ) ;
#618 = EDGE_CURVE ( 'NONE', #1915, #921, #2108, .T. ) ;
#619 = ORIENTED_EDGE ( 'NONE', *, *, #949, .F. ) ;
#620 = ADVANCED_FACE ( 'NONE', ( #3169 ), #3555, .F. ) ;
#621 = VERTEX_POINT ( 'NONE', #2172 ) ;
#622 = CARTESIAN_POINT ( 'NONE',  ( 5.871324698771779538, 34.33421759231527659, 4.400000000000011902 ) ) ;
#623 = EDGE_LOOP ( 'NONE', ( #3554, #4750, #5360, #137 ) ) ;
#624 = DIRECTION ( 'NONE',  ( 0.7071067811865464625, 0.7071067811865486830, 0.000000000000000000 ) ) ;
#625 = CARTESIAN_POINT ( 'NONE',  ( 74.91692151384303600, 56.44252476504900073, 9.600000000000019185 ) ) ;
#626 = ADVANCED_FACE ( 'NONE', ( #752 ), #2722, .T. ) ;
#627 = CARTESIAN_POINT ( 'NONE',  ( 46.87521871039989918, 46.87521871039960786, 10.00000000000000000 ) ) ;
#628 = CARTESIAN_POINT ( 'NONE',  ( 12.01402484566508733, 6.000000000000052403, 0.3999999999999838129 ) ) ;
#629 = FACE_OUTER_BOUND ( 'NONE', #4965, .T. ) ;
#630 = LINE ( 'NONE', #5086, #147 ) ;
#631 = PLANE ( 'NONE',  #1627 ) ;
#632 = ORIENTED_EDGE ( 'NONE', *, *, #2163, .F. ) ;
#633 = CARTESIAN_POINT ( 'NONE',  ( 65.34807733323546586, 40.95871309031685570, 4.599999999999988987 ) ) ;
#634 = DIRECTION ( 'NONE',  ( 1.000000000000000000, -1.196361017915039831E-15, 0.000000000000000000 ) ) ;
#635 = CARTESIAN_POINT ( 'NONE',  ( 36.03180065388673370, 38.09286487643512942, 4.000000000000000000 ) ) ;
#636 = ORIENTED_EDGE ( 'NONE', *, *, #373, .F. ) ;
#637 = EDGE_CURVE ( 'NONE', #2258, #4212, #1111, .T. ) ;
#638 = CARTESIAN_POINT ( 'NONE',  ( 77.98218423212628636, 59.97470916941927044, 9.600000000000015632 ) ) ;
#639 = VERTEX_POINT ( 'NONE', #622 ) ;
#640 = ORIENTED_EDGE ( 'NONE', *, *, #6133, .T. ) ;
#641 = ORIENTED_EDGE ( 'NONE', *, *, #5229, .T. ) ;
#642 = LINE ( 'NONE', #557, #4074 ) ;
#643 = CARTESIAN_POINT ( 'NONE',  ( 73.15243468099103552, 20.03231731485910316, 9.600000000000015632 ) ) ;
#644 = PLANE ( 'NONE',  #6299 ) ;
#645 = PLANE ( 'NONE',  #1888 ) ;
#646 = AXIS2_PLACEMENT_3D ( 'NONE', #4268, #326, #2890 ) ;
#647 = VERTEX_POINT ( 'NONE', #4538 ) ;
#648 = VECTOR ( 'NONE', #4245, 1000.000000000000114 ) ;
#649 = ORIENTED_EDGE ( 'NONE', *, *, #616, .F. ) ;
#650 = ADVANCED_FACE ( 'NONE', ( #3747 ), #2270, .F. ) ;
#651 = LINE ( 'NONE', #1201, #6 ) ;
#652 = VECTOR ( 'NONE', #590, 1000.000000000000000 ) ;
#653 = VERTEX_POINT ( 'NONE', #2846 ) ;
#654 = DIRECTION ( 'NONE',  ( 0.7071067811865474617, 0.7071067811865474617, 0.000000000000000000 ) ) ;
#655 = VECTOR ( 'NONE', #992, 1000.000000000000114 ) ;
#656 = DIRECTION ( 'NONE',  ( 0.000000000000000000, -1.000000000000000000, 0.000000000000000000 ) ) ;
#657 = ADVANCED_FACE ( 'NONE', ( #3778 ), #1875, .T. ) ;
#658 = VECTOR ( 'NONE', #2000, 1000.000000000000114 ) ;
#659 = VECTOR ( 'NONE', #5431, 1000.000000000000000 ) ;
#660 = DIRECTION ( 'NONE',  ( 6.369488388617202940E-16, -1.000000000000000000, 0.000000000000000000 ) ) ;
#661 = EDGE_CURVE ( 'NONE', #3779, #2802, #2260, .T. ) ;
#662 = DIRECTION ( 'NONE',  ( -0.2810846377147887543, -0.6785983445458654284, 0.6785983445458418917 ) ) ;
#663 = FACE_OUTER_BOUND ( 'NONE', #2707, .T. ) ;
#664 = VECTOR ( 'NONE', #1379, 999.9999999999998863 ) ;
#665 = DIRECTION ( 'NONE',  ( -1.000000000000000000, 0.000000000000000000, 0.000000000000000000 ) ) ;
#666 = EDGE_CURVE ( 'NONE', #6198, #5236, #2296, .T. ) ;
#667 = LINE ( 'NONE', #67, #3067 ) ;
#668 = ORIENTED_EDGE ( 'NONE', *, *, #2807, .T. ) ;
#669 = LINE ( 'NONE', #4648, #1956 ) ;
#670 = LINE ( 'NONE', #2637, #1062 ) ;
#671 = CARTESIAN_POINT ( 'NONE',  ( 54.42884860408192793, 27.75317541498460372, -10.67514906227531313 ) ) ;
#672 = ORIENTED_EDGE ( 'NONE', *, *, #190, .T. ) ;
#673 = CARTESIAN_POINT ( 'NONE',  ( 11.30691806564784763, 11.30691806564793289, 4.000000000000000000 ) ) ;
#674 = ORIENTED_EDGE ( 'NONE', *, *, #5595, .F. ) ;
#675 = ORIENTED_EDGE ( 'NONE', *, *, #3382, .T. ) ;
#676 = ORIENTED_EDGE ( 'NONE', *, *, #3012, .F. ) ;
#677 = DIRECTION ( 'NONE',  ( 0.7049845209112707289, -0.7092226908915888473, 0.000000000000000000 ) ) ;
#678 = CARTESIAN_POINT ( 'NONE',  ( 62.89024130048304073, 40.61884720954800088, 3.399999999999983036 ) ) ;
#679 = VECTOR ( 'NONE', #3923, 1000.000000000000000 ) ;
#680 = LINE ( 'NONE', #2264, #4555 ) ;
#681 = CARTESIAN_POINT ( 'NONE',  ( 5.000000000000030198, 6.992565577373023977, 0.3999999999999837019 ) ) ;
#682 = AXIS2_PLACEMENT_3D ( 'NONE', #1648, #4728, #3136 ) ;
#683 = ADVANCED_FACE ( 'NONE', ( #2781 ), #4287, .T. ) ;
#684 = ORIENTED_EDGE ( 'NONE', *, *, #1625, .F. ) ;
#685 = CARTESIAN_POINT ( 'NONE',  ( 79.97474980949952794, 57.98214359204602175, 9.600000000000015632 ) ) ;
#686 = CARTESIAN_POINT ( 'NONE',  ( 12.01402484566508733, 10.59981128563069674, 0.3999999999999838129 ) ) ;
#687 = ORIENTED_EDGE ( 'NONE', *, *, #2061, .F. ) ;
#688 = CARTESIAN_POINT ( 'NONE',  ( 65.34807733323546586, 40.95871309031685570, 5.000000000000000000 ) ) ;
#689 = LINE ( 'NONE', #3359, #2126 ) ;
#690 = VECTOR ( 'NONE', #1358, 1000.000000000000000 ) ;
#691 = ORIENTED_EDGE ( 'NONE', *, *, #4392, .T. ) ;
#692 = CARTESIAN_POINT ( 'NONE',  ( 76.16692151384303600, 8.415085090169998949, 9.600000000000019185 ) ) ;
#693 = EDGE_CURVE ( 'NONE', #5075, #2619, #6140, .T. ) ;
#694 = CARTESIAN_POINT ( 'NONE',  ( 69.45802080613906071, 37.96788320559581820, 14.78522711674568946 ) ) ;
#695 = DIRECTION ( 'NONE',  ( -0.4999999999999892308, 0.4999999999999892308, -0.7071067811865627828 ) ) ;
#696 = DIRECTION ( 'NONE',  ( -0.2810846377148270570, -0.6785983445458456664, 0.6785983445458456664 ) ) ;
#697 = ADVANCED_FACE ( 'NONE', ( #1810 ), #5719, .T. ) ;
#698 = EDGE_CURVE ( 'NONE', #5708, #1109, #1774, .T. ) ;
#699 = EDGE_CURVE ( 'NONE', #6130, #5009, #3268, .T. ) ;
#700 = VECTOR ( 'NONE', #98, 1000.000000000000000 ) ;
#701 = CARTESIAN_POINT ( 'NONE',  ( 5.000000000000903277, 54.01736618697488979, 9.600000000000015632 ) ) ;
#702 = VERTEX_POINT ( 'NONE', #5235 ) ;
#703 = DIRECTION ( 'NONE',  ( -1.000000000000000000, 0.000000000000000000, 0.000000000000000000 ) ) ;
#704 = FACE_OUTER_BOUND ( 'NONE', #2363, .T. ) ;
#705 = PLANE ( 'NONE',  #3974 ) ;
#706 = ORIENTED_EDGE ( 'NONE', *, *, #3050, .F. ) ;
#707 = CARTESIAN_POINT ( 'NONE',  ( 18.61060500309818977, 24.68592075184099954, -17.84112027324191629 ) ) ;
#708 = AXIS2_PLACEMENT_3D ( 'NONE', #1628, #5507, #6053 ) ;
#709 = EDGE_CURVE ( 'NONE', #5901, #4408, #3299, .T. ) ;
#710 = ORIENTED_EDGE ( 'NONE', *, *, #5846, .F. ) ;
#711 = EDGE_LOOP ( 'NONE', ( #1010, #3730, #1931, #3221 ) ) ;
#712 = VECTOR ( 'NONE', #4254, 1000.000000000000000 ) ;
#713 = LINE ( 'NONE', #3608, #1615 ) ;
#714 = CARTESIAN_POINT ( 'NONE',  ( 7.638803657608024267, 8.415085090169998949, 0.3999999999999889200 ) ) ;
#715 = CARTESIAN_POINT ( 'NONE',  ( 69.83157658086554420, 23.35317541498460869, 4.000000000000000000 ) ) ;
#716 = DIRECTION ( 'NONE',  ( -0.7071067811865471286, -9.614813431917818589E-16, 0.7071067811865479058 ) ) ;
#717 = ORIENTED_EDGE ( 'NONE', *, *, #4230, .T. ) ;
#718 = AXIS2_PLACEMENT_3D ( 'NONE', #1319, #3292, #1802 ) ;
#719 = EDGE_LOOP ( 'NONE', ( #3433, #2578, #2642, #864 ) ) ;
#720 = DIRECTION ( 'NONE',  ( 0.000000000000000000, -1.000000000000000000, 0.000000000000000000 ) ) ;
#721 = LINE ( 'NONE', #2686, #307 ) ;
#722 = ORIENTED_EDGE ( 'NONE', *, *, #6069, .T. ) ;
#723 = DIRECTION ( 'NONE',  ( -0.6785983445458563246, 0.2810846377148323305, 0.6785983445458327878 ) ) ;
#724 = VECTOR ( 'NONE', #3820, 1000.000000000000000 ) ;
#725 = LINE ( 'NONE', #3208, #73 ) ;
#726 = EDGE_CURVE ( 'NONE', #1771, #6179, #5652, .T. ) ;
#727 = VECTOR ( 'NONE', #3408, 999.9999999999998863 ) ;
#728 = DIRECTION ( 'NONE',  ( 0.000000000000000000, -1.000000000000000000, 0.000000000000000000 ) ) ;
#729 = DIRECTION ( 'NONE',  ( 1.000000000000000000, -1.577021341797097018E-15, 0.000000000000000000 ) ) ;
#730 = DIRECTION ( 'NONE',  ( 0.000000000000000000, 0.7071067811865352493, -0.7071067811865597852 ) ) ;
#731 = CARTESIAN_POINT ( 'NONE',  ( 41.42884860408194214, 27.75317541498460372, -10.67514906227531313 ) ) ;
#732 = LINE ( 'NONE', #831, #4195 ) ;
#733 = EDGE_LOOP ( 'NONE', ( #2522, #805, #5552, #3020 ) ) ;
#734 = EDGE_CURVE ( 'NONE', #134, #3235, #3808, .T. ) ;
#735 = CARTESIAN_POINT ( 'NONE',  ( 70.26838973340296945, 6.495460390432270970, -9.306360076097082157 ) ) ;
#736 = FACE_BOUND ( 'NONE', #5966, .T. ) ;
#737 = DIRECTION ( 'NONE',  ( -0.7071067811865425767, -0.7071067811865525687, -0.000000000000000000 ) ) ;
#738 = VERTEX_POINT ( 'NONE', #4796 ) ;
#739 = CARTESIAN_POINT ( 'NONE',  ( 24.39487291362403454, 53.90641816659306329, 4.400000000000011902 ) ) ;
#740 = ADVANCED_FACE ( 'NONE', ( #4319 ), #4606, .F. ) ;
#741 = ORIENTED_EDGE ( 'NONE', *, *, #121, .F. ) ;
#742 = ORIENTED_EDGE ( 'NONE', *, *, #2118, .F. ) ;
#743 = ADVANCED_FACE ( 'NONE', ( #3367 ), #5303, .T. ) ;
#744 = CARTESIAN_POINT ( 'NONE',  ( 17.89412907291898591, 26.94626106892528128, 9.600000000000008527 ) ) ;
#745 = PLANE ( 'NONE',  #2569 ) ;
#746 = DIRECTION ( 'NONE',  ( -0.000000000000000000, -0.000000000000000000, -1.000000000000000000 ) ) ;
#747 = DIRECTION ( 'NONE',  ( -0.7061519002946796686, 0.7080603743397965166, 0.000000000000000000 ) ) ;
#748 = EDGE_CURVE ( 'NONE', #1742, #3142, #2235, .T. ) ;
#749 = ORIENTED_EDGE ( 'NONE', *, *, #4230, .F. ) ;
#750 = VERTEX_POINT ( 'NONE', #3715 ) ;
#751 = DIRECTION ( 'NONE',  ( -1.000000000000000000, 0.000000000000000000, 0.000000000000000000 ) ) ;
#752 = FACE_OUTER_BOUND ( 'NONE', #1974, .T. ) ;
#753 = VERTEX_POINT ( 'NONE', #1265 ) ;
#754 = CARTESIAN_POINT ( 'NONE',  ( 5.400000000000914291, 0.000000000000000000, 0.000000000000000000 ) ) ;
#755 = CARTESIAN_POINT ( 'NONE',  ( 68.69560398829815995, 68.69560398829815995, 0.000000000000000000 ) ) ;
#756 = AXIS2_PLACEMENT_3D ( 'NONE', #770, #2668, #295 ) ;
#757 = AXIS2_PLACEMENT_3D ( 'NONE', #4353, #6333, #1879 ) ;
#758 = DIRECTION ( 'NONE',  ( 0.000000000000000000, 1.000000000000000000, 0.000000000000000000 ) ) ;
#759 = VECTOR ( 'NONE', #4129, 1000.000000000000000 ) ;
#760 = ADVANCED_FACE ( 'NONE', ( #5174 ), #2754, .T. ) ;
#761 = CARTESIAN_POINT ( 'NONE',  ( 65.34807733323546586, 45.95871309031685570, 4.000000000000000000 ) ) ;
#762 = FACE_OUTER_BOUND ( 'NONE', #4943, .T. ) ;
#763 = DIRECTION ( 'NONE',  ( -0.7071067811865492381, 0.7071067811865457964, 0.000000000000000000 ) ) ;
#764 = AXIS2_PLACEMENT_3D ( 'NONE', #463, #4379, #1422 ) ;
#765 = VECTOR ( 'NONE', #5979, 1000.000000000000000 ) ;
#766 = CARTESIAN_POINT ( 'NONE',  ( 15.89412907291898236, 26.94626106892528128, 10.00000000000000000 ) ) ;
#767 = AXIS2_PLACEMENT_3D ( 'NONE', #5548, #5681, #781 ) ;
#768 = ORIENTED_EDGE ( 'NONE', *, *, #5238, .F. ) ;
#769 = DIRECTION ( 'NONE',  ( 1.000000000000000000, 0.000000000000000000, 0.000000000000000000 ) ) ;
#770 = CARTESIAN_POINT ( 'NONE',  ( 0.000000000000000000, 0.000000000000000000, 4.000000000000000000 ) ) ;
#771 = FACE_OUTER_BOUND ( 'NONE', #1700, .T. ) ;
#772 = VERTEX_POINT ( 'NONE', #5458 ) ;
#773 = DIRECTION ( 'NONE',  ( -0.7071067811865474617, -0.7071067811865474617, 0.000000000000000000 ) ) ;
#774 = VERTEX_POINT ( 'NONE', #1015 ) ;
#775 = ORIENTED_EDGE ( 'NONE', *, *, #748, .T. ) ;
#776 = ORIENTED_EDGE ( 'NONE', *, *, #734, .F. ) ;
#777 = ADVANCED_FACE ( 'NONE', ( #5370 ), #1044, .F. ) ;
#778 = ORIENTED_EDGE ( 'NONE', *, *, #2946, .T. ) ;
#779 = DIRECTION ( 'NONE',  ( -0.000000000000000000, -0.000000000000000000, 1.000000000000000000 ) ) ;
#780 = CARTESIAN_POINT ( 'NONE',  ( 46.94653210253800779, 34.88980021391638076, -17.00997182357270887 ) ) ;
#781 = DIRECTION ( 'NONE',  ( -1.000000000000000000, 0.000000000000000000, 0.000000000000000000 ) ) ;
#782 = DIRECTION ( 'NONE',  ( 0.7080603743397965166, 0.7061519002946796686, -0.000000000000000000 ) ) ;
#783 = ORIENTED_EDGE ( 'NONE', *, *, #582, .T. ) ;
#784 = ORIENTED_EDGE ( 'NONE', *, *, #2440, .F. ) ;
#785 = EDGE_CURVE ( 'NONE', #6098, #5783, #985, .T. ) ;
#786 = ORIENTED_EDGE ( 'NONE', *, *, #1972, .T. ) ;
#787 = EDGE_CURVE ( 'NONE', #2191, #5932, #1429, .T. ) ;
#788 = CARTESIAN_POINT ( 'NONE',  ( 54.61415088855444111, 53.90613964737286068, 4.400000000000002132 ) ) ;
#789 = DIRECTION ( 'NONE',  ( -1.000000000000000000, 0.000000000000000000, 0.000000000000000000 ) ) ;
#790 = ORIENTED_EDGE ( 'NONE', *, *, #4312, .T. ) ;
#791 = LINE ( 'NONE', #1203, #1476 ) ;
#792 = AXIS2_PLACEMENT_3D ( 'NONE', #3190, #5541, #3573 ) ;
#793 = LINE ( 'NONE', #2753, #2639 ) ;
#794 = CIRCLE ( 'NONE', #2129, 1.649999999999971045 ) ;
#795 = FACE_OUTER_BOUND ( 'NONE', #2195, .T. ) ;
#796 = CARTESIAN_POINT ( 'NONE',  ( 73.15243468099103552, 6.261804759730023484, 10.00099999999999945 ) ) ;
#797 = FACE_OUTER_BOUND ( 'NONE', #5453, .T. ) ;
#798 = ORIENTED_EDGE ( 'NONE', *, *, #1597, .T. ) ;
#799 = DIRECTION ( 'NONE',  ( -0.4999999999999888423, 0.4999999999999916733, -0.7071067811865614505 ) ) ;
#800 = DIRECTION ( 'NONE',  ( 0.000000000000000000, -1.000000000000000000, 0.000000000000000000 ) ) ;
#801 = CARTESIAN_POINT ( 'NONE',  ( 5.871324698771779538, 34.33421759231527659, 9.600000000000015632 ) ) ;
#802 = ORIENTED_EDGE ( 'NONE', *, *, #4314, .F. ) ;
#803 = CARTESIAN_POINT ( 'NONE',  ( 9.271341615611538245, 7.742683231222693863, -3.871341615611359366 ) ) ;
#804 = VERTEX_POINT ( 'NONE', #1914 ) ;
#805 = ORIENTED_EDGE ( 'NONE', *, *, #3144, .F. ) ;
#806 = ORIENTED_EDGE ( 'NONE', *, *, #454, .T. ) ;
#807 = LINE ( 'NONE', #4306, #4954 ) ;
#808 = LINE ( 'NONE', #2804, #5426 ) ;
#809 = LINE ( 'NONE', #1737, #5789 ) ;
#810 = CARTESIAN_POINT ( 'NONE',  ( 59.77578496594467339, 35.63617221234400034, 0.3999999999999802602 ) ) ;
#811 = ORIENTED_EDGE ( 'NONE', *, *, #1244, .T. ) ;
#812 = CIRCLE ( 'NONE', #5829, 2.000000000000001776 ) ;
#813 = ORIENTED_EDGE ( 'NONE', *, *, #6224, .T. ) ;
#814 = LINE ( 'NONE', #2269, #1508 ) ;
#815 = DIRECTION ( 'NONE',  ( -0.7071067811867248754, 0.7071067811863702701, 0.000000000000000000 ) ) ;
#816 = EDGE_LOOP ( 'NONE', ( #3556, #1009, #5343, #3289 ) ) ;
#817 = CARTESIAN_POINT ( 'NONE',  ( 32.14653210253800353, 34.88980021391638076, -17.00997182357270887 ) ) ;
#818 = ADVANCED_FACE ( 'NONE', ( #4887 ), #2998, .F. ) ;
#819 = EDGE_CURVE ( 'NONE', #495, #4721, #3184, .T. ) ;
#820 = AXIS2_PLACEMENT_3D ( 'NONE', #4917, #3458, #5400 ) ;
#821 = ADVANCED_FACE ( 'NONE', ( #82, #2970 ), #2464, .T. ) ;
#822 = ORIENTED_EDGE ( 'NONE', *, *, #4527, .F. ) ;
#823 = DIRECTION ( 'NONE',  ( 1.577021341797097018E-15, 1.000000000000000000, 0.000000000000000000 ) ) ;
#824 = VECTOR ( 'NONE', #769, 1000.000000000000000 ) ;
#825 = CARTESIAN_POINT ( 'NONE',  ( 5.000000000000903277, 54.01736618697488979, 10.00099999999999945 ) ) ;
#826 = EDGE_CURVE ( 'NONE', #1959, #3112, #532, .T. ) ;
#827 = CARTESIAN_POINT ( 'NONE',  ( 8.254993882074053602, -8.254993882074053602, 10.00000000000000000 ) ) ;
#828 = EDGE_CURVE ( 'NONE', #5239, #3822, #25, .T. ) ;
#829 = EDGE_CURVE ( 'NONE', #4208, #45, #1979, .T. ) ;
#830 = VECTOR ( 'NONE', #5920, 1000.000000000000000 ) ;
#831 = CARTESIAN_POINT ( 'NONE',  ( 78.03203064794003296, 52.35311032234201889, 0.3999999999999837019 ) ) ;
#832 = EDGE_LOOP ( 'NONE', ( #5004, #5967, #3858, #4448, #3331, #5438 ) ) ;
#833 = CARTESIAN_POINT ( 'NONE',  ( 79.57474980950004806, 7.158251002322261414, 0.000000000000000000 ) ) ;
#834 = PLANE ( 'NONE',  #646 ) ;
#835 = DIRECTION ( 'NONE',  ( -0.000000000000000000, 0.000000000000000000, -1.000000000000000000 ) ) ;
#836 = EDGE_LOOP ( 'NONE', ( #4421, #6334, #1609, #2677 ) ) ;
#837 = APPLICATION_PROTOCOL_DEFINITION ( 'draft international standard', 'automotive_design', 1998, #3665 ) ;
#838 = ORIENTED_EDGE ( 'NONE', *, *, #1126, .F. ) ;
#839 = VERTEX_POINT ( 'NONE', #55 ) ;
#840 = ORIENTED_EDGE ( 'NONE', *, *, #5824, .F. ) ;
#841 = DIRECTION ( 'NONE',  ( 0.6785983445458625418, 0.2810846377148025210, 0.6785983445458390051 ) ) ;
#842 = FACE_OUTER_BOUND ( 'NONE', #4357, .T. ) ;
#843 = EDGE_CURVE ( 'NONE', #774, #2509, #5879, .T. ) ;
#844 = DIRECTION ( 'NONE',  ( 1.887397745837881465E-14, 1.000000000000000000, 0.000000000000000000 ) ) ;
#845 = DIRECTION ( 'NONE',  ( 0.000000000000000000, 0.000000000000000000, 1.000000000000000000 ) ) ;
#846 = ORIENTED_EDGE ( 'NONE', *, *, #785, .T. ) ;
#847 = VERTEX_POINT ( 'NONE', #1948 ) ;
#848 = LINE ( 'NONE', #3298, #2542 ) ;
#849 = DIRECTION ( 'NONE',  ( -0.000000000000000000, -0.000000000000000000, -1.000000000000000000 ) ) ;
#850 = ORIENTED_EDGE ( 'NONE', *, *, #1971, .T. ) ;
#851 = CARTESIAN_POINT ( 'NONE',  ( 68.69560398829815995, 68.69560398829815995, 0.000000000000000000 ) ) ;
#852 = ORIENTED_EDGE ( 'NONE', *, *, #819, .F. ) ;
#853 = ADVANCED_FACE ( 'NONE', ( #1070 ), #2470, .F. ) ;
#854 = DIRECTION ( 'NONE',  ( -1.000000000000000000, 1.652117596168386770E-15, 0.000000000000000000 ) ) ;
#855 = EDGE_CURVE ( 'NONE', #1918, #847, #2492, .T. ) ;
#856 = CARTESIAN_POINT ( 'NONE',  ( 46.59237599792529494, 46.59237599792500362, 4.000000000000000000 ) ) ;
#857 = CARTESIAN_POINT ( 'NONE',  ( 17.89412907291898591, 26.94626106892528128, 10.00000000000000000 ) ) ;
#858 = AXIS2_PLACEMENT_3D ( 'NONE', #4937, #4969, #634 ) ;
#859 = VECTOR ( 'NONE', #6131, 1000.000000000000000 ) ;
#860 = EDGE_CURVE ( 'NONE', #3662, #5301, #4444, .T. ) ;
#861 = EDGE_CURVE ( 'NONE', #4423, #4976, #4413, .T. ) ;
#862 = DIRECTION ( 'NONE',  ( -1.000000000000000000, 0.000000000000000000, 0.000000000000000000 ) ) ;
#863 = ADVANCED_FACE ( 'NONE', ( #2395 ), #4349, .T. ) ;
#864 = ORIENTED_EDGE ( 'NONE', *, *, #4325, .F. ) ;
#865 = CARTESIAN_POINT ( 'NONE',  ( 11.67132469877177670, 34.73421759231527517, 4.400000000000011902 ) ) ;
#866 = VECTOR ( 'NONE', #5566, 1000.000000000000000 ) ;
#867 = DIRECTION ( 'NONE',  ( -9.324293839476711010E-05, -0.9999999956528771161, 0.000000000000000000 ) ) ;
#868 = AXIS2_PLACEMENT_3D ( 'NONE', #6272, #3816, #31 ) ;
#869 = DIRECTION ( 'NONE',  ( 0.7071067811865495711, 0.7071067811865455743, 0.000000000000000000 ) ) ;
#870 = ORIENTED_EDGE ( 'NONE', *, *, #1007, .F. ) ;
#871 = DIRECTION ( 'NONE',  ( 0.000000000000000000, 0.000000000000000000, 1.000000000000000000 ) ) ;
#872 = VERTEX_POINT ( 'NONE', #469 ) ;
#873 = AXIS2_PLACEMENT_3D ( 'NONE', #4718, #329, #5670 ) ;
#874 = AXIS2_PLACEMENT_3D ( 'NONE', #5939, #559, #1548 ) ;
#875 = ORIENTED_EDGE ( 'NONE', *, *, #5754, .F. ) ;
#876 = VERTEX_POINT ( 'NONE', #6330 ) ;
#877 = CARTESIAN_POINT ( 'NONE',  ( 8.888803657608024267, 8.415085090169998949, 9.600000000000022737 ) ) ;
#878 = LINE ( 'NONE', #2710, #3403 ) ;
#879 = CARTESIAN_POINT ( 'NONE',  ( 74.11952070086402955, 59.97470916941927044, 0.000000000000000000 ) ) ;
#880 = DIRECTION ( 'NONE',  ( -0.7071067811865475727, -0.7071067811865475727, 0.000000000000000000 ) ) ;
#881 = ORIENTED_EDGE ( 'NONE', *, *, #1643, .T. ) ;
#882 = DIRECTION ( 'NONE',  ( 5.782411586589351722E-16, -1.000000000000000000, 0.000000000000000000 ) ) ;
#883 = EDGE_LOOP ( 'NONE', ( #619, #3506, #2098, #691, #86, #6109, #3980, #2858, #776, #5526 ) ) ;
#884 = ORIENTED_EDGE ( 'NONE', *, *, #4506, .F. ) ;
#885 = DIRECTION ( 'NONE',  ( -1.000000000000000000, 0.000000000000000000, 0.000000000000000000 ) ) ;
#886 = CARTESIAN_POINT ( 'NONE',  ( 79.97474980950003953, 54.29582948390102359, 10.00099999999999945 ) ) ;
#887 = ORIENTED_EDGE ( 'NONE', *, *, #938, .T. ) ;
#888 = LINE ( 'NONE', #2848, #4250 ) ;
#889 = CARTESIAN_POINT ( 'NONE',  ( 78.03203064794003296, 52.35311032234201889, 9.600000000000015632 ) ) ;
#890 = ORIENTED_EDGE ( 'NONE', *, *, #3050, .T. ) ;
#891 = EDGE_CURVE ( 'NONE', #2191, #1876, #6003, .T. ) ;
#892 = DIRECTION ( 'NONE',  ( 0.000000000000000000, 0.000000000000000000, 1.000000000000000000 ) ) ;
#893 = DIRECTION ( 'NONE',  ( -1.000000000000000000, 0.000000000000000000, 0.000000000000000000 ) ) ;
#894 = DIRECTION ( 'NONE',  ( -1.000000000000000000, 0.000000000000000000, -0.000000000000000000 ) ) ;
#895 = EDGE_CURVE ( 'NONE', #5877, #6130, #3094, .T. ) ;
#896 = AXIS2_PLACEMENT_3D ( 'NONE', #1695, #5032, #5063 ) ;
#897 = CARTESIAN_POINT ( 'NONE',  ( 8.888803657608024267, 8.415085090169998949, 0.3999999999999889200 ) ) ;
#898 = EDGE_LOOP ( 'NONE', ( #2226, #2587, #4017, #2186 ) ) ;
#899 = CARTESIAN_POINT ( 'NONE',  ( 6.592687801449240936, 60.94009951934553726, 1.365390349926463021 ) ) ;
#900 = FACE_OUTER_BOUND ( 'NONE', #1360, .T. ) ;
#901 = VERTEX_POINT ( 'NONE', #2552 ) ;
#902 = EDGE_CURVE ( 'NONE', #772, #6136, #4980, .T. ) ;
#903 = EDGE_CURVE ( 'NONE', #4242, #1949, #4053, .T. ) ;
#904 = VECTOR ( 'NONE', #2876, 1000.000000000000000 ) ;
#905 = DIRECTION ( 'NONE',  ( 0.000000000000000000, 0.000000000000000000, -1.000000000000000000 ) ) ;
#906 = ADVANCED_FACE ( 'NONE', ( #4502 ), #5582, .T. ) ;
#907 = ORIENTED_EDGE ( 'NONE', *, *, #4189, .F. ) ;
#908 = ORIENTED_EDGE ( 'NONE', *, *, #855, .F. ) ;
#909 = CARTESIAN_POINT ( 'NONE',  ( 73.15243468099103552, 20.03231731485910316, 9.600000000000015632 ) ) ;
#910 = DIRECTION ( 'NONE',  ( -0.7071938130861842309, -0.7070197385735585982, 0.000000000000000000 ) ) ;
#911 = CARTESIAN_POINT ( 'NONE',  ( 77.62714841342992145, -0.007238183448740162680, 10.00000000000000000 ) ) ;
#912 = DIRECTION ( 'NONE',  ( -0.7071067811865475727, 0.000000000000000000, 0.7071067811865475727 ) ) ;
#913 = ORIENTED_EDGE ( 'NONE', *, *, #2080, .F. ) ;
#914 = EDGE_CURVE ( 'NONE', #3906, #4209, #5011, .T. ) ;
#915 = CARTESIAN_POINT ( 'NONE',  ( 60.81393707745743882, 36.67432432385676577, 2.361847888487184743 ) ) ;
#916 = ORIENTED_EDGE ( 'NONE', *, *, #1607, .T. ) ;
#917 = EDGE_LOOP ( 'NONE', ( #979, #3016, #5128, #2257 ) ) ;
#918 = VECTOR ( 'NONE', #2452, 1000.000000000000000 ) ;
#919 = DIRECTION ( 'NONE',  ( -0.7870447919190708408, -0.6168958546732717929, 0.000000000000000000 ) ) ;
#920 = CARTESIAN_POINT ( 'NONE',  ( 5.000000000000903277, 54.01736618697488979, 10.00099999999999945 ) ) ;
#921 = VERTEX_POINT ( 'NONE', #643 ) ;
#922 = DIRECTION ( 'NONE',  ( -1.000000000000000000, 0.000000000000000000, 0.000000000000000000 ) ) ;
#923 = CARTESIAN_POINT ( 'NONE',  ( 55.24511320246803336, 59.97470916941927044, 4.000000000000000000 ) ) ;
#924 = ORIENTED_EDGE ( 'NONE', *, *, #115, .T. ) ;
#925 = AXIS2_PLACEMENT_3D ( 'NONE', #3347, #1854, #4870 ) ;
#926 = CARTESIAN_POINT ( 'NONE',  ( 55.42884860408193504, 23.35317541498460159, 9.600000000000015632 ) ) ;
#927 = DIRECTION ( 'NONE',  ( 0.000000000000000000, -1.000000000000000000, 0.000000000000000000 ) ) ;
#928 = VECTOR ( 'NONE', #1298, 1000.000000000000000 ) ;
#929 = DIRECTION ( 'NONE',  ( -0.000000000000000000, -0.000000000000000000, -1.000000000000000000 ) ) ;
#930 = VECTOR ( 'NONE', #2837, 1000.000000000000000 ) ;
#931 = CARTESIAN_POINT ( 'NONE',  ( 18.61060500309818977, 25.51564503327006506, 4.000000000000000000 ) ) ;
#932 = ORIENTED_EDGE ( 'NONE', *, *, #2349, .T. ) ;
#933 = PLANE ( 'NONE',  #2478 ) ;
#934 = CARTESIAN_POINT ( 'NONE',  ( 77.98218423212703954, 5.000000000000023093, 10.00099999999999945 ) ) ;
#935 = VERTEX_POINT ( 'NONE', #2680 ) ;
#936 = AXIS2_PLACEMENT_3D ( 'NONE', #3312, #1823, #5732 ) ;
#937 = CARTESIAN_POINT ( 'NONE',  ( 8.537836594548672053, -8.537836594548672053, 4.000000000000000000 ) ) ;
#938 = EDGE_CURVE ( 'NONE', #2936, #418, #174, .T. ) ;
#939 = CARTESIAN_POINT ( 'NONE',  ( 62.89024130048304073, 35.63617221234400034, 0.3999999999999802602 ) ) ;
#940 = ORIENTED_EDGE ( 'NONE', *, *, #5443, .T. ) ;
#941 = DIRECTION ( 'NONE',  ( 0.5000615408464083034, 0.4999384515780989635, -0.7071067811865536790 ) ) ;
#942 = DIRECTION ( 'NONE',  ( 0.000000000000000000, -1.000000000000000000, 0.000000000000000000 ) ) ;
#943 = EDGE_LOOP ( 'NONE', ( #3924, #2109, #1256, #1495 ) ) ;
#944 = EDGE_CURVE ( 'NONE', #5304, #1222, #111, .T. ) ;
#945 = FACE_OUTER_BOUND ( 'NONE', #2189, .T. ) ;
#946 = FACE_OUTER_BOUND ( 'NONE', #4760, .T. ) ;
#947 = VERTEX_POINT ( 'NONE', #4532 ) ;
#948 = DIRECTION ( 'NONE',  ( -0.7071067811863814834, -0.7071067811867136621, 0.000000000000000000 ) ) ;
#949 = EDGE_CURVE ( 'NONE', #1222, #3028, #2473, .T. ) ;
#950 = ORIENTED_EDGE ( 'NONE', *, *, #235, .F. ) ;
#951 = ORIENTED_EDGE ( 'NONE', *, *, #3579, .F. ) ;
#952 = PLANE ( 'NONE',  #5087 ) ;
#953 = DIRECTION ( 'NONE',  ( -0.7071067811865472397, -0.7071067811865479058, 0.000000000000000000 ) ) ;
#954 = VERTEX_POINT ( 'NONE', #1226 ) ;
#955 = ADVANCED_FACE ( 'NONE', ( #1642 ), #6100, .F. ) ;
#956 = FACE_OUTER_BOUND ( 'NONE', #2960, .T. ) ;
#957 = PLANE ( 'NONE',  #6181 ) ;
#958 = ORIENTED_EDGE ( 'NONE', *, *, #3993, .T. ) ;
#959 = ORIENTED_EDGE ( 'NONE', *, *, #1252, .F. ) ;
#960 = DIRECTION ( 'NONE',  ( -1.000000000000000000, 0.000000000000000000, 0.000000000000000000 ) ) ;
#961 = CARTESIAN_POINT ( 'NONE',  ( 10.59981128446159104, 12.01402484683418415, 4.000000000000000000 ) ) ;
#962 = PLANE ( 'NONE',  #2870 ) ;
#963 = DIRECTION ( 'NONE',  ( -1.000000000000000000, 1.196361017915039831E-15, 0.000000000000000000 ) ) ;
#964 = CARTESIAN_POINT ( 'NONE',  ( 59.77578496594467339, 35.63617221234400034, 3.399999999999983036 ) ) ;
#965 = VERTEX_POINT ( 'NONE', #5521 ) ;
#966 = VECTOR ( 'NONE', #2962, 1000.000000000000114 ) ;
#967 = VECTOR ( 'NONE', #6222, 1000.000000000000000 ) ;
#968 = AXIS2_PLACEMENT_3D ( 'NONE', #27, #2398, #1917 ) ;
#969 = LINE ( 'NONE', #421, #918 ) ;
#970 = AXIS2_PLACEMENT_3D ( 'NONE', #851, #5137, #1267 ) ;
#971 = ORIENTED_EDGE ( 'NONE', *, *, #2850, .T. ) ;
#972 = LINE ( 'NONE', #3041, #5469 ) ;
#973 = DIRECTION ( 'NONE',  ( 0.7070197385735585982, -0.7071938130861842309, 0.000000000000000000 ) ) ;
#974 = ORIENTED_EDGE ( 'NONE', *, *, #1839, .T. ) ;
#975 = DIRECTION ( 'NONE',  ( -0.000000000000000000, 1.000000000000000000, 0.000000000000000000 ) ) ;
#976 = DIRECTION ( 'NONE',  ( -0.0001230892683152483562, -0.9999999924245159821, 0.000000000000000000 ) ) ;
#977 = DIRECTION ( 'NONE',  ( 0.5773502691896190697, 0.5773502691896190697, 0.5773502691896390537 ) ) ;
#978 = VECTOR ( 'NONE', #5608, 1000.000000000000000 ) ;
#979 = ORIENTED_EDGE ( 'NONE', *, *, #4948, .F. ) ;
#980 = VECTOR ( 'NONE', #83, 1000.000000000000114 ) ;
#981 = EDGE_CURVE ( 'NONE', #4089, #116, #5491, .T. ) ;
#982 = VERTEX_POINT ( 'NONE', #3675 ) ;
#983 = ORIENTED_EDGE ( 'NONE', *, *, #1607, .F. ) ;
#984 = LINE ( 'NONE', #5234, #186 ) ;
#985 = LINE ( 'NONE', #3901, #2157 ) ;
#986 = EDGE_LOOP ( 'NONE', ( #3380, #2396, #5170, #4103 ) ) ;
#987 = LINE ( 'NONE', #5855, #5667 ) ;
#988 = LINE ( 'NONE', #3402, #4142 ) ;
#989 = ORIENTED_EDGE ( 'NONE', *, *, #5560, .T. ) ;
#990 = EDGE_CURVE ( 'NONE', #1284, #2915, #1132, .T. ) ;
#991 = EDGE_LOOP ( 'NONE', ( #4244, #4732, #6006, #2490 ) ) ;
#992 = DIRECTION ( 'NONE',  ( -0.7071067811865460184, 0.7071067811865489050, 0.000000000000000000 ) ) ;
#993 = LINE ( 'NONE', #3437, #4273 ) ;
#994 = VECTOR ( 'NONE', #4638, 1000.000000000000114 ) ;
#995 = DIRECTION ( 'NONE',  ( -1.000000000000000000, 0.000000000000000000, 0.000000000000000000 ) ) ;
#996 = CARTESIAN_POINT ( 'NONE',  ( 73.34807733323548007, 45.95871309031685570, 5.000000000000000000 ) ) ;
#997 = ORIENTED_EDGE ( 'NONE', *, *, #4968, .T. ) ;
#998 = VECTOR ( 'NONE', #2830, 1000.000000000000000 ) ;
#999 = CARTESIAN_POINT ( 'NONE',  ( 55.24511320246803336, 59.97470916941927044, 9.600000000000015632 ) ) ;
#1000 = ORIENTED_EDGE ( 'NONE', *, *, #2202, .F. ) ;
#1001 = LINE ( 'NONE', #5355, #1440 ) ;
#1002 = EDGE_LOOP ( 'NONE', ( #5337, #4633, #1760, #5225 ) ) ;
#1003 = VECTOR ( 'NONE', #5001, 1000.000000000000000 ) ;
#1004 = CARTESIAN_POINT ( 'NONE',  ( 73.15243468099103552, 20.03231731485910316, 9.600000000000015632 ) ) ;
#1005 = LINE ( 'NONE', #3477, #6209 ) ;
#1006 = ORIENTED_EDGE ( 'NONE', *, *, #3058, .T. ) ;
#1007 = EDGE_CURVE ( 'NONE', #1513, #2093, #613, .T. ) ;
#1008 = CARTESIAN_POINT ( 'NONE',  ( 24.39487291362403454, 53.90641816659306329, 6.000000000000000000 ) ) ;
#1009 = ORIENTED_EDGE ( 'NONE', *, *, #3614, .F. ) ;
#1010 = ORIENTED_EDGE ( 'NONE', *, *, #5693, .T. ) ;
#1011 = VECTOR ( 'NONE', #5520, 1000.000000000000000 ) ;
#1012 = EDGE_LOOP ( 'NONE', ( #5876, #3083, #3994, #5933 ) ) ;
#1013 = ORIENTED_EDGE ( 'NONE', *, *, #4118, .T. ) ;
#1014 = DIRECTION ( 'NONE',  ( 0.7071067811865474617, -0.7071067811865474617, 0.000000000000000000 ) ) ;
#1015 = CARTESIAN_POINT ( 'NONE',  ( 24.39487291362403099, 59.35339717067414256, 9.600000000000015632 ) ) ;
#1016 = DIRECTION ( 'NONE',  ( -0.7092226908915888473, -0.7049845209112707289, 0.000000000000000000 ) ) ;
#1017 = DIRECTION ( 'NONE',  ( -0.2810395741260597324, 0.6786076767083626393, 0.6786076767083626393 ) ) ;
#1018 = ORIENTED_EDGE ( 'NONE', *, *, #6061, .F. ) ;
#1019 = ADVANCED_FACE ( 'NONE', ( #4628 ), #2133, .F. ) ;
#1020 = DIRECTION ( 'NONE',  ( 8.459549885149579658E-16, 0.7071067811865413555, -0.7071067811865537900 ) ) ;
#1021 = CARTESIAN_POINT ( 'NONE',  ( 30.82890722122328953, -30.82890722122219884, 0.000000000000000000 ) ) ;
#1022 = ADVANCED_FACE ( 'NONE', ( #4595 ), #207, .F. ) ;
#1023 = AXIS2_PLACEMENT_3D ( 'NONE', #897, #446, #1441 ) ;
#1024 = EDGE_CURVE ( 'NONE', #5239, #5929, #1194, .T. ) ;
#1025 = VECTOR ( 'NONE', #3205, 1000.000000000000000 ) ;
#1026 = EDGE_CURVE ( 'NONE', #1383, #2438, #5100, .T. ) ;
#1027 = LINE ( 'NONE', #5348, #2168 ) ;
#1028 = DIRECTION ( 'NONE',  ( 0.000000000000000000, 0.000000000000000000, -1.000000000000000000 ) ) ;
#1029 = EDGE_LOOP ( 'NONE', ( #584, #1326, #4593, #1814 ) ) ;
#1030 = VECTOR ( 'NONE', #1121, 1000.000000000000000 ) ;
#1031 = PLANE ( 'NONE',  #1427 ) ;
#1032 = VERTEX_POINT ( 'NONE', #4180 ) ;
#1033 = VECTOR ( 'NONE', #4994, 999.9999999999998863 ) ;
#1034 = CARTESIAN_POINT ( 'NONE',  ( 15.23807612844864856, 23.75317541498460727, 10.00000000000000000 ) ) ;
#1035 = DIRECTION ( 'NONE',  ( -1.000000000000000000, 0.000000000000000000, 0.000000000000000000 ) ) ;
#1036 = DIRECTION ( 'NONE',  ( -0.7071067811865600072, 0.7071067811865350272, 0.000000000000000000 ) ) ;
#1037 = VERTEX_POINT ( 'NONE', #2775 ) ;
#1038 = DIRECTION ( 'NONE',  ( 0.000000000000000000, 1.000000000000000000, 0.000000000000000000 ) ) ;
#1039 = ORIENTED_EDGE ( 'NONE', *, *, #819, .T. ) ;
#1040 = COLOUR_RGB ( '',0.7921568627450980005, 0.8196078431372548767, 0.9333333333333333481 ) ;
#1041 = ORIENTED_EDGE ( 'NONE', *, *, #5367, .T. ) ;
#1042 = ORIENTED_EDGE ( 'NONE', *, *, #4703, .F. ) ;
#1043 = DIRECTION ( 'NONE',  ( 0.4999999999999870104, 0.4999999999999870104, -0.7071067811865658914 ) ) ;
#1044 = PLANE ( 'NONE',  #3897 ) ;
#1045 = CARTESIAN_POINT ( 'NONE',  ( 0.000000000000000000, 52.35311032234201889, 4.000000000000000000 ) ) ;
#1046 = FACE_OUTER_BOUND ( 'NONE', #3483, .T. ) ;
#1047 = ORIENTED_EDGE ( 'NONE', *, *, #4758, .F. ) ;
#1048 = VERTEX_POINT ( 'NONE', #3768 ) ;
#1049 = EDGE_CURVE ( 'NONE', #3026, #385, #273, .T. ) ;
#1050 = EDGE_LOOP ( 'NONE', ( #350, #3650, #5620, #3638 ) ) ;
#1051 = CARTESIAN_POINT ( 'NONE',  ( 62.89024130048304073, 40.61884720954800088, 3.399999999999983036 ) ) ;
#1052 = DIRECTION ( 'NONE',  ( 1.000000000000000000, 0.000000000000000000, 0.000000000000000000 ) ) ;
#1053 = ADVANCED_FACE ( 'NONE', ( #303 ), #1865, .T. ) ;
#1054 = PLANE ( 'NONE',  #4612 ) ;
#1055 = DIRECTION ( 'NONE',  ( 0.7071067811865541231, 0.000000000000000000, 0.7071067811865408004 ) ) ;
#1056 = EDGE_CURVE ( 'NONE', #753, #573, #5647, .T. ) ;
#1057 = EDGE_CURVE ( 'NONE', #396, #2333, #6163, .T. ) ;
#1058 = EDGE_CURVE ( 'NONE', #1808, #2371, #5679, .T. ) ;
#1059 = LINE ( 'NONE', #3046, #5415 ) ;
#1060 = ORIENTED_EDGE ( 'NONE', *, *, #5402, .F. ) ;
#1061 = CARTESIAN_POINT ( 'NONE',  ( 75.42984732797567915, 13.77203288553177885, 0.000000000000000000 ) ) ;
#1062 = VECTOR ( 'NONE', #5605, 1000.000000000000000 ) ;
#1063 = CARTESIAN_POINT ( 'NONE',  ( 0.000000000000000000, 52.35311032234201889, 0.3999999999999837019 ) ) ;
#1064 = PLANE ( 'NONE',  #3762 ) ;
#1065 = CARTESIAN_POINT ( 'NONE',  ( 11.27132469877176568, 34.73421759231528227, 6.000000000000000000 ) ) ;
#1066 = VECTOR ( 'NONE', #5144, 1000.000000000000000 ) ;
#1067 = ORIENTED_EDGE ( 'NONE', *, *, #2559, .T. ) ;
#1068 = EDGE_LOOP ( 'NONE', ( #4684, #5998, #5233, #1994 ) ) ;
#1069 = DIRECTION ( 'NONE',  ( 0.2810846377147150910, -0.6785983445458806385, 0.6785983445458569907 ) ) ;
#1070 = FACE_OUTER_BOUND ( 'NONE', #80, .T. ) ;
#1071 = CARTESIAN_POINT ( 'NONE',  ( 14.48248406052486281, 49.80128697303007357, -4.312388853099092145 ) ) ;
#1072 = DIRECTION ( 'NONE',  ( 1.355284293265842525E-13, -1.000000000000000000, 0.000000000000000000 ) ) ;
#1073 = VECTOR ( 'NONE', #4939, 1000.000000000000000 ) ;
#1074 = AXIS2_PLACEMENT_3D ( 'NONE', #4833, #5345, #960 ) ;
#1075 = VERTEX_POINT ( 'NONE', #2324 ) ;
#1076 = EDGE_LOOP ( 'NONE', ( #4401, #368, #5446, #687 ) ) ;
#1077 = VECTOR ( 'NONE', #4340, 1000.000000000000000 ) ;
#1078 = LINE ( 'NONE', #6274, #201 ) ;
#1079 = ORIENTED_EDGE ( 'NONE', *, *, #199, .T. ) ;
#1080 = CARTESIAN_POINT ( 'NONE',  ( 11.67132469877178025, 50.33421759231526948, 5.599999999999988987 ) ) ;
#1081 = DIRECTION ( 'NONE',  ( 0.000000000000000000, 0.000000000000000000, -1.000000000000000000 ) ) ;
#1082 = EDGE_CURVE ( 'NONE', #1032, #103, #878, .T. ) ;
#1083 = LINE ( 'NONE', #4993, #3117 ) ;
#1084 = CARTESIAN_POINT ( 'NONE',  ( 11.98005010696790507, 56.89635165026166419, -6.580050106966984558 ) ) ;
#1085 = DIRECTION ( 'NONE',  ( 0.5000000000001153522, -0.4999999999998804290, 0.7071067811865505703 ) ) ;
#1086 = CARTESIAN_POINT ( 'NONE',  ( 18.61060500309818977, 25.51564503327006506, 2.109999999999997211 ) ) ;
#1087 = ORIENTED_EDGE ( 'NONE', *, *, #4591, .F. ) ;
#1088 = EDGE_CURVE ( 'NONE', #2437, #5776, #4278, .T. ) ;
#1089 = CARTESIAN_POINT ( 'NONE',  ( 74.41423944072103325, 5.000000000000023093, 9.600000000000015632 ) ) ;
#1090 = EDGE_CURVE ( 'NONE', #3269, #3044, #3199, .T. ) ;
#1091 = CARTESIAN_POINT ( 'NONE',  ( 24.79487291362404733, 59.35334793496644323, 6.000000000000000000 ) ) ;
#1092 = CARTESIAN_POINT ( 'NONE',  ( 11.61402484566509052, 20.12912413220106700, 10.00000000000000000 ) ) ;
#1093 = ORIENTED_EDGE ( 'NONE', *, *, #1096, .T. ) ;
#1094 = AXIS2_PLACEMENT_3D ( 'NONE', #1114, #4925, #4452 ) ;
#1095 = LINE ( 'NONE', #551, #6189 ) ;
#1096 = EDGE_CURVE ( 'NONE', #5489, #1999, #1736, .T. ) ;
#1097 = VERTEX_POINT ( 'NONE', #1291 ) ;
#1098 = AXIS2_PLACEMENT_3D ( 'NONE', #1249, #3220, #6116 ) ;
#1099 = ORIENTED_EDGE ( 'NONE', *, *, #2360, .F. ) ;
#1100 = ORIENTED_EDGE ( 'NONE', *, *, #5671, .F. ) ;
#1101 = ADVANCED_FACE ( 'NONE', ( #842 ), #3828, .F. ) ;
#1102 = DIRECTION ( 'NONE',  ( 0.000000000000000000, 0.000000000000000000, -1.000000000000000000 ) ) ;
#1103 = CARTESIAN_POINT ( 'NONE',  ( 17.89412907291898591, 26.94626106892528128, 2.109999999999995435 ) ) ;
#1104 = EDGE_CURVE ( 'NONE', #2371, #5850, #1259, .T. ) ;
#1105 = CARTESIAN_POINT ( 'NONE',  ( 12.01402484566508733, 1.512914491056321380E-15, 4.000000000000000000 ) ) ;
#1106 = DIRECTION ( 'NONE',  ( -0.7041374183556817767, 0.7100637267678131526, 0.000000000000000000 ) ) ;
#1107 = EDGE_CURVE ( 'NONE', #3869, #1909, #808, .T. ) ;
#1108 = VECTOR ( 'NONE', #1578, 1000.000000000000000 ) ;
#1109 = VERTEX_POINT ( 'NONE', #4692 ) ;
#1110 = ORIENTED_EDGE ( 'NONE', *, *, #903, .F. ) ;
#1111 = LINE ( 'NONE', #3069, #1734 ) ;
#1112 = ORIENTED_EDGE ( 'NONE', *, *, #4272, .T. ) ;
#1113 = DIRECTION ( 'NONE',  ( 0.6785983445458489971, 0.2810846377148487063, 0.6785983445458332319 ) ) ;
#1114 = CARTESIAN_POINT ( 'NONE',  ( 0.000000000000000000, 50.73421759231527517, 4.000000000000000000 ) ) ;
#1115 = CARTESIAN_POINT ( 'NONE',  ( 73.15243468099103552, 12.06030566349624422, 4.000000000000000000 ) ) ;
#1116 = DIRECTION ( 'NONE',  ( -0.0001978291858416224519, -0.9999999804318063790, 0.000000000000000000 ) ) ;
#1117 = DIRECTION ( 'NONE',  ( -0.2821819321234012024, -0.6783706056364412484, 0.6783706056364412484 ) ) ;
#1118 = VECTOR ( 'NONE', #4071, 1000.000000000000000 ) ;
#1119 = CARTESIAN_POINT ( 'NONE',  ( 5.871324698771779538, 34.33421759231527659, 6.000000000000000000 ) ) ;
#1120 = VERTEX_POINT ( 'NONE', #393 ) ;
#1121 = DIRECTION ( 'NONE',  ( 0.000000000000000000, 0.000000000000000000, -1.000000000000000000 ) ) ;
#1122 = DIRECTION ( 'NONE',  ( -0.000000000000000000, -0.000000000000000000, -1.000000000000000000 ) ) ;
#1123 = DIRECTION ( 'NONE',  ( 1.000000000000000000, 0.000000000000000000, 0.000000000000000000 ) ) ;
#1124 = VECTOR ( 'NONE', #4945, 1000.000000000000000 ) ;
#1125 = CARTESIAN_POINT ( 'NONE',  ( 5.000000000000903277, 57.98214359204602175, 9.600000000000015632 ) ) ;
#1126 = EDGE_CURVE ( 'NONE', #5731, #13, #4752, .T. ) ;
#1127 = VECTOR ( 'NONE', #1151, 1000.000000000000114 ) ;
#1128 = ORIENTED_EDGE ( 'NONE', *, *, #5912, .F. ) ;
#1129 = EDGE_CURVE ( 'NONE', #5036, #1896, #2290, .T. ) ;
#1130 = ORIENTED_EDGE ( 'NONE', *, *, #5756, .F. ) ;
#1131 = DIRECTION ( 'NONE',  ( 0.000000000000000000, -1.000000000000000000, 0.000000000000000000 ) ) ;
#1132 = LINE ( 'NONE', #678, #1533 ) ;
#1133 = LINE ( 'NONE', #1045, #153 ) ;
#1134 = LINE ( 'NONE', #560, #2817 ) ;
#1135 = AXIS2_PLACEMENT_3D ( 'NONE', #5085, #320, #1785 ) ;
#1136 = EDGE_CURVE ( 'NONE', #1424, #1794, #1832, .T. ) ;
#1137 = ORIENTED_EDGE ( 'NONE', *, *, #5846, .T. ) ;
#1138 = ADVANCED_FACE ( 'NONE', ( #5130 ), #745, .F. ) ;
#1139 = DIRECTION ( 'NONE',  ( 0.000000000000000000, 0.7071067811865352493, 0.7071067811865597852 ) ) ;
#1140 = ORIENTED_EDGE ( 'NONE', *, *, #3414, .F. ) ;
#1141 = DIRECTION ( 'NONE',  ( -0.7071067811865474617, -0.7071067811865474617, -0.000000000000000000 ) ) ;
#1142 = DIRECTION ( 'NONE',  ( -0.7071067811865475727, 0.000000000000000000, 0.7071067811865475727 ) ) ;
#1143 = FACE_OUTER_BOUND ( 'NONE', #6220, .T. ) ;
#1144 = DIRECTION ( 'NONE',  ( -1.000000000000000000, 0.000000000000000000, 0.000000000000000000 ) ) ;
#1145 = CARTESIAN_POINT ( 'NONE',  ( 54.42884860408192793, 27.75317541498460372, 4.000000000000000000 ) ) ;
#1146 = PLANE ( 'NONE',  #4453 ) ;
#1147 = VERTEX_POINT ( 'NONE', #4661 ) ;
#1148 = EDGE_CURVE ( 'NONE', #2996, #4571, #69, .T. ) ;
#1149 = CARTESIAN_POINT ( 'NONE',  ( 0.000000000000000000, 11.61402484683418734, 0.000000000000000000 ) ) ;
#1150 = ORIENTED_EDGE ( 'NONE', *, *, #1107, .T. ) ;
#1151 = DIRECTION ( 'NONE',  ( 0.7071067811865412445, 0.000000000000000000, 0.7071067811865537900 ) ) ;
#1152 = DIRECTION ( 'NONE',  ( -0.7071067811865460184, 0.7071067811865489050, 0.000000000000000000 ) ) ;
#1153 = CARTESIAN_POINT ( 'NONE',  ( 38.68238506477003114, 43.29286487643511094, 2.699885383662996130 ) ) ;
#1154 = ORIENTED_EDGE ( 'NONE', *, *, #3098, .F. ) ;
#1155 = LINE ( 'NONE', #1065, #6087 ) ;
#1156 = EDGE_CURVE ( 'NONE', #1551, #4089, #5842, .T. ) ;
#1157 = VERTEX_POINT ( 'NONE', #1034 ) ;
#1158 = ORIENTED_EDGE ( 'NONE', *, *, #6023, .F. ) ;
#1159 = DIRECTION ( 'NONE',  ( -0.7071067811865480168, 1.533293416683375124E-16, -0.7071067811865470176 ) ) ;
#1160 = DIRECTION ( 'NONE',  ( -1.000000000000000000, -6.369488388617202940E-16, 0.000000000000000000 ) ) ;
#1161 = DIRECTION ( 'NONE',  ( -0.000000000000000000, -0.000000000000000000, 1.000000000000000000 ) ) ;
#1162 = CARTESIAN_POINT ( 'NONE',  ( 59.17578496594466486, 0.000000000000000000, 4.000000000000000000 ) ) ;
#1163 = AXIS2_PLACEMENT_3D ( 'NONE', #3379, #2860, #4838 ) ;
#1164 = ADVANCED_FACE ( 'NONE', ( #1385 ), #4339, .F. ) ;
#1165 = ORIENTED_EDGE ( 'NONE', *, *, #3604, .F. ) ;
#1166 = ORIENTED_EDGE ( 'NONE', *, *, #2440, .T. ) ;
#1167 = DIRECTION ( 'NONE',  ( 2.168404344971008868E-16, 1.000000000000000000, 0.000000000000000000 ) ) ;
#1168 = DIRECTION ( 'NONE',  ( -0.4999999999999960032, 0.4999999999999955036, 0.7071067811865536790 ) ) ;
#1169 = VECTOR ( 'NONE', #1770, 1000.000000000000000 ) ;
#1170 = ORIENTED_EDGE ( 'NONE', *, *, #3429, .T. ) ;
#1171 = DIRECTION ( 'NONE',  ( 0.000000000000000000, -1.000000000000000000, 0.000000000000000000 ) ) ;
#1172 = VECTOR ( 'NONE', #410, 1000.000000000000114 ) ;
#1173 = ADVANCED_FACE ( 'NONE', ( #5895 ), #4405, .F. ) ;
#1174 = CARTESIAN_POINT ( 'NONE',  ( 79.97474980949952794, 57.98214359204602175, 0.3999999999999837019 ) ) ;
#1175 = ADVANCED_FACE ( 'NONE', ( #1452 ), #1418, .F. ) ;
#1176 = ADVANCED_FACE ( 'NONE', ( #4936 ), #4375, .F. ) ;
#1177 = ORIENTED_EDGE ( 'NONE', *, *, #2785, .T. ) ;
#1178 = VECTOR ( 'NONE', #2390, 999.9999999999998863 ) ;
#1179 = VECTOR ( 'NONE', #208, 1000.000000000000000 ) ;
#1180 = CARTESIAN_POINT ( 'NONE',  ( 24.79487291362408641, 1.579306551205678135E-14, 6.000000000000000000 ) ) ;
#1181 = CARTESIAN_POINT ( 'NONE',  ( 12.01402484566508733, 10.59981128563069674, 0.3999999999999837019 ) ) ;
#1182 = FILL_AREA_STYLE_COLOUR ( '', #1040 ) ;
#1183 = FACE_OUTER_BOUND ( 'NONE', #1223, .T. ) ;
#1184 = DIRECTION ( 'NONE',  ( 0.7071067811867293162, 0.7071067811863657182, 0.000000000000000000 ) ) ;
#1185 = ORIENTED_EDGE ( 'NONE', *, *, #4422, .T. ) ;
#1186 = LINE ( 'NONE', #2636, #3192 ) ;
#1187 = DIRECTION ( 'NONE',  ( -1.000000000000000000, 0.000000000000000000, 0.000000000000000000 ) ) ;
#1188 = DIRECTION ( 'NONE',  ( 0.000000000000000000, 0.7071067811865475727, -0.7071067811865475727 ) ) ;
#1189 = EDGE_LOOP ( 'NONE', ( #6062, #164, #6317, #870 ) ) ;
#1190 = DIRECTION ( 'NONE',  ( 1.000000000000000000, 5.782411586589351722E-16, -0.000000000000000000 ) ) ;
#1191 = ORIENTED_EDGE ( 'NONE', *, *, #3382, .F. ) ;
#1192 = EDGE_LOOP ( 'NONE', ( #5672, #3079, #608, #5498 ) ) ;
#1193 = CARTESIAN_POINT ( 'NONE',  ( 13.24277828994332218, 45.00663250348521416, 8.530428710637819378 ) ) ;
#1194 = LINE ( 'NONE', #2193, #6045 ) ;
#1195 = AXIS2_PLACEMENT_3D ( 'NONE', #2357, #912, #1239 ) ;
#1196 = PLANE ( 'NONE',  #4258 ) ;
#1197 = CARTESIAN_POINT ( 'NONE',  ( 77.81649880717704093, 59.57470916941927186, 0.000000000000000000 ) ) ;
#1198 = VECTOR ( 'NONE', #355, 1000.000000000000000 ) ;
#1199 = ORIENTED_EDGE ( 'NONE', *, *, #3614, .T. ) ;
#1200 = DIRECTION ( 'NONE',  ( 0.000000000000000000, 1.000000000000000000, -0.000000000000000000 ) ) ;
#1201 = CARTESIAN_POINT ( 'NONE',  ( 32.14653210253800353, 28.88980021391638431, -17.00997182357270887 ) ) ;
#1202 = VERTEX_POINT ( 'NONE', #5418 ) ;
#1203 = CARTESIAN_POINT ( 'NONE',  ( 73.15243468099103552, 20.03231731485910316, 10.00099999999999945 ) ) ;
#1204 = FACE_OUTER_BOUND ( 'NONE', #5406, .T. ) ;
#1205 = VECTOR ( 'NONE', #3237, 1000.000000000000000 ) ;
#1206 = ADVANCED_FACE ( 'NONE', ( #3357 ), #2933, .F. ) ;
#1207 = CARTESIAN_POINT ( 'NONE',  ( 73.34807733323548007, 45.95871309031685570, 5.000000000000000000 ) ) ;
#1208 = EDGE_CURVE ( 'NONE', #1554, #396, #2511, .T. ) ;
#1209 = DIRECTION ( 'NONE',  ( 0.4999999999999966693, 0.4999999999999991118, 0.7071067811865505703 ) ) ;
#1210 = CARTESIAN_POINT ( 'NONE',  ( 55.00751479083036344, -0.006770834798735862053, 4.000000000000000000 ) ) ;
#1211 = DIRECTION ( 'NONE',  ( 0.7071067811865352493, 0.000000000000000000, -0.7071067811865597852 ) ) ;
#1212 = EDGE_CURVE ( 'NONE', #947, #6179, #3388, .T. ) ;
#1213 = DIRECTION ( 'NONE',  ( 0.000000000000000000, 0.000000000000000000, -1.000000000000000000 ) ) ;
#1214 = EDGE_CURVE ( 'NONE', #5851, #248, #2423, .T. ) ;
#1215 = ORIENTED_EDGE ( 'NONE', *, *, #5328, .T. ) ;
#1216 = CARTESIAN_POINT ( 'NONE',  ( 54.61415088855444111, 53.90613964737286068, 6.000000000000000000 ) ) ;
#1217 = CARTESIAN_POINT ( 'NONE',  ( 77.98218423212703954, 5.400000000000020783, 10.00000000000000000 ) ) ;
#1218 = LINE ( 'NONE', #2059, #2750 ) ;
#1219 = ORIENTED_EDGE ( 'NONE', *, *, #5410, .T. ) ;
#1220 = CARTESIAN_POINT ( 'NONE',  ( 5.000000000000030198, 6.992565577373023977, 9.600000000000015632 ) ) ;
#1221 = VECTOR ( 'NONE', #6152, 1000.000000000000000 ) ;
#1222 = VERTEX_POINT ( 'NONE', #2386 ) ;
#1223 = EDGE_LOOP ( 'NONE', ( #5484, #3288, #2416, #4507 ) ) ;
#1224 = VECTOR ( 'NONE', #214, 1000.000000000000000 ) ;
#1225 = CARTESIAN_POINT ( 'NONE',  ( 8.888803657608024267, 56.44252476504900073, 9.599999999999996092 ) ) ;
#1226 = CARTESIAN_POINT ( 'NONE',  ( 10.13880365760802427, 8.415085090169998949, 0.3999999999999889200 ) ) ;
#1227 = CARTESIAN_POINT ( 'NONE',  ( 8.888803657608024267, 8.415085090169998949, 9.600000000000022737 ) ) ;
#1228 = ORIENTED_EDGE ( 'NONE', *, *, #2041, .T. ) ;
#1229 = CARTESIAN_POINT ( 'NONE',  ( 11.01402484566505890, 5.000000000000023093, 9.600000000000015632 ) ) ;
#1230 = ORIENTED_EDGE ( 'NONE', *, *, #1553, .F. ) ;
#1231 = AXIS2_PLACEMENT_3D ( 'NONE', #3609, #1160, #2645 ) ;
#1232 = EDGE_CURVE ( 'NONE', #2271, #2421, #4463, .T. ) ;
#1233 = ORIENTED_EDGE ( 'NONE', *, *, #5985, .T. ) ;
#1234 = DIRECTION ( 'NONE',  ( 0.000000000000000000, 0.000000000000000000, -1.000000000000000000 ) ) ;
#1235 = CARTESIAN_POINT ( 'NONE',  ( 40.83180065388673796, 43.69286487643512373, 3.099885383663021798 ) ) ;
#1236 = ORIENTED_EDGE ( 'NONE', *, *, #2631, .F. ) ;
#1237 = FACE_OUTER_BOUND ( 'NONE', #5427, .T. ) ;
#1238 = AXIS2_PLACEMENT_3D ( 'NONE', #1693, #1310, #3663 ) ;
#1239 = DIRECTION ( 'NONE',  ( 0.000000000000000000, -1.000000000000000000, 0.000000000000000000 ) ) ;
#1240 = LINE ( 'NONE', #2626, #287 ) ;
#1241 = PLANE ( 'NONE',  #3735 ) ;
#1242 = FACE_OUTER_BOUND ( 'NONE', #4447, .T. ) ;
#1243 = LINE ( 'NONE', #3214, #4038 ) ;
#1244 = EDGE_CURVE ( 'NONE', #6198, #3711, #1001, .T. ) ;
#1245 = LINE ( 'NONE', #5147, #5616 ) ;
#1246 = VERTEX_POINT ( 'NONE', #5809 ) ;
#1247 = DIRECTION ( 'NONE',  ( -0.7049845209112707289, 0.7092226908915888473, 0.000000000000000000 ) ) ;
#1248 = DIRECTION ( 'NONE',  ( -0.000000000000000000, -0.000000000000000000, 1.000000000000000000 ) ) ;
#1249 = CARTESIAN_POINT ( 'NONE',  ( 34.83881635763302853, 31.83597917195800520, 1.959999998568996205 ) ) ;
#1250 = ORIENTED_EDGE ( 'NONE', *, *, #123, .T. ) ;
#1251 = EDGE_CURVE ( 'NONE', #6154, #954, #2897, .T. ) ;
#1252 = EDGE_CURVE ( 'NONE', #3485, #1288, #5840, .T. ) ;
#1253 = DIRECTION ( 'NONE',  ( 0.7071067811865502373, -0.7071067811865449082, 0.000000000000000000 ) ) ;
#1254 = ORIENTED_EDGE ( 'NONE', *, *, #1049, .F. ) ;
#1255 = ADVANCED_FACE ( 'NONE', ( #1967 ), #1478, .F. ) ;
#1256 = ORIENTED_EDGE ( 'NONE', *, *, #1625, .T. ) ;
#1257 = EDGE_LOOP ( 'NONE', ( #5538, #2366, #5096, #706 ) ) ;
#1258 = LINE ( 'NONE', #2227, #859 ) ;
#1259 = LINE ( 'NONE', #780, #6242 ) ;
#1260 = DIRECTION ( 'NONE',  ( 0.7071067811865565655, 8.659560562355043792E-17, -0.7071067811865385799 ) ) ;
#1261 = DIRECTION ( 'NONE',  ( -0.000000000000000000, -0.000000000000000000, -1.000000000000000000 ) ) ;
#1262 = EDGE_LOOP ( 'NONE', ( #3328, #1219, #2330, #6244, #1067, #4911 ) ) ;
#1263 = ORIENTED_EDGE ( 'NONE', *, *, #3228, .F. ) ;
#1264 = CARTESIAN_POINT ( 'NONE',  ( 79.97474980950003953, 54.29582948390102359, 9.600000000000015632 ) ) ;
#1265 = CARTESIAN_POINT ( 'NONE',  ( 24.61060500309818622, 30.68592075184100310, 2.109999999999997211 ) ) ;
#1266 = ORIENTED_EDGE ( 'NONE', *, *, #5714, .F. ) ;
#1267 = DIRECTION ( 'NONE',  ( 0.7071067811865474617, -0.7071067811865474617, 0.000000000000000000 ) ) ;
#1268 = VECTOR ( 'NONE', #3953, 1000.000000000000114 ) ;
#1269 = CIRCLE ( 'NONE', #347, 1.250000000000000222 ) ;
#1270 = AXIS2_PLACEMENT_3D ( 'NONE', #4960, #4872, #571 ) ;
#1271 = PLANE ( 'NONE',  #2445 ) ;
#1272 = AXIS2_PLACEMENT_3D ( 'NONE', #3909, #4924, #927 ) ;
#1273 = FACE_OUTER_BOUND ( 'NONE', #5886, .T. ) ;
#1274 = DIRECTION ( 'NONE',  ( 0.7071067811865474617, -0.7071067811865474617, 0.000000000000000000 ) ) ;
#1275 = EDGE_CURVE ( 'NONE', #2285, #3742, #4906, .T. ) ;
#1276 = VECTOR ( 'NONE', #2577, 1000.000000000000227 ) ;
#1277 = AXIS2_PLACEMENT_3D ( 'NONE', #17, #1938, #975 ) ;
#1278 = DIRECTION ( 'NONE',  ( 0.7071938130861842309, 0.7070197385735585982, 0.000000000000000000 ) ) ;
#1279 = VECTOR ( 'NONE', #4234, 1000.000000000000114 ) ;
#1280 = ORIENTED_EDGE ( 'NONE', *, *, #1251, .T. ) ;
#1281 = FACE_OUTER_BOUND ( 'NONE', #2650, .T. ) ;
#1282 = CARTESIAN_POINT ( 'NONE',  ( 73.71952070086400965, 59.97470916941927044, 14.99835655691897074 ) ) ;
#1283 = LINE ( 'NONE', #296, #5703 ) ;
#1284 = VERTEX_POINT ( 'NONE', #3048 ) ;
#1285 = LINE ( 'NONE', #4590, #2211 ) ;
#1286 = EDGE_CURVE ( 'NONE', #75, #45, #3113, .T. ) ;
#1287 = EDGE_CURVE ( 'NONE', #204, #5247, #5481, .T. ) ;
#1288 = VERTEX_POINT ( 'NONE', #5573 ) ;
#1289 = ORIENTED_EDGE ( 'NONE', *, *, #2634, .T. ) ;
#1290 = DIRECTION ( 'NONE',  ( -0.000000000000000000, 1.000000000000000000, 0.000000000000000000 ) ) ;
#1291 = CARTESIAN_POINT ( 'NONE',  ( 53.31698420354176449, 53.17490806565518113, 6.000000000000000000 ) ) ;
#1292 = EDGE_CURVE ( 'NONE', #5542, #2329, #1186, .T. ) ;
#1293 = FACE_OUTER_BOUND ( 'NONE', #3255, .T. ) ;
#1294 = DIRECTION ( 'NONE',  ( 0.7071067811865475727, 0.7071067811865475727, -0.000000000000000000 ) ) ;
#1295 = ADVANCED_FACE ( 'NONE', ( #2088 ), #2057, .F. ) ;
#1296 = VERTEX_POINT ( 'NONE', #131 ) ;
#1297 = LINE ( 'NONE', #5105, #3975 ) ;
#1298 = DIRECTION ( 'NONE',  ( -1.887397745837881465E-14, -1.000000000000000000, 0.000000000000000000 ) ) ;
#1299 = ORIENTED_EDGE ( 'NONE', *, *, #895, .F. ) ;
#1300 = ADVANCED_FACE ( 'NONE', ( #5449 ), #6022, .T. ) ;
#1301 = CARTESIAN_POINT ( 'NONE',  ( 73.55243468099102699, 6.427490184679252927, 10.00000000000000000 ) ) ;
#1302 = VECTOR ( 'NONE', #3685, 1000.000000000000114 ) ;
#1303 = DIRECTION ( 'NONE',  ( -0.000000000000000000, -0.000000000000000000, -1.000000000000000000 ) ) ;
#1304 = VECTOR ( 'NONE', #3143, 1000.000000000000114 ) ;
#1305 = LINE ( 'NONE', #3784, #2726 ) ;
#1306 = CARTESIAN_POINT ( 'NONE',  ( 12.07132469877179126, 49.93421759231525670, 4.000000000000000000 ) ) ;
#1307 = VECTOR ( 'NONE', #3681, 1000.000000000000114 ) ;
#1308 = DIRECTION ( 'NONE',  ( 0.9999999924245159821, -0.0001230892683152483562, 0.000000000000000000 ) ) ;
#1309 = VERTEX_POINT ( 'NONE', #1061 ) ;
#1310 = DIRECTION ( 'NONE',  ( 0.7071067811865556774, 0.000000000000000000, 0.7071067811865393571 ) ) ;
#1311 = DIRECTION ( 'NONE',  ( 1.000000000000000000, 0.000000000000000000, 0.000000000000000000 ) ) ;
#1312 = CARTESIAN_POINT ( 'NONE',  ( 5.000000000000903277, 57.98214359204602175, 0.4000000000000114575 ) ) ;
#1313 = ORIENTED_EDGE ( 'NONE', *, *, #1450, .T. ) ;
#1314 = LINE ( 'NONE', #387, #2311 ) ;
#1315 = ORIENTED_EDGE ( 'NONE', *, *, #6049, .F. ) ;
#1316 = EDGE_LOOP ( 'NONE', ( #3368, #6043, #983, #1411 ) ) ;
#1317 = ORIENTED_EDGE ( 'NONE', *, *, #2981, .T. ) ;
#1318 = DIRECTION ( 'NONE',  ( -0.5773502691896257311, -0.5773502691896257311, 0.5773502691896257311 ) ) ;
#1319 = CARTESIAN_POINT ( 'NONE',  ( 0.000000000000000000, 5.400000000000007461, 0.000000000000000000 ) ) ;
#1320 = FACE_OUTER_BOUND ( 'NONE', #447, .T. ) ;
#1321 = ORIENTED_EDGE ( 'NONE', *, *, #431, .T. ) ;
#1322 = DIRECTION ( 'NONE',  ( -1.000000000000000000, 0.000000000000000000, 0.000000000000000000 ) ) ;
#1323 = EDGE_CURVE ( 'NONE', #1147, #3317, #5509, .T. ) ;
#1324 = EDGE_CURVE ( 'NONE', #5319, #4807, #1630, .T. ) ;
#1325 = AXIS2_PLACEMENT_3D ( 'NONE', #2826, #4835, #3310 ) ;
#1326 = ORIENTED_EDGE ( 'NONE', *, *, #2512, .F. ) ;
#1327 = EDGE_LOOP ( 'NONE', ( #1421, #3035, #145, #641 ) ) ;
#1328 = LINE ( 'NONE', #6295, #690 ) ;
#1329 = DIRECTION ( 'NONE',  ( 0.7071067811863657182, -0.7071067811867293162, 0.000000000000000000 ) ) ;
#1330 = EDGE_LOOP ( 'NONE', ( #4727, #1822, #3448, #6185 ) ) ;
#1331 = FACE_BOUND ( 'NONE', #5973, .T. ) ;
#1332 = ADVANCED_FACE ( 'NONE', ( #4999 ), #5061, .F. ) ;
#1333 = VECTOR ( 'NONE', #1612, 1000.000000000000000 ) ;
#1334 = ORIENTED_EDGE ( 'NONE', *, *, #4768, .F. ) ;
#1335 = ADVANCED_FACE ( 'NONE', ( #604 ), #4492, .F. ) ;
#1336 = CARTESIAN_POINT ( 'NONE',  ( 55.42884860408193504, 24.35317541498460514, 9.600000000000017408 ) ) ;
#1337 = VECTOR ( 'NONE', #6254, 1000.000000000000000 ) ;
#1338 = FACE_OUTER_BOUND ( 'NONE', #5286, .T. ) ;
#1339 = CARTESIAN_POINT ( 'NONE',  ( 68.69560398829815995, 68.69560398829815995, 10.00000000000000000 ) ) ;
#1340 = VECTOR ( 'NONE', #5658, 1000.000000000000000 ) ;
#1341 = CARTESIAN_POINT ( 'NONE',  ( 11.27132469877176923, 49.93421759231525670, 6.000000000000000000 ) ) ;
#1342 = EDGE_LOOP ( 'NONE', ( #2531, #3478, #749, #6264 ) ) ;
#1343 = DIRECTION ( 'NONE',  ( 0.7070197385735585982, -0.7071938130861842309, 0.000000000000000000 ) ) ;
#1344 = DIRECTION ( 'NONE',  ( -0.000000000000000000, -0.000000000000000000, -1.000000000000000000 ) ) ;
#1345 = PLANE ( 'NONE',  #3773 ) ;
#1346 = EDGE_LOOP ( 'NONE', ( #974, #4256, #20, #5544 ) ) ;
#1347 = EDGE_CURVE ( 'NONE', #5893, #1918, #2573, .T. ) ;
#1348 = VERTEX_POINT ( 'NONE', #4073 ) ;
#1349 = VERTEX_POINT ( 'NONE', #3569 ) ;
#1350 = FACE_OUTER_BOUND ( 'NONE', #5914, .T. ) ;
#1351 = DIRECTION ( 'NONE',  ( -0.7071067811865464625, -0.7071067811865486830, 0.000000000000000000 ) ) ;
#1352 = DIRECTION ( 'NONE',  ( -0.7071067811865475727, 0.000000000000000000, 0.7071067811865475727 ) ) ;
#1353 = CARTESIAN_POINT ( 'NONE',  ( 43.83205155549031673, 67.47473886806200483, -16.91602577774515836 ) ) ;
#1354 = ORIENTED_EDGE ( 'NONE', *, *, #4365, .F. ) ;
#1355 = CARTESIAN_POINT ( 'NONE',  ( 8.888803657608024267, 56.44252476504900073, 10.00099999999999945 ) ) ;
#1356 = EDGE_LOOP ( 'NONE', ( #786, #2450, #244, #1334 ) ) ;
#1357 = ORIENTED_EDGE ( 'NONE', *, *, #1838, .F. ) ;
#1358 = DIRECTION ( 'NONE',  ( -0.000000000000000000, -0.000000000000000000, -1.000000000000000000 ) ) ;
#1359 = DIRECTION ( 'NONE',  ( 0.000000000000000000, -1.000000000000000000, 0.000000000000000000 ) ) ;
#1360 = EDGE_LOOP ( 'NONE', ( #1584, #4876, #959, #884 ) ) ;
#1361 = CARTESIAN_POINT ( 'NONE',  ( -7.214347219674895229, 12.93252939528298029, 2.109999999999997211 ) ) ;
#1362 = DIRECTION ( 'NONE',  ( -0.7071067811865502373, 0.7071067811865449082, 0.000000000000000000 ) ) ;
#1363 = EDGE_CURVE ( 'NONE', #3779, #3151, #3017, .T. ) ;
#1364 = ORIENTED_EDGE ( 'NONE', *, *, #2033, .F. ) ;
#1365 = PLANE ( 'NONE',  #185 ) ;
#1366 = EDGE_CURVE ( 'NONE', #4479, #5748, #3627, .T. ) ;
#1367 = FACE_OUTER_BOUND ( 'NONE', #49, .T. ) ;
#1368 = CARTESIAN_POINT ( 'NONE',  ( 62.89024130048304073, 35.63617221234400034, 3.399999999999983036 ) ) ;
#1369 = ADVANCED_FACE ( 'NONE', ( #2541 ), #228, .T. ) ;
#1370 = VECTOR ( 'NONE', #2603, 1000.000000000000000 ) ;
#1371 = VECTOR ( 'NONE', #3719, 1000.000000000000114 ) ;
#1372 = LINE ( 'NONE', #1341, #1528 ) ;
#1373 = ORIENTED_EDGE ( 'NONE', *, *, #4161, .T. ) ;
#1374 = DIRECTION ( 'NONE',  ( 0.2810846377149138764, -0.6785983445458275698, -0.6785983445458275698 ) ) ;
#1375 = VECTOR ( 'NONE', #209, 999.9999999999998863 ) ;
#1376 = DIRECTION ( 'NONE',  ( -0.7071067811867293162, -0.7071067811863657182, 0.000000000000000000 ) ) ;
#1377 = VECTOR ( 'NONE', #1984, 1000.000000000000000 ) ;
#1378 = VERTEX_POINT ( 'NONE', #633 ) ;
#1379 = DIRECTION ( 'NONE',  ( -0.7071067811865472397, -0.7071067811865479058, 0.000000000000000000 ) ) ;
#1380 = VECTOR ( 'NONE', #1038, 1000.000000000000000 ) ;
#1381 = VECTOR ( 'NONE', #3810, 1000.000000000000000 ) ;
#1382 = LINE ( 'NONE', #6251, #6030 ) ;
#1383 = VERTEX_POINT ( 'NONE', #1566 ) ;
#1384 = DIRECTION ( 'NONE',  ( -0.2810846377148285558, 0.6785983445458571017, -0.6785983445458334540 ) ) ;
#1385 = FACE_OUTER_BOUND ( 'NONE', #1192, .T. ) ;
#1386 = LINE ( 'NONE', #4879, #4866 ) ;
#1387 = DIRECTION ( 'NONE',  ( 1.000000000000000000, 0.000000000000000000, 0.000000000000000000 ) ) ;
#1388 = ORIENTED_EDGE ( 'NONE', *, *, #4004, .T. ) ;
#1389 = DIRECTION ( 'NONE',  ( -0.7071067811865460184, 0.7071067811865489050, 0.000000000000000000 ) ) ;
#1390 = ORIENTED_EDGE ( 'NONE', *, *, #4927, .T. ) ;
#1391 = EDGE_LOOP ( 'NONE', ( #4614, #1013, #470, #5090 ) ) ;
#1392 = LINE ( 'NONE', #4826, #1816 ) ;
#1393 = CARTESIAN_POINT ( 'NONE',  ( 17.89412907291898591, 26.94626106892528128, 10.00000000000000000 ) ) ;
#1394 = ORIENTED_EDGE ( 'NONE', *, *, #2559, .F. ) ;
#1395 = CARTESIAN_POINT ( 'NONE',  ( 30.54606450874868173, -30.54606450874760526, 4.000000000000000000 ) ) ;
#1396 = CARTESIAN_POINT ( 'NONE',  ( 79.97474980950003953, 10.50829548434902350, 10.00099999999999945 ) ) ;
#1397 = PLANE ( 'NONE',  #3565 ) ;
#1398 = FACE_OUTER_BOUND ( 'NONE', #4335, .T. ) ;
#1399 = CARTESIAN_POINT ( 'NONE',  ( 11.27132469877176568, 33.93421759231524959, 4.000000000000000000 ) ) ;
#1400 = CIRCLE ( 'NONE', #2443, 1.649999999999998579 ) ;
#1401 = ORIENTED_EDGE ( 'NONE', *, *, #588, .F. ) ;
#1402 = EDGE_CURVE ( 'NONE', #2690, #2006, #3507, .T. ) ;
#1403 = AXIS2_PLACEMENT_3D ( 'NONE', #5668, #2254, #2221 ) ;
#1404 = EDGE_CURVE ( 'NONE', #5009, #6283, #165, .T. ) ;
#1405 = LINE ( 'NONE', #3376, #2146 ) ;
#1406 = ORIENTED_EDGE ( 'NONE', *, *, #1088, .T. ) ;
#1407 = DIRECTION ( 'NONE',  ( -0.000000000000000000, 0.000000000000000000, 1.000000000000000000 ) ) ;
#1408 = PLANE ( 'NONE',  #2929 ) ;
#1409 = ORIENTED_EDGE ( 'NONE', *, *, #1232, .F. ) ;
#1410 = VECTOR ( 'NONE', #3807, 999.9999999999998863 ) ;
#1411 = ORIENTED_EDGE ( 'NONE', *, *, #3695, .F. ) ;
#1412 = EDGE_CURVE ( 'NONE', #1999, #1663, #669, .T. ) ;
#1413 = EDGE_CURVE ( 'NONE', #1157, #2739, #264, .T. ) ;
#1414 = EDGE_CURVE ( 'NONE', #2521, #2066, #5184, .T. ) ;
#1415 = FACE_OUTER_BOUND ( 'NONE', #4139, .T. ) ;
#1416 = ORIENTED_EDGE ( 'NONE', *, *, #3148, .T. ) ;
#1417 = CARTESIAN_POINT ( 'NONE',  ( 38.03180065388671238, 42.29286487643514647, 1.999999999999971356 ) ) ;
#1418 = PLANE ( 'NONE',  #2977 ) ;
#1419 = PLANE ( 'NONE',  #3644 ) ;
#1420 = DIRECTION ( 'NONE',  ( -0.7071067811867293162, -0.7071067811863657182, 0.000000000000000000 ) ) ;
#1421 = ORIENTED_EDGE ( 'NONE', *, *, #4631, .F. ) ;
#1422 = DIRECTION ( 'NONE',  ( -1.000000000000000000, 0.000000000000000000, 0.000000000000000000 ) ) ;
#1423 = ORIENTED_EDGE ( 'NONE', *, *, #4898, .T. ) ;
#1424 = VERTEX_POINT ( 'NONE', #4713 ) ;
#1425 = ORIENTED_EDGE ( 'NONE', *, *, #2512, .T. ) ;
#1426 = ORIENTED_EDGE ( 'NONE', *, *, #345, .F. ) ;
#1427 = AXIS2_PLACEMENT_3D ( 'NONE', #4904, #12, #2959 ) ;
#1428 = CARTESIAN_POINT ( 'NONE',  ( 5.874410834131300163, 49.93421759231525670, 6.000000000000000000 ) ) ;
#1429 = LINE ( 'NONE', #3872, #4301 ) ;
#1430 = ORIENTED_EDGE ( 'NONE', *, *, #2073, .T. ) ;
#1431 = CARTESIAN_POINT ( 'NONE',  ( 6.271291922701627719, 34.16849939129588165, 10.00000000000000000 ) ) ;
#1432 = LINE ( 'NONE', #3904, #1781 ) ;
#1433 = ADVANCED_FACE ( 'NONE', ( #3249 ), #4267, .F. ) ;
#1434 = EDGE_LOOP ( 'NONE', ( #5916, #422, #1848, #212 ) ) ;
#1435 = VECTOR ( 'NONE', #4806, 1000.000000000000000 ) ;
#1436 = ORIENTED_EDGE ( 'NONE', *, *, #1887, .F. ) ;
#1437 = DIRECTION ( 'NONE',  ( 0.5773502691896210681, 0.5773502691896150729, -0.5773502691896410521 ) ) ;
#1438 = AXIS2_PLACEMENT_3D ( 'NONE', #4699, #5938, #1547 ) ;
#1439 = LINE ( 'NONE', #5279, #727 ) ;
#1440 = VECTOR ( 'NONE', #1937, 1000.000000000000000 ) ;
#1441 = DIRECTION ( 'NONE',  ( -1.000000000000000000, 0.000000000000000000, 0.000000000000000000 ) ) ;
#1442 = LINE ( 'NONE', #1987, #2676 ) ;
#1443 = DIRECTION ( 'NONE',  ( -1.000000000000000000, 0.000000000000000000, 0.000000000000000000 ) ) ;
#1444 = VERTEX_POINT ( 'NONE', #4169 ) ;
#1445 = VECTOR ( 'NONE', #2252, 1000.000000000000000 ) ;
#1446 = LINE ( 'NONE', #937, #4460 ) ;
#1447 = ADVANCED_FACE ( 'NONE', ( #5664 ), #3790, .T. ) ;
#1448 = FACE_OUTER_BOUND ( 'NONE', #4462, .T. ) ;
#1449 = ORIENTED_EDGE ( 'NONE', *, *, #693, .F. ) ;
#1450 = EDGE_CURVE ( 'NONE', #2741, #5239, #2219, .T. ) ;
#1451 = LINE ( 'NONE', #3291, #2815 ) ;
#1452 = FACE_OUTER_BOUND ( 'NONE', #2589, .T. ) ;
#1453 = DIRECTION ( 'NONE',  ( 0.5773502691896323924, -0.5773502691896323924, -0.5773502691896122974 ) ) ;
#1454 = CARTESIAN_POINT ( 'NONE',  ( 11.27132469877176568, 34.33421759231526948, 4.400000000000011902 ) ) ;
#1455 = ORIENTED_EDGE ( 'NONE', *, *, #4516, .T. ) ;
#1456 = LINE ( 'NONE', #5359, #5780 ) ;
#1457 = EDGE_CURVE ( 'NONE', #2085, #2075, #4742, .T. ) ;
#1458 = ORIENTED_EDGE ( 'NONE', *, *, #4395, .F. ) ;
#1459 = EDGE_LOOP ( 'NONE', ( #1215, #2137, #2218, #5872 ) ) ;
#1460 = FACE_OUTER_BOUND ( 'NONE', #4659, .T. ) ;
#1461 = CARTESIAN_POINT ( 'NONE',  ( 38.68238506477003114, 41.20392684785399950, 2.699885383662996130 ) ) ;
#1462 = VERTEX_POINT ( 'NONE', #4681 ) ;
#1463 = LINE ( 'NONE', #1980, #5265 ) ;
#1464 = FACE_OUTER_BOUND ( 'NONE', #6170, .T. ) ;
#1465 = ORIENTED_EDGE ( 'NONE', *, *, #2278, .F. ) ;
#1466 = ORIENTED_EDGE ( 'NONE', *, *, #785, .F. ) ;
#1467 = PLANE ( 'NONE',  #4143 ) ;
#1468 = DIRECTION ( 'NONE',  ( -0.5773502691896323924, -0.5773502691896323924, 0.5773502691896122974 ) ) ;
#1469 = DIRECTION ( 'NONE',  ( -1.000000000000000000, 0.000000000000000000, 0.000000000000000000 ) ) ;
#1470 = DIRECTION ( 'NONE',  ( -0.4999999999999899525, -0.4999999999999937272, 0.7071067811865592301 ) ) ;
#1471 = VERTEX_POINT ( 'NONE', #865 ) ;
#1472 = AXIS2_PLACEMENT_3D ( 'NONE', #3698, #1248, #4587 ) ;
#1473 = VECTOR ( 'NONE', #5052, 1000.000000000000000 ) ;
#1474 = AXIS2_PLACEMENT_3D ( 'NONE', #5071, #3992, #5940 ) ;
#1475 = DIRECTION ( 'NONE',  ( -1.000000000000000000, 0.000000000000000000, -0.000000000000000000 ) ) ;
#1476 = VECTOR ( 'NONE', #6203, 1000.000000000000000 ) ;
#1477 = ORIENTED_EDGE ( 'NONE', *, *, #2634, .F. ) ;
#1478 = PLANE ( 'NONE',  #5934 ) ;
#1479 = LINE ( 'NONE', #5031, #4135 ) ;
#1480 = CARTESIAN_POINT ( 'NONE',  ( 30.54606450874868173, -30.54606450874760526, 4.000000000000000000 ) ) ;
#1481 = DIRECTION ( 'NONE',  ( 0.000000000000000000, 0.000000000000000000, -1.000000000000000000 ) ) ;
#1482 = AXIS2_PLACEMENT_3D ( 'NONE', #3761, #6128, #1698 ) ;
#1483 = EDGE_LOOP ( 'NONE', ( #4411, #4015, #2794, #60 ) ) ;
#1484 = CONICAL_SURFACE ( 'NONE', #5059, 1.249999999999999334, 0.7853981633974410625 ) ;
#1485 = EDGE_CURVE ( 'NONE', #5877, #6283, #3723, .T. ) ;
#1486 = ORIENTED_EDGE ( 'NONE', *, *, #1754, .T. ) ;
#1487 = ADVANCED_FACE ( 'NONE', ( #4775 ), #294, .F. ) ;
#1488 = ORIENTED_EDGE ( 'NONE', *, *, #5991, .F. ) ;
#1489 = CARTESIAN_POINT ( 'NONE',  ( 6.279125501159819045, 6.279125501162968526, 0.000000000000000000 ) ) ;
#1490 = CARTESIAN_POINT ( 'NONE',  ( 77.62714841342993566, -0.007238183448740164415, 0.000000000000000000 ) ) ;
#1491 = CARTESIAN_POINT ( 'NONE',  ( 42.38734786855103209, 36.03617221234399182, -3.469446951953614189E-15 ) ) ;
#1492 = DIRECTION ( 'NONE',  ( 0.7071067811865449082, 0.7071067811865502373, -0.000000000000000000 ) ) ;
#1493 = ORIENTED_EDGE ( 'NONE', *, *, #3624, .T. ) ;
#1494 = ADVANCED_FACE ( 'NONE', ( #1281 ), #325, .F. ) ;
#1495 = ORIENTED_EDGE ( 'NONE', *, *, #990, .T. ) ;
#1496 = ORIENTED_EDGE ( 'NONE', *, *, #1558, .T. ) ;
#1497 = FACE_OUTER_BOUND ( 'NONE', #3576, .T. ) ;
#1498 = FACE_OUTER_BOUND ( 'NONE', #4512, .T. ) ;
#1499 = VECTOR ( 'NONE', #2951, 999.9999999999998863 ) ;
#1500 = DIRECTION ( 'NONE',  ( 0.000000000000000000, -0.000000000000000000, 1.000000000000000000 ) ) ;
#1501 = PLANE ( 'NONE',  #5461 ) ;
#1502 = EDGE_LOOP ( 'NONE', ( #4077, #3679, #4133, #4759 ) ) ;
#1503 = ADVANCED_FACE ( 'NONE', ( #2282 ), #5604, .F. ) ;
#1504 = AXIS2_PLACEMENT_3D ( 'NONE', #6184, #5701, #835 ) ;
#1505 = FACE_OUTER_BOUND ( 'NONE', #5935, .T. ) ;
#1506 = ORIENTED_EDGE ( 'NONE', *, *, #3803, .T. ) ;
#1507 = DIRECTION ( 'NONE',  ( 0.5014961741008131524, 0.4984993353679089134, 0.7071067811865475727 ) ) ;
#1508 = VECTOR ( 'NONE', #5173, 1000.000000000000000 ) ;
#1509 = DIRECTION ( 'NONE',  ( 1.000000000000000000, -1.196361017915039831E-15, -0.000000000000000000 ) ) ;
#1510 = PLANE ( 'NONE',  #5805 ) ;
#1511 = ORIENTED_EDGE ( 'NONE', *, *, #5600, .T. ) ;
#1512 = DIRECTION ( 'NONE',  ( -0.000000000000000000, -0.000000000000000000, -1.000000000000000000 ) ) ;
#1513 = VERTEX_POINT ( 'NONE', #4233 ) ;
#1514 = ORIENTED_EDGE ( 'NONE', *, *, #1526, .T. ) ;
#1515 = ORIENTED_EDGE ( 'NONE', *, *, #3097, .F. ) ;
#1516 = CARTESIAN_POINT ( 'NONE',  ( 85.16372741214334496, 35.13567127146276903, 17.61743905087863382 ) ) ;
#1517 = CARTESIAN_POINT ( 'NONE',  ( 76.16692151384303600, 8.415085090169998949, 0.3999999999999906408 ) ) ;
#1518 = CARTESIAN_POINT ( 'NONE',  ( 11.73118213319047065, 6.282842712474669966, 10.00000000000000000 ) ) ;
#1519 = EDGE_CURVE ( 'NONE', #5708, #2996, #6180, .T. ) ;
#1520 = FACE_OUTER_BOUND ( 'NONE', #6141, .T. ) ;
#1521 = EDGE_CURVE ( 'NONE', #5079, #293, #4202, .T. ) ;
#1522 = ORIENTED_EDGE ( 'NONE', *, *, #4933, .T. ) ;
#1523 = VERTEX_POINT ( 'NONE', #3188 ) ;
#1524 = ORIENTED_EDGE ( 'NONE', *, *, #6023, .T. ) ;
#1525 = CARTESIAN_POINT ( 'NONE',  ( 5.399999999999896438, -1.019194782752436440E-13, 10.00000000000000000 ) ) ;
#1526 = EDGE_CURVE ( 'NONE', #1896, #116, #3218, .T. ) ;
#1527 = DIRECTION ( 'NONE',  ( -0.000000000000000000, -0.000000000000000000, -1.000000000000000000 ) ) ;
#1528 = VECTOR ( 'NONE', #5312, 1000.000000000000114 ) ;
#1529 = ADVANCED_FACE ( 'NONE', ( #2697 ), #5216, .T. ) ;
#1530 = AXIS2_PLACEMENT_3D ( 'NONE', #4417, #5908, #3990 ) ;
#1531 = LINE ( 'NONE', #3502, #2715 ) ;
#1532 = ORIENTED_EDGE ( 'NONE', *, *, #3527, .F. ) ;
#1533 = VECTOR ( 'NONE', #2614, 1000.000000000000000 ) ;
#1534 = CARTESIAN_POINT ( 'NONE',  ( 5.871403715554896152, 34.73363682479553916, 5.999419232480241782 ) ) ;
#1535 = ORIENTED_EDGE ( 'NONE', *, *, #2902, .F. ) ;
#1536 = VECTOR ( 'NONE', #2343, 1000.000000000000000 ) ;
#1537 = CARTESIAN_POINT ( 'NONE',  ( 40.83180065388673796, 38.69286487643512373, 3.399999999999983036 ) ) ;
#1538 = LINE ( 'NONE', #5450, #5659 ) ;
#1539 = CARTESIAN_POINT ( 'NONE',  ( 76.16692151384303600, 8.415085090169998949, 10.00099999999999945 ) ) ;
#1540 = ORIENTED_EDGE ( 'NONE', *, *, #5837, .F. ) ;
#1541 = DIRECTION ( 'NONE',  ( -1.000000000000000000, 0.000000000000000000, 0.000000000000000000 ) ) ;
#1542 = ORIENTED_EDGE ( 'NONE', *, *, #4161, .F. ) ;
#1543 = VECTOR ( 'NONE', #3309, 1000.000000000000000 ) ;
#1544 = ORIENTED_EDGE ( 'NONE', *, *, #33, .F. ) ;
#1545 = ORIENTED_EDGE ( 'NONE', *, *, #5290, .T. ) ;
#1546 = FACE_OUTER_BOUND ( 'NONE', #5353, .T. ) ;
#1547 = DIRECTION ( 'NONE',  ( 0.0001978291858416224519, 0.9999999804318063790, 0.000000000000000000 ) ) ;
#1548 = DIRECTION ( 'NONE',  ( -5.782411586589358625E-16, -1.000000000000000000, 0.000000000000000000 ) ) ;
#1549 = CARTESIAN_POINT ( 'NONE',  ( 73.34807733323548007, 40.95871309031685570, 5.000000000000000000 ) ) ;
#1550 = EDGE_LOOP ( 'NONE', ( #6331, #5675, #4346, #1692 ) ) ;
#1551 = VERTEX_POINT ( 'NONE', #833 ) ;
#1552 = DIRECTION ( 'NONE',  ( 0.000000000000000000, -1.000000000000000000, 0.000000000000000000 ) ) ;
#1553 = EDGE_CURVE ( 'NONE', #1577, #982, #2795, .T. ) ;
#1554 = VERTEX_POINT ( 'NONE', #3912 ) ;
#1555 = CARTESIAN_POINT ( 'NONE',  ( 11.47132469877177385, 34.53421759231527233, 5.599999999999988987 ) ) ;
#1556 = CARTESIAN_POINT ( 'NONE',  ( 78.02984732797568768, 28.93771831048097454, 0.3999999999999837019 ) ) ;
#1557 = ADVANCED_FACE ( 'NONE', ( #515 ), #933, .T. ) ;
#1558 = EDGE_CURVE ( 'NONE', #297, #4114, #4808, .T. ) ;
#1559 = EDGE_CURVE ( 'NONE', #466, #1075, #2447, .T. ) ;
#1560 = CARTESIAN_POINT ( 'NONE',  ( 5.871324698771779538, 34.33421759231527659, 10.00099999999999945 ) ) ;
#1561 = SURFACE_STYLE_USAGE ( .BOTH. , #4455 ) ;
#1562 = DIRECTION ( 'NONE',  ( 0.9999999924245159821, -0.0001230892683151790486, 0.000000000000000000 ) ) ;
#1563 = EDGE_CURVE ( 'NONE', #134, #495, #5764, .T. ) ;
#1564 = DIRECTION ( 'NONE',  ( 0.000000000000000000, 1.000000000000000000, 0.000000000000000000 ) ) ;
#1565 = VERTEX_POINT ( 'NONE', #2475 ) ;
#1566 = CARTESIAN_POINT ( 'NONE',  ( 9.875044450089788484, 53.13706121412302252, 4.000000000000000000 ) ) ;
#1567 = AXIS2_PLACEMENT_3D ( 'NONE', #35, #3977, #3443 ) ;
#1568 = CARTESIAN_POINT ( 'NONE',  ( 53.48264078761654616, 52.37490806565516266, 4.000000000000000000 ) ) ;
#1569 = VECTOR ( 'NONE', #6239, 1000.000000000000000 ) ;
#1570 = DIRECTION ( 'NONE',  ( -1.000000000000000000, 0.000000000000000000, 0.000000000000000000 ) ) ;
#1571 = DIRECTION ( 'NONE',  ( 0.5773502691896212902, -0.5773502691896212902, -0.5773502691896346128 ) ) ;
#1572 = VERTEX_POINT ( 'NONE', #5831 ) ;
#1573 = VERTEX_POINT ( 'NONE', #1856 ) ;
#1574 = VECTOR ( 'NONE', #3065, 1000.000000000000000 ) ;
#1575 = AXIS2_PLACEMENT_3D ( 'NONE', #1560, #2932, #1116 ) ;
#1576 = ORIENTED_EDGE ( 'NONE', *, *, #1292, .F. ) ;
#1577 = VERTEX_POINT ( 'NONE', #3471 ) ;
#1578 = DIRECTION ( 'NONE',  ( -0.000000000000000000, -0.000000000000000000, -1.000000000000000000 ) ) ;
#1579 = DIRECTION ( 'NONE',  ( -1.000000000000000000, 0.000000000000000000, 0.000000000000000000 ) ) ;
#1580 = LINE ( 'NONE', #5459, #3444 ) ;
#1581 = CARTESIAN_POINT ( 'NONE',  ( 62.89024130048304073, 35.63617221234400034, -7.875958507980477918 ) ) ;
#1582 = VECTOR ( 'NONE', #4663, 1000.000000000000000 ) ;
#1583 = VECTOR ( 'NONE', #3750, 1000.000000000000000 ) ;
#1584 = ORIENTED_EDGE ( 'NONE', *, *, #861, .F. ) ;
#1585 = EDGE_CURVE ( 'NONE', #4539, #1586, #4427, .T. ) ;
#1586 = VERTEX_POINT ( 'NONE', #3856 ) ;
#1587 = VECTOR ( 'NONE', #3128, 1000.000000000000000 ) ;
#1588 = LINE ( 'NONE', #4570, #104 ) ;
#1589 = VERTEX_POINT ( 'NONE', #2889 ) ;
#1590 = CARTESIAN_POINT ( 'NONE',  ( 19.49412907291898733, 26.94626106892528128, 9.600000000000008527 ) ) ;
#1591 = CARTESIAN_POINT ( 'NONE',  ( 0.000000000000000000, 0.000000000000000000, 6.000000000000000000 ) ) ;
#1592 = DIRECTION ( 'NONE',  ( 0.7071067811865455743, -0.7071067811865493491, 0.000000000000000000 ) ) ;
#1593 = DIRECTION ( 'NONE',  ( -0.000000000000000000, -0.000000000000000000, 1.000000000000000000 ) ) ;
#1594 =( NAMED_UNIT ( * ) SI_UNIT ( $, .STERADIAN. ) SOLID_ANGLE_UNIT ( ) );
#1595 = CARTESIAN_POINT ( 'NONE',  ( 11.61402484566509052, 10.43412586068145842, 0.000000000000000000 ) ) ;
#1596 = EDGE_CURVE ( 'NONE', #5190, #1952, #1442, .T. ) ;
#1597 = EDGE_CURVE ( 'NONE', #3053, #3112, #34, .T. ) ;
#1598 = DIRECTION ( 'NONE',  ( 0.000000000000000000, 1.000000000000000000, 0.000000000000000000 ) ) ;
#1599 = EDGE_LOOP ( 'NONE', ( #3826, #30, #5044, #811, #3202, #1827 ) ) ;
#1600 = DIRECTION ( 'NONE',  ( 1.168223555568299567E-15, 0.7071067811865567876, 0.7071067811865382469 ) ) ;
#1601 = CARTESIAN_POINT ( 'NONE',  ( 17.89412907291898591, 26.94626106892528128, 10.00000000000000000 ) ) ;
#1602 = PLANE ( 'NONE',  #792 ) ;
#1603 = ORIENTED_EDGE ( 'NONE', *, *, #1717, .T. ) ;
#1604 = ADVANCED_FACE ( 'NONE', ( #5801 ), #2955, .T. ) ;
#1605 = VECTOR ( 'NONE', #2624, 1000.000000000000114 ) ;
#1606 = LINE ( 'NONE', #1636, #5982 ) ;
#1607 = EDGE_CURVE ( 'NONE', #2437, #1999, #5413, .T. ) ;
#1608 = VECTOR ( 'NONE', #3783, 1000.000000000000000 ) ;
#1609 = ORIENTED_EDGE ( 'NONE', *, *, #76, .T. ) ;
#1610 = ORIENTED_EDGE ( 'NONE', *, *, #1805, .F. ) ;
#1611 = FACE_OUTER_BOUND ( 'NONE', #4342, .T. ) ;
#1612 = DIRECTION ( 'NONE',  ( -5.782411586589358625E-16, -1.000000000000000000, 0.000000000000000000 ) ) ;
#1613 = CARTESIAN_POINT ( 'NONE',  ( 74.91692151384303600, 8.415085090169998949, 0.3999999999999906408 ) ) ;
#1614 = FACE_OUTER_BOUND ( 'NONE', #6096, .T. ) ;
#1615 = VECTOR ( 'NONE', #4083, 1000.000000000000114 ) ;
#1616 = VERTEX_POINT ( 'NONE', #4837 ) ;
#1617 = EDGE_LOOP ( 'NONE', ( #1511, #2735, #2336, #4211, #2170 ) ) ;
#1618 = CARTESIAN_POINT ( 'NONE',  ( 24.61060500309818622, 30.68592075184099599, 4.000000000000000000 ) ) ;
#1619 = ORIENTED_EDGE ( 'NONE', *, *, #1126, .T. ) ;
#1620 = CARTESIAN_POINT ( 'NONE',  ( 74.41423944072103325, 5.000000000000023093, 10.00099999999999945 ) ) ;
#1621 = PLANE ( 'NONE',  #378 ) ;
#1622 = PLANE ( 'NONE',  #4486 ) ;
#1623 = CARTESIAN_POINT ( 'NONE',  ( 8.888803657608024267, 56.44252476504900073, 0.4000000000000027978 ) ) ;
#1624 = DIRECTION ( 'NONE',  ( 1.000000000000000000, 0.000000000000000000, 0.000000000000000000 ) ) ;
#1625 = EDGE_CURVE ( 'NONE', #248, #1284, #6245, .T. ) ;
#1626 = LINE ( 'NONE', #3594, #1066 ) ;
#1627 = AXIS2_PLACEMENT_3D ( 'NONE', #1119, #3625, #3082 ) ;
#1628 = CARTESIAN_POINT ( 'NONE',  ( 40.83180065388673796, 43.69286487643512373, 3.099885383663021798 ) ) ;
#1629 = ORIENTED_EDGE ( 'NONE', *, *, #1585, .F. ) ;
#1630 = LINE ( 'NONE', #5926, #413 ) ;
#1631 = ADVANCED_FACE ( 'NONE', ( #3944 ), #4369, .T. ) ;
#1632 = FACE_BOUND ( 'NONE', #1731, .T. ) ;
#1633 = LINE ( 'NONE', #5997, #6315 ) ;
#1634 = VERTEX_POINT ( 'NONE', #7 ) ;
#1635 = VECTOR ( 'NONE', #789, 1000.000000000000000 ) ;
#1636 = CARTESIAN_POINT ( 'NONE',  ( 55.42884860408193504, 23.35317541498460159, 4.000000000000000000 ) ) ;
#1637 = EDGE_CURVE ( 'NONE', #2075, #3269, #1027, .T. ) ;
#1638 = VECTOR ( 'NONE', #3892, 999.9999999999998863 ) ;
#1639 = ORIENTED_EDGE ( 'NONE', *, *, #4078, .F. ) ;
#1640 = ORIENTED_EDGE ( 'NONE', *, *, #276, .F. ) ;
#1641 = PLANE ( 'NONE',  #2148 ) ;
#1642 = FACE_OUTER_BOUND ( 'NONE', #943, .T. ) ;
#1643 = EDGE_CURVE ( 'NONE', #5480, #639, #4398, .T. ) ;
#1644 = LINE ( 'NONE', #3610, #1899 ) ;
#1645 = CARTESIAN_POINT ( 'NONE',  ( 79.57474980950739507, 1.078464085573844520E-11, 10.00000000000000000 ) ) ;
#1646 = AXIS2_PLACEMENT_3D ( 'NONE', #3754, #6149, #5212 ) ;
#1647 = VERTEX_POINT ( 'NONE', #5861 ) ;
#1648 = CARTESIAN_POINT ( 'NONE',  ( 40.83180065388673796, 43.69286487643512373, 3.399999999999983036 ) ) ;
#1649 = CARTESIAN_POINT ( 'NONE',  ( 73.15243468099103552, 6.261804759730023484, 9.600000000000015632 ) ) ;
#1650 = ORIENTED_EDGE ( 'NONE', *, *, #87, .F. ) ;
#1651 = LINE ( 'NONE', #3038, #4859 ) ;
#1652 = CARTESIAN_POINT ( 'NONE',  ( 65.34807733323546586, 45.95871309031685570, 5.000000000000000000 ) ) ;
#1653 = LINE ( 'NONE', #3620, #1304 ) ;
#1654 = CARTESIAN_POINT ( 'NONE',  ( 73.55243468099102699, 20.19800273980832372, 10.00000000000000000 ) ) ;
#1655 = CARTESIAN_POINT ( 'NONE',  ( 40.83180065388673796, 43.69286487643512373, 3.399999999999983036 ) ) ;
#1656 = CARTESIAN_POINT ( 'NONE',  ( 5.400000000000114930, 11.61402484683418734, 0.000000000000000000 ) ) ;
#1657 = EDGE_CURVE ( 'NONE', #4288, #4115, #528, .T. ) ;
#1658 = FACE_OUTER_BOUND ( 'NONE', #5518, .T. ) ;
#1659 = ORIENTED_EDGE ( 'NONE', *, *, #1026, .F. ) ;
#1660 = DIRECTION ( 'NONE',  ( 1.000000000000000000, 0.000000000000000000, 0.000000000000000000 ) ) ;
#1661 = DIRECTION ( 'NONE',  ( -1.000000000000000000, 0.000000000000000000, 0.000000000000000000 ) ) ;
#1662 = CARTESIAN_POINT ( 'NONE',  ( 25.36039022804750687, 52.37490806565516266, 4.000000000000000000 ) ) ;
#1663 = VERTEX_POINT ( 'NONE', #3441 ) ;
#1664 = CARTESIAN_POINT ( 'NONE',  ( 2.724169710357899898, -2.724169710357899898, 10.00000000000000000 ) ) ;
#1665 = ORIENTED_EDGE ( 'NONE', *, *, #4506, .T. ) ;
#1666 = ORIENTED_EDGE ( 'NONE', *, *, #709, .F. ) ;
#1667 = CARTESIAN_POINT ( 'NONE',  ( 73.55243468099101278, 11.89462023854704320, 0.000000000000000000 ) ) ;
#1668 = CARTESIAN_POINT ( 'NONE',  ( 18.61060500309818977, 0.000000000000000000, 2.109999999999997211 ) ) ;
#1669 = CARTESIAN_POINT ( 'NONE',  ( 73.71952070086389597, -1.726823384434508983E-13, 0.3999999999999837019 ) ) ;
#1670 = CARTESIAN_POINT ( 'NONE',  ( 0.000000000000000000, 24.68592075184099954, 4.000000000000000000 ) ) ;
#1671 = EDGE_CURVE ( 'NONE', #5901, #1912, #4424, .T. ) ;
#1672 = VECTOR ( 'NONE', #4107, 1000.000000000000000 ) ;
#1673 = CONICAL_SURFACE ( 'NONE', #5152, 1.250000000000001110, 0.7853981633974393972 ) ;
#1674 = EDGE_CURVE ( 'NONE', #5825, #6283, #6051, .T. ) ;
#1675 = ORIENTED_EDGE ( 'NONE', *, *, #4968, .F. ) ;
#1676 = DIRECTION ( 'NONE',  ( 0.000000000000000000, 0.000000000000000000, -1.000000000000000000 ) ) ;
#1677 = CARTESIAN_POINT ( 'NONE',  ( 69.99726200581477542, 23.75317541498460727, 10.00000000000000000 ) ) ;
#1678 = AXIS2_PLACEMENT_3D ( 'NONE', #2926, #4428, #5922 ) ;
#1679 = EDGE_LOOP ( 'NONE', ( #3102, #3252, #6008, #2065 ) ) ;
#1680 = CARTESIAN_POINT ( 'NONE',  ( 25.24322697010724426, 52.49210017022573282, 4.000000000000000000 ) ) ;
#1681 = VECTOR ( 'NONE', #3838, 1000.000000000000000 ) ;
#1682 = DIRECTION ( 'NONE',  ( 0.000000000000000000, 0.000000000000000000, -1.000000000000000000 ) ) ;
#1683 = ADVANCED_FACE ( 'NONE', ( #663 ), #3077, .T. ) ;
#1684 = AXIS2_PLACEMENT_3D ( 'NONE', #2777, #4726, #5132 ) ;
#1685 = VECTOR ( 'NONE', #3369, 1000.000000000000114 ) ;
#1686 = CARTESIAN_POINT ( 'NONE',  ( 7.158251002322317369, 59.57470916941908712, 10.00000000000000000 ) ) ;
#1687 = DIRECTION ( 'NONE',  ( 9.324293839476711010E-05, 0.9999999956528771161, 0.000000000000000000 ) ) ;
#1688 = PLANE ( 'NONE',  #1850 ) ;
#1689 = MANIFOLD_SOLID_BREP ( '\X2\501289d2\X0\11', #3986 ) ;
#1690 = CARTESIAN_POINT ( 'NONE',  ( 0.000000000000000000, 59.97470916941908570, 4.000000000000000000 ) ) ;
#1691 = DIRECTION ( 'NONE',  ( -0.7071067811865352493, -0.000000000000000000, -0.7071067811865597852 ) ) ;
#1692 = ORIENTED_EDGE ( 'NONE', *, *, #6303, .F. ) ;
#1693 = CARTESIAN_POINT ( 'NONE',  ( 36.63180065388673512, 43.69286487643512373, 3.399999999999983036 ) ) ;
#1694 = DIRECTION ( 'NONE',  ( -0.000000000000000000, -0.000000000000000000, 1.000000000000000000 ) ) ;
#1695 = CARTESIAN_POINT ( 'NONE',  ( 26.96341630683302881, 27.27568961137899706, 2.109999999999996323 ) ) ;
#1696 = EDGE_LOOP ( 'NONE', ( #3161, #4667, #4841, #5156, #1039, #1763 ) ) ;
#1697 = ADVANCED_FACE ( 'NONE', ( #629 ), #5987, .F. ) ;
#1698 = DIRECTION ( 'NONE',  ( -0.7071067811863814834, -0.7071067811867136621, 0.000000000000000000 ) ) ;
#1699 = EDGE_LOOP ( 'NONE', ( #2579, #2313, #5863, #2117 ) ) ;
#1700 = EDGE_LOOP ( 'NONE', ( #3866, #2429, #5818, #2888 ) ) ;
#1701 = DIRECTION ( 'NONE',  ( -1.000000000000000000, 0.000000000000000000, 0.000000000000000000 ) ) ;
#1702 = CARTESIAN_POINT ( 'NONE',  ( 62.89024130048304073, 40.61884720954800088, -7.875958507980477918 ) ) ;
#1703 = VECTOR ( 'NONE', #6306, 999.9999999999998863 ) ;
#1704 = DIRECTION ( 'NONE',  ( 9.324293839476711010E-05, 0.9999999956528771161, 0.000000000000000000 ) ) ;
#1705 = VERTEX_POINT ( 'NONE', #2629 ) ;
#1706 = LINE ( 'NONE', #1670, #5567 ) ;
#1707 = VECTOR ( 'NONE', #3306, 1000.000000000000114 ) ;
#1708 = ORIENTED_EDGE ( 'NONE', *, *, #1156, .F. ) ;
#1709 = LINE ( 'NONE', #685, #1307 ) ;
#1710 = DIRECTION ( 'NONE',  ( -0.000000000000000000, -0.000000000000000000, 1.000000000000000000 ) ) ;
#1711 = ORIENTED_EDGE ( 'NONE', *, *, #1962, .T. ) ;
#1712 = CARTESIAN_POINT ( 'NONE',  ( -3.126387544042333211, 61.34820352588740633, 1.473612455957062917 ) ) ;
#1713 = CARTESIAN_POINT ( 'NONE',  ( 63.49024130048304215, 0.000000000000000000, 4.000000000000000000 ) ) ;
#1714 = AXIS2_PLACEMENT_3D ( 'NONE', #2036, #3931, #1131 ) ;
#1715 = ADVANCED_FACE ( 'NONE', ( #5444 ), #570, .F. ) ;
#1716 = DIRECTION ( 'NONE',  ( 0.000000000000000000, -0.000000000000000000, 1.000000000000000000 ) ) ;
#1717 = EDGE_CURVE ( 'NONE', #2909, #1577, #4548, .T. ) ;
#1718 = EDGE_CURVE ( 'NONE', #1840, #1845, #5565, .T. ) ;
#1719 = CARTESIAN_POINT ( 'NONE',  ( 55.24511320246803336, 59.97470916941927044, 0.3999999999999837019 ) ) ;
#1720 = LINE ( 'NONE', #4130, #3084 ) ;
#1721 = DIRECTION ( 'NONE',  ( -0.000000000000000000, 1.000000000000000000, 0.000000000000000000 ) ) ;
#1722 = EDGE_CURVE ( 'NONE', #5609, #2066, #3529, .T. ) ;
#1723 = FACE_OUTER_BOUND ( 'NONE', #5487, .T. ) ;
#1724 = ORIENTED_EDGE ( 'NONE', *, *, #441, .T. ) ;
#1725 = CARTESIAN_POINT ( 'NONE',  ( 0.000000000000000000, 23.75317541498460727, 10.00000000000000000 ) ) ;
#1726 = FACE_OUTER_BOUND ( 'NONE', #1811, .T. ) ;
#1727 = FACE_OUTER_BOUND ( 'NONE', #3066, .T. ) ;
#1728 = ORIENTED_EDGE ( 'NONE', *, *, #5463, .F. ) ;
#1729 = DIRECTION ( 'NONE',  ( -2.200518442539860347E-16, 0.7071067811865536790, 0.7071067811865414665 ) ) ;
#1730 = AXIS2_PLACEMENT_3D ( 'NONE', #4367, #6310, #3884 ) ;
#1731 = EDGE_LOOP ( 'NONE', ( #775, #440, #4852, #4563 ) ) ;
#1732 = VERTEX_POINT ( 'NONE', #5535 ) ;
#1733 = ORIENTED_EDGE ( 'NONE', *, *, #1244, .F. ) ;
#1734 = VECTOR ( 'NONE', #5018, 1000.000000000000000 ) ;
#1735 = DIRECTION ( 'NONE',  ( 1.000000000000000000, 0.000000000000000000, 0.000000000000000000 ) ) ;
#1736 = LINE ( 'NONE', #5710, #4608 ) ;
#1737 = CARTESIAN_POINT ( 'NONE',  ( 9.875044450089788484, 53.13706121412302252, 4.000000000000000000 ) ) ;
#1738 = EDGE_LOOP ( 'NONE', ( #636, #1079, #4828, #529 ) ) ;
#1739 = DIRECTION ( 'NONE',  ( -1.000000000000000000, 0.000000000000000000, 0.000000000000000000 ) ) ;
#1740 = VECTOR ( 'NONE', #5091, 1000.000000000000000 ) ;
#1741 = EDGE_CURVE ( 'NONE', #4807, #3597, #2536, .T. ) ;
#1742 = VERTEX_POINT ( 'NONE', #2082 ) ;
#1743 = CARTESIAN_POINT ( 'NONE',  ( 12.07132469877179126, 50.33421759231526948, 4.000000000000000000 ) ) ;
#1744 = CARTESIAN_POINT ( 'NONE',  ( 0.000000000000000000, 41.21884720954800940, 4.000000000000000000 ) ) ;
#1745 = ORIENTED_EDGE ( 'NONE', *, *, #5912, .T. ) ;
#1746 = CARTESIAN_POINT ( 'NONE',  ( 55.40981757162895605, 59.57470916941927186, 10.00000000000000000 ) ) ;
#1747 = STYLED_ITEM ( 'NONE', ( #2567 ), #1689 ) ;
#1748 = CARTESIAN_POINT ( 'NONE',  ( 24.39487291362403099, 59.35339717067414256, 6.000000000000000000 ) ) ;
#1749 = CARTESIAN_POINT ( 'NONE',  ( 39.98996243283495744, 39.98996243283515639, 0.000000000000000000 ) ) ;
#1750 = FACE_OUTER_BOUND ( 'NONE', #2900, .T. ) ;
#1751 = DIRECTION ( 'NONE',  ( -9.324293839476711010E-05, -0.9999999956528771161, 0.000000000000000000 ) ) ;
#1752 = ADVANCED_FACE ( 'NONE', ( #159 ), #4519, .T. ) ;
#1753 = EDGE_CURVE ( 'NONE', #2421, #237, #3976, .T. ) ;
#1754 = EDGE_CURVE ( 'NONE', #4212, #5009, #4958, .T. ) ;
#1755 = LINE ( 'NONE', #5182, #1221 ) ;
#1756 = ORIENTED_EDGE ( 'NONE', *, *, #2789, .T. ) ;
#1757 = CARTESIAN_POINT ( 'NONE',  ( 18.61060500309818977, 0.000000000000000000, -17.84112027324191629 ) ) ;
#1758 = CARTESIAN_POINT ( 'NONE',  ( 31.86432847360605436, 30.71492937061825046, 19.16452013047557301 ) ) ;
#1759 = CARTESIAN_POINT ( 'NONE',  ( 6.293389235082327845E-14, 38.09286487643519337, 4.000000000000000000 ) ) ;
#1760 = ORIENTED_EDGE ( 'NONE', *, *, #2916, .T. ) ;
#1761 = PLANE ( 'NONE',  #4150 ) ;
#1762 = ADVANCED_FACE ( 'NONE', ( #3501 ), #1054, .T. ) ;
#1763 = ORIENTED_EDGE ( 'NONE', *, *, #1990, .F. ) ;
#1764 = ADVANCED_FACE ( 'NONE', ( #5112 ), #5729, .F. ) ;
#1765 = VERTEX_POINT ( 'NONE', #2179 ) ;
#1766 = ORIENTED_EDGE ( 'NONE', *, *, #454, .F. ) ;
#1767 = DIRECTION ( 'NONE',  ( 1.259290296542222077E-16, -1.000000000000000000, 0.000000000000000000 ) ) ;
#1768 = DIRECTION ( 'NONE',  ( 0.7061519002946796686, -0.7080603743397965166, 0.000000000000000000 ) ) ;
#1769 = CARTESIAN_POINT ( 'NONE',  ( 76.16692151384303600, 8.415085090169998949, 9.600000000000019185 ) ) ;
#1770 = DIRECTION ( 'NONE',  ( 0.6785983445458736441, -0.2810846377148547015, 0.6785983445458062535 ) ) ;
#1771 = VERTEX_POINT ( 'NONE', #1306 ) ;
#1772 = ORIENTED_EDGE ( 'NONE', *, *, #4430, .F. ) ;
#1773 = CARTESIAN_POINT ( 'NONE',  ( 55.42884860408194214, 26.75317541498458951, 4.000000000000000000 ) ) ;
#1774 = LINE ( 'NONE', #5688, #5320 ) ;
#1775 = ORIENTED_EDGE ( 'NONE', *, *, #3695, .T. ) ;
#1776 = CARTESIAN_POINT ( 'NONE',  ( 36.63180065388673512, 38.69286487643513084, 3.399999999999983036 ) ) ;
#1777 = VECTOR ( 'NONE', #4435, 1000.000000000000000 ) ;
#1778 = AXIS2_PLACEMENT_3D ( 'NONE', #877, #4786, #5742 ) ;
#1779 = ADVANCED_FACE ( 'NONE', ( #1750 ), #5143, .T. ) ;
#1780 = ORIENTED_EDGE ( 'NONE', *, *, #1088, .F. ) ;
#1781 = VECTOR ( 'NONE', #474, 1000.000000000000114 ) ;
#1782 = LINE ( 'NONE', #1336, #1707 ) ;
#1783 = AXIS2_PLACEMENT_3D ( 'NONE', #4888, #3903, #4856 ) ;
#1784 = PLANE ( 'NONE',  #354 ) ;
#1785 = DIRECTION ( 'NONE',  ( -0.7070197385735585982, 0.7071938130861842309, 0.000000000000000000 ) ) ;
#1786 = AXIS2_PLACEMENT_3D ( 'NONE', #5155, #298, #2256 ) ;
#1787 = VECTOR ( 'NONE', #1161, 1000.000000000000000 ) ;
#1788 = PLANE ( 'NONE',  #6034 ) ;
#1789 = ORIENTED_EDGE ( 'NONE', *, *, #4266, .F. ) ;
#1790 = EDGE_CURVE ( 'NONE', #6154, #6293, #1720, .T. ) ;
#1791 = DIRECTION ( 'NONE',  ( -1.000000000000000000, 0.000000000000000000, -0.000000000000000000 ) ) ;
#1792 = CARTESIAN_POINT ( 'NONE',  ( 68.84554510519168957, 8.664127162961090534, -8.782411813648538512 ) ) ;
#1793 = DIRECTION ( 'NONE',  ( -1.000000000000000000, 0.000000000000000000, -0.000000000000000000 ) ) ;
#1794 = VERTEX_POINT ( 'NONE', #4196 ) ;
#1795 = LINE ( 'NONE', #673, #5786 ) ;
#1796 = EDGE_CURVE ( 'NONE', #5757, #5653, #5180, .T. ) ;
#1797 = ORIENTED_EDGE ( 'NONE', *, *, #2547, .F. ) ;
#1798 = ORIENTED_EDGE ( 'NONE', *, *, #37, .T. ) ;
#1799 = ORIENTED_EDGE ( 'NONE', *, *, #3993, .F. ) ;
#1800 = EDGE_CURVE ( 'NONE', #1915, #653, #256, .T. ) ;
#1801 = CARTESIAN_POINT ( 'NONE',  ( 48.63205155549030678, 21.24268731257168952, 29.31602577774515694 ) ) ;
#1802 = DIRECTION ( 'NONE',  ( -1.000000000000000000, 0.000000000000000000, 0.000000000000000000 ) ) ;
#1803 = LINE ( 'NONE', #5131, #5476 ) ;
#1804 = PLANE ( 'NONE',  #58 ) ;
#1805 = EDGE_CURVE ( 'NONE', #5929, #4571, #2215, .T. ) ;
#1806 = VECTOR ( 'NONE', #2689, 1000.000000000000114 ) ;
#1807 = EDGE_LOOP ( 'NONE', ( #3316, #4433, #2713, #299 ) ) ;
#1808 = VERTEX_POINT ( 'NONE', #5627 ) ;
#1809 = DIRECTION ( 'NONE',  ( -0.6168958546732717929, 0.7870447919190708408, 0.000000000000000000 ) ) ;
#1810 = FACE_OUTER_BOUND ( 'NONE', #1617, .T. ) ;
#1811 = EDGE_LOOP ( 'NONE', ( #4469, #1099, #3059, #3248 ) ) ;
#1812 = FACE_OUTER_BOUND ( 'NONE', #2434, .T. ) ;
#1813 = CIRCLE ( 'NONE', #4685, 1.649999999999998579 ) ;
#1814 = ORIENTED_EDGE ( 'NONE', *, *, #3384, .F. ) ;
#1815 = DIRECTION ( 'NONE',  ( -1.000000000000000000, 0.000000000000000000, 0.000000000000000000 ) ) ;
#1816 = VECTOR ( 'NONE', #1947, 1000.000000000000114 ) ;
#1817 = DIRECTION ( 'NONE',  ( -0.000000000000000000, -0.000000000000000000, 1.000000000000000000 ) ) ;
#1818 = PLANE ( 'NONE',  #1135 ) ;
#1819 = VECTOR ( 'NONE', #4916, 1000.000000000000000 ) ;
#1820 = ADVANCED_FACE ( 'NONE', ( #1242 ), #1688, .F. ) ;
#1821 = PLANE ( 'NONE',  #3393 ) ;
#1822 = ORIENTED_EDGE ( 'NONE', *, *, #2902, .T. ) ;
#1823 = DIRECTION ( 'NONE',  ( -0.7071067811865475727, 0.000000000000000000, -0.7071067811865475727 ) ) ;
#1824 = CARTESIAN_POINT ( 'NONE',  ( 12.55661745030439924, -12.55661745031085630, 0.000000000000000000 ) ) ;
#1825 = LINE ( 'NONE', #1759, #6320 ) ;
#1826 = VERTEX_POINT ( 'NONE', #3658 ) ;
#1827 = ORIENTED_EDGE ( 'NONE', *, *, #6021, .F. ) ;
#1828 = ORIENTED_EDGE ( 'NONE', *, *, #3883, .T. ) ;
#1829 = ADVANCED_FACE ( 'NONE', ( #762 ), #2246, .F. ) ;
#1830 = ORIENTED_EDGE ( 'NONE', *, *, #3012, .T. ) ;
#1831 = CARTESIAN_POINT ( 'NONE',  ( 74.51692151384304452, 8.415085090169998949, 0.000000000000000000 ) ) ;
#1832 = LINE ( 'NONE', #3799, #1847 ) ;
#1833 = DIRECTION ( 'NONE',  ( 1.000000000000000000, 1.355284293265842525E-13, -0.000000000000000000 ) ) ;
#1834 = LINE ( 'NONE', #218, #1302 ) ;
#1835 = ORIENTED_EDGE ( 'NONE', *, *, #2377, .T. ) ;
#1836 = VECTOR ( 'NONE', #1927, 1000.000000000000000 ) ;
#1837 = DIRECTION ( 'NONE',  ( 1.000000000000000000, 0.000000000000000000, 0.000000000000000000 ) ) ;
#1838 = EDGE_CURVE ( 'NONE', #876, #772, #4263, .T. ) ;
#1839 = EDGE_CURVE ( 'NONE', #1109, #3819, #3720, .T. ) ;
#1840 = VERTEX_POINT ( 'NONE', #4708 ) ;
#1841 = ADVANCED_FACE ( 'NONE', ( #5598 ), #2307, .T. ) ;
#1842 = ORIENTED_EDGE ( 'NONE', *, *, #4430, .T. ) ;
#1843 = CARTESIAN_POINT ( 'NONE',  ( 10.13880365760802604, 56.44252476504900073, 0.4000000000000027978 ) ) ;
#1844 = DIRECTION ( 'NONE',  ( 0.0001230892683152483562, 0.9999999924245159821, 0.000000000000000000 ) ) ;
#1845 = VERTEX_POINT ( 'NONE', #3246 ) ;
#1846 = LINE ( 'NONE', #2435, #2309 ) ;
#1847 = VECTOR ( 'NONE', #1351, 1000.000000000000000 ) ;
#1848 = ORIENTED_EDGE ( 'NONE', *, *, #914, .T. ) ;
#1849 = CARTESIAN_POINT ( 'NONE',  ( 60.17578496594466486, 40.21884720954800940, -3.469446951953614189E-15 ) ) ;
#1850 = AXIS2_PLACEMENT_3D ( 'NONE', #827, #695, #3180 ) ;
#1851 = DIRECTION ( 'NONE',  ( -1.000000000000000000, 0.000000000000000000, 0.000000000000000000 ) ) ;
#1852 = CARTESIAN_POINT ( 'NONE',  ( 6.992565577374029395, 5.000000000000023093, 10.00099999999999945 ) ) ;
#1853 = AXIS2_PLACEMENT_3D ( 'NONE', #2821, #32, #445 ) ;
#1854 = DIRECTION ( 'NONE',  ( 0.5006742921851446981, 0.4993247972461239970, 0.7071067811865628938 ) ) ;
#1855 = ORIENTED_EDGE ( 'NONE', *, *, #5693, .F. ) ;
#1856 = CARTESIAN_POINT ( 'NONE',  ( 5.000000000000125233, 12.01402484683418415, 4.000000000000000000 ) ) ;
#1857 = FACE_OUTER_BOUND ( 'NONE', #3155, .T. ) ;
#1858 = ORIENTED_EDGE ( 'NONE', *, *, #1521, .T. ) ;
#1859 = DIRECTION ( 'NONE',  ( -1.000000000000000000, 0.000000000000000000, 0.000000000000000000 ) ) ;
#1860 = ORIENTED_EDGE ( 'NONE', *, *, #2402, .T. ) ;
#1861 = ADVANCED_FACE ( 'NONE', ( #2761 ), #1818, .T. ) ;
#1862 = DIRECTION ( 'NONE',  ( -0.000000000000000000, -0.000000000000000000, 1.000000000000000000 ) ) ;
#1863 = ORIENTED_EDGE ( 'NONE', *, *, #65, .T. ) ;
#1864 = CARTESIAN_POINT ( 'NONE',  ( 18.61060500309818977, 28.37687710458049750, 4.000000000000000000 ) ) ;
#1865 = PLANE ( 'NONE',  #4305 ) ;
#1866 = DIRECTION ( 'NONE',  ( -1.355284293265842525E-13, 1.000000000000000000, 0.000000000000000000 ) ) ;
#1867 = DIRECTION ( 'NONE',  ( -0.5773502691896257311, 0.5773502691896257311, -0.5773502691896257311 ) ) ;
#1868 = ORIENTED_EDGE ( 'NONE', *, *, #637, .T. ) ;
#1869 = CARTESIAN_POINT ( 'NONE',  ( 79.97474980950003953, 54.29582948390102359, 10.00099999999999945 ) ) ;
#1870 = ORIENTED_EDGE ( 'NONE', *, *, #4926, .F. ) ;
#1871 = ORIENTED_EDGE ( 'NONE', *, *, #358, .F. ) ;
#1872 = EDGE_LOOP ( 'NONE', ( #4940, #2906 ) ) ;
#1873 = ORIENTED_EDGE ( 'NONE', *, *, #2005, .T. ) ;
#1874 = DIRECTION ( 'NONE',  ( 0.4999999999999883427, 0.4999999999999856781, 0.7071067811865660024 ) ) ;
#1875 = PLANE ( 'NONE',  #3693 ) ;
#1876 = VERTEX_POINT ( 'NONE', #4227 ) ;
#1877 = DIRECTION ( 'NONE',  ( -1.355284293265842525E-13, 1.000000000000000000, 0.000000000000000000 ) ) ;
#1878 = ADVANCED_FACE ( 'NONE', ( #2660 ), #223, .T. ) ;
#1879 = DIRECTION ( 'NONE',  ( -0.7071067811865475727, 0.000000000000000000, 0.7071067811865475727 ) ) ;
#1880 = EDGE_CURVE ( 'NONE', #1959, #2521, #3910, .T. ) ;
#1881 = ORIENTED_EDGE ( 'NONE', *, *, #1026, .T. ) ;
#1882 = DIRECTION ( 'NONE',  ( -0.000000000000000000, -0.000000000000000000, -1.000000000000000000 ) ) ;
#1883 = VECTOR ( 'NONE', #1443, 1000.000000000000000 ) ;
#1884 = DIRECTION ( 'NONE',  ( 0.7071067811865486830, -0.7071067811865464625, 0.000000000000000000 ) ) ;
#1885 = EDGE_CURVE ( 'NONE', #5456, #1378, #3940, .T. ) ;
#1886 = LINE ( 'NONE', #412, #4883 ) ;
#1887 = EDGE_CURVE ( 'NONE', #839, #6098, #5889, .T. ) ;
#1888 = AXIS2_PLACEMENT_3D ( 'NONE', #1549, #3583, #84 ) ;
#1889 = AXIS2_PLACEMENT_3D ( 'NONE', #1623, #4578, #1144 ) ;
#1890 = CARTESIAN_POINT ( 'NONE',  ( 5.871324698771779538, 34.33421759231527659, 9.600000000000015632 ) ) ;
#1891 = ORIENTED_EDGE ( 'NONE', *, *, #5992, .T. ) ;
#1892 = CARTESIAN_POINT ( 'NONE',  ( 32.14653210253800353, 28.88980021391638431, -17.84112027324191629 ) ) ;
#1893 = AXIS2_PLACEMENT_3D ( 'NONE', #2516, #4561, #46 ) ;
#1894 = DIRECTION ( 'NONE',  ( 0.7100637267678131526, 0.7041374183556817767, 0.000000000000000000 ) ) ;
#1895 = VECTOR ( 'NONE', #1141, 1000.000000000000114 ) ;
#1896 = VERTEX_POINT ( 'NONE', #5827 ) ;
#1897 = LINE ( 'NONE', #1933, #6197 ) ;
#1898 = VECTOR ( 'NONE', #5767, 1000.000000000000000 ) ;
#1899 = VECTOR ( 'NONE', #614, 1000.000000000000227 ) ;
#1900 = DIRECTION ( 'NONE',  ( 0.000000000000000000, 0.000000000000000000, -1.000000000000000000 ) ) ;
#1901 = ORIENTED_EDGE ( 'NONE', *, *, #40, .F. ) ;
#1902 = FACE_OUTER_BOUND ( 'NONE', #2287, .T. ) ;
#1903 = CARTESIAN_POINT ( 'NONE',  ( 76.16692151384303600, 56.44252476504900073, 10.00099999999999945 ) ) ;
#1904 = EDGE_CURVE ( 'NONE', #647, #6293, #2376, .T. ) ;
#1905 = CARTESIAN_POINT ( 'NONE',  ( 5.399999999999896438, -1.019194782752436440E-13, 0.000000000000000000 ) ) ;
#1906 = CARTESIAN_POINT ( 'NONE',  ( 79.97474980950003953, 54.29582948390102359, 9.600000000000013856 ) ) ;
#1907 = ORIENTED_EDGE ( 'NONE', *, *, #6021, .T. ) ;
#1908 = DIRECTION ( 'NONE',  ( -0.000000000000000000, -0.000000000000000000, -1.000000000000000000 ) ) ;
#1909 = VERTEX_POINT ( 'NONE', #1399 ) ;
#1910 = ORIENTED_EDGE ( 'NONE', *, *, #3063, .F. ) ;
#1911 = EDGE_LOOP ( 'NONE', ( #5978, #3135, #2453, #640 ) ) ;
#1912 = VERTEX_POINT ( 'NONE', #3881 ) ;
#1913 = CARTESIAN_POINT ( 'NONE',  ( 46.94653210253800779, 28.88980021391638431, 4.000000000000000000 ) ) ;
#1914 = CARTESIAN_POINT ( 'NONE',  ( 12.07195935263212938, 55.33397611666537586, 0.4000000000000114575 ) ) ;
#1915 = VERTEX_POINT ( 'NONE', #3342 ) ;
#1916 = LINE ( 'NONE', #2879, #1681 ) ;
#1917 = DIRECTION ( 'NONE',  ( 1.000000000000000000, -0.000000000000000000, 0.000000000000000000 ) ) ;
#1918 = VERTEX_POINT ( 'NONE', #2920 ) ;
#1919 = ORIENTED_EDGE ( 'NONE', *, *, #1800, .F. ) ;
#1920 = EDGE_CURVE ( 'NONE', #1826, #1586, #508, .T. ) ;
#1921 = FACE_OUTER_BOUND ( 'NONE', #3613, .T. ) ;
#1922 = LINE ( 'NONE', #1852, #6114 ) ;
#1923 = VECTOR ( 'NONE', #5622, 999.9999999999998863 ) ;
#1924 = ADVANCED_FACE ( 'NONE', ( #5795, #6273 ), #377, .T. ) ;
#1925 = EDGE_CURVE ( 'NONE', #4671, #3023, #4394, .T. ) ;
#1926 = AXIS2_PLACEMENT_3D ( 'NONE', #3314, #2738, #327 ) ;
#1927 = DIRECTION ( 'NONE',  ( -1.000000000000000000, 0.000000000000000000, 0.000000000000000000 ) ) ;
#1928 = EDGE_CURVE ( 'NONE', #488, #5731, #4896, .T. ) ;
#1929 = DIRECTION ( 'NONE',  ( 0.7071067811865509034, 4.503908432280221320E-16, -0.7071067811865442421 ) ) ;
#1930 = LINE ( 'NONE', #5832, #1883 ) ;
#1931 = ORIENTED_EDGE ( 'NONE', *, *, #6072, .F. ) ;
#1932 = VECTOR ( 'NONE', #677, 999.9999999999998863 ) ;
#1933 = CARTESIAN_POINT ( 'NONE',  ( 40.83180065388673796, 43.69286487643512373, 3.399999999999983036 ) ) ;
#1934 = CARTESIAN_POINT ( 'NONE',  ( 78.02984732797568768, 28.53771831048099017, 0.000000000000000000 ) ) ;
#1935 = ORIENTED_EDGE ( 'NONE', *, *, #2733, .T. ) ;
#1936 = CARTESIAN_POINT ( 'NONE',  ( 8.888803657608024267, 56.44252476504900073, 9.599999999999996092 ) ) ;
#1937 = DIRECTION ( 'NONE',  ( 1.887397745837881465E-14, 1.000000000000000000, 0.000000000000000000 ) ) ;
#1938 = DIRECTION ( 'NONE',  ( 0.7071067811865556774, 0.000000000000000000, 0.7071067811865393571 ) ) ;
#1939 = CARTESIAN_POINT ( 'NONE',  ( 7.638803657608024267, 8.415085090169998949, 9.600000000000022737 ) ) ;
#1940 = ORIENTED_EDGE ( 'NONE', *, *, #3888, .T. ) ;
#1941 = FACE_OUTER_BOUND ( 'NONE', #367, .T. ) ;
#1942 = ORIENTED_EDGE ( 'NONE', *, *, #5949, .T. ) ;
#1943 = ORIENTED_EDGE ( 'NONE', *, *, #5754, .T. ) ;
#1944 = ORIENTED_EDGE ( 'NONE', *, *, #316, .T. ) ;
#1945 = VERTEX_POINT ( 'NONE', #1985 ) ;
#1946 = VECTOR ( 'NONE', #2024, 999.9999999999998863 ) ;
#1947 = DIRECTION ( 'NONE',  ( 0.7071067811865474617, -0.7071067811865474617, -0.000000000000000000 ) ) ;
#1948 = CARTESIAN_POINT ( 'NONE',  ( 74.57992486567026447, 5.400000000000021672, 10.00000000000000000 ) ) ;
#1949 = VERTEX_POINT ( 'NONE', #2442 ) ;
#1950 = DIRECTION ( 'NONE',  ( -1.000000000000000000, 0.000000000000000000, -0.000000000000000000 ) ) ;
#1951 = CARTESIAN_POINT ( 'NONE',  ( 54.89647589698317631, 59.06565192864903224, 10.00000000000000000 ) ) ;
#1952 = VERTEX_POINT ( 'NONE', #3 ) ;
#1953 = VERTEX_POINT ( 'NONE', #2375 ) ;
#1954 = DIRECTION ( 'NONE',  ( -0.0001978291858416225061, -0.9999999804318063790, 0.000000000000000000 ) ) ;
#1955 = CARTESIAN_POINT ( 'NONE',  ( 5.400000000000914291, 57.81645816709683317, 0.000000000000000000 ) ) ;
#1956 = VECTOR ( 'NONE', #383, 1000.000000000000000 ) ;
#1957 = CARTESIAN_POINT ( 'NONE',  ( 54.42884860408192793, 27.75317541498460372, 10.00000000000000000 ) ) ;
#1958 = LINE ( 'NONE', #5954, #5977 ) ;
#1959 = VERTEX_POINT ( 'NONE', #1955 ) ;
#1960 = EDGE_CURVE ( 'NONE', #1120, #4530, #1439, .T. ) ;
#1961 = AXIS2_PLACEMENT_3D ( 'NONE', #6155, #2764, #5699 ) ;
#1962 = EDGE_CURVE ( 'NONE', #1037, #1572, #5118, .T. ) ;
#1963 = DIRECTION ( 'NONE',  ( 1.000000000000000000, 0.000000000000000000, 0.000000000000000000 ) ) ;
#1964 = EDGE_CURVE ( 'NONE', #4657, #1554, #1886, .T. ) ;
#1965 = LINE ( 'NONE', #1992, #3276 ) ;
#1966 = EDGE_LOOP ( 'NONE', ( #3432, #4144, #4236, #3705 ) ) ;
#1967 = FACE_OUTER_BOUND ( 'NONE', #711, .T. ) ;
#1968 = DIRECTION ( 'NONE',  ( -0.000000000000000000, -0.7071067811865352493, -0.7071067811865597852 ) ) ;
#1969 = LINE ( 'NONE', #2485, #679 ) ;
#1970 = ORIENTED_EDGE ( 'NONE', *, *, #1413, .T. ) ;
#1971 = EDGE_CURVE ( 'NONE', #982, #5422, #993, .T. ) ;
#1972 = EDGE_CURVE ( 'NONE', #362, #4825, #6241, .T. ) ;
#1973 = CARTESIAN_POINT ( 'NONE',  ( 62.89024130048304073, 40.61884720954800088, 0.3999999999999802602 ) ) ;
#1974 = EDGE_LOOP ( 'NONE', ( #1545, #1394, #4855, #5791 ) ) ;
#1975 = EDGE_CURVE ( 'NONE', #2152, #4479, #1922, .T. ) ;
#1976 = ORIENTED_EDGE ( 'NONE', *, *, #3419, .T. ) ;
#1977 = EDGE_LOOP ( 'NONE', ( #564, #3453, #2703, #53 ) ) ;
#1978 = LINE ( 'NONE', #1489, #5816 ) ;
#1979 = LINE ( 'NONE', #3932, #411 ) ;
#1980 = CARTESIAN_POINT ( 'NONE',  ( 79.57474980949953647, 57.98214359204596491, 10.00000000000000000 ) ) ;
#1981 = DIRECTION ( 'NONE',  ( -0.7100637267678131526, -0.7041374183556817767, 0.000000000000000000 ) ) ;
#1982 = ORIENTED_EDGE ( 'NONE', *, *, #860, .F. ) ;
#1983 = ORIENTED_EDGE ( 'NONE', *, *, #2718, .T. ) ;
#1984 = DIRECTION ( 'NONE',  ( -1.000000000000000000, 0.000000000000000000, 0.000000000000000000 ) ) ;
#1985 = CARTESIAN_POINT ( 'NONE',  ( 72.94807733323546017, 45.55871309031684291, 5.000000000000000000 ) ) ;
#1986 = EDGE_CURVE ( 'NONE', #2268, #6154, #285, .T. ) ;
#1987 = CARTESIAN_POINT ( 'NONE',  ( 73.15243468099103552, 0.000000000000000000, 4.000000000000000000 ) ) ;
#1988 = LINE ( 'NONE', #5988, #2404 ) ;
#1989 = EDGE_LOOP ( 'NONE', ( #4625, #242, #6029, #1042 ) ) ;
#1990 = EDGE_CURVE ( 'NONE', #1296, #4721, #3375, .T. ) ;
#1991 = VECTOR ( 'NONE', #6196, 1000.000000000000000 ) ;
#1992 = CARTESIAN_POINT ( 'NONE',  ( 62.89024130048304073, 40.61884720954800088, -7.875958507980477918 ) ) ;
#1993 = VECTOR ( 'NONE', #624, 1000.000000000000000 ) ;
#1994 = ORIENTED_EDGE ( 'NONE', *, *, #5209, .F. ) ;
#1995 = CARTESIAN_POINT ( 'NONE',  ( 62.89024130048304073, 40.61884720954800088, 3.399999999999983036 ) ) ;
#1996 = EDGE_CURVE ( 'NONE', #4522, #4089, #2886, .T. ) ;
#1997 = PLANE ( 'NONE',  #858 ) ;
#1998 = CARTESIAN_POINT ( 'NONE',  ( 12.55661745030439391, -12.55661745031085275, 0.000000000000000000 ) ) ;
#1999 = VERTEX_POINT ( 'NONE', #4485 ) ;
#2000 = DIRECTION ( 'NONE',  ( -0.6785983445458558805, 0.2810846377148301656, 0.6785983445458341201 ) ) ;
#2001 = ORIENTED_EDGE ( 'NONE', *, *, #2200, .F. ) ;
#2002 = VECTOR ( 'NONE', #494, 1000.000000000000000 ) ;
#2003 = ORIENTED_EDGE ( 'NONE', *, *, #3967, .T. ) ;
#2004 = VECTOR ( 'NONE', #6134, 1000.000000000000000 ) ;
#2005 = EDGE_CURVE ( 'NONE', #1647, #2521, #2017, .T. ) ;
#2006 = VERTEX_POINT ( 'NONE', #2563 ) ;
#2007 = ORIENTED_EDGE ( 'NONE', *, *, #5955, .T. ) ;
#2008 = DIRECTION ( 'NONE',  ( 0.000000000000000000, 0.000000000000000000, -1.000000000000000000 ) ) ;
#2009 = DIRECTION ( 'NONE',  ( -0.6785983445458587671, -0.2810846377148232822, -0.6785983445458340091 ) ) ;
#2010 = ADVANCED_FACE ( 'NONE', ( #1498 ), #4515, .T. ) ;
#2011 = CARTESIAN_POINT ( 'NONE',  ( 5.875044450089777825, 53.13706121412302252, 10.00099999999999945 ) ) ;
#2012 = FACE_OUTER_BOUND ( 'NONE', #3070, .T. ) ;
#2013 = ORIENTED_EDGE ( 'NONE', *, *, #4778, .F. ) ;
#2014 = ORIENTED_EDGE ( 'NONE', *, *, #191, .F. ) ;
#2015 = ORIENTED_EDGE ( 'NONE', *, *, #5868, .F. ) ;
#2016 = DIRECTION ( 'NONE',  ( 0.000000000000000000, 0.000000000000000000, -1.000000000000000000 ) ) ;
#2017 = LINE ( 'NONE', #64, #175 ) ;
#2018 = ADVANCED_FACE ( 'NONE', ( #5440 ), #568, .T. ) ;
#2019 = VECTOR ( 'NONE', #2869, 1000.000000000000114 ) ;
#2020 = CARTESIAN_POINT ( 'NONE',  ( 12.55661745030439924, -12.55661745031085630, 10.00000000000000000 ) ) ;
#2021 = FACE_OUTER_BOUND ( 'NONE', #78, .T. ) ;
#2022 = VECTOR ( 'NONE', #6215, 1000.000000000000000 ) ;
#2023 = EDGE_CURVE ( 'NONE', #3510, #4571, #4541, .T. ) ;
#2024 = DIRECTION ( 'NONE',  ( -0.7870447919190708408, -0.6168958546732717929, 0.000000000000000000 ) ) ;
#2025 = EDGE_LOOP ( 'NONE', ( #3955, #1640, #6328, #913 ) ) ;
#2026 = CARTESIAN_POINT ( 'NONE',  ( 80.94014015942615003, 6.592687801449496732, 1.365390349926102864 ) ) ;
#2027 = CIRCLE ( 'NONE', #6217, 1.649999999999998579 ) ;
#2028 = CYLINDRICAL_SURFACE ( 'NONE', #4030, 1.600000000000000755 ) ;
#2029 = CARTESIAN_POINT ( 'NONE',  ( 15.40376155339788866, 23.35317541498461225, 4.000000000000000000 ) ) ;
#2030 = ORIENTED_EDGE ( 'NONE', *, *, #4259, .T. ) ;
#2031 = DIRECTION ( 'NONE',  ( 1.887397745837881465E-14, 1.000000000000000000, 0.000000000000000000 ) ) ;
#2032 = ORIENTED_EDGE ( 'NONE', *, *, #3535, .F. ) ;
#2033 = EDGE_CURVE ( 'NONE', #3597, #6234, #5500, .T. ) ;
#2034 = VERTEX_POINT ( 'NONE', #5047 ) ;
#2035 = VERTEX_POINT ( 'NONE', #597 ) ;
#2036 = CARTESIAN_POINT ( 'NONE',  ( 36.63180065388673512, 43.69286487643512373, 3.099885383663021798 ) ) ;
#2037 = CARTESIAN_POINT ( 'NONE',  ( 24.15537245830518742, 49.46624416020436854, 2.291336094549187408 ) ) ;
#2038 = CARTESIAN_POINT ( 'NONE',  ( 59.77578496594467339, 40.61884720954800088, 3.399999999999983036 ) ) ;
#2039 = DIRECTION ( 'NONE',  ( -0.5773502691896225114, 0.5773502691896224004, -0.5773502691896323924 ) ) ;
#2040 = ADVANCED_FACE ( 'NONE', ( #151 ), #4955, .T. ) ;
#2041 = EDGE_CURVE ( 'NONE', #2802, #702, #4091, .T. ) ;
#2042 = ORIENTED_EDGE ( 'NONE', *, *, #1286, .F. ) ;
#2043 = ADVANCED_FACE ( 'NONE', ( #2141 ), #1621, .F. ) ;
#2044 = ORIENTED_EDGE ( 'NONE', *, *, #3166, .F. ) ;
#2045 = PLANE ( 'NONE',  #5723 ) ;
#2046 = EDGE_LOOP ( 'NONE', ( #5208, #2742, #5467, #4060 ) ) ;
#2047 = LINE ( 'NONE', #4090, #457 ) ;
#2048 = DIRECTION ( 'NONE',  ( -0.000000000000000000, 0.000000000000000000, 1.000000000000000000 ) ) ;
#2049 = ADVANCED_FACE ( 'NONE', ( #539 ), #184, .F. ) ;
#2050 = VECTOR ( 'NONE', #2204, 1000.000000000000000 ) ;
#2051 = CARTESIAN_POINT ( 'NONE',  ( 8.888803657608024267, 56.44252476504900073, 10.00000000000000000 ) ) ;
#2052 = DIRECTION ( 'NONE',  ( -0.000000000000000000, -0.000000000000000000, -1.000000000000000000 ) ) ;
#2053 = EDGE_LOOP ( 'NONE', ( #1321, #4009, #4836, #1313 ) ) ;
#2054 = FACE_OUTER_BOUND ( 'NONE', #2431, .T. ) ;
#2055 = ORIENTED_EDGE ( 'NONE', *, *, #6033, .F. ) ;
#2056 = VECTOR ( 'NONE', #4331, 1000.000000000000000 ) ;
#2057 = CYLINDRICAL_SURFACE ( 'NONE', #3797, 1.250000000000000222 ) ;
#2058 = DIRECTION ( 'NONE',  ( 1.000000000000000000, 0.000000000000000000, 0.000000000000000000 ) ) ;
#2059 = CARTESIAN_POINT ( 'NONE',  ( 54.78032046665801147, 26.48454626488301145, 8.951471862576106275 ) ) ;
#2060 = VERTEX_POINT ( 'NONE', #4990 ) ;
#2061 = EDGE_CURVE ( 'NONE', #6130, #2258, #4062, .T. ) ;
#2062 = DIRECTION ( 'NONE',  ( 0.2810846377148401576, 0.6785983445458546592, 0.6785983445458311225 ) ) ;
#2063 = ORIENTED_EDGE ( 'NONE', *, *, #2593, .T. ) ;
#2064 = ORIENTED_EDGE ( 'NONE', *, *, #5799, .T. ) ;
#2065 = ORIENTED_EDGE ( 'NONE', *, *, #4198, .F. ) ;
#2066 = VERTEX_POINT ( 'NONE', #3006 ) ;
#2067 = CARTESIAN_POINT ( 'NONE',  ( 40.17385472200789565, 40.17385472200789565, 10.00000000000000000 ) ) ;
#2068 = CARTESIAN_POINT ( 'NONE',  ( 40.83180065388673796, 38.69286487643512373, -6.830045703262805468 ) ) ;
#2069 = CARTESIAN_POINT ( 'NONE',  ( 77.41692151384303600, 8.415085090169998949, 0.3999999999999906408 ) ) ;
#2070 = DIRECTION ( 'NONE',  ( -1.000000000000000000, 0.000000000000000000, 0.000000000000000000 ) ) ;
#2071 = VERTEX_POINT ( 'NONE', #4002 ) ;
#2072 = ORIENTED_EDGE ( 'NONE', *, *, #5724, .F. ) ;
#2073 = EDGE_CURVE ( 'NONE', #301, #750, #1400, .T. ) ;
#2074 = CARTESIAN_POINT ( 'NONE',  ( 74.91692151384303600, 8.415085090169998949, 9.600000000000019185 ) ) ;
#2075 = VERTEX_POINT ( 'NONE', #1556 ) ;
#2076 = DIRECTION ( 'NONE',  ( -0.000000000000000000, -0.000000000000000000, -1.000000000000000000 ) ) ;
#2077 = CARTESIAN_POINT ( 'NONE',  ( 9.350588699533748382, 7.103231374242390039, -2.263436146131258653 ) ) ;
#2078 = EDGE_CURVE ( 'NONE', #804, #6275, #4027, .T. ) ;
#2079 = FACE_OUTER_BOUND ( 'NONE', #2403, .T. ) ;
#2080 = EDGE_CURVE ( 'NONE', #5215, #4813, #3525, .T. ) ;
#2081 = DIRECTION ( 'NONE',  ( 1.000000000000000000, -2.342423510106018633E-15, 0.000000000000000000 ) ) ;
#2082 = CARTESIAN_POINT ( 'NONE',  ( 63.49024130048304215, 41.21884720954800940, 4.000000000000000000 ) ) ;
#2083 = LINE ( 'NONE', #2448, #2408 ) ;
#2084 = EDGE_CURVE ( 'NONE', #4115, #4288, #4678, .T. ) ;
#2085 = VERTEX_POINT ( 'NONE', #5022 ) ;
#2086 = FACE_OUTER_BOUND ( 'NONE', #5720, .T. ) ;
#2087 = ORIENTED_EDGE ( 'NONE', *, *, #5864, .F. ) ;
#2088 = FACE_OUTER_BOUND ( 'NONE', #2046, .T. ) ;
#2089 = AXIS2_PLACEMENT_3D ( 'NONE', #1063, #1968, #547 ) ;
#2090 = DIRECTION ( 'NONE',  ( -1.000000000000000000, 0.000000000000000000, 0.000000000000000000 ) ) ;
#2091 = VECTOR ( 'NONE', #662, 999.9999999999998863 ) ;
#2092 = LINE ( 'NONE', #1153, #6117 ) ;
#2093 = VERTEX_POINT ( 'NONE', #2592 ) ;
#2094 = LINE ( 'NONE', #3956, #5673 ) ;
#2095 = CONICAL_SURFACE ( 'NONE', #561, 1.250000000000000222, 0.7853981633974600474 ) ;
#2096 = AXIS2_PLACEMENT_3D ( 'NONE', #1525, #3495, #4513 ) ;
#2097 = ORIENTED_EDGE ( 'NONE', *, *, #518, .T. ) ;
#2098 = ORIENTED_EDGE ( 'NONE', *, *, #2824, .F. ) ;
#2099 = FACE_OUTER_BOUND ( 'NONE', #1257, .T. ) ;
#2100 = CARTESIAN_POINT ( 'NONE',  ( 5.400000000000900968, 54.01736618697488979, 10.00000000000000000 ) ) ;
#2101 = DIRECTION ( 'NONE',  ( 0.000000000000000000, -1.000000000000000000, 0.000000000000000000 ) ) ;
#2102 = LINE ( 'NONE', #5460, #5055 ) ;
#2103 = VECTOR ( 'NONE', #4237, 1000.000000000000000 ) ;
#2104 = VECTOR ( 'NONE', #5492, 1000.000000000000000 ) ;
#2105 = ORIENTED_EDGE ( 'NONE', *, *, #1796, .F. ) ;
#2106 = ORIENTED_EDGE ( 'NONE', *, *, #2768, .F. ) ;
#2107 = VECTOR ( 'NONE', #6214, 1000.000000000000000 ) ;
#2108 = LINE ( 'NONE', #1649, #4710 ) ;
#2109 = ORIENTED_EDGE ( 'NONE', *, *, #1214, .T. ) ;
#2110 = CARTESIAN_POINT ( 'NONE',  ( 41.14600589160732369, 24.63601812745921293, 10.00000000000000000 ) ) ;
#2111 = DIRECTION ( 'NONE',  ( 0.5000000000000150990, -0.4999999999999975020, 0.7071067811865385799 ) ) ;
#2112 = CARTESIAN_POINT ( 'NONE',  ( 76.16692151384303600, 56.44252476504900073, 10.00000000000000000 ) ) ;
#2113 = EDGE_CURVE ( 'NONE', #3819, #2996, #5411, .T. ) ;
#2114 = PLANE ( 'NONE',  #1575 ) ;
#2115 = DIRECTION ( 'NONE',  ( -0.000000000000000000, 0.000000000000000000, 1.000000000000000000 ) ) ;
#2116 = DIRECTION ( 'NONE',  ( -0.5773502691896293948, -0.5773502691896287287, -0.5773502691896191807 ) ) ;
#2117 = ORIENTED_EDGE ( 'NONE', *, *, #4897, .F. ) ;
#2118 = EDGE_CURVE ( 'NONE', #248, #5731, #689, .T. ) ;
#2119 = EDGE_CURVE ( 'NONE', #4825, #1742, #5775, .T. ) ;
#2120 = CARTESIAN_POINT ( 'NONE',  ( 22.25816291946610548, 51.11471245018986309, 10.58620356683398533 ) ) ;
#2121 = ORIENTED_EDGE ( 'NONE', *, *, #6111, .F. ) ;
#2122 = CARTESIAN_POINT ( 'NONE',  ( 40.83180065388673796, 43.69286487643512373, 3.399999999999983036 ) ) ;
#2123 = CARTESIAN_POINT ( 'NONE',  ( 6.992565577373027530, 59.97470916941908570, 0.4000000000000114575 ) ) ;
#2124 = LINE ( 'NONE', #4076, #1003 ) ;
#2125 = ORIENTED_EDGE ( 'NONE', *, *, #3727, .F. ) ;
#2126 = VECTOR ( 'NONE', #6046, 1000.000000000000000 ) ;
#2127 = PLANE ( 'NONE',  #4864 ) ;
#2128 = ADVANCED_FACE ( 'NONE', ( #3172 ), #4127, .T. ) ;
#2129 = AXIS2_PLACEMENT_3D ( 'NONE', #2112, #2729, #5533 ) ;
#2130 = ORIENTED_EDGE ( 'NONE', *, *, #6070, .T. ) ;
#2131 = ORIENTED_EDGE ( 'NONE', *, *, #2199, .T. ) ;
#2132 = DIRECTION ( 'NONE',  ( -1.000000000000000000, 0.000000000000000000, 0.000000000000000000 ) ) ;
#2133 = PLANE ( 'NONE',  #1231 ) ;
#2134 = FACE_OUTER_BOUND ( 'NONE', #623, .T. ) ;
#2135 = CARTESIAN_POINT ( 'NONE',  ( 77.81649880717704093, 59.57470916941927186, 10.00000000000000000 ) ) ;
#2136 = VECTOR ( 'NONE', #1014, 1000.000000000000114 ) ;
#2137 = ORIENTED_EDGE ( 'NONE', *, *, #2944, .F. ) ;
#2138 = DIRECTION ( 'NONE',  ( -0.000000000000000000, -0.000000000000000000, -1.000000000000000000 ) ) ;
#2139 = ORIENTED_EDGE ( 'NONE', *, *, #3731, .F. ) ;
#2140 = DIRECTION ( 'NONE',  ( -0.000000000000000000, -0.000000000000000000, -1.000000000000000000 ) ) ;
#2141 = FACE_OUTER_BOUND ( 'NONE', #3902, .T. ) ;
#2142 = EDGE_CURVE ( 'NONE', #2467, #2162, #1834, .T. ) ;
#2143 = AXIS2_PLACEMENT_3D ( 'NONE', #4432, #5416, #1900 ) ;
#2144 = CARTESIAN_POINT ( 'NONE',  ( 0.000000000000000000, 0.000000000000000000, 0.000000000000000000 ) ) ;
#2145 = CARTESIAN_POINT ( 'NONE',  ( 24.79852579370875176, 59.35334748533610849, 6.003652880084704435 ) ) ;
#2146 = VECTOR ( 'NONE', #5282, 1000.000000000000000 ) ;
#2147 = DIRECTION ( 'NONE',  ( 0.4999999999998671618, -0.5000000000001242340, 0.7071067811865536790 ) ) ;
#2148 = AXIS2_PLACEMENT_3D ( 'NONE', #5546, #1159, #6064 ) ;
#2149 = FACE_OUTER_BOUND ( 'NONE', #400, .T. ) ;
#2150 = ADVANCED_BREP_SHAPE_REPRESENTATION ( '\X2\63a565367aef656370ed\X0\-\X2\5149\X0\-2', ( #1689, #3132 ), #2525 ) ;
#2151 = CARTESIAN_POINT ( 'NONE',  ( 40.42884860408195635, 23.35317541498460869, 9.600000000000015632 ) ) ;
#2152 = VERTEX_POINT ( 'NONE', #283 ) ;
#2153 = EDGE_CURVE ( 'NONE', #5778, #6260, #6112, .T. ) ;
#2154 = DIRECTION ( 'NONE',  ( 0.000000000000000000, -1.000000000000000000, 0.000000000000000000 ) ) ;
#2155 = CARTESIAN_POINT ( 'NONE',  ( 24.22916709509686584, 58.95341756425206370, 10.00000000000000000 ) ) ;
#2156 = DIRECTION ( 'NONE',  ( -0.7071067811865322517, -9.583307142038741232E-14, 0.7071067811865627828 ) ) ;
#2157 = VECTOR ( 'NONE', #4854, 1000.000000000000000 ) ;
#2158 = CARTESIAN_POINT ( 'NONE',  ( 79.57474980949956489, 57.81645816709676211, 0.000000000000000000 ) ) ;
#2159 = ADVANCED_FACE ( 'NONE', ( #2175 ), #3830, .F. ) ;
#2160 = VECTOR ( 'NONE', #424, 1000.000000000000000 ) ;
#2161 = ORIENTED_EDGE ( 'NONE', *, *, #3804, .T. ) ;
#2162 = VERTEX_POINT ( 'NONE', #4673 ) ;
#2163 = EDGE_CURVE ( 'NONE', #5422, #2421, #4309, .T. ) ;
#2164 = DIRECTION ( 'NONE',  ( -0.7071067811865502373, 0.7071067811865449082, 0.000000000000000000 ) ) ;
#2165 = CARTESIAN_POINT ( 'NONE',  ( 41.42884860408194214, 27.75317541498460372, 9.600000000000015632 ) ) ;
#2166 = LINE ( 'NONE', #2646, #2004 ) ;
#2167 = CARTESIAN_POINT ( 'NONE',  ( 11.27132469877176923, 49.93421759231525670, 6.000000000000000000 ) ) ;
#2168 = VECTOR ( 'NONE', #2983, 1000.000000000000000 ) ;
#2169 = ORIENTED_EDGE ( 'NONE', *, *, #3534, .F. ) ;
#2170 = ORIENTED_EDGE ( 'NONE', *, *, #5362, .T. ) ;
#2171 = CARTESIAN_POINT ( 'NONE',  ( 75.02984732797570189, 0.000000000000000000, 4.000000000000000000 ) ) ;
#2172 = CARTESIAN_POINT ( 'NONE',  ( 74.11952070086401534, 54.21585202213896082, 0.000000000000000000 ) ) ;
#2173 = VERTEX_POINT ( 'NONE', #6226 ) ;
#2174 = FACE_BOUND ( 'NONE', #6247, .T. ) ;
#2175 = FACE_OUTER_BOUND ( 'NONE', #2488, .T. ) ;
#2176 = CARTESIAN_POINT ( 'NONE',  ( 77.41692151384303600, 56.44252476504900073, 0.3999999999999906408 ) ) ;
#2177 = PRODUCT_DEFINITION ( '鏈', '', #3646, #6056 ) ;
#2178 = CARTESIAN_POINT ( 'NONE',  ( 79.57474980950003385, 10.50829548434902350, 10.00000000000000000 ) ) ;
#2179 = CARTESIAN_POINT ( 'NONE',  ( 73.34807733323548007, 40.95871309031685570, 4.599999999999988987 ) ) ;
#2180 = DIRECTION ( 'NONE',  ( 0.000000000000000000, -0.000000000000000000, 1.000000000000000000 ) ) ;
#2181 = DIRECTION ( 'NONE',  ( -1.000000000000000000, 0.000000000000000000, 0.000000000000000000 ) ) ;
#2182 = VERTEX_POINT ( 'NONE', #1174 ) ;
#2183 = CARTESIAN_POINT ( 'NONE',  ( 8.888803657608024267, 8.415085090169998949, 10.00099999999999945 ) ) ;
#2184 = FACE_OUTER_BOUND ( 'NONE', #1911, .T. ) ;
#2185 = CARTESIAN_POINT ( 'NONE',  ( 79.57474980950003385, 10.34292617752516286, 10.00000000000000000 ) ) ;
#2186 = ORIENTED_EDGE ( 'NONE', *, *, #1450, .F. ) ;
#2187 = CARTESIAN_POINT ( 'NONE',  ( 63.88484364902704016, 63.88484364902676305, 4.000000000000000000 ) ) ;
#2188 = ORIENTED_EDGE ( 'NONE', *, *, #1596, .T. ) ;
#2189 = EDGE_LOOP ( 'NONE', ( #4082, #2288, #476, #1018 ) ) ;
#2190 = ADVANCED_FACE ( 'NONE', ( #2727 ), #5745, .F. ) ;
#2191 = VERTEX_POINT ( 'NONE', #2239 ) ;
#2192 = FACE_OUTER_BOUND ( 'NONE', #2201, .T. ) ;
#2193 = CARTESIAN_POINT ( 'NONE',  ( 53.48264078761654616, 52.77490806565516834, 5.599999999999988987 ) ) ;
#2194 = LINE ( 'NONE', #4629, #1587 ) ;
#2195 = EDGE_LOOP ( 'NONE', ( #499, #227, #437, #2947 ) ) ;
#2196 = DIRECTION ( 'NONE',  ( 0.4999999999998661626, 0.5000000000001169065, 0.7071067811865596742 ) ) ;
#2197 = AXIS2_PLACEMENT_3D ( 'NONE', #141, #3096, #4055 ) ;
#2198 = AXIS2_PLACEMENT_3D ( 'NONE', #4609, #3562, #15 ) ;
#2199 = EDGE_CURVE ( 'NONE', #6204, #4439, #725, .T. ) ;
#2200 = EDGE_CURVE ( 'NONE', #3362, #103, #395, .T. ) ;
#2201 = EDGE_LOOP ( 'NONE', ( #1891, #1532, #4935, #4840 ) ) ;
#2202 = EDGE_CURVE ( 'NONE', #2619, #3424, #2389, .T. ) ;
#2203 = PLANE ( 'NONE',  #682 ) ;
#2204 = DIRECTION ( 'NONE',  ( -1.000000000000000000, 0.000000000000000000, 0.000000000000000000 ) ) ;
#2205 = VECTOR ( 'NONE', #665, 1000.000000000000000 ) ;
#2206 = ORIENTED_EDGE ( 'NONE', *, *, #4863, .F. ) ;
#2207 = DIRECTION ( 'NONE',  ( -0.000000000000000000, -0.000000000000000000, 1.000000000000000000 ) ) ;
#2208 = AXIS2_PLACEMENT_3D ( 'NONE', #1620, #63, #2654 ) ;
#2209 = DIRECTION ( 'NONE',  ( 0.000000000000000000, 1.000000000000000000, 0.000000000000000000 ) ) ;
#2210 = ORIENTED_EDGE ( 'NONE', *, *, #3272, .F. ) ;
#2211 = VECTOR ( 'NONE', #4686, 999.9999999999998863 ) ;
#2212 = VECTOR ( 'NONE', #5356, 1000.000000000000000 ) ;
#2213 = CARTESIAN_POINT ( 'NONE',  ( 73.34807733323548007, 45.95871309031685570, 4.599999999999988987 ) ) ;
#2214 = FACE_OUTER_BOUND ( 'NONE', #3318, .T. ) ;
#2215 = LINE ( 'NONE', #4164, #2373 ) ;
#2216 = CARTESIAN_POINT ( 'NONE',  ( 77.62981002906136041, 28.53771831048099017, 0.000000000000000000 ) ) ;
#2217 = CARTESIAN_POINT ( 'NONE',  ( 41.42884860408194214, 26.75317541498458951, 4.000000000000000000 ) ) ;
#2218 = ORIENTED_EDGE ( 'NONE', *, *, #154, .F. ) ;
#2219 = LINE ( 'NONE', #2314, #21 ) ;
#2220 = CARTESIAN_POINT ( 'NONE',  ( 77.62829547680472331, 12.29464107465773637, 0.000000000000000000 ) ) ;
#2221 = DIRECTION ( 'NONE',  ( 0.000000000000000000, -0.000000000000000000, 1.000000000000000000 ) ) ;
#2222 = ORIENTED_EDGE ( 'NONE', *, *, #5367, .F. ) ;
#2223 = LINE ( 'NONE', #2187, #4358 ) ;
#2224 = EDGE_LOOP ( 'NONE', ( #6106, #611, #5060, #887 ) ) ;
#2225 = ORIENTED_EDGE ( 'NONE', *, *, #5437, .F. ) ;
#2226 = ORIENTED_EDGE ( 'NONE', *, *, #4471, .T. ) ;
#2227 = CARTESIAN_POINT ( 'NONE',  ( 23.77356091487909495, 59.97470916941908570, 10.00099999999999945 ) ) ;
#2228 = CARTESIAN_POINT ( 'NONE',  ( 5.874489965807185854, 50.33421759231526948, 6.000000000000000000 ) ) ;
#2229 = AXIS2_PLACEMENT_3D ( 'NONE', #4790, #5109, #4466 ) ;
#2230 = CARTESIAN_POINT ( 'NONE',  ( 30.61060500309818622, 24.68592075184099954, -17.84112027324191629 ) ) ;
#2231 = CARTESIAN_POINT ( 'NONE',  ( 6.992565577373026642, 59.57470916941908712, 10.00000000000000000 ) ) ;
#2232 = VECTOR ( 'NONE', #266, 1000.000000000000114 ) ;
#2233 = ORIENTED_EDGE ( 'NONE', *, *, #1286, .T. ) ;
#2234 = PLANE ( 'NONE',  #2757 ) ;
#2235 = LINE ( 'NONE', #1744, #1635 ) ;
#2236 = ORIENTED_EDGE ( 'NONE', *, *, #726, .T. ) ;
#2237 = DIRECTION ( 'NONE',  ( 0.000000000000000000, 1.000000000000000000, 0.000000000000000000 ) ) ;
#2238 = EDGE_CURVE ( 'NONE', #5397, #5236, #4188, .T. ) ;
#2239 = CARTESIAN_POINT ( 'NONE',  ( 40.83180065388673796, 38.69286487643512373, 3.099885383663021798 ) ) ;
#2240 = ADVANCED_FACE ( 'NONE', ( #3324 ), #5590, .F. ) ;
#2241 = VECTOR ( 'NONE', #4594, 1000.000000000000000 ) ;
#2242 = ADVANCED_FACE ( 'NONE', ( #5260 ), #5557, .T. ) ;
#2243 = DIRECTION ( 'NONE',  ( -0.7071067758298704709, 8.703725631700244027E-05, -0.7071067811865484609 ) ) ;
#2244 = DIRECTION ( 'NONE',  ( -0.7070197385735585982, 0.7071938130861842309, 0.000000000000000000 ) ) ;
#2245 = EDGE_CURVE ( 'NONE', #4530, #1663, #5077, .T. ) ;
#2246 = PLANE ( 'NONE',  #1646 ) ;
#2247 = FACE_OUTER_BOUND ( 'NONE', #4984, .T. ) ;
#2248 = ADVANCED_FACE ( 'NONE', ( #1204 ), #4380, .F. ) ;
#2249 = VECTOR ( 'NONE', #572, 1000.000000000000000 ) ;
#2250 = DIRECTION ( 'NONE',  ( -0.5014961741008044926, -0.4984993353679002537, 0.7071067811865598962 ) ) ;
#2251 = ORIENTED_EDGE ( 'NONE', *, *, #1208, .F. ) ;
#2252 = DIRECTION ( 'NONE',  ( -0.000000000000000000, -0.000000000000000000, -1.000000000000000000 ) ) ;
#2253 = CARTESIAN_POINT ( 'NONE',  ( 8.888803657608024267, 8.415085090169998949, 0.000000000000000000 ) ) ;
#2254 = DIRECTION ( 'NONE',  ( 0.000000000000000000, 1.000000000000000000, 0.000000000000000000 ) ) ;
#2255 = EDGE_LOOP ( 'NONE', ( #374, #3890, #2666, #1465 ) ) ;
#2256 = DIRECTION ( 'NONE',  ( 0.000000000000000000, 0.000000000000000000, 1.000000000000000000 ) ) ;
#2257 = ORIENTED_EDGE ( 'NONE', *, *, #938, .F. ) ;
#2258 = VERTEX_POINT ( 'NONE', #5870 ) ;
#2259 = EDGE_LOOP ( 'NONE', ( #109, #4400, #2347, #4794 ) ) ;
#2260 = CIRCLE ( 'NONE', #2361, 1.250000000000001110 ) ;
#2261 = LINE ( 'NONE', #5678, #5192 ) ;
#2262 = DIRECTION ( 'NONE',  ( -1.000000000000000000, 0.000000000000000000, 0.000000000000000000 ) ) ;
#2263 = ADVANCED_FACE ( 'NONE', ( #946 ), #1064, .T. ) ;
#2264 = CARTESIAN_POINT ( 'NONE',  ( 12.92841358810316699, 19.58468648885268593, 8.685611257561967946 ) ) ;
#2265 = DIRECTION ( 'NONE',  ( -0.7071067811865474617, 0.7071067811865474617, 0.000000000000000000 ) ) ;
#2266 = AXIS2_PLACEMENT_3D ( 'NONE', #4523, #100, #4010 ) ;
#2267 = ORIENTED_EDGE ( 'NONE', *, *, #2041, .F. ) ;
#2268 = VERTEX_POINT ( 'NONE', #1939 ) ;
#2269 = CARTESIAN_POINT ( 'NONE',  ( 18.61060500309818977, 28.37687710458049750, 10.00000000000000000 ) ) ;
#2270 = CYLINDRICAL_SURFACE ( 'NONE', #2773, 1.600000000000000755 ) ;
#2271 = VERTEX_POINT ( 'NONE', #2899 ) ;
#2272 = CARTESIAN_POINT ( 'NONE',  ( 32.18803104567374618, 28.18084737509280657, 18.84081755840788475 ) ) ;
#2273 = VECTOR ( 'NONE', #4488, 1000.000000000000114 ) ;
#2274 = FACE_OUTER_BOUND ( 'NONE', #1502, .T. ) ;
#2275 = ADVANCED_FACE ( 'NONE', ( #3509 ), #3019, .F. ) ;
#2276 = DIRECTION ( 'NONE',  ( 0.000000000000000000, 1.000000000000000000, 0.000000000000000000 ) ) ;
#2277 = CARTESIAN_POINT ( 'NONE',  ( 42.38734786855103209, 32.42898426308398996, -3.469446951953614189E-15 ) ) ;
#2278 = EDGE_CURVE ( 'NONE', #5247, #5319, #44, .T. ) ;
#2279 = DIRECTION ( 'NONE',  ( 0.6785983445458531049, -0.2810846377147914188, -0.6785983445458531049 ) ) ;
#2280 = EDGE_CURVE ( 'NONE', #4274, #5215, #3421, .T. ) ;
#2281 = ORIENTED_EDGE ( 'NONE', *, *, #5015, .T. ) ;
#2282 = FACE_OUTER_BOUND ( 'NONE', #3300, .T. ) ;
#2283 = DIRECTION ( 'NONE',  ( -0.7071067811865425767, -0.7071067811865525687, 0.000000000000000000 ) ) ;
#2284 = FACE_OUTER_BOUND ( 'NONE', #3191, .T. ) ;
#2285 = VERTEX_POINT ( 'NONE', #2029 ) ;
#2286 = LINE ( 'NONE', #3121, #3643 ) ;
#2287 = EDGE_LOOP ( 'NONE', ( #875, #3364, #3878, #3680 ) ) ;
#2288 = ORIENTED_EDGE ( 'NONE', *, *, #3851, .F. ) ;
#2289 = LINE ( 'NONE', #1801, #51 ) ;
#2290 = LINE ( 'NONE', #4787, #4920 ) ;
#2291 = DIRECTION ( 'NONE',  ( 0.000000000000000000, 0.000000000000000000, 1.000000000000000000 ) ) ;
#2292 = LINE ( 'NONE', #2714, #1582 ) ;
#2293 = ORIENTED_EDGE ( 'NONE', *, *, #2711, .T. ) ;
#2294 = VERTEX_POINT ( 'NONE', #5391 ) ;
#2295 = CARTESIAN_POINT ( 'NONE',  ( 0.000000000000000000, 52.37490806565516266, 4.000000000000000000 ) ) ;
#2296 = LINE ( 'NONE', #4185, #712 ) ;
#2297 = ORIENTED_EDGE ( 'NONE', *, *, #6289, .F. ) ;
#2298 = CARTESIAN_POINT ( 'NONE',  ( 65.34807733323546586, 45.95871309031685570, 4.599999999999988987 ) ) ;
#2299 = VECTOR ( 'NONE', #4901, 1000.000000000000000 ) ;
#2300 = VECTOR ( 'NONE', #4518, 1000.000000000000114 ) ;
#2301 = VERTEX_POINT ( 'NONE', #3451 ) ;
#2302 = EDGE_CURVE ( 'NONE', #5254, #2379, #4847, .T. ) ;
#2303 = AXIS2_PLACEMENT_3D ( 'NONE', #2972, #2466, #57 ) ;
#2304 = LINE ( 'NONE', #2787, #4388 ) ;
#2305 = VECTOR ( 'NONE', #3341, 1000.000000000000000 ) ;
#2306 = DIRECTION ( 'NONE',  ( -1.000000000000000000, 0.000000000000000000, 0.000000000000000000 ) ) ;
#2307 = PLANE ( 'NONE',  #3195 ) ;
#2308 = VECTOR ( 'NONE', #3985, 1000.000000000000000 ) ;
#2309 = VECTOR ( 'NONE', #5788, 1000.000000000000000 ) ;
#2310 = ADVANCED_FACE ( 'NONE', ( #548 ), #2457, .T. ) ;
#2311 = VECTOR ( 'NONE', #2799, 1000.000000000000114 ) ;
#2312 = CARTESIAN_POINT ( 'NONE',  ( 76.16692151384303600, 56.44252476504900073, 10.00099999999999945 ) ) ;
#2313 = ORIENTED_EDGE ( 'NONE', *, *, #5677, .F. ) ;
#2314 = CARTESIAN_POINT ( 'NONE',  ( 25.52610449534172332, 52.77490806565516834, 5.599999999999992539 ) ) ;
#2315 = PLANE ( 'NONE',  #142 ) ;
#2316 = LINE ( 'NONE', #3792, #2851 ) ;
#2317 = ORIENTED_EDGE ( 'NONE', *, *, #4362, .T. ) ;
#2318 = ADVANCED_FACE ( 'NONE', ( #5897 ), #1510, .T. ) ;
#2319 = EDGE_CURVE ( 'NONE', #488, #2852, #1005, .T. ) ;
#2320 = EDGE_CURVE ( 'NONE', #872, #3819, #4970, .T. ) ;
#2321 = ORIENTED_EDGE ( 'NONE', *, *, #3348, .T. ) ;
#2322 = ORIENTED_EDGE ( 'NONE', *, *, #1920, .F. ) ;
#2323 = CARTESIAN_POINT ( 'NONE',  ( 73.34807733323548007, 40.95871309031685570, 5.000000000000000000 ) ) ;
#2324 = CARTESIAN_POINT ( 'NONE',  ( 32.14653210253800353, 28.88980021391638431, 4.000000000000000000 ) ) ;
#2325 = ORIENTED_EDGE ( 'NONE', *, *, #2078, .T. ) ;
#2326 = CARTESIAN_POINT ( 'NONE',  ( 12.01402484566508733, 6.000000000000052403, 9.600000000000015632 ) ) ;
#2327 = LINE ( 'NONE', #4848, #4255 ) ;
#2328 = AXIS2_PLACEMENT_3D ( 'NONE', #4160, #3801, #3619 ) ;
#2329 = VERTEX_POINT ( 'NONE', #2514 ) ;
#2330 = ORIENTED_EDGE ( 'NONE', *, *, #3786, .F. ) ;
#2331 = DIRECTION ( 'NONE',  ( -1.000000000000000000, 0.000000000000000000, 0.000000000000000000 ) ) ;
#2332 = CARTESIAN_POINT ( 'NONE',  ( 6.279125501159819045, 6.279125501162968526, 10.00000000000000000 ) ) ;
#2333 = VERTEX_POINT ( 'NONE', #493 ) ;
#2334 = LINE ( 'NONE', #3430, #3234 ) ;
#2335 = VECTOR ( 'NONE', #4640, 1000.000000000000114 ) ;
#2336 = ORIENTED_EDGE ( 'NONE', *, *, #5949, .F. ) ;
#2337 = LINE ( 'NONE', #5726, #5810 ) ;
#2338 = VECTOR ( 'NONE', #3426, 1000.000000000000000 ) ;
#2339 = CARTESIAN_POINT ( 'NONE',  ( 54.77950485431463790, 58.94965714550201596, 10.00000000000000000 ) ) ;
#2340 = CARTESIAN_POINT ( 'NONE',  ( 0.000000000000000000, 0.000000000000000000, 0.000000000000000000 ) ) ;
#2341 = CARTESIAN_POINT ( 'NONE',  ( 62.49024130048304215, 36.03617221234399182, -3.469446951953614189E-15 ) ) ;
#2342 = EDGE_LOOP ( 'NONE', ( #4560, #1191, #341, #1772 ) ) ;
#2343 = DIRECTION ( 'NONE',  ( 0.000000000000000000, 0.000000000000000000, 1.000000000000000000 ) ) ;
#2344 = CARTESIAN_POINT ( 'NONE',  ( 55.42884860408193504, 24.35317541498460869, -10.67514906227531313 ) ) ;
#2345 = ORIENTED_EDGE ( 'NONE', *, *, #2975, .T. ) ;
#2346 =( NAMED_UNIT ( * ) SI_UNIT ( $, .STERADIAN. ) SOLID_ANGLE_UNIT ( ) );
#2347 = ORIENTED_EDGE ( 'NONE', *, *, #3570, .F. ) ;
#2348 = VECTOR ( 'NONE', #2930, 1000.000000000000000 ) ;
#2349 = EDGE_CURVE ( 'NONE', #5893, #1120, #4341, .T. ) ;
#2350 = CARTESIAN_POINT ( 'NONE',  ( 54.61482092964090640, 59.34967741935614782, 9.600000000000019185 ) ) ;
#2351 = ORIENTED_EDGE ( 'NONE', *, *, #1324, .F. ) ;
#2352 = CARTESIAN_POINT ( 'NONE',  ( 11.67132469877177670, 34.73421759231527517, 4.400000000000011902 ) ) ;
#2353 = DIRECTION ( 'NONE',  ( -1.000000000000000000, 0.000000000000000000, 0.000000000000000000 ) ) ;
#2354 = ORIENTED_EDGE ( 'NONE', *, *, #4476, .T. ) ;
#2355 = EDGE_CURVE ( 'NONE', #2006, #4122, #4407, .T. ) ;
#2356 = PLANE ( 'NONE',  #465 ) ;
#2357 = CARTESIAN_POINT ( 'NONE',  ( 79.57474980950004806, 0.000000000000000000, 0.000000000000000000 ) ) ;
#2358 = ORIENTED_EDGE ( 'NONE', *, *, #358, .T. ) ;
#2359 = DIRECTION ( 'NONE',  ( -0.000000000000000000, -0.000000000000000000, -1.000000000000000000 ) ) ;
#2360 = EDGE_CURVE ( 'NONE', #4050, #1296, #5495, .T. ) ;
#2361 = AXIS2_PLACEMENT_3D ( 'NONE', #310, #338, #3330 ) ;
#2362 = ORIENTED_EDGE ( 'NONE', *, *, #3256, .F. ) ;
#2363 = EDGE_LOOP ( 'NONE', ( #4320, #5388, #2993, #2875, #3809, #4862, #1458, #5193, #331, #3706, #5368, #2188, #5136, #300, #1940, #2874, #1603, #3632, #553, #1112, #339, #3225, #2555, #1455, #236, #1354, #1907, #3455, #1150, #1087, #5283, #3173, #595, #2317, #1659, #5017, #2670, #2612, #2055, #6258, #2684, #1522 ) ) ;
#2364 = FACE_OUTER_BOUND ( 'NONE', #22, .T. ) ;
#2365 = CARTESIAN_POINT ( 'NONE',  ( 7.638803657608024267, 56.44252476504900073, 10.00099999999999945 ) ) ;
#2366 = ORIENTED_EDGE ( 'NONE', *, *, #6069, .F. ) ;
#2367 = EDGE_CURVE ( 'NONE', #2966, #3404, #18, .T. ) ;
#2368 = LINE ( 'NONE', #4289, #3743 ) ;
#2369 = CARTESIAN_POINT ( 'NONE',  ( 11.30691806564784763, 11.30691806564793289, 4.000000000000000000 ) ) ;
#2370 = AXIS2_PLACEMENT_3D ( 'NONE', #460, #1507, #490 ) ;
#2371 = VERTEX_POINT ( 'NONE', #6288 ) ;
#2372 = DIRECTION ( 'NONE',  ( -0.7071067811865475727, 0.7071067811865475727, 0.000000000000000000 ) ) ;
#2373 = VECTOR ( 'NONE', #4676, 1000.000000000000000 ) ;
#2374 = CARTESIAN_POINT ( 'NONE',  ( -21.63100838201660281, 21.63100838201653531, 4.000000000000000000 ) ) ;
#2375 = CARTESIAN_POINT ( 'NONE',  ( 75.02984732797570189, 13.93771831048098697, 4.000000000000000000 ) ) ;
#2376 = CIRCLE ( 'NONE', #1853, 1.649999999999971045 ) ;
#2377 = EDGE_CURVE ( 'NONE', #5140, #2384, #1969, .T. ) ;
#2378 = DIRECTION ( 'NONE',  ( 0.000000000000000000, 0.000000000000000000, 1.000000000000000000 ) ) ;
#2379 = VERTEX_POINT ( 'NONE', #5928 ) ;
#2380 = DIRECTION ( 'NONE',  ( -2.168404344971008868E-16, -1.000000000000000000, 0.000000000000000000 ) ) ;
#2381 = DIRECTION ( 'NONE',  ( 0.4999999999999927836, -0.4999999999999856781, 0.7071067811865627828 ) ) ;
#2382 = EDGE_LOOP ( 'NONE', ( #2678, #676, #3474, #2222 ) ) ;
#2383 = LINE ( 'NONE', #3825, #4497 ) ;
#2384 = VERTEX_POINT ( 'NONE', #1906 ) ;
#2385 = DIRECTION ( 'NONE',  ( -0.000000000000000000, -0.000000000000000000, -1.000000000000000000 ) ) ;
#2386 = CARTESIAN_POINT ( 'NONE',  ( 18.61060500309818977, 28.37687710458049750, 2.109999999999995435 ) ) ;
#2387 = ORIENTED_EDGE ( 'NONE', *, *, #4576, .T. ) ;
#2388 = DIRECTION ( 'NONE',  ( -0.7071067811865352493, 1.656343548406732268E-15, -0.7071067811865597852 ) ) ;
#2389 = LINE ( 'NONE', #3653, #994 ) ;
#2390 = DIRECTION ( 'NONE',  ( -0.5773502691896212902, -0.5773502691896212902, 0.5773502691896346128 ) ) ;
#2391 = ADVANCED_FACE ( 'NONE', ( #2990 ), #5812, .T. ) ;
#2392 = ORIENTED_EDGE ( 'NONE', *, *, #1212, .T. ) ;
#2393 = ORIENTED_EDGE ( 'NONE', *, *, #2914, .T. ) ;
#2394 = LINE ( 'NONE', #468, #1410 ) ;
#2395 = FACE_OUTER_BOUND ( 'NONE', #1977, .T. ) ;
#2396 = ORIENTED_EDGE ( 'NONE', *, *, #479, .F. ) ;
#2397 = CARTESIAN_POINT ( 'NONE',  ( 6.592687801450777485, 4.034609650074171938, 1.365390349925801106 ) ) ;
#2398 = DIRECTION ( 'NONE',  ( 0.000000000000000000, 0.7071067811865352493, 0.7071067811865597852 ) ) ;
#2399 = EDGE_CURVE ( 'NONE', #738, #4498, #1633, .T. ) ;
#2400 = ADVANCED_FACE ( 'NONE', ( #4619 ), #1602, .F. ) ;
#2401 = ORIENTED_EDGE ( 'NONE', *, *, #11, .F. ) ;
#2402 = EDGE_CURVE ( 'NONE', #418, #13, #3542, .T. ) ;
#2403 = EDGE_LOOP ( 'NONE', ( #537, #6167, #3553, #306, #4824, #6068, #4473 ) ) ;
#2404 = VECTOR ( 'NONE', #1055, 1000.000000000000114 ) ;
#2405 = LINE ( 'NONE', #5381, #5472 ) ;
#2406 = VECTOR ( 'NONE', #3689, 999.9999999999998863 ) ;
#2407 = DIRECTION ( 'NONE',  ( 0.000000000000000000, 0.000000000000000000, -1.000000000000000000 ) ) ;
#2408 = VECTOR ( 'NONE', #4007, 1000.000000000000000 ) ;
#2409 = AXIS2_PLACEMENT_3D ( 'NONE', #5621, #5177, #2756 ) ;
#2410 = DIRECTION ( 'NONE',  ( -0.7071067811865475727, -4.088782444488993757E-16, 0.7071067811865475727 ) ) ;
#2411 = VERTEX_POINT ( 'NONE', #3052 ) ;
#2412 = CARTESIAN_POINT ( 'NONE',  ( 59.77578496594467339, 40.61884720954800088, -7.875958507980477918 ) ) ;
#2413 = CIRCLE ( 'NONE', #5569, 1.250000000000001110 ) ;
#2414 = DIRECTION ( 'NONE',  ( 0.000000000000000000, -0.000000000000000000, -1.000000000000000000 ) ) ;
#2415 = VECTOR ( 'NONE', #312, 1000.000000000000000 ) ;
#2416 = ORIENTED_EDGE ( 'NONE', *, *, #3465, .F. ) ;
#2417 = ORIENTED_EDGE ( 'NONE', *, *, #3454, .F. ) ;
#2418 = VECTOR ( 'NONE', #6249, 1000.000000000000000 ) ;
#2419 = VECTOR ( 'NONE', #4280, 1000.000000000000000 ) ;
#2420 = CARTESIAN_POINT ( 'NONE',  ( 40.83180065388673796, 43.69286487643512373, -6.830045703262805468 ) ) ;
#2421 = VERTEX_POINT ( 'NONE', #6058 ) ;
#2422 = DIRECTION ( 'NONE',  ( 0.7049845209112707289, -0.7092226908915888473, 0.000000000000000000 ) ) ;
#2423 = LINE ( 'NONE', #5867, #14 ) ;
#2424 = ORIENTED_EDGE ( 'NONE', *, *, #2534, .F. ) ;
#2425 = DIRECTION ( 'NONE',  ( 0.000000000000000000, -1.000000000000000000, 0.000000000000000000 ) ) ;
#2426 = DIRECTION ( 'NONE',  ( -0.7071067811865495711, -0.7071067811865455743, 0.000000000000000000 ) ) ;
#2427 = ADVANCED_FACE ( 'NONE', ( #6025 ), #3087, .T. ) ;
#2428 = FACE_OUTER_BOUND ( 'NONE', #1002, .T. ) ;
#2429 = ORIENTED_EDGE ( 'NONE', *, *, #5088, .T. ) ;
#2430 = VERTEX_POINT ( 'NONE', #635 ) ;
#2431 = EDGE_LOOP ( 'NONE', ( #458, #3927, #2816, #2545 ) ) ;
#2432 = CARTESIAN_POINT ( 'NONE',  ( 70.52579795782953909, 18.94432876069852156, 6.973363276838619562 ) ) ;
#2433 = CARTESIAN_POINT ( 'NONE',  ( 78.44483418912668071, 14.73071650603159632, 19.33071650603124780 ) ) ;
#2434 = EDGE_LOOP ( 'NONE', ( #4921, #5183, #2321, #5638, #1423, #3047, #1970, #3397, #3512, #3227, #3463, #3352, #2131, #4975, #4177, #4653, #5072, #2840, #3490, #3899, #1775, #1406, #3257, #2586, #3138, #3672, #4585, #989, #1842, #5148, #3716, #4381, #4741, #5448, #3898, #4986 ) ) ;
#2435 = CARTESIAN_POINT ( 'NONE',  ( 40.83180065388673796, 38.69286487643512373, 3.099885383663021798 ) ) ;
#2436 = LINE ( 'NONE', #5274, #4551 ) ;
#2437 = VERTEX_POINT ( 'NONE', #2185 ) ;
#2438 = VERTEX_POINT ( 'NONE', #3666 ) ;
#2439 = EDGE_CURVE ( 'NONE', #2891, #3539, #4525, .T. ) ;
#2440 = EDGE_CURVE ( 'NONE', #2071, #5079, #5121, .T. ) ;
#2441 = PLANE ( 'NONE',  #1272 ) ;
#2442 = CARTESIAN_POINT ( 'NONE',  ( 30.61060500309818622, 24.68592075184099954, 4.000000000000000000 ) ) ;
#2443 = AXIS2_PLACEMENT_3D ( 'NONE', #5948, #2533, #3558 ) ;
#2444 = EDGE_CURVE ( 'NONE', #6136, #2060, #2124, .T. ) ;
#2445 = AXIS2_PLACEMENT_3D ( 'NONE', #4674, #6271, #5308 ) ;
#2446 = EDGE_CURVE ( 'NONE', #4832, #2035, #2092, .T. ) ;
#2447 = LINE ( 'NONE', #1892, #2572 ) ;
#2448 = CARTESIAN_POINT ( 'NONE',  ( 0.8186634439303029920, 36.42768396509872275, 4.546924695282070772 ) ) ;
#2449 = ADVANCED_FACE ( 'NONE', ( #2638 ), #4588, .F. ) ;
#2450 = ORIENTED_EDGE ( 'NONE', *, *, #3021, .F. ) ;
#2451 = VECTOR ( 'NONE', #5037, 1000.000000000000114 ) ;
#2452 = DIRECTION ( 'NONE',  ( 1.000000000000000000, -0.000000000000000000, -0.000000000000000000 ) ) ;
#2453 = ORIENTED_EDGE ( 'NONE', *, *, #4029, .F. ) ;
#2454 = CARTESIAN_POINT ( 'NONE',  ( 5.000000000000530243, 33.46289289354402285, 9.600000000000015632 ) ) ;
#2455 = DIRECTION ( 'NONE',  ( -1.000000000000000000, 0.000000000000000000, 0.000000000000000000 ) ) ;
#2456 = DIRECTION ( 'NONE',  ( -1.000000000000000000, 0.000000000000000000, 0.000000000000000000 ) ) ;
#2457 = PLANE ( 'NONE',  #4166 ) ;
#2458 = DIRECTION ( 'NONE',  ( -0.5773502691896222894, -0.5773502691896194028, 0.5773502691896356120 ) ) ;
#2459 = EDGE_LOOP ( 'NONE', ( #813, #1733, #3278, #1449 ) ) ;
#2460 = ORIENTED_EDGE ( 'NONE', *, *, #981, .T. ) ;
#2461 = ORIENTED_EDGE ( 'NONE', *, *, #709, .T. ) ;
#2462 = AXIS2_PLACEMENT_3D ( 'NONE', #2481, #1475, #4372 ) ;
#2463 = PLANE ( 'NONE',  #4391 ) ;
#2464 = PLANE ( 'NONE',  #5836 ) ;
#2465 = LINE ( 'NONE', #5305, #5380 ) ;
#2466 = DIRECTION ( 'NONE',  ( -1.000000000000000000, -1.259290296542222077E-16, 0.000000000000000000 ) ) ;
#2467 = VERTEX_POINT ( 'NONE', #1662 ) ;
#2468 = EDGE_LOOP ( 'NONE', ( #6227, #1943, #802, #3170 ) ) ;
#2469 = PLANE ( 'NONE',  #4039 ) ;
#2470 = CONICAL_SURFACE ( 'NONE', #820, 1.250000000000001110, 0.7853981633974393972 ) ;
#2471 = DIRECTION ( 'NONE',  ( 0.000000000000000000, 0.000000000000000000, -1.000000000000000000 ) ) ;
#2472 = ADVANCED_FACE ( 'NONE', ( #4108 ), #3631, .T. ) ;
#2473 = CIRCLE ( 'NONE', #3496, 1.600000000000000755 ) ;
#2474 = ADVANCED_FACE ( 'NONE', ( #5575 ), #102, .T. ) ;
#2475 = CARTESIAN_POINT ( 'NONE',  ( 41.02884860408194356, 24.51886083993383281, 10.00000000000000000 ) ) ;
#2476 = FACE_OUTER_BOUND ( 'NONE', #4284, .T. ) ;
#2477 = ORIENTED_EDGE ( 'NONE', *, *, #1839, .F. ) ;
#2478 = AXIS2_PLACEMENT_3D ( 'NONE', #2859, #416, #2380 ) ;
#2479 = ADVANCED_FACE ( 'NONE', ( #5093 ), #705, .T. ) ;
#2480 = EDGE_CURVE ( 'NONE', #2912, #6204, #1218, .T. ) ;
#2481 = CARTESIAN_POINT ( 'NONE',  ( 40.83180065388673796, 43.69286487643512373, -6.830045703262805468 ) ) ;
#2482 = ORIENTED_EDGE ( 'NONE', *, *, #1796, .T. ) ;
#2483 = CARTESIAN_POINT ( 'NONE',  ( -3.974706930793404869, 3.974706930793427517, 4.000000000000000000 ) ) ;
#2484 = FACE_OUTER_BOUND ( 'NONE', #1434, .T. ) ;
#2485 = CARTESIAN_POINT ( 'NONE',  ( 61.49646495961755477, 61.94978567811628523, 28.07828484988066009 ) ) ;
#2486 = EDGE_LOOP ( 'NONE', ( #5854, #2424, #336, #545 ) ) ;
#2487 = CARTESIAN_POINT ( 'NONE',  ( 9.215967368490971978, 7.158993355345043774, 12.39805747717404216 ) ) ;
#2488 = EDGE_LOOP ( 'NONE', ( #684, #3088, #2968, #3060 ) ) ;
#2489 = ORIENTED_EDGE ( 'NONE', *, *, #3263, .F. ) ;
#2490 = ORIENTED_EDGE ( 'NONE', *, *, #2944, .T. ) ;
#2491 = LINE ( 'NONE', #4052, #2136 ) ;
#2492 = LINE ( 'NONE', #2433, #3591 ) ;
#2493 = DIRECTION ( 'NONE',  ( -1.000000000000000000, 0.000000000000000000, 0.000000000000000000 ) ) ;
#2494 = CARTESIAN_POINT ( 'NONE',  ( 77.63204609663762312, 52.51881119598889569, 10.00000000000000000 ) ) ;
#2495 = EDGE_CURVE ( 'NONE', #6105, #3235, #4012, .T. ) ;
#2496 = EDGE_LOOP ( 'NONE', ( #1493, #1060, #232, #4974 ) ) ;
#2497 = ORIENTED_EDGE ( 'NONE', *, *, #1287, .F. ) ;
#2498 = CARTESIAN_POINT ( 'NONE',  ( 39.89101200953327009, 39.89101200953327009, 4.000000000000000000 ) ) ;
#2499 = DIRECTION ( 'NONE',  ( -5.782411586589351722E-16, 1.000000000000000000, 0.000000000000000000 ) ) ;
#2500 = DIRECTION ( 'NONE',  ( 0.000000000000000000, 1.000000000000000000, -0.000000000000000000 ) ) ;
#2501 = DIRECTION ( 'NONE',  ( 8.703725631695174026E-05, 0.7071067758298567041, 0.7071067811865622277 ) ) ;
#2502 = VERTEX_POINT ( 'NONE', #1092 ) ;
#2503 = VECTOR ( 'NONE', #6092, 1000.000000000000114 ) ;
#2504 = ADVANCED_FACE ( 'NONE', ( #4204, #5734 ), #1345, .T. ) ;
#2505 = VECTOR ( 'NONE', #158, 1000.000000000000114 ) ;
#2506 = AXIS2_PLACEMENT_3D ( 'NONE', #731, #1721, #2180 ) ;
#2507 = FACE_OUTER_BOUND ( 'NONE', #5815, .T. ) ;
#2508 = VECTOR ( 'NONE', #438, 999.9999999999998863 ) ;
#2509 = VERTEX_POINT ( 'NONE', #4715 ) ;
#2510 = EDGE_CURVE ( 'NONE', #4239, #847, #3281, .T. ) ;
#2511 = LINE ( 'NONE', #6285, #2160 ) ;
#2512 = EDGE_CURVE ( 'NONE', #2430, #1732, #1825, .T. ) ;
#2513 = CARTESIAN_POINT ( 'NONE',  ( 10.13880365760802427, 8.415085090169998949, 0.3999999999999889200 ) ) ;
#2514 = CARTESIAN_POINT ( 'NONE',  ( 73.71952070086400965, 59.97470916941927044, 4.000000000000000000 ) ) ;
#2515 = ORIENTED_EDGE ( 'NONE', *, *, #3688, .F. ) ;
#2516 = CARTESIAN_POINT ( 'NONE',  ( 17.89412907291898591, 26.94626106892528128, 2.109999999999995435 ) ) ;
#2517 = ADVANCED_FACE ( 'NONE', ( #4171 ), #6126, .T. ) ;
#2518 = VECTOR ( 'NONE', #716, 1000.000000000000000 ) ;
#2519 = EDGE_LOOP ( 'NONE', ( #3806, #950, #2210, #5905 ) ) ;
#2520 = CIRCLE ( 'NONE', #6089, 1.250000000000001110 ) ;
#2521 = VERTEX_POINT ( 'NONE', #1312 ) ;
#2522 = ORIENTED_EDGE ( 'NONE', *, *, #191, .T. ) ;
#2523 = LINE ( 'NONE', #3486, #6325 ) ;
#2524 = DIRECTION ( 'NONE',  ( 0.000000000000000000, 0.000000000000000000, 1.000000000000000000 ) ) ;
#2525 =( GEOMETRIC_REPRESENTATION_CONTEXT ( 3 ) GLOBAL_UNCERTAINTY_ASSIGNED_CONTEXT ( ( #3114 ) ) GLOBAL_UNIT_ASSIGNED_CONTEXT ( ( #3283, #4780, #2346 ) ) REPRESENTATION_CONTEXT ( 'NONE', 'WORKASPACE' ) );
#2526 = CARTESIAN_POINT ( 'NONE',  ( 23.77356091487909495, 59.97470916941908570, 9.600000000000017408 ) ) ;
#2527 = CARTESIAN_POINT ( 'NONE',  ( 42.42884860408194214, 27.75317541498460372, 4.000000000000000000 ) ) ;
#2528 = ORIENTED_EDGE ( 'NONE', *, *, #6270, .F. ) ;
#2529 = ORIENTED_EDGE ( 'NONE', *, *, #442, .F. ) ;
#2530 = LINE ( 'NONE', #5945, #3073 ) ;
#2531 = ORIENTED_EDGE ( 'NONE', *, *, #5069, .T. ) ;
#2532 = CARTESIAN_POINT ( 'NONE',  ( 54.61482092964090640, 59.34967741935614782, 10.00099999999999945 ) ) ;
#2533 = DIRECTION ( 'NONE',  ( -0.000000000000000000, -0.000000000000000000, 1.000000000000000000 ) ) ;
#2534 = EDGE_CURVE ( 'NONE', #45, #6054, #4744, .T. ) ;
#2535 = VECTOR ( 'NONE', #2426, 1000.000000000000114 ) ;
#2536 = LINE ( 'NONE', #3109, #5849 ) ;
#2537 = FACE_OUTER_BOUND ( 'NONE', #555, .T. ) ;
#2538 = VECTOR ( 'NONE', #5624, 1000.000000000000000 ) ;
#2539 = CARTESIAN_POINT ( 'NONE',  ( 74.91692151384303600, 56.44252476504900073, 10.00099999999999945 ) ) ;
#2540 = EDGE_LOOP ( 'NONE', ( #3210, #5845, #3133, #3315 ) ) ;
#2541 = FACE_OUTER_BOUND ( 'NONE', #6324, .T. ) ;
#2542 = VECTOR ( 'NONE', #4795, 1000.000000000000000 ) ;
#2543 = FACE_OUTER_BOUND ( 'NONE', #2025, .T. ) ;
#2544 = CARTESIAN_POINT ( 'NONE',  ( 62.49024130048304215, 32.42898426308398996, -3.469446951953614189E-15 ) ) ;
#2545 = ORIENTED_EDGE ( 'NONE', *, *, #6188, .F. ) ;
#2546 = DIRECTION ( 'NONE',  ( 0.000000000000000000, 0.000000000000000000, -1.000000000000000000 ) ) ;
#2547 = EDGE_CURVE ( 'NONE', #5901, #3860, #2316, .T. ) ;
#2548 = ORIENTED_EDGE ( 'NONE', *, *, #914, .F. ) ;
#2549 = EDGE_CURVE ( 'NONE', #3026, #1771, #2700, .T. ) ;
#2550 = ORIENTED_EDGE ( 'NONE', *, *, #1024, .F. ) ;
#2551 = CARTESIAN_POINT ( 'NONE',  ( 78.02831089662203112, 12.45999491999002373, 10.00099999999999945 ) ) ;
#2552 = CARTESIAN_POINT ( 'NONE',  ( 77.41692151384303600, 56.44252476504900073, 0.3999999999999906408 ) ) ;
#2553 = CARTESIAN_POINT ( 'NONE',  ( 18.61060500309818977, 30.68592075184099599, -17.84112027324191629 ) ) ;
#2554 = PLANE ( 'NONE',  #455 ) ;
#2555 = ORIENTED_EDGE ( 'NONE', *, *, #1275, .T. ) ;
#2556 = EDGE_CURVE ( 'NONE', #5691, #297, #1283, .T. ) ;
#2557 = ADVANCED_FACE ( 'NONE', ( #1727 ), #4652, .F. ) ;
#2558 = ORIENTED_EDGE ( 'NONE', *, *, #1129, .F. ) ;
#2559 = EDGE_CURVE ( 'NONE', #3711, #452, #3251, .T. ) ;
#2560 = DIRECTION ( 'NONE',  ( 0.7071067811865557884, 8.659560562355033931E-17, -0.7071067811865392461 ) ) ;
#2561 = ORIENTED_EDGE ( 'NONE', *, *, #895, .T. ) ;
#2562 = LINE ( 'NONE', #4989, #3015 ) ;
#2563 = CARTESIAN_POINT ( 'NONE',  ( 74.57992486567027868, 5.400000000000007461, 0.000000000000000000 ) ) ;
#2564 = VECTOR ( 'NONE', #1184, 1000.000000000000114 ) ;
#2565 = VECTOR ( 'NONE', #5203, 1000.000000000000000 ) ;
#2566 = DIRECTION ( 'NONE',  ( -0.0001398863601938866888, -0.7071067742681461654, 0.7071067742681461654 ) ) ;
#2567 = PRESENTATION_STYLE_ASSIGNMENT (( #1561 ) ) ;
#2568 = LINE ( 'NONE', #5891, #4345 ) ;
#2569 = AXIS2_PLACEMENT_3D ( 'NONE', #3320, #5164, #2262 ) ;
#2570 = DIRECTION ( 'NONE',  ( 0.2810846377148323305, 0.6785983445458563246, -0.6785983445458327878 ) ) ;
#2571 = EDGE_LOOP ( 'NONE', ( #467, #3805, #2798, #2755 ) ) ;
#2572 = VECTOR ( 'NONE', #448, 1000.000000000000000 ) ;
#2573 = LINE ( 'NONE', #1089, #4514 ) ;
#2574 = LINE ( 'NONE', #3541, #5145 ) ;
#2575 = DIRECTION ( 'NONE',  ( 1.355284293265842525E-13, -1.000000000000000000, 0.000000000000000000 ) ) ;
#2576 = ORIENTED_EDGE ( 'NONE', *, *, #3414, .T. ) ;
#2577 = DIRECTION ( 'NONE',  ( 9.324293839476711010E-05, 0.9999999956528771161, 0.000000000000000000 ) ) ;
#2578 = ORIENTED_EDGE ( 'NONE', *, *, #2789, .F. ) ;
#2579 = ORIENTED_EDGE ( 'NONE', *, *, #178, .F. ) ;
#2580 = EDGE_LOOP ( 'NONE', ( #1514, #4378, #1708, #1158 ) ) ;
#2581 = LINE ( 'NONE', #110, #4176 ) ;
#2582 = CARTESIAN_POINT ( 'NONE',  ( 24.39487291362403099, 59.35339717067414256, 10.00099999999999945 ) ) ;
#2583 = DIRECTION ( 'NONE',  ( 1.259290296542222077E-16, -1.000000000000000000, 0.000000000000000000 ) ) ;
#2584 = CARTESIAN_POINT ( 'NONE',  ( 5.000000000000903277, 57.98214359204602175, 0.4000000000000131783 ) ) ;
#2585 = EDGE_CURVE ( 'NONE', #2502, #1157, #5250, .T. ) ;
#2586 = ORIENTED_EDGE ( 'NONE', *, *, #3676, .T. ) ;
#2587 = ORIENTED_EDGE ( 'NONE', *, *, #5835, .F. ) ;
#2588 = DIRECTION ( 'NONE',  ( -0.7071067811865474617, 0.7071067811865474617, 0.000000000000000000 ) ) ;
#2589 = EDGE_LOOP ( 'NONE', ( #5066, #4930, #1610, #2393 ) ) ;
#2590 = DIRECTION ( 'NONE',  ( -0.000000000000000000, -0.000000000000000000, -1.000000000000000000 ) ) ;
#2591 = ADVANCED_FACE ( 'NONE', ( #2284 ), #4235, .T. ) ;
#2592 = CARTESIAN_POINT ( 'NONE',  ( 5.400000000000900968, 54.18234984291817824, 10.00000000000000000 ) ) ;
#2593 = EDGE_CURVE ( 'NONE', #2035, #5932, #3699, .T. ) ;
#2594 = ADVANCED_FACE ( 'NONE', ( #771 ), #5637, .F. ) ;
#2595 = LINE ( 'NONE', #1115, #2538 ) ;
#2596 = LINE ( 'NONE', #4547, #3939 ) ;
#2597 = DIRECTION ( 'NONE',  ( 0.000000000000000000, 0.000000000000000000, 1.000000000000000000 ) ) ;
#2598 = LINE ( 'NONE', #5054, #3122 ) ;
#2599 = PLANE ( 'NONE',  #5311 ) ;
#2600 = ORIENTED_EDGE ( 'NONE', *, *, #1674, .T. ) ;
#2601 = DIRECTION ( 'NONE',  ( -1.000000000000000000, 1.652117596168386770E-15, 0.000000000000000000 ) ) ;
#2602 = VECTOR ( 'NONE', #4075, 1000.000000000000000 ) ;
#2603 = DIRECTION ( 'NONE',  ( -1.259290296542222077E-16, 1.000000000000000000, 0.000000000000000000 ) ) ;
#2604 = CONICAL_SURFACE ( 'NONE', #1778, 1.249999999999999334, 0.7853981633974410625 ) ;
#2605 = DIRECTION ( 'NONE',  ( 0.5773502691896323924, -0.5773502691896323924, 0.5773502691896122974 ) ) ;
#2606 = ORIENTED_EDGE ( 'NONE', *, *, #276, .T. ) ;
#2607 = LINE ( 'NONE', #4910, #464 ) ;
#2608 = ORIENTED_EDGE ( 'NONE', *, *, #4229, .F. ) ;
#2609 = VECTOR ( 'NONE', #4446, 1000.000000000000000 ) ;
#2610 = VECTOR ( 'NONE', #3459, 1000.000000000000000 ) ;
#2611 = EDGE_LOOP ( 'NONE', ( #4270, #1983, #6138, #263 ) ) ;
#2612 = ORIENTED_EDGE ( 'NONE', *, *, #5441, .F. ) ;
#2613 = CARTESIAN_POINT ( 'NONE',  ( 11.67132469877178025, 50.33421759231526948, 4.400000000000011902 ) ) ;
#2614 = DIRECTION ( 'NONE',  ( 1.000000000000000000, 0.000000000000000000, 0.000000000000000000 ) ) ;
#2615 = DIRECTION ( 'NONE',  ( -0.9999999924245159821, 0.0001230892683151790486, 0.000000000000000000 ) ) ;
#2616 = LINE ( 'NONE', #5493, #5150 ) ;
#2617 = VECTOR ( 'NONE', #882, 1000.000000000000000 ) ;
#2618 = VECTOR ( 'NONE', #5070, 1000.000000000000000 ) ;
#2619 = VERTEX_POINT ( 'NONE', #3656 ) ;
#2620 = VERTEX_POINT ( 'NONE', #1686 ) ;
#2621 = CARTESIAN_POINT ( 'NONE',  ( 74.91692151384303600, 56.44252476504900073, 0.3999999999999906408 ) ) ;
#2622 = ORIENTED_EDGE ( 'NONE', *, *, #5437, .T. ) ;
#2623 = CARTESIAN_POINT ( 'NONE',  ( 41.42884860408194214, 26.75317541498458951, 9.600000000000015632 ) ) ;
#2624 = DIRECTION ( 'NONE',  ( -0.7071067811865412445, 8.659560562354855205E-17, 0.7071067811865537900 ) ) ;
#2625 = ADVANCED_FACE ( 'NONE', ( #5024 ), #156, .T. ) ;
#2626 = CARTESIAN_POINT ( 'NONE',  ( 40.42884860408195635, 23.35317541498460869, 10.00099999999999945 ) ) ;
#2627 = EDGE_CURVE ( 'NONE', #3151, #702, #794, .T. ) ;
#2628 = LINE ( 'NONE', #5564, #2717 ) ;
#2629 = CARTESIAN_POINT ( 'NONE',  ( 10.43412585951235449, 11.61402484683418734, 0.000000000000000000 ) ) ;
#2630 = DIRECTION ( 'NONE',  ( -1.000000000000000000, 0.000000000000000000, 0.000000000000000000 ) ) ;
#2631 = EDGE_CURVE ( 'NONE', #526, #3647, #3687, .T. ) ;
#2632 = VECTOR ( 'NONE', #6077, 1000.000000000000114 ) ;
#2633 = DIRECTION ( 'NONE',  ( 0.8733071337700621939, 0.4871700422915173911, 0.000000000000000000 ) ) ;
#2634 = EDGE_CURVE ( 'NONE', #5190, #2966, #2595, .T. ) ;
#2635 = ORIENTED_EDGE ( 'NONE', *, *, #4509, .T. ) ;
#2636 = CARTESIAN_POINT ( 'NONE',  ( 0.000000000000000000, 59.97470916941927044, 4.000000000000000000 ) ) ;
#2637 = CARTESIAN_POINT ( 'NONE',  ( 0.000000000000000000, 53.13706121412302252, 0.4000000000000114575 ) ) ;
#2638 = FACE_OUTER_BOUND ( 'NONE', #5607, .T. ) ;
#2639 = VECTOR ( 'NONE', #246, 1000.000000000000000 ) ;
#2640 = CARTESIAN_POINT ( 'NONE',  ( 11.61402484566509052, 6.165685424949289839, 0.000000000000000000 ) ) ;
#2641 = VECTOR ( 'NONE', #1069, 1000.000000000000000 ) ;
#2642 = ORIENTED_EDGE ( 'NONE', *, *, #787, .F. ) ;
#2643 = ORIENTED_EDGE ( 'NONE', *, *, #581, .F. ) ;
#2644 = CARTESIAN_POINT ( 'NONE',  ( 11.30691806564784763, 11.30691806564793289, 0.3999999999999837019 ) ) ;
#2645 = DIRECTION ( 'NONE',  ( 6.369488388617202940E-16, -1.000000000000000000, 0.000000000000000000 ) ) ;
#2646 = CARTESIAN_POINT ( 'NONE',  ( 75.02984732797570189, 13.93771831048098697, 0.3999999999999837019 ) ) ;
#2647 = DIRECTION ( 'NONE',  ( -1.887397745837881465E-14, -1.000000000000000000, 0.000000000000000000 ) ) ;
#2648 = EDGE_CURVE ( 'NONE', #2152, #3424, #5593, .T. ) ;
#2649 = ORIENTED_EDGE ( 'NONE', *, *, #5551, .T. ) ;
#2650 = EDGE_LOOP ( 'NONE', ( #3216, #3282, #3412, #6230 ) ) ;
#2651 = DIRECTION ( 'NONE',  ( 0.000000000000000000, -1.000000000000000000, 0.000000000000000000 ) ) ;
#2652 = CARTESIAN_POINT ( 'NONE',  ( 10.84833942071582236, 5.400000000000020783, 0.000000000000000000 ) ) ;
#2653 = EDGE_LOOP ( 'NONE', ( #496, #2063, #1756, #3951 ) ) ;
#2654 = DIRECTION ( 'NONE',  ( 0.7071067811865492381, -0.7071067811865457964, 0.000000000000000000 ) ) ;
#2655 = CARTESIAN_POINT ( 'NONE',  ( 42.34984003052267099, 27.94391898481516279, 9.790743569830569371 ) ) ;
#2656 = VECTOR ( 'NONE', #38, 1000.000000000000114 ) ;
#2657 = LINE ( 'NONE', #5110, #4788 ) ;
#2658 = DIRECTION ( 'NONE',  ( 0.000000000000000000, 0.000000000000000000, -1.000000000000000000 ) ) ;
#2659 = VECTOR ( 'NONE', #2588, 1000.000000000000114 ) ;
#2660 = FACE_OUTER_BOUND ( 'NONE', #3895, .T. ) ;
#2661 = CARTESIAN_POINT ( 'NONE',  ( 7.157441566257593202, 35.62033445980108581, 5.686116867485802473 ) ) ;
#2662 = EDGE_CURVE ( 'NONE', #4498, #774, #2657, .T. ) ;
#2663 = ADVANCED_FACE ( 'NONE', ( #1143 ), #5081, .F. ) ;
#2664 = VECTOR ( 'NONE', #849, 1000.000000000000000 ) ;
#2665 = CARTESIAN_POINT ( 'NONE',  ( 74.51692151384304452, 56.44252476504900073, 0.000000000000000000 ) ) ;
#2666 = ORIENTED_EDGE ( 'NONE', *, *, #4666, .F. ) ;
#2667 = CARTESIAN_POINT ( 'NONE',  ( 16.26968486712803141, 5.000000000000023093, 0.3999999999999837019 ) ) ;
#2668 = DIRECTION ( 'NONE',  ( 0.000000000000000000, 0.000000000000000000, -1.000000000000000000 ) ) ;
#2669 = CARTESIAN_POINT ( 'NONE',  ( 0.000000000000000000, 12.01402484683418415, 4.000000000000000000 ) ) ;
#2670 = ORIENTED_EDGE ( 'NONE', *, *, #5955, .F. ) ;
#2671 = EDGE_CURVE ( 'NONE', #1523, #204, #1240, .T. ) ;
#2672 = VECTOR ( 'NONE', #3062, 1000.000000000000000 ) ;
#2673 = ADVANCED_FACE ( 'NONE', ( #187 ), #5050, .T. ) ;
#2674 = PLANE ( 'NONE',  #563 ) ;
#2675 = EDGE_CURVE ( 'NONE', #2438, #68, #4575, .T. ) ;
#2676 = VECTOR ( 'NONE', #6276, 1000.000000000000000 ) ;
#2677 = ORIENTED_EDGE ( 'NONE', *, *, #6028, .T. ) ;
#2678 = ORIENTED_EDGE ( 'NONE', *, *, #6289, .T. ) ;
#2679 = LINE ( 'NONE', #4627, #3175 ) ;
#2680 = CARTESIAN_POINT ( 'NONE',  ( 7.238803657608011477, 56.44252476504900073, 0.000000000000000000 ) ) ;
#2681 = CARTESIAN_POINT ( 'NONE',  ( 0.000000000000000000, 44.29286487643512515, 4.000000000000000000 ) ) ;
#2682 = LINE ( 'NONE', #4630, #152 ) ;
#2683 = VECTOR ( 'NONE', #5382, 1000.000000000000227 ) ;
#2684 = ORIENTED_EDGE ( 'NONE', *, *, #4198, .T. ) ;
#2685 = LINE ( 'NONE', #4286, #3671 ) ;
#2686 = CARTESIAN_POINT ( 'NONE',  ( 19.49412907291898733, 26.94626106892528128, 10.00000000000000000 ) ) ;
#2687 = ORIENTED_EDGE ( 'NONE', *, *, #616, .T. ) ;
#2688 = LINE ( 'NONE', #2725, #4656 ) ;
#2689 = DIRECTION ( 'NONE',  ( -0.0001230892683152483562, -0.9999999924245159821, 0.000000000000000000 ) ) ;
#2690 = VERTEX_POINT ( 'NONE', #4544 ) ;
#2691 = DIRECTION ( 'NONE',  ( 0.000000000000000000, -0.000000000000000000, -1.000000000000000000 ) ) ;
#2692 = DIRECTION ( 'NONE',  ( 1.577021341797097018E-15, 1.000000000000000000, 0.000000000000000000 ) ) ;
#2693 = CARTESIAN_POINT ( 'NONE',  ( 54.61482092964091350, 59.34967741935614782, 6.000000000000000000 ) ) ;
#2694 = DIRECTION ( 'NONE',  ( -0.000000000000000000, -0.000000000000000000, -1.000000000000000000 ) ) ;
#2695 = LINE ( 'NONE', #4646, #6137 ) ;
#2696 = VERTEX_POINT ( 'NONE', #4607 ) ;
#2697 = FACE_OUTER_BOUND ( 'NONE', #1989, .T. ) ;
#2698 = ADVANCED_FACE ( 'NONE', ( #3560, #2079 ), #5503, .T. ) ;
#2699 = DIRECTION ( 'NONE',  ( -0.000000000000000000, -0.000000000000000000, -1.000000000000000000 ) ) ;
#2700 = LINE ( 'NONE', #6157, #5295 ) ;
#2701 = ORIENTED_EDGE ( 'NONE', *, *, #2648, .F. ) ;
#2702 = CARTESIAN_POINT ( 'NONE',  ( 23.49071820240447295, 59.69186645694446725, 10.00000000000000000 ) ) ;
#2703 = ORIENTED_EDGE ( 'NONE', *, *, #2245, .F. ) ;
#2704 = EDGE_CURVE ( 'NONE', #901, #750, #3074, .T. ) ;
#2705 = EDGE_CURVE ( 'NONE', #1765, #1032, #6048, .T. ) ;
#2706 = AXIS2_PLACEMENT_3D ( 'NONE', #2829, #2381, #2283 ) ;
#2707 = EDGE_LOOP ( 'NONE', ( #2939, #1401, #5580, #130 ) ) ;
#2708 = EDGE_LOOP ( 'NONE', ( #1166, #4914, #3091, #23 ) ) ;
#2709 = CARTESIAN_POINT ( 'NONE',  ( 76.16692151384303600, 56.44252476504900073, 0.3999999999999906408 ) ) ;
#2710 = CARTESIAN_POINT ( 'NONE',  ( 73.34807733323548007, 45.95871309031685570, 4.599999999999988987 ) ) ;
#2711 = EDGE_CURVE ( 'NONE', #396, #3023, #1653, .T. ) ;
#2712 = DIRECTION ( 'NONE',  ( -0.7071067811865474617, -0.7071067811865474617, 0.000000000000000000 ) ) ;
#2713 = ORIENTED_EDGE ( 'NONE', *, *, #5864, .T. ) ;
#2714 = CARTESIAN_POINT ( 'NONE',  ( 24.67775043885851716, 54.18922606202249881, 6.000000000000000000 ) ) ;
#2715 = VECTOR ( 'NONE', #3913, 1000.000000000000114 ) ;
#2716 = ORIENTED_EDGE ( 'NONE', *, *, #1082, .T. ) ;
#2717 = VECTOR ( 'NONE', #4877, 1000.000000000000114 ) ;
#2718 = EDGE_CURVE ( 'NONE', #5857, #407, #3876, .T. ) ;
#2719 = ADVANCED_FACE ( 'NONE', ( #6015 ), #1622, .F. ) ;
#2720 = ORIENTED_EDGE ( 'NONE', *, *, #1324, .T. ) ;
#2721 = FACE_OUTER_BOUND ( 'NONE', #3515, .T. ) ;
#2722 = PLANE ( 'NONE',  #4508 ) ;
#2723 = AXIS2_PLACEMENT_3D ( 'NONE', #1008, #19, #397 ) ;
#2724 = ORIENTED_EDGE ( 'NONE', *, *, #1090, .T. ) ;
#2725 = CARTESIAN_POINT ( 'NONE',  ( 6.992565577374029395, 5.000000000000023093, 0.3999999999999837019 ) ) ;
#2726 = VECTOR ( 'NONE', #3880, 1000.000000000000114 ) ;
#2727 = FACE_OUTER_BOUND ( 'NONE', #2580, .T. ) ;
#2728 = CIRCLE ( 'NONE', #767, 1.650000000000012568 ) ;
#2729 = DIRECTION ( 'NONE',  ( 0.000000000000000000, 0.000000000000000000, -1.000000000000000000 ) ) ;
#2730 = DIRECTION ( 'NONE',  ( 0.7071067811865474617, -0.7071067811865474617, 0.000000000000000000 ) ) ;
#2731 = CARTESIAN_POINT ( 'NONE',  ( -26.20822908354670489, 26.20822908353439473, 10.00000000000000000 ) ) ;
#2732 = LINE ( 'NONE', #4066, #5883 ) ;
#2733 = EDGE_CURVE ( 'NONE', #1826, #5065, #1782, .T. ) ;
#2734 = DIRECTION ( 'NONE',  ( -0.000000000000000000, -0.000000000000000000, -1.000000000000000000 ) ) ;
#2735 = ORIENTED_EDGE ( 'NONE', *, *, #235, .T. ) ;
#2736 = CARTESIAN_POINT ( 'NONE',  ( 5.000000000000903277, 54.01736618697488979, 0.4000000000000114575 ) ) ;
#2737 = PLANE ( 'NONE',  #6078 ) ;
#2738 = DIRECTION ( 'NONE',  ( -0.4999999999999902300, 0.4999999999999902300, 0.7071067811865613395 ) ) ;
#2739 = VERTEX_POINT ( 'NONE', #5656 ) ;
#2740 = CARTESIAN_POINT ( 'NONE',  ( 40.83180065388673796, 38.69286487643512373, 3.099885383663021798 ) ) ;
#2741 = VERTEX_POINT ( 'NONE', #3845 ) ;
#2742 = ORIENTED_EDGE ( 'NONE', *, *, #6309, .T. ) ;
#2743 = ORIENTED_EDGE ( 'NONE', *, *, #569, .T. ) ;
#2744 = DIRECTION ( 'NONE',  ( 0.000000000000000000, 0.000000000000000000, 1.000000000000000000 ) ) ;
#2745 = DIRECTION ( 'NONE',  ( 0.5773502691896250649, -0.5773502691896272854, -0.5773502691896250649 ) ) ;
#2746 = AXIS2_PLACEMENT_3D ( 'NONE', #671, #3118, #3601 ) ;
#2747 = LINE ( 'NONE', #6066, #2618 ) ;
#2748 = PLANE ( 'NONE',  #359 ) ;
#2749 = EDGE_CURVE ( 'NONE', #2620, #738, #2337, .T. ) ;
#2750 = VECTOR ( 'NONE', #5483, 1000.000000000000000 ) ;
#2751 = EDGE_CURVE ( 'NONE', #2268, #3906, #2304, .T. ) ;
#2752 = ORIENTED_EDGE ( 'NONE', *, *, #6104, .F. ) ;
#2753 = CARTESIAN_POINT ( 'NONE',  ( 77.41692151384303600, 56.44252476504900073, 10.00099999999999945 ) ) ;
#2754 = PLANE ( 'NONE',  #1438 ) ;
#2755 = ORIENTED_EDGE ( 'NONE', *, *, #1964, .F. ) ;
#2756 = DIRECTION ( 'NONE',  ( 0.000000000000000000, -0.000000000000000000, 1.000000000000000000 ) ) ;
#2757 = AXIS2_PLACEMENT_3D ( 'NONE', #4669, #6139, #3648 ) ;
#2758 = ADVANCED_FACE ( 'NONE', ( #5240 ), #1365, .F. ) ;
#2759 = FACE_OUTER_BOUND ( 'NONE', #4851, .T. ) ;
#2760 = DIRECTION ( 'NONE',  ( 0.7071067811865350272, 0.7071067811865600072, 0.000000000000000000 ) ) ;
#2761 = FACE_OUTER_BOUND ( 'NONE', #1679, .T. ) ;
#2762 = CARTESIAN_POINT ( 'NONE',  ( 17.89412907291898591, 26.94626106892528128, 10.00000000000000000 ) ) ;
#2763 = EDGE_LOOP ( 'NONE', ( #4317, #3745, #4044, #1 ) ) ;
#2764 = DIRECTION ( 'NONE',  ( 0.000000000000000000, 1.000000000000000000, -0.000000000000000000 ) ) ;
#2765 = CARTESIAN_POINT ( 'NONE',  ( 25.52610449534172687, 52.77490806565516834, 4.400000000000011902 ) ) ;
#2766 = CARTESIAN_POINT ( 'NONE',  ( -4.257549643268021988, 4.257549643268046857, 10.00000000000000000 ) ) ;
#2767 = ORIENTED_EDGE ( 'NONE', *, *, #5115, .F. ) ;
#2768 = EDGE_CURVE ( 'NONE', #2802, #3779, #3371, .T. ) ;
#2769 = LINE ( 'NONE', #3729, #978 ) ;
#2770 = AXIS2_PLACEMENT_3D ( 'NONE', #3616, #1139, #4157 ) ;
#2771 = ORIENTED_EDGE ( 'NONE', *, *, #3604, .T. ) ;
#2772 = ORIENTED_EDGE ( 'NONE', *, *, #442, .T. ) ;
#2773 = AXIS2_PLACEMENT_3D ( 'NONE', #1393, #370, #2811 ) ;
#2774 = DIRECTION ( 'NONE',  ( 0.7070197385735585982, -0.7071938130861842309, 0.000000000000000000 ) ) ;
#2775 = CARTESIAN_POINT ( 'NONE',  ( 15.89412907291898236, 26.94626106892528128, 10.00000000000000000 ) ) ;
#2776 = CARTESIAN_POINT ( 'NONE',  ( 77.98218423212703954, 5.000000000000023093, 0.3999999999999837019 ) ) ;
#2777 = CARTESIAN_POINT ( 'NONE',  ( 5.000000000000530243, 33.46289289354402285, 10.00099999999999945 ) ) ;
#2778 = AXIS2_PLACEMENT_3D ( 'NONE', #3152, #195, #4045 ) ;
#2779 = VERTEX_POINT ( 'NONE', #3338 ) ;
#2780 = FACE_OUTER_BOUND ( 'NONE', #1012, .T. ) ;
#2781 = FACE_OUTER_BOUND ( 'NONE', #4536, .T. ) ;
#2782 = ORIENTED_EDGE ( 'NONE', *, *, #4395, .T. ) ;
#2783 = CARTESIAN_POINT ( 'NONE',  ( 11.01402484566505890, 5.000000000000023093, 9.600000000000015632 ) ) ;
#2784 = MECHANICAL_DESIGN_GEOMETRIC_PRESENTATION_REPRESENTATION (  '', ( #1747 ), #3406 ) ;
#2785 = EDGE_CURVE ( 'NONE', #2741, #6136, #4705, .T. ) ;
#2786 = VERTEX_POINT ( 'NONE', #6205 ) ;
#2787 = CARTESIAN_POINT ( 'NONE',  ( 7.638803657608024267, 8.415085090169998949, 10.00099999999999945 ) ) ;
#2788 = ADVANCED_FACE ( 'NONE', ( #2274 ), #1397, .F. ) ;
#2789 = EDGE_CURVE ( 'NONE', #5932, #119, #3372, .T. ) ;
#2790 = LINE ( 'NONE', #5179, #5770 ) ;
#2791 = DIRECTION ( 'NONE',  ( 0.000000000000000000, 0.000000000000000000, -1.000000000000000000 ) ) ;
#2792 = EDGE_CURVE ( 'NONE', #4337, #3700, #2818, .T. ) ;
#2793 = DIRECTION ( 'NONE',  ( -0.7049845209112707289, 0.7092226908915888473, 0.000000000000000000 ) ) ;
#2794 = ORIENTED_EDGE ( 'NONE', *, *, #4758, .T. ) ;
#2795 = LINE ( 'NONE', #1957, #1536 ) ;
#2796 = LINE ( 'NONE', #2344, #346 ) ;
#2797 = CARTESIAN_POINT ( 'NONE',  ( 40.43180065388672517, 41.20392684785399950, 2.699885383662996130 ) ) ;
#2798 = ORIENTED_EDGE ( 'NONE', *, *, #3025, .F. ) ;
#2799 = DIRECTION ( 'NONE',  ( -0.7071067811865474617, -0.7071067811865474617, 0.000000000000000000 ) ) ;
#2800 = ORIENTED_EDGE ( 'NONE', *, *, #5027, .T. ) ;
#2801 = ORIENTED_EDGE ( 'NONE', *, *, #2073, .F. ) ;
#2802 = VERTEX_POINT ( 'NONE', #4734 ) ;
#2803 = CARTESIAN_POINT ( 'NONE',  ( 54.21482093267108837, 59.34972665506347766, 6.000000000000001776 ) ) ;
#2804 = CARTESIAN_POINT ( 'NONE',  ( 11.67132469877177670, 33.93421759231524959, 4.000000000000000000 ) ) ;
#2805 = CARTESIAN_POINT ( 'NONE',  ( 75.02984732797570189, 28.93771831048098520, 4.000000000000000000 ) ) ;
#2806 = CARTESIAN_POINT ( 'NONE',  ( 41.43180065388673938, 44.29286487643512515, 4.000000000000000000 ) ) ;
#2807 = EDGE_CURVE ( 'NONE', #1288, #3485, #1813, .T. ) ;
#2808 = ORIENTED_EDGE ( 'NONE', *, *, #3063, .T. ) ;
#2809 = ORIENTED_EDGE ( 'NONE', *, *, #787, .T. ) ;
#2810 = CYLINDRICAL_SURFACE ( 'NONE', #3470, 1.250000000000001110 ) ;
#2811 = DIRECTION ( 'NONE',  ( -1.000000000000000000, 0.000000000000000000, 0.000000000000000000 ) ) ;
#2812 = ORIENTED_EDGE ( 'NONE', *, *, #2872, .F. ) ;
#2813 = DIRECTION ( 'NONE',  ( 1.000000000000000000, -0.000000000000000000, 0.000000000000000000 ) ) ;
#2814 = VECTOR ( 'NONE', #5482, 1000.000000000000000 ) ;
#2815 = VECTOR ( 'NONE', #3767, 1000.000000000000000 ) ;
#2816 = ORIENTED_EDGE ( 'NONE', *, *, #5671, .T. ) ;
#2817 = VECTOR ( 'NONE', #5040, 1000.000000000000114 ) ;
#2818 = LINE ( 'NONE', #409, #3045 ) ;
#2819 = VECTOR ( 'NONE', #2207, 1000.000000000000000 ) ;
#2820 = DIRECTION ( 'NONE',  ( -0.000000000000000000, 1.000000000000000000, 0.000000000000000000 ) ) ;
#2821 = CARTESIAN_POINT ( 'NONE',  ( 8.888803657608024267, 8.415085090169998949, 10.00000000000000000 ) ) ;
#2822 = VECTOR ( 'NONE', #1261, 1000.000000000000000 ) ;
#2823 = EDGE_CURVE ( 'NONE', #5757, #2152, #4225, .T. ) ;
#2824 = EDGE_CURVE ( 'NONE', #753, #5304, #315, .T. ) ;
#2825 = CIRCLE ( 'NONE', #5276, 1.250000000000000222 ) ;
#2826 = CARTESIAN_POINT ( 'NONE',  ( 5.400000000000900968, 0.000000000000000000, 10.00000000000000000 ) ) ;
#2827 = ORIENTED_EDGE ( 'NONE', *, *, #1402, .F. ) ;
#2828 = DIRECTION ( 'NONE',  ( -0.000000000000000000, -0.000000000000000000, 1.000000000000000000 ) ) ;
#2829 = CARTESIAN_POINT ( 'NONE',  ( 7.054993882074343858, -7.054993882074246159, 10.00000000000000000 ) ) ;
#2830 = DIRECTION ( 'NONE',  ( 0.000000000000000000, -1.000000000000000000, 0.000000000000000000 ) ) ;
#2831 = ORIENTED_EDGE ( 'NONE', *, *, #3263, .T. ) ;
#2832 = CARTESIAN_POINT ( 'NONE',  ( 40.83180065388673796, 43.69286487643512373, 3.399999999999983036 ) ) ;
#2833 = ADVANCED_FACE ( 'NONE', ( #2759 ), #1271, .F. ) ;
#2834 = ORIENTED_EDGE ( 'NONE', *, *, #1904, .T. ) ;
#2835 = ORIENTED_EDGE ( 'NONE', *, *, #202, .T. ) ;
#2836 = LINE ( 'NONE', #459, #648 ) ;
#2837 = DIRECTION ( 'NONE',  ( -0.000000000000000000, -0.000000000000000000, -1.000000000000000000 ) ) ;
#2838 = LINE ( 'NONE', #2898, #4458 ) ;
#2839 = DIRECTION ( 'NONE',  ( -0.000000000000000000, 0.000000000000000000, 1.000000000000000000 ) ) ;
#2840 = ORIENTED_EDGE ( 'NONE', *, *, #2510, .T. ) ;
#2841 = LINE ( 'NONE', #4882, #2002 ) ;
#2842 = AXIS2_PLACEMENT_3D ( 'NONE', #3140, #880, #2839 ) ;
#2843 = ORIENTED_EDGE ( 'NONE', *, *, #3568, .T. ) ;
#2844 = ORIENTED_EDGE ( 'NONE', *, *, #4431, .F. ) ;
#2845 = LINE ( 'NONE', #5268, #2338 ) ;
#2846 = CARTESIAN_POINT ( 'NONE',  ( 73.15243468099103552, 6.261804759730023484, 0.3999999999999837019 ) ) ;
#2847 = ORIENTED_EDGE ( 'NONE', *, *, #2872, .T. ) ;
#2848 = CARTESIAN_POINT ( 'NONE',  ( 41.42884860408194214, 23.35317541498460159, 4.000000000000000000 ) ) ;
#2849 = DIRECTION ( 'NONE',  ( -1.000000000000000000, 0.000000000000000000, 0.000000000000000000 ) ) ;
#2850 = EDGE_CURVE ( 'NONE', #2034, #1383, #375, .T. ) ;
#2851 = VECTOR ( 'NONE', #4683, 1000.000000000000114 ) ;
#2852 = VERTEX_POINT ( 'NONE', #1849 ) ;
#2853 = DIRECTION ( 'NONE',  ( 0.7071067811865394681, -1.115122484860622685E-15, -0.7071067811865555663 ) ) ;
#2854 = VECTOR ( 'NONE', #3615, 1000.000000000000000 ) ;
#2855 = FACE_OUTER_BOUND ( 'NONE', #5800, .T. ) ;
#2856 = DIRECTION ( 'NONE',  ( -0.000000000000000000, -0.000000000000000000, -1.000000000000000000 ) ) ;
#2857 = CARTESIAN_POINT ( 'NONE',  ( 8.888803657608024267, 8.415085090169998949, 0.3999999999999889200 ) ) ;
#2858 = ORIENTED_EDGE ( 'NONE', *, *, #2495, .T. ) ;
#2859 = CARTESIAN_POINT ( 'NONE',  ( 12.07132469877178060, -2.617551292637258512E-15, 4.000000000000000000 ) ) ;
#2860 = DIRECTION ( 'NONE',  ( 0.000000000000000000, 0.000000000000000000, -1.000000000000000000 ) ) ;
#2861 = ORIENTED_EDGE ( 'NONE', *, *, #6307, .F. ) ;
#2862 = ADVANCED_FACE ( 'NONE', ( #6172 ), #286, .T. ) ;
#2863 = VECTOR ( 'NONE', #4934, 1000.000000000000000 ) ;
#2864 = ORIENTED_EDGE ( 'NONE', *, *, #33, .T. ) ;
#2865 = ORIENTED_EDGE ( 'NONE', *, *, #5516, .T. ) ;
#2866 = PLANE ( 'NONE',  #4243 ) ;
#2867 = DIRECTION ( 'NONE',  ( -0.000000000000000000, -0.000000000000000000, -1.000000000000000000 ) ) ;
#2868 = PLANE ( 'NONE',  #3243 ) ;
#2869 = DIRECTION ( 'NONE',  ( -0.6785983445458428909, -0.2810846377149101016, 0.6785983445458139141 ) ) ;
#2870 = AXIS2_PLACEMENT_3D ( 'NONE', #2923, #3522, #3409 ) ;
#2871 = FACE_OUTER_BOUND ( 'NONE', #4385, .T. ) ;
#2872 = EDGE_CURVE ( 'NONE', #2509, #2060, #6145, .T. ) ;
#2873 = AXIS2_PLACEMENT_3D ( 'NONE', #6233, #4222, #6201 ) ;
#2874 = ORIENTED_EDGE ( 'NONE', *, *, #6086, .T. ) ;
#2875 = ORIENTED_EDGE ( 'NONE', *, *, #1292, .T. ) ;
#2876 = DIRECTION ( 'NONE',  ( 1.000000000000000000, 0.000000000000000000, 0.000000000000000000 ) ) ;
#2877 = DIRECTION ( 'NONE',  ( -1.000000000000000000, 0.000000000000000000, 0.000000000000000000 ) ) ;
#2878 = ORIENTED_EDGE ( 'NONE', *, *, #4113, .F. ) ;
#2879 = CARTESIAN_POINT ( 'NONE',  ( 0.000000000000000000, 45.55871309031684291, 5.000000000000000000 ) ) ;
#2880 = DIRECTION ( 'NONE',  ( -0.7870447919190708408, -0.6168958546732719039, 0.000000000000000000 ) ) ;
#2881 = AXIS2_PLACEMENT_3D ( 'NONE', #3085, #2154, #5958 ) ;
#2882 = ORIENTED_EDGE ( 'NONE', *, *, #2446, .F. ) ;
#2883 = ORIENTED_EDGE ( 'NONE', *, *, #826, .F. ) ;
#2884 = VECTOR ( 'NONE', #4097, 999.9999999999998863 ) ;
#2885 = PLANE ( 'NONE',  #3439 ) ;
#2886 = LINE ( 'NONE', #4834, #1703 ) ;
#2887 = FACE_OUTER_BOUND ( 'NONE', #3405, .T. ) ;
#2888 = ORIENTED_EDGE ( 'NONE', *, *, #4626, .F. ) ;
#2889 = CARTESIAN_POINT ( 'NONE',  ( 56.59453402903117336, 23.75317541498460727, 10.00000000000000000 ) ) ;
#2890 = DIRECTION ( 'NONE',  ( -1.000000000000000000, 0.000000000000000000, 0.000000000000000000 ) ) ;
#2891 = VERTEX_POINT ( 'NONE', #5178 ) ;
#2892 = DIRECTION ( 'NONE',  ( -0.7061519002946796686, 0.7080603743397965166, 0.000000000000000000 ) ) ;
#2893 = ORIENTED_EDGE ( 'NONE', *, *, #2913, .T. ) ;
#2894 = CARTESIAN_POINT ( 'NONE',  ( 9.609740459014362912, 9.623782432329539560, -1.990242414504578727 ) ) ;
#2895 = ORIENTED_EDGE ( 'NONE', *, *, #4850, .F. ) ;
#2896 = LINE ( 'NONE', #2323, #967 ) ;
#2897 = LINE ( 'NONE', #4878, #5021 ) ;
#2898 = CARTESIAN_POINT ( 'NONE',  ( 54.24630593347998087, 46.14832624201269340, 5.929479032464475274 ) ) ;
#2899 = CARTESIAN_POINT ( 'NONE',  ( 41.02884860408194356, 26.91886083993382428, 10.00000000000000000 ) ) ;
#2900 = EDGE_LOOP ( 'NONE', ( #5194, #4950, #907, #2015 ) ) ;
#2901 = CARTESIAN_POINT ( 'NONE',  ( 73.15243468099103552, 6.261804759730023484, 10.00099999999999945 ) ) ;
#2902 = EDGE_CURVE ( 'NONE', #3779, #901, #793, .T. ) ;
#2903 = ADVANCED_FACE ( 'NONE', ( #6168 ), #2203, .F. ) ;
#2904 = EDGE_LOOP ( 'NONE', ( #171, #2767, #29, #1000 ) ) ;
#2905 = ADVANCED_FACE ( 'NONE', ( #279 ), #4253, .F. ) ;
#2906 = ORIENTED_EDGE ( 'NONE', *, *, #1657, .T. ) ;
#2907 = DIRECTION ( 'NONE',  ( -0.7071067811865455743, 0.7071067811865493491, 0.000000000000000000 ) ) ;
#2908 = DIRECTION ( 'NONE',  ( 0.000000000000000000, -1.000000000000000000, 0.000000000000000000 ) ) ;
#2909 = VERTEX_POINT ( 'NONE', #1773 ) ;
#2910 = LINE ( 'NONE', #4321, #2508 ) ;
#2911 = CARTESIAN_POINT ( 'NONE',  ( 30.54606450874868173, -30.54606450874760526, 0.3999999999999875877 ) ) ;
#2912 = VERTEX_POINT ( 'NONE', #4123 ) ;
#2913 = EDGE_CURVE ( 'NONE', #5319, #3742, #3746, .T. ) ;
#2914 = EDGE_CURVE ( 'NONE', #5929, #5708, #4221, .T. ) ;
#2915 = VERTEX_POINT ( 'NONE', #6073 ) ;
#2916 = EDGE_CURVE ( 'NONE', #1945, #308, #5134, .T. ) ;
#2917 = AXIS2_PLACEMENT_3D ( 'NONE', #5315, #5733, #5249 ) ;
#2918 = LINE ( 'NONE', #4867, #765 ) ;
#2919 = VECTOR ( 'NONE', #1817, 1000.000000000000000 ) ;
#2920 = CARTESIAN_POINT ( 'NONE',  ( 74.41423944072103325, 5.000000000000023093, 9.600000000000015632 ) ) ;
#2921 = VECTOR ( 'NONE', #3623, 1000.000000000000000 ) ;
#2922 = AXIS2_PLACEMENT_3D ( 'NONE', #6235, #922, #6265 ) ;
#2923 = CARTESIAN_POINT ( 'NONE',  ( 42.38734786855103209, 40.21884720954800940, -3.469446951953614189E-15 ) ) ;
#2924 = DIRECTION ( 'NONE',  ( 0.6787005645107184737, 0.2805906047352552668, -0.6787005645106949370 ) ) ;
#2925 = VECTOR ( 'NONE', #6159, 999.9999999999998863 ) ;
#2926 = CARTESIAN_POINT ( 'NONE',  ( 17.89412907291898591, 26.94626106892528128, 10.00000000000000000 ) ) ;
#2927 = AXIS2_PLACEMENT_3D ( 'NONE', #26, #5881, #5822 ) ;
#2928 = ORIENTED_EDGE ( 'NONE', *, *, #6326, .F. ) ;
#2929 = AXIS2_PLACEMENT_3D ( 'NONE', #934, #449, #2414 ) ;
#2930 = DIRECTION ( 'NONE',  ( -0.000000000000000000, -0.000000000000000000, -1.000000000000000000 ) ) ;
#2931 = EDGE_LOOP ( 'NONE', ( #1496, #4373, #6123, #5316 ) ) ;
#2932 = DIRECTION ( 'NONE',  ( -0.9999999804318064900, 0.0001978291858416224790, 0.000000000000000000 ) ) ;
#2933 = PLANE ( 'NONE',  #2370 ) ;
#2934 = DIRECTION ( 'NONE',  ( -0.6785637409027436284, 0.2811681637591894600, 0.6785983445458438901 ) ) ;
#2935 = CARTESIAN_POINT ( 'NONE',  ( 15.40376155339789221, 23.35317541498461225, 9.600000000000015632 ) ) ;
#2936 = VERTEX_POINT ( 'NONE', #4698 ) ;
#2937 = LINE ( 'NONE', #3326, #2617 ) ;
#2938 = ORIENTED_EDGE ( 'NONE', *, *, #3166, .T. ) ;
#2939 = ORIENTED_EDGE ( 'NONE', *, *, #5510, .T. ) ;
#2940 = VERTEX_POINT ( 'NONE', #4184 ) ;
#2941 = FACE_OUTER_BOUND ( 'NONE', #5669, .T. ) ;
#2942 = CARTESIAN_POINT ( 'NONE',  ( 0.000000000000000000, 0.000000000000000000, 0.000000000000000000 ) ) ;
#2943 = PLANE ( 'NONE',  #2922 ) ;
#2944 = EDGE_CURVE ( 'NONE', #6054, #5925, #1709, .T. ) ;
#2945 = LINE ( 'NONE', #5306, #4354 ) ;
#2946 = EDGE_CURVE ( 'NONE', #702, #3151, #4894, .T. ) ;
#2947 = ORIENTED_EDGE ( 'NONE', *, *, #6086, .F. ) ;
#2948 = EDGE_LOOP ( 'NONE', ( #4072, #3987, #4941, #3948 ) ) ;
#2949 = CARTESIAN_POINT ( 'NONE',  ( 5.871324698771779538, 34.33421759231527659, 10.00099999999999945 ) ) ;
#2950 = EDGE_CURVE ( 'NONE', #4721, #3539, #386, .T. ) ;
#2951 = DIRECTION ( 'NONE',  ( 0.5773502691896212902, -0.5773502691896212902, 0.5773502691896346128 ) ) ;
#2952 = AXIS2_PLACEMENT_3D ( 'NONE', #5844, #71, #3983 ) ;
#2953 = ADVANCED_FACE ( 'NONE', ( #2721 ), #2234, .T. ) ;
#2954 = VECTOR ( 'NONE', #3718, 1000.000000000000000 ) ;
#2955 = PLANE ( 'NONE',  #4104 ) ;
#2956 = CARTESIAN_POINT ( 'NONE',  ( 77.86634522299084438, 52.75311032234201747, 0.000000000000000000 ) ) ;
#2957 = ORIENTED_EDGE ( 'NONE', *, *, #4294, .F. ) ;
#2958 = VECTOR ( 'NONE', #720, 1000.000000000000000 ) ;
#2959 = DIRECTION ( 'NONE',  ( 1.000000000000000000, 0.000000000000000000, -0.000000000000000000 ) ) ;
#2960 = EDGE_LOOP ( 'NONE', ( #1860, #838, #3936, #3327 ) ) ;
#2961 = DIRECTION ( 'NONE',  ( 1.000000000000000000, 0.000000000000000000, 0.000000000000000000 ) ) ;
#2962 = DIRECTION ( 'NONE',  ( -0.7071067811865453523, 0.7071067811865497932, 0.000000000000000000 ) ) ;
#2963 = CARTESIAN_POINT ( 'NONE',  ( 71.66832823704638145, 20.24299677419530497, 24.84299677419476282 ) ) ;
#2964 = CARTESIAN_POINT ( 'NONE',  ( 77.41692151384303600, 8.415085090169998949, 9.600000000000019185 ) ) ;
#2965 = VECTOR ( 'NONE', #3537, 1000.000000000000000 ) ;
#2966 = VERTEX_POINT ( 'NONE', #3714 ) ;
#2967 = ORIENTED_EDGE ( 'NONE', *, *, #1136, .T. ) ;
#2968 = ORIENTED_EDGE ( 'NONE', *, *, #3513, .T. ) ;
#2969 = LINE ( 'NONE', #2551, #1108 ) ;
#2970 = FACE_OUTER_BOUND ( 'NONE', #3543, .T. ) ;
#2971 = FACE_OUTER_BOUND ( 'NONE', #5313, .T. ) ;
#2972 = CARTESIAN_POINT ( 'NONE',  ( 12.01402484566508733, 19.96343870725182512, 10.00099999999999945 ) ) ;
#2973 = VERTEX_POINT ( 'NONE', #3168 ) ;
#2974 = ORIENTED_EDGE ( 'NONE', *, *, #1596, .F. ) ;
#2975 = EDGE_CURVE ( 'NONE', #3567, #2329, #1297, .T. ) ;
#2976 = LINE ( 'NONE', #3407, #2305 ) ;
#2977 = AXIS2_PLACEMENT_3D ( 'NONE', #3475, #973, #4845 ) ;
#2978 = CARTESIAN_POINT ( 'NONE',  ( 54.61415088855444111, 53.90613964737284647, 4.400000000000011902 ) ) ;
#2979 = EDGE_CURVE ( 'NONE', #5749, #1771, #3267, .T. ) ;
#2980 = AXIS2_PLACEMENT_3D ( 'NONE', #5389, #3920, #522 ) ;
#2981 = EDGE_CURVE ( 'NONE', #5925, #2384, #5202, .T. ) ;
#2982 = EDGE_CURVE ( 'NONE', #3539, #1222, #814, .T. ) ;
#2983 = DIRECTION ( 'NONE',  ( -1.000000000000000000, 3.469446951953610639E-15, 0.000000000000000000 ) ) ;
#2984 = CARTESIAN_POINT ( 'NONE',  ( 8.888803657608024267, 56.44252476504900073, 0.4000000000000027978 ) ) ;
#2985 = AXIS2_PLACEMENT_3D ( 'NONE', #5383, #5890, #995 ) ;
#2986 = CARTESIAN_POINT ( 'NONE',  ( -1.793010517040539931, 2.287549152101669314, 2.109999999999997211 ) ) ;
#2987 = EDGE_LOOP ( 'NONE', ( #3160, #668 ) ) ;
#2988 = DIRECTION ( 'NONE',  ( -0.7071067811865556774, 0.000000000000000000, 0.7071067811865393571 ) ) ;
#2989 = FACE_OUTER_BOUND ( 'NONE', #1699, .T. ) ;
#2990 = FACE_OUTER_BOUND ( 'NONE', #6286, .T. ) ;
#2991 = ORIENTED_EDGE ( 'NONE', *, *, #5323, .F. ) ;
#2992 = DIRECTION ( 'NONE',  ( -0.7071067811863702701, -0.7071067811867248754, 0.000000000000000000 ) ) ;
#2993 = ORIENTED_EDGE ( 'NONE', *, *, #5577, .T. ) ;
#2994 = ORIENTED_EDGE ( 'NONE', *, *, #4581, .F. ) ;
#2995 = ORIENTED_EDGE ( 'NONE', *, *, #5591, .T. ) ;
#2996 = VERTEX_POINT ( 'NONE', #788 ) ;
#2997 = DIRECTION ( 'NONE',  ( -0.7071067811867248754, 0.7071067811863702701, 0.000000000000000000 ) ) ;
#2998 = PLANE ( 'NONE',  #5016 ) ;
#2999 = CARTESIAN_POINT ( 'NONE',  ( 24.39482367791670825, 58.95339717370433874, 10.00000000000000000 ) ) ;
#3000 = PLANE ( 'NONE',  #2197 ) ;
#3001 = EDGE_LOOP ( 'NONE', ( #4371, #3969, #2752, #2351 ) ) ;
#3002 = ADVANCED_FACE ( 'NONE', ( #2780 ), #337, .T. ) ;
#3003 = ORIENTED_EDGE ( 'NONE', *, *, #3513, .F. ) ;
#3004 = ORIENTED_EDGE ( 'NONE', *, *, #4931, .T. ) ;
#3005 = DIRECTION ( 'NONE',  ( 0.000000000000000000, 0.000000000000000000, -1.000000000000000000 ) ) ;
#3006 = CARTESIAN_POINT ( 'NONE',  ( 5.000000000000903277, 54.01736618697488979, 0.4000000000000080158 ) ) ;
#3007 = FILL_AREA_STYLE ('',( #1182 ) ) ;
#3008 = CARTESIAN_POINT ( 'NONE',  ( 54.21482093267108837, 59.34972665506347766, 6.000000000000000000 ) ) ;
#3009 = EDGE_CURVE ( 'NONE', #4793, #1953, #213, .T. ) ;
#3010 = CONICAL_SURFACE ( 'NONE', #1678, 2.000000000000001776, 0.7853981633974578269 ) ;
#3011 = VECTOR ( 'NONE', #272, 1000.000000000000000 ) ;
#3012 = EDGE_CURVE ( 'NONE', #965, #5480, #2685, .T. ) ;
#3013 = CIRCLE ( 'NONE', #1893, 1.600000000000000755 ) ;
#3014 = CARTESIAN_POINT ( 'NONE',  ( 37.03180065388674791, 39.09286487643513652, 2.699885383662996130 ) ) ;
#3015 = VECTOR ( 'NONE', #2076, 1000.000000000000000 ) ;
#3016 = ORIENTED_EDGE ( 'NONE', *, *, #4740, .F. ) ;
#3017 = LINE ( 'NONE', #3540, #1127 ) ;
#3018 = CARTESIAN_POINT ( 'NONE',  ( 75.58226240066095158, 52.75311032234201747, 0.000000000000000000 ) ) ;
#3019 = CYLINDRICAL_SURFACE ( 'NONE', #4480, 1.250000000000001110 ) ;
#3020 = ORIENTED_EDGE ( 'NONE', *, *, #2078, .F. ) ;
#3021 = EDGE_CURVE ( 'NONE', #3297, #4825, #5750, .T. ) ;
#3022 = DIRECTION ( 'NONE',  ( -0.5773502691896228445, 0.5773502691896260641, -0.5773502691896281735 ) ) ;
#3023 = VERTEX_POINT ( 'NONE', #1428 ) ;
#3024 = VECTOR ( 'NONE', #2359, 1000.000000000000000 ) ;
#3025 = EDGE_CURVE ( 'NONE', #1554, #947, #1392, .T. ) ;
#3026 = VERTEX_POINT ( 'NONE', #6262 ) ;
#3027 = AXIS2_PLACEMENT_3D ( 'NONE', #911, #4818, #426 ) ;
#3028 = VERTEX_POINT ( 'NONE', #3900 ) ;
#3029 = VERTEX_POINT ( 'NONE', #4383 ) ;
#3030 = CARTESIAN_POINT ( 'NONE',  ( 10.13880365760802604, 56.44252476504900073, 9.599999999999996092 ) ) ;
#3031 = DIRECTION ( 'NONE',  ( 0.2810846377148007447, 0.6785983445458628749, 0.6785983445458393382 ) ) ;
#3032 = CARTESIAN_POINT ( 'NONE',  ( 0.000000000000000000, 5.400000000000020783, 0.000000000000000000 ) ) ;
#3033 = LINE ( 'NONE', #4534, #652 ) ;
#3034 = ORIENTED_EDGE ( 'NONE', *, *, #518, .F. ) ;
#3035 = ORIENTED_EDGE ( 'NONE', *, *, #1058, .T. ) ;
#3036 = PLANE ( 'NONE',  #1325 ) ;
#3037 = ORIENTED_EDGE ( 'NONE', *, *, #4704, .T. ) ;
#3038 = CARTESIAN_POINT ( 'NONE',  ( 79.97474980950003953, 6.992565577373023977, 10.00099999999999945 ) ) ;
#3039 = DIRECTION ( 'NONE',  ( -1.000000000000000000, 0.000000000000000000, 0.000000000000000000 ) ) ;
#3040 = VECTOR ( 'NONE', #4908, 1000.000000000000114 ) ;
#3041 = CARTESIAN_POINT ( 'NONE',  ( 71.66832823704469035, 44.73171239522304177, -14.84299677419571317 ) ) ;
#3042 = CARTESIAN_POINT ( 'NONE',  ( 75.41657697571172037, 52.35311032234202600, 0.3999999999999837019 ) ) ;
#3043 = LINE ( 'NONE', #600, #4747 ) ;
#3044 = VERTEX_POINT ( 'NONE', #5852 ) ;
#3045 = VECTOR ( 'NONE', #5210, 1000.000000000000000 ) ;
#3046 = CARTESIAN_POINT ( 'NONE',  ( 2.724169710357900343, -2.724169710357900343, 0.000000000000000000 ) ) ;
#3047 = ORIENTED_EDGE ( 'NONE', *, *, #2585, .T. ) ;
#3048 = CARTESIAN_POINT ( 'NONE',  ( 59.77578496594467339, 40.61884720954800088, 3.399999999999983036 ) ) ;
#3049 = AXIS2_PLACEMENT_3D ( 'NONE', #5553, #1234, #751 ) ;
#3050 = EDGE_CURVE ( 'NONE', #750, #301, #2027, .T. ) ;
#3051 = LINE ( 'NONE', #3219, #2503 ) ;
#3052 = CARTESIAN_POINT ( 'NONE',  ( 24.79487291362405088, 54.07207475066783076, 6.000000000000000000 ) ) ;
#3053 = VERTEX_POINT ( 'NONE', #5718 ) ;
#3054 = DIRECTION ( 'NONE',  ( 0.000000000000000000, 0.7071067811865475727, 0.7071067811865475727 ) ) ;
#3055 = EDGE_LOOP ( 'NONE', ( #5643, #434, #3776 ) ) ;
#3056 = ORIENTED_EDGE ( 'NONE', *, *, #3348, .F. ) ;
#3057 = ADVANCED_FACE ( 'NONE', ( #1460 ), #3329, .T. ) ;
#3058 = EDGE_CURVE ( 'NONE', #1826, #1589, #2394, .T. ) ;
#3059 = ORIENTED_EDGE ( 'NONE', *, *, #5209, .T. ) ;
#3060 = ORIENTED_EDGE ( 'NONE', *, *, #4431, .T. ) ;
#3061 = DIRECTION ( 'NONE',  ( 0.7071067811865524577, -0.7071067811865425767, 0.000000000000000000 ) ) ;
#3062 = DIRECTION ( 'NONE',  ( 0.000000000000000000, 1.000000000000000000, 0.000000000000000000 ) ) ;
#3063 = EDGE_CURVE ( 'NONE', #4337, #1840, #984, .T. ) ;
#3064 = CARTESIAN_POINT ( 'NONE',  ( 73.55243468099102699, 0.000000000000000000, 10.00000000000000000 ) ) ;
#3065 = DIRECTION ( 'NONE',  ( 0.8733071337700620829, 0.4871700422915172801, 0.000000000000000000 ) ) ;
#3066 = EDGE_LOOP ( 'NONE', ( #2843, #5033, #1364, #4414 ) ) ;
#3067 = VECTOR ( 'NONE', #2570, 1000.000000000000000 ) ;
#3068 = VERTEX_POINT ( 'NONE', #1843 ) ;
#3069 = CARTESIAN_POINT ( 'NONE',  ( 36.63180065388673512, 38.69286487643513084, -6.830045703262805468 ) ) ;
#3070 = EDGE_LOOP ( 'NONE', ( #6032, #4315, #5307, #3870, #4186, #2720 ) ) ;
#3071 = CARTESIAN_POINT ( 'NONE',  ( -21.63100838201660281, 21.63100838201653531, 0.4000000000000145106 ) ) ;
#3072 = CARTESIAN_POINT ( 'NONE',  ( 75.41657697571172037, 52.75311032234201747, 0.000000000000000000 ) ) ;
#3073 = VECTOR ( 'NONE', #1552, 1000.000000000000000 ) ;
#3074 = LINE ( 'NONE', #2176, #6210 ) ;
#3075 = VECTOR ( 'NONE', #5135, 1000.000000000000000 ) ;
#3076 = CARTESIAN_POINT ( 'NONE',  ( 78.03203064794003296, 52.35311032234201889, 0.3999999999999837019 ) ) ;
#3077 = PLANE ( 'NONE',  #4313 ) ;
#3078 = PLANE ( 'NONE',  #4956 ) ;
#3079 = ORIENTED_EDGE ( 'NONE', *, *, #4665, .T. ) ;
#3080 = VECTOR ( 'NONE', #2745, 999.9999999999998863 ) ;
#3081 = EDGE_CURVE ( 'NONE', #4942, #5254, #2845, .T. ) ;
#3082 = DIRECTION ( 'NONE',  ( 1.000000000000000000, -1.196361017915039831E-15, 0.000000000000000000 ) ) ;
#3083 = ORIENTED_EDGE ( 'NONE', *, *, #5015, .F. ) ;
#3084 = VECTOR ( 'NONE', #344, 1000.000000000000000 ) ;
#3085 = CARTESIAN_POINT ( 'NONE',  ( 0.000000000000000000, 53.13706121412302252, 4.000000000000000000 ) ) ;
#3086 = CARTESIAN_POINT ( 'NONE',  ( 82.46559639914210038, -5.823914459315633785, 11.22391445931563858 ) ) ;
#3087 = PLANE ( 'NONE',  #896 ) ;
#3088 = ORIENTED_EDGE ( 'NONE', *, *, #2118, .T. ) ;
#3089 = CARTESIAN_POINT ( 'NONE',  ( 79.57474980950004806, 0.000000000000000000, 0.000000000000000000 ) ) ;
#3090 = VERTEX_POINT ( 'NONE', #1913 ) ;
#3091 = ORIENTED_EDGE ( 'NONE', *, *, #5290, .F. ) ;
#3092 = ORIENTED_EDGE ( 'NONE', *, *, #6147, .F. ) ;
#3093 = LINE ( 'NONE', #5457, #2451 ) ;
#3094 = LINE ( 'NONE', #587, #517 ) ;
#3095 = LINE ( 'NONE', #2999, #3751 ) ;
#3096 = DIRECTION ( 'NONE',  ( -0.000000000000000000, -0.7071067811865475727, 0.7071067811865475727 ) ) ;
#3097 = EDGE_CURVE ( 'NONE', #1589, #526, #848, .T. ) ;
#3098 = EDGE_CURVE ( 'NONE', #103, #3833, #1328, .T. ) ;
#3099 = ADVANCED_FACE ( 'NONE', ( #5338 ), #2810, .F. ) ;
#3100 = ORIENTED_EDGE ( 'NONE', *, *, #3624, .F. ) ;
#3101 = CARTESIAN_POINT ( 'NONE',  ( 8.888803657608024267, 56.44252476504900073, 0.000000000000000000 ) ) ;
#3102 = ORIENTED_EDGE ( 'NONE', *, *, #902, .T. ) ;
#3103 = CARTESIAN_POINT ( 'NONE',  ( 73.71952070086400965, 54.05016659718972960, 14.99835655691897074 ) ) ;
#3104 = CARTESIAN_POINT ( 'NONE',  ( 36.63180065388673512, 43.69286487643512373, 3.099885383663021798 ) ) ;
#3105 = ADVANCED_FACE ( 'NONE', ( #2364 ), #952, .T. ) ;
#3106 = ADVANCED_FACE ( 'NONE', ( #5819 ), #3398, .T. ) ;
#3107 = CARTESIAN_POINT ( 'NONE',  ( 0.000000000000000000, 30.68592075184099599, -17.84112027324191629 ) ) ;
#3108 = DIRECTION ( 'NONE',  ( 2.342423510106018633E-15, 1.000000000000000000, 0.000000000000000000 ) ) ;
#3109 = CARTESIAN_POINT ( 'NONE',  ( 12.01402484566508733, 6.000000000000052403, 0.000000000000000000 ) ) ;
#3110 = LINE ( 'NONE', #189, #866 ) ;
#3111 = CARTESIAN_POINT ( 'NONE',  ( -7.214347219674895229, 12.93252939528298029, -17.84112027324191629 ) ) ;
#3112 = VERTEX_POINT ( 'NONE', #4853 ) ;
#3113 = LINE ( 'NONE', #6055, #210 ) ;
#3114 = UNCERTAINTY_MEASURE_WITH_UNIT (LENGTH_MEASURE( 1.000000000000000082E-05 ), #3283, 'distance_accuracy_value', 'NONE');
#3115 = CIRCLE ( 'NONE', #3937, 1.250000000000000222 ) ;
#3116 = LINE ( 'NONE', #1758, #3334 ) ;
#3117 = VECTOR ( 'NONE', #3593, 1000.000000000000114 ) ;
#3118 = DIRECTION ( 'NONE',  ( -0.7071067811865475727, -0.7071067811865475727, -0.000000000000000000 ) ) ;
#3119 = ORIENTED_EDGE ( 'NONE', *, *, #431, .F. ) ;
#3120 = EDGE_CURVE ( 'NONE', #921, #3647, #6329, .T. ) ;
#3121 = CARTESIAN_POINT ( 'NONE',  ( 11.27132469877176568, 34.73421759231528227, 6.000000000000000000 ) ) ;
#3122 = VECTOR ( 'NONE', #2694, 1000.000000000000000 ) ;
#3123 = AXIS2_PLACEMENT_3D ( 'NONE', #567, #2016, #3972 ) ;
#3124 = EDGE_LOOP ( 'NONE', ( #6327, #484, #2635, #840 ) ) ;
#3125 = EDGE_LOOP ( 'NONE', ( #6071, #4415, #4797, #1540 ) ) ;
#3126 = CARTESIAN_POINT ( 'NONE',  ( 12.01402484566508733, 19.96343870725182512, 9.600000000000015632 ) ) ;
#3127 = DIRECTION ( 'NONE',  ( 0.000000000000000000, -1.000000000000000000, -0.000000000000000000 ) ) ;
#3128 = DIRECTION ( 'NONE',  ( 1.000000000000000000, 0.000000000000000000, 0.000000000000000000 ) ) ;
#3129 = PLANE ( 'NONE',  #1474 ) ;
#3130 = VECTOR ( 'NONE', #2892, 1000.000000000000000 ) ;
#3131 = AXIS2_PLACEMENT_3D ( 'NONE', #1491, #5401, #2813 ) ;
#3132 = AXIS2_PLACEMENT_3D ( 'NONE', #5222, #4874, #1963 ) ;
#3133 = ORIENTED_EDGE ( 'NONE', *, *, #3120, .F. ) ;
#3134 = ADVANCED_FACE ( 'NONE', ( #2941 ), #2463, .F. ) ;
#3135 = ORIENTED_EDGE ( 'NONE', *, *, #1718, .T. ) ;
#3136 = DIRECTION ( 'NONE',  ( 1.000000000000000000, 0.000000000000000000, 0.000000000000000000 ) ) ;
#3137 = DIRECTION ( 'NONE',  ( -0.000000000000000000, -0.000000000000000000, -1.000000000000000000 ) ) ;
#3138 = ORIENTED_EDGE ( 'NONE', *, *, #4266, .T. ) ;
#3139 = CARTESIAN_POINT ( 'NONE',  ( 9.875044450089788484, 53.13706121412302252, 0.4000000000000145106 ) ) ;
#3140 = CARTESIAN_POINT ( 'NONE',  ( 11.67132469877178025, 49.93421759231525670, 6.000000000000000000 ) ) ;
#3141 = EDGE_CURVE ( 'NONE', #1912, #1616, #3777, .T. ) ;
#3142 = VERTEX_POINT ( 'NONE', #4443 ) ;
#3143 = DIRECTION ( 'NONE',  ( -0.0001398863601938866888, -0.7071067742681461654, 0.7071067742681461654 ) ) ;
#3144 = EDGE_CURVE ( 'NONE', #2294, #1424, #642, .T. ) ;
#3145 = LINE ( 'NONE', #5354, #6177 ) ;
#3146 = CARTESIAN_POINT ( 'NONE',  ( 0.000000000000000000, 41.35871309031686849, 5.000000000000000000 ) ) ;
#3147 = CARTESIAN_POINT ( 'NONE',  ( 39.98996243283495744, 39.98996243283515639, 10.00000000000000000 ) ) ;
#3148 = EDGE_CURVE ( 'NONE', #4977, #5397, #1978, .T. ) ;
#3149 = VECTOR ( 'NONE', #656, 1000.000000000000000 ) ;
#3150 = FACE_OUTER_BOUND ( 'NONE', #1346, .T. ) ;
#3151 = VERTEX_POINT ( 'NONE', #4416 ) ;
#3152 = CARTESIAN_POINT ( 'NONE',  ( 45.06620478199098301, 44.94473536320229812, 0.000000000000000000 ) ) ;
#3153 = LINE ( 'NONE', #1282, #3832 ) ;
#3154 = DIRECTION ( 'NONE',  ( 1.000000000000000000, 0.000000000000000000, 0.000000000000000000 ) ) ;
#3155 = EDGE_LOOP ( 'NONE', ( #4483, #2042, #4472, #4873 ) ) ;
#3156 = VECTOR ( 'NONE', #869, 1000.000000000000114 ) ;
#3157 = DIRECTION ( 'NONE',  ( -0.7071067811865460184, 0.7071067811865489050, 0.000000000000000000 ) ) ;
#3158 = EDGE_CURVE ( 'NONE', #5079, #2438, #2523, .T. ) ;
#3159 = VECTOR ( 'NONE', #3204, 1000.000000000000000 ) ;
#3160 = ORIENTED_EDGE ( 'NONE', *, *, #1252, .T. ) ;
#3161 = ORIENTED_EDGE ( 'NONE', *, *, #3345, .T. ) ;
#3162 = DIRECTION ( 'NONE',  ( -0.2810846377148019659, 0.6785983445458507735, -0.6785983445458507735 ) ) ;
#3163 = DIRECTION ( 'NONE',  ( 1.000000000000000000, 0.000000000000000000, 0.000000000000000000 ) ) ;
#3164 = DIRECTION ( 'NONE',  ( -0.6785983445458557695, 0.2810846377148312758, 0.6785983445458337870 ) ) ;
#3165 = LINE ( 'NONE', #305, #1991 ) ;
#3166 = EDGE_CURVE ( 'NONE', #6179, #1471, #2581, .T. ) ;
#3167 = ORIENTED_EDGE ( 'NONE', *, *, #3655, .T. ) ;
#3168 = CARTESIAN_POINT ( 'NONE',  ( 36.03180065388673370, 44.29286487643512515, 4.000000000000000000 ) ) ;
#3169 = FACE_OUTER_BOUND ( 'NONE', #1550, .T. ) ;
#3170 = ORIENTED_EDGE ( 'NONE', *, *, #1790, .F. ) ;
#3171 = PLANE ( 'NONE',  #970 ) ;
#3172 = FACE_OUTER_BOUND ( 'NONE', #3996, .T. ) ;
#3173 = ORIENTED_EDGE ( 'NONE', *, *, #2549, .F. ) ;
#3174 = VECTOR ( 'NONE', #1598, 1000.000000000000000 ) ;
#3175 = VECTOR ( 'NONE', #4146, 1000.000000000000000 ) ;
#3176 = DIRECTION ( 'NONE',  ( 1.000000000000000000, 0.000000000000000000, -0.000000000000000000 ) ) ;
#3177 = ADVANCED_FACE ( 'NONE', ( #1611 ), #5429, .F. ) ;
#3178 = LINE ( 'NONE', #856, #3226 ) ;
#3179 = VECTOR ( 'NONE', #3137, 1000.000000000000000 ) ;
#3180 = DIRECTION ( 'NONE',  ( 0.7071067811865474617, 0.7071067811865474617, 0.000000000000000000 ) ) ;
#3181 = DIRECTION ( 'NONE',  ( -0.000000000000000000, 1.000000000000000000, 0.000000000000000000 ) ) ;
#3182 = EDGE_CURVE ( 'NONE', #2085, #4793, #3549, .T. ) ;
#3183 = ADVANCED_FACE ( 'NONE', ( #24 ), #4474, .F. ) ;
#3184 = CIRCLE ( 'NONE', #1530, 1.600000000000000755 ) ;
#3185 = EDGE_CURVE ( 'NONE', #653, #4745, #3457, .T. ) ;
#3186 = LINE ( 'NONE', #766, #4093 ) ;
#3187 = ORIENTED_EDGE ( 'NONE', *, *, #3652, .T. ) ;
#3188 = CARTESIAN_POINT ( 'NONE',  ( 40.42884860408195635, 23.35317541498460869, 4.000000000000000000 ) ) ;
#3189 = DIRECTION ( 'NONE',  ( 0.000000000000000000, 1.000000000000000000, 0.000000000000000000 ) ) ;
#3190 = CARTESIAN_POINT ( 'NONE',  ( 0.000000000000000000, 59.57470916941927186, 0.000000000000000000 ) ) ;
#3191 = EDGE_LOOP ( 'NONE', ( #5366, #2460, #371, #4810 ) ) ;
#3192 = VECTOR ( 'NONE', #1660, 1000.000000000000000 ) ;
#3193 = CARTESIAN_POINT ( 'NONE',  ( 55.82884860408194072, 26.91886083993383494, 10.00000000000000000 ) ) ;
#3194 = ORIENTED_EDGE ( 'NONE', *, *, #2733, .F. ) ;
#3195 = AXIS2_PLACEMENT_3D ( 'NONE', #1339, #6207, #1274 ) ;
#3196 = ORIENTED_EDGE ( 'NONE', *, *, #5405, .F. ) ;
#3197 = EDGE_LOOP ( 'NONE', ( #4155, #2771, #5251, #2293, #4843, #5291, #182, #2161, #5803 ) ) ;
#3198 = DIRECTION ( 'NONE',  ( 1.000000000000000000, 0.000000000000000000, 0.000000000000000000 ) ) ;
#3199 = LINE ( 'NONE', #5227, #3080 ) ;
#3200 = DIRECTION ( 'NONE',  ( 0.000000000000000000, 0.000000000000000000, 1.000000000000000000 ) ) ;
#3201 = PLANE ( 'NONE',  #1684 ) ;
#3202 = ORIENTED_EDGE ( 'NONE', *, *, #5048, .T. ) ;
#3203 = ORIENTED_EDGE ( 'NONE', *, *, #1880, .F. ) ;
#3204 = DIRECTION ( 'NONE',  ( 0.7071938130861842309, 0.7070197385735585982, 0.000000000000000000 ) ) ;
#3205 = DIRECTION ( 'NONE',  ( -0.7071067811865565655, 0.000000000000000000, -0.7071067811865385799 ) ) ;
#3206 = ORIENTED_EDGE ( 'NONE', *, *, #5632, .T. ) ;
#3207 = FACE_OUTER_BOUND ( 'NONE', #5161, .T. ) ;
#3208 = CARTESIAN_POINT ( 'NONE',  ( 55.82884860408189098, -8.804328573659619898E-14, 10.00000000000000000 ) ) ;
#3209 = EDGE_CURVE ( 'NONE', #6260, #4274, #5010, .T. ) ;
#3210 = ORIENTED_EDGE ( 'NONE', *, *, #3465, .T. ) ;
#3211 = DIRECTION ( 'NONE',  ( 0.7071067811865441310, 4.503908432280177932E-16, -0.7071067811865509034 ) ) ;
#3212 = CARTESIAN_POINT ( 'NONE',  ( 77.41692151384303600, 56.44252476504900073, 9.600000000000019185 ) ) ;
#3213 = DIRECTION ( 'NONE',  ( -0.2810846377148285558, 0.6785983445458571017, 0.6785983445458334540 ) ) ;
#3214 = CARTESIAN_POINT ( 'NONE',  ( 62.89024130048304073, 40.21884720954800940, -3.469446951953614189E-15 ) ) ;
#3215 = CARTESIAN_POINT ( 'NONE',  ( 24.79487291362404733, 59.35339717067414256, 6.000000000000000000 ) ) ;
#3216 = ORIENTED_EDGE ( 'NONE', *, *, #4154, .F. ) ;
#3217 = ADVANCED_FACE ( 'NONE', ( #2099 ), #3373, .F. ) ;
#3218 = LINE ( 'NONE', #735, #114 ) ;
#3219 = CARTESIAN_POINT ( 'NONE',  ( 55.78927682317222292, 33.51788273223717596, -6.700964477310598966 ) ) ;
#3220 = DIRECTION ( 'NONE',  ( 0.000000000000000000, 0.000000000000000000, 1.000000000000000000 ) ) ;
#3221 = ORIENTED_EDGE ( 'NONE', *, *, #748, .F. ) ;
#3222 = LINE ( 'NONE', #707, #2103 ) ;
#3223 = ADVANCED_FACE ( 'NONE', ( #1546 ), #5399, .T. ) ;
#3224 = AXIS2_PLACEMENT_3D ( 'NONE', #5511, #576, #132 ) ;
#3225 = ORIENTED_EDGE ( 'NONE', *, *, #5199, .T. ) ;
#3226 = VECTOR ( 'NONE', #5142, 1000.000000000000114 ) ;
#3227 = ORIENTED_EDGE ( 'NONE', *, *, #1232, .T. ) ;
#3228 = EDGE_CURVE ( 'NONE', #5489, #3559, #2969, .T. ) ;
#3229 = CARTESIAN_POINT ( 'NONE',  ( 76.16692151384303600, 8.415085090169998949, 9.600000000000019185 ) ) ;
#3230 = DIRECTION ( 'NONE',  ( 1.000000000000000000, -1.196361017915039831E-15, 0.000000000000000000 ) ) ;
#3231 = PLANE ( 'NONE',  #5887 ) ;
#3232 = CARTESIAN_POINT ( 'NONE',  ( 78.02831089662203112, 12.45999491999002373, 10.00099999999999945 ) ) ;
#3233 = VECTOR ( 'NONE', #4323, 1000.000000000000000 ) ;
#3234 = VECTOR ( 'NONE', #6298, 1000.000000000000114 ) ;
#3235 = VERTEX_POINT ( 'NONE', #612 ) ;
#3236 = ORIENTED_EDGE ( 'NONE', *, *, #3148, .F. ) ;
#3237 = DIRECTION ( 'NONE',  ( 1.355284293265842525E-13, -1.000000000000000000, 0.000000000000000000 ) ) ;
#3238 = DIRECTION ( 'NONE',  ( -0.7071067811865474617, 0.000000000000000000, 0.7071067811865474617 ) ) ;
#3239 = VECTOR ( 'NONE', #3831, 1000.000000000000000 ) ;
#3240 = ORIENTED_EDGE ( 'NONE', *, *, #3479, .T. ) ;
#3241 = LINE ( 'NONE', #817, #2819 ) ;
#3242 = CONICAL_SURFACE ( 'NONE', #5168, 1.250000000000001110, 0.7853981633974393972 ) ;
#3243 = AXIS2_PLACEMENT_3D ( 'NONE', #461, #1352, #5329 ) ;
#3244 = CARTESIAN_POINT ( 'NONE',  ( 38.68238506477002403, 39.09286487643513652, 2.699885383662996130 ) ) ;
#3245 = LINE ( 'NONE', #4736, #5146 ) ;
#3246 = CARTESIAN_POINT ( 'NONE',  ( 75.41657697571172037, 52.35311032234202600, 0.3999999999999837019 ) ) ;
#3247 = DIRECTION ( 'NONE',  ( -0.7071938130861842309, -0.7070197385735585982, 0.000000000000000000 ) ) ;
#3248 = ORIENTED_EDGE ( 'NONE', *, *, #1962, .F. ) ;
#3249 = FACE_OUTER_BOUND ( 'NONE', #1807, .T. ) ;
#3250 = FACE_BOUND ( 'NONE', #3782, .T. ) ;
#3251 = LINE ( 'NONE', #801, #2232 ) ;
#3252 = ORIENTED_EDGE ( 'NONE', *, *, #3764, .F. ) ;
#3253 = LINE ( 'NONE', #803, #2925 ) ;
#3254 = ORIENTED_EDGE ( 'NONE', *, *, #6028, .F. ) ;
#3255 = EDGE_LOOP ( 'NONE', ( #2995, #5496, #1047, #3360 ) ) ;
#3256 = EDGE_CURVE ( 'NONE', #4657, #6179, #2491, .T. ) ;
#3257 = ORIENTED_EDGE ( 'NONE', *, *, #6061, .T. ) ;
#3258 = CARTESIAN_POINT ( 'NONE',  ( 41.42884860408194214, 24.35317541498459804, 4.000000000000000000 ) ) ;
#3259 = DIRECTION ( 'NONE',  ( -0.000000000000000000, -0.000000000000000000, 1.000000000000000000 ) ) ;
#3260 = AXIS2_PLACEMENT_3D ( 'NONE', #3973, #3589, #5531 ) ;
#3261 = LINE ( 'NONE', #2681, #1179 ) ;
#3262 = LINE ( 'NONE', #6067, #2518 ) ;
#3263 = EDGE_CURVE ( 'NONE', #6260, #2182, #6002, .T. ) ;
#3264 = VECTOR ( 'NONE', #168, 1000.000000000000000 ) ;
#3265 = ORIENTED_EDGE ( 'NONE', *, *, #5799, .F. ) ;
#3266 = EDGE_CURVE ( 'NONE', #5807, #5650, #3093, .T. ) ;
#3267 = LINE ( 'NONE', #1743, #85 ) ;
#3268 = LINE ( 'NONE', #5269, #2565 ) ;
#3269 = VERTEX_POINT ( 'NONE', #54 ) ;
#3270 = FACE_BOUND ( 'NONE', #1872, .T. ) ;
#3271 = AXIS2_PLACEMENT_3D ( 'NONE', #2295, #5073, #5586 ) ;
#3272 = EDGE_CURVE ( 'NONE', #5215, #2301, #5907, .T. ) ;
#3273 = DIRECTION ( 'NONE',  ( -0.2810846377149108788, 0.6785983445458400043, -0.6785983445458164676 ) ) ;
#3274 = LINE ( 'NONE', #5211, #2406 ) ;
#3275 = DIRECTION ( 'NONE',  ( -0.000000000000000000, -0.000000000000000000, -1.000000000000000000 ) ) ;
#3276 = VECTOR ( 'NONE', #1862, 1000.000000000000000 ) ;
#3277 = PLANE ( 'NONE',  #513 ) ;
#3278 = ORIENTED_EDGE ( 'NONE', *, *, #4913, .F. ) ;
#3279 = CARTESIAN_POINT ( 'NONE',  ( 5.000000000000903277, 54.01736618697488979, 9.600000000000015632 ) ) ;
#3280 = CARTESIAN_POINT ( 'NONE',  ( 5.000000000000030198, 6.992565577373023977, 9.600000000000015632 ) ) ;
#3281 = LINE ( 'NONE', #5186, #1198 ) ;
#3282 = ORIENTED_EDGE ( 'NONE', *, *, #4899, .T. ) ;
#3283 =( LENGTH_UNIT ( ) NAMED_UNIT ( * ) SI_UNIT ( .MILLI., .METRE. ) );
#3284 = ORIENTED_EDGE ( 'NONE', *, *, #3454, .T. ) ;
#3285 = VECTOR ( 'NONE', #5479, 1000.000000000000000 ) ;
#3286 = EDGE_CURVE ( 'NONE', #5344, #4539, #4979, .T. ) ;
#3287 = EDGE_LOOP ( 'NONE', ( #852, #5779, #1130, #1110, #674, #3930, #3726, #381, #1100, #3959, #3966, #3766 ) ) ;
#3288 = ORIENTED_EDGE ( 'NONE', *, *, #2510, .F. ) ;
#3289 = ORIENTED_EDGE ( 'NONE', *, *, #5443, .F. ) ;
#3290 = AXIS2_PLACEMENT_3D ( 'NONE', #6296, #5339, #953 ) ;
#3291 = CARTESIAN_POINT ( 'NONE',  ( 75.02984732797570189, 28.93771831048098520, 4.000000000000000000 ) ) ;
#3292 = DIRECTION ( 'NONE',  ( 0.000000000000000000, 0.7071067811865475727, 0.7071067811865475727 ) ) ;
#3293 = CARTESIAN_POINT ( 'NONE',  ( 74.41423944072103325, 5.000000000000023093, 0.3999999999999837019 ) ) ;
#3294 = FACE_OUTER_BOUND ( 'NONE', #1262, .T. ) ;
#3295 = VECTOR ( 'NONE', #5773, 1000.000000000000000 ) ;
#3296 = ORIENTED_EDGE ( 'NONE', *, *, #4365, .T. ) ;
#3297 = VERTEX_POINT ( 'NONE', #5099 ) ;
#3298 = CARTESIAN_POINT ( 'NONE',  ( 0.000000000000000000, 23.75317541498460727, 10.00000000000000000 ) ) ;
#3299 = LINE ( 'NONE', #2365, #2664 ) ;
#3300 = EDGE_LOOP ( 'NONE', ( #4623, #5763, #3284, #5488 ) ) ;
#3301 = FACE_BOUND ( 'NONE', #4440, .T. ) ;
#3302 = ADVANCED_FACE ( 'NONE', ( #5129 ), #3674, .F. ) ;
#3303 = VECTOR ( 'NONE', #1374, 1000.000000000000114 ) ;
#3304 = EDGE_CURVE ( 'NONE', #2333, #4657, #3737, .T. ) ;
#3305 = ORIENTED_EDGE ( 'NONE', *, *, #5405, .T. ) ;
#3306 = DIRECTION ( 'NONE',  ( -0.7071067811865474617, 0.7071067811865474617, -0.000000000000000000 ) ) ;
#3307 = CARTESIAN_POINT ( 'NONE',  ( 12.01402484566508733, 19.96343870725182512, 4.000000000000000000 ) ) ;
#3308 = EDGE_CURVE ( 'NONE', #5456, #3362, #5067, .T. ) ;
#3309 = DIRECTION ( 'NONE',  ( 0.000000000000000000, 0.000000000000000000, -1.000000000000000000 ) ) ;
#3310 = DIRECTION ( 'NONE',  ( 0.000000000000000000, 1.000000000000000000, 0.000000000000000000 ) ) ;
#3311 = VERTEX_POINT ( 'NONE', #302 ) ;
#3312 = CARTESIAN_POINT ( 'NONE',  ( 73.15243468099103552, 6.261804759730023484, 0.3999999999999837019 ) ) ;
#3313 = DIRECTION ( 'NONE',  ( -1.000000000000000000, 0.000000000000000000, 0.000000000000000000 ) ) ;
#3314 = CARTESIAN_POINT ( 'NONE',  ( 2.724169710357899898, -2.724169710357899898, 0.000000000000000000 ) ) ;
#3315 = ORIENTED_EDGE ( 'NONE', *, *, #618, .F. ) ;
#3316 = ORIENTED_EDGE ( 'NONE', *, *, #2671, .T. ) ;
#3317 = VERTEX_POINT ( 'NONE', #3258 ) ;
#3318 = EDGE_LOOP ( 'NONE', ( #3305, #4368, #3187, #5686 ) ) ;
#3319 = DIRECTION ( 'NONE',  ( -0.000000000000000000, -0.000000000000000000, 1.000000000000000000 ) ) ;
#3320 = CARTESIAN_POINT ( 'NONE',  ( 40.83180065388673796, 43.69286487643512373, 3.099885383663021798 ) ) ;
#3321 = ORIENTED_EDGE ( 'NONE', *, *, #5041, .F. ) ;
#3322 = EDGE_CURVE ( 'NONE', #2093, #2071, #5581, .T. ) ;
#3323 = PLANE ( 'NONE',  #1277 ) ;
#3324 = FACE_OUTER_BOUND ( 'NONE', #4712, .T. ) ;
#3325 = ORIENTED_EDGE ( 'NONE', *, *, #4471, .F. ) ;
#3326 = CARTESIAN_POINT ( 'NONE',  ( 12.07195935263215958, 6.980503763349589235E-15, 4.000000000000000000 ) ) ;
#3327 = ORIENTED_EDGE ( 'NONE', *, *, #552, .F. ) ;
#3328 = ORIENTED_EDGE ( 'NONE', *, *, #3712, .T. ) ;
#3329 = PLANE ( 'NONE',  #291 ) ;
#3330 = DIRECTION ( 'NONE',  ( -1.000000000000000000, 0.000000000000000000, 0.000000000000000000 ) ) ;
#3331 = ORIENTED_EDGE ( 'NONE', *, *, #3440, .T. ) ;
#3332 = PLANE ( 'NONE',  #2927 ) ;
#3333 = LINE ( 'NONE', #439, #3741 ) ;
#3334 = VECTOR ( 'NONE', #5666, 1000.000000000000114 ) ;
#3335 = AXIS2_PLACEMENT_3D ( 'NONE', #376, #5111, #2306 ) ;
#3336 = ORIENTED_EDGE ( 'NONE', *, *, #902, .F. ) ;
#3337 = VECTOR ( 'NONE', #1117, 1000.000000000000000 ) ;
#3338 = CARTESIAN_POINT ( 'NONE',  ( 11.67132469877177670, 34.73421759231527517, 5.599999999999988987 ) ) ;
#3339 = VECTOR ( 'NONE', #1113, 1000.000000000000000 ) ;
#3340 = EDGE_CURVE ( 'NONE', #4122, #3404, #2261, .T. ) ;
#3341 = DIRECTION ( 'NONE',  ( -0.000000000000000000, -0.000000000000000000, -1.000000000000000000 ) ) ;
#3342 = CARTESIAN_POINT ( 'NONE',  ( 73.15243468099103552, 6.261804759730023484, 9.600000000000015632 ) ) ;
#3343 = VECTOR ( 'NONE', #1571, 999.9999999999998863 ) ;
#3344 = VECTOR ( 'NONE', #5272, 1000.000000000000000 ) ;
#3345 = EDGE_CURVE ( 'NONE', #1296, #4050, #3571, .T. ) ;
#3346 = EDGE_CURVE ( 'NONE', #3662, #6098, #173, .T. ) ;
#3347 = CARTESIAN_POINT ( 'NONE',  ( 45.06620478199096169, 44.94473536320227680, 10.00000000000000000 ) ) ;
#3348 = EDGE_CURVE ( 'NONE', #3424, #5653, #206, .T. ) ;
#3349 = ORIENTED_EDGE ( 'NONE', *, *, #1671, .T. ) ;
#3350 = CARTESIAN_POINT ( 'NONE',  ( 41.42884860408194214, 26.75317541498458951, 10.00000000000000000 ) ) ;
#3351 = DIRECTION ( 'NONE',  ( -0.4979003434064785960, 0.5020908762720994734, 0.7071067811865660024 ) ) ;
#3352 = ORIENTED_EDGE ( 'NONE', *, *, #3814, .T. ) ;
#3353 = ORIENTED_EDGE ( 'NONE', *, *, #3534, .T. ) ;
#3354 = FACE_OUTER_BOUND ( 'NONE', #270, .T. ) ;
#3355 = ORIENTED_EDGE ( 'NONE', *, *, #6303, .T. ) ;
#3356 = LINE ( 'NONE', #2803, #4749 ) ;
#3357 = FACE_OUTER_BOUND ( 'NONE', #6221, .T. ) ;
#3358 = DIRECTION ( 'NONE',  ( -0.7071067811865352493, -0.000000000000000000, -0.7071067811865597852 ) ) ;
#3359 = CARTESIAN_POINT ( 'NONE',  ( 59.77578496594467339, 35.63617221234400034, 0.3999999999999802602 ) ) ;
#3360 = ORIENTED_EDGE ( 'NONE', *, *, #2914, .F. ) ;
#3361 = LINE ( 'NONE', #5332, #5157 ) ;
#3362 = VERTEX_POINT ( 'NONE', #4179 ) ;
#3363 = VECTOR ( 'NONE', #6012, 999.9999999999998863 ) ;
#3364 = ORIENTED_EDGE ( 'NONE', *, *, #6309, .F. ) ;
#3365 = EDGE_LOOP ( 'NONE', ( #311, #2608, #3789, #2550 ) ) ;
#3366 = DIRECTION ( 'NONE',  ( 0.6785983445458644292, 0.2810846377147928621, 0.6785983445458408925 ) ) ;
#3367 = FACE_OUTER_BOUND ( 'NONE', #3722, .T. ) ;
#3368 = ORIENTED_EDGE ( 'NONE', *, *, #2245, .T. ) ;
#3369 = DIRECTION ( 'NONE',  ( 0.2810846377147325770, 0.6785983445458769747, -0.6785983445458534380 ) ) ;
#3370 = CARTESIAN_POINT ( 'NONE',  ( 74.91692151384303600, 56.44252476504900073, 0.3999999999999906408 ) ) ;
#3371 = CIRCLE ( 'NONE', #583, 1.250000000000001110 ) ;
#3372 = LINE ( 'NONE', #3244, #4991 ) ;
#3373 = CONICAL_SURFACE ( 'NONE', #6014, 1.250000000000001110, 0.7853981633974610466 ) ;
#3374 = CARTESIAN_POINT ( 'NONE',  ( 0.000000000000000000, 24.68592075184099954, -17.84112027324191629 ) ) ;
#3375 = LINE ( 'NONE', #5310, #6007 ) ;
#3376 = CARTESIAN_POINT ( 'NONE',  ( 0.000000000000000000, 5.400000000000020783, 0.000000000000000000 ) ) ;
#3377 = ORIENTED_EDGE ( 'NONE', *, *, #3882, .F. ) ;
#3378 = CARTESIAN_POINT ( 'NONE',  ( 77.60507395810083153, 9.528616351991193056, 11.96967585139913837 ) ) ;
#3379 = CARTESIAN_POINT ( 'NONE',  ( 76.16692151384303600, 8.415085090169998949, 0.3999999999999906408 ) ) ;
#3380 = ORIENTED_EDGE ( 'NONE', *, *, #4352, .T. ) ;
#3381 = ADVANCED_FACE ( 'NONE', ( #4116 ), #497, .F. ) ;
#3382 = EDGE_CURVE ( 'NONE', #774, #75, #713, .T. ) ;
#3383 = CARTESIAN_POINT ( 'NONE',  ( 8.888803657608024267, 56.44252476504900073, 0.4000000000000027978 ) ) ;
#3384 = EDGE_CURVE ( 'NONE', #1876, #4212, #5195, .T. ) ;
#3385 = FACE_OUTER_BOUND ( 'NONE', #2948, .T. ) ;
#3386 = ORIENTED_EDGE ( 'NONE', *, *, #6307, .T. ) ;
#3387 = CARTESIAN_POINT ( 'NONE',  ( 39.43652499564331038, 39.42681776441300912, 6.000000000000000000 ) ) ;
#3388 = LINE ( 'NONE', #6319, #4206 ) ;
#3389 = CARTESIAN_POINT ( 'NONE',  ( 18.61060500309818977, 0.000000000000000000, 4.000000000000000000 ) ) ;
#3390 = CARTESIAN_POINT ( 'NONE',  ( 54.21415089158462308, 53.90618888308019052, 6.000000000000000000 ) ) ;
#3391 = ORIENTED_EDGE ( 'NONE', *, *, #4152, .F. ) ;
#3392 = ADVANCED_FACE ( 'NONE', ( #2192 ), #1641, .T. ) ;
#3393 = AXIS2_PLACEMENT_3D ( 'NONE', #118, #2410, #414 ) ;
#3394 = FACE_OUTER_BOUND ( 'NONE', #549, .T. ) ;
#3395 = VECTOR ( 'NONE', #1359, 1000.000000000000000 ) ;
#3396 = ORIENTED_EDGE ( 'NONE', *, *, #4068, .F. ) ;
#3397 = ORIENTED_EDGE ( 'NONE', *, *, #4112, .T. ) ;
#3398 = PLANE ( 'NONE',  #5404 ) ;
#3399 = CARTESIAN_POINT ( 'NONE',  ( 13.80007656662834492, 11.33961813155348253, 2.186051720963174905 ) ) ;
#3400 = ORIENTED_EDGE ( 'NONE', *, *, #1975, .T. ) ;
#3401 = CARTESIAN_POINT ( 'NONE',  ( 32.14653210253800353, 34.88980021391638076, 2.109999999999990550 ) ) ;
#3402 = CARTESIAN_POINT ( 'NONE',  ( 59.26451324966535594, 38.81380294123921004, -8.361105124415967538 ) ) ;
#3403 = VECTOR ( 'NONE', #333, 1000.000000000000000 ) ;
#3404 = VERTEX_POINT ( 'NONE', #1667 ) ;
#3405 = EDGE_LOOP ( 'NONE', ( #2087, #4690, #2893, #88 ) ) ;
#3406 =( GEOMETRIC_REPRESENTATION_CONTEXT ( 3 ) GLOBAL_UNCERTAINTY_ASSIGNED_CONTEXT ( ( #166 ) ) GLOBAL_UNIT_ASSIGNED_CONTEXT ( ( #3622, #540, #1594 ) ) REPRESENTATION_CONTEXT ( 'NONE', 'WORKASPACE' ) );
#3407 = CARTESIAN_POINT ( 'NONE',  ( 77.41692151384303600, 8.415085090169998949, 10.00099999999999945 ) ) ;
#3408 = DIRECTION ( 'NONE',  ( 0.7071067811865472397, 0.7071067811865479058, 0.000000000000000000 ) ) ;
#3409 = DIRECTION ( 'NONE',  ( -1.000000000000000000, 0.000000000000000000, 0.000000000000000000 ) ) ;
#3410 = DIRECTION ( 'NONE',  ( -6.369488388617202940E-16, 1.000000000000000000, 0.000000000000000000 ) ) ;
#3411 = FACE_OUTER_BOUND ( 'NONE', #2342, .T. ) ;
#3412 = ORIENTED_EDGE ( 'NONE', *, *, #3286, .T. ) ;
#3413 = LINE ( 'NONE', #4300, #664 ) ;
#3414 = EDGE_CURVE ( 'NONE', #4056, #1794, #3639, .T. ) ;
#3415 = CARTESIAN_POINT ( 'NONE',  ( 5.875044450089791148, 53.13706121412302252, 0.4000000000000114575 ) ) ;
#3416 = ORIENTED_EDGE ( 'NONE', *, *, #891, .F. ) ;
#3417 = CARTESIAN_POINT ( 'NONE',  ( 73.15243468099103552, 6.261804759730024372, 9.600000000000015632 ) ) ;
#3418 = CARTESIAN_POINT ( 'NONE',  ( 7.054993882074345635, -7.054993882074247047, 10.00000000000000000 ) ) ;
#3419 = EDGE_CURVE ( 'NONE', #2973, #2430, #2679, .T. ) ;
#3420 = CARTESIAN_POINT ( 'NONE',  ( 62.89024130048304073, 40.61884720954800088, 0.3999999999999802602 ) ) ;
#3421 = LINE ( 'NONE', #1998, #4574 ) ;
#3422 = CARTESIAN_POINT ( 'NONE',  ( 40.83180065388673796, 43.69286487643512373, 3.099885383663021798 ) ) ;
#3423 = EDGE_CURVE ( 'NONE', #901, #5585, #5365, .T. ) ;
#3424 = VERTEX_POINT ( 'NONE', #6099 ) ;
#3425 = ORIENTED_EDGE ( 'NONE', *, *, #1637, .F. ) ;
#3426 = DIRECTION ( 'NONE',  ( 0.9999999924245159821, -0.0001230892683151790215, 0.000000000000000000 ) ) ;
#3427 = DIRECTION ( 'NONE',  ( -0.5773502691896205130, 0.5773502691896162942, -0.5773502691896404970 ) ) ;
#3428 = ORIENTED_EDGE ( 'NONE', *, *, #1972, .F. ) ;
#3429 = EDGE_CURVE ( 'NONE', #1732, #5825, #5611, .T. ) ;
#3430 = CARTESIAN_POINT ( 'NONE',  ( 11.02407535317323095, 11.02407535317331444, 0.000000000000000000 ) ) ;
#3431 = DIRECTION ( 'NONE',  ( -1.000000000000000000, 0.000000000000000000, 0.000000000000000000 ) ) ;
#3432 = ORIENTED_EDGE ( 'NONE', *, *, #4078, .T. ) ;
#3433 = ORIENTED_EDGE ( 'NONE', *, *, #3958, .T. ) ;
#3434 = AXIS2_PLACEMENT_3D ( 'NONE', #4332, #1344, #3313 ) ;
#3435 = DIRECTION ( 'NONE',  ( 0.000000000000000000, 1.000000000000000000, 0.000000000000000000 ) ) ;
#3436 = VECTOR ( 'NONE', #4277, 999.9999999999998863 ) ;
#3437 = CARTESIAN_POINT ( 'NONE',  ( 41.42884860408194214, 27.75317541498460372, 9.600000000000015632 ) ) ;
#3438 = VECTOR ( 'NONE', #1981, 1000.000000000000000 ) ;
#3439 = AXIS2_PLACEMENT_3D ( 'NONE', #3938, #4327, #893 ) ;
#3440 = EDGE_CURVE ( 'NONE', #4498, #3029, #1258, .T. ) ;
#3441 = CARTESIAN_POINT ( 'NONE',  ( 79.97474980950003953, 6.992565577373023977, 9.600000000000017408 ) ) ;
#3442 = VECTOR ( 'NONE', #2062, 999.9999999999998863 ) ;
#3443 = DIRECTION ( 'NONE',  ( 0.000000000000000000, -0.000000000000000000, 1.000000000000000000 ) ) ;
#3444 = VECTOR ( 'NONE', #6037, 1000.000000000000000 ) ;
#3445 = ORIENTED_EDGE ( 'NONE', *, *, #5756, .T. ) ;
#3446 = ADVANCED_FACE ( 'NONE', ( #3707 ), #1673, .F. ) ;
#3447 = DIRECTION ( 'NONE',  ( 1.000000000000000000, -3.469446951953610639E-15, 0.000000000000000000 ) ) ;
#3448 = ORIENTED_EDGE ( 'NONE', *, *, #3423, .T. ) ;
#3449 = DIRECTION ( 'NONE',  ( 0.000000000000000000, -0.7071067811865556774, 0.7071067811865393571 ) ) ;
#3450 = PLANE ( 'NONE',  #3224 ) ;
#3451 = CARTESIAN_POINT ( 'NONE',  ( 78.03203064794003296, 52.35311032234202600, 0.3999999999999767630 ) ) ;
#3452 = CARTESIAN_POINT ( 'NONE',  ( 7.638803657608024267, 56.44252476504900073, 9.599999999999996092 ) ) ;
#3453 = ORIENTED_EDGE ( 'NONE', *, *, #5006, .F. ) ;
#3454 = EDGE_CURVE ( 'NONE', #2973, #5009, #5325, .T. ) ;
#3455 = ORIENTED_EDGE ( 'NONE', *, *, #3786, .T. ) ;
#3456 = ORIENTED_EDGE ( 'NONE', *, *, #1521, .F. ) ;
#3457 = LINE ( 'NONE', #3580, #1011 ) ;
#3458 = DIRECTION ( 'NONE',  ( 0.000000000000000000, 0.000000000000000000, 1.000000000000000000 ) ) ;
#3459 = DIRECTION ( 'NONE',  ( 0.7071067811865350272, 0.7071067811865600072, 0.000000000000000000 ) ) ;
#3460 = CARTESIAN_POINT ( 'NONE',  ( 48.63205155549030678, 65.67473886806202188, 29.31602577774515694 ) ) ;
#3461 = ADVANCED_FACE ( 'NONE', ( #1902 ), #2604, .F. ) ;
#3462 = EDGE_CURVE ( 'NONE', #4439, #1589, #2836, .T. ) ;
#3463 = ORIENTED_EDGE ( 'NONE', *, *, #1753, .T. ) ;
#3464 = AXIS2_PLACEMENT_3D ( 'NONE', #427, #1387, #1682 ) ;
#3465 = EDGE_CURVE ( 'NONE', #1915, #4239, #4844, .T. ) ;
#3466 = ORIENTED_EDGE ( 'NONE', *, *, #4962, .F. ) ;
#3467 = LINE ( 'NONE', #5826, #1377 ) ;
#3468 = CARTESIAN_POINT ( 'NONE',  ( 76.16692151384303600, 8.415085090169998949, 10.00000000000000000 ) ) ;
#3469 = AXIS2_PLACEMENT_3D ( 'NONE', #1180, #3211, #660 ) ;
#3470 = AXIS2_PLACEMENT_3D ( 'NONE', #402, #369, #2331 ) ;
#3471 = CARTESIAN_POINT ( 'NONE',  ( 54.42884860408192793, 27.75317541498460372, 4.000000000000000000 ) ) ;
#3472 = CARTESIAN_POINT ( 'NONE',  ( 11.02407535317323095, 11.02407535317331444, 0.000000000000000000 ) ) ;
#3473 = DIRECTION ( 'NONE',  ( 0.2810846377148218944, 0.6785983445458584340, 0.6785983445458348973 ) ) ;
#3474 = ORIENTED_EDGE ( 'NONE', *, *, #4106, .F. ) ;
#3475 = CARTESIAN_POINT ( 'NONE',  ( 53.48264078761654616, 52.77490806565516834, 6.000000000000000000 ) ) ;
#3476 = DIRECTION ( 'NONE',  ( -0.000000000000000000, -0.000000000000000000, -1.000000000000000000 ) ) ;
#3477 = CARTESIAN_POINT ( 'NONE',  ( 60.17578496594466486, 40.61884720954800088, -3.469446951953614189E-15 ) ) ;
#3478 = ORIENTED_EDGE ( 'NONE', *, *, #5318, .F. ) ;
#3479 = EDGE_CURVE ( 'NONE', #2066, #68, #6318, .T. ) ;
#3480 = CARTESIAN_POINT ( 'NONE',  ( 5.282842712475146918, 33.18005018106940440, 10.00000000000000000 ) ) ;
#3481 = AXIS2_PLACEMENT_3D ( 'NONE', #4402, #5865, #3447 ) ;
#3482 = ORIENTED_EDGE ( 'NONE', *, *, #4118, .F. ) ;
#3483 = EDGE_LOOP ( 'NONE', ( #251, #5645, #5662, #52 ) ) ;
#3484 = ORIENTED_EDGE ( 'NONE', *, *, #4626, .T. ) ;
#3485 = VERTEX_POINT ( 'NONE', #1831 ) ;
#3486 = CARTESIAN_POINT ( 'NONE',  ( 5.875044450089777825, 53.13706121412302252, 10.00099999999999945 ) ) ;
#3487 = DIRECTION ( 'NONE',  ( 0.000000000000000000, 0.000000000000000000, -1.000000000000000000 ) ) ;
#3488 = CARTESIAN_POINT ( 'NONE',  ( 79.57474980950003385, 7.158251002322251644, 10.00000000000000000 ) ) ;
#3489 = CARTESIAN_POINT ( 'NONE',  ( -7.214347219674895229, 12.93252939528298029, 4.000000000000000000 ) ) ;
#3490 = ORIENTED_EDGE ( 'NONE', *, *, #5046, .T. ) ;
#3491 = AXIS2_PLACEMENT_3D ( 'NONE', #2582, #5969, #139 ) ;
#3492 = ORIENTED_EDGE ( 'NONE', *, *, #433, .T. ) ;
#3493 = EDGE_CURVE ( 'NONE', #1912, #5901, #1269, .T. ) ;
#3494 = ORIENTED_EDGE ( 'NONE', *, *, #3462, .F. ) ;
#3495 = DIRECTION ( 'NONE',  ( -0.7071067811865351382, 1.334591744878146490E-14, 0.7071067811865600072 ) ) ;
#3496 = AXIS2_PLACEMENT_3D ( 'NONE', #1103, #4019, #1579 ) ;
#3497 = DIRECTION ( 'NONE',  ( -0.5773502691896258421, -0.5773502691896258421, -0.5773502691896258421 ) ) ;
#3498 = ADVANCED_FACE ( 'NONE', ( #1350 ), #2866, .F. ) ;
#3499 = AXIS2_PLACEMENT_3D ( 'NONE', #1757, #1791, #3757 ) ;
#3500 = EDGE_CURVE ( 'NONE', #1109, #5254, #3356, .T. ) ;
#3501 = FACE_OUTER_BOUND ( 'NONE', #2224, .T. ) ;
#3502 = CARTESIAN_POINT ( 'NONE',  ( 19.70402558066622944, 12.97141967856835265, -0.7817557364158799205 ) ) ;
#3503 = EDGE_LOOP ( 'NONE', ( #1798, #5379, #4013, #5936, #5407, #1416, #3935 ) ) ;
#3504 = VECTOR ( 'NONE', #5244, 1000.000000000000114 ) ;
#3505 = LINE ( 'NONE', #1534, #2965 ) ;
#3506 = ORIENTED_EDGE ( 'NONE', *, *, #944, .F. ) ;
#3507 = LINE ( 'NONE', #4557, #3701 ) ;
#3508 = LINE ( 'NONE', #4493, #1370 ) ;
#3509 = FACE_OUTER_BOUND ( 'NONE', #5741, .T. ) ;
#3510 = VERTEX_POINT ( 'NONE', #4751 ) ;
#3511 = FACE_OUTER_BOUND ( 'NONE', #5572, .T. ) ;
#3512 = ORIENTED_EDGE ( 'NONE', *, *, #5318, .T. ) ;
#3513 = EDGE_CURVE ( 'NONE', #5731, #5094, #807, .T. ) ;
#3514 = ORIENTED_EDGE ( 'NONE', *, *, #2549, .T. ) ;
#3515 = EDGE_LOOP ( 'NONE', ( #194, #1488, #1982, #5906 ) ) ;
#3516 = CARTESIAN_POINT ( 'NONE',  ( 41.42884860408194214, 26.75317541498458951, -10.67514906227531313 ) ) ;
#3517 = DIRECTION ( 'NONE',  ( 0.7071067811863814834, 0.7071067811867136621, 0.000000000000000000 ) ) ;
#3518 = PLANE ( 'NONE',  #874 ) ;
#3519 = CARTESIAN_POINT ( 'NONE',  ( 54.61415088855444111, 53.90613964737286068, 5.599999999999983658 ) ) ;
#3520 = ORIENTED_EDGE ( 'NONE', *, *, #2916, .F. ) ;
#3521 = EDGE_LOOP ( 'NONE', ( #3265, #672, #5943, #4624 ) ) ;
#3522 = DIRECTION ( 'NONE',  ( 0.000000000000000000, 0.7071067811865352493, -0.7071067811865597852 ) ) ;
#3523 = EDGE_LOOP ( 'NONE', ( #5957, #4499, #3203, #505 ) ) ;
#3524 = FACE_OUTER_BOUND ( 'NONE', #269, .T. ) ;
#3525 = LINE ( 'NONE', #3072, #5899 ) ;
#3526 = CIRCLE ( 'NONE', #4049, 1.649999999999998579 ) ;
#3527 = EDGE_CURVE ( 'NONE', #5735, #6041, #332, .T. ) ;
#3528 = LINE ( 'NONE', #5986, #1473 ) ;
#3529 = LINE ( 'NONE', #1084, #1033 ) ;
#3530 = DIRECTION ( 'NONE',  ( 0.000000000000000000, 1.000000000000000000, 0.000000000000000000 ) ) ;
#3531 = AXIS2_PLACEMENT_3D ( 'NONE', #3811, #6052, #4131 ) ;
#3532 = AXIS2_PLACEMENT_3D ( 'NONE', #4006, #2081, #3108 ) ;
#3533 = EDGE_CURVE ( 'NONE', #1765, #3311, #2896, .T. ) ;
#3534 = EDGE_CURVE ( 'NONE', #1912, #3068, #423, .T. ) ;
#3535 = EDGE_CURVE ( 'NONE', #5749, #1471, #392, .T. ) ;
#3536 = CIRCLE ( 'NONE', #5471, 1.250000000000001110 ) ;
#3537 = DIRECTION ( 'NONE',  ( -0.0001398863601938878814, -0.7071067742681522716, -0.7071067742681401702 ) ) ;
#3538 = VECTOR ( 'NONE', #1437, 1000.000000000000114 ) ;
#3539 = VERTEX_POINT ( 'NONE', #1864 ) ;
#3540 = CARTESIAN_POINT ( 'NONE',  ( 77.41692151384303600, 56.44252476504900073, 9.600000000000019185 ) ) ;
#3541 = CARTESIAN_POINT ( 'NONE',  ( 4.034609650073476494, 6.592687801449208074, 8.634609650073505449 ) ) ;
#3542 = LINE ( 'NONE', #5512, #179 ) ;
#3543 = EDGE_LOOP ( 'NONE', ( #4442, #4500, #3004, #4022, #2967, #3696, #1185 ) ) ;
#3544 = CARTESIAN_POINT ( 'NONE',  ( 25.84766491446073644, 57.90060516983742644, 5.852792000836729791 ) ) ;
#3545 = EDGE_LOOP ( 'NONE', ( #4892, #4589, #6031, #2844 ) ) ;
#3546 = VECTOR ( 'NONE', #3991, 999.9999999999998863 ) ;
#3547 = ORIENTED_EDGE ( 'NONE', *, *, #2439, .F. ) ;
#3548 = ORIENTED_EDGE ( 'NONE', *, *, #2444, .F. ) ;
#3549 = LINE ( 'NONE', #4531, #3781 ) ;
#3550 = CARTESIAN_POINT ( 'NONE',  ( 79.97474980950003953, 10.50829548434902350, 0.3999999999999837019 ) ) ;
#3551 = CARTESIAN_POINT ( 'NONE',  ( 55.82884860408193362, 24.51886083993385057, 10.00000000000000000 ) ) ;
#3552 = LINE ( 'NONE', #5549, #5768 ) ;
#3553 = ORIENTED_EDGE ( 'NONE', *, *, #4778, .T. ) ;
#3554 = ORIENTED_EDGE ( 'NONE', *, *, #2480, .T. ) ;
#3555 = PLANE ( 'NONE',  #3995 ) ;
#3556 = ORIENTED_EDGE ( 'NONE', *, *, #123, .F. ) ;
#3557 = LINE ( 'NONE', #2110, #4454 ) ;
#3558 = DIRECTION ( 'NONE',  ( -1.000000000000000000, 0.000000000000000000, 0.000000000000000000 ) ) ;
#3559 = VERTEX_POINT ( 'NONE', #3827 ) ;
#3560 = FACE_BOUND ( 'NONE', #4389, .T. ) ;
#3561 = AXIS2_PLACEMENT_3D ( 'NONE', #857, #2407, #5860 ) ;
#3562 = DIRECTION ( 'NONE',  ( 0.7071067811865479058, -0.7071067811865472397, 0.000000000000000000 ) ) ;
#3563 = SURFACE_STYLE_FILL_AREA ( #3007 ) ;
#3564 = PLANE ( 'NONE',  #1567 ) ;
#3565 = AXIS2_PLACEMENT_3D ( 'NONE', #4801, #2372, #892 ) ;
#3566 = LINE ( 'NONE', #3596, #2249 ) ;
#3567 = VERTEX_POINT ( 'NONE', #6193 ) ;
#3568 = EDGE_CURVE ( 'NONE', #5748, #556, #4374, .T. ) ;
#3569 = CARTESIAN_POINT ( 'NONE',  ( 55.01413049142652056, 53.74040498797143073, 4.000000000000000000 ) ) ;
#3570 = EDGE_CURVE ( 'NONE', #4793, #3269, #1451, .T. ) ;
#3571 = CIRCLE ( 'NONE', #4992, 1.600000000000000755 ) ;
#3572 = DIRECTION ( 'NONE',  ( 0.0001230892683152483562, 0.9999999924245159821, 0.000000000000000000 ) ) ;
#3573 = DIRECTION ( 'NONE',  ( 1.000000000000000000, -0.000000000000000000, 0.000000000000000000 ) ) ;
#3574 = LINE ( 'NONE', #4079, #2308 ) ;
#3575 = ADVANCED_FACE ( 'NONE', ( #6284 ), #5808, .T. ) ;
#3576 = EDGE_LOOP ( 'NONE', ( #3984, #4865, #5133, #2497 ) ) ;
#3577 = VERTEX_POINT ( 'NONE', #4722 ) ;
#3578 = ORIENTED_EDGE ( 'NONE', *, *, #5915, .F. ) ;
#3579 = EDGE_CURVE ( 'NONE', #1032, #1945, #2289, .T. ) ;
#3580 = CARTESIAN_POINT ( 'NONE',  ( 74.41423944072103325, 5.000000000000023093, 0.3999999999999837019 ) ) ;
#3581 = DIRECTION ( 'NONE',  ( 0.000000000000000000, -1.000000000000000000, 0.000000000000000000 ) ) ;
#3582 = LINE ( 'NONE', #1105, #4961 ) ;
#3583 = DIRECTION ( 'NONE',  ( 0.000000000000000000, -1.000000000000000000, 0.000000000000000000 ) ) ;
#3584 = EDGE_CURVE ( 'NONE', #4657, #3026, #1083, .T. ) ;
#3585 = EDGE_LOOP ( 'NONE', ( #6297, #5866, #5961, #5676, #4529, #6090 ) ) ;
#3586 = LINE ( 'NONE', #6074, #2050 ) ;
#3587 = ORIENTED_EDGE ( 'NONE', *, *, #6268, .T. ) ;
#3588 = DIRECTION ( 'NONE',  ( 2.168404344971008868E-16, 1.000000000000000000, 0.000000000000000000 ) ) ;
#3589 = DIRECTION ( 'NONE',  ( -1.000000000000000000, 1.887397745837881465E-14, 0.000000000000000000 ) ) ;
#3590 = DIRECTION ( 'NONE',  ( 0.000000000000000000, 0.000000000000000000, -1.000000000000000000 ) ) ;
#3591 = VECTOR ( 'NONE', #3031, 1000.000000000000114 ) ;
#3592 = EDGE_CURVE ( 'NONE', #4942, #2509, #5473, .T. ) ;
#3593 = DIRECTION ( 'NONE',  ( 0.000000000000000000, 0.7071067811865474617, -0.7071067811865474617 ) ) ;
#3594 = CARTESIAN_POINT ( 'NONE',  ( 77.98218423212628636, 59.97470916941927044, 10.00099999999999945 ) ) ;
#3595 = VECTOR ( 'NONE', #546, 1000.000000000000114 ) ;
#3596 = CARTESIAN_POINT ( 'NONE',  ( 52.01666445936633920, 2.926960874406796087, -25.61075743607428379 ) ) ;
#3597 = VERTEX_POINT ( 'NONE', #628 ) ;
#3598 = VECTOR ( 'NONE', #4579, 1000.000000000000114 ) ;
#3599 = DIRECTION ( 'NONE',  ( 0.7100637267678131526, 0.7041374183556817767, 0.000000000000000000 ) ) ;
#3600 = CARTESIAN_POINT ( 'NONE',  ( 74.91692151384303600, 8.415085090169998949, 0.3999999999999906408 ) ) ;
#3601 = DIRECTION ( 'NONE',  ( 0.000000000000000000, 0.000000000000000000, -1.000000000000000000 ) ) ;
#3602 = ORIENTED_EDGE ( 'NONE', *, *, #944, .T. ) ;
#3603 = DIRECTION ( 'NONE',  ( 1.577021341797097018E-15, 1.000000000000000000, 0.000000000000000000 ) ) ;
#3604 = EDGE_CURVE ( 'NONE', #385, #2333, #3145, .T. ) ;
#3605 = ORIENTED_EDGE ( 'NONE', *, *, #4550, .F. ) ;
#3606 = EDGE_CURVE ( 'NONE', #3837, #75, #5534, .T. ) ;
#3607 = EDGE_LOOP ( 'NONE', ( #6311, #1409, #5994, #3765 ) ) ;
#3608 = CARTESIAN_POINT ( 'NONE',  ( 54.61482092964089929, 59.34967741935614782, 9.600000000000015632 ) ) ;
#3609 = CARTESIAN_POINT ( 'NONE',  ( 24.39487291362403099, 59.35339717067414256, 6.000000000000000000 ) ) ;
#3610 = CARTESIAN_POINT ( 'NONE',  ( 36.63180065388673512, 43.69286487643512373, 3.099885383663021798 ) ) ;
#3611 = FACE_OUTER_BOUND ( 'NONE', #3055, .T. ) ;
#3612 = ADVANCED_FACE ( 'NONE', ( #4096 ), #6080, .F. ) ;
#3613 = EDGE_LOOP ( 'NONE', ( #3794, #4178, #5253, #5698 ) ) ;
#3614 = EDGE_CURVE ( 'NONE', #3559, #2075, #4034, .T. ) ;
#3615 = DIRECTION ( 'NONE',  ( -0.000000000000000000, -0.000000000000000000, -1.000000000000000000 ) ) ;
#3616 = CARTESIAN_POINT ( 'NONE',  ( 0.000000000000000000, 59.57470916941927186, 10.00000000000000000 ) ) ;
#3617 = ORIENTED_EDGE ( 'NONE', *, *, #6104, .T. ) ;
#3618 = PLANE ( 'NONE',  #2208 ) ;
#3619 = DIRECTION ( 'NONE',  ( 0.000000000000000000, -0.000000000000000000, 1.000000000000000000 ) ) ;
#3620 = CARTESIAN_POINT ( 'NONE',  ( 5.874410719179689266, 49.93363652735894220, 6.000581064956308275 ) ) ;
#3621 = PLANE ( 'NONE',  #2198 ) ;
#3622 =( LENGTH_UNIT ( ) NAMED_UNIT ( * ) SI_UNIT ( .MILLI., .METRE. ) );
#3623 = DIRECTION ( 'NONE',  ( 0.000000000000000000, 0.000000000000000000, 1.000000000000000000 ) ) ;
#3624 = EDGE_CURVE ( 'NONE', #2786, #5778, #972, .T. ) ;
#3625 = DIRECTION ( 'NONE',  ( -1.196361017915039831E-15, -1.000000000000000000, 0.000000000000000000 ) ) ;
#3626 = ORIENTED_EDGE ( 'NONE', *, *, #2982, .F. ) ;
#3627 = LINE ( 'NONE', #2667, #3905 ) ;
#3628 = CONICAL_SURFACE ( 'NONE', #4849, 1.250000000000000222, 0.7853981633974604915 ) ;
#3629 = FACE_OUTER_BOUND ( 'NONE', #1327, .T. ) ;
#3630 = CIRCLE ( 'NONE', #5874, 1.649999999999998579 ) ;
#3631 = PLANE ( 'NONE',  #5082 ) ;
#3632 = ORIENTED_EDGE ( 'NONE', *, *, #5478, .T. ) ;
#3633 = DIRECTION ( 'NONE',  ( 1.168223555568310019E-15, 0.7071067811865630048, 0.7071067811865320296 ) ) ;
#3634 = ADVANCED_FACE ( 'NONE', ( #4404 ), #2114, .T. ) ;
#3635 = AXIS2_PLACEMENT_3D ( 'NONE', #483, #1085, #128 ) ;
#3636 = VECTOR ( 'NONE', #4159, 1000.000000000000114 ) ;
#3637 = ORIENTED_EDGE ( 'NONE', *, *, #3098, .T. ) ;
#3638 = ORIENTED_EDGE ( 'NONE', *, *, #3141, .F. ) ;
#3639 = LINE ( 'NONE', #1193, #5725 ) ;
#3640 = DIRECTION ( 'NONE',  ( 0.000000000000000000, 0.000000000000000000, -1.000000000000000000 ) ) ;
#3641 = DIRECTION ( 'NONE',  ( -0.4999384515780989635, 0.5000615408464083034, -0.7071067811865536790 ) ) ;
#3642 = DIRECTION ( 'NONE',  ( 0.000000000000000000, -0.000000000000000000, 1.000000000000000000 ) ) ;
#3643 = VECTOR ( 'NONE', #1729, 1000.000000000000000 ) ;
#3644 = AXIS2_PLACEMENT_3D ( 'NONE', #3864, #1833, #1866 ) ;
#3645 = ADVANCED_FACE ( 'NONE', ( #4064 ), #6050, .F. ) ;
#3646 = PRODUCT_DEFINITION_FORMATION_WITH_SPECIFIED_SOURCE ( '浠', '', #4963, .NOT_KNOWN. ) ;
#3647 = VERTEX_POINT ( 'NONE', #1654 ) ;
#3648 = DIRECTION ( 'NONE',  ( 1.259290296542222077E-16, -1.000000000000000000, 0.000000000000000000 ) ) ;
#3649 = CARTESIAN_POINT ( 'NONE',  ( 63.40979897418115740, 49.77974003370576384, 10.70972172668247246 ) ) ;
#3650 = ORIENTED_EDGE ( 'NONE', *, *, #2547, .T. ) ;
#3651 = FACE_BOUND ( 'NONE', #4821, .T. ) ;
#3652 = EDGE_CURVE ( 'NONE', #653, #4122, #3528, .T. ) ;
#3653 = CARTESIAN_POINT ( 'NONE',  ( 7.275408289848575905, 5.282842712474711711, 10.00000000000000000 ) ) ;
#3654 = ADVANCED_FACE ( 'NONE', ( #5084 ), #3621, .T. ) ;
#3655 = EDGE_CURVE ( 'NONE', #1246, #4209, #3630, .T. ) ;
#3656 = CARTESIAN_POINT ( 'NONE',  ( 5.400000000000031442, 7.158251002322315593, 10.00000000000000000 ) ) ;
#3657 = CYLINDRICAL_SURFACE ( 'NONE', #3335, 1.250000000000000222 ) ;
#3658 = CARTESIAN_POINT ( 'NONE',  ( 56.42884860408193504, 23.35317541498460869, 9.600000000000017408 ) ) ;
#3659 = FACE_OUTER_BOUND ( 'NONE', #2540, .T. ) ;
#3660 = VECTOR ( 'NONE', #4605, 1000.000000000000114 ) ;
#3661 = LINE ( 'NONE', #5089, #2564 ) ;
#3662 = VERTEX_POINT ( 'NONE', #1181 ) ;
#3663 = DIRECTION ( 'NONE',  ( -0.000000000000000000, 1.000000000000000000, 0.000000000000000000 ) ) ;
#3664 = CARTESIAN_POINT ( 'NONE',  ( 63.88484364902704016, 63.88484364902676305, 14.99835655691897074 ) ) ;
#3665 = APPLICATION_CONTEXT ( 'automotive_design' ) ;
#3666 = CARTESIAN_POINT ( 'NONE',  ( 5.875044450089791148, 53.13706121412302252, 4.000000000000000000 ) ) ;
#3667 = ORIENTED_EDGE ( 'NONE', *, *, #47, .T. ) ;
#3668 = AXIS2_PLACEMENT_3D ( 'NONE', #692, #4128, #6079 ) ;
#3669 = DIRECTION ( 'NONE',  ( 0.4999999999999902300, -0.4999999999999902300, 0.7071067811865613395 ) ) ;
#3670 = ORIENTED_EDGE ( 'NONE', *, *, #5797, .T. ) ;
#3671 = VECTOR ( 'NONE', #3871, 1000.000000000000000 ) ;
#3672 = ORIENTED_EDGE ( 'NONE', *, *, #3266, .T. ) ;
#3673 = ORIENTED_EDGE ( 'NONE', *, *, #5875, .F. ) ;
#3674 = PLANE ( 'NONE',  #5502 ) ;
#3675 = CARTESIAN_POINT ( 'NONE',  ( 54.42884860408192793, 27.75317541498460372, 9.600000000000015632 ) ) ;
#3676 = EDGE_CURVE ( 'NONE', #5528, #5140, #2628, .T. ) ;
#3677 = LINE ( 'NONE', #4662, #472 ) ;
#3678 = LINE ( 'NONE', #3772, #3844 ) ;
#3679 = ORIENTED_EDGE ( 'NONE', *, *, #40, .T. ) ;
#3680 = ORIENTED_EDGE ( 'NONE', *, *, #1904, .F. ) ;
#3681 = DIRECTION ( 'NONE',  ( 0.7071067811865474617, -0.7071067811865474617, 0.000000000000000000 ) ) ;
#3682 = LINE ( 'NONE', #2621, #1025 ) ;
#3683 = ORIENTED_EDGE ( 'NONE', *, *, #1657, .F. ) ;
#3684 = LINE ( 'NONE', #2298, #5568 ) ;
#3685 = DIRECTION ( 'NONE',  ( 0.2811297017418543653, 0.6785890106679210998, 0.6785890106679210998 ) ) ;
#3686 = EDGE_CURVE ( 'NONE', #4813, #1845, #5025, .T. ) ;
#3687 = LINE ( 'NONE', #627, #2335 ) ;
#3688 = EDGE_CURVE ( 'NONE', #3023, #5735, #2596, .T. ) ;
#3689 = DIRECTION ( 'NONE',  ( 0.7071067811863814834, 0.7071067811867136621, 0.000000000000000000 ) ) ;
#3690 = DIRECTION ( 'NONE',  ( -0.5000000000001086908, 0.4999999999998738232, 0.7071067811865598962 ) ) ;
#3691 = CARTESIAN_POINT ( 'NONE',  ( 65.74807733323548575, 41.35871309031686849, 5.000000000000000000 ) ) ;
#3692 = EDGE_CURVE ( 'NONE', #1616, #3860, #4451, .T. ) ;
#3693 = AXIS2_PLACEMENT_3D ( 'NONE', #2332, #4729, #815 ) ;
#3694 = CARTESIAN_POINT ( 'NONE',  ( 77.68837747380915459, 12.83651906809916454, -2.258530145833478109 ) ) ;
#3695 = EDGE_CURVE ( 'NONE', #4530, #2437, #222, .T. ) ;
#3696 = ORIENTED_EDGE ( 'NONE', *, *, #5515, .T. ) ;
#3697 = CARTESIAN_POINT ( 'NONE',  ( 15.40376155339789221, 23.35317541498461225, 9.600000000000015632 ) ) ;
#3698 = CARTESIAN_POINT ( 'NONE',  ( 17.89412907291898591, 26.94626106892528128, 10.00000000000000000 ) ) ;
#3699 = LINE ( 'NONE', #2797, #998 ) ;
#3700 = VERTEX_POINT ( 'NONE', #489 ) ;
#3701 = VECTOR ( 'NONE', #4967, 1000.000000000000000 ) ;
#3702 = FACE_OUTER_BOUND ( 'NONE', #5559, .T. ) ;
#3703 = ORIENTED_EDGE ( 'NONE', *, *, #4098, .F. ) ;
#3704 = PRESENTATION_LAYER_ASSIGNMENT (  '', '', ( #1747 ) ) ;
#3705 = ORIENTED_EDGE ( 'NONE', *, *, #284, .F. ) ;
#3706 = ORIENTED_EDGE ( 'NONE', *, *, #3009, .T. ) ;
#3707 = FACE_OUTER_BOUND ( 'NONE', #3521, .T. ) ;
#3708 = DIRECTION ( 'NONE',  ( 1.000000000000000000, 0.000000000000000000, 0.000000000000000000 ) ) ;
#3709 = DIRECTION ( 'NONE',  ( 0.9999999956528772271, -9.324293839476712365E-05, 0.000000000000000000 ) ) ;
#3710 = LINE ( 'NONE', #5649, #2822 ) ;
#3711 = VERTEX_POINT ( 'NONE', #2454 ) ;
#3712 = EDGE_CURVE ( 'NONE', #562, #639, #5952, .T. ) ;
#3713 = ORIENTED_EDGE ( 'NONE', *, *, #5006, .T. ) ;
#3714 = CARTESIAN_POINT ( 'NONE',  ( 73.15243468099103552, 12.06030566349624422, 0.3999999999999837019 ) ) ;
#3715 = CARTESIAN_POINT ( 'NONE',  ( 77.81692151384304168, 56.44252476504900073, 0.000000000000000000 ) ) ;
#3716 = ORIENTED_EDGE ( 'NONE', *, *, #5837, .T. ) ;
#3717 = CARTESIAN_POINT ( 'NONE',  ( 32.14653210253800353, 0.000000000000000000, 2.109999999999997211 ) ) ;
#3718 = DIRECTION ( 'NONE',  ( -0.000000000000000000, -0.000000000000000000, -1.000000000000000000 ) ) ;
#3719 = DIRECTION ( 'NONE',  ( 0.7071067811865479058, 0.7071067811865471286, 0.000000000000000000 ) ) ;
#3720 = LINE ( 'NONE', #2693, #1340 ) ;
#3721 = DIRECTION ( 'NONE',  ( -6.369488388617202940E-16, 1.000000000000000000, 0.000000000000000000 ) ) ;
#3722 = EDGE_LOOP ( 'NONE', ( #1873, #4220, #2125, #1233 ) ) ;
#3723 = LINE ( 'NONE', #6124, #5023 ) ;
#3724 = PLANE ( 'NONE',  #756 ) ;
#3725 = DIRECTION ( 'NONE',  ( 0.7071067811865474617, -0.7071067811865474617, 0.000000000000000000 ) ) ;
#3726 = ORIENTED_EDGE ( 'NONE', *, *, #5229, .F. ) ;
#3727 = EDGE_CURVE ( 'NONE', #293, #2066, #4194, .T. ) ;
#3728 = ADVANCED_FACE ( 'NONE', ( #1338 ), #3657, .F. ) ;
#3729 = CARTESIAN_POINT ( 'NONE',  ( 32.14653210253800353, 34.88980021391638076, -17.84112027324191629 ) ) ;
#3730 = ORIENTED_EDGE ( 'NONE', *, *, #990, .F. ) ;
#3731 = EDGE_CURVE ( 'NONE', #3404, #1309, #3753, .T. ) ;
#3732 = EDGE_LOOP ( 'NONE', ( #1942, #3037, #2121, #1317 ) ) ;
#3733 = VECTOR ( 'NONE', #3189, 1000.000000000000000 ) ;
#3734 = ORIENTED_EDGE ( 'NONE', *, *, #155, .F. ) ;
#3735 = AXIS2_PLACEMENT_3D ( 'NONE', #1749, #1209, #6173 ) ;
#3736 = ORIENTED_EDGE ( 'NONE', *, *, #4962, .T. ) ;
#3737 = LINE ( 'NONE', #2613, #4283 ) ;
#3738 = CARTESIAN_POINT ( 'NONE',  ( 0.000000000000000000, 53.13706121412302252, 4.000000000000000000 ) ) ;
#3739 = CARTESIAN_POINT ( 'NONE',  ( -11.33144644677174107, 11.33144644677174107, 4.000000000000000000 ) ) ;
#3740 = CARTESIAN_POINT ( 'NONE',  ( 6.279125501159819045, 6.279125501162968526, 0.000000000000000000 ) ) ;
#3741 = VECTOR ( 'NONE', #6300, 1000.000000000000000 ) ;
#3742 = VERTEX_POINT ( 'NONE', #3307 ) ;
#3743 = VECTOR ( 'NONE', #3933, 1000.000000000000000 ) ;
#3744 = ORIENTED_EDGE ( 'NONE', *, *, #2119, .F. ) ;
#3745 = ORIENTED_EDGE ( 'NONE', *, *, #3429, .F. ) ;
#3746 = LINE ( 'NONE', #6107, #2854 ) ;
#3747 = FACE_OUTER_BOUND ( 'NONE', #1696, .T. ) ;
#3748 = VECTOR ( 'NONE', #5639, 1000.000000000000114 ) ;
#3749 = ORIENTED_EDGE ( 'NONE', *, *, #6308, .T. ) ;
#3750 = DIRECTION ( 'NONE',  ( 0.000000000000000000, -1.000000000000000000, 0.000000000000000000 ) ) ;
#3751 = VECTOR ( 'NONE', #2615, 1000.000000000000114 ) ;
#3752 = CARTESIAN_POINT ( 'NONE',  ( 76.16692151384303600, 56.44252476504900073, 9.600000000000019185 ) ) ;
#3753 = LINE ( 'NONE', #5597, #554 ) ;
#3754 = CARTESIAN_POINT ( 'NONE',  ( -21.91385109449122481, 21.91385109449115731, 0.000000000000000000 ) ) ;
#3755 = CYLINDRICAL_SURFACE ( 'NONE', #408, 1.250000000000001110 ) ;
#3756 = ORIENTED_EDGE ( 'NONE', *, *, #5835, .T. ) ;
#3757 = DIRECTION ( 'NONE',  ( -0.000000000000000000, 0.000000000000000000, 1.000000000000000000 ) ) ;
#3758 = LINE ( 'NONE', #4743, #451 ) ;
#3759 = DIRECTION ( 'NONE',  ( 0.000000000000000000, 0.000000000000000000, -1.000000000000000000 ) ) ;
#3760 = ORIENTED_EDGE ( 'NONE', *, *, #5550, .T. ) ;
#3761 = CARTESIAN_POINT ( 'NONE',  ( 5.000000000000903277, 57.98214359204602175, 10.00099999999999945 ) ) ;
#3762 = AXIS2_PLACEMENT_3D ( 'NONE', #1480, #1036, #5330 ) ;
#3763 = ORIENTED_EDGE ( 'NONE', *, *, #3841, .T. ) ;
#3764 = EDGE_CURVE ( 'NONE', #2162, #6136, #3245, .T. ) ;
#3765 = ORIENTED_EDGE ( 'NONE', *, *, #4707, .F. ) ;
#3766 = ORIENTED_EDGE ( 'NONE', *, *, #2950, .F. ) ;
#3767 = DIRECTION ( 'NONE',  ( -0.000000000000000000, -0.000000000000000000, -1.000000000000000000 ) ) ;
#3768 = CARTESIAN_POINT ( 'NONE',  ( 6.041432515715744245, 53.53706121412303531, 0.000000000000000000 ) ) ;
#3769 = AXIS2_PLACEMENT_3D ( 'NONE', #4803, #4363, #3850 ) ;
#3770 = EDGE_CURVE ( 'NONE', #13, #362, #5243, .T. ) ;
#3771 = FACE_OUTER_BOUND ( 'NONE', #4902, .T. ) ;
#3772 = CARTESIAN_POINT ( 'NONE',  ( 0.000000000000000000, 30.68592075184099599, 4.000000000000000000 ) ) ;
#3773 = AXIS2_PLACEMENT_3D ( 'NONE', #5153, #3759, #1793 ) ;
#3774 = EDGE_CURVE ( 'NONE', #1309, #3044, #6118, .T. ) ;
#3775 = ORIENTED_EDGE ( 'NONE', *, *, #5206, .F. ) ;
#3776 = ORIENTED_EDGE ( 'NONE', *, *, #5992, .F. ) ;
#3777 = LINE ( 'NONE', #3030, #5601 ) ;
#3778 = FACE_OUTER_BOUND ( 'NONE', #2904, .T. ) ;
#3779 = VERTEX_POINT ( 'NONE', #3212 ) ;
#3780 = PLANE ( 'NONE',  #2409 ) ;
#3781 = VECTOR ( 'NONE', #3989, 1000.000000000000000 ) ;
#3782 = EDGE_LOOP ( 'NONE', ( #3466, #4885, #1128, #4330 ) ) ;
#3783 = DIRECTION ( 'NONE',  ( -1.000000000000000000, 0.000000000000000000, 0.000000000000000000 ) ) ;
#3784 = CARTESIAN_POINT ( 'NONE',  ( 78.02831089662203112, 12.45999491999002373, 9.600000000000015632 ) ) ;
#3785 = DIRECTION ( 'NONE',  ( 6.369488388617202940E-16, -1.000000000000000000, 0.000000000000000000 ) ) ;
#3786 = EDGE_CURVE ( 'NONE', #5833, #3869, #5727, .T. ) ;
#3787 = CONICAL_SURFACE ( 'NONE', #1023, 1.250000000000000222, 0.7853981633974604915 ) ;
#3788 = CARTESIAN_POINT ( 'NONE',  ( 54.59453402903116626, 28.15317541498460230, 10.00000000000000000 ) ) ;
#3789 = ORIENTED_EDGE ( 'NONE', *, *, #5591, .F. ) ;
#3790 = PLANE ( 'NONE',  #936 ) ;
#3791 = CYLINDRICAL_SURFACE ( 'NONE', #3434, 1.250000000000000222 ) ;
#3792 = CARTESIAN_POINT ( 'NONE',  ( 7.638803657608024267, 56.44252476504900073, 9.599999999999996092 ) ) ;
#3793 = ORIENTED_EDGE ( 'NONE', *, *, #6049, .T. ) ;
#3794 = ORIENTED_EDGE ( 'NONE', *, *, #313, .F. ) ;
#3795 = ORIENTED_EDGE ( 'NONE', *, *, #6188, .T. ) ;
#3796 = VERTEX_POINT ( 'NONE', #4706 ) ;
#3797 = AXIS2_PLACEMENT_3D ( 'NONE', #2183, #4105, #703 ) ;
#3798 = CARTESIAN_POINT ( 'NONE',  ( 10.13880365760802604, 56.44252476504900073, 10.00099999999999945 ) ) ;
#3799 = CARTESIAN_POINT ( 'NONE',  ( -21.91385109449122126, 21.91385109449115731, -0.000000000000000000 ) ) ;
#3800 = CARTESIAN_POINT ( 'NONE',  ( 16.29412907291898449, 26.94626106892528128, 4.000000000000000000 ) ) ;
#3801 = DIRECTION ( 'NONE',  ( 0.000000000000000000, 1.000000000000000000, 0.000000000000000000 ) ) ;
#3802 = CARTESIAN_POINT ( 'NONE',  ( 77.98218423212703954, 5.000000000000023093, 9.600000000000015632 ) ) ;
#3803 = EDGE_CURVE ( 'NONE', #1647, #738, #3274, .T. ) ;
#3804 = EDGE_CURVE ( 'NONE', #452, #5079, #2790, .T. ) ;
#3805 = ORIENTED_EDGE ( 'NONE', *, *, #1212, .F. ) ;
#3806 = ORIENTED_EDGE ( 'NONE', *, *, #5724, .T. ) ;
#3807 = DIRECTION ( 'NONE',  ( 0.2810846377148401576, 0.6785983445458546592, 0.6785983445458311225 ) ) ;
#3808 = LINE ( 'NONE', #5751, #3395 ) ;
#3809 = ORIENTED_EDGE ( 'NONE', *, *, #2975, .F. ) ;
#3810 = DIRECTION ( 'NONE',  ( 1.000000000000000000, 0.000000000000000000, 0.000000000000000000 ) ) ;
#3811 = CARTESIAN_POINT ( 'NONE',  ( 5.874489965807185854, 50.33421759231526948, 6.000000000000000000 ) ) ;
#3812 = EDGE_CURVE ( 'NONE', #1952, #4539, #3178, .T. ) ;
#3813 = ORIENTED_EDGE ( 'NONE', *, *, #2005, .F. ) ;
#3814 = EDGE_CURVE ( 'NONE', #237, #6204, #4262, .T. ) ;
#3815 = CARTESIAN_POINT ( 'NONE',  ( 54.20751479689074159, -0.006672363384083661308, 6.000000000000000000 ) ) ;
#3816 = DIRECTION ( 'NONE',  ( 0.000000000000000000, 0.000000000000000000, -1.000000000000000000 ) ) ;
#3817 = CARTESIAN_POINT ( 'NONE',  ( 54.24630593347998087, 30.10669317987931137, 5.929479032464475274 ) ) ;
#3818 = CARTESIAN_POINT ( 'NONE',  ( 0.000000000000000000, 41.35871309031686849, 5.000000000000000000 ) ) ;
#3819 = VERTEX_POINT ( 'NONE', #4292 ) ;
#3820 = DIRECTION ( 'NONE',  ( -0.000000000000000000, -0.000000000000000000, 1.000000000000000000 ) ) ;
#3821 = PLANE ( 'NONE',  #5685 ) ;
#3822 = VERTEX_POINT ( 'NONE', #255 ) ;
#3823 = ADVANCED_FACE ( 'NONE', ( #1273 ), #4226, .F. ) ;
#3824 = CARTESIAN_POINT ( 'NONE',  ( 8.888803657608024267, 8.415085090169998949, 9.600000000000022737 ) ) ;
#3825 = CARTESIAN_POINT ( 'NONE',  ( 24.39487291362403454, 53.90641816659306329, 5.599999999999988987 ) ) ;
#3826 = ORIENTED_EDGE ( 'NONE', *, *, #4080, .T. ) ;
#3827 = CARTESIAN_POINT ( 'NONE',  ( 78.02831089662203112, 12.45999491999002373, 0.3999999999999837019 ) ) ;
#3828 = PLANE ( 'NONE',  #718 ) ;
#3829 = FACE_OUTER_BOUND ( 'NONE', #3545, .T. ) ;
#3830 = PLANE ( 'NONE',  #3464 ) ;
#3831 = DIRECTION ( 'NONE',  ( -0.000000000000000000, -0.000000000000000000, -1.000000000000000000 ) ) ;
#3832 = VECTOR ( 'NONE', #2699, 1000.000000000000000 ) ;
#3833 = VERTEX_POINT ( 'NONE', #761 ) ;
#3834 = EDGE_LOOP ( 'NONE', ( #4884, #850, #958, #6097 ) ) ;
#3835 = CARTESIAN_POINT ( 'NONE',  ( 23.77356091487909495, 59.97470916941908570, 10.00099999999999945 ) ) ;
#3836 = CARTESIAN_POINT ( 'NONE',  ( 8.888803657608024267, 56.44252476504900073, 9.599999999999996092 ) ) ;
#3837 = VERTEX_POINT ( 'NONE', #2339 ) ;
#3838 = DIRECTION ( 'NONE',  ( 1.000000000000000000, 0.000000000000000000, 0.000000000000000000 ) ) ;
#3839 = LINE ( 'NONE', #1951, #3438 ) ;
#3840 = AXIS2_PLACEMENT_3D ( 'NONE', #1645, #4597, #1072 ) ;
#3841 = EDGE_CURVE ( 'NONE', #2786, #4337, #4675, .T. ) ;
#3842 = VECTOR ( 'NONE', #841, 1000.000000000000114 ) ;
#3843 = EDGE_LOOP ( 'NONE', ( #399, #2622, #5715, #1629 ) ) ;
#3844 = VECTOR ( 'NONE', #335, 1000.000000000000000 ) ;
#3845 = CARTESIAN_POINT ( 'NONE',  ( 24.39487291362403454, 53.90641816659306329, 5.599999999999992539 ) ) ;
#3846 = VECTOR ( 'NONE', #120, 1000.000000000000000 ) ;
#3847 = ADVANCED_FACE ( 'NONE', ( #2214 ), #1241, .F. ) ;
#3848 = ADVANCED_FACE ( 'NONE', ( #795 ), #1784, .F. ) ;
#3849 = DIRECTION ( 'NONE',  ( 0.000000000000000000, -0.000000000000000000, 1.000000000000000000 ) ) ;
#3850 = DIRECTION ( 'NONE',  ( -1.000000000000000000, 0.000000000000000000, 0.000000000000000000 ) ) ;
#3851 = EDGE_CURVE ( 'NONE', #5508, #5489, #1305, .T. ) ;
#3852 = ADVANCED_FACE ( 'NONE', ( #1497 ), #2885, .F. ) ;
#3853 = CIRCLE ( 'NONE', #3949, 1.250000000000000222 ) ;
#3854 = CARTESIAN_POINT ( 'NONE',  ( 55.42884860408193504, 24.35317541498460869, -10.67514906227531313 ) ) ;
#3855 = EDGE_LOOP ( 'NONE', ( #5435, #6063, #3670, #3683 ) ) ;
#3856 = CARTESIAN_POINT ( 'NONE',  ( 56.42884860408193504, 23.35317541498460869, 4.000000000000000000 ) ) ;
#3857 = FACE_OUTER_BOUND ( 'NONE', #3607, .T. ) ;
#3858 = ORIENTED_EDGE ( 'NONE', *, *, #5903, .F. ) ;
#3859 = CARTESIAN_POINT ( 'NONE',  ( 7.638803657608024267, 56.44252476504900073, 0.4000000000000027978 ) ) ;
#3860 = VERTEX_POINT ( 'NONE', #5859 ) ;
#3861 = EDGE_LOOP ( 'NONE', ( #3988, #6269, #9, #6301, #4697, #4260, #940, #477, #1524, #3355 ) ) ;
#3862 = DIRECTION ( 'NONE',  ( 1.000000000000000000, 0.000000000000000000, 0.000000000000000000 ) ) ;
#3863 = DIRECTION ( 'NONE',  ( -0.000000000000000000, -0.000000000000000000, -1.000000000000000000 ) ) ;
#3864 = CARTESIAN_POINT ( 'NONE',  ( 79.97474980949952794, 57.98214359204602175, 10.00099999999999945 ) ) ;
#3865 = DIRECTION ( 'NONE',  ( -0.000000000000000000, -0.000000000000000000, -1.000000000000000000 ) ) ;
#3866 = ORIENTED_EDGE ( 'NONE', *, *, #121, .T. ) ;
#3867 = CYLINDRICAL_SURFACE ( 'NONE', #61, 1.250000000000000222 ) ;
#3868 = VECTOR ( 'NONE', #4938, 1000.000000000000000 ) ;
#3869 = VERTEX_POINT ( 'NONE', #4450 ) ;
#3870 = ORIENTED_EDGE ( 'NONE', *, *, #4516, .F. ) ;
#3871 = DIRECTION ( 'NONE',  ( 0.000000000000000000, 0.000000000000000000, -1.000000000000000000 ) ) ;
#3872 = CARTESIAN_POINT ( 'NONE',  ( 40.83180065388673796, 38.69286487643512373, 3.099885383663021798 ) ) ;
#3873 = ORIENTED_EDGE ( 'NONE', *, *, #2662, .T. ) ;
#3874 = CARTESIAN_POINT ( 'NONE',  ( 0.000000000000000000, 12.01402484683418415, 4.000000000000000000 ) ) ;
#3875 = CARTESIAN_POINT ( 'NONE',  ( 0.000000000000000000, 53.53706121412303531, 0.000000000000000000 ) ) ;
#3876 = CIRCLE ( 'NONE', #3668, 1.250000000000001110 ) ;
#3877 = ORIENTED_EDGE ( 'NONE', *, *, #3479, .F. ) ;
#3878 = ORIENTED_EDGE ( 'NONE', *, *, #1790, .T. ) ;
#3879 = AXIS2_PLACEMENT_3D ( 'NONE', #2067, #1043, #4944 ) ;
#3880 = DIRECTION ( 'NONE',  ( -9.324293839476711010E-05, -0.9999999956528771161, 0.000000000000000000 ) ) ;
#3881 = CARTESIAN_POINT ( 'NONE',  ( 10.13880365760802604, 56.44252476504900073, 9.599999999999996092 ) ) ;
#3882 = EDGE_CURVE ( 'NONE', #4813, #621, #5278, .T. ) ;
#3883 = EDGE_CURVE ( 'NONE', #3311, #3577, #2405, .T. ) ;
#3884 = DIRECTION ( 'NONE',  ( -0.7071067811865495711, -0.7071067811865455743, 0.000000000000000000 ) ) ;
#3885 = CARTESIAN_POINT ( 'NONE',  ( 32.14653210253800353, 0.000000000000000000, -17.00997182357270887 ) ) ;
#3886 = CARTESIAN_POINT ( 'NONE',  ( 5.875044450089777825, 53.13706121412302252, 9.600000000000015632 ) ) ;
#3887 = ORIENTED_EDGE ( 'NONE', *, *, #726, .F. ) ;
#3888 = EDGE_CURVE ( 'NONE', #1586, #2173, #4361, .T. ) ;
#3889 = DIRECTION ( 'NONE',  ( 1.000000000000000000, -3.469446951953610639E-15, 0.000000000000000000 ) ) ;
#3890 = ORIENTED_EDGE ( 'NONE', *, *, #2585, .F. ) ;
#3891 = DIRECTION ( 'NONE',  ( 0.000000000000000000, 0.000000000000000000, 1.000000000000000000 ) ) ;
#3892 = DIRECTION ( 'NONE',  ( 0.7071067811865425767, 0.7071067811865525687, 0.000000000000000000 ) ) ;
#3893 = LINE ( 'NONE', #3389, #1077 ) ;
#3894 = DIRECTION ( 'NONE',  ( -0.7071067811865492381, 0.7071067811865457964, 0.000000000000000000 ) ) ;
#3895 = EDGE_LOOP ( 'NONE', ( #5610, #4774, #117, #2895 ) ) ;
#3896 = DIRECTION ( 'NONE',  ( -0.000000000000000000, -0.000000000000000000, -1.000000000000000000 ) ) ;
#3897 = AXIS2_PLACEMENT_3D ( 'NONE', #1461, #2524, #2908 ) ;
#3898 = ORIENTED_EDGE ( 'NONE', *, *, #3921, .T. ) ;
#3899 = ORIENTED_EDGE ( 'NONE', *, *, #1960, .T. ) ;
#3900 = CARTESIAN_POINT ( 'NONE',  ( 19.49412907291898733, 26.94626106892528128, 2.109999999999995435 ) ) ;
#3901 = CARTESIAN_POINT ( 'NONE',  ( 0.000000000000000000, 12.01402484683418415, 0.3999999999999837019 ) ) ;
#3902 = EDGE_LOOP ( 'NONE', ( #2358, #2139, #5747, #5398 ) ) ;
#3903 = DIRECTION ( 'NONE',  ( 0.000000000000000000, 0.000000000000000000, -1.000000000000000000 ) ) ;
#3904 = CARTESIAN_POINT ( 'NONE',  ( -2.595249223493790502, 2.617091902073044540, 4.000000000000000000 ) ) ;
#3905 = VECTOR ( 'NONE', #4617, 1000.000000000000000 ) ;
#3906 = VERTEX_POINT ( 'NONE', #5794 ) ;
#3907 = ORIENTED_EDGE ( 'NONE', *, *, #2556, .F. ) ;
#3908 = VECTOR ( 'NONE', #3275, 1000.000000000000000 ) ;
#3909 = CARTESIAN_POINT ( 'NONE',  ( 72.94807733323546017, 0.000000000000000000, 5.000000000000000000 ) ) ;
#3910 = LINE ( 'NONE', #4868, #2683 ) ;
#3911 = ADVANCED_FACE ( 'NONE', ( #1398 ), #1467, .T. ) ;
#3912 = CARTESIAN_POINT ( 'NONE',  ( 11.27132469877176923, 50.33421759231526948, 5.599999999999988987 ) ) ;
#3913 = DIRECTION ( 'NONE',  ( -0.2810846377148276676, 0.6785983445458572128, 0.6785983445458337870 ) ) ;
#3914 = ORIENTED_EDGE ( 'NONE', *, *, #1347, .T. ) ;
#3915 = LINE ( 'NONE', #5317, #3130 ) ;
#3916 = ADVANCED_FACE ( 'NONE', ( #4895 ), #150, .F. ) ;
#3917 = LINE ( 'NONE', #602, #1118 ) ;
#3918 = ORIENTED_EDGE ( 'NONE', *, *, #4948, .T. ) ;
#3919 = ADVANCED_FACE ( 'NONE', ( #1921 ), #2, .T. ) ;
#3920 = DIRECTION ( 'NONE',  ( 1.000000000000000000, 0.000000000000000000, -0.000000000000000000 ) ) ;
#3921 = EDGE_CURVE ( 'NONE', #2071, #4390, #4802, .T. ) ;
#3922 = CARTESIAN_POINT ( 'NONE',  ( 8.888803657608024267, 8.415085090169998949, 0.3999999999999889200 ) ) ;
#3923 = DIRECTION ( 'NONE',  ( 0.6785983445458736441, -0.2810846377148547015, -0.6785983445458062535 ) ) ;
#3924 = ORIENTED_EDGE ( 'NONE', *, *, #76, .F. ) ;
#3925 = LINE ( 'NONE', #366, #3239 ) ;
#3926 = EDGE_CURVE ( 'NONE', #5650, #4208, #3467, .T. ) ;
#3927 = ORIENTED_EDGE ( 'NONE', *, *, #1056, .T. ) ;
#3928 = ORIENTED_EDGE ( 'NONE', *, *, #5629, .F. ) ;
#3929 = ORIENTED_EDGE ( 'NONE', *, *, #2061, .T. ) ;
#3930 = ORIENTED_EDGE ( 'NONE', *, *, #5594, .F. ) ;
#3931 = DIRECTION ( 'NONE',  ( 0.7071067811865597852, 0.000000000000000000, 0.7071067811865352493 ) ) ;
#3932 = CARTESIAN_POINT ( 'NONE',  ( 51.07961809519252938, 70.09100451360731654, -0.5162953441876887428 ) ) ;
#3933 = DIRECTION ( 'NONE',  ( -0.6785637409027311939, 0.2811681637592084448, 0.6785983445458484420 ) ) ;
#3934 = PLANE ( 'NONE',  #2303 ) ;
#3935 = ORIENTED_EDGE ( 'NONE', *, *, #5241, .T. ) ;
#3936 = ORIENTED_EDGE ( 'NONE', *, *, #1928, .F. ) ;
#3937 = AXIS2_PLACEMENT_3D ( 'NONE', #2984, #1028, #8 ) ;
#3938 = CARTESIAN_POINT ( 'NONE',  ( 69.83157658086554420, 23.35317541498460869, 9.600000000000015632 ) ) ;
#3939 = VECTOR ( 'NONE', #6016, 1000.000000000000000 ) ;
#3940 = LINE ( 'NONE', #5761, #4616 ) ;
#3941 = VECTOR ( 'NONE', #2647, 1000.000000000000000 ) ;
#3942 = AXIS2_PLACEMENT_3D ( 'NONE', #1051, #5556, #1171 ) ;
#3943 = ADVANCED_FACE ( 'NONE', ( #1367 ), #2469, .F. ) ;
#3944 = FACE_OUTER_BOUND ( 'NONE', #4564, .T. ) ;
#3945 = VECTOR ( 'NONE', #1739, 1000.000000000000000 ) ;
#3946 = CARTESIAN_POINT ( 'NONE',  ( 0.007256900073025963904, 58.95639902147775047, 10.00000000000000000 ) ) ;
#3947 = VECTOR ( 'NONE', #4533, 1000.000000000000000 ) ;
#3948 = ORIENTED_EDGE ( 'NONE', *, *, #5677, .T. ) ;
#3949 = AXIS2_PLACEMENT_3D ( 'NONE', #3824, #871, #5287 ) ;
#3950 = LINE ( 'NONE', #5321, #2348 ) ;
#3951 = ORIENTED_EDGE ( 'NONE', *, *, #4583, .T. ) ;
#3952 = DIRECTION ( 'NONE',  ( -0.7071067811865495711, -0.7071067811865455743, 0.000000000000000000 ) ) ;
#3953 = DIRECTION ( 'NONE',  ( 0.7071067811865561215, 8.659560562355037629E-17, -0.7071067811865388020 ) ) ;
#3954 = DIRECTION ( 'NONE',  ( -0.5773502691896224004, 0.5773502691896224004, -0.5773502691896323924 ) ) ;
#3955 = ORIENTED_EDGE ( 'NONE', *, *, #3272, .T. ) ;
#3956 = CARTESIAN_POINT ( 'NONE',  ( 79.97474980949952794, 57.98214359204602175, 10.00099999999999945 ) ) ;
#3957 = ORIENTED_EDGE ( 'NONE', *, *, #2979, .F. ) ;
#3958 = EDGE_CURVE ( 'NONE', #2258, #119, #444, .T. ) ;
#3959 = ORIENTED_EDGE ( 'NONE', *, *, #5824, .T. ) ;
#3960 = EDGE_CURVE ( 'NONE', #452, #562, #5409, .T. ) ;
#3961 = ORIENTED_EDGE ( 'NONE', *, *, #4003, .F. ) ;
#3962 = DIRECTION ( 'NONE',  ( 0.7071067811865541231, 0.000000000000000000, 0.7071067811865409114 ) ) ;
#3963 = DIRECTION ( 'NONE',  ( -1.000000000000000000, 0.000000000000000000, -0.000000000000000000 ) ) ;
#3964 = CARTESIAN_POINT ( 'NONE',  ( 30.61060500309818977, 27.68592075184100310, 2.109999999999997211 ) ) ;
#3965 = DIRECTION ( 'NONE',  ( 0.000000000000000000, -1.000000000000000000, 0.000000000000000000 ) ) ;
#3966 = ORIENTED_EDGE ( 'NONE', *, *, #2439, .T. ) ;
#3967 = EDGE_CURVE ( 'NONE', #5857, #4423, #2976, .T. ) ;
#3968 = AXIS2_PLACEMENT_3D ( 'NONE', #1591, #2048, #1052 ) ;
#3969 = ORIENTED_EDGE ( 'NONE', *, *, #4898, .F. ) ;
#3970 = ADVANCED_FACE ( 'NONE', ( #2855 ), #2441, .F. ) ;
#3971 = ORIENTED_EDGE ( 'NONE', *, *, #2367, .T. ) ;
#3972 = DIRECTION ( 'NONE',  ( -1.000000000000000000, 0.000000000000000000, 0.000000000000000000 ) ) ;
#3973 = CARTESIAN_POINT ( 'NONE',  ( 5.000000000000030198, 6.992565577373023977, 10.00099999999999945 ) ) ;
#3974 = AXIS2_PLACEMENT_3D ( 'NONE', #2669, #4138, #6093 ) ;
#3975 = VECTOR ( 'NONE', #309, 1000.000000000000000 ) ;
#3976 = LINE ( 'NONE', #4065, #5223 ) ;
#3977 = DIRECTION ( 'NONE',  ( 0.000000000000000000, 1.000000000000000000, 0.000000000000000000 ) ) ;
#3978 = ADVANCED_FACE ( 'NONE', ( #538 ), #4425, .F. ) ;
#3979 = DIRECTION ( 'NONE',  ( 1.000000000000000000, -0.000000000000000000, 0.000000000000000000 ) ) ;
#3980 = ORIENTED_EDGE ( 'NONE', *, *, #373, .T. ) ;
#3981 = DIRECTION ( 'NONE',  ( -1.000000000000000000, 0.000000000000000000, 0.000000000000000000 ) ) ;
#3982 = FACE_OUTER_BOUND ( 'NONE', #169, .T. ) ;
#3983 = DIRECTION ( 'NONE',  ( -1.000000000000000000, 0.000000000000000000, 0.000000000000000000 ) ) ;
#3984 = ORIENTED_EDGE ( 'NONE', *, *, #5206, .T. ) ;
#3985 = DIRECTION ( 'NONE',  ( 1.259290296542222077E-16, -1.000000000000000000, 0.000000000000000000 ) ) ;
#3986 = CLOSED_SHELL ( 'NONE', ( #3612, #475, #5171, #3916, #5242, #853, #4562, #3446, #740, #650, #3728, #2275, #5123, #1176, #4978, #4537, #1019, #3106, #1752, #2905, #1924, #2504, #2698, #821, #3634, #5796, #2040, #2128, #5680, #5880, #1494, #1433, #511, #5522, #5848, #2719, #1175, #277, #229, #4861, #5333, #4240, #240, #1295, #3099, #5950, #5990, #4356, #4057, #5176, #3654, #2591, #5834, #697, #4733, #5738, #906, #2517, #6176, #743, #4396, #2049, #5, #2479, #5477, #2263, #1164, #5281, #6267, #3911, #1369, #2663, #1715, #2240, #5655, #5944, #4966, #5207, #1604, #3823, #2594, #42, #28, #2833, #10, #777, #2427, #1529, #3943, #4464, #3134, #162, #2625, #5124, #5716, #2159, #955, #1762, #3848, #5412, #4276, #683, #2788, #3223, #2391, #391, #4028, #3978, #1255, #4735, #1173, #1335, #2903, #1503, #4811, #5008, #3645, #4173, #863, #2318, #1300, #430, #5377, #4779, #5442, #1683, #3498, #5642, #1764, #1841, #3177, #542, #2758, #5165, #4397, #5200, #1022, #3105, #5103, #5485, #234, #1779, #1820, #473, #3852, #318, #1487, #760, #3302, #626, #6186, #4092, #5159, #657, #3381, #4668, #3461, #2248, #5049, #2472, #4364, #398, #4724, #3183, #6153, #1138, #224, #3217, #4192, #2449, #2400, #5126, #4702, #4860, #5892, #818, #1332, #89, #2190, #124, #620, #2043, #1101, #1447, #3847, #321, #5760, #4505, #4783, #2557, #157, #2953, #5221, #4817, #5419, #6039, #1829, #1206, #388, #4193, #5641, #5288, #3919, #2310, #4893, #6259, #1557, #2018, #5684, #2010, #3392, #2242, #5558, #3057, #1631, #1861, #3002, #1053, #1878, #2673, #3575, #2474, #4546, #2862, #1697, #4709, #3970, #5707 ) ) ;
#3987 = ORIENTED_EDGE ( 'NONE', *, *, #3688, .T. ) ;
#3988 = ORIENTED_EDGE ( 'NONE', *, *, #1402, .T. ) ;
#3989 = DIRECTION ( 'NONE',  ( -1.000000000000000000, 3.469446951953610639E-15, 0.000000000000000000 ) ) ;
#3990 = DIRECTION ( 'NONE',  ( -1.000000000000000000, 0.000000000000000000, 0.000000000000000000 ) ) ;
#3991 = DIRECTION ( 'NONE',  ( -0.7049845209112707289, 0.7092226908915888473, 0.000000000000000000 ) ) ;
#3992 = DIRECTION ( 'NONE',  ( -0.000000000000000000, 0.7071067811865475727, 0.7071067811865475727 ) ) ;
#3993 = EDGE_CURVE ( 'NONE', #5422, #5691, #2918, .T. ) ;
#3994 = ORIENTED_EDGE ( 'NONE', *, *, #2023, .F. ) ;
#3995 = AXIS2_PLACEMENT_3D ( 'NONE', #5554, #1168, #5074 ) ;
#3996 = EDGE_LOOP ( 'NONE', ( #4996, #3763, #4172, #1576, #710, #324 ) ) ;
#3997 = PLANE ( 'NONE',  #1730 ) ;
#3998 = VERTEX_POINT ( 'NONE', #5439 ) ;
#3999 = DIRECTION ( 'NONE',  ( -0.000000000000000000, -0.000000000000000000, -1.000000000000000000 ) ) ;
#4000 = EDGE_CURVE ( 'NONE', #3567, #1840, #6044, .T. ) ;
#4001 = AXIS2_PLACEMENT_3D ( 'NONE', #1537, #1600, #2601 ) ;
#4002 = CARTESIAN_POINT ( 'NONE',  ( 6.275077090004080205, 53.30201203392996234, 10.00000000000000000 ) ) ;
#4003 = EDGE_CURVE ( 'NONE', #1663, #4089, #1651, .T. ) ;
#4004 = EDGE_CURVE ( 'NONE', #2779, #947, #5020, .T. ) ;
#4005 = AXIS2_PLACEMENT_3D ( 'NONE', #6091, #5635, #5119 ) ;
#4006 = CARTESIAN_POINT ( 'NONE',  ( 73.71952070086389597, -1.726823384434508983E-13, 14.99835655691897074 ) ) ;
#4007 = DIRECTION ( 'NONE',  ( -0.6785577366728861026, 0.2811464557129325081, -0.6786133423691478317 ) ) ;
#4008 = CARTESIAN_POINT ( 'NONE',  ( 79.97474980950003953, 10.50829548434902350, 0.3999999999999854228 ) ) ;
#4009 = ORIENTED_EDGE ( 'NONE', *, *, #3764, .T. ) ;
#4010 = DIRECTION ( 'NONE',  ( -1.000000000000000000, 0.000000000000000000, 0.000000000000000000 ) ) ;
#4011 = CARTESIAN_POINT ( 'NONE',  ( 11.67132469877177670, 34.33421759231526948, 5.599999999999988987 ) ) ;
#4012 = LINE ( 'NONE', #5960, #5396 ) ;
#4013 = ORIENTED_EDGE ( 'NONE', *, *, #5991, .T. ) ;
#4014 = LINE ( 'NONE', #5962, #3343 ) ;
#4015 = ORIENTED_EDGE ( 'NONE', *, *, #698, .F. ) ;
#4016 = EDGE_LOOP ( 'NONE', ( #6216, #443, #3813, #1506 ) ) ;
#4017 = ORIENTED_EDGE ( 'NONE', *, *, #828, .F. ) ;
#4018 = DIRECTION ( 'NONE',  ( 5.782411586589351722E-16, -1.000000000000000000, 0.000000000000000000 ) ) ;
#4019 = DIRECTION ( 'NONE',  ( 0.000000000000000000, 0.000000000000000000, -1.000000000000000000 ) ) ;
#4020 = PLANE ( 'NONE',  #4043 ) ;
#4021 = FACE_OUTER_BOUND ( 'NONE', #5098, .T. ) ;
#4022 = ORIENTED_EDGE ( 'NONE', *, *, #3144, .T. ) ;
#4023 = ORIENTED_EDGE ( 'NONE', *, *, #5595, .T. ) ;
#4024 = LINE ( 'NONE', #686, #5519 ) ;
#4025 = VERTEX_POINT ( 'NONE', #92 ) ;
#4026 = LINE ( 'NONE', #4953, #5983 ) ;
#4027 = LINE ( 'NONE', #5981, #5078 ) ;
#4028 = ADVANCED_FACE ( 'NONE', ( #3524 ), #5947, .F. ) ;
#4029 = EDGE_CURVE ( 'NONE', #4025, #1845, #2047, .T. ) ;
#4030 = AXIS2_PLACEMENT_3D ( 'NONE', #1601, #1122, #2090 ) ;
#4031 = CARTESIAN_POINT ( 'NONE',  ( 25.52610449534172687, 52.77490806565516834, 6.000000000000000000 ) ) ;
#4032 = AXIS2_PLACEMENT_3D ( 'NONE', #319, #2276, #5626 ) ;
#4033 = EDGE_CURVE ( 'NONE', #2912, #2909, #4061, .T. ) ;
#4034 = LINE ( 'NONE', #3076, #144 ) ;
#4035 = DIRECTION ( 'NONE',  ( -1.000000000000000000, 0.000000000000000000, -0.000000000000000000 ) ) ;
#4036 = LINE ( 'NONE', #4580, #3337 ) ;
#4037 = ORIENTED_EDGE ( 'NONE', *, *, #4973, .T. ) ;
#4038 = VECTOR ( 'NONE', #4799, 1000.000000000000000 ) ;
#4039 = AXIS2_PLACEMENT_3D ( 'NONE', #3374, #3435, #3849 ) ;
#4040 = EDGE_CURVE ( 'NONE', #1953, #3796, #4026, .T. ) ;
#4041 = VECTOR ( 'NONE', #948, 999.9999999999998863 ) ;
#4042 = LINE ( 'NONE', #2986, #1946 ) ;
#4043 = AXIS2_PLACEMENT_3D ( 'NONE', #3032, #4982, #2493 ) ;
#4044 = ORIENTED_EDGE ( 'NONE', *, *, #4658, .F. ) ;
#4045 = DIRECTION ( 'NONE',  ( 0.7061519002946796686, -0.7080603743397965166, 0.000000000000000000 ) ) ;
#4046 = PLANE ( 'NONE',  #2089 ) ;
#4047 = DIRECTION ( 'NONE',  ( 0.000000000000000000, 1.000000000000000000, 0.000000000000000000 ) ) ;
#4048 = DIRECTION ( 'NONE',  ( 0.7071067811867248754, -0.7071067811863702701, 0.000000000000000000 ) ) ;
#4049 = AXIS2_PLACEMENT_3D ( 'NONE', #2253, #1694, #1187 ) ;
#4050 = VERTEX_POINT ( 'NONE', #1590 ) ;
#4051 = ORIENTED_EDGE ( 'NONE', *, *, #5046, .F. ) ;
#4052 = CARTESIAN_POINT ( 'NONE',  ( 11.67132469877178025, 49.93421759231525670, 4.400000000000011902 ) ) ;
#4053 = LINE ( 'NONE', #5547, #1333 ) ;
#4054 = PLANE ( 'NONE',  #360 ) ;
#4055 = DIRECTION ( 'NONE',  ( 1.000000000000000000, -0.000000000000000000, 0.000000000000000000 ) ) ;
#4056 = VERTEX_POINT ( 'NONE', #3139 ) ;
#4057 = ADVANCED_FACE ( 'NONE', ( #5076 ), #3618, .T. ) ;
#4058 = ORIENTED_EDGE ( 'NONE', *, *, #1457, .F. ) ;
#4059 = FACE_OUTER_BOUND ( 'NONE', #2486, .T. ) ;
#4060 = ORIENTED_EDGE ( 'NONE', *, *, #4070, .T. ) ;
#4061 = LINE ( 'NONE', #183, #4957 ) ;
#4062 = LINE ( 'NONE', #3104, #3149 ) ;
#4063 = DIRECTION ( 'NONE',  ( 0.7071067811865565655, 8.659560562355043792E-17, -0.7071067811865385799 ) ) ;
#4064 = FACE_OUTER_BOUND ( 'NONE', #5392, .T. ) ;
#4065 = CARTESIAN_POINT ( 'NONE',  ( 0.000000000000000000, 28.15317541498460230, 10.00000000000000000 ) ) ;
#4066 = CARTESIAN_POINT ( 'NONE',  ( 0.000000000000000000, 59.57470916941927186, 0.000000000000000000 ) ) ;
#4067 = ORIENTED_EDGE ( 'NONE', *, *, #2823, .F. ) ;
#4068 = EDGE_CURVE ( 'NONE', #1378, #3577, #6011, .T. ) ;
#4069 = VECTOR ( 'NONE', #5984, 1000.000000000000114 ) ;
#4070 = EDGE_CURVE ( 'NONE', #3906, #954, #5781, .T. ) ;
#4071 = DIRECTION ( 'NONE',  ( -0.000000000000000000, -0.000000000000000000, 1.000000000000000000 ) ) ;
#4072 = ORIENTED_EDGE ( 'NONE', *, *, #1925, .T. ) ;
#4073 = CARTESIAN_POINT ( 'NONE',  ( 11.61402484566509230, 6.165685424949291615, 10.00000000000000000 ) ) ;
#4074 = VECTOR ( 'NONE', #4018, 1000.000000000000000 ) ;
#4075 = DIRECTION ( 'NONE',  ( 1.000000000000000000, 0.000000000000000000, 0.000000000000000000 ) ) ;
#4076 = CARTESIAN_POINT ( 'NONE',  ( 24.39487291362403099, 59.35339717067414256, 4.400000000000011902 ) ) ;
#4077 = ORIENTED_EDGE ( 'NONE', *, *, #1323, .F. ) ;
#4078 = EDGE_CURVE ( 'NONE', #5065, #4439, #4540, .T. ) ;
#4079 = CARTESIAN_POINT ( 'NONE',  ( 11.61402484566509052, 6.000000000000052403, 0.000000000000000000 ) ) ;
#4080 = EDGE_CURVE ( 'NONE', #1573, #5783, #2562, .T. ) ;
#4081 = EDGE_LOOP ( 'NONE', ( #4800, #4632, #3034, #2030 ) ) ;
#4082 = ORIENTED_EDGE ( 'NONE', *, *, #6270, .T. ) ;
#4083 = DIRECTION ( 'NONE',  ( 0.9999999924245159821, -0.0001230892683151790486, 0.000000000000000000 ) ) ;
#4084 = DIRECTION ( 'NONE',  ( -0.7071067811865561215, 0.000000000000000000, -0.7071067811865388020 ) ) ;
#4085 = DIRECTION ( 'NONE',  ( -0.4999999999999870104, -0.4999999999999870104, 0.7071067811865658914 ) ) ;
#4086 = CARTESIAN_POINT ( 'NONE',  ( 54.61482092964090640, 59.34967741935614782, 10.00099999999999945 ) ) ;
#4087 = ORIENTED_EDGE ( 'NONE', *, *, #550, .F. ) ;
#4088 = LINE ( 'NONE', #6042, #4912 ) ;
#4089 = VERTEX_POINT ( 'NONE', #4484 ) ;
#4090 = CARTESIAN_POINT ( 'NONE',  ( 75.41657697571172037, 52.35311032234202600, 14.99835655691897074 ) ) ;
#4091 = LINE ( 'NONE', #625, #1605 ) ;
#4092 = ADVANCED_FACE ( 'NONE', ( #596 ), #5918, .T. ) ;
#4093 = VECTOR ( 'NONE', #4231, 1000.000000000000114 ) ;
#4094 = DIRECTION ( 'NONE',  ( -0.000000000000000000, -0.000000000000000000, -1.000000000000000000 ) ) ;
#4095 = VECTOR ( 'NONE', #6036, 1000.000000000000114 ) ;
#4096 = FACE_OUTER_BOUND ( 'NONE', #5766, .T. ) ;
#4097 = DIRECTION ( 'NONE',  ( -0.5773502691896212902, -0.5773502691896212902, -0.5773502691896346128 ) ) ;
#4098 = EDGE_CURVE ( 'NONE', #75, #1109, #4572, .T. ) ;
#4099 = CARTESIAN_POINT ( 'NONE',  ( 11.67132469877177670, 34.73421759231527517, 6.000000000000000000 ) ) ;
#4100 = PRODUCT_DEFINITION_SHAPE ( 'NONE', 'NONE',  #2177 ) ;
#4101 = AXIS2_PLACEMENT_3D ( 'NONE', #1903, #3863, #3981 ) ;
#4102 = PLANE ( 'NONE',  #708 ) ;
#4103 = ORIENTED_EDGE ( 'NONE', *, *, #1366, .F. ) ;
#4104 = AXIS2_PLACEMENT_3D ( 'NONE', #3885, #4900, #1407 ) ;
#4105 = DIRECTION ( 'NONE',  ( -0.000000000000000000, -0.000000000000000000, -1.000000000000000000 ) ) ;
#4106 = EDGE_CURVE ( 'NONE', #2779, #965, #5045, .T. ) ;
#4107 = DIRECTION ( 'NONE',  ( -1.000000000000000000, 0.000000000000000000, 0.000000000000000000 ) ) ;
#4108 = FACE_OUTER_BOUND ( 'NONE', #917, .T. ) ;
#4109 = ORIENTED_EDGE ( 'NONE', *, *, #5516, .F. ) ;
#4110 = FACE_OUTER_BOUND ( 'NONE', #5894, .T. ) ;
#4111 = ORIENTED_EDGE ( 'NONE', *, *, #3304, .T. ) ;
#4112 = EDGE_CURVE ( 'NONE', #2739, #1565, #3557, .T. ) ;
#4113 = EDGE_CURVE ( 'NONE', #4056, #804, #5499, .T. ) ;
#4114 = VERTEX_POINT ( 'NONE', #2623 ) ;
#4115 = VERTEX_POINT ( 'NONE', #340 ) ;
#4116 = FACE_OUTER_BOUND ( 'NONE', #5331, .T. ) ;
#4117 = DIRECTION ( 'NONE',  ( 0.000000000000000000, 0.7071067811865352493, -0.7071067811865597852 ) ) ;
#4118 = EDGE_CURVE ( 'NONE', #5236, #4479, #2688, .T. ) ;
#4119 = PLANE ( 'NONE',  #4151 ) ;
#4120 = FACE_OUTER_BOUND ( 'NONE', #72, .T. ) ;
#4121 = ORIENTED_EDGE ( 'NONE', *, *, #860, .T. ) ;
#4122 = VERTEX_POINT ( 'NONE', #4731 ) ;
#4123 = CARTESIAN_POINT ( 'NONE',  ( 55.42884860408194214, 26.75317541498458951, 9.600000000000017408 ) ) ;
#4124 = LINE ( 'NONE', #280, #3179 ) ;
#4125 = ORIENTED_EDGE ( 'NONE', *, *, #3592, .F. ) ;
#4126 = FACE_OUTER_BOUND ( 'NONE', #3523, .T. ) ;
#4127 = PLANE ( 'NONE',  #2328 ) ;
#4128 = DIRECTION ( 'NONE',  ( 0.000000000000000000, 0.000000000000000000, 1.000000000000000000 ) ) ;
#4129 = DIRECTION ( 'NONE',  ( -0.000000000000000000, 1.000000000000000000, 0.000000000000000000 ) ) ;
#4130 = CARTESIAN_POINT ( 'NONE',  ( 10.13880365760802427, 8.415085090169998949, 9.600000000000022737 ) ) ;
#4131 = DIRECTION ( 'NONE',  ( 0.000000000000000000, -0.000000000000000000, 1.000000000000000000 ) ) ;
#4132 = DIRECTION ( 'NONE',  ( -1.000000000000000000, 0.000000000000000000, 0.000000000000000000 ) ) ;
#4133 = ORIENTED_EDGE ( 'NONE', *, *, #2671, .F. ) ;
#4134 = DIRECTION ( 'NONE',  ( -0.7071067811865495711, -0.7071067811865455743, 0.000000000000000000 ) ) ;
#4135 = VECTOR ( 'NONE', #3476, 1000.000000000000000 ) ;
#4136 = LINE ( 'NONE', #1217, #2602 ) ;
#4137 = VECTOR ( 'NONE', #2820, 1000.000000000000000 ) ;
#4138 = DIRECTION ( 'NONE',  ( 0.000000000000000000, 1.000000000000000000, 0.000000000000000000 ) ) ;
#4139 = EDGE_LOOP ( 'NONE', ( #3416, #783, #4205, #3749 ) ) ;
#4140 = LINE ( 'NONE', #6187, #3748 ) ;
#4141 = ORIENTED_EDGE ( 'NONE', *, *, #2302, .T. ) ;
#4142 = VECTOR ( 'NONE', #1017, 999.9999999999998863 ) ;
#4143 = AXIS2_PLACEMENT_3D ( 'NONE', #2374, #1884, #5888 ) ;
#4144 = ORIENTED_EDGE ( 'NONE', *, *, #2199, .F. ) ;
#4145 = ORIENTED_EDGE ( 'NONE', *, *, #1404, .F. ) ;
#4146 = DIRECTION ( 'NONE',  ( 0.000000000000000000, -1.000000000000000000, 0.000000000000000000 ) ) ;
#4147 = DIRECTION ( 'NONE',  ( -0.000000000000000000, -0.000000000000000000, 1.000000000000000000 ) ) ;
#4148 = DIRECTION ( 'NONE',  ( 1.000000000000000000, 0.000000000000000000, 0.000000000000000000 ) ) ;
#4149 = DIRECTION ( 'NONE',  ( 0.7071067811865412445, 0.000000000000000000, 0.7071067811865537900 ) ) ;
#4150 = AXIS2_PLACEMENT_3D ( 'NONE', #1664, #3669, #773 ) ;
#4151 = AXIS2_PLACEMENT_3D ( 'NONE', #1669, #2388, #5744 ) ;
#4152 = EDGE_CURVE ( 'NONE', #103, #1378, #3684, .T. ) ;
#4153 = EDGE_LOOP ( 'NONE', ( #3626, #3547, #5787, #3602 ) ) ;
#4154 = EDGE_CURVE ( 'NONE', #921, #1952, #791, .T. ) ;
#4155 = ORIENTED_EDGE ( 'NONE', *, *, #4362, .F. ) ;
#4156 = CARTESIAN_POINT ( 'NONE',  ( 69.83157658086554420, 23.35317541498460869, 10.00099999999999945 ) ) ;
#4157 = DIRECTION ( 'NONE',  ( 1.000000000000000000, -0.000000000000000000, 0.000000000000000000 ) ) ;
#4158 = ORIENTED_EDGE ( 'NONE', *, *, #1208, .T. ) ;
#4159 = DIRECTION ( 'NONE',  ( -0.7071067811865474617, -0.7071067811865474617, 0.000000000000000000 ) ) ;
#4160 = CARTESIAN_POINT ( 'NONE',  ( 55.24511320246803336, 59.97470916941927044, 10.00099999999999945 ) ) ;
#4161 = EDGE_CURVE ( 'NONE', #5169, #4382, #3241, .T. ) ;
#4162 = DIRECTION ( 'NONE',  ( -0.000000000000000000, 0.000000000000000000, -1.000000000000000000 ) ) ;
#4163 = CARTESIAN_POINT ( 'NONE',  ( 62.89024130048304073, 35.63617221234400034, -7.875958507980477918 ) ) ;
#4164 = CARTESIAN_POINT ( 'NONE',  ( 53.48264078761654616, 52.77490806565516834, 6.000000000000000000 ) ) ;
#4165 = CARTESIAN_POINT ( 'NONE',  ( 5.400000000000030553, 7.158251002322315593, 0.000000000000000000 ) ) ;
#4166 = AXIS2_PLACEMENT_3D ( 'NONE', #1454, #3954, #4436 ) ;
#4167 = CARTESIAN_POINT ( 'NONE',  ( 29.80687116396648761, 29.62875138833505773, 10.00000000000000000 ) ) ;
#4168 = ORIENTED_EDGE ( 'NONE', *, *, #433, .F. ) ;
#4169 = CARTESIAN_POINT ( 'NONE',  ( 10.53880365760803706, 56.44252476504900073, 0.000000000000000000 ) ) ;
#4170 = CARTESIAN_POINT ( 'NONE',  ( 77.98218423212703954, 5.000000000000023981, 9.600000000000017408 ) ) ;
#4171 = FACE_OUTER_BOUND ( 'NONE', #832, .T. ) ;
#4172 = ORIENTED_EDGE ( 'NONE', *, *, #4973, .F. ) ;
#4173 = ADVANCED_FACE ( 'NONE', ( #1237 ), #3780, .F. ) ;
#4174 = VECTOR ( 'NONE', #1303, 1000.000000000000000 ) ;
#4175 = CARTESIAN_POINT ( 'NONE',  ( 36.63180065388673512, 43.69286487643512373, 3.099885383663021798 ) ) ;
#4176 = VECTOR ( 'NONE', #5490, 1000.000000000000000 ) ;
#4177 = ORIENTED_EDGE ( 'NONE', *, *, #3097, .T. ) ;
#4178 = ORIENTED_EDGE ( 'NONE', *, *, #1107, .F. ) ;
#4179 = CARTESIAN_POINT ( 'NONE',  ( 65.74807733323548575, 45.55871309031684291, 5.000000000000000000 ) ) ;
#4180 = CARTESIAN_POINT ( 'NONE',  ( 73.34807733323548007, 45.95871309031685570, 4.599999999999988987 ) ) ;
#4181 = CARTESIAN_POINT ( 'NONE',  ( 39.16513398722009498, 40.35953154310175961, 1.733333333333304749 ) ) ;
#4182 = FACE_OUTER_BOUND ( 'NONE', #4495, .T. ) ;
#4183 = ORIENTED_EDGE ( 'NONE', *, *, #1928, .T. ) ;
#4184 = CARTESIAN_POINT ( 'NONE',  ( 23.60787548992984952, 59.57470916941908712, 10.00000000000000000 ) ) ;
#4185 = CARTESIAN_POINT ( 'NONE',  ( 5.000000000000030198, 6.992565577373023977, 10.00099999999999945 ) ) ;
#4186 = ORIENTED_EDGE ( 'NONE', *, *, #2913, .F. ) ;
#4187 = LINE ( 'NONE', #1680, #59 ) ;
#4188 = LINE ( 'NONE', #250, #2019 ) ;
#4189 = EDGE_CURVE ( 'NONE', #1513, #1647, #249, .T. ) ;
#4190 = CARTESIAN_POINT ( 'NONE',  ( 6.992565577374029395, 5.000000000000023093, 9.600000000000015632 ) ) ;
#4191 = APPLICATION_CONTEXT ( 'automotive_design' ) ;
#4192 = ADVANCED_FACE ( 'NONE', ( #3207 ), #3171, .F. ) ;
#4193 = ADVANCED_FACE ( 'NONE', ( #4126 ), #282, .F. ) ;
#4194 = LINE ( 'NONE', #825, #1569 ) ;
#4195 = VECTOR ( 'NONE', #5697, 1000.000000000000000 ) ;
#4196 = CARTESIAN_POINT ( 'NONE',  ( 9.709359025140559041, 53.53706121412303531, 0.000000000000000000 ) ) ;
#4197 = CARTESIAN_POINT ( 'NONE',  ( 69.83157658086554420, 23.35317541498460869, 9.600000000000015632 ) ) ;
#4198 = EDGE_CURVE ( 'NONE', #772, #2467, #4187, .T. ) ;
#4199 = AXIS2_PLACEMENT_3D ( 'NONE', #3836, #6263, #5785 ) ;
#4200 = CARTESIAN_POINT ( 'NONE',  ( 59.77578496594467339, 40.61884720954800088, 0.3999999999999802602 ) ) ;
#4201 = ORIENTED_EDGE ( 'NONE', *, *, #2627, .T. ) ;
#4202 = LINE ( 'NONE', #3279, #4923 ) ;
#4203 = LINE ( 'NONE', #2123, #1672 ) ;
#4204 = FACE_OUTER_BOUND ( 'NONE', #3861, .T. ) ;
#4205 = ORIENTED_EDGE ( 'NONE', *, *, #1485, .T. ) ;
#4206 = VECTOR ( 'NONE', #5294, 1000.000000000000000 ) ;
#4207 = CARTESIAN_POINT ( 'NONE',  ( 10.13880365760802427, 8.415085090169998949, 9.600000000000022737 ) ) ;
#4208 = VERTEX_POINT ( 'NONE', #1746 ) ;
#4209 = VERTEX_POINT ( 'NONE', #6171 ) ;
#4210 = AXIS2_PLACEMENT_3D ( 'NONE', #5953, #2500, #2597 ) ;
#4211 = ORIENTED_EDGE ( 'NONE', *, *, #588, .T. ) ;
#4212 = VERTEX_POINT ( 'NONE', #1776 ) ;
#4213 = CARTESIAN_POINT ( 'NONE',  ( 6.158733526446414253, 53.41905502248753379, 10.00000000000000000 ) ) ;
#4214 = CARTESIAN_POINT ( 'NONE',  ( 62.89024130048304073, 35.63617221234400034, 0.3999999999999802602 ) ) ;
#4215 = FACE_OUTER_BOUND ( 'NONE', #3855, .T. ) ;
#4216 = CARTESIAN_POINT ( 'NONE',  ( 11.01402484566505890, 5.000000000000023093, 0.3999999999999837019 ) ) ;
#4217 = ORIENTED_EDGE ( 'NONE', *, *, #1722, .F. ) ;
#4218 = EDGE_CURVE ( 'NONE', #4382, #466, #4637, .T. ) ;
#4219 = ORIENTED_EDGE ( 'NONE', *, *, #5577, .F. ) ;
#4220 = ORIENTED_EDGE ( 'NONE', *, *, #1414, .T. ) ;
#4221 = LINE ( 'NONE', #4634, #3159 ) ;
#4222 = DIRECTION ( 'NONE',  ( 0.7071067811865475727, -0.7071067811865475727, 0.000000000000000000 ) ) ;
#4223 = VERTEX_POINT ( 'NONE', #4604 ) ;
#4224 = DIRECTION ( 'NONE',  ( 0.7071067811867248754, -0.7071067811863702701, 0.000000000000000000 ) ) ;
#4225 = LINE ( 'NONE', #4190, #1608 ) ;
#4226 = PLANE ( 'NONE',  #4032 ) ;
#4227 = CARTESIAN_POINT ( 'NONE',  ( 40.83180065388673796, 38.69286487643512373, 3.399999999999983036 ) ) ;
#4228 = EDGE_CURVE ( 'NONE', #4807, #5757, #4701, .T. ) ;
#4229 = EDGE_CURVE ( 'NONE', #1097, #3822, #5654, .T. ) ;
#4230 = EDGE_CURVE ( 'NONE', #1147, #1565, #4257, .T. ) ;
#4231 = DIRECTION ( 'NONE',  ( -0.7071067811865541231, 8.659560562355014209E-17, 0.7071067811865408004 ) ) ;
#4232 = ORIENTED_EDGE ( 'NONE', *, *, #6229, .T. ) ;
#4233 = CARTESIAN_POINT ( 'NONE',  ( 5.400000000000900968, 57.81645816709684738, 10.00000000000000000 ) ) ;
#4234 = DIRECTION ( 'NONE',  ( -0.7071067811867248754, 0.7071067811863702701, 0.000000000000000000 ) ) ;
#4235 = PLANE ( 'NONE',  #1504 ) ;
#4236 = ORIENTED_EDGE ( 'NONE', *, *, #2480, .F. ) ;
#4237 = DIRECTION ( 'NONE',  ( -0.000000000000000000, -0.000000000000000000, 1.000000000000000000 ) ) ;
#4238 = EDGE_CURVE ( 'NONE', #2940, #4498, #216, .T. ) ;
#4239 = VERTEX_POINT ( 'NONE', #1301 ) ;
#4240 = ADVANCED_FACE ( 'NONE', ( #1812, #1331, #3270, #3651, #3301, #2174 ), #5108, .F. ) ;
#4241 = VECTOR ( 'NONE', #1509, 1000.000000000000000 ) ;
#4242 = VERTEX_POINT ( 'NONE', #372 ) ;
#4243 = AXIS2_PLACEMENT_3D ( 'NONE', #909, #5226, #5257 ) ;
#4244 = ORIENTED_EDGE ( 'NONE', *, *, #6111, .T. ) ;
#4245 = DIRECTION ( 'NONE',  ( 0.7071067811865474617, -0.7071067811865474617, 0.000000000000000000 ) ) ;
#4246 = CARTESIAN_POINT ( 'NONE',  ( 77.74508674688611620, 12.17753415987215071, 10.00000000000000000 ) ) ;
#4247 = DIRECTION ( 'NONE',  ( 1.000000000000000000, 0.000000000000000000, 0.000000000000000000 ) ) ;
#4248 = FACE_OUTER_BOUND ( 'NONE', #2053, .T. ) ;
#4249 = AXIS2_PLACEMENT_3D ( 'NONE', #4086, #1106, #6038 ) ;
#4250 = VECTOR ( 'NONE', #471, 1000.000000000000000 ) ;
#4251 = ORIENTED_EDGE ( 'NONE', *, *, #6219, .F. ) ;
#4252 = ORIENTED_EDGE ( 'NONE', *, *, #6208, .F. ) ;
#4253 = PLANE ( 'NONE',  #4279 ) ;
#4254 = DIRECTION ( 'NONE',  ( -0.000000000000000000, -0.000000000000000000, -1.000000000000000000 ) ) ;
#4255 = VECTOR ( 'NONE', #977, 1000.000000000000227 ) ;
#4256 = ORIENTED_EDGE ( 'NONE', *, *, #2113, .T. ) ;
#4257 = LINE ( 'NONE', #2272, #5158 ) ;
#4258 = AXIS2_PLACEMENT_3D ( 'NONE', #5197, #3709, #1704 ) ;
#4259 = EDGE_CURVE ( 'NONE', #1918, #1915, #987, .T. ) ;
#4260 = ORIENTED_EDGE ( 'NONE', *, *, #87, .T. ) ;
#4261 = DIRECTION ( 'NONE',  ( -0.000000000000000000, -0.000000000000000000, 1.000000000000000000 ) ) ;
#4262 = LINE ( 'NONE', #4770, #453 ) ;
#4263 = LINE ( 'NONE', #6082, #6248 ) ;
#4264 = DIRECTION ( 'NONE',  ( -5.782411586589358625E-16, -1.000000000000000000, 0.000000000000000000 ) ) ;
#4265 = ORIENTED_EDGE ( 'NONE', *, *, #4738, .T. ) ;
#4266 = EDGE_CURVE ( 'NONE', #5140, #5807, #1463, .T. ) ;
#4267 = PLANE ( 'NONE',  #1961 ) ;
#4268 = CARTESIAN_POINT ( 'NONE',  ( 0.000000000000000000, 5.400000000000020783, 10.00000000000000000 ) ) ;
#4269 = DIRECTION ( 'NONE',  ( 1.000000000000000000, -1.652117596168386770E-15, 0.000000000000000000 ) ) ;
#4270 = ORIENTED_EDGE ( 'NONE', *, *, #3967, .F. ) ;
#4271 = SHAPE_DEFINITION_REPRESENTATION ( #4100, #2150 ) ;
#4272 = EDGE_CURVE ( 'NONE', #297, #3317, #888, .T. ) ;
#4273 = VECTOR ( 'NONE', #4293, 1000.000000000000000 ) ;
#4274 = VERTEX_POINT ( 'NONE', #4829 ) ;
#4275 = ORIENTED_EDGE ( 'NONE', *, *, #4228, .T. ) ;
#4276 = ADVANCED_FACE ( 'NONE', ( #502 ), #2943, .F. ) ;
#4277 = DIRECTION ( 'NONE',  ( 0.5773502691896212902, -0.5773502691896212902, -0.5773502691896346128 ) ) ;
#4278 = LINE ( 'NONE', #4246, #217 ) ;
#4279 = AXIS2_PLACEMENT_3D ( 'NONE', #4156, #1200, #5618 ) ;
#4280 = DIRECTION ( 'NONE',  ( -1.355284293265842525E-13, 1.000000000000000000, 0.000000000000000000 ) ) ;
#4281 = PLANE ( 'NONE',  #4655 ) ;
#4282 = EDGE_CURVE ( 'NONE', #3362, #1945, #1916, .T. ) ;
#4283 = VECTOR ( 'NONE', #3198, 1000.000000000000000 ) ;
#4284 = EDGE_LOOP ( 'NONE', ( #5386, #1373, #3795, #1266, #5902 ) ) ;
#4285 = ORIENTED_EDGE ( 'NONE', *, *, #4550, .T. ) ;
#4286 = CARTESIAN_POINT ( 'NONE',  ( 11.27132469877176568, 34.33421759231526948, 4.000000000000000000 ) ) ;
#4287 = PLANE ( 'NONE',  #2873 ) ;
#4288 = VERTEX_POINT ( 'NONE', #4798 ) ;
#4289 = CARTESIAN_POINT ( 'NONE',  ( 65.26553597910542237, 49.49265539102543698, -6.251928262409653492 ) ) ;
#4290 = ORIENTED_EDGE ( 'NONE', *, *, #1559, .T. ) ;
#4291 = CARTESIAN_POINT ( 'NONE',  ( -21.63100838201660281, 21.63100838201653531, 4.000000000000000000 ) ) ;
#4292 = CARTESIAN_POINT ( 'NONE',  ( 54.61482092964091350, 59.34967741935614782, 4.400000000000011902 ) ) ;
#4293 = DIRECTION ( 'NONE',  ( -1.000000000000000000, 0.000000000000000000, 0.000000000000000000 ) ) ;
#4294 = EDGE_CURVE ( 'NONE', #1705, #5301, #2334, .T. ) ;
#4295 = LINE ( 'NONE', #3818, #1836 ) ;
#4296 = ORIENTED_EDGE ( 'NONE', *, *, #5915, .T. ) ;
#4297 = CARTESIAN_POINT ( 'NONE',  ( 76.16692151384303600, 8.415085090169998949, 10.00000000000000000 ) ) ;
#4298 = FACE_OUTER_BOUND ( 'NONE', #836, .T. ) ;
#4299 = ORIENTED_EDGE ( 'NONE', *, *, #202, .F. ) ;
#4300 = CARTESIAN_POINT ( 'NONE',  ( 36.20824940358892974, -36.20824940358889421, 0.000000000000000000 ) ) ;
#4301 = VECTOR ( 'NONE', #3427, 999.9999999999998863 ) ;
#4302 = LINE ( 'NONE', #2894, #4804 ) ;
#4303 = EDGE_CURVE ( 'NONE', #1349, #2996, #2368, .T. ) ;
#4304 = EDGE_LOOP ( 'NONE', ( #997, #3167 ) ) ;
#4305 = AXIS2_PLACEMENT_3D ( 'NONE', #4723, #6132, #5258 ) ;
#4306 = CARTESIAN_POINT ( 'NONE',  ( 59.77578496594467339, 35.63617221234400034, -7.875958507980477918 ) ) ;
#4307 = CARTESIAN_POINT ( 'NONE',  ( 5.874489965807184966, 50.73421759231527517, 4.000000000000000000 ) ) ;
#4308 = FACE_OUTER_BOUND ( 'NONE', #356, .T. ) ;
#4309 = LINE ( 'NONE', #2655, #1923 ) ;
#4310 = ORIENTED_EDGE ( 'NONE', *, *, #543, .F. ) ;
#4311 = CARTESIAN_POINT ( 'NONE',  ( 53.48264078761654616, 52.77490806565516834, 5.599999999999988987 ) ) ;
#4312 = EDGE_CURVE ( 'NONE', #5344, #526, #2910, .T. ) ;
#4313 = AXIS2_PLACEMENT_3D ( 'NONE', #2020, #2147, #5505 ) ;
#4314 = EDGE_CURVE ( 'NONE', #6293, #647, #6085, .T. ) ;
#4315 = ORIENTED_EDGE ( 'NONE', *, *, #536, .T. ) ;
#4316 = EDGE_CURVE ( 'NONE', #5190, #1953, #405, .T. ) ;
#4317 = ORIENTED_EDGE ( 'NONE', *, *, #1674, .F. ) ;
#4318 = CARTESIAN_POINT ( 'NONE',  ( 41.59129232967453049, 41.59129232967430312, 10.00000000000000000 ) ) ;
#4319 = FACE_OUTER_BOUND ( 'NONE', #1050, .T. ) ;
#4320 = ORIENTED_EDGE ( 'NONE', *, *, #348, .T. ) ;
#4321 = CARTESIAN_POINT ( 'NONE',  ( 69.46052051343058054, 22.45736682458219491, 8.704191409597632045 ) ) ;
#4322 = VECTOR ( 'NONE', #1468, 1000.000000000000114 ) ;
#4323 = DIRECTION ( 'NONE',  ( -0.000000000000000000, -0.000000000000000000, -1.000000000000000000 ) ) ;
#4324 = ORIENTED_EDGE ( 'NONE', *, *, #6326, .T. ) ;
#4325 = EDGE_CURVE ( 'NONE', #2258, #2191, #1846, .T. ) ;
#4326 = CARTESIAN_POINT ( 'NONE',  ( 0.000000000000000000, 30.68592075184099599, 2.109999999999997211 ) ) ;
#4327 = DIRECTION ( 'NONE',  ( 0.000000000000000000, 0.7071067811865352493, -0.7071067811865597852 ) ) ;
#4328 = DIRECTION ( 'NONE',  ( -0.5773502691896257311, -0.5773502691896257311, -0.5773502691896257311 ) ) ;
#4329 = CARTESIAN_POINT ( 'NONE',  ( 5.874489965807185854, 50.33421759231526948, 5.599999999999988987 ) ) ;
#4330 = ORIENTED_EDGE ( 'NONE', *, *, #3883, .F. ) ;
#4331 = DIRECTION ( 'NONE',  ( -1.000000000000000000, 0.000000000000000000, 0.000000000000000000 ) ) ;
#4332 = CARTESIAN_POINT ( 'NONE',  ( 8.888803657608024267, 8.415085090169998949, 10.00099999999999945 ) ) ;
#4333 = ORIENTED_EDGE ( 'NONE', *, *, #4768, .T. ) ;
#4334 = CARTESIAN_POINT ( 'NONE',  ( 12.07195935263212760, 59.97470916941908570, 0.4000000000000114575 ) ) ;
#4335 = EDGE_LOOP ( 'NONE', ( #4285, #5019, #1870, #971 ) ) ;
#4336 = DIRECTION ( 'NONE',  ( 1.000000000000000000, 0.000000000000000000, 0.000000000000000000 ) ) ;
#4337 = VERTEX_POINT ( 'NONE', #5372 ) ;
#4338 = CARTESIAN_POINT ( 'NONE',  ( 5.875044450089777825, 53.13706121412302252, 0.4000000000000080158 ) ) ;
#4339 = PLANE ( 'NONE',  #2980 ) ;
#4340 = DIRECTION ( 'NONE',  ( 0.000000000000000000, -1.000000000000000000, 0.000000000000000000 ) ) ;
#4341 = LINE ( 'NONE', #2963, #3868 ) ;
#4342 = EDGE_LOOP ( 'NONE', ( #1006, #3494, #1639, #3194 ) ) ;
#4343 = CARTESIAN_POINT ( 'NONE',  ( 63.88484364902704016, 63.88484364902676305, 0.3999999999999837019 ) ) ;
#4344 = ORIENTED_EDGE ( 'NONE', *, *, #1597, .F. ) ;
#4345 = VECTOR ( 'NONE', #5445, 1000.000000000000000 ) ;
#4346 = ORIENTED_EDGE ( 'NONE', *, *, #4823, .F. ) ;
#4347 = ORIENTED_EDGE ( 'NONE', *, *, #3584, .T. ) ;
#4348 = DIRECTION ( 'NONE',  ( -1.000000000000000000, 0.000000000000000000, 0.000000000000000000 ) ) ;
#4349 = PLANE ( 'NONE',  #3290 ) ;
#4350 = ORIENTED_EDGE ( 'NONE', *, *, #3322, .F. ) ;
#4351 = LINE ( 'NONE', #3874, #1381 ) ;
#4352 = EDGE_CURVE ( 'NONE', #4479, #4977, #4386, .T. ) ;
#4353 = CARTESIAN_POINT ( 'NONE',  ( 11.27132469877176923, 49.93421759231525670, 6.000000000000000000 ) ) ;
#4354 = VECTOR ( 'NONE', #2880, 999.9999999999997726 ) ;
#4355 = VECTOR ( 'NONE', #6148, 1000.000000000000000 ) ;
#4356 = ADVANCED_FACE ( 'NONE', ( #5753 ), #3332, .T. ) ;
#4357 = EDGE_LOOP ( 'NONE', ( #6129, #2994, #3196, #2827 ) ) ;
#4358 = VECTOR ( 'NONE', #3157, 1000.000000000000114 ) ;
#4359 = ORIENTED_EDGE ( 'NONE', *, *, #3584, .F. ) ;
#4360 = VECTOR ( 'NONE', #4672, 1000.000000000000227 ) ;
#4361 = LINE ( 'NONE', #2498, #1172 ) ;
#4362 = EDGE_CURVE ( 'NONE', #385, #2438, #2465, .T. ) ;
#4363 = DIRECTION ( 'NONE',  ( 0.000000000000000000, 0.000000000000000000, 1.000000000000000000 ) ) ;
#4364 = ADVANCED_FACE ( 'NONE', ( #956 ), #6332, .T. ) ;
#4365 = EDGE_CURVE ( 'NONE', #1573, #839, #4351, .T. ) ;
#4366 = VECTOR ( 'NONE', #2712, 1000.000000000000114 ) ;
#4367 = CARTESIAN_POINT ( 'NONE',  ( 15.40376155339789221, 23.35317541498461225, 10.00099999999999945 ) ) ;
#4368 = ORIENTED_EDGE ( 'NONE', *, *, #3185, .F. ) ;
#4369 = PLANE ( 'NONE',  #6047 ) ;
#4370 = LINE ( 'NONE', #384, #5561 ) ;
#4371 = ORIENTED_EDGE ( 'NONE', *, *, #4666, .T. ) ;
#4372 = DIRECTION ( 'NONE',  ( -0.000000000000000000, 0.000000000000000000, 1.000000000000000000 ) ) ;
#4373 = ORIENTED_EDGE ( 'NONE', *, *, #4470, .T. ) ;
#4374 = LINE ( 'NONE', #5772, #4545 ) ;
#4375 = CYLINDRICAL_SURFACE ( 'NONE', #4101, 1.250000000000001110 ) ;
#4376 = LINE ( 'NONE', #492, #5273 ) ;
#4377 = DIRECTION ( 'NONE',  ( 0.000000000000000000, -1.000000000000000000, 0.000000000000000000 ) ) ;
#4378 = ORIENTED_EDGE ( 'NONE', *, *, #981, .F. ) ;
#4379 = DIRECTION ( 'NONE',  ( -0.000000000000000000, 0.000000000000000000, -1.000000000000000000 ) ) ;
#4380 = CONICAL_SURFACE ( 'NONE', #2229, 1.250000000000001110, 0.7853981633974393972 ) ;
#4381 = ORIENTED_EDGE ( 'NONE', *, *, #5868, .T. ) ;
#4382 = VERTEX_POINT ( 'NONE', #3401 ) ;
#4383 = CARTESIAN_POINT ( 'NONE',  ( 23.77356091487909495, 59.97470916941908570, 4.000000000000000000 ) ) ;
#4384 = CARTESIAN_POINT ( 'NONE',  ( -26.20822908354669423, 26.20822908353438407, 0.000000000000000000 ) ) ;
#4385 = EDGE_LOOP ( 'NONE', ( #1289, #4636, #1919, #5964, #5579, #2974 ) ) ;
#4386 = LINE ( 'NONE', #2397, #1685 ) ;
#4387 = CARTESIAN_POINT ( 'NONE',  ( 11.27132469877176568, 34.33421759231526948, 4.400000000000011902 ) ) ;
#4388 = VECTOR ( 'NONE', #1882, 1000.000000000000000 ) ;
#4389 = EDGE_LOOP ( 'NONE', ( #1430, #890 ) ) ;
#4390 = VERTEX_POINT ( 'NONE', #1431 ) ;
#4391 = AXIS2_PLACEMENT_3D ( 'NONE', #6200, #1809, #919 ) ;
#4392 = EDGE_CURVE ( 'NONE', #753, #4382, #4765, .T. ) ;
#4393 = CARTESIAN_POINT ( 'NONE',  ( 74.00236341333862811, 54.33300930966434095, 0.000000000000000000 ) ) ;
#4394 = LINE ( 'NONE', #4426, #3504 ) ;
#4395 = EDGE_CURVE ( 'NONE', #1202, #4025, #1133, .T. ) ;
#4396 = ADVANCED_FACE ( 'NONE', ( #2971 ), #4054, .T. ) ;
#4397 = ADVANCED_FACE ( 'NONE', ( #2134 ), #644, .T. ) ;
#4398 = LINE ( 'NONE', #4928, #4822 ) ;
#4399 = CARTESIAN_POINT ( 'NONE',  ( 18.61060500309818977, 30.68592075184099599, 2.109999999999997211 ) ) ;
#4400 = ORIENTED_EDGE ( 'NONE', *, *, #1637, .T. ) ;
#4401 = ORIENTED_EDGE ( 'NONE', *, *, #4476, .F. ) ;
#4402 = CARTESIAN_POINT ( 'NONE',  ( 1.003978785887913501E-13, 28.93771831048124454, 0.3999999999999837019 ) ) ;
#4403 = VERTEX_POINT ( 'NONE', #3964 ) ;
#4404 = FACE_OUTER_BOUND ( 'NONE', #3197, .T. ) ;
#4405 = PLANE ( 'NONE',  #5530 ) ;
#4406 = CARTESIAN_POINT ( 'NONE',  ( 76.16692151384303600, 8.415085090169998949, 0.3999999999999906408 ) ) ;
#4407 = LINE ( 'NONE', #5357, #5696 ) ;
#4408 = VERTEX_POINT ( 'NONE', #176 ) ;
#4409 = VECTOR ( 'NONE', #2279, 1000.000000000000114 ) ;
#4410 = PLANE ( 'NONE',  #2723 ) ;
#4411 = ORIENTED_EDGE ( 'NONE', *, *, #3500, .F. ) ;
#4412 = ORIENTED_EDGE ( 'NONE', *, *, #79, .F. ) ;
#4413 = CIRCLE ( 'NONE', #6040, 1.250000000000001110 ) ;
#4414 = ORIENTED_EDGE ( 'NONE', *, *, #5663, .F. ) ;
#4415 = ORIENTED_EDGE ( 'NONE', *, *, #2399, .F. ) ;
#4416 = CARTESIAN_POINT ( 'NONE',  ( 77.81692151384301326, 56.44252476504900073, 10.00000000000000000 ) ) ;
#4417 = CARTESIAN_POINT ( 'NONE',  ( 17.89412907291898591, 26.94626106892528128, 4.000000000000000000 ) ) ;
#4418 = DIRECTION ( 'NONE',  ( 0.0001978291858416224519, 0.9999999804318063790, 0.000000000000000000 ) ) ;
#4419 = LINE ( 'NONE', #4857, #5374 ) ;
#4420 = VECTOR ( 'NONE', #3581, 1000.000000000000000 ) ;
#4421 = ORIENTED_EDGE ( 'NONE', *, *, #3770, .F. ) ;
#4422 = EDGE_CURVE ( 'NONE', #1048, #5609, #56, .T. ) ;
#4423 = VERTEX_POINT ( 'NONE', #2069 ) ;
#4424 = CIRCLE ( 'NONE', #2985, 1.250000000000000222 ) ;
#4425 = PLANE ( 'NONE',  #1074 ) ;
#4426 = CARTESIAN_POINT ( 'NONE',  ( 5.873484235277215859, 45.25038475940726101, 6.000000000000000000 ) ) ;
#4427 = LINE ( 'NONE', #5284, #2056 ) ;
#4428 = DIRECTION ( 'NONE',  ( -0.000000000000000000, -0.000000000000000000, 1.000000000000000000 ) ) ;
#4429 = ORIENTED_EDGE ( 'NONE', *, *, #582, .F. ) ;
#4430 = EDGE_CURVE ( 'NONE', #3837, #4971, #3095, .T. ) ;
#4431 = EDGE_CURVE ( 'NONE', #5094, #1284, #5970, .T. ) ;
#4432 = CARTESIAN_POINT ( 'NONE',  ( 36.63180065388673512, 43.69286487643512373, -6.830045703262805468 ) ) ;
#4433 = ORIENTED_EDGE ( 'NONE', *, *, #1287, .T. ) ;
#4434 = CARTESIAN_POINT ( 'NONE',  ( 76.16692151384303600, 8.415085090169998949, 0.000000000000000000 ) ) ;
#4435 = DIRECTION ( 'NONE',  ( -0.000000000000000000, -0.000000000000000000, -1.000000000000000000 ) ) ;
#4436 = DIRECTION ( 'NONE',  ( -0.7071067811865536790, 0.000000000000000000, 0.7071067811865413555 ) ) ;
#4437 = EDGE_CURVE ( 'NONE', #3647, #4239, #4567, .T. ) ;
#4438 = CARTESIAN_POINT ( 'NONE',  ( 41.87413504214914894, 41.87413504214892157, 4.000000000000000000 ) ) ;
#4439 = VERTEX_POINT ( 'NONE', #3551 ) ;
#4440 = EDGE_LOOP ( 'NONE', ( #4201, #778 ) ) ;
#4441 = ORIENTED_EDGE ( 'NONE', *, *, #569, .F. ) ;
#4442 = ORIENTED_EDGE ( 'NONE', *, *, #4981, .T. ) ;
#4443 = CARTESIAN_POINT ( 'NONE',  ( 59.17578496594466486, 41.21884720954800940, 4.000000000000000000 ) ) ;
#4444 = LINE ( 'NONE', #3399, #5213 ) ;
#4445 = LINE ( 'NONE', #2553, #2104 ) ;
#4446 = DIRECTION ( 'NONE',  ( -0.000000000000000000, -0.000000000000000000, -1.000000000000000000 ) ) ;
#4447 = EDGE_LOOP ( 'NONE', ( #717, #5885, #3775, #1901 ) ) ;
#4448 = ORIENTED_EDGE ( 'NONE', *, *, #2399, .T. ) ;
#4449 = VECTOR ( 'NONE', #1661, 1000.000000000000000 ) ;
#4450 = CARTESIAN_POINT ( 'NONE',  ( 5.471324698771764083, 33.93421759231526380, 4.000000000000000000 ) ) ;
#4451 = CIRCLE ( 'NONE', #5255, 1.650000000000012568 ) ;
#4452 = DIRECTION ( 'NONE',  ( 1.000000000000000000, -0.000000000000000000, 0.000000000000000000 ) ) ;
#4453 = AXIS2_PLACEMENT_3D ( 'NONE', #3147, #225, #763 ) ;
#4454 = VECTOR ( 'NONE', #654, 1000.000000000000114 ) ;
#4455 = SURFACE_SIDE_STYLE ('',( #3563 ) ) ;
#4456 = VECTOR ( 'NONE', #5704, 1000.000000000000000 ) ;
#4457 = LINE ( 'NONE', #996, #5665 ) ;
#4458 = VECTOR ( 'NONE', #1453, 1000.000000000000114 ) ;
#4459 = ORIENTED_EDGE ( 'NONE', *, *, #861, .T. ) ;
#4460 = VECTOR ( 'NONE', #6279, 1000.000000000000114 ) ;
#4461 = LINE ( 'NONE', #5956, #3174 ) ;
#4462 = EDGE_LOOP ( 'NONE', ( #5154, #2561, #535, #203 ) ) ;
#4463 = LINE ( 'NONE', #3418, #1638 ) ;
#4464 = ADVANCED_FACE ( 'NONE', ( #4946 ), #3518, .F. ) ;
#4465 = LINE ( 'NONE', #3086, #50 ) ;
#4466 = DIRECTION ( 'NONE',  ( 1.000000000000000000, 0.000000000000000000, 0.000000000000000000 ) ) ;
#4467 = ORIENTED_EDGE ( 'NONE', *, *, #5241, .F. ) ;
#4468 = LINE ( 'NONE', #1125, #1380 ) ;
#4469 = ORIENTED_EDGE ( 'NONE', *, *, #382, .F. ) ;
#4470 = EDGE_CURVE ( 'NONE', #4114, #1147, #1580, .T. ) ;
#4471 = EDGE_CURVE ( 'NONE', #2741, #2411, #5012, .T. ) ;
#4472 = ORIENTED_EDGE ( 'NONE', *, *, #3606, .F. ) ;
#4473 = ORIENTED_EDGE ( 'NONE', *, *, #2280, .T. ) ;
#4474 = PLANE ( 'NONE',  #1714 ) ;
#4475 = DIRECTION ( 'NONE',  ( -9.324293839476711010E-05, -0.9999999956528771161, 0.000000000000000000 ) ) ;
#4476 = EDGE_CURVE ( 'NONE', #4832, #6130, #1644, .T. ) ;
#4477 = LINE ( 'NONE', #1613, #6190 ) ;
#4478 = LINE ( 'NONE', #2584, #1375 ) ;
#4479 = VERTEX_POINT ( 'NONE', #4918 ) ;
#4480 = AXIS2_PLACEMENT_3D ( 'NONE', #1539, #3865, #577 ) ;
#4481 = ORIENTED_EDGE ( 'NONE', *, *, #4229, .T. ) ;
#4482 = LINE ( 'NONE', #594, #1435 ) ;
#4483 = ORIENTED_EDGE ( 'NONE', *, *, #829, .T. ) ;
#4484 = CARTESIAN_POINT ( 'NONE',  ( 79.97474980950003953, 6.992565577373023977, 0.3999999999999837019 ) ) ;
#4485 = CARTESIAN_POINT ( 'NONE',  ( 79.97474980950003953, 10.50829548434902350, 9.600000000000015632 ) ) ;
#4486 = AXIS2_PLACEMENT_3D ( 'NONE', #4031, #728, #2691 ) ;
#4487 = VECTOR ( 'NONE', #3366, 1000.000000000000114 ) ;
#4488 = DIRECTION ( 'NONE',  ( -0.7071067811865474617, 0.7071067811865474617, -0.000000000000000000 ) ) ;
#4489 = PLANE ( 'NONE',  #5972 ) ;
#4490 = FACE_OUTER_BOUND ( 'NONE', #592, .T. ) ;
#4491 = ORIENTED_EDGE ( 'NONE', *, *, #506, .F. ) ;
#4492 = PLANE ( 'NONE',  #4001 ) ;
#4493 = CARTESIAN_POINT ( 'NONE',  ( 11.61402484566509230, 1.462542879194632743E-15, 10.00000000000000000 ) ) ;
#4494 = DIRECTION ( 'NONE',  ( 0.7071067811865352493, 0.000000000000000000, -0.7071067811865597852 ) ) ;
#4495 = EDGE_LOOP ( 'NONE', ( #2649, #3587, #1263, #1093 ) ) ;
#4496 = DIRECTION ( 'NONE',  ( -1.000000000000000000, 0.000000000000000000, 0.000000000000000000 ) ) ;
#4497 = VECTOR ( 'NONE', #5769, 1000.000000000000000 ) ;
#4498 = VERTEX_POINT ( 'NONE', #2526 ) ;
#4499 = ORIENTED_EDGE ( 'NONE', *, *, #1414, .F. ) ;
#4500 = ORIENTED_EDGE ( 'NONE', *, *, #826, .T. ) ;
#4501 = DIRECTION ( 'NONE',  ( -0.000000000000000000, -0.000000000000000000, -1.000000000000000000 ) ) ;
#4502 = FACE_OUTER_BOUND ( 'NONE', #428, .T. ) ;
#4503 = DIRECTION ( 'NONE',  ( -0.7071067811865474617, 0.7071067811865474617, 0.000000000000000000 ) ) ;
#4504 = CARTESIAN_POINT ( 'NONE',  ( 10.84833942071582236, 5.400000000000020783, 10.00000000000000000 ) ) ;
#4505 = ADVANCED_FACE ( 'NONE', ( #589 ), #4020, .F. ) ;
#4506 = EDGE_CURVE ( 'NONE', #4976, #3485, #4477, .T. ) ;
#4507 = ORIENTED_EDGE ( 'NONE', *, *, #4259, .F. ) ;
#4508 = AXIS2_PLACEMENT_3D ( 'NONE', #4670, #5976, #5497 ) ;
#4509 = EDGE_CURVE ( 'NONE', #5304, #2891, #4445, .T. ) ;
#4510 = EDGE_LOOP ( 'NONE', ( #2600, #4145, #2417, #5264 ) ) ;
#4511 = FACE_OUTER_BOUND ( 'NONE', #1189, .T. ) ;
#4512 = EDGE_LOOP ( 'NONE', ( #3514, #2236, #2362, #4347 ) ) ;
#4513 = DIRECTION ( 'NONE',  ( 1.887397745837881465E-14, 1.000000000000000000, 0.000000000000000000 ) ) ;
#4514 = VECTOR ( 'NONE', #574, 1000.000000000000000 ) ;
#4515 = PLANE ( 'NONE',  #5592 ) ;
#4516 = EDGE_CURVE ( 'NONE', #3742, #2696, #3582, .T. ) ;
#4517 = AXIS2_PLACEMENT_3D ( 'NONE', #4297, #482, #1469 ) ;
#4518 = DIRECTION ( 'NONE',  ( -0.7071067785082127966, 8.703725664662863206E-05, -0.7071067785082061352 ) ) ;
#4519 = PLANE ( 'NONE',  #220 ) ;
#4520 = DIRECTION ( 'NONE',  ( 1.887397745837881465E-14, 1.000000000000000000, 0.000000000000000000 ) ) ;
#4521 = DIRECTION ( 'NONE',  ( -0.7071067811865412445, 8.659560562354855205E-17, 0.7071067811865537900 ) ) ;
#4522 = VERTEX_POINT ( 'NONE', #6004 ) ;
#4523 = CARTESIAN_POINT ( 'NONE',  ( 0.000000000000000000, 5.400000000000020783, 10.00000000000000000 ) ) ;
#4524 = DIRECTION ( 'NONE',  ( 0.2811231013194460671, 0.6785730786120487412, -0.6786076767083487615 ) ) ;
#4525 = LINE ( 'NONE', #4559, #3264 ) ;
#4526 = ORIENTED_EDGE ( 'NONE', *, *, #843, .T. ) ;
#4527 = EDGE_CURVE ( 'NONE', #5653, #1348, #5909, .T. ) ;
#4528 = DIRECTION ( 'NONE',  ( -0.7071067811865471286, 1.317229440172748952E-14, 0.7071067811865479058 ) ) ;
#4529 = ORIENTED_EDGE ( 'NONE', *, *, #2982, .T. ) ;
#4530 = VERTEX_POINT ( 'NONE', #3488 ) ;
#4531 = CARTESIAN_POINT ( 'NONE',  ( 1.003978785887913501E-13, 28.93771831048124454, 4.000000000000000000 ) ) ;
#4532 = CARTESIAN_POINT ( 'NONE',  ( 11.67132469877178025, 49.93421759231525670, 5.599999999999988987 ) ) ;
#4533 = DIRECTION ( 'NONE',  ( 0.000000000000000000, 1.000000000000000000, 0.000000000000000000 ) ) ;
#4534 = CARTESIAN_POINT ( 'NONE',  ( 12.01402484566508733, 10.59981128563069674, 4.000000000000000000 ) ) ;
#4535 = ORIENTED_EDGE ( 'NONE', *, *, #3384, .T. ) ;
#4536 = EDGE_LOOP ( 'NONE', ( #4299, #5821, #4875, #4275 ) ) ;
#4537 = ADVANCED_FACE ( 'NONE', ( #6164 ), #1196, .T. ) ;
#4538 = CARTESIAN_POINT ( 'NONE',  ( 7.238803657608053221, 8.415085090169998949, 10.00000000000000000 ) ) ;
#4539 = VERTEX_POINT ( 'NONE', #715 ) ;
#4540 = LINE ( 'NONE', #5468, #3339 ) ;
#4541 = LINE ( 'NONE', #4573, #3363 ) ;
#4542 = EDGE_CURVE ( 'NONE', #4423, #1288, #3677, .T. ) ;
#4543 = VECTOR ( 'NONE', #3572, 1000.000000000000114 ) ;
#4544 = CARTESIAN_POINT ( 'NONE',  ( 77.81649880717779411, 5.400000000000005684, 0.000000000000000000 ) ) ;
#4545 = VECTOR ( 'NONE', #1384, 1000.000000000000000 ) ;
#4546 = ADVANCED_FACE ( 'NONE', ( #1293 ), #3231, .T. ) ;
#4547 = CARTESIAN_POINT ( 'NONE',  ( 11.67132469877178025, 49.93421759231525670, 6.000000000000000000 ) ) ;
#4548 = LINE ( 'NONE', #1145, #2273 ) ;
#4549 = DIRECTION ( 'NONE',  ( -1.000000000000000000, 0.000000000000000000, 0.000000000000000000 ) ) ;
#4550 = EDGE_CURVE ( 'NONE', #1383, #4056, #809, .T. ) ;
#4551 = VECTOR ( 'NONE', #5823, 1000.000000000000114 ) ;
#4552 = VECTOR ( 'NONE', #5529, 1000.000000000000000 ) ;
#4553 = VECTOR ( 'NONE', #4654, 1000.000000000000114 ) ;
#4554 = DIRECTION ( 'NONE',  ( 0.4871700422915173911, -0.8733071337700621939, 0.000000000000000000 ) ) ;
#4555 = VECTOR ( 'NONE', #3164, 1000.000000000000000 ) ;
#4556 = EDGE_LOOP ( 'NONE', ( #1177, #5376, #2812, #6252 ) ) ;
#4557 = CARTESIAN_POINT ( 'NONE',  ( 0.000000000000000000, 5.400000000000007461, 0.000000000000000000 ) ) ;
#4558 = LINE ( 'NONE', #5390, #4543 ) ;
#4559 = CARTESIAN_POINT ( 'NONE',  ( 18.61060500309818977, 0.000000000000000000, 4.000000000000000000 ) ) ;
#4560 = ORIENTED_EDGE ( 'NONE', *, *, #3606, .T. ) ;
#4561 = DIRECTION ( 'NONE',  ( 0.000000000000000000, 0.000000000000000000, -1.000000000000000000 ) ) ;
#4562 = ADVANCED_FACE ( 'NONE', ( #304 ), #1484, .F. ) ;
#4563 = ORIENTED_EDGE ( 'NONE', *, *, #2119, .T. ) ;
#4564 = EDGE_LOOP ( 'NONE', ( #1315, #3548, #3336, #1357 ) ) ;
#4565 = CARTESIAN_POINT ( 'NONE',  ( 65.74807733323548575, 0.000000000000000000, 5.000000000000000000 ) ) ;
#4566 = DIRECTION ( 'NONE',  ( 0.000000000000000000, -1.000000000000000000, 0.000000000000000000 ) ) ;
#4567 = LINE ( 'NONE', #3064, #5571 ) ;
#4568 = PLANE ( 'NONE',  #4249 ) ;
#4569 = EDGE_LOOP ( 'NONE', ( #1165, #1254, #4359, #6102 ) ) ;
#4570 = CARTESIAN_POINT ( 'NONE',  ( 78.03203064794003296, 52.35311032234201889, 9.600000000000013856 ) ) ;
#4571 = VERTEX_POINT ( 'NONE', #5101 ) ;
#4572 = LINE ( 'NONE', #2532, #3846 ) ;
#4573 = CARTESIAN_POINT ( 'NONE',  ( 59.56965822960263068, 38.07698953501914474, -10.29791853063601259 ) ) ;
#4574 = VECTOR ( 'NONE', #1420, 1000.000000000000114 ) ;
#4575 = LINE ( 'NONE', #221, #379 ) ;
#4576 = EDGE_CURVE ( 'NONE', #5825, #2973, #3261, .T. ) ;
#4577 = VECTOR ( 'NONE', #606, 1000.000000000000114 ) ;
#4578 = DIRECTION ( 'NONE',  ( 0.000000000000000000, 0.000000000000000000, -1.000000000000000000 ) ) ;
#4579 = DIRECTION ( 'NONE',  ( 0.7071067811865460184, -0.7071067811865489050, 0.000000000000000000 ) ) ;
#4580 = CARTESIAN_POINT ( 'NONE',  ( 5.560373526684463386, 52.38058647004448432, 1.156474744078552774 ) ) ;
#4581 = EDGE_CURVE ( 'NONE', #4745, #4522, #5583, .T. ) ;
#4582 = AXIS2_PLACEMENT_3D ( 'NONE', #197, #2156, #2575 ) ;
#4583 = EDGE_CURVE ( 'NONE', #119, #4832, #1803, .T. ) ;
#4584 = LINE ( 'NONE', #5447, #401 ) ;
#4585 = ORIENTED_EDGE ( 'NONE', *, *, #3926, .T. ) ;
#4586 = CARTESIAN_POINT ( 'NONE',  ( 41.42884860408194214, 24.35317541498459804, -10.67514906227531313 ) ) ;
#4587 = DIRECTION ( 'NONE',  ( 1.000000000000000000, 0.000000000000000000, 0.000000000000000000 ) ) ;
#4588 = PLANE ( 'NONE',  #4582 ) ;
#4589 = ORIENTED_EDGE ( 'NONE', *, *, #5631, .F. ) ;
#4590 = CARTESIAN_POINT ( 'NONE',  ( 0.1806726710734743446, 35.45912363470095841, 4.780672671073094904 ) ) ;
#4591 = EDGE_CURVE ( 'NONE', #5749, #1909, #4693, .T. ) ;
#4592 = ORIENTED_EDGE ( 'NONE', *, *, #313, .T. ) ;
#4593 = ORIENTED_EDGE ( 'NONE', *, *, #5951, .F. ) ;
#4594 = DIRECTION ( 'NONE',  ( 1.000000000000000000, 0.000000000000000000, 0.000000000000000000 ) ) ;
#4595 = FACE_OUTER_BOUND ( 'NONE', #4716, .T. ) ;
#4596 = FACE_OUTER_BOUND ( 'NONE', #5300, .T. ) ;
#4597 = DIRECTION ( 'NONE',  ( 0.7071067811865322517, 9.583307142038741232E-14, 0.7071067811865627828 ) ) ;
#4598 = VECTOR ( 'NONE', #4613, 1000.000000000000000 ) ;
#4599 = ORIENTED_EDGE ( 'NONE', *, *, #2238, .F. ) ;
#4600 = ORIENTED_EDGE ( 'NONE', *, *, #4080, .F. ) ;
#4601 = DIRECTION ( 'NONE',  ( -1.000000000000000000, 0.000000000000000000, 0.000000000000000000 ) ) ;
#4602 = LINE ( 'NONE', #3649, #1224 ) ;
#4603 = ORIENTED_EDGE ( 'NONE', *, *, #3774, .F. ) ;
#4604 = CARTESIAN_POINT ( 'NONE',  ( 32.14653210253800353, 28.88980021391638431, 1.959999998568995316 ) ) ;
#4605 = DIRECTION ( 'NONE',  ( 0.6785983445458609875, -0.2810846377148092934, -0.6785983445458374508 ) ) ;
#4606 = CONICAL_SURFACE ( 'NONE', #4199, 1.250000000000001110, 0.7853981633974576049 ) ;
#4607 = CARTESIAN_POINT ( 'NONE',  ( 12.01402484566508733, 10.59981128563069674, 4.000000000000000000 ) ) ;
#4608 = VECTOR ( 'NONE', #1768, 1000.000000000000000 ) ;
#4609 = CARTESIAN_POINT ( 'NONE',  ( 79.97474980950003953, 6.992565577373023977, 10.00099999999999945 ) ) ;
#4610 = DIRECTION ( 'NONE',  ( 0.000000000000000000, -1.000000000000000000, 0.000000000000000000 ) ) ;
#4611 = PLANE ( 'NONE',  #2506 ) ;
#4612 = AXIS2_PLACEMENT_3D ( 'NONE', #2277, #2791, #4610 ) ;
#4613 = DIRECTION ( 'NONE',  ( 0.000000000000000000, 0.7071067811865536790, 0.7071067811865414665 ) ) ;
#4614 = ORIENTED_EDGE ( 'NONE', *, *, #666, .T. ) ;
#4615 = EDGE_CURVE ( 'NONE', #1444, #935, #2728, .T. ) ;
#4616 = VECTOR ( 'NONE', #4328, 999.9999999999998863 ) ;
#4617 = DIRECTION ( 'NONE',  ( 1.000000000000000000, 0.000000000000000000, 0.000000000000000000 ) ) ;
#4618 = LINE ( 'NONE', #5185, #3733 ) ;
#4619 = FACE_OUTER_BOUND ( 'NONE', #2496, .T. ) ;
#4620 = ORIENTED_EDGE ( 'NONE', *, *, #3228, .T. ) ;
#4621 = DIRECTION ( 'NONE',  ( -5.782411586589351722E-16, 1.000000000000000000, 0.000000000000000000 ) ) ;
#4622 = EDGE_CURVE ( 'NONE', #6105, #1949, #6101, .T. ) ;
#4623 = ORIENTED_EDGE ( 'NONE', *, *, #5951, .T. ) ;
#4624 = ORIENTED_EDGE ( 'NONE', *, *, #5797, .F. ) ;
#4625 = ORIENTED_EDGE ( 'NONE', *, *, #1563, .F. ) ;
#4626 = EDGE_CURVE ( 'NONE', #4223, #1808, #2194, .T. ) ;
#4627 = CARTESIAN_POINT ( 'NONE',  ( 36.03180065388673370, 0.000000000000000000, 4.000000000000000000 ) ) ;
#4628 = FACE_OUTER_BOUND ( 'NONE', #4556, .T. ) ;
#4629 = CARTESIAN_POINT ( 'NONE',  ( 0.000000000000000000, 28.88980021391638431, 1.959999998568995316 ) ) ;
#4630 = CARTESIAN_POINT ( 'NONE',  ( 77.41692151384303600, 8.415085090169998949, 9.600000000000019185 ) ) ;
#4631 = EDGE_CURVE ( 'NONE', #1808, #3090, #2747, .T. ) ;
#4632 = ORIENTED_EDGE ( 'NONE', *, *, #3185, .T. ) ;
#4633 = ORIENTED_EDGE ( 'NONE', *, *, #4282, .T. ) ;
#4634 = CARTESIAN_POINT ( 'NONE',  ( 54.61415088855444111, 53.90613964737286068, 5.599999999999983658 ) ) ;
#4635 = DIRECTION ( 'NONE',  ( -1.259290296542222077E-16, 1.000000000000000000, 0.000000000000000000 ) ) ;
#4636 = ORIENTED_EDGE ( 'NONE', *, *, #512, .T. ) ;
#4637 = LINE ( 'NONE', #3717, #1583 ) ;
#4638 = DIRECTION ( 'NONE',  ( 0.7071067811867248754, -0.7071067811863702701, 0.000000000000000000 ) ) ;
#4639 = ORIENTED_EDGE ( 'NONE', *, *, #4068, .T. ) ;
#4640 = DIRECTION ( 'NONE',  ( 0.7071067811865453523, -0.7071067811865497932, 0.000000000000000000 ) ) ;
#4641 = PRODUCT_RELATED_PRODUCT_CATEGORY ( 'part', '', ( #4963 ) ) ;
#4642 = CARTESIAN_POINT ( 'NONE',  ( 75.42984732797567915, 28.93771831048098520, 0.000000000000000000 ) ) ;
#4643 = CARTESIAN_POINT ( 'NONE',  ( 9.991227597598198784, 7.469250987840888811, 12.06925098784079609 ) ) ;
#4644 = CARTESIAN_POINT ( 'NONE',  ( 8.888803657608024267, 56.44252476504900073, 0.4000000000000027978 ) ) ;
#4645 = VECTOR ( 'NONE', #6125, 1000.000000000000000 ) ;
#4646 = CARTESIAN_POINT ( 'NONE',  ( 53.19983289218711064, 53.05778559088966517, 6.000000000000000000 ) ) ;
#4647 = ORIENTED_EDGE ( 'NONE', *, *, #5713, .F. ) ;
#4648 = CARTESIAN_POINT ( 'NONE',  ( 79.97474980950003953, 6.992565577373023977, 9.600000000000015632 ) ) ;
#4649 = VECTOR ( 'NONE', #2849, 1000.000000000000000 ) ;
#4650 = CARTESIAN_POINT ( 'NONE',  ( 36.63180065388673512, 43.69286487643512373, 3.399999999999983036 ) ) ;
#4651 = VECTOR ( 'NONE', #2422, 999.9999999999998863 ) ;
#4652 = PLANE ( 'NONE',  #1926 ) ;
#4653 = ORIENTED_EDGE ( 'NONE', *, *, #2631, .T. ) ;
#4654 = DIRECTION ( 'NONE',  ( -0.7071067811865455743, 0.7071067811865493491, 0.000000000000000000 ) ) ;
#4655 = AXIS2_PLACEMENT_3D ( 'NONE', #2901, #1837, #1481 ) ;
#4656 = VECTOR ( 'NONE', #4224, 1000.000000000000114 ) ;
#4657 = VERTEX_POINT ( 'NONE', #4725 ) ;
#4658 = EDGE_CURVE ( 'NONE', #1876, #1732, #241, .T. ) ;
#4659 = EDGE_LOOP ( 'NONE', ( #215, #2251, #806, #2515 ) ) ;
#4660 = CARTESIAN_POINT ( 'NONE',  ( 41.43180065388673938, 0.000000000000000000, 4.000000000000000000 ) ) ;
#4661 = CARTESIAN_POINT ( 'NONE',  ( 41.42884860408194214, 24.35317541498459804, 9.600000000000013856 ) ) ;
#4662 = CARTESIAN_POINT ( 'NONE',  ( 77.41692151384303600, 8.415085090169998949, 0.3999999999999906408 ) ) ;
#4663 = DIRECTION ( 'NONE',  ( -0.7070197385735585982, 0.7071938130861842309, 0.000000000000000000 ) ) ;
#4664 = EDGE_LOOP ( 'NONE', ( #4620, #1199, #4058, #4720, #172, #5175 ) ) ;
#4665 = EDGE_CURVE ( 'NONE', #3269, #3796, #2166, .T. ) ;
#4666 = EDGE_CURVE ( 'NONE', #5319, #2502, #680, .T. ) ;
#4667 = ORIENTED_EDGE ( 'NONE', *, *, #514, .T. ) ;
#4668 = ADVANCED_FACE ( 'NONE', ( #4215 ), #3242, .F. ) ;
#4669 = CARTESIAN_POINT ( 'NONE',  ( 12.01402484566508733, 19.96343870725182512, 0.3999999999999837019 ) ) ;
#4670 = CARTESIAN_POINT ( 'NONE',  ( -13.94860373429713185, 13.94860373429714784, 10.00000000000000000 ) ) ;
#4671 = VERTEX_POINT ( 'NONE', #6195 ) ;
#4672 = DIRECTION ( 'NONE',  ( -0.6785983445458756425, 0.2810846377147389052, -0.6785983445458521057 ) ) ;
#4673 = CARTESIAN_POINT ( 'NONE',  ( 25.52610449534172687, 52.77490806565516834, 4.400000000000011902 ) ) ;
#4674 = CARTESIAN_POINT ( 'NONE',  ( 40.83180065388673796, 38.69286487643512373, -6.830045703262805468 ) ) ;
#4675 = LINE ( 'NONE', #1719, #5660 ) ;
#4676 = DIRECTION ( 'NONE',  ( -0.000000000000000000, -0.000000000000000000, -1.000000000000000000 ) ) ;
#4677 = DIRECTION ( 'NONE',  ( 1.000000000000000000, 0.000000000000000000, 0.000000000000000000 ) ) ;
#4678 = CIRCLE ( 'NONE', #5289, 1.649999999999971045 ) ;
#4679 = CARTESIAN_POINT ( 'NONE',  ( 54.61415088855444111, 53.90613964737286068, 6.000000000000000000 ) ) ;
#4680 = ORIENTED_EDGE ( 'NONE', *, *, #3158, .F. ) ;
#4681 = CARTESIAN_POINT ( 'NONE',  ( 79.97474980950003953, 54.29582948390102359, 0.3999999999999837019 ) ) ;
#4682 = DIRECTION ( 'NONE',  ( 0.7071067811865490160, 0.7071067811865461294, -0.000000000000000000 ) ) ;
#4683 = DIRECTION ( 'NONE',  ( -0.7071067811865541231, 8.659560562355014209E-17, 0.7071067811865409114 ) ) ;
#4684 = ORIENTED_EDGE ( 'NONE', *, *, #3345, .F. ) ;
#4685 = AXIS2_PLACEMENT_3D ( 'NONE', #342, #4261, #1815 ) ;
#4686 = DIRECTION ( 'NONE',  ( -0.6785983445458542151, 0.2810846377148303876, -0.6785983445458356744 ) ) ;
#4687 = ORIENTED_EDGE ( 'NONE', *, *, #2675, .T. ) ;
#4688 = VECTOR ( 'NONE', #4501, 1000.000000000000000 ) ;
#4689 = ORIENTED_EDGE ( 'NONE', *, *, #3308, .F. ) ;
#4690 = ORIENTED_EDGE ( 'NONE', *, *, #2278, .T. ) ;
#4691 = DIRECTION ( 'NONE',  ( 0.000000000000000000, 1.000000000000000000, 0.000000000000000000 ) ) ;
#4692 = CARTESIAN_POINT ( 'NONE',  ( 54.61482092964090640, 59.34967741935614782, 5.599999999999988987 ) ) ;
#4693 = LINE ( 'NONE', #3739, #4366 ) ;
#4694 = ORIENTED_EDGE ( 'NONE', *, *, #2319, .F. ) ;
#4695 = CARTESIAN_POINT ( 'NONE',  ( 77.98218423212628636, 59.97470916941927044, 10.00099999999999945 ) ) ;
#4696 = EDGE_LOOP ( 'NONE', ( #3400, #5127, #2835, #5172 ) ) ;
#4697 = ORIENTED_EDGE ( 'NONE', *, *, #3774, .T. ) ;
#4698 = CARTESIAN_POINT ( 'NONE',  ( 62.49024130048304215, 40.21884720954800940, -3.469446951953614189E-15 ) ) ;
#4699 = CARTESIAN_POINT ( 'NONE',  ( 6.264532150982183190, -0.001239307319358478720, 10.00000000000000000 ) ) ;
#4700 = ORIENTED_EDGE ( 'NONE', *, *, #4029, .T. ) ;
#4701 = LINE ( 'NONE', #2783, #3636 ) ;
#4702 = ADVANCED_FACE ( 'NONE', ( #4596 ), #4119, .T. ) ;
#4703 = EDGE_CURVE ( 'NONE', #495, #3998, #3893, .T. ) ;
#4704 = EDGE_CURVE ( 'NONE', #1462, #2182, #365, .T. ) ;
#4705 = LINE ( 'NONE', #5277, #4174 ) ;
#4706 = CARTESIAN_POINT ( 'NONE',  ( 75.02984732797570189, 13.93771831048098697, 0.3999999999999875877 ) ) ;
#4707 = EDGE_CURVE ( 'NONE', #5422, #4114, #5811, .T. ) ;
#4708 = CARTESIAN_POINT ( 'NONE',  ( 73.71952070086400965, 54.05016659718972960, 0.3999999999999837019 ) ) ;
#4709 = ADVANCED_FACE ( 'NONE', ( #4308 ), #2868, .F. ) ;
#4710 = VECTOR ( 'NONE', #5106, 1000.000000000000000 ) ;
#4711 = CARTESIAN_POINT ( 'NONE',  ( 54.89695878398387663, 53.62326212213837806, 4.000000000000000000 ) ) ;
#4712 = EDGE_LOOP ( 'NONE', ( #1154, #5858, #4639, #1745 ) ) ;
#4713 = CARTESIAN_POINT ( 'NONE',  ( 11.67195935263211659, 55.49966154161459997, 0.000000000000000000 ) ) ;
#4714 = FACE_OUTER_BOUND ( 'NONE', #99, .T. ) ;
#4715 = CARTESIAN_POINT ( 'NONE',  ( 24.39487291362403099, 59.35339717067414256, 5.599999999999988987 ) ) ;
#4716 = EDGE_LOOP ( 'NONE', ( #2130, #566, #632, #6278 ) ) ;
#4717 = VECTOR ( 'NONE', #5539, 1000.000000000000000 ) ;
#4718 = CARTESIAN_POINT ( 'NONE',  ( 8.888803657608024267, 56.44252476504900073, 10.00000000000000000 ) ) ;
#4719 = AXIS2_PLACEMENT_3D ( 'NONE', #4737, #730, #289 ) ;
#4720 = ORIENTED_EDGE ( 'NONE', *, *, #5080, .F. ) ;
#4721 = VERTEX_POINT ( 'NONE', #3800 ) ;
#4722 = CARTESIAN_POINT ( 'NONE',  ( 65.34807733323546586, 40.95871309031685570, 4.000000000000000000 ) ) ;
#4723 = CARTESIAN_POINT ( 'NONE',  ( 0.6300919169291360200, -0.6302470511317115331, 4.000000000000000000 ) ) ;
#4724 = ADVANCED_FACE ( 'NONE', ( #1320 ), #2356, .T. ) ;
#4725 = CARTESIAN_POINT ( 'NONE',  ( 11.27132469877176923, 50.33421759231526948, 4.400000000000011902 ) ) ;
#4726 = DIRECTION ( 'NONE',  ( -0.7071067811865471286, 0.7071067811865479058, 0.000000000000000000 ) ) ;
#4727 = ORIENTED_EDGE ( 'NONE', *, *, #2768, .T. ) ;
#4728 = DIRECTION ( 'NONE',  ( 0.000000000000000000, -0.7071067811865556774, 0.7071067811865393571 ) ) ;
#4729 = DIRECTION ( 'NONE',  ( -0.4999999999998661626, -0.5000000000001169065, 0.7071067811865596742 ) ) ;
#4730 = ORIENTED_EDGE ( 'NONE', *, *, #2675, .F. ) ;
#4731 = CARTESIAN_POINT ( 'NONE',  ( 73.55243468099101278, 6.427490184679265361, 0.000000000000000000 ) ) ;
#4732 = ORIENTED_EDGE ( 'NONE', *, *, #543, .T. ) ;
#4733 = ADVANCED_FACE ( 'NONE', ( #6255 ), #1419, .T. ) ;
#4734 = CARTESIAN_POINT ( 'NONE',  ( 74.91692151384303600, 56.44252476504900073, 9.600000000000019185 ) ) ;
#4735 = ADVANCED_FACE ( 'NONE', ( #3829 ), #3323, .F. ) ;
#4736 = CARTESIAN_POINT ( 'NONE',  ( 24.39487291362402743, 53.90641816659307040, 4.400000000000011902 ) ) ;
#4737 = CARTESIAN_POINT ( 'NONE',  ( 69.83157658086554420, 23.35317541498460869, 9.600000000000015632 ) ) ;
#4738 = EDGE_CURVE ( 'NONE', #248, #2852, #2838, .T. ) ;
#4739 = DIRECTION ( 'NONE',  ( 0.000000000000000000, -1.000000000000000000, 0.000000000000000000 ) ) ;
#4740 = EDGE_CURVE ( 'NONE', #13, #5851, #5843, .T. ) ;
#4741 = ORIENTED_EDGE ( 'NONE', *, *, #1007, .T. ) ;
#4742 = LINE ( 'NONE', #5248, #419 ) ;
#4743 = CARTESIAN_POINT ( 'NONE',  ( 0.000000000000000000, 34.88980021391638076, 1.959999998568995316 ) ) ;
#4744 = LINE ( 'NONE', #5218, #2022 ) ;
#4745 = VERTEX_POINT ( 'NONE', #3293 ) ;
#4746 = LINE ( 'NONE', #3859, #1898 ) ;
#4747 = VECTOR ( 'NONE', #4520, 1000.000000000000000 ) ;
#4748 = ORIENTED_EDGE ( 'NONE', *, *, #4228, .F. ) ;
#4749 = VECTOR ( 'NONE', #4815, 1000.000000000000114 ) ;
#4750 = ORIENTED_EDGE ( 'NONE', *, *, #3814, .F. ) ;
#4751 = CARTESIAN_POINT ( 'NONE',  ( 53.64829737169131363, 52.37490806565516266, 4.000000000000000000 ) ) ;
#4752 = LINE ( 'NONE', #4214, #521 ) ;
#4753 = FACE_OUTER_BOUND ( 'NONE', #3585, .T. ) ;
#4754 = FACE_OUTER_BOUND ( 'NONE', #991, .T. ) ;
#4755 = ORIENTED_EDGE ( 'NONE', *, *, #3712, .F. ) ;
#4756 = AXIS2_PLACEMENT_3D ( 'NONE', #4695, #1294, #2265 ) ;
#4757 = AXIS2_PLACEMENT_3D ( 'NONE', #507, #1020, #6305 ) ;
#4758 = EDGE_CURVE ( 'NONE', #5708, #2379, #4376, .T. ) ;
#4759 = ORIENTED_EDGE ( 'NONE', *, *, #6304, .F. ) ;
#4760 = EDGE_LOOP ( 'NONE', ( #485, #3760, #1477, #328 ) ) ;
#4761 = DIRECTION ( 'NONE',  ( 0.7071067811865455743, -0.7071067811865493491, 0.000000000000000000 ) ) ;
#4762 = CARTESIAN_POINT ( 'NONE',  ( 12.07132469877179126, 49.93421759231525670, 4.000000000000000000 ) ) ;
#4763 = VECTOR ( 'NONE', #3022, 1000.000000000000114 ) ;
#4764 = ORIENTED_EDGE ( 'NONE', *, *, #3081, .T. ) ;
#4765 = LINE ( 'NONE', #1361, #3344 ) ;
#4766 = VECTOR ( 'NONE', #334, 1000.000000000000000 ) ;
#4767 = ORIENTED_EDGE ( 'NONE', *, *, #4581, .T. ) ;
#4768 = EDGE_CURVE ( 'NONE', #362, #5094, #1386, .T. ) ;
#4769 = DIRECTION ( 'NONE',  ( -1.000000000000000000, 0.000000000000000000, 0.000000000000000000 ) ) ;
#4770 = CARTESIAN_POINT ( 'NONE',  ( 41.37385472200788428, 41.37385472200788428, 10.00000000000000000 ) ) ;
#4771 = DIRECTION ( 'NONE',  ( 0.000000000000000000, 0.000000000000000000, 1.000000000000000000 ) ) ;
#4772 = EDGE_CURVE ( 'NONE', #4976, #4423, #2520, .T. ) ;
#4773 = CARTESIAN_POINT ( 'NONE',  ( 32.14653210253800353, 28.88980021391638431, 2.109999999999990550 ) ) ;
#4774 = ORIENTED_EDGE ( 'NONE', *, *, #2113, .F. ) ;
#4775 = FACE_OUTER_BOUND ( 'NONE', #2255, .T. ) ;
#4776 = LINE ( 'NONE', #3280, #1279 ) ;
#4777 = ORIENTED_EDGE ( 'NONE', *, *, #4422, .F. ) ;
#4778 = EDGE_CURVE ( 'NONE', #621, #3700, #5259, .T. ) ;
#4779 = ADVANCED_FACE ( 'NONE', ( #945 ), #4846, .T. ) ;
#4780 =( NAMED_UNIT ( * ) PLANE_ANGLE_UNIT ( ) SI_UNIT ( $, .RADIAN. ) );
#4781 = ORIENTED_EDGE ( 'NONE', *, *, #1024, .T. ) ;
#4782 = VECTOR ( 'NONE', #1867, 999.9999999999998863 ) ;
#4783 = ADVANCED_FACE ( 'NONE', ( #3771 ), #6321, .F. ) ;
#4784 = PLANE ( 'NONE',  #2143 ) ;
#4785 = ORIENTED_EDGE ( 'NONE', *, *, #843, .F. ) ;
#4786 = DIRECTION ( 'NONE',  ( 0.000000000000000000, 0.000000000000000000, 1.000000000000000000 ) ) ;
#4787 = CARTESIAN_POINT ( 'NONE',  ( 45.06620478199098301, 44.94473536320230522, 0.000000000000000000 ) ) ;
#4788 = VECTOR ( 'NONE', #1592, 1000.000000000000114 ) ;
#4789 = CARTESIAN_POINT ( 'NONE',  ( 60.17578496594466486, 32.42898426308398996, -3.469446951953614189E-15 ) ) ;
#4790 = CARTESIAN_POINT ( 'NONE',  ( 76.16692151384303600, 56.44252476504900073, 9.600000000000019185 ) ) ;
#4791 = ORIENTED_EDGE ( 'NONE', *, *, #6208, .T. ) ;
#4792 = CARTESIAN_POINT ( 'NONE',  ( 79.97474980949952794, 57.98214359204602175, 9.600000000000015632 ) ) ;
#4793 = VERTEX_POINT ( 'NONE', #2805 ) ;
#4794 = ORIENTED_EDGE ( 'NONE', *, *, #3182, .F. ) ;
#4795 = DIRECTION ( 'NONE',  ( 1.000000000000000000, 0.000000000000000000, 0.000000000000000000 ) ) ;
#4796 = CARTESIAN_POINT ( 'NONE',  ( 6.992565577373027530, 59.97470916941908570, 9.600000000000015632 ) ) ;
#4797 = ORIENTED_EDGE ( 'NONE', *, *, #2749, .F. ) ;
#4798 = CARTESIAN_POINT ( 'NONE',  ( 74.51692151384305873, 8.415085090169998949, 10.00000000000000000 ) ) ;
#4799 = DIRECTION ( 'NONE',  ( 1.000000000000000000, 0.000000000000000000, 0.000000000000000000 ) ) ;
#4800 = ORIENTED_EDGE ( 'NONE', *, *, #1800, .T. ) ;
#4801 = CARTESIAN_POINT ( 'NONE',  ( 40.42884860408195635, 23.35317541498460869, 10.00099999999999945 ) ) ;
#4802 = LINE ( 'NONE', #5759, #6292 ) ;
#4803 = CARTESIAN_POINT ( 'NONE',  ( 8.888803657608024267, 8.415085090169998949, 9.600000000000022737 ) ) ;
#4804 = VECTOR ( 'NONE', #3473, 1000.000000000000227 ) ;
#4805 = VECTOR ( 'NONE', #1278, 1000.000000000000000 ) ;
#4806 = DIRECTION ( 'NONE',  ( -0.000000000000000000, -0.000000000000000000, -1.000000000000000000 ) ) ;
#4807 = VERTEX_POINT ( 'NONE', #2326 ) ;
#4808 = LINE ( 'NONE', #3350, #5335 ) ;
#4809 = FACE_OUTER_BOUND ( 'NONE', #5640, .T. ) ;
#4810 = ORIENTED_EDGE ( 'NONE', *, *, #1412, .T. ) ;
#4811 = ADVANCED_FACE ( 'NONE', ( #4753 ), #2028, .F. ) ;
#4812 = DIRECTION ( 'NONE',  ( -0.7071067811865474617, -0.7071067811865474617, -0.000000000000000000 ) ) ;
#4813 = VERTEX_POINT ( 'NONE', #3018 ) ;
#4814 = VECTOR ( 'NONE', #5196, 1000.000000000000000 ) ;
#4815 = DIRECTION ( 'NONE',  ( -0.7071067758298723582, 8.703725631695365117E-05, 0.7071067811865465735 ) ) ;
#4816 = DIRECTION ( 'NONE',  ( -0.000000000000000000, -0.000000000000000000, 1.000000000000000000 ) ) ;
#4817 = ADVANCED_FACE ( 'NONE', ( #2484 ), #3628, .F. ) ;
#4818 = DIRECTION ( 'NONE',  ( 0.7071067781126636476, -6.593271403669896766E-05, 0.7071067811865514585 ) ) ;
#4819 = DIRECTION ( 'NONE',  ( 0.000000000000000000, 0.000000000000000000, 1.000000000000000000 ) ) ;
#4820 = LINE ( 'NONE', #915, #1178 ) ;
#4821 = EDGE_LOOP ( 'NONE', ( #5104, #2834 ) ) ;
#4822 = VECTOR ( 'NONE', #963, 1000.000000000000000 ) ;
#4823 = EDGE_CURVE ( 'NONE', #2690, #4522, #4465, .T. ) ;
#4824 = ORIENTED_EDGE ( 'NONE', *, *, #2153, .T. ) ;
#4825 = VERTEX_POINT ( 'NONE', #101 ) ;
#4826 = CARTESIAN_POINT ( 'NONE',  ( 11.47132469877177385, 50.13421759231525954, 5.599999999999988987 ) ) ;
#4827 = DIRECTION ( 'NONE',  ( 0.000000000000000000, 0.000000000000000000, 1.000000000000000000 ) ) ;
#4828 = ORIENTED_EDGE ( 'NONE', *, *, #903, .T. ) ;
#4829 = CARTESIAN_POINT ( 'NONE',  ( 79.57474980950000543, 54.46151490885029745, 0.000000000000000000 ) ) ;
#4830 = CARTESIAN_POINT ( 'NONE',  ( 5.400000000000913403, 54.18234984291817824, 0.000000000000000000 ) ) ;
#4831 = EDGE_LOOP ( 'NONE', ( #1535, #6127, #924, #722 ) ) ;
#4832 = VERTEX_POINT ( 'NONE', #5420 ) ;
#4833 = CARTESIAN_POINT ( 'NONE',  ( 62.89024130048304073, 35.63617221234400034, 3.399999999999983036 ) ) ;
#4834 = CARTESIAN_POINT ( 'NONE',  ( 79.97474980950003953, 6.992565577373023977, 0.3999999999999819811 ) ) ;
#4835 = DIRECTION ( 'NONE',  ( -0.7071067811865352493, 0.000000000000000000, 0.7071067811865597852 ) ) ;
#4836 = ORIENTED_EDGE ( 'NONE', *, *, #2785, .F. ) ;
#4837 = CARTESIAN_POINT ( 'NONE',  ( 10.53880365760803706, 56.44252476504900073, 10.00000000000000000 ) ) ;
#4838 = DIRECTION ( 'NONE',  ( -1.000000000000000000, 0.000000000000000000, 0.000000000000000000 ) ) ;
#4839 = ORIENTED_EDGE ( 'NONE', *, *, #4615, .F. ) ;
#4840 = ORIENTED_EDGE ( 'NONE', *, *, #4004, .F. ) ;
#4841 = ORIENTED_EDGE ( 'NONE', *, *, #5965, .T. ) ;
#4842 = PLANE ( 'NONE',  #192 ) ;
#4843 = ORIENTED_EDGE ( 'NONE', *, *, #1925, .F. ) ;
#4844 = LINE ( 'NONE', #3417, #3842 ) ;
#4845 = DIRECTION ( 'NONE',  ( 0.7071938130861842309, 0.7070197385735585982, 0.000000000000000000 ) ) ;
#4846 = PLANE ( 'NONE',  #3027 ) ;
#4847 = LINE ( 'NONE', #3390, #579 ) ;
#4848 = CARTESIAN_POINT ( 'NONE',  ( 40.83180065388673796, 43.69286487643512373, 3.099885383663021798 ) ) ;
#4849 = AXIS2_PLACEMENT_3D ( 'NONE', #3922, #43, #1035 ) ;
#4850 = EDGE_CURVE ( 'NONE', #1349, #872, #4558, .T. ) ;
#4851 = EDGE_LOOP ( 'NONE', ( #5813, #5434, #6294, #4535 ) ) ;
#4852 = ORIENTED_EDGE ( 'NONE', *, *, #3021, .T. ) ;
#4853 = CARTESIAN_POINT ( 'NONE',  ( 7.158251002322330692, 59.57470916941907291, 0.000000000000000000 ) ) ;
#4854 = DIRECTION ( 'NONE',  ( -1.000000000000000000, 0.000000000000000000, 0.000000000000000000 ) ) ;
#4855 = ORIENTED_EDGE ( 'NONE', *, *, #6224, .F. ) ;
#4856 = DIRECTION ( 'NONE',  ( -1.000000000000000000, 0.000000000000000000, 0.000000000000000000 ) ) ;
#4857 = CARTESIAN_POINT ( 'NONE',  ( 0.000000000000000000, 28.88980021391638431, 4.000000000000000000 ) ) ;
#4858 = VECTOR ( 'NONE', #1751, 1000.000000000000227 ) ;
#4859 = VECTOR ( 'NONE', #2590, 1000.000000000000000 ) ;
#4860 = ADVANCED_FACE ( 'NONE', ( #2543 ), #4046, .T. ) ;
#4861 = ADVANCED_FACE ( 'NONE', ( #3982 ), #3450, .F. ) ;
#4862 = ORIENTED_EDGE ( 'NONE', *, *, #6133, .F. ) ;
#4863 = EDGE_CURVE ( 'NONE', #407, #4976, #1479, .T. ) ;
#4864 = AXIS2_PLACEMENT_3D ( 'NONE', #5931, #3054, #1541 ) ;
#4865 = ORIENTED_EDGE ( 'NONE', *, *, #1413, .F. ) ;
#4866 = VECTOR ( 'NONE', #2456, 1000.000000000000000 ) ;
#4867 = CARTESIAN_POINT ( 'NONE',  ( 42.42884860408194214, 27.75317541498460372, 4.000000000000000000 ) ) ;
#4868 = CARTESIAN_POINT ( 'NONE',  ( 16.42811762574859458, 53.24846227906775198, -11.02811762574767940 ) ) ;
#4869 = VECTOR ( 'NONE', #5540, 999.9999999999998863 ) ;
#4870 = DIRECTION ( 'NONE',  ( 0.7061519002946796686, -0.7080603743397965166, 0.000000000000000000 ) ) ;
#4871 = CARTESIAN_POINT ( 'NONE',  ( 18.61060500309818977, 25.51564503327006506, 10.00000000000000000 ) ) ;
#4872 = DIRECTION ( 'NONE',  ( -3.469446951953610639E-15, -1.000000000000000000, 0.000000000000000000 ) ) ;
#4873 = ORIENTED_EDGE ( 'NONE', *, *, #5560, .F. ) ;
#4874 = DIRECTION ( 'NONE',  ( 0.000000000000000000, 0.000000000000000000, 1.000000000000000000 ) ) ;
#4875 = ORIENTED_EDGE ( 'NONE', *, *, #1741, .F. ) ;
#4876 = ORIENTED_EDGE ( 'NONE', *, *, #4542, .T. ) ;
#4877 = DIRECTION ( 'NONE',  ( 0.7071067811867293162, 0.7071067811863657182, 0.000000000000000000 ) ) ;
#4878 = CARTESIAN_POINT ( 'NONE',  ( 10.13880365760802427, 8.415085090169998949, 10.00099999999999945 ) ) ;
#4879 = CARTESIAN_POINT ( 'NONE',  ( 62.89024130048304073, 35.63617221234400034, 3.399999999999983036 ) ) ;
#4880 = CARTESIAN_POINT ( 'NONE',  ( 79.57474980950003385, 0.000000000000000000, 10.00000000000000000 ) ) ;
#4881 = EDGE_LOOP ( 'NONE', ( #5007, #5417, #1766 ) ) ;
#4882 = CARTESIAN_POINT ( 'NONE',  ( 65.34807733323546586, 45.95871309031685570, 4.000000000000000000 ) ) ;
#4883 = VECTOR ( 'NONE', #4771, 1000.000000000000000 ) ;
#4884 = ORIENTED_EDGE ( 'NONE', *, *, #1553, .T. ) ;
#4885 = ORIENTED_EDGE ( 'NONE', *, *, #65, .F. ) ;
#4886 = DIRECTION ( 'NONE',  ( -2.342423510106018633E-15, -1.000000000000000000, 0.000000000000000000 ) ) ;
#4887 = FACE_OUTER_BOUND ( 'NONE', #816, .T. ) ;
#4888 = CARTESIAN_POINT ( 'NONE',  ( 8.888803657608024267, 8.415085090169998949, 10.00000000000000000 ) ) ;
#4889 = FACE_OUTER_BOUND ( 'NONE', #3125, .T. ) ;
#4890 = AXIS2_PLACEMENT_3D ( 'NONE', #3815, #2243, #5758 ) ;
#4891 = ORIENTED_EDGE ( 'NONE', *, *, #3340, .F. ) ;
#4892 = ORIENTED_EDGE ( 'NONE', *, *, #5911, .T. ) ;
#4893 = ADVANCED_FACE ( 'NONE', ( #2989 ), #1997, .T. ) ;
#4894 = CIRCLE ( 'NONE', #5408, 1.649999999999971045 ) ;
#4895 = FACE_OUTER_BOUND ( 'NONE', #6212, .T. ) ;
#4896 = LINE ( 'NONE', #3817, #4322 ) ;
#4897 = EDGE_CURVE ( 'NONE', #562, #965, #5869, .T. ) ;
#4898 = EDGE_CURVE ( 'NONE', #1348, #2502, #3508, .T. ) ;
#4899 = EDGE_CURVE ( 'NONE', #921, #5344, #5000, .T. ) ;
#4900 = DIRECTION ( 'NONE',  ( -1.000000000000000000, 0.000000000000000000, -0.000000000000000000 ) ) ;
#4901 = DIRECTION ( 'NONE',  ( 0.000000000000000000, -1.000000000000000000, 0.000000000000000000 ) ) ;
#4902 = EDGE_LOOP ( 'NONE', ( #6160, #4647, #3092, #4467 ) ) ;
#4903 = VECTOR ( 'NONE', #3721, 1000.000000000000000 ) ;
#4904 = CARTESIAN_POINT ( 'NONE',  ( 0.000000000000000000, 0.000000000000000000, 6.000000000000000000 ) ) ;
#4905 = ORIENTED_EDGE ( 'NONE', *, *, #5238, .T. ) ;
#4906 = LINE ( 'NONE', #2483, #5736 ) ;
#4907 = DIRECTION ( 'NONE',  ( -0.6785983445458430019, -0.2810846377149101571, -0.6785983445458138030 ) ) ;
#4908 = DIRECTION ( 'NONE',  ( -0.5789801531535648804, -0.5741478897626297595, 0.5789094773238676606 ) ) ;
#4909 = AXIS2_PLACEMENT_3D ( 'NONE', #2857, #90, #862 ) ;
#4910 = CARTESIAN_POINT ( 'NONE',  ( 4.999999999999898748, -9.436988729189216106E-14, 4.000000000000000000 ) ) ;
#4911 = ORIENTED_EDGE ( 'NONE', *, *, #3960, .T. ) ;
#4912 = VECTOR ( 'NONE', #6009, 1000.000000000000000 ) ;
#4913 = EDGE_CURVE ( 'NONE', #2619, #6198, #2574, .T. ) ;
#4914 = ORIENTED_EDGE ( 'NONE', *, *, #3804, .F. ) ;
#4915 = ORIENTED_EDGE ( 'NONE', *, *, #3692, .T. ) ;
#4916 = DIRECTION ( 'NONE',  ( 0.6785983445458326768, 0.2810846377148683017, 0.6785983445458415586 ) ) ;
#4917 = CARTESIAN_POINT ( 'NONE',  ( 76.16692151384303600, 56.44252476504900073, 9.600000000000019185 ) ) ;
#4918 = CARTESIAN_POINT ( 'NONE',  ( 6.992565577374029395, 5.000000000000023093, 0.3999999999999837019 ) ) ;
#4919 = LINE ( 'NONE', #2911, #6084 ) ;
#4920 = VECTOR ( 'NONE', #6223, 1000.000000000000114 ) ;
#4921 = ORIENTED_EDGE ( 'NONE', *, *, #693, .T. ) ;
#4922 = ORIENTED_EDGE ( 'NONE', *, *, #5280, .T. ) ;
#4923 = VECTOR ( 'NONE', #1247, 999.9999999999998863 ) ;
#4924 = DIRECTION ( 'NONE',  ( 0.7071067811865475727, 0.000000000000000000, 0.7071067811865475727 ) ) ;
#4925 = DIRECTION ( 'NONE',  ( 0.000000000000000000, -0.7071067811865475727, -0.7071067811865475727 ) ) ;
#4926 = EDGE_CURVE ( 'NONE', #2034, #804, #605, .T. ) ;
#4927 = EDGE_CURVE ( 'NONE', #954, #1246, #70, .T. ) ;
#4928 = CARTESIAN_POINT ( 'NONE',  ( 5.871324698771779538, 34.33421759231527659, 4.400000000000011902 ) ) ;
#4929 = CARTESIAN_POINT ( 'NONE',  ( 15.40376155339789221, 23.35317541498461225, 9.600000000000015632 ) ) ;
#4930 = ORIENTED_EDGE ( 'NONE', *, *, #1148, .T. ) ;
#4931 = EDGE_CURVE ( 'NONE', #3112, #2294, #5896, .T. ) ;
#4932 = EDGE_CURVE ( 'NONE', #4971, #774, #1538, .T. ) ;
#4933 = EDGE_CURVE ( 'NONE', #2467, #3510, #5959, .T. ) ;
#4934 = DIRECTION ( 'NONE',  ( -0.6785983445458511065, 0.2810846377148007447, -0.6785983445458509955 ) ) ;
#4935 = ORIENTED_EDGE ( 'NONE', *, *, #5793, .F. ) ;
#4936 = FACE_OUTER_BOUND ( 'NONE', #1330, .T. ) ;
#4937 = CARTESIAN_POINT ( 'NONE',  ( 4.155466391522481347E-14, 34.73421759231529649, 6.000000000000000000 ) ) ;
#4938 = DIRECTION ( 'NONE',  ( -0.2810846377148096265, 0.6785983445458609875, 0.6785983445458374508 ) ) ;
#4939 = DIRECTION ( 'NONE',  ( 0.000000000000000000, -1.000000000000000000, 0.000000000000000000 ) ) ;
#4940 = ORIENTED_EDGE ( 'NONE', *, *, #2084, .T. ) ;
#4941 = ORIENTED_EDGE ( 'NONE', *, *, #3527, .T. ) ;
#4942 = VERTEX_POINT ( 'NONE', #1091 ) ;
#4943 = EDGE_LOOP ( 'NONE', ( #2576, #62, #2014, #2878 ) ) ;
#4944 = DIRECTION ( 'NONE',  ( 0.7071067811865474617, -0.7071067811865474617, 0.000000000000000000 ) ) ;
#4945 = DIRECTION ( 'NONE',  ( -0.000000000000000000, -0.000000000000000000, -1.000000000000000000 ) ) ;
#4946 = FACE_OUTER_BOUND ( 'NONE', #1738, .T. ) ;
#4947 = LINE ( 'NONE', #1162, #4951 ) ;
#4948 = EDGE_CURVE ( 'NONE', #5851, #2936, #3051, .T. ) ;
#4949 = ORIENTED_EDGE ( 'NONE', *, *, #1090, .F. ) ;
#4950 = ORIENTED_EDGE ( 'NONE', *, *, #3803, .F. ) ;
#4951 = VECTOR ( 'NONE', #3965, 1000.000000000000000 ) ;
#4952 = ORIENTED_EDGE ( 'NONE', *, *, #1805, .T. ) ;
#4953 = CARTESIAN_POINT ( 'NONE',  ( 75.02984732797570189, 13.93771831048098697, 4.000000000000000000 ) ) ;
#4954 = VECTOR ( 'NONE', #3319, 1000.000000000000000 ) ;
#4955 = PLANE ( 'NONE',  #3260 ) ;
#4956 = AXIS2_PLACEMENT_3D ( 'NONE', #5599, #1211, #3181 ) ;
#4957 = VECTOR ( 'NONE', #3005, 1000.000000000000000 ) ;
#4958 = LINE ( 'NONE', #5053, #830 ) ;
#4959 = CIRCLE ( 'NONE', #873, 1.650000000000012568 ) ;
#4960 = CARTESIAN_POINT ( 'NONE',  ( 1.003978785887913501E-13, 28.93771831048124454, 4.000000000000000000 ) ) ;
#4961 = VECTOR ( 'NONE', #2583, 1000.000000000000000 ) ;
#4962 = EDGE_CURVE ( 'NONE', #5917, #3311, #196, .T. ) ;
#4963 = PRODUCT ( '\X2\63a565367aef656370ed\X0\-\X2\5149\X0\-2', '\X2\63a565367aef656370ed\X0\-\X2\5149\X0\-2', '', ( #420 ) ) ;
#4964 = PLANE ( 'NONE',  #5828 ) ;
#4965 = EDGE_LOOP ( 'NONE', ( #4109, #4441, #5975, #4491 ) ) ;
#4966 = ADVANCED_FACE ( 'NONE', ( #3629 ), #6024, .F. ) ;
#4967 = DIRECTION ( 'NONE',  ( -1.000000000000000000, 0.000000000000000000, 0.000000000000000000 ) ) ;
#4968 = EDGE_CURVE ( 'NONE', #4209, #1246, #3526, .T. ) ;
#4969 = DIRECTION ( 'NONE',  ( 8.459549885149580644E-16, 0.7071067811865414665, -0.7071067811865536790 ) ) ;
#4970 = LINE ( 'NONE', #6322, #3040 ) ;
#4971 = VERTEX_POINT ( 'NONE', #2155 ) ;
#4972 = LINE ( 'NONE', #580, #1276 ) ;
#4973 = EDGE_CURVE ( 'NONE', #2329, #4337, #3153, .T. ) ;
#4974 = ORIENTED_EDGE ( 'NONE', *, *, #3841, .F. ) ;
#4975 = ORIENTED_EDGE ( 'NONE', *, *, #3462, .T. ) ;
#4976 = VERTEX_POINT ( 'NONE', #3600 ) ;
#4977 = VERTEX_POINT ( 'NONE', #167 ) ;
#4978 = ADVANCED_FACE ( 'NONE', ( #3250, #1632, #736, #6057, #704 ), #3724, .T. ) ;
#4979 = LINE ( 'NONE', #586, #4688 ) ;
#4980 = LINE ( 'NONE', #5612, #4095 ) ;
#4981 = EDGE_CURVE ( 'NONE', #5609, #1959, #4618, .T. ) ;
#4982 = DIRECTION ( 'NONE',  ( 0.000000000000000000, 0.7071067811865352493, 0.7071067811865597852 ) ) ;
#4983 = FACE_OUTER_BOUND ( 'NONE', #6202, .T. ) ;
#4984 = EDGE_LOOP ( 'NONE', ( #4168, #2861, #4324, #4839 ) ) ;
#4985 = VECTOR ( 'NONE', #93, 1000.000000000000114 ) ;
#4986 = ORIENTED_EDGE ( 'NONE', *, *, #6113, .T. ) ;
#4987 = FACE_OUTER_BOUND ( 'NONE', #5231, .T. ) ;
#4988 = ORIENTED_EDGE ( 'NONE', *, *, #6147, .T. ) ;
#4989 = CARTESIAN_POINT ( 'NONE',  ( 5.000000000000125233, 12.01402484683418415, 4.000000000000000000 ) ) ;
#4990 = CARTESIAN_POINT ( 'NONE',  ( 24.39487291362403099, 59.35339717067414256, 4.400000000000011902 ) ) ;
#4991 = VECTOR ( 'NONE', #854, 1000.000000000000000 ) ;
#4992 = AXIS2_PLACEMENT_3D ( 'NONE', #744, #779, #2132 ) ;
#4993 = CARTESIAN_POINT ( 'NONE',  ( 11.27132469877176923, 50.33421759231526948, 4.400000000000011902 ) ) ;
#4994 = DIRECTION ( 'NONE',  ( -0.6788250666102753073, -0.2799876030882628153, 0.6788250666102753073 ) ) ;
#4995 = DIRECTION ( 'NONE',  ( 0.7071067811865502373, -0.7071067811865449082, 0.000000000000000000 ) ) ;
#4996 = ORIENTED_EDGE ( 'NONE', *, *, #5363, .T. ) ;
#4997 = PLANE ( 'NONE',  #5514 ) ;
#4998 = ORIENTED_EDGE ( 'NONE', *, *, #4303, .F. ) ;
#4999 = FACE_OUTER_BOUND ( 'NONE', #5262, .T. ) ;
#5000 = LINE ( 'NONE', #1004, #966 ) ;
#5001 = DIRECTION ( 'NONE',  ( -6.369488388617202940E-16, 1.000000000000000000, 0.000000000000000000 ) ) ;
#5002 = ORIENTED_EDGE ( 'NONE', *, *, #4615, .T. ) ;
#5003 = DIRECTION ( 'NONE',  ( 0.000000000000000000, -1.000000000000000000, 0.000000000000000000 ) ) ;
#5004 = ORIENTED_EDGE ( 'NONE', *, *, #5875, .T. ) ;
#5005 = VECTOR ( 'NONE', #4336, 1000.000000000000000 ) ;
#5006 = EDGE_CURVE ( 'NONE', #1663, #5893, #230, .T. ) ;
#5007 = ORIENTED_EDGE ( 'NONE', *, *, #3025, .T. ) ;
#5008 = ADVANCED_FACE ( 'NONE', ( #2184 ), #2737, .F. ) ;
#5009 = VERTEX_POINT ( 'NONE', #4650 ) ;
#5010 = LINE ( 'NONE', #5968, #6121 ) ;
#5011 = LINE ( 'NONE', #714, #6240 ) ;
#5012 = LINE ( 'NONE', #1071, #659 ) ;
#5013 = DIRECTION ( 'NONE',  ( -0.5773502691896212902, -0.5773502691896212902, -0.5773502691896346128 ) ) ;
#5014 = ORIENTED_EDGE ( 'NONE', *, *, #3209, .F. ) ;
#5015 = EDGE_CURVE ( 'NONE', #4571, #2162, #5636, .T. ) ;
#5016 = AXIS2_PLACEMENT_3D ( 'NONE', #1490, #5820, #4475 ) ;
#5017 = ORIENTED_EDGE ( 'NONE', *, *, #2850, .F. ) ;
#5018 = DIRECTION ( 'NONE',  ( -0.000000000000000000, -0.000000000000000000, 1.000000000000000000 ) ) ;
#5019 = ORIENTED_EDGE ( 'NONE', *, *, #4113, .T. ) ;
#5020 = LINE ( 'NONE', #1080, #5884 ) ;
#5021 = VECTOR ( 'NONE', #2867, 1000.000000000000000 ) ;
#5022 = CARTESIAN_POINT ( 'NONE',  ( 78.02984732797568768, 28.93771831048097454, 4.000000000000000000 ) ) ;
#5023 = VECTOR ( 'NONE', #2828, 1000.000000000000000 ) ;
#5024 = FACE_OUTER_BOUND ( 'NONE', #3124, .T. ) ;
#5025 = LINE ( 'NONE', #694, #2091 ) ;
#5026 = LINE ( 'NONE', #4099, #2921 ) ;
#5027 = EDGE_CURVE ( 'NONE', #68, #4056, #670, .T. ) ;
#5028 = FACE_OUTER_BOUND ( 'NONE', #1342, .T. ) ;
#5029 = EDGE_LOOP ( 'NONE', ( #5682, #4592, #2297, #2032 ) ) ;
#5030 = DIRECTION ( 'NONE',  ( 1.259290296542222077E-16, -1.000000000000000000, 0.000000000000000000 ) ) ;
#5031 = CARTESIAN_POINT ( 'NONE',  ( 74.91692151384303600, 8.415085090169998949, 10.00099999999999945 ) ) ;
#5032 = DIRECTION ( 'NONE',  ( 0.000000000000000000, 0.000000000000000000, -1.000000000000000000 ) ) ;
#5033 = ORIENTED_EDGE ( 'NONE', *, *, #219, .F. ) ;
#5034 = LINE ( 'NONE', #3544, #4763 ) ;
#5035 = EDGE_LOOP ( 'NONE', ( #2322, #1935, #5634, #585 ) ) ;
#5036 = VERTEX_POINT ( 'NONE', #2220 ) ;
#5037 = DIRECTION ( 'NONE',  ( -0.7071067811865474617, 0.7071067811865474617, 0.000000000000000000 ) ) ;
#5038 = DIRECTION ( 'NONE',  ( -1.000000000000000000, 0.000000000000000000, 0.000000000000000000 ) ) ;
#5039 = DIRECTION ( 'NONE',  ( 0.7049845209112707289, -0.7092226908915888473, 0.000000000000000000 ) ) ;
#5040 = DIRECTION ( 'NONE',  ( 0.7071067811865474617, 0.7071067811865474617, 0.000000000000000000 ) ) ;
#5041 = EDGE_CURVE ( 'NONE', #6275, #3053, #4203, .T. ) ;
#5042 = ORIENTED_EDGE ( 'NONE', *, *, #1964, .T. ) ;
#5043 = CARTESIAN_POINT ( 'NONE',  ( 77.98218423212628636, 59.97470916941927044, 0.3999999999999837019 ) ) ;
#5044 = ORIENTED_EDGE ( 'NONE', *, *, #666, .F. ) ;
#5045 = LINE ( 'NONE', #1555, #1895 ) ;
#5046 = EDGE_CURVE ( 'NONE', #847, #1120, #4136, .T. ) ;
#5047 = CARTESIAN_POINT ( 'NONE',  ( 12.07195935263212938, 55.33397611666537586, 4.000000000000000000 ) ) ;
#5048 = EDGE_CURVE ( 'NONE', #3711, #5833, #5120, .T. ) ;
#5049 = ADVANCED_FACE ( 'NONE', ( #1726 ), #6175, .F. ) ;
#5050 = PLANE ( 'NONE',  #3469 ) ;
#5051 = VECTOR ( 'NONE', #5841, 1000.000000000000114 ) ;
#5052 = DIRECTION ( 'NONE',  ( 0.6785983445458453334, 0.2810846377148287778, -0.6785983445458453334 ) ) ;
#5053 = CARTESIAN_POINT ( 'NONE',  ( 36.63180065388673512, 43.69286487643512373, 3.399999999999983036 ) ) ;
#5054 = CARTESIAN_POINT ( 'NONE',  ( 78.03203064794003296, 52.35311032234201889, 10.00099999999999945 ) ) ;
#5055 = VECTOR ( 'NONE', #2070, 1000.000000000000000 ) ;
#5056 = AXIS2_PLACEMENT_3D ( 'NONE', #754, #5721, #2237 ) ;
#5057 = AXIS2_PLACEMENT_3D ( 'NONE', #5578, #1190, #4621 ) ;
#5058 = LINE ( 'NONE', #2539, #700 ) ;
#5059 = AXIS2_PLACEMENT_3D ( 'NONE', #1227, #3200, #4148 ) ;
#5060 = ORIENTED_EDGE ( 'NONE', *, *, #5463, .T. ) ;
#5061 = PLANE ( 'NONE',  #2778 ) ;
#5062 = DIRECTION ( 'NONE',  ( -1.000000000000000000, 0.000000000000000000, -0.000000000000000000 ) ) ;
#5063 = DIRECTION ( 'NONE',  ( -1.000000000000000000, 0.000000000000000000, 0.000000000000000000 ) ) ;
#5064 = CARTESIAN_POINT ( 'NONE',  ( 11.67132469877178025, 49.93421759231525670, 4.400000000000011902 ) ) ;
#5065 = VERTEX_POINT ( 'NONE', #6156 ) ;
#5066 = ORIENTED_EDGE ( 'NONE', *, *, #1519, .T. ) ;
#5067 = LINE ( 'NONE', #4565, #5913 ) ;
#5068 = CARTESIAN_POINT ( 'NONE',  ( 62.49024130048304215, 35.63617221234400034, -3.469446951953614189E-15 ) ) ;
#5069 = EDGE_CURVE ( 'NONE', #4114, #2271, #3116, .T. ) ;
#5070 = DIRECTION ( 'NONE',  ( -0.000000000000000000, -0.000000000000000000, 1.000000000000000000 ) ) ;
#5071 = CARTESIAN_POINT ( 'NONE',  ( 0.000000000000000000, 45.55871309031684291, 5.000000000000000000 ) ) ;
#5072 = ORIENTED_EDGE ( 'NONE', *, *, #4437, .T. ) ;
#5073 = DIRECTION ( 'NONE',  ( 0.000000000000000000, 0.7071067811865475727, -0.7071067811865475727 ) ) ;
#5074 = DIRECTION ( 'NONE',  ( -0.7071067811865472397, -0.7071067811865479058, 0.000000000000000000 ) ) ;
#5075 = VERTEX_POINT ( 'NONE', #5700 ) ;
#5076 = FACE_OUTER_BOUND ( 'NONE', #4081, .T. ) ;
#5077 = LINE ( 'NONE', #5138, #3660 ) ;
#5078 = VECTOR ( 'NONE', #2499, 1000.000000000000000 ) ;
#5079 = VERTEX_POINT ( 'NONE', #3886 ) ;
#5080 = EDGE_CURVE ( 'NONE', #1202, #2085, #4370, .T. ) ;
#5081 = PLANE ( 'NONE',  #77 ) ;
#5082 = AXIS2_PLACEMENT_3D ( 'NONE', #2544, #4494, #4047 ) ;
#5083 = EDGE_CURVE ( 'NONE', #2173, #5065, #2796, .T. ) ;
#5084 = FACE_OUTER_BOUND ( 'NONE', #5322, .T. ) ;
#5085 = CARTESIAN_POINT ( 'NONE',  ( 38.87076994517433803, 38.86120197355413808, 4.000000000000000000 ) ) ;
#5086 = CARTESIAN_POINT ( 'NONE',  ( 68.68747138587575307, -8.825641106572177819, 14.22564110657218528 ) ) ;
#5087 = AXIS2_PLACEMENT_3D ( 'NONE', #4318, #1874, #4761 ) ;
#5088 = EDGE_CURVE ( 'NONE', #5169, #2371, #3758, .T. ) ;
#5089 = CARTESIAN_POINT ( 'NONE',  ( 79.97474980950003953, 54.29582948390102359, 0.3999999999999767630 ) ) ;
#5090 = ORIENTED_EDGE ( 'NONE', *, *, #5115, .T. ) ;
#5091 = DIRECTION ( 'NONE',  ( -1.000000000000000000, 0.000000000000000000, 0.000000000000000000 ) ) ;
#5092 = CARTESIAN_POINT ( 'NONE',  ( 73.34807733323548007, 45.95871309031685570, 4.000000000000000000 ) ) ;
#5093 = FACE_OUTER_BOUND ( 'NONE', #527, .T. ) ;
#5094 = VERTEX_POINT ( 'NONE', #964 ) ;
#5095 = DIRECTION ( 'NONE',  ( 1.000000000000000000, -1.652117596168386770E-15, 0.000000000000000000 ) ) ;
#5096 = ORIENTED_EDGE ( 'NONE', *, *, #581, .T. ) ;
#5097 = EDGE_LOOP ( 'NONE', ( #2529, #1390, #1675, #2548 ) ) ;
#5098 = EDGE_LOOP ( 'NONE', ( #3003, #1619, #5224, #4333 ) ) ;
#5099 = CARTESIAN_POINT ( 'NONE',  ( 59.17578496594466486, 35.03617221234399182, 4.000000000000000000 ) ) ;
#5100 = LINE ( 'NONE', #3738, #107 ) ;
#5101 = CARTESIAN_POINT ( 'NONE',  ( 53.48264078761654616, 52.77490806565516834, 4.400000000000011902 ) ) ;
#5102 = DIRECTION ( 'NONE',  ( -0.7071067811867248754, 0.7071067811863702701, 0.000000000000000000 ) ) ;
#5103 = ADVANCED_FACE ( 'NONE', ( #3857 ), #353, .T. ) ;
#5104 = ORIENTED_EDGE ( 'NONE', *, *, #4314, .T. ) ;
#5105 = CARTESIAN_POINT ( 'NONE',  ( 73.71952070086389597, -1.726823384434508983E-13, 4.000000000000000000 ) ) ;
#5106 = DIRECTION ( 'NONE',  ( 0.000000000000000000, 1.000000000000000000, 0.000000000000000000 ) ) ;
#5107 = ORIENTED_EDGE ( 'NONE', *, *, #2705, .F. ) ;
#5108 = PLANE ( 'NONE',  #5980 ) ;
#5109 = DIRECTION ( 'NONE',  ( 0.000000000000000000, 0.000000000000000000, 1.000000000000000000 ) ) ;
#5110 = CARTESIAN_POINT ( 'NONE',  ( 24.39487291362403099, 59.35339717067414256, 9.600000000000017408 ) ) ;
#5111 = DIRECTION ( 'NONE',  ( -0.000000000000000000, -0.000000000000000000, -1.000000000000000000 ) ) ;
#5112 = FACE_OUTER_BOUND ( 'NONE', #281, .T. ) ;
#5113 = LINE ( 'NONE', #257, #4858 ) ;
#5114 = AXIS2_PLACEMENT_3D ( 'NONE', #2731, #3690, #6119 ) ;
#5115 = EDGE_CURVE ( 'NONE', #2152, #6198, #4776, .T. ) ;
#5116 = FACE_OUTER_BOUND ( 'NONE', #4831, .T. ) ;
#5117 = ORIENTED_EDGE ( 'NONE', *, *, #1347, .F. ) ;
#5118 = CIRCLE ( 'NONE', #3561, 2.000000000000001776 ) ;
#5119 = DIRECTION ( 'NONE',  ( -0.7071067811865453523, 0.7071067811865497932, 0.000000000000000000 ) ) ;
#5120 = LINE ( 'NONE', #265, #4645 ) ;
#5121 = LINE ( 'NONE', #231, #4577 ) ;
#5122 = ORIENTED_EDGE ( 'NONE', *, *, #2705, .T. ) ;
#5123 = ADVANCED_FACE ( 'NONE', ( #4714 ), #3791, .F. ) ;
#5124 = ADVANCED_FACE ( 'NONE', ( #4298 ), #6277, .F. ) ;
#5125 = LINE ( 'NONE', #2702, #4553 ) ;
#5126 = ADVANCED_FACE ( 'NONE', ( #5217 ), #2315, .F. ) ;
#5127 = ORIENTED_EDGE ( 'NONE', *, *, #1366, .T. ) ;
#5128 = ORIENTED_EDGE ( 'NONE', *, *, #2402, .F. ) ;
#5129 = FACE_OUTER_BOUND ( 'NONE', #3001, .T. ) ;
#5130 = FACE_OUTER_BOUND ( 'NONE', #106, .T. ) ;
#5131 = CARTESIAN_POINT ( 'NONE',  ( 37.03180065388674791, 41.20392684785399950, 2.699885383662996130 ) ) ;
#5132 = DIRECTION ( 'NONE',  ( -0.7071067811865479058, -0.7071067811865471286, 0.000000000000000000 ) ) ;
#5133 = ORIENTED_EDGE ( 'NONE', *, *, #5245, .F. ) ;
#5134 = LINE ( 'NONE', #5687, #5299 ) ;
#5135 = DIRECTION ( 'NONE',  ( 0.000000000000000000, 1.000000000000000000, 0.000000000000000000 ) ) ;
#5136 = ORIENTED_EDGE ( 'NONE', *, *, #3812, .T. ) ;
#5137 = DIRECTION ( 'NONE',  ( -0.4999999999999892308, -0.4999999999999892308, 0.7071067811865627828 ) ) ;
#5138 = CARTESIAN_POINT ( 'NONE',  ( 67.87654337368913104, 12.00380676347506004, 21.69820643581049779 ) ) ;
#5139 = EDGE_LOOP ( 'NONE', ( #3667, #5617, #4344, #3321 ) ) ;
#5140 = VERTEX_POINT ( 'NONE', #417 ) ;
#5141 = DIRECTION ( 'NONE',  ( -1.000000000000000000, 0.000000000000000000, -0.000000000000000000 ) ) ;
#5142 = DIRECTION ( 'NONE',  ( -0.7071067811865453523, 0.7071067811865497932, 0.000000000000000000 ) ) ;
#5143 = PLANE ( 'NONE',  #5114 ) ;
#5144 = DIRECTION ( 'NONE',  ( -0.000000000000000000, -0.000000000000000000, -1.000000000000000000 ) ) ;
#5145 = VECTOR ( 'NONE', #4907, 1000.000000000000000 ) ;
#5146 = VECTOR ( 'NONE', #2244, 1000.000000000000000 ) ;
#5147 = CARTESIAN_POINT ( 'NONE',  ( 30.61060500309817201, -1.770031170424250693E-14, 2.109999999999997211 ) ) ;
#5148 = ORIENTED_EDGE ( 'NONE', *, *, #6219, .T. ) ;
#5149 = DIRECTION ( 'NONE',  ( 0.6787005645107170304, 0.2805906047352047517, 0.6787005645107170304 ) ) ;
#5150 = VECTOR ( 'NONE', #177, 1000.000000000000000 ) ;
#5151 = CARTESIAN_POINT ( 'NONE',  ( 46.94653210253800779, 0.000000000000000000, -17.00997182357270887 ) ) ;
#5152 = AXIS2_PLACEMENT_3D ( 'NONE', #3229, #6253, #3862 ) ;
#5153 = CARTESIAN_POINT ( 'NONE',  ( 0.000000000000000000, 0.000000000000000000, 0.000000000000000000 ) ) ;
#5154 = ORIENTED_EDGE ( 'NONE', *, *, #1485, .F. ) ;
#5155 = CARTESIAN_POINT ( 'NONE',  ( 11.27132469877176568, 34.33421759231526948, 6.000000000000000000 ) ) ;
#5156 = ORIENTED_EDGE ( 'NONE', *, *, #1563, .T. ) ;
#5157 = VECTOR ( 'NONE', #6257, 1000.000000000000000 ) ;
#5158 = VECTOR ( 'NONE', #723, 1000.000000000000000 ) ;
#5159 = ADVANCED_FACE ( 'NONE', ( #6246 ), #834, .T. ) ;
#5160 = EDGE_CURVE ( 'NONE', #5036, #3559, #6182, .T. ) ;
#5161 = EDGE_LOOP ( 'NONE', ( #3100, #4310, #2489, #5706 ) ) ;
#5162 = ORIENTED_EDGE ( 'NONE', *, *, #2792, .T. ) ;
#5163 = CARTESIAN_POINT ( 'NONE',  ( 11.01402484566505890, 5.400000000000020783, 10.00000000000000000 ) ) ;
#5164 = DIRECTION ( 'NONE',  ( 0.000000000000000000, -0.7071067811865597852, 0.7071067811865352493 ) ) ;
#5165 = ADVANCED_FACE ( 'NONE', ( #1857 ), #3821, .T. ) ;
#5166 = DIRECTION ( 'NONE',  ( 0.000000000000000000, 1.000000000000000000, 0.000000000000000000 ) ) ;
#5167 = DIRECTION ( 'NONE',  ( -1.000000000000000000, 0.000000000000000000, 0.000000000000000000 ) ) ;
#5168 = AXIS2_PLACEMENT_3D ( 'NONE', #1769, #2291, #4247 ) ;
#5169 = VERTEX_POINT ( 'NONE', #5285 ) ;
#5170 = ORIENTED_EDGE ( 'NONE', *, *, #3568, .F. ) ;
#5171 = ADVANCED_FACE ( 'NONE', ( #900 ), #5873, .F. ) ;
#5172 = ORIENTED_EDGE ( 'NONE', *, *, #2823, .T. ) ;
#5173 = DIRECTION ( 'NONE',  ( -0.000000000000000000, -0.000000000000000000, -1.000000000000000000 ) ) ;
#5174 = FACE_OUTER_BOUND ( 'NONE', #2708, .T. ) ;
#5175 = ORIENTED_EDGE ( 'NONE', *, *, #3851, .T. ) ;
#5176 = ADVANCED_FACE ( 'NONE', ( #4809 ), #1408, .T. ) ;
#5177 = DIRECTION ( 'NONE',  ( 0.000000000000000000, 1.000000000000000000, 0.000000000000000000 ) ) ;
#5178 = CARTESIAN_POINT ( 'NONE',  ( 18.61060500309818977, 30.68592075184099599, 4.000000000000000000 ) ) ;
#5179 = CARTESIAN_POINT ( 'NONE',  ( 5.875044450089777825, 53.13706121412302252, 9.600000000000015632 ) ) ;
#5180 = LINE ( 'NONE', #4643, #322 ) ;
#5181 = VECTOR ( 'NONE', #2209, 1000.000000000000000 ) ;
#5182 = CARTESIAN_POINT ( 'NONE',  ( 55.42884860408193504, 23.35317541498460159, 9.600000000000015632 ) ) ;
#5183 = ORIENTED_EDGE ( 'NONE', *, *, #2202, .T. ) ;
#5184 = LINE ( 'NONE', #2736, #5941 ) ;
#5185 = CARTESIAN_POINT ( 'NONE',  ( 5.400000000000914291, 0.000000000000000000, -0.000000000000000000 ) ) ;
#5186 = CARTESIAN_POINT ( 'NONE',  ( 74.69708215319565170, 5.282842712474637992, 10.00000000000000000 ) ) ;
#5187 = ORIENTED_EDGE ( 'NONE', *, *, #1558, .F. ) ;
#5188 = VECTOR ( 'NONE', #4769, 1000.000000000000000 ) ;
#5189 = FACE_OUTER_BOUND ( 'NONE', #4016, .T. ) ;
#5190 = VERTEX_POINT ( 'NONE', #6313 ) ;
#5191 = ORIENTED_EDGE ( 'NONE', *, *, #3346, .T. ) ;
#5192 = VECTOR ( 'NONE', #1290, 1000.000000000000000 ) ;
#5193 = ORIENTED_EDGE ( 'NONE', *, *, #5080, .T. ) ;
#5194 = ORIENTED_EDGE ( 'NONE', *, *, #2749, .T. ) ;
#5195 = LINE ( 'NONE', #6035, #5921 ) ;
#5196 = DIRECTION ( 'NONE',  ( -0.000000000000000000, -0.000000000000000000, 1.000000000000000000 ) ) ;
#5197 = CARTESIAN_POINT ( 'NONE',  ( 78.03203064794003296, 52.35311032234201889, 10.00099999999999945 ) ) ;
#5198 = LINE ( 'NONE', #5584, #1169 ) ;
#5199 = EDGE_CURVE ( 'NONE', #1523, #2285, #1930, .T. ) ;
#5200 = ADVANCED_FACE ( 'NONE', ( #3411 ), #1501, .T. ) ;
#5201 = ORIENTED_EDGE ( 'NONE', *, *, #4926, .T. ) ;
#5202 = LINE ( 'NONE', #1264, #1205 ) ;
#5203 = DIRECTION ( 'NONE',  ( -0.000000000000000000, -0.000000000000000000, 1.000000000000000000 ) ) ;
#5204 = ORIENTED_EDGE ( 'NONE', *, *, #3493, .F. ) ;
#5205 = DIRECTION ( 'NONE',  ( 0.000000000000000000, -1.000000000000000000, 0.000000000000000000 ) ) ;
#5206 = EDGE_CURVE ( 'NONE', #204, #2739, #2568, .T. ) ;
#5207 = ADVANCED_FACE ( 'NONE', ( #2476 ), #3564, .T. ) ;
#5208 = ORIENTED_EDGE ( 'NONE', *, *, #1251, .F. ) ;
#5209 = EDGE_CURVE ( 'NONE', #4050, #1572, #1988, .T. ) ;
#5210 = DIRECTION ( 'NONE',  ( 0.5773502691896316152, -0.5773502691896329475, -0.5773502691896128525 ) ) ;
#5211 = CARTESIAN_POINT ( 'NONE',  ( 6.992565577373027530, 59.97470916941908570, 9.600000000000020961 ) ) ;
#5212 = DIRECTION ( 'NONE',  ( -0.7071067811865464625, -0.7071067811865486830, 0.000000000000000000 ) ) ;
#5213 = VECTOR ( 'NONE', #2009, 1000.000000000000114 ) ;
#5214 = CARTESIAN_POINT ( 'NONE',  ( 72.94807733323546017, 41.35871309031686849, 5.000000000000000000 ) ) ;
#5215 = VERTEX_POINT ( 'NONE', #2956 ) ;
#5216 = PLANE ( 'NONE',  #3499 ) ;
#5217 = FACE_OUTER_BOUND ( 'NONE', #2519, .T. ) ;
#5218 = CARTESIAN_POINT ( 'NONE',  ( 77.98218423212628636, 59.97470916941927044, 9.600000000000015632 ) ) ;
#5219 = ORIENTED_EDGE ( 'NONE', *, *, #3141, .T. ) ;
#5220 = AXIS2_PLACEMENT_3D ( 'NONE', #2165, #4117, #6065 ) ;
#5221 = ADVANCED_FACE ( 'NONE', ( #2021 ), #4489, .F. ) ;
#5222 = CARTESIAN_POINT ( 'NONE',  ( 0.000000000000000000, 0.000000000000000000, 0.000000000000000000 ) ) ;
#5223 = VECTOR ( 'NONE', #1624, 1000.000000000000000 ) ;
#5224 = ORIENTED_EDGE ( 'NONE', *, *, #3770, .T. ) ;
#5225 = ORIENTED_EDGE ( 'NONE', *, *, #506, .T. ) ;
#5226 = DIRECTION ( 'NONE',  ( 0.5000000000000015543, 0.4999999999999983902, -0.7071067811865475727 ) ) ;
#5227 = CARTESIAN_POINT ( 'NONE',  ( 84.67575343146937428, 19.29181220698728438, -9.245906103493691575 ) ) ;
#5228 = CARTESIAN_POINT ( 'NONE',  ( 79.97474980949952794, 57.98214359204602175, 0.3999999999999837019 ) ) ;
#5229 = EDGE_CURVE ( 'NONE', #5850, #3090, #541, .T. ) ;
#5230 = DIRECTION ( 'NONE',  ( 0.000000000000000000, 1.000000000000000000, 0.000000000000000000 ) ) ;
#5231 = EDGE_LOOP ( 'NONE', ( #3918, #1728, #5614, #6231 ) ) ;
#5232 = ORIENTED_EDGE ( 'NONE', *, *, #4033, .F. ) ;
#5233 = ORIENTED_EDGE ( 'NONE', *, *, #316, .F. ) ;
#5234 = CARTESIAN_POINT ( 'NONE',  ( 73.71952070086400965, 54.05016659718972960, 0.3999999999999837019 ) ) ;
#5235 = CARTESIAN_POINT ( 'NONE',  ( 74.51692151384305873, 56.44252476504900073, 10.00000000000000000 ) ) ;
#5236 = VERTEX_POINT ( 'NONE', #5414 ) ;
#5237 = CARTESIAN_POINT ( 'NONE',  ( 0.000000000000000000, 0.000000000000000000, 10.00000000000000000 ) ) ;
#5238 = EDGE_CURVE ( 'NONE', #3068, #4408, #3115, .T. ) ;
#5239 = VERTEX_POINT ( 'NONE', #5506 ) ;
#5240 = FACE_OUTER_BOUND ( 'NONE', #1966, .T. ) ;
#5241 = EDGE_CURVE ( 'NONE', #5397, #5358, #3043, .T. ) ;
#5242 = ADVANCED_FACE ( 'NONE', ( #5862 ), #3010, .F. ) ;
#5243 = LINE ( 'NONE', #4163, #2919 ) ;
#5244 = DIRECTION ( 'NONE',  ( 0.0001978291858417310619, 0.9999999804318063790, -0.000000000000000000 ) ) ;
#5245 = EDGE_CURVE ( 'NONE', #5247, #1157, #1531, .T. ) ;
#5246 = FACE_OUTER_BOUND ( 'NONE', #5035, .T. ) ;
#5247 = VERTEX_POINT ( 'NONE', #4929 ) ;
#5248 = CARTESIAN_POINT ( 'NONE',  ( 78.02984732797568768, 28.93771831048097454, 4.000000000000000000 ) ) ;
#5249 = DIRECTION ( 'NONE',  ( -0.000000000000000000, 0.000000000000000000, 1.000000000000000000 ) ) ;
#5250 = LINE ( 'NONE', #2766, #3156 ) ;
#5251 = ORIENTED_EDGE ( 'NONE', *, *, #1057, .F. ) ;
#5252 = DIRECTION ( 'NONE',  ( 0.000000000000000000, -1.000000000000000000, 0.000000000000000000 ) ) ;
#5253 = ORIENTED_EDGE ( 'NONE', *, *, #5410, .F. ) ;
#5254 = VERTEX_POINT ( 'NONE', #3008 ) ;
#5255 = AXIS2_PLACEMENT_3D ( 'NONE', #2051, #2658, #6081 ) ;
#5256 = ORIENTED_EDGE ( 'NONE', *, *, #4352, .F. ) ;
#5257 = DIRECTION ( 'NONE',  ( -0.7071067811865453523, 0.7071067811865497932, 0.000000000000000000 ) ) ;
#5258 = DIRECTION ( 'NONE',  ( -0.7071938130861842309, -0.7070197385735585982, 0.000000000000000000 ) ) ;
#5259 = LINE ( 'NONE', #879, #565 ) ;
#5260 = FACE_OUTER_BOUND ( 'NONE', #2571, .T. ) ;
#5261 = CARTESIAN_POINT ( 'NONE',  ( 5.282842712475584790, 57.69930087957147435, 10.00000000000000000 ) ) ;
#5262 = EDGE_LOOP ( 'NONE', ( #5275, #330, #5702, #2558 ) ) ;
#5263 = VECTOR ( 'NONE', #2116, 1000.000000000000114 ) ;
#5264 = ORIENTED_EDGE ( 'NONE', *, *, #4576, .F. ) ;
#5265 = VECTOR ( 'NONE', #1877, 1000.000000000000000 ) ;
#5266 = ORIENTED_EDGE ( 'NONE', *, *, #260, .T. ) ;
#5267 = ORIENTED_EDGE ( 'NONE', *, *, #2946, .F. ) ;
#5268 = CARTESIAN_POINT ( 'NONE',  ( 24.39487291362403099, 59.35339717067414256, 6.000000000000000000 ) ) ;
#5269 = CARTESIAN_POINT ( 'NONE',  ( 36.63180065388673512, 43.69286487643512373, -6.830045703262805468 ) ) ;
#5270 = VECTOR ( 'NONE', #1908, 1000.000000000000000 ) ;
#5271 = ORIENTED_EDGE ( 'NONE', *, *, #37, .F. ) ;
#5272 = DIRECTION ( 'NONE',  ( 0.8733071337700620829, 0.4871700422915173356, 0.000000000000000000 ) ) ;
#5273 = VECTOR ( 'NONE', #2934, 1000.000000000000000 ) ;
#5274 = CARTESIAN_POINT ( 'NONE',  ( 60.08043668360587475, 59.78988455164225257, 27.55228731297752631 ) ) ;
#5275 = ORIENTED_EDGE ( 'NONE', *, *, #5160, .T. ) ;
#5276 = AXIS2_PLACEMENT_3D ( 'NONE', #3383, #905, #1859 ) ;
#5277 = CARTESIAN_POINT ( 'NONE',  ( 24.39487291362403454, 53.90641816659306329, 6.000000000000000000 ) ) ;
#5278 = LINE ( 'NONE', #4393, #655 ) ;
#5279 = CARTESIAN_POINT ( 'NONE',  ( 79.69190709702542108, 7.275408289847637100, 10.00000000000000000 ) ) ;
#5280 = EDGE_CURVE ( 'NONE', #1032, #5917, #4457, .T. ) ;
#5281 = ADVANCED_FACE ( 'NONE', ( #516 ), #66, .F. ) ;
#5282 = DIRECTION ( 'NONE',  ( -1.000000000000000000, 0.000000000000000000, 0.000000000000000000 ) ) ;
#5283 = ORIENTED_EDGE ( 'NONE', *, *, #2979, .T. ) ;
#5284 = CARTESIAN_POINT ( 'NONE',  ( 0.000000000000000000, 23.35317541498460869, 4.000000000000000000 ) ) ;
#5285 = CARTESIAN_POINT ( 'NONE',  ( 32.14653210253800353, 34.88980021391638076, 1.959999998568995316 ) ) ;
#5286 = EDGE_LOOP ( 'NONE', ( #3349, #3353, #4905, #1666 ) ) ;
#5287 = DIRECTION ( 'NONE',  ( -1.000000000000000000, 0.000000000000000000, 0.000000000000000000 ) ) ;
#5288 = ADVANCED_FACE ( 'NONE', ( #2537 ), #95, .F. ) ;
#5289 = AXIS2_PLACEMENT_3D ( 'NONE', #3468, #1081, #3039 ) ;
#5290 = EDGE_CURVE ( 'NONE', #4390, #452, #2083, .T. ) ;
#5291 = ORIENTED_EDGE ( 'NONE', *, *, #178, .T. ) ;
#5292 = EDGE_LOOP ( 'NONE', ( #3971, #4891, #5428, #390 ) ) ;
#5293 = DIRECTION ( 'NONE',  ( -1.000000000000000000, 0.000000000000000000, 0.000000000000000000 ) ) ;
#5294 = DIRECTION ( 'NONE',  ( 0.000000000000000000, 0.000000000000000000, -1.000000000000000000 ) ) ;
#5295 = VECTOR ( 'NONE', #3725, 1000.000000000000114 ) ;
#5296 = DIRECTION ( 'NONE',  ( 2.342423510106018633E-15, 1.000000000000000000, 0.000000000000000000 ) ) ;
#5297 = DIRECTION ( 'NONE',  ( -1.577021341797097018E-15, -1.000000000000000000, 0.000000000000000000 ) ) ;
#5298 = DIRECTION ( 'NONE',  ( -0.5000000000000028866, -0.5000000000000007772, -0.7071067811865451302 ) ) ;
#5299 = VECTOR ( 'NONE', #2651, 1000.000000000000000 ) ;
#5300 = EDGE_LOOP ( 'NONE', ( #5162, #2013, #649, #1910 ) ) ;
#5301 = VERTEX_POINT ( 'NONE', #1595 ) ;
#5302 = DIRECTION ( 'NONE',  ( 0.7071067811865494601, 0.7071067811865456854, -0.000000000000000000 ) ) ;
#5303 = PLANE ( 'NONE',  #5930 ) ;
#5304 = VERTEX_POINT ( 'NONE', #4399 ) ;
#5305 = CARTESIAN_POINT ( 'NONE',  ( 5.864532158809462103, -0.001160175645021830054, 4.000000000000000000 ) ) ;
#5306 = CARTESIAN_POINT ( 'NONE',  ( -1.793010517040539931, 2.287549152101669314, 4.000000000000000000 ) ) ;
#5307 = ORIENTED_EDGE ( 'NONE', *, *, #5632, .F. ) ;
#5308 = DIRECTION ( 'NONE',  ( -1.000000000000000000, 1.652117596168386770E-15, 0.000000000000000000 ) ) ;
#5309 = CARTESIAN_POINT ( 'NONE',  ( 38.03180065388671238, 40.09286487643509389, 1.699885383662997240 ) ) ;
#5310 = CARTESIAN_POINT ( 'NONE',  ( 16.29412907291898449, 26.94626106892528128, 10.00000000000000000 ) ) ;
#5311 = AXIS2_PLACEMENT_3D ( 'NONE', #163, #1691, #4739 ) ;
#5312 = DIRECTION ( 'NONE',  ( 0.000000000000000000, -0.7071067811865474617, 0.7071067811865474617 ) ) ;
#5313 = EDGE_LOOP ( 'NONE', ( #5517, #3240, #4730, #4680, #1858 ) ) ;
#5314 = DIRECTION ( 'NONE',  ( 0.000000000000000000, 0.000000000000000000, 1.000000000000000000 ) ) ;
#5315 = CARTESIAN_POINT ( 'NONE',  ( 62.89024130048304073, 40.61884720954800088, -7.875958507980477918 ) ) ;
#5316 = ORIENTED_EDGE ( 'NONE', *, *, #4272, .F. ) ;
#5317 = CARTESIAN_POINT ( 'NONE',  ( 78.02831089662203112, 12.45999491999002373, 0.3999999999999854228 ) ) ;
#5318 = EDGE_CURVE ( 'NONE', #1565, #2271, #1958, .T. ) ;
#5319 = VERTEX_POINT ( 'NONE', #5475 ) ;
#5320 = VECTOR ( 'NONE', #1844, 1000.000000000000114 ) ;
#5321 = CARTESIAN_POINT ( 'NONE',  ( 77.98218423212703954, 5.000000000000023093, 10.00099999999999945 ) ) ;
#5322 = EDGE_LOOP ( 'NONE', ( #6191, #5455, #3961, #3713 ) ) ;
#5323 = EDGE_CURVE ( 'NONE', #1048, #68, #4036, .T. ) ;
#5324 = VECTOR ( 'NONE', #239, 1000.000000000000000 ) ;
#5325 = LINE ( 'NONE', #1417, #3436 ) ;
#5326 = CARTESIAN_POINT ( 'NONE',  ( 53.48264078761654616, 52.77490806565516834, 4.400000000000002132 ) ) ;
#5327 = ORIENTED_EDGE ( 'NONE', *, *, #661, .F. ) ;
#5328 = EDGE_CURVE ( 'NONE', #5807, #5925, #3110, .T. ) ;
#5329 = DIRECTION ( 'NONE',  ( 0.000000000000000000, 1.000000000000000000, 0.000000000000000000 ) ) ;
#5330 = DIRECTION ( 'NONE',  ( -0.7071067811865350272, -0.7071067811865600072, 0.000000000000000000 ) ) ;
#5331 = EDGE_LOOP ( 'NONE', ( #1797, #5204, #5219, #4252 ) ) ;
#5332 = CARTESIAN_POINT ( 'NONE',  ( 6.992565577373027530, 59.97470916941908570, 10.00099999999999945 ) ) ;
#5333 = ADVANCED_FACE ( 'NONE', ( #2149 ), #6017, .F. ) ;
#5334 = ORIENTED_EDGE ( 'NONE', *, *, #3440, .F. ) ;
#5335 = VECTOR ( 'NONE', #1500, 1000.000000000000000 ) ;
#5336 = ORIENTED_EDGE ( 'NONE', *, *, #2023, .T. ) ;
#5337 = ORIENTED_EDGE ( 'NONE', *, *, #3308, .T. ) ;
#5338 = FACE_OUTER_BOUND ( 'NONE', #2611, .T. ) ;
#5339 = DIRECTION ( 'NONE',  ( 0.4999999999999960032, -0.4999999999999955036, 0.7071067811865536790 ) ) ;
#5340 = ORIENTED_EDGE ( 'NONE', *, *, #575, .F. ) ;
#5341 = DIRECTION ( 'NONE',  ( -0.7071067811865492381, 0.7071067811865457964, 0.000000000000000000 ) ) ;
#5342 = LINE ( 'NONE', #3875, #4649 ) ;
#5343 = ORIENTED_EDGE ( 'NONE', *, *, #5160, .F. ) ;
#5344 = VERTEX_POINT ( 'NONE', #4197 ) ;
#5345 = DIRECTION ( 'NONE',  ( 0.000000000000000000, 0.7071067811865556774, 0.7071067811865393571 ) ) ;
#5346 = CARTESIAN_POINT ( 'NONE',  ( 56.42884860408193504, 23.35317541498460869, 10.00099999999999945 ) ) ;
#5347 = CARTESIAN_POINT ( 'NONE',  ( -4.898038464946633752, 49.93482975543920332, -0.2980384649471784497 ) ) ;
#5348 = CARTESIAN_POINT ( 'NONE',  ( 75.02984732797570189, 28.93771831048098520, 0.3999999999999837019 ) ) ;
#5349 = DIRECTION ( 'NONE',  ( -0.4999999999998671618, 0.5000000000001242340, 0.7071067811865536790 ) ) ;
#5350 = ORIENTED_EDGE ( 'NONE', *, *, #4238, .F. ) ;
#5351 = ORIENTED_EDGE ( 'NONE', *, *, #3535, .T. ) ;
#5352 = PLANE ( 'NONE',  #3481 ) ;
#5353 = EDGE_LOOP ( 'NONE', ( #1799, #6236, #5187, #3907 ) ) ;
#5354 = CARTESIAN_POINT ( 'NONE',  ( 5.872353311623562888, 39.53371749057045292, 15.20050010174482580 ) ) ;
#5355 = CARTESIAN_POINT ( 'NONE',  ( 5.000000000000530243, 33.46289289354401575, 9.600000000000015632 ) ) ;
#5356 = DIRECTION ( 'NONE',  ( 0.000000000000000000, 1.000000000000000000, 0.000000000000000000 ) ) ;
#5357 = CARTESIAN_POINT ( 'NONE',  ( 39.98996243283495744, 39.98996243283515639, 0.000000000000000000 ) ) ;
#5358 = VERTEX_POINT ( 'NONE', #1656 ) ;
#5359 = CARTESIAN_POINT ( 'NONE',  ( 38.03180065388671949, 40.09286487643510810, 1.999999999999968914 ) ) ;
#5360 = ORIENTED_EDGE ( 'NONE', *, *, #6070, .F. ) ;
#5361 = ORIENTED_EDGE ( 'NONE', *, *, #1363, .T. ) ;
#5362 = EDGE_CURVE ( 'NONE', #5508, #1202, #2598, .T. ) ;
#5363 = EDGE_CURVE ( 'NONE', #6054, #2786, #1626, .T. ) ;
#5364 = VECTOR ( 'NONE', #800, 1000.000000000000000 ) ;
#5365 = CIRCLE ( 'NONE', #5974, 1.250000000000001110 ) ;
#5366 = ORIENTED_EDGE ( 'NONE', *, *, #4003, .T. ) ;
#5367 = EDGE_CURVE ( 'NONE', #1471, #2779, #5026, .T. ) ;
#5368 = ORIENTED_EDGE ( 'NONE', *, *, #4316, .F. ) ;
#5369 = DIRECTION ( 'NONE',  ( -0.000000000000000000, -0.000000000000000000, 1.000000000000000000 ) ) ;
#5370 = FACE_OUTER_BOUND ( 'NONE', #2653, .T. ) ;
#5371 = ORIENTED_EDGE ( 'NONE', *, *, #5323, .T. ) ;
#5372 = CARTESIAN_POINT ( 'NONE',  ( 73.71952070086400965, 59.97470916941927044, 0.3999999999999837019 ) ) ;
#5373 = PLANE ( 'NONE',  #968 ) ;
#5374 = VECTOR ( 'NONE', #3431, 1000.000000000000000 ) ;
#5375 = VECTOR ( 'NONE', #2140, 1000.000000000000000 ) ;
#5376 = ORIENTED_EDGE ( 'NONE', *, *, #2444, .T. ) ;
#5377 = ADVANCED_FACE ( 'NONE', ( #1183 ), #1146, .T. ) ;
#5378 = AXIS2_PLACEMENT_3D ( 'NONE', #74, #2992, #4048 ) ;
#5379 = ORIENTED_EDGE ( 'NONE', *, *, #4294, .T. ) ;
#5380 = VECTOR ( 'NONE', #4418, 1000.000000000000114 ) ;
#5381 = CARTESIAN_POINT ( 'NONE',  ( 73.34807733323548007, 40.95871309031685570, 4.000000000000000000 ) ) ;
#5382 = DIRECTION ( 'NONE',  ( -0.6785983445458632080, 0.2810846377147419584, 0.6785983445458632080 ) ) ;
#5383 = CARTESIAN_POINT ( 'NONE',  ( 8.888803657608024267, 56.44252476504900073, 9.599999999999996092 ) ) ;
#5384 = CARTESIAN_POINT ( 'NONE',  ( 46.94653210253800779, 0.000000000000000000, 4.000000000000000000 ) ) ;
#5385 = ORIENTED_EDGE ( 'NONE', *, *, #348, .F. ) ;
#5386 = ORIENTED_EDGE ( 'NONE', *, *, #5088, .F. ) ;
#5387 = CARTESIAN_POINT ( 'NONE',  ( 65.34807733323546586, 45.95871309031685570, 4.599999999999988987 ) ) ;
#5388 = ORIENTED_EDGE ( 'NONE', *, *, #4850, .T. ) ;
#5389 = CARTESIAN_POINT ( 'NONE',  ( 75.02984732797570189, 0.000000000000000000, 4.000000000000000000 ) ) ;
#5390 = CARTESIAN_POINT ( 'NONE',  ( 55.01482092661072443, 59.34962818364881088, 4.000000000000000000 ) ) ;
#5391 = CARTESIAN_POINT ( 'NONE',  ( 11.67195935263211481, 59.57470916941907291, 0.000000000000000000 ) ) ;
#5392 = EDGE_LOOP ( 'NONE', ( #4037, #2808, #6302, #2345 ) ) ;
#5393 = VECTOR ( 'NONE', #5421, 1000.000000000000114 ) ;
#5394 = CARTESIAN_POINT ( 'NONE',  ( 40.43180065388672517, 39.09286487643512942, 2.699885383662996130 ) ) ;
#5395 = ORIENTED_EDGE ( 'NONE', *, *, #5280, .F. ) ;
#5396 = VECTOR ( 'NONE', #1570, 1000.000000000000000 ) ;
#5397 = VERTEX_POINT ( 'NONE', #4165 ) ;
#5398 = ORIENTED_EDGE ( 'NONE', *, *, #5550, .F. ) ;
#5399 = PLANE ( 'NONE',  #591 ) ;
#5400 = DIRECTION ( 'NONE',  ( 1.000000000000000000, 0.000000000000000000, 0.000000000000000000 ) ) ;
#5401 = DIRECTION ( 'NONE',  ( 0.000000000000000000, -0.7071067811865352493, -0.7071067811865597852 ) ) ;
#5402 = EDGE_CURVE ( 'NONE', #3700, #5778, #2732, .T. ) ;
#5403 = FACE_OUTER_BOUND ( 'NONE', #4881, .T. ) ;
#5404 = AXIS2_PLACEMENT_3D ( 'NONE', #3835, #5302, #2907 ) ;
#5405 = EDGE_CURVE ( 'NONE', #2006, #4745, #630, .T. ) ;
#5406 = EDGE_LOOP ( 'NONE', ( #2267, #5327, #5361, #5267 ) ) ;
#5407 = ORIENTED_EDGE ( 'NONE', *, *, #479, .T. ) ;
#5408 = AXIS2_PLACEMENT_3D ( 'NONE', #5651, #1676, #4601 ) ;
#5409 = LINE ( 'NONE', #2949, #259 ) ;
#5410 = EDGE_CURVE ( 'NONE', #639, #3869, #290, .T. ) ;
#5411 = LINE ( 'NONE', #2978, #1806 ) ;
#5412 = ADVANCED_FACE ( 'NONE', ( #160 ), #4611, .F. ) ;
#5413 = LINE ( 'NONE', #3378, #5630 ) ;
#5414 = CARTESIAN_POINT ( 'NONE',  ( 5.000000000000030198, 6.992565577373023977, 0.3999999999999837019 ) ) ;
#5415 = VECTOR ( 'NONE', #129, 1000.000000000000114 ) ;
#5416 = DIRECTION ( 'NONE',  ( 1.000000000000000000, 0.000000000000000000, 0.000000000000000000 ) ) ;
#5417 = ORIENTED_EDGE ( 'NONE', *, *, #5793, .T. ) ;
#5418 = CARTESIAN_POINT ( 'NONE',  ( 78.03203064794003296, 52.35311032234202600, 4.000000000000000000 ) ) ;
#5419 = ADVANCED_FACE ( 'NONE', ( #2247 ), #2095, .F. ) ;
#5420 = CARTESIAN_POINT ( 'NONE',  ( 37.03180065388674791, 43.29286487643511094, 2.699885383662996130 ) ) ;
#5421 = DIRECTION ( 'NONE',  ( 0.6785983445458531049, -0.2810846377147914188, -0.6785983445458531049 ) ) ;
#5422 = VERTEX_POINT ( 'NONE', #5536 ) ;
#5423 = VECTOR ( 'NONE', #4147, 1000.000000000000000 ) ;
#5424 = LINE ( 'NONE', #3480, #4456 ) ;
#5425 = ORIENTED_EDGE ( 'NONE', *, *, #3423, .F. ) ;
#5426 = VECTOR ( 'NONE', #3230, 1000.000000000000000 ) ;
#5427 = EDGE_LOOP ( 'NONE', ( #4700, #2606, #36, #2782 ) ) ;
#5428 = ORIENTED_EDGE ( 'NONE', *, *, #3652, .F. ) ;
#5429 = PLANE ( 'NONE',  #3879 ) ;
#5430 = DIRECTION ( 'NONE',  ( -0.2795507047319120697, 0.6789150917029033172, -0.6789150917028797805 ) ) ;
#5431 = DIRECTION ( 'NONE',  ( 0.6786076767083671912, 0.2810395741260525715, 0.6786076767083608630 ) ) ;
#5432 = DIRECTION ( 'NONE',  ( -0.7071067811865536790, 0.000000000000000000, 0.7071067811865414665 ) ) ;
#5433 = VECTOR ( 'NONE', #5314, 1000.000000000000000 ) ;
#5434 = ORIENTED_EDGE ( 'NONE', *, *, #4325, .T. ) ;
#5435 = ORIENTED_EDGE ( 'NONE', *, *, #190, .F. ) ;
#5436 = AXIS2_PLACEMENT_3D ( 'NONE', #2340, #2471, #894 ) ;
#5437 = EDGE_CURVE ( 'NONE', #5344, #1826, #6120, .T. ) ;
#5438 = ORIENTED_EDGE ( 'NONE', *, *, #5441, .T. ) ;
#5439 = CARTESIAN_POINT ( 'NONE',  ( 18.61060500309818977, 24.68592075184099954, 4.000000000000000000 ) ) ;
#5440 = FACE_OUTER_BOUND ( 'NONE', #4569, .T. ) ;
#5441 = EDGE_CURVE ( 'NONE', #3029, #498, #6083, .T. ) ;
#5442 = ADVANCED_FACE ( 'NONE', ( #3659 ), #3078, .F. ) ;
#5443 = EDGE_CURVE ( 'NONE', #5454, #5036, #5113, .T. ) ;
#5444 = FACE_OUTER_BOUND ( 'NONE', #267, .T. ) ;
#5445 = DIRECTION ( 'NONE',  ( -0.2810846377148323305, 0.6785983445458563246, 0.6785983445458327878 ) ) ;
#5446 = ORIENTED_EDGE ( 'NONE', *, *, #3958, .F. ) ;
#5447 = CARTESIAN_POINT ( 'NONE',  ( 74.91692151384303600, 8.415085090169998949, 9.600000000000019185 ) ) ;
#5448 = ORIENTED_EDGE ( 'NONE', *, *, #3322, .T. ) ;
#5449 = FACE_OUTER_BOUND ( 'NONE', #5603, .T. ) ;
#5450 = CARTESIAN_POINT ( 'NONE',  ( 22.28925569030600329, 54.27087227357620947, 14.68278403747852501 ) ) ;
#5451 = DIRECTION ( 'NONE',  ( -0.000000000000000000, 1.000000000000000000, 0.000000000000000000 ) ) ;
#5452 = CARTESIAN_POINT ( 'NONE',  ( 11.27132469877176568, 34.73421759231528227, 6.000000000000000000 ) ) ;
#5453 = EDGE_LOOP ( 'NONE', ( #1724, #3456, #784, #4350 ) ) ;
#5454 = VERTEX_POINT ( 'NONE', #2216 ) ;
#5455 = ORIENTED_EDGE ( 'NONE', *, *, #1996, .T. ) ;
#5456 = VERTEX_POINT ( 'NONE', #3691 ) ;
#5457 = CARTESIAN_POINT ( 'NONE',  ( 77.69934151965165370, 59.69186645694465199, 10.00000000000000000 ) ) ;
#5458 = CARTESIAN_POINT ( 'NONE',  ( 23.99487291362402885, 53.74076158251828872, 4.000000000000000000 ) ) ;
#5459 = CARTESIAN_POINT ( 'NONE',  ( 41.42884860408194214, 23.35317541498460159, 9.600000000000015632 ) ) ;
#5460 = CARTESIAN_POINT ( 'NONE',  ( 0.000000000000000000, 34.88980021391638076, 4.000000000000000000 ) ) ;
#5461 = AXIS2_PLACEMENT_3D ( 'NONE', #3946, #2501, #1562 ) ;
#5462 = ORIENTED_EDGE ( 'NONE', *, *, #3493, .T. ) ;
#5463 = EDGE_CURVE ( 'NONE', #2852, #2936, #1243, .T. ) ;
#5464 = ORIENTED_EDGE ( 'NONE', *, *, #3592, .T. ) ;
#5465 = PLANE ( 'NONE',  #925 ) ;
#5466 = VECTOR ( 'NONE', #2630, 1000.000000000000000 ) ;
#5467 = ORIENTED_EDGE ( 'NONE', *, *, #2751, .T. ) ;
#5468 = CARTESIAN_POINT ( 'NONE',  ( 55.23810503425136886, 24.27416684142531977, 9.409256430169453012 ) ) ;
#5469 = VECTOR ( 'NONE', #598, 1000.000000000000000 ) ;
#5470 = DIRECTION ( 'NONE',  ( -1.000000000000000000, 0.000000000000000000, 0.000000000000000000 ) ) ;
#5471 = AXIS2_PLACEMENT_3D ( 'NONE', #5712, #845, #5167 ) ;
#5472 = VECTOR ( 'NONE', #1851, 1000.000000000000000 ) ;
#5473 = LINE ( 'NONE', #2145, #2300 ) ;
#5474 = DIRECTION ( 'NONE',  ( 0.000000000000000000, -0.7071067811865475727, 0.7071067811865475727 ) ) ;
#5475 = CARTESIAN_POINT ( 'NONE',  ( 12.01402484566508733, 19.96343870725182512, 9.600000000000015632 ) ) ;
#5476 = VECTOR ( 'NONE', #5166, 1000.000000000000000 ) ;
#5477 = ADVANCED_FACE ( 'NONE', ( #1464 ), #957, .T. ) ;
#5478 = EDGE_CURVE ( 'NONE', #1577, #5691, #3333, .T. ) ;
#5479 = DIRECTION ( 'NONE',  ( 0.000000000000000000, 0.000000000000000000, 1.000000000000000000 ) ) ;
#5480 = VERTEX_POINT ( 'NONE', #4387 ) ;
#5481 = LINE ( 'NONE', #5995, #1740 ) ;
#5482 = DIRECTION ( 'NONE',  ( 1.000000000000000000, 0.000000000000000000, 0.000000000000000000 ) ) ;
#5483 = DIRECTION ( 'NONE',  ( 0.6785983445458489971, 0.2810846377148487063, 0.6785983445458332319 ) ) ;
#5484 = ORIENTED_EDGE ( 'NONE', *, *, #855, .T. ) ;
#5485 = ADVANCED_FACE ( 'NONE', ( #4889 ), #5373, .T. ) ;
#5486 = CARTESIAN_POINT ( 'NONE',  ( 10.59981128446159104, 12.01402484683418415, 0.3999999999999837019 ) ) ;
#5487 = EDGE_LOOP ( 'NONE', ( #6192, #108, #1665, #404 ) ) ;
#5488 = ORIENTED_EDGE ( 'NONE', *, *, #1754, .F. ) ;
#5489 = VERTEX_POINT ( 'NONE', #503 ) ;
#5490 = DIRECTION ( 'NONE',  ( -2.168404344971008868E-16, -1.000000000000000000, 0.000000000000000000 ) ) ;
#5491 = LINE ( 'NONE', #3550, #2672 ) ;
#5492 = DIRECTION ( 'NONE',  ( -0.000000000000000000, -0.000000000000000000, 1.000000000000000000 ) ) ;
#5493 = CARTESIAN_POINT ( 'NONE',  ( 5.871324698771779538, 34.73421759231528938, 6.000000000000000000 ) ) ;
#5494 = ORIENTED_EDGE ( 'NONE', *, *, #4704, .F. ) ;
#5495 = CIRCLE ( 'NONE', #2952, 1.600000000000000755 ) ;
#5496 = ORIENTED_EDGE ( 'NONE', *, *, #260, .F. ) ;
#5497 = DIRECTION ( 'NONE',  ( 0.7071067811865479058, 0.7071067811865471286, 0.000000000000000000 ) ) ;
#5498 = ORIENTED_EDGE ( 'NONE', *, *, #3009, .F. ) ;
#5499 = LINE ( 'NONE', #3071, #1993 ) ;
#5500 = LINE ( 'NONE', #2077, #4985 ) ;
#5501 = AXIS2_PLACEMENT_3D ( 'NONE', #2144, #3590, #5141 ) ;
#5502 = AXIS2_PLACEMENT_3D ( 'NONE', #3126, #6162, #1767 ) ;
#5503 = PLANE ( 'NONE',  #5501 ) ;
#5504 = DIRECTION ( 'NONE',  ( -1.000000000000000000, 0.000000000000000000, 0.000000000000000000 ) ) ;
#5505 = DIRECTION ( 'NONE',  ( -0.7071067811867293162, -0.7071067811863657182, 0.000000000000000000 ) ) ;
#5506 = CARTESIAN_POINT ( 'NONE',  ( 25.52610449534172687, 52.77490806565516834, 5.599999999999988987 ) ) ;
#5507 = DIRECTION ( 'NONE',  ( -0.7071067811865597852, 0.000000000000000000, 0.7071067811865352493 ) ) ;
#5508 = VERTEX_POINT ( 'NONE', #889 ) ;
#5509 = LINE ( 'NONE', #4586, #1030 ) ;
#5510 = EDGE_CURVE ( 'NONE', #5528, #5508, #2436, .T. ) ;
#5511 = CARTESIAN_POINT ( 'NONE',  ( 11.67132469877178025, 50.33421759231526948, 6.000000000000000000 ) ) ;
#5512 = CARTESIAN_POINT ( 'NONE',  ( 63.69263728356973076, 34.83377622925729611, 1.202395983086649967 ) ) ;
#5513 = LINE ( 'NONE', #3089, #1073 ) ;
#5514 = AXIS2_PLACEMENT_3D ( 'NONE', #1149, #5993, #3979 ) ;
#5515 = EDGE_CURVE ( 'NONE', #1794, #1048, #5342, .T. ) ;
#5516 = EDGE_CURVE ( 'NONE', #1765, #308, #5790, .T. ) ;
#5517 = ORIENTED_EDGE ( 'NONE', *, *, #3727, .T. ) ;
#5518 = EDGE_LOOP ( 'NONE', ( #4755, #245, #1830, #881 ) ) ;
#5519 = VECTOR ( 'NONE', #4635, 1000.000000000000000 ) ;
#5520 = DIRECTION ( 'NONE',  ( 0.7071067811865492381, -0.7071067811865457964, 0.000000000000000000 ) ) ;
#5521 = CARTESIAN_POINT ( 'NONE',  ( 11.27132469877176568, 34.33421759231526948, 5.599999999999988987 ) ) ;
#5522 = ADVANCED_FACE ( 'NONE', ( #2012 ), #3934, .F. ) ;
#5523 = DIRECTION ( 'NONE',  ( -1.000000000000000000, 0.000000000000000000, 0.000000000000000000 ) ) ;
#5524 = FACE_OUTER_BOUND ( 'NONE', #5139, .T. ) ;
#5525 = AXIS2_PLACEMENT_3D ( 'NONE', #886, #1329, #403 ) ;
#5526 = ORIENTED_EDGE ( 'NONE', *, *, #5965, .F. ) ;
#5527 = DIRECTION ( 'NONE',  ( -0.000000000000000000, -0.000000000000000000, 1.000000000000000000 ) ) ;
#5528 = VERTEX_POINT ( 'NONE', #2494 ) ;
#5529 = DIRECTION ( 'NONE',  ( -0.000000000000000000, -0.000000000000000000, -1.000000000000000000 ) ) ;
#5530 = AXIS2_PLACEMENT_3D ( 'NONE', #16, #2988, #942 ) ;
#5531 = DIRECTION ( 'NONE',  ( -1.887397745837881465E-14, -1.000000000000000000, 0.000000000000000000 ) ) ;
#5532 = AXIS2_PLACEMENT_3D ( 'NONE', #1210, #6174, #5695 ) ;
#5533 = DIRECTION ( 'NONE',  ( -1.000000000000000000, 0.000000000000000000, 0.000000000000000000 ) ) ;
#5534 = LINE ( 'NONE', #126, #2505 ) ;
#5535 = CARTESIAN_POINT ( 'NONE',  ( 41.43180065388673938, 38.09286487643512231, 4.000000000000000000 ) ) ;
#5536 = CARTESIAN_POINT ( 'NONE',  ( 42.42884860408194214, 27.75317541498460372, 9.600000000000017408 ) ) ;
#5537 = DIRECTION ( 'NONE',  ( -0.7071067811865475727, 0.000000000000000000, -0.7071067811865475727 ) ) ;
#5538 = ORIENTED_EDGE ( 'NONE', *, *, #2704, .F. ) ;
#5539 = DIRECTION ( 'NONE',  ( 1.000000000000000000, 0.000000000000000000, 0.000000000000000000 ) ) ;
#5540 = DIRECTION ( 'NONE',  ( -0.7071067811865472397, -0.7071067811865479058, 0.000000000000000000 ) ) ;
#5541 = DIRECTION ( 'NONE',  ( -0.000000000000000000, -0.7071067811865352493, 0.7071067811865597852 ) ) ;
#5542 = VERTEX_POINT ( 'NONE', #923 ) ;
#5543 = DIRECTION ( 'NONE',  ( -0.7071067811865456854, 0.7071067811865493491, 0.000000000000000000 ) ) ;
#5544 = ORIENTED_EDGE ( 'NONE', *, *, #698, .T. ) ;
#5545 = ORIENTED_EDGE ( 'NONE', *, *, #1559, .F. ) ;
#5546 = CARTESIAN_POINT ( 'NONE',  ( 11.27132469877175858, -2.444078945039573069E-15, 6.000000000000000000 ) ) ;
#5547 = CARTESIAN_POINT ( 'NONE',  ( 30.61060500309817201, -1.770031170424250693E-14, 4.000000000000000000 ) ) ;
#5548 = CARTESIAN_POINT ( 'NONE',  ( 8.888803657608024267, 56.44252476504900073, 0.000000000000000000 ) ) ;
#5549 = CARTESIAN_POINT ( 'NONE',  ( 62.89024130048304073, 40.61884720954800088, 3.399999999999983036 ) ) ;
#5550 = EDGE_CURVE ( 'NONE', #3796, #2966, #4919, .T. ) ;
#5551 = EDGE_CURVE ( 'NONE', #1999, #116, #5755, .T. ) ;
#5552 = ORIENTED_EDGE ( 'NONE', *, *, #47, .F. ) ;
#5553 = CARTESIAN_POINT ( 'NONE',  ( 17.89412907291898591, 26.94626106892528128, 4.000000000000000000 ) ) ;
#5554 = CARTESIAN_POINT ( 'NONE',  ( 36.20824940358892263, -36.20824940358889421, 0.000000000000000000 ) ) ;
#5555 = ORIENTED_EDGE ( 'NONE', *, *, #6144, .F. ) ;
#5556 = DIRECTION ( 'NONE',  ( -0.7071067811865556774, 0.000000000000000000, 0.7071067811865393571 ) ) ;
#5557 = PLANE ( 'NONE',  #2842 ) ;
#5558 = ADVANCED_FACE ( 'NONE', ( #5403 ), #6266, .T. ) ;
#5559 = EDGE_LOOP ( 'NONE', ( #3617, #822, #2105, #4748 ) ) ;
#5560 = EDGE_CURVE ( 'NONE', #4208, #3837, #3839, .T. ) ;
#5561 = VECTOR ( 'NONE', #867, 1000.000000000000114 ) ;
#5562 = DIRECTION ( 'NONE',  ( 0.000000000000000000, 1.000000000000000000, 0.000000000000000000 ) ) ;
#5563 = VECTOR ( 'NONE', #2385, 1000.000000000000000 ) ;
#5564 = CARTESIAN_POINT ( 'NONE',  ( 79.69190709702549213, 54.57867219637570599, 10.00000000000000000 ) ) ;
#5565 = LINE ( 'NONE', #3042, #3598 ) ;
#5566 = DIRECTION ( 'NONE',  ( 0.6785983445458326768, 0.2810846377148683017, -0.6785983445458415586 ) ) ;
#5567 = VECTOR ( 'NONE', #1322, 1000.000000000000000 ) ;
#5568 = VECTOR ( 'NONE', #5205, 1000.000000000000000 ) ;
#5569 = AXIS2_PLACEMENT_3D ( 'NONE', #5900, #2546, #4496 ) ;
#5570 = PLANE ( 'NONE',  #509 ) ;
#5571 = VECTOR ( 'NONE', #2101, 1000.000000000000000 ) ;
#5572 = EDGE_LOOP ( 'NONE', ( #2991, #278, #1140, #5839 ) ) ;
#5573 = CARTESIAN_POINT ( 'NONE',  ( 77.81692151384304168, 8.415085090169998949, 0.000000000000000000 ) ) ;
#5574 = DIRECTION ( 'NONE',  ( -0.000000000000000000, 0.000000000000000000, 1.000000000000000000 ) ) ;
#5575 = FACE_OUTER_BOUND ( 'NONE', #3365, .T. ) ;
#5576 = ORIENTED_EDGE ( 'NONE', *, *, #2981, .F. ) ;
#5577 = EDGE_CURVE ( 'NONE', #872, #5542, #1432, .T. ) ;
#5578 = CARTESIAN_POINT ( 'NONE',  ( 12.07195935263215958, 6.980503763349589235E-15, 4.000000000000000000 ) ) ;
#5579 = ORIENTED_EDGE ( 'NONE', *, *, #4154, .T. ) ;
#5580 = ORIENTED_EDGE ( 'NONE', *, *, #2377, .F. ) ;
#5581 = LINE ( 'NONE', #4213, #1932 ) ;
#5582 = PLANE ( 'NONE',  #3491 ) ;
#5583 = LINE ( 'NONE', #2776, #5674 ) ;
#5584 = CARTESIAN_POINT ( 'NONE',  ( 89.96293358159665843, 50.15858830202340357, 10.38818377209560495 ) ) ;
#5585 = VERTEX_POINT ( 'NONE', #3370 ) ;
#5586 = DIRECTION ( 'NONE',  ( -1.000000000000000000, 0.000000000000000000, 0.000000000000000000 ) ) ;
#5587 = LINE ( 'NONE', #5043, #2659 ) ;
#5588 = EDGE_LOOP ( 'NONE', ( #4764, #4141, #5266, #4481, #3756, #6161 ) ) ;
#5589 = DIRECTION ( 'NONE',  ( 0.000000000000000000, 0.000000000000000000, -1.000000000000000000 ) ) ;
#5590 = PLANE ( 'NONE',  #486 ) ;
#5591 = EDGE_CURVE ( 'NONE', #5929, #1097, #988, .T. ) ;
#5592 = AXIS2_PLACEMENT_3D ( 'NONE', #122, #3497, #1142 ) ;
#5593 = LINE ( 'NONE', #253, #4069 ) ;
#5594 = EDGE_CURVE ( 'NONE', #3090, #1075, #4419, .T. ) ;
#5595 = EDGE_CURVE ( 'NONE', #1075, #4242, #2945, .T. ) ;
#5596 = VECTOR ( 'NONE', #758, 1000.000000000000000 ) ;
#5597 = CARTESIAN_POINT ( 'NONE',  ( 30.82890722122327887, -30.82890722122218818, -0.000000000000000000 ) ) ;
#5598 = FACE_OUTER_BOUND ( 'NONE', #1459, .T. ) ;
#5599 = CARTESIAN_POINT ( 'NONE',  ( 73.15243468099103552, 6.261804759730023484, 9.600000000000015632 ) ) ;
#5600 = EDGE_CURVE ( 'NONE', #1202, #2301, #5882, .T. ) ;
#5601 = VECTOR ( 'NONE', #3962, 1000.000000000000114 ) ;
#5602 = LINE ( 'NONE', #292, #4598 ) ;
#5603 = EDGE_LOOP ( 'NONE', ( #932, #4051, #908, #5117 ) ) ;
#5604 = PLANE ( 'NONE',  #1238 ) ;
#5605 = DIRECTION ( 'NONE',  ( 1.000000000000000000, 0.000000000000000000, 0.000000000000000000 ) ) ;
#5606 = DIRECTION ( 'NONE',  ( 1.000000000000000000, 0.000000000000000000, 0.000000000000000000 ) ) ;
#5607 = EDGE_LOOP ( 'NONE', ( #2831, #5494, #2072, #5014 ) ) ;
#5608 = DIRECTION ( 'NONE',  ( -0.000000000000000000, -0.000000000000000000, 1.000000000000000000 ) ) ;
#5609 = VERTEX_POINT ( 'NONE', #4830 ) ;
#5610 = ORIENTED_EDGE ( 'NONE', *, *, #4303, .T. ) ;
#5611 = LINE ( 'NONE', #4660, #3011 ) ;
#5612 = CARTESIAN_POINT ( 'NONE',  ( 13.74567065430468027, 49.49614199309260698, -6.249202259319449837 ) ) ;
#5613 = DIRECTION ( 'NONE',  ( 0.7071938130861842309, 0.7070197385735585982, 0.000000000000000000 ) ) ;
#5614 = ORIENTED_EDGE ( 'NONE', *, *, #4738, .F. ) ;
#5615 = CARTESIAN_POINT ( 'NONE',  ( 5.000000000000530243, 33.46289289354402285, 4.000000000000000000 ) ) ;
#5616 = VECTOR ( 'NONE', #4264, 1000.000000000000000 ) ;
#5617 = ORIENTED_EDGE ( 'NONE', *, *, #4931, .F. ) ;
#5618 = DIRECTION ( 'NONE',  ( 0.000000000000000000, 0.000000000000000000, 1.000000000000000000 ) ) ;
#5619 = LINE ( 'NONE', #1235, #3075 ) ;
#5620 = ORIENTED_EDGE ( 'NONE', *, *, #3692, .F. ) ;
#5621 = CARTESIAN_POINT ( 'NONE',  ( 0.000000000000000000, 52.35311032234201889, 14.99835655691897074 ) ) ;
#5622 = DIRECTION ( 'NONE',  ( -0.2810846377148348285, 0.6785983445458558805, 0.6785983445458323438 ) ) ;
#5623 = AXIS2_PLACEMENT_3D ( 'NONE', #3101, #5527, #146 ) ;
#5624 = DIRECTION ( 'NONE',  ( -0.000000000000000000, -0.000000000000000000, -1.000000000000000000 ) ) ;
#5625 = AXIS2_PLACEMENT_3D ( 'NONE', #1702, #3127, #3640 ) ;
#5626 = DIRECTION ( 'NONE',  ( 0.000000000000000000, -0.000000000000000000, 1.000000000000000000 ) ) ;
#5627 = CARTESIAN_POINT ( 'NONE',  ( 46.94653210253800779, 28.88980021391638431, 1.959999998568995316 ) ) ;
#5628 = CARTESIAN_POINT ( 'NONE',  ( 69.83157658086554420, 23.35317541498460869, 9.600000000000015632 ) ) ;
#5629 = EDGE_CURVE ( 'NONE', #3053, #2521, #4478, .T. ) ;
#5630 = VECTOR ( 'NONE', #2924, 1000.000000000000000 ) ;
#5631 = EDGE_CURVE ( 'NONE', #3142, #3297, #4947, .T. ) ;
#5632 = EDGE_CURVE ( 'NONE', #2696, #3662, #3033, .T. ) ;
#5633 = CARTESIAN_POINT ( 'NONE',  ( 62.89024130048304073, 35.63617221234400034, 3.399999999999983036 ) ) ;
#5634 = ORIENTED_EDGE ( 'NONE', *, *, #5083, .F. ) ;
#5635 = DIRECTION ( 'NONE',  ( 0.7071067811865497932, 0.7071067811865453523, -0.000000000000000000 ) ) ;
#5636 = LINE ( 'NONE', #2765, #4449 ) ;
#5637 = PLANE ( 'NONE',  #1098 ) ;
#5638 = ORIENTED_EDGE ( 'NONE', *, *, #4527, .T. ) ;
#5639 = DIRECTION ( 'NONE',  ( -0.7071067811865474617, 0.7071067811865474617, -0.000000000000000000 ) ) ;
#5640 = EDGE_LOOP ( 'NONE', ( #2097, #4767, #2401, #3914 ) ) ;
#5641 = ADVANCED_FACE ( 'NONE', ( #5524 ), #3000, .F. ) ;
#5642 = ADVANCED_FACE ( 'NONE', ( #4983 ), #5910, .T. ) ;
#5643 = ORIENTED_EDGE ( 'NONE', *, *, #4106, .T. ) ;
#5644 = ORIENTED_EDGE ( 'NONE', *, *, #1885, .T. ) ;
#5645 = ORIENTED_EDGE ( 'NONE', *, *, #1082, .F. ) ;
#5646 = DIRECTION ( 'NONE',  ( -1.000000000000000000, 1.652117596168386770E-15, 0.000000000000000000 ) ) ;
#5647 = LINE ( 'NONE', #6194, #4814 ) ;
#5648 = CARTESIAN_POINT ( 'NONE',  ( 0.06447612607026798059, -0.06449200066274303478, 6.000000000000000000 ) ) ;
#5649 = CARTESIAN_POINT ( 'NONE',  ( 55.24511320246803336, 59.97470916941927044, 10.00099999999999945 ) ) ;
#5650 = VERTEX_POINT ( 'NONE', #2135 ) ;
#5651 = CARTESIAN_POINT ( 'NONE',  ( 76.16692151384303600, 56.44252476504900073, 10.00000000000000000 ) ) ;
#5652 = LINE ( 'NONE', #4762, #6143 ) ;
#5653 = VERTEX_POINT ( 'NONE', #4504 ) ;
#5654 = LINE ( 'NONE', #5690, #2415 ) ;
#5655 = ADVANCED_FACE ( 'NONE', ( #1520 ), #645, .F. ) ;
#5656 = CARTESIAN_POINT ( 'NONE',  ( 40.26316317913271803, 23.75317541498460727, 10.00000000000000000 ) ) ;
#5657 = CARTESIAN_POINT ( 'NONE',  ( 5.871324698771779538, 34.33421759231527659, 6.000000000000000000 ) ) ;
#5658 = DIRECTION ( 'NONE',  ( -0.000000000000000000, -0.000000000000000000, -1.000000000000000000 ) ) ;
#5659 = VECTOR ( 'NONE', #4524, 1000.000000000000114 ) ;
#5660 = VECTOR ( 'NONE', #343, 1000.000000000000000 ) ;
#5661 = LINE ( 'NONE', #4711, #4805 ) ;
#5662 = ORIENTED_EDGE ( 'NONE', *, *, #3579, .T. ) ;
#5663 = EDGE_CURVE ( 'NONE', #5748, #3597, #1134, .T. ) ;
#5664 = FACE_OUTER_BOUND ( 'NONE', #5292, .T. ) ;
#5665 = VECTOR ( 'NONE', #2052, 1000.000000000000000 ) ;
#5666 = DIRECTION ( 'NONE',  ( -0.6785983445458568797, 0.2810846377148297215, 0.6785983445458332319 ) ) ;
#5667 = VECTOR ( 'NONE', #5341, 1000.000000000000000 ) ;
#5668 = CARTESIAN_POINT ( 'NONE',  ( 6.992565577373027530, 59.97470916941908570, 10.00099999999999945 ) ) ;
#5669 = EDGE_LOOP ( 'NONE', ( #3734, #4290, #4023, #180 ) ) ;
#5670 = DIRECTION ( 'NONE',  ( -1.000000000000000000, 0.000000000000000000, 0.000000000000000000 ) ) ;
#5671 = EDGE_CURVE ( 'NONE', #573, #1634, #6005, .T. ) ;
#5672 = ORIENTED_EDGE ( 'NONE', *, *, #3570, .T. ) ;
#5673 = VECTOR ( 'NONE', #1512, 1000.000000000000000 ) ;
#5674 = VECTOR ( 'NONE', #274, 1000.000000000000000 ) ;
#5675 = ORIENTED_EDGE ( 'NONE', *, *, #1996, .F. ) ;
#5676 = ORIENTED_EDGE ( 'NONE', *, *, #2950, .T. ) ;
#5677 = EDGE_CURVE ( 'NONE', #6041, #4671, #2616, .T. ) ;
#5678 = CARTESIAN_POINT ( 'NONE',  ( 73.55243468099101278, 12.06030566349624422, 0.000000000000000000 ) ) ;
#5679 = LINE ( 'NONE', #364, #3295 ) ;
#5680 = ADVANCED_FACE ( 'NONE', ( #1614 ), #4568, .T. ) ;
#5681 = DIRECTION ( 'NONE',  ( -0.000000000000000000, -0.000000000000000000, 1.000000000000000000 ) ) ;
#5682 = ORIENTED_EDGE ( 'NONE', *, *, #4591, .T. ) ;
#5683 = CARTESIAN_POINT ( 'NONE',  ( 5.000000000000125233, 12.01402484683418415, 0.3999999999999837019 ) ) ;
#5684 = ADVANCED_FACE ( 'NONE', ( #3611 ), #2554, .T. ) ;
#5685 = AXIS2_PLACEMENT_3D ( 'NONE', #5765, #3351, #1894 ) ;
#5686 = ORIENTED_EDGE ( 'NONE', *, *, #2355, .F. ) ;
#5687 = CARTESIAN_POINT ( 'NONE',  ( 72.94807733323546017, 0.000000000000000000, 5.000000000000000000 ) ) ;
#5688 = CARTESIAN_POINT ( 'NONE',  ( 54.61482092964091350, 59.34967741935615493, 5.599999999999988987 ) ) ;
#5689 = ORIENTED_EDGE ( 'NONE', *, *, #699, .F. ) ;
#5690 = CARTESIAN_POINT ( 'NONE',  ( 25.52610449534172687, 53.17490806565518113, 6.000000000000000000 ) ) ;
#5691 = VERTEX_POINT ( 'NONE', #2527 ) ;
#5692 = DIRECTION ( 'NONE',  ( -1.000000000000000000, 0.000000000000000000, 0.000000000000000000 ) ) ;
#5693 = EDGE_CURVE ( 'NONE', #1742, #2915, #3552, .T. ) ;
#5694 = CARTESIAN_POINT ( 'NONE',  ( 55.42884860408193504, 23.35317541498460159, -10.67514906227531313 ) ) ;
#5695 = DIRECTION ( 'NONE',  ( -0.0001230892683152483562, -0.9999999924245159821, 0.000000000000000000 ) ) ;
#5696 = VECTOR ( 'NONE', #3894, 1000.000000000000000 ) ;
#5697 = DIRECTION ( 'NONE',  ( 1.000000000000000000, 0.000000000000000000, 0.000000000000000000 ) ) ;
#5698 = ORIENTED_EDGE ( 'NONE', *, *, #1643, .F. ) ;
#5699 = DIRECTION ( 'NONE',  ( 0.000000000000000000, 0.000000000000000000, 1.000000000000000000 ) ) ;
#5700 = CARTESIAN_POINT ( 'NONE',  ( 5.400000000000525269, 33.29720746859478453, 10.00000000000000000 ) ) ;
#5701 = DIRECTION ( 'NONE',  ( 1.000000000000000000, 0.000000000000000000, -0.000000000000000000 ) ) ;
#5702 = ORIENTED_EDGE ( 'NONE', *, *, #1526, .F. ) ;
#5703 = VECTOR ( 'NONE', #737, 999.9999999999998863 ) ;
#5704 = DIRECTION ( 'NONE',  ( -0.7071067811865479058, -0.7071067811865471286, 0.000000000000000000 ) ) ;
#5705 = VECTOR ( 'NONE', #2164, 1000.000000000000114 ) ;
#5706 = ORIENTED_EDGE ( 'NONE', *, *, #2153, .F. ) ;
#5707 = ADVANCED_FACE ( 'NONE', ( #1046 ), #3129, .F. ) ;
#5708 = VERTEX_POINT ( 'NONE', #3519 ) ;
#5709 = DIRECTION ( 'NONE',  ( -2.168404344971008868E-16, -1.000000000000000000, 0.000000000000000000 ) ) ;
#5710 = CARTESIAN_POINT ( 'NONE',  ( 79.97474980950003953, 10.50829548434902350, 9.600000000000026290 ) ) ;
#5711 = DIRECTION ( 'NONE',  ( 0.7071067811865351382, -1.334591744878146490E-14, 0.7071067811865600072 ) ) ;
#5712 = CARTESIAN_POINT ( 'NONE',  ( 76.16692151384303600, 8.415085090169998949, 9.600000000000019185 ) ) ;
#5713 = EDGE_CURVE ( 'NONE', #5783, #5236, #113, .T. ) ;
#5714 = EDGE_CURVE ( 'NONE', #5850, #1634, #2102, .T. ) ;
#5715 = ORIENTED_EDGE ( 'NONE', *, *, #1920, .T. ) ;
#5716 = ADVANCED_FACE ( 'NONE', ( #4021 ), #5971, .F. ) ;
#5717 = ORIENTED_EDGE ( 'NONE', *, *, #1363, .F. ) ;
#5718 = CARTESIAN_POINT ( 'NONE',  ( 6.992565577373027530, 59.97470916941908570, 0.4000000000000114575 ) ) ;
#5719 = PLANE ( 'NONE',  #5525 ) ;
#5720 = EDGE_LOOP ( 'NONE', ( #2809, #91, #4296, #4429 ) ) ;
#5721 = DIRECTION ( 'NONE',  ( 0.7071067811865475727, -0.000000000000000000, 0.7071067811865475727 ) ) ;
#5722 = ORIENTED_EDGE ( 'NONE', *, *, #575, .T. ) ;
#5723 = AXIS2_PLACEMENT_3D ( 'NONE', #3854, #5798, #2378 ) ;
#5724 = EDGE_CURVE ( 'NONE', #4274, #1462, #5198, .T. ) ;
#5725 = VECTOR ( 'NONE', #3162, 1000.000000000000114 ) ;
#5726 = CARTESIAN_POINT ( 'NONE',  ( 6.592687801449238272, 60.94009951934555858, 8.634609650073578280 ) ) ;
#5727 = LINE ( 'NONE', #288, #1371 ) ;
#5728 = CIRCLE ( 'NONE', #5623, 1.650000000000012568 ) ;
#5729 = PLANE ( 'NONE',  #4719 ) ;
#5730 = LINE ( 'NONE', #5347, #601 ) ;
#5731 = VERTEX_POINT ( 'NONE', #810 ) ;
#5732 = DIRECTION ( 'NONE',  ( -0.000000000000000000, 1.000000000000000000, 0.000000000000000000 ) ) ;
#5733 = DIRECTION ( 'NONE',  ( -1.000000000000000000, 0.000000000000000000, -0.000000000000000000 ) ) ;
#5734 = FACE_BOUND ( 'NONE', #2987, .T. ) ;
#5735 = VERTEX_POINT ( 'NONE', #2167 ) ;
#5736 = VECTOR ( 'NONE', #3952, 1000.000000000000114 ) ;
#5737 = CARTESIAN_POINT ( 'NONE',  ( 75.28521151273305634, 11.32608355361834995, 12.34299364273669575 ) ) ;
#5738 = ADVANCED_FACE ( 'NONE', ( #4754 ), #6165, .T. ) ;
#5739 = AXIS2_PLACEMENT_3D ( 'NONE', #3697, #799, #4134 ) ;
#5740 = ORIENTED_EDGE ( 'NONE', *, *, #1148, .F. ) ;
#5741 = EDGE_LOOP ( 'NONE', ( #2064, #2003, #4459, #2206 ) ) ;
#5742 = DIRECTION ( 'NONE',  ( 1.000000000000000000, 0.000000000000000000, 0.000000000000000000 ) ) ;
#5743 = DIRECTION ( 'NONE',  ( -0.7061519002946796686, 0.7080603743397965166, 0.000000000000000000 ) ) ;
#5744 = DIRECTION ( 'NONE',  ( 2.342423510106018633E-15, 1.000000000000000000, 0.000000000000000000 ) ) ;
#5745 = PLANE ( 'NONE',  #1195 ) ;
#5746 = LINE ( 'NONE', #1869, #5270 ) ;
#5747 = ORIENTED_EDGE ( 'NONE', *, *, #2367, .F. ) ;
#5748 = VERTEX_POINT ( 'NONE', #4216 ) ;
#5749 = VERTEX_POINT ( 'NONE', #6135 ) ;
#5750 = LINE ( 'NONE', #5784, #904 ) ;
#5751 = CARTESIAN_POINT ( 'NONE',  ( 18.61060500309818977, 0.000000000000000000, 2.109999999999997211 ) ) ;
#5752 = ORIENTED_EDGE ( 'NONE', *, *, #3081, .F. ) ;
#5753 = FACE_OUTER_BOUND ( 'NONE', #4696, .T. ) ;
#5754 = EDGE_CURVE ( 'NONE', #2268, #647, #3165, .T. ) ;
#5755 = LINE ( 'NONE', #1396, #3233 ) ;
#5756 = EDGE_CURVE ( 'NONE', #1949, #3998, #1706, .T. ) ;
#5757 = VERTEX_POINT ( 'NONE', #1229 ) ;
#5758 = DIRECTION ( 'NONE',  ( 0.0001230892683152483562, 0.9999999924245159821, 0.000000000000000000 ) ) ;
#5759 = CARTESIAN_POINT ( 'NONE',  ( 6.271324690944501512, 34.33413846064093633, 10.00000000000000000 ) ) ;
#5760 = ADVANCED_FACE ( 'NONE', ( #4120 ), #1804, .F. ) ;
#5761 = CARTESIAN_POINT ( 'NONE',  ( 51.96183963646319626, 27.57247539354457544, -8.786237696772287720 ) ) ;
#5762 = DIRECTION ( 'NONE',  ( -0.6788250666102861874, -0.2799876030882673672, -0.6788250666102626507 ) ) ;
#5763 = ORIENTED_EDGE ( 'NONE', *, *, #3419, .F. ) ;
#5764 = LINE ( 'NONE', #4871, #5433 ) ;
#5765 = CARTESIAN_POINT ( 'NONE',  ( -2.313594256151514816, 2.333066411365916082, 10.00000000000000000 ) ) ;
#5766 = EDGE_LOOP ( 'NONE', ( #768, #3492, #5340, #2928 ) ) ;
#5767 = DIRECTION ( 'NONE',  ( -0.7071067811865557884, 0.000000000000000000, -0.7071067811865392461 ) ) ;
#5768 = VECTOR ( 'NONE', #5013, 999.9999999999998863 ) ;
#5769 = DIRECTION ( 'NONE',  ( 6.369488388617202940E-16, -1.000000000000000000, 0.000000000000000000 ) ) ;
#5770 = VECTOR ( 'NONE', #6206, 1000.000000000000114 ) ;
#5771 = ORIENTED_EDGE ( 'NONE', *, *, #1718, .F. ) ;
#5772 = CARTESIAN_POINT ( 'NONE',  ( 11.75609349300989415, 3.208487807368292977, 2.191512192631651423 ) ) ;
#5773 = DIRECTION ( 'NONE',  ( 0.000000000000000000, 1.000000000000000000, 0.000000000000000000 ) ) ;
#5774 = DIRECTION ( 'NONE',  ( -0.7071067811865425767, -0.7071067811865525687, -0.000000000000000000 ) ) ;
#5775 = LINE ( 'NONE', #1713, #5181 ) ;
#5776 = VERTEX_POINT ( 'NONE', #243 ) ;
#5777 = CARTESIAN_POINT ( 'NONE',  ( 12.07195935263212760, 59.97470916941908570, 16.53782239231018991 ) ) ;
#5778 = VERTEX_POINT ( 'NONE', #1197 ) ;
#5779 = ORIENTED_EDGE ( 'NONE', *, *, #4703, .T. ) ;
#5780 = VECTOR ( 'NONE', #2458, 1000.000000000000000 ) ;
#5781 = CIRCLE ( 'NONE', #3123, 1.250000000000000222 ) ;
#5782 = EDGE_LOOP ( 'NONE', ( #2482, #3056, #2701, #4067 ) ) ;
#5783 = VERTEX_POINT ( 'NONE', #5683 ) ;
#5784 = CARTESIAN_POINT ( 'NONE',  ( 0.000000000000000000, 35.03617221234399182, 4.000000000000000000 ) ) ;
#5785 = DIRECTION ( 'NONE',  ( 1.000000000000000000, 0.000000000000000000, 0.000000000000000000 ) ) ;
#5786 = VECTOR ( 'NONE', #1253, 1000.000000000000114 ) ;
#5787 = ORIENTED_EDGE ( 'NONE', *, *, #4509, .F. ) ;
#5788 = DIRECTION ( 'NONE',  ( 1.000000000000000000, -1.652117596168386770E-15, 0.000000000000000000 ) ) ;
#5789 = VECTOR ( 'NONE', #746, 1000.000000000000000 ) ;
#5790 = LINE ( 'NONE', #3460, #252 ) ;
#5791 = ORIENTED_EDGE ( 'NONE', *, *, #6113, .F. ) ;
#5792 = DIRECTION ( 'NONE',  ( 0.000000000000000000, 0.000000000000000000, 1.000000000000000000 ) ) ;
#5793 = EDGE_CURVE ( 'NONE', #947, #5735, #3262, .T. ) ;
#5794 = CARTESIAN_POINT ( 'NONE',  ( 7.638803657608024267, 8.415085090169998949, 0.3999999999999889200 ) ) ;
#5795 = FACE_OUTER_BOUND ( 'NONE', #3503, .T. ) ;
#5796 = ADVANCED_FACE ( 'NONE', ( #3294 ), #3201, .T. ) ;
#5797 = EDGE_CURVE ( 'NONE', #5857, #4115, #2682, .T. ) ;
#5798 = DIRECTION ( 'NONE',  ( 0.7071067811865475727, 0.7071067811865475727, -0.000000000000000000 ) ) ;
#5799 = EDGE_CURVE ( 'NONE', #407, #5857, #3536, .T. ) ;
#5800 = EDGE_LOOP ( 'NONE', ( #2865, #3520, #951, #5107 ) ) ;
#5801 = FACE_OUTER_BOUND ( 'NONE', #5817, .T. ) ;
#5802 = DIRECTION ( 'NONE',  ( 0.000000000000000000, 0.000000000000000000, 1.000000000000000000 ) ) ;
#5803 = ORIENTED_EDGE ( 'NONE', *, *, #3158, .T. ) ;
#5804 = CARTESIAN_POINT ( 'NONE',  ( 10.53880365760799442, 8.415085090169998949, 10.00000000000000000 ) ) ;
#5805 = AXIS2_PLACEMENT_3D ( 'NONE', #4880, #462, #4377 ) ;
#5806 = DIRECTION ( 'NONE',  ( 0.000000000000000000, 0.000000000000000000, -1.000000000000000000 ) ) ;
#5807 = VERTEX_POINT ( 'NONE', #6103 ) ;
#5808 = PLANE ( 'NONE',  #254 ) ;
#5809 = CARTESIAN_POINT ( 'NONE',  ( 10.53880365760802285, 8.415085090169998949, -5.421010862427522170E-17 ) ) ;
#5810 = VECTOR ( 'NONE', #3273, 1000.000000000000114 ) ;
#5811 = LINE ( 'NONE', #6225, #5989 ) ;
#5812 = PLANE ( 'NONE',  #2746 ) ;
#5813 = ORIENTED_EDGE ( 'NONE', *, *, #637, .F. ) ;
#5814 = LINE ( 'NONE', #5777, #3024 ) ;
#5815 = EDGE_LOOP ( 'NONE', ( #2724, #4603, #1871, #530 ) ) ;
#5816 = VECTOR ( 'NONE', #2997, 1000.000000000000114 ) ;
#5817 = EDGE_LOOP ( 'NONE', ( #520, #1542, #741, #6059 ) ) ;
#5818 = ORIENTED_EDGE ( 'NONE', *, *, #1058, .F. ) ;
#5819 = FACE_OUTER_BOUND ( 'NONE', #6314, .T. ) ;
#5820 = DIRECTION ( 'NONE',  ( -0.7071067781126759710, 6.593271403670010607E-05, 0.7071067811865392461 ) ) ;
#5821 = ORIENTED_EDGE ( 'NONE', *, *, #5663, .T. ) ;
#5822 = DIRECTION ( 'NONE',  ( 0.000000000000000000, -0.000000000000000000, -1.000000000000000000 ) ) ;
#5823 = DIRECTION ( 'NONE',  ( 0.6785792051055624663, -0.2811137749157106569, -0.6786054140300842308 ) ) ;
#5824 = EDGE_CURVE ( 'NONE', #573, #2891, #3678, .T. ) ;
#5825 = VERTEX_POINT ( 'NONE', #2806 ) ;
#5826 = CARTESIAN_POINT ( 'NONE',  ( 55.24511320246803336, 59.57470916941927186, 10.00000000000000000 ) ) ;
#5827 = CARTESIAN_POINT ( 'NONE',  ( 79.57474980950004806, 10.34292617752520549, 0.000000000000000000 ) ) ;
#5828 = AXIS2_PLACEMENT_3D ( 'NONE', #5924, #5537, #1564 ) ;
#5829 = AXIS2_PLACEMENT_3D ( 'NONE', #2762, #226, #2181 ) ;
#5830 = FACE_OUTER_BOUND ( 'NONE', #211, .T. ) ;
#5831 = CARTESIAN_POINT ( 'NONE',  ( 19.89412907291898591, 26.94626106892528128, 10.00000000000000000 ) ) ;
#5832 = CARTESIAN_POINT ( 'NONE',  ( 0.000000000000000000, 23.35317541498460869, 4.000000000000000000 ) ) ;
#5833 = VERTEX_POINT ( 'NONE', #5615 ) ;
#5834 = ADVANCED_FACE ( 'NONE', ( #4182 ), #2748, .T. ) ;
#5835 = EDGE_CURVE ( 'NONE', #3822, #2411, #2292, .T. ) ;
#5836 = AXIS2_PLACEMENT_3D ( 'NONE', #2942, #501, #3963 ) ;
#5837 = EDGE_CURVE ( 'NONE', #2940, #2620, #275, .T. ) ;
#5838 = LINE ( 'NONE', #6316, #2656 ) ;
#5839 = ORIENTED_EDGE ( 'NONE', *, *, #5027, .F. ) ;
#5840 = CIRCLE ( 'NONE', #609, 1.649999999999998579 ) ;
#5841 = DIRECTION ( 'NONE',  ( -0.7071067811865474617, -0.000000000000000000, 0.7071067811865474617 ) ) ;
#5842 = LINE ( 'NONE', #2026, #3595 ) ;
#5843 = LINE ( 'NONE', #3420, #2212 ) ;
#5844 = CARTESIAN_POINT ( 'NONE',  ( 17.89412907291898591, 26.94626106892528128, 9.600000000000008527 ) ) ;
#5845 = ORIENTED_EDGE ( 'NONE', *, *, #4437, .F. ) ;
#5846 = EDGE_CURVE ( 'NONE', #45, #5542, #3710, .T. ) ;
#5847 = DIRECTION ( 'NONE',  ( -1.000000000000000000, 0.000000000000000000, 0.000000000000000000 ) ) ;
#5848 = ADVANCED_FACE ( 'NONE', ( #4248 ), #4410, .F. ) ;
#5849 = VECTOR ( 'NONE', #599, 1000.000000000000000 ) ;
#5850 = VERTEX_POINT ( 'NONE', #6323 ) ;
#5851 = VERTEX_POINT ( 'NONE', #1973 ) ;
#5852 = CARTESIAN_POINT ( 'NONE',  ( 75.42984732797567915, 28.53771831048100083, 0.000000000000000000 ) ) ;
#5853 = DIRECTION ( 'NONE',  ( 0.2811297017418620814, 0.6785890106679196565, 0.6785890106679196565 ) ) ;
#5854 = ORIENTED_EDGE ( 'NONE', *, *, #154, .T. ) ;
#5855 = CARTESIAN_POINT ( 'NONE',  ( 73.15243468099103552, 6.261804759730023484, 9.600000000000015632 ) ) ;
#5856 = DIRECTION ( 'NONE',  ( -0.5773502691896257311, 0.5773502691896257311, 0.5773502691896257311 ) ) ;
#5857 = VERTEX_POINT ( 'NONE', #2964 ) ;
#5858 = ORIENTED_EDGE ( 'NONE', *, *, #4152, .T. ) ;
#5859 = CARTESIAN_POINT ( 'NONE',  ( 7.238803657608011477, 56.44252476504900073, 10.00000000000000000 ) ) ;
#5860 = DIRECTION ( 'NONE',  ( -1.000000000000000000, 0.000000000000000000, 0.000000000000000000 ) ) ;
#5861 = CARTESIAN_POINT ( 'NONE',  ( 5.000000000000903277, 57.98214359204602175, 9.600000000000020961 ) ) ;
#5862 = FACE_OUTER_BOUND ( 'NONE', #1068, .T. ) ;
#5863 = ORIENTED_EDGE ( 'NONE', *, *, #6115, .F. ) ;
#5864 = EDGE_CURVE ( 'NONE', #5247, #2285, #3925, .T. ) ;
#5865 = DIRECTION ( 'NONE',  ( 2.453269466693396254E-15, 0.7071067811865475727, -0.7071067811865475727 ) ) ;
#5866 = ORIENTED_EDGE ( 'NONE', *, *, #2360, .T. ) ;
#5867 = CARTESIAN_POINT ( 'NONE',  ( 59.77578496594467339, 40.61884720954800088, 0.3999999999999802602 ) ) ;
#5868 = EDGE_CURVE ( 'NONE', #2620, #1513, #5871, .T. ) ;
#5869 = LINE ( 'NONE', #4011, #4241 ) ;
#5870 = CARTESIAN_POINT ( 'NONE',  ( 36.63180065388673512, 38.69286487643513084, 3.099885383663021798 ) ) ;
#5871 = LINE ( 'NONE', #5261, #4041 ) ;
#5872 = ORIENTED_EDGE ( 'NONE', *, *, #3266, .F. ) ;
#5873 = CONICAL_SURFACE ( 'NONE', #1163, 1.250000000000001110, 0.7853981633974610466 ) ;
#5874 = AXIS2_PLACEMENT_3D ( 'NONE', #188, #1593, #5504 ) ;
#5875 = EDGE_CURVE ( 'NONE', #498, #6275, #5814, .T. ) ;
#5876 = ORIENTED_EDGE ( 'NONE', *, *, #2142, .T. ) ;
#5877 = VERTEX_POINT ( 'NONE', #3422 ) ;
#5878 = CARTESIAN_POINT ( 'NONE',  ( 76.64007690598062084, 56.60087684933015595, -2.934672903518973364 ) ) ;
#5879 = LINE ( 'NONE', #558, #1124 ) ;
#5880 = ADVANCED_FACE ( 'NONE', ( #2871 ), #4281, .F. ) ;
#5881 = DIRECTION ( 'NONE',  ( 0.000000000000000000, -1.000000000000000000, 0.000000000000000000 ) ) ;
#5882 = LINE ( 'NONE', #534, #2609 ) ;
#5883 = VECTOR ( 'NONE', #4677, 1000.000000000000000 ) ;
#5884 = VECTOR ( 'NONE', #3588, 1000.000000000000000 ) ;
#5885 = ORIENTED_EDGE ( 'NONE', *, *, #4112, .F. ) ;
#5886 = EDGE_LOOP ( 'NONE', ( #4087, #3484, #6199, #6094, #5545 ) ) ;
#5887 = AXIS2_PLACEMENT_3D ( 'NONE', #5648, #3641, #5613 ) ;
#5888 = DIRECTION ( 'NONE',  ( 0.7071067811865464625, 0.7071067811865486830, 0.000000000000000000 ) ) ;
#5889 = LINE ( 'NONE', #961, #6250 ) ;
#5890 = DIRECTION ( 'NONE',  ( 0.000000000000000000, 0.000000000000000000, 1.000000000000000000 ) ) ;
#5891 = CARTESIAN_POINT ( 'NONE',  ( 42.75191620027911199, 17.74479411793611661, 3.991618702951718944 ) ) ;
#5892 = ADVANCED_FACE ( 'NONE', ( #3394 ), #429, .T. ) ;
#5893 = VERTEX_POINT ( 'NONE', #3802 ) ;
#5894 = EDGE_LOOP ( 'NONE', ( #5201, #2325, #3673, #2007 ) ) ;
#5895 = FACE_OUTER_BOUND ( 'NONE', #2763, .T. ) ;
#5896 = LINE ( 'NONE', #5927, #161 ) ;
#5897 = FACE_OUTER_BOUND ( 'NONE', #1316, .T. ) ;
#5898 = ORIENTED_EDGE ( 'NONE', *, *, #3058, .F. ) ;
#5899 = VECTOR ( 'NONE', #5470, 1000.000000000000000 ) ;
#5900 = CARTESIAN_POINT ( 'NONE',  ( 76.16692151384303600, 56.44252476504900073, 0.3999999999999906408 ) ) ;
#5901 = VERTEX_POINT ( 'NONE', #3452 ) ;
#5902 = ORIENTED_EDGE ( 'NONE', *, *, #1104, .F. ) ;
#5903 = EDGE_CURVE ( 'NONE', #738, #3053, #3361, .T. ) ;
#5904 = AXIS2_PLACEMENT_3D ( 'NONE', #133, #1188, #3154 ) ;
#5905 = ORIENTED_EDGE ( 'NONE', *, *, #2280, .F. ) ;
#5906 = ORIENTED_EDGE ( 'NONE', *, *, #536, .F. ) ;
#5907 = LINE ( 'NONE', #1516, #2641 ) ;
#5908 = DIRECTION ( 'NONE',  ( 0.000000000000000000, 0.000000000000000000, -1.000000000000000000 ) ) ;
#5909 = LINE ( 'NONE', #1518, #980 ) ;
#5910 = PLANE ( 'NONE',  #3840 ) ;
#5911 = EDGE_CURVE ( 'NONE', #5094, #3297, #4820, .T. ) ;
#5912 = EDGE_CURVE ( 'NONE', #3577, #3833, #2841, .T. ) ;
#5913 = VECTOR ( 'NONE', #4691, 1000.000000000000000 ) ;
#5914 = EDGE_LOOP ( 'NONE', ( #432, #1236, #504, #5963 ) ) ;
#5915 = EDGE_CURVE ( 'NONE', #2035, #5877, #2327, .T. ) ;
#5916 = ORIENTED_EDGE ( 'NONE', *, *, #4927, .F. ) ;
#5917 = VERTEX_POINT ( 'NONE', #6290 ) ;
#5918 = PLANE ( 'NONE',  #2096 ) ;
#5919 = DIRECTION ( 'NONE',  ( 0.7071067811865350272, 0.7071067811865600072, 0.000000000000000000 ) ) ;
#5920 = DIRECTION ( 'NONE',  ( 0.000000000000000000, 1.000000000000000000, 0.000000000000000000 ) ) ;
#5921 = VECTOR ( 'NONE', #5646, 1000.000000000000000 ) ;
#5922 = DIRECTION ( 'NONE',  ( 1.000000000000000000, 0.000000000000000000, 0.000000000000000000 ) ) ;
#5923 = CONICAL_SURFACE ( 'NONE', #6237, 1.250000000000001110, 0.7853981633974610466 ) ;
#5924 = CARTESIAN_POINT ( 'NONE',  ( 75.02984732797570189, 0.000000000000000000, 0.3999999999999837019 ) ) ;
#5925 = VERTEX_POINT ( 'NONE', #4792 ) ;
#5926 = CARTESIAN_POINT ( 'NONE',  ( 12.01402484566508733, 19.96343870725182512, 9.600000000000015632 ) ) ;
#5927 = CARTESIAN_POINT ( 'NONE',  ( 0.000000000000000000, 59.57470916941907291, 0.000000000000000000 ) ) ;
#5928 = CARTESIAN_POINT ( 'NONE',  ( 54.21417128568235455, 54.07187430677429774, 6.000000000000000000 ) ) ;
#5929 = VERTEX_POINT ( 'NONE', #4311 ) ;
#5930 = AXIS2_PLACEMENT_3D ( 'NONE', #920, #2877, #4827 ) ;
#5931 = CARTESIAN_POINT ( 'NONE',  ( 0.000000000000000000, 53.53706121412303531, 0.000000000000000000 ) ) ;
#5932 = VERTEX_POINT ( 'NONE', #5394 ) ;
#5933 = ORIENTED_EDGE ( 'NONE', *, *, #4933, .F. ) ;
#5934 = AXIS2_PLACEMENT_3D ( 'NONE', #1995, #3449, #2961 ) ;
#5935 = EDGE_LOOP ( 'NONE', ( #5689, #3929, #1868, #1486 ) ) ;
#5936 = ORIENTED_EDGE ( 'NONE', *, *, #219, .T. ) ;
#5937 = DIRECTION ( 'NONE',  ( -1.000000000000000000, 0.000000000000000000, 0.000000000000000000 ) ) ;
#5938 = DIRECTION ( 'NONE',  ( -0.7071067673497321016, 0.0001398863588252223923, 0.7071067811865605623 ) ) ;
#5939 = CARTESIAN_POINT ( 'NONE',  ( 30.61060500309817201, -1.770031170424250693E-14, -17.84112027324191629 ) ) ;
#5940 = DIRECTION ( 'NONE',  ( 1.000000000000000000, 0.000000000000000000, 0.000000000000000000 ) ) ;
#5941 = VECTOR ( 'NONE', #6213, 1000.000000000000000 ) ;
#5942 = ORIENTED_EDGE ( 'NONE', *, *, #4622, .T. ) ;
#5943 = ORIENTED_EDGE ( 'NONE', *, *, #2084, .F. ) ;
#5944 = ADVANCED_FACE ( 'NONE', ( #2428 ), #6228, .T. ) ;
#5945 = CARTESIAN_POINT ( 'NONE',  ( 73.15243468099103552, 6.261804759730023484, 0.3999999999999837019 ) ) ;
#5946 = ORIENTED_EDGE ( 'NONE', *, *, #3346, .F. ) ;
#5947 = PLANE ( 'NONE',  #3942 ) ;
#5948 = CARTESIAN_POINT ( 'NONE',  ( 76.16692151384303600, 56.44252476504900073, 0.000000000000000000 ) ) ;
#5949 = EDGE_CURVE ( 'NONE', #2384, #1462, #5746, .T. ) ;
#5950 = ADVANCED_FACE ( 'NONE', ( #1941 ), #3867, .F. ) ;
#5951 = EDGE_CURVE ( 'NONE', #4212, #2430, #1456, .T. ) ;
#5952 = LINE ( 'NONE', #5657, #4355 ) ;
#5953 = CARTESIAN_POINT ( 'NONE',  ( 73.34807733323548007, 45.95871309031685570, 5.000000000000000000 ) ) ;
#5954 = CARTESIAN_POINT ( 'NONE',  ( 41.02884860408194356, 0.000000000000000000, 10.00000000000000000 ) ) ;
#5955 = EDGE_CURVE ( 'NONE', #498, #2034, #2937, .T. ) ;
#5956 = CARTESIAN_POINT ( 'NONE',  ( 32.14653210253800353, 0.000000000000000000, 1.959999998568995316 ) ) ;
#5957 = ORIENTED_EDGE ( 'NONE', *, *, #1722, .T. ) ;
#5958 = DIRECTION ( 'NONE',  ( 0.000000000000000000, -0.000000000000000000, -1.000000000000000000 ) ) ;
#5959 = LINE ( 'NONE', #1568, #2814 ) ;
#5960 = CARTESIAN_POINT ( 'NONE',  ( 0.000000000000000000, 24.68592075184099954, 2.109999999999997211 ) ) ;
#5961 = ORIENTED_EDGE ( 'NONE', *, *, #1990, .T. ) ;
#5962 = CARTESIAN_POINT ( 'NONE',  ( 60.81393707745743882, 39.58069509803522834, 2.361847888487184743 ) ) ;
#5963 = ORIENTED_EDGE ( 'NONE', *, *, #4899, .F. ) ;
#5964 = ORIENTED_EDGE ( 'NONE', *, *, #618, .T. ) ;
#5965 = EDGE_CURVE ( 'NONE', #3028, #134, #3013, .T. ) ;
#5966 = EDGE_LOOP ( 'NONE', ( #2387, #1976, #1425, #1170 ) ) ;
#5967 = ORIENTED_EDGE ( 'NONE', *, *, #5041, .T. ) ;
#5968 = CARTESIAN_POINT ( 'NONE',  ( 79.57474980950739507, 1.078464085573844520E-11, 0.000000000000000000 ) ) ;
#5969 = DIRECTION ( 'NONE',  ( 0.0001230892683151790486, 0.9999999924245159821, -0.000000000000000000 ) ) ;
#5970 = LINE ( 'NONE', #2038, #3947 ) ;
#5971 = PLANE ( 'NONE',  #352 ) ;
#5972 = AXIS2_PLACEMENT_3D ( 'NONE', #3472, #1470, #4995 ) ;
#5973 = EDGE_LOOP ( 'NONE', ( #4915, #4791 ) ) ;
#5974 = AXIS2_PLACEMENT_3D ( 'NONE', #2709, #238, #1701 ) ;
#5975 = ORIENTED_EDGE ( 'NONE', *, *, #1885, .F. ) ;
#5976 = DIRECTION ( 'NONE',  ( -0.4999999999999911182, 0.4999999999999916733, 0.7071067811865596742 ) ) ;
#5977 = VECTOR ( 'NONE', #3530, 1000.000000000000000 ) ;
#5978 = ORIENTED_EDGE ( 'NONE', *, *, #4000, .T. ) ;
#5979 = DIRECTION ( 'NONE',  ( 0.000000000000000000, 0.000000000000000000, -1.000000000000000000 ) ) ;
#5980 = AXIS2_PLACEMENT_3D ( 'NONE', #5237, #5589, #1950 ) ;
#5981 = CARTESIAN_POINT ( 'NONE',  ( 12.07195935263215958, 6.980503763349589235E-15, 0.4000000000000114575 ) ) ;
#5982 = VECTOR ( 'NONE', #3603, 1000.000000000000000 ) ;
#5983 = VECTOR ( 'NONE', #3999, 1000.000000000000000 ) ;
#5984 = DIRECTION ( 'NONE',  ( 0.2810846377147325770, 0.6785983445458769747, 0.6785983445458534380 ) ) ;
#5985 = EDGE_CURVE ( 'NONE', #293, #1647, #4468, .T. ) ;
#5986 = CARTESIAN_POINT ( 'NONE',  ( 73.15243468099103552, 6.261804759730024372, 0.3999999999999838129 ) ) ;
#5987 = PLANE ( 'NONE',  #617 ) ;
#5988 = CARTESIAN_POINT ( 'NONE',  ( 19.89412907291898591, 26.94626106892528128, 10.00000000000000000 ) ) ;
#5989 = VECTOR ( 'NONE', #5774, 999.9999999999998863 ) ;
#5990 = ADVANCED_FACE ( 'NONE', ( #5999 ), #170, .T. ) ;
#5991 = EDGE_CURVE ( 'NONE', #5301, #6234, #3574, .T. ) ;
#5992 = EDGE_CURVE ( 'NONE', #2779, #6041, #1155, .T. ) ;
#5993 = DIRECTION ( 'NONE',  ( -0.000000000000000000, -0.7071067811865352493, 0.7071067811865597852 ) ) ;
#5994 = ORIENTED_EDGE ( 'NONE', *, *, #5069, .F. ) ;
#5995 = CARTESIAN_POINT ( 'NONE',  ( 69.83157658086554420, 23.35317541498460869, 9.600000000000015632 ) ) ;
#5996 = DIRECTION ( 'NONE',  ( 0.2810846377148358832, -0.6785983445458437791, 0.6785983445458437791 ) ) ;
#5997 = CARTESIAN_POINT ( 'NONE',  ( 23.77356091487909495, 59.97470916941908570, 9.600000000000015632 ) ) ;
#5998 = ORIENTED_EDGE ( 'NONE', *, *, #382, .T. ) ;
#5999 = FACE_OUTER_BOUND ( 'NONE', #1391, .T. ) ;
#6000 = ORIENTED_EDGE ( 'NONE', *, *, #1986, .T. ) ;
#6001 = ORIENTED_EDGE ( 'NONE', *, *, #4932, .T. ) ;
#6002 = LINE ( 'NONE', #5878, #1819 ) ;
#6003 = LINE ( 'NONE', #2068, #5423 ) ;
#6004 = CARTESIAN_POINT ( 'NONE',  ( 77.98218423212703954, 5.000000000000023093, 0.3999999999999819811 ) ) ;
#6005 = LINE ( 'NONE', #3489, #1574 ) ;
#6006 = ORIENTED_EDGE ( 'NONE', *, *, #5363, .F. ) ;
#6007 = VECTOR ( 'NONE', #929, 1000.000000000000000 ) ;
#6008 = ORIENTED_EDGE ( 'NONE', *, *, #2142, .F. ) ;
#6009 = DIRECTION ( 'NONE',  ( 1.000000000000000000, 0.000000000000000000, 0.000000000000000000 ) ) ;
#6010 = ORIENTED_EDGE ( 'NONE', *, *, #2495, .F. ) ;
#6011 = LINE ( 'NONE', #688, #4552 ) ;
#6012 = DIRECTION ( 'NONE',  ( -0.2810395741260597324, 0.6786076767083626393, 0.6786076767083626393 ) ) ;
#6013 = VECTOR ( 'NONE', #6238, 1000.000000000000000 ) ;
#6014 = AXIS2_PLACEMENT_3D ( 'NONE', #531, #1102, #5937 ) ;
#6015 = FACE_OUTER_BOUND ( 'NONE', #610, .T. ) ;
#6016 = DIRECTION ( 'NONE',  ( 1.000000000000000000, 0.000000000000000000, 0.000000000000000000 ) ) ;
#6017 = PLANE ( 'NONE',  #3531 ) ;
#6018 = ORIENTED_EDGE ( 'NONE', *, *, #2704, .T. ) ;
#6019 = LINE ( 'NONE', #193, #3285 ) ;
#6020 = EDGE_LOOP ( 'NONE', ( #5722, #5002 ) ) ;
#6021 = EDGE_CURVE ( 'NONE', #1573, #5833, #2607, .T. ) ;
#6022 = PLANE ( 'NONE',  #2266 ) ;
#6023 = EDGE_CURVE ( 'NONE', #1896, #1551, #5513, .T. ) ;
#6024 = PLANE ( 'NONE',  #6280 ) ;
#6025 = FACE_OUTER_BOUND ( 'NONE', #883, .T. ) ;
#6026 = ORIENTED_EDGE ( 'NONE', *, *, #6033, .T. ) ;
#6027 = LINE ( 'NONE', #105, #3442 ) ;
#6028 = EDGE_CURVE ( 'NONE', #2915, #362, #1095, .T. ) ;
#6029 = ORIENTED_EDGE ( 'NONE', *, *, #6144, .T. ) ;
#6030 = VECTOR ( 'NONE', #4812, 1000.000000000000114 ) ;
#6031 = ORIENTED_EDGE ( 'NONE', *, *, #6072, .T. ) ;
#6032 = ORIENTED_EDGE ( 'NONE', *, *, #1741, .T. ) ;
#6033 = EDGE_CURVE ( 'NONE', #876, #3029, #525, .T. ) ;
#6034 = AXIS2_PLACEMENT_3D ( 'NONE', #4679, #1308, #261 ) ;
#6035 = CARTESIAN_POINT ( 'NONE',  ( 40.83180065388673796, 38.69286487643512373, 3.399999999999983036 ) ) ;
#6036 = DIRECTION ( 'NONE',  ( 0.6786076767083593086, 0.2810395741260592328, 0.6786076767083659700 ) ) ;
#6037 = DIRECTION ( 'NONE',  ( 0.000000000000000000, -1.000000000000000000, 0.000000000000000000 ) ) ;
#6038 = DIRECTION ( 'NONE',  ( -0.7100637267678131526, -0.7041374183556817767, 0.000000000000000000 ) ) ;
#6039 = ADVANCED_FACE ( 'NONE', ( #3511 ), #2127, .F. ) ;
#6040 = AXIS2_PLACEMENT_3D ( 'NONE', #1517, #3487, #436 ) ;
#6041 = VERTEX_POINT ( 'NONE', #5452 ) ;
#6042 = CARTESIAN_POINT ( 'NONE',  ( 73.34807733323548007, 40.95871309031685570, 4.599999999999988987 ) ) ;
#6043 = ORIENTED_EDGE ( 'NONE', *, *, #1412, .F. ) ;
#6044 = LINE ( 'NONE', #3103, #5375 ) ;
#6045 = VECTOR ( 'NONE', #3163, 1000.000000000000000 ) ;
#6046 = DIRECTION ( 'NONE',  ( 0.000000000000000000, -1.000000000000000000, 0.000000000000000000 ) ) ;
#6047 = AXIS2_PLACEMENT_3D ( 'NONE', #6312, #1929, #3410 ) ;
#6048 = LINE ( 'NONE', #2213, #5596 ) ;
#6049 = EDGE_CURVE ( 'NONE', #2060, #876, #5034, .T. ) ;
#6050 = PLANE ( 'NONE',  #3532 ) ;
#6051 = LINE ( 'NONE', #1655, #2884 ) ;
#6052 = DIRECTION ( 'NONE',  ( 0.000000000000000000, 1.000000000000000000, 0.000000000000000000 ) ) ;
#6053 = DIRECTION ( 'NONE',  ( 0.000000000000000000, 1.000000000000000000, 0.000000000000000000 ) ) ;
#6054 = VERTEX_POINT ( 'NONE', #638 ) ;
#6055 = CARTESIAN_POINT ( 'NONE',  ( 55.24511320246803336, 59.97470916941927044, 9.600000000000019185 ) ) ;
#6056 = PRODUCT_DEFINITION_CONTEXT ( 'detailed design', #4191, 'design' ) ;
#6057 = FACE_BOUND ( 'NONE', #3287, .T. ) ;
#6058 = CARTESIAN_POINT ( 'NONE',  ( 42.26316317913270382, 28.15317541498460230, 10.00000000000000000 ) ) ;
#6059 = ORIENTED_EDGE ( 'NONE', *, *, #550, .T. ) ;
#6060 = PLANE ( 'NONE',  #5057 ) ;
#6061 = EDGE_CURVE ( 'NONE', #5776, #5528, #4972, .T. ) ;
#6062 = ORIENTED_EDGE ( 'NONE', *, *, #4189, .T. ) ;
#6063 = ORIENTED_EDGE ( 'NONE', *, *, #2718, .F. ) ;
#6064 = DIRECTION ( 'NONE',  ( 2.168404344971008868E-16, 1.000000000000000000, -0.000000000000000000 ) ) ;
#6065 = DIRECTION ( 'NONE',  ( -1.000000000000000000, 0.000000000000000000, 0.000000000000000000 ) ) ;
#6066 = CARTESIAN_POINT ( 'NONE',  ( 46.94653210253800779, 28.88980021391638431, -17.00997182357270887 ) ) ;
#6067 = CARTESIAN_POINT ( 'NONE',  ( 11.27132469877176923, 49.93421759231525670, 6.000000000000000000 ) ) ;
#6068 = ORIENTED_EDGE ( 'NONE', *, *, #3209, .T. ) ;
#6069 = EDGE_CURVE ( 'NONE', #5585, #901, #2413, .T. ) ;
#6070 = EDGE_CURVE ( 'NONE', #982, #237, #6027, .T. ) ;
#6071 = ORIENTED_EDGE ( 'NONE', *, *, #4238, .T. ) ;
#6072 = EDGE_CURVE ( 'NONE', #3142, #1284, #4014, .T. ) ;
#6073 = CARTESIAN_POINT ( 'NONE',  ( 62.89024130048304073, 40.61884720954800088, 3.399999999999983036 ) ) ;
#6074 = CARTESIAN_POINT ( 'NONE',  ( 59.77578496594467339, 36.03617221234399182, -3.469446951953614189E-15 ) ) ;
#6075 = ORIENTED_EDGE ( 'NONE', *, *, #1096, .F. ) ;
#6076 = DIRECTION ( 'NONE',  ( 0.2810846377148412678, 0.6785983445458544372, -0.6785983445458309005 ) ) ;
#6077 = DIRECTION ( 'NONE',  ( 0.7071067811865474617, -0.7071067811865474617, 0.000000000000000000 ) ) ;
#6078 = AXIS2_PLACEMENT_3D ( 'NONE', #3664, #4682, #1152 ) ;
#6079 = DIRECTION ( 'NONE',  ( -1.000000000000000000, 0.000000000000000000, 0.000000000000000000 ) ) ;
#6080 = CONICAL_SURFACE ( 'NONE', #1889, 1.250000000000000222, 0.7853981633974600474 ) ;
#6081 = DIRECTION ( 'NONE',  ( -1.000000000000000000, 0.000000000000000000, 0.000000000000000000 ) ) ;
#6082 = CARTESIAN_POINT ( 'NONE',  ( 23.99487291362402885, 53.90641816659306329, 4.000000000000000000 ) ) ;
#6083 = LINE ( 'NONE', #1690, #5466 ) ;
#6084 = VECTOR ( 'NONE', #406, 1000.000000000000000 ) ;
#6085 = CIRCLE ( 'NONE', #1783, 1.649999999999971045 ) ;
#6086 = EDGE_CURVE ( 'NONE', #2173, #2909, #1606, .T. ) ;
#6087 = VECTOR ( 'NONE', #4528, 1000.000000000000000 ) ;
#6088 = LINE ( 'NONE', #3694, #4409 ) ;
#6089 = AXIS2_PLACEMENT_3D ( 'NONE', #4406, #394, #6287 ) ;
#6090 = ORIENTED_EDGE ( 'NONE', *, *, #949, .T. ) ;
#6091 = CARTESIAN_POINT ( 'NONE',  ( 73.15243468099103552, 20.03231731485910316, 10.00099999999999945 ) ) ;
#6092 = DIRECTION ( 'NONE',  ( -0.5773502691896323924, -0.5773502691896323924, -0.5773502691896122974 ) ) ;
#6093 = DIRECTION ( 'NONE',  ( 0.000000000000000000, -0.000000000000000000, 1.000000000000000000 ) ) ;
#6094 = ORIENTED_EDGE ( 'NONE', *, *, #5594, .T. ) ;
#6095 = FACE_OUTER_BOUND ( 'NONE', #719, .T. ) ;
#6096 = EDGE_LOOP ( 'NONE', ( #4219, #39, #2477, #3703, #2233, #1137 ) ) ;
#6097 = ORIENTED_EDGE ( 'NONE', *, *, #5478, .F. ) ;
#6098 = VERTEX_POINT ( 'NONE', #5486 ) ;
#6099 = CARTESIAN_POINT ( 'NONE',  ( 7.158251002323207324, 5.400000000000020783, 10.00000000000000000 ) ) ;
#6100 = PLANE ( 'NONE',  #5625 ) ;
#6101 = LINE ( 'NONE', #2230, #1787 ) ;
#6102 = ORIENTED_EDGE ( 'NONE', *, *, #3304, .F. ) ;
#6103 = CARTESIAN_POINT ( 'NONE',  ( 79.57474980949956489, 57.81645816709675501, 10.00000000000000000 ) ) ;
#6104 = EDGE_CURVE ( 'NONE', #4807, #1348, #607, .T. ) ;
#6105 = VERTEX_POINT ( 'NONE', #135 ) ;
#6106 = ORIENTED_EDGE ( 'NONE', *, *, #552, .T. ) ;
#6107 = CARTESIAN_POINT ( 'NONE',  ( 12.01402484566508733, 19.96343870725182512, 10.00099999999999945 ) ) ;
#6108 = PLANE ( 'NONE',  #2770 ) ;
#6109 = ORIENTED_EDGE ( 'NONE', *, *, #155, .T. ) ;
#6110 = CARTESIAN_POINT ( 'NONE',  ( 21.59849847639610587, 54.72364393142547812, 14.85106523799343847 ) ) ;
#6111 = EDGE_CURVE ( 'NONE', #5925, #2182, #2094, .T. ) ;
#6112 = LINE ( 'NONE', #755, #2632 ) ;
#6113 = EDGE_CURVE ( 'NONE', #4390, #5075, #5424, .T. ) ;
#6114 = VECTOR ( 'NONE', #2856, 1000.000000000000000 ) ;
#6115 = EDGE_CURVE ( 'NONE', #965, #6041, #2286, .T. ) ;
#6116 = DIRECTION ( 'NONE',  ( -1.000000000000000000, 0.000000000000000000, 0.000000000000000000 ) ) ;
#6117 = VECTOR ( 'NONE', #5606, 1000.000000000000000 ) ;
#6118 = LINE ( 'NONE', #4642, #4137 ) ;
#6119 = DIRECTION ( 'NONE',  ( 0.7071067811863814834, 0.7071067811867136621, 0.000000000000000000 ) ) ;
#6120 = LINE ( 'NONE', #5628, #2205 ) ;
#6121 = VECTOR ( 'NONE', #138, 1000.000000000000000 ) ;
#6122 = CARTESIAN_POINT ( 'NONE',  ( 76.16692151384303600, 8.415085090169998949, 0.3999999999999906408 ) ) ;
#6123 = ORIENTED_EDGE ( 'NONE', *, *, #1323, .T. ) ;
#6124 = CARTESIAN_POINT ( 'NONE',  ( 40.83180065388673796, 43.69286487643512373, -6.830045703262805468 ) ) ;
#6125 = DIRECTION ( 'NONE',  ( -0.000000000000000000, -0.000000000000000000, -1.000000000000000000 ) ) ;
#6126 = PLANE ( 'NONE',  #1403 ) ;
#6127 = ORIENTED_EDGE ( 'NONE', *, *, #661, .T. ) ;
#6128 = DIRECTION ( 'NONE',  ( -0.7071067811867136621, 0.7071067811863814834, 0.000000000000000000 ) ) ;
#6129 = ORIENTED_EDGE ( 'NONE', *, *, #4823, .T. ) ;
#6130 = VERTEX_POINT ( 'NONE', #4175 ) ;
#6131 = DIRECTION ( 'NONE',  ( -0.000000000000000000, -0.000000000000000000, -1.000000000000000000 ) ) ;
#6132 = DIRECTION ( 'NONE',  ( -0.4999384515780989635, 0.5000615408464083034, -0.7071067811865536790 ) ) ;
#6133 = EDGE_CURVE ( 'NONE', #4025, #3567, #2223, .T. ) ;
#6134 = DIRECTION ( 'NONE',  ( 0.000000000000000000, -1.000000000000000000, 0.000000000000000000 ) ) ;
#6135 = CARTESIAN_POINT ( 'NONE',  ( 12.07132469877178771, 34.73421759231527517, 4.000000000000000000 ) ) ;
#6136 = VERTEX_POINT ( 'NONE', #739 ) ;
#6137 = VECTOR ( 'NONE', #3247, 1000.000000000000000 ) ;
#6138 = ORIENTED_EDGE ( 'NONE', *, *, #4863, .T. ) ;
#6139 = DIRECTION ( 'NONE',  ( 0.7071067811865345831, 8.904527081674072977E-17, -0.7071067811865604513 ) ) ;
#6140 = LINE ( 'NONE', #6169, #928 ) ;
#6141 = EDGE_LOOP ( 'NONE', ( #3396, #2743, #48, #1828 ) ) ;
#6142 = DIRECTION ( 'NONE',  ( 0.7070197385735585982, -0.7071938130861842309, 0.000000000000000000 ) ) ;
#6143 = VECTOR ( 'NONE', #3238, 1000.000000000000114 ) ;
#6144 = EDGE_CURVE ( 'NONE', #3235, #3998, #3222, .T. ) ;
#6145 = LINE ( 'NONE', #1748, #2954 ) ;
#6146 = VECTOR ( 'NONE', #4566, 1000.000000000000000 ) ;
#6147 = EDGE_CURVE ( 'NONE', #5358, #5783, #3253, .T. ) ;
#6148 = DIRECTION ( 'NONE',  ( -0.000000000000000000, -0.000000000000000000, -1.000000000000000000 ) ) ;
#6149 = DIRECTION ( 'NONE',  ( -0.5000000000000062172, 0.5000000000000046629, 0.7071067811865400232 ) ) ;
#6150 = DIRECTION ( 'NONE',  ( 0.000000000000000000, 0.000000000000000000, -1.000000000000000000 ) ) ;
#6151 = EDGE_CURVE ( 'NONE', #2912, #982, #4140, .T. ) ;
#6152 = DIRECTION ( 'NONE',  ( 1.577021341797097018E-15, 1.000000000000000000, 0.000000000000000000 ) ) ;
#6153 = ADVANCED_FACE ( 'NONE', ( #6095 ), #2674, .F. ) ;
#6154 = VERTEX_POINT ( 'NONE', #4207 ) ;
#6155 = CARTESIAN_POINT ( 'NONE',  ( 69.83157658086554420, 23.35317541498460869, 10.00099999999999945 ) ) ;
#6156 = CARTESIAN_POINT ( 'NONE',  ( 55.42884860408193504, 24.35317541498460869, 9.600000000000015632 ) ) ;
#6157 = CARTESIAN_POINT ( 'NONE',  ( 31.00277114554352309, 31.00277114554352309, 4.000000000000000000 ) ) ;
#6158 = ORIENTED_EDGE ( 'NONE', *, *, #1057, .T. ) ;
#6159 = DIRECTION ( 'NONE',  ( -0.5773502691896253980, 0.5773502691896359451, 0.5773502691896159611 ) ) ;
#6160 = ORIENTED_EDGE ( 'NONE', *, *, #2238, .T. ) ;
#6161 = ORIENTED_EDGE ( 'NONE', *, *, #345, .T. ) ;
#6162 = DIRECTION ( 'NONE',  ( -0.7071067811865361374, -8.904527081674092698E-17, -0.7071067811865588970 ) ) ;
#6163 = LINE ( 'NONE', #2228, #930 ) ;
#6164 = FACE_OUTER_BOUND ( 'NONE', #4664, .T. ) ;
#6165 = PLANE ( 'NONE',  #4756 ) ;
#6166 = ORIENTED_EDGE ( 'NONE', *, *, #1880, .T. ) ;
#6167 = ORIENTED_EDGE ( 'NONE', *, *, #3882, .T. ) ;
#6168 = FACE_OUTER_BOUND ( 'NONE', #4510, .T. ) ;
#6169 = CARTESIAN_POINT ( 'NONE',  ( 5.400000000000027889, 6.992565577373016872, 10.00000000000000000 ) ) ;
#6170 = EDGE_LOOP ( 'NONE', ( #3206, #5191, #1436, #4232 ) ) ;
#6171 = CARTESIAN_POINT ( 'NONE',  ( 7.238803657608025688, 8.415085090169998949, -5.421010862427522170E-17 ) ) ;
#6172 = FACE_OUTER_BOUND ( 'NONE', #1483, .T. ) ;
#6173 = DIRECTION ( 'NONE',  ( -0.7071067811865492381, 0.7071067811865457964, 0.000000000000000000 ) ) ;
#6174 = DIRECTION ( 'NONE',  ( -0.7071067758298794637, 8.703725631700355157E-05, -0.7071067811865394681 ) ) ;
#6175 = CONICAL_SURFACE ( 'NONE', #1472, 2.000000000000001776, 0.7853981633974578269 ) ;
#6176 = ADVANCED_FACE ( 'NONE', ( #5189 ), #233, .T. ) ;
#6177 = VECTOR ( 'NONE', #2566, 1000.000000000000114 ) ;
#6178 = CARTESIAN_POINT ( 'NONE',  ( 5.874569097483069768, 50.73421759231528227, 4.000000000000000000 ) ) ;
#6179 = VERTEX_POINT ( 'NONE', #5064 ) ;
#6180 = LINE ( 'NONE', #1216, #1445 ) ;
#6181 = AXIS2_PLACEMENT_3D ( 'NONE', #2369, #1492, #1362 ) ;
#6182 = LINE ( 'NONE', #1792, #2107 ) ;
#6183 = VECTOR ( 'NONE', #6076, 999.9999999999998863 ) ;
#6184 = CARTESIAN_POINT ( 'NONE',  ( 79.97474980950003953, 10.50829548434902350, 10.00099999999999945 ) ) ;
#6185 = ORIENTED_EDGE ( 'NONE', *, *, #115, .F. ) ;
#6186 = ADVANCED_FACE ( 'NONE', ( #3702 ), #1761, .T. ) ;
#6187 = CARTESIAN_POINT ( 'NONE',  ( 54.42884860408192793, 27.75317541498460372, 9.600000000000015632 ) ) ;
#6188 = EDGE_CURVE ( 'NONE', #4382, #1634, #2769, .T. ) ;
#6189 = VECTOR ( 'NONE', #5003, 1000.000000000000000 ) ;
#6190 = VECTOR ( 'NONE', #140, 1000.000000000000000 ) ;
#6191 = ORIENTED_EDGE ( 'NONE', *, *, #11, .T. ) ;
#6192 = ORIENTED_EDGE ( 'NONE', *, *, #4542, .F. ) ;
#6193 = CARTESIAN_POINT ( 'NONE',  ( 73.71952070086400965, 54.05016659718972960, 4.000000000000000000 ) ) ;
#6194 = CARTESIAN_POINT ( 'NONE',  ( 24.61060500309818622, 30.68592075184099599, -17.84112027324191629 ) ) ;
#6195 = CARTESIAN_POINT ( 'NONE',  ( 5.871403830447665229, 34.73421759231528938, 6.000000000000000000 ) ) ;
#6196 = DIRECTION ( 'NONE',  ( -0.7071067811865423547, 8.659560562354868763E-17, 0.7071067811865526798 ) ) ;
#6197 = VECTOR ( 'NONE', #5252, 1000.000000000000000 ) ;
#6198 = VERTEX_POINT ( 'NONE', #1220 ) ;
#6199 = ORIENTED_EDGE ( 'NONE', *, *, #4631, .T. ) ;
#6200 = CARTESIAN_POINT ( 'NONE',  ( -1.793010517040539931, 2.287549152101669314, -17.84112027324191629 ) ) ;
#6201 = DIRECTION ( 'NONE',  ( 0.000000000000000000, 0.000000000000000000, -1.000000000000000000 ) ) ;
#6202 = EDGE_LOOP ( 'NONE', ( #1835, #5576, #593, #1789 ) ) ;
#6203 = DIRECTION ( 'NONE',  ( -0.000000000000000000, -0.000000000000000000, -1.000000000000000000 ) ) ;
#6204 = VERTEX_POINT ( 'NONE', #3193 ) ;
#6205 = CARTESIAN_POINT ( 'NONE',  ( 77.98218423212628636, 59.97470916941927044, 0.3999999999999837019 ) ) ;
#6206 = DIRECTION ( 'NONE',  ( 0.0001978291858416224519, 0.9999999804318063790, 0.000000000000000000 ) ) ;
#6207 = DIRECTION ( 'NONE',  ( 0.4999999999999892308, 0.4999999999999892308, 0.7071067811865627828 ) ) ;
#6208 = EDGE_CURVE ( 'NONE', #3860, #1616, #4959, .T. ) ;
#6209 = VECTOR ( 'NONE', #5451, 1000.000000000000000 ) ;
#6210 = VECTOR ( 'NONE', #4063, 1000.000000000000000 ) ;
#6211 = FACE_OUTER_BOUND ( 'NONE', #733, .T. ) ;
#6212 = EDGE_LOOP ( 'NONE', ( #5425, #6018, #2801, #2643 ) ) ;
#6213 = DIRECTION ( 'NONE',  ( 0.000000000000000000, -1.000000000000000000, 0.000000000000000000 ) ) ;
#6214 = DIRECTION ( 'NONE',  ( 0.6787196716083884196, 0.2805614534919163572, 0.6786935082836026423 ) ) ;
#6215 = DIRECTION ( 'NONE',  ( 1.000000000000000000, 0.000000000000000000, 0.000000000000000000 ) ) ;
#6216 = ORIENTED_EDGE ( 'NONE', *, *, #5903, .T. ) ;
#6217 = AXIS2_PLACEMENT_3D ( 'NONE', #6232, #5369, #4348 ) ;
#6218 = LINE ( 'NONE', #5737, #2418 ) ;
#6219 = EDGE_CURVE ( 'NONE', #4971, #2940, #5125, .T. ) ;
#6220 = EDGE_LOOP ( 'NONE', ( #415, #5122, #4922, #3736 ) ) ;
#6221 = EDGE_LOOP ( 'NONE', ( #5371, #3877, #4217, #4777 ) ) ;
#6222 = DIRECTION ( 'NONE',  ( -0.000000000000000000, -0.000000000000000000, -1.000000000000000000 ) ) ;
#6223 = DIRECTION ( 'NONE',  ( 0.7061519002946796686, -0.7080603743397965166, 0.000000000000000000 ) ) ;
#6224 = EDGE_CURVE ( 'NONE', #5075, #3711, #1285, .T. ) ;
#6225 = CARTESIAN_POINT ( 'NONE',  ( 41.42884860408194214, 26.75317541498458951, 9.600000000000015632 ) ) ;
#6226 = CARTESIAN_POINT ( 'NONE',  ( 55.42884860408193504, 24.35317541498460869, 4.000000000000000000 ) ) ;
#6227 = ORIENTED_EDGE ( 'NONE', *, *, #1986, .F. ) ;
#6228 = PLANE ( 'NONE',  #764 ) ;
#6229 = EDGE_CURVE ( 'NONE', #839, #2696, #1795, .T. ) ;
#6230 = ORIENTED_EDGE ( 'NONE', *, *, #3812, .F. ) ;
#6231 = ORIENTED_EDGE ( 'NONE', *, *, #1214, .F. ) ;
#6232 = CARTESIAN_POINT ( 'NONE',  ( 76.16692151384303600, 56.44252476504900073, 0.000000000000000000 ) ) ;
#6233 = CARTESIAN_POINT ( 'NONE',  ( 11.01402484566505890, 5.000000000000023093, 10.00099999999999945 ) ) ;
#6234 = VERTEX_POINT ( 'NONE', #2640 ) ;
#6235 = CARTESIAN_POINT ( 'NONE',  ( 41.42884860408194214, 23.35317541498460159, -10.67514906227531313 ) ) ;
#6236 = ORIENTED_EDGE ( 'NONE', *, *, #4707, .T. ) ;
#6237 = AXIS2_PLACEMENT_3D ( 'NONE', #6122, #1213, #323 ) ;
#6238 = DIRECTION ( 'NONE',  ( -0.7071067811865464625, -0.7071067811865486830, 0.000000000000000000 ) ) ;
#6239 = DIRECTION ( 'NONE',  ( -0.000000000000000000, -0.000000000000000000, -1.000000000000000000 ) ) ;
#6240 = VECTOR ( 'NONE', #4084, 1000.000000000000114 ) ;
#6241 = LINE ( 'NONE', #1368, #1499 ) ;
#6242 = VECTOR ( 'NONE', #3259, 1000.000000000000000 ) ;
#6243 = FACE_OUTER_BOUND ( 'NONE', #5097, .T. ) ;
#6244 = ORIENTED_EDGE ( 'NONE', *, *, #5048, .F. ) ;
#6245 = LINE ( 'NONE', #2412, #724 ) ;
#6246 = FACE_OUTER_BOUND ( 'NONE', #5782, .T. ) ;
#6247 = EDGE_LOOP ( 'NONE', ( #1944, #1711 ) ) ;
#6248 = VECTOR ( 'NONE', #3785, 1000.000000000000000 ) ;
#6249 = DIRECTION ( 'NONE',  ( 0.6787196716083898629, 0.2805614534919668168, -0.6786935082835804378 ) ) ;
#6250 = VECTOR ( 'NONE', #480, 1000.000000000000000 ) ;
#6251 = CARTESIAN_POINT ( 'NONE',  ( 40.42884860408195635, 23.35317541498460869, 9.600000000000013856 ) ) ;
#6252 = ORIENTED_EDGE ( 'NONE', *, *, #79, .T. ) ;
#6253 = DIRECTION ( 'NONE',  ( 0.000000000000000000, 0.000000000000000000, 1.000000000000000000 ) ) ;
#6254 = DIRECTION ( 'NONE',  ( -1.000000000000000000, 0.000000000000000000, 0.000000000000000000 ) ) ;
#6255 = FACE_OUTER_BOUND ( 'NONE', #3732, .T. ) ;
#6256 = DIRECTION ( 'NONE',  ( -1.000000000000000000, 0.000000000000000000, 0.000000000000000000 ) ) ;
#6257 = DIRECTION ( 'NONE',  ( -0.000000000000000000, -0.000000000000000000, -1.000000000000000000 ) ) ;
#6258 = ORIENTED_EDGE ( 'NONE', *, *, #1838, .T. ) ;
#6259 = ADVANCED_FACE ( 'NONE', ( #200 ), #268, .T. ) ;
#6260 = VERTEX_POINT ( 'NONE', #2158 ) ;
#6261 = ORIENTED_EDGE ( 'NONE', *, *, #6151, .T. ) ;
#6262 = CARTESIAN_POINT ( 'NONE',  ( 11.27132469877176923, 50.73421759231527517, 4.000000000000000000 ) ) ;
#6263 = DIRECTION ( 'NONE',  ( 0.000000000000000000, 0.000000000000000000, 1.000000000000000000 ) ) ;
#6264 = ORIENTED_EDGE ( 'NONE', *, *, #4470, .F. ) ;
#6265 = DIRECTION ( 'NONE',  ( 0.000000000000000000, 0.000000000000000000, 1.000000000000000000 ) ) ;
#6266 = PLANE ( 'NONE',  #757 ) ;
#6267 = ADVANCED_FACE ( 'NONE', ( #4110 ), #6060, .T. ) ;
#6268 = EDGE_CURVE ( 'NONE', #116, #3559, #3915, .T. ) ;
#6269 = ORIENTED_EDGE ( 'NONE', *, *, #2355, .T. ) ;
#6270 = EDGE_CURVE ( 'NONE', #5776, #5489, #6218, .T. ) ;
#6271 = DIRECTION ( 'NONE',  ( 1.652117596168386770E-15, 1.000000000000000000, 0.000000000000000000 ) ) ;
#6272 = CARTESIAN_POINT ( 'NONE',  ( 76.16692151384303600, 56.44252476504900073, 0.3999999999999906408 ) ) ;
#6273 = FACE_BOUND ( 'NONE', #4304, .T. ) ;
#6274 = CARTESIAN_POINT ( 'NONE',  ( 10.13880365760802604, 56.44252476504900073, 0.4000000000000027978 ) ) ;
#6275 = VERTEX_POINT ( 'NONE', #4334 ) ;
#6276 = DIRECTION ( 'NONE',  ( 0.000000000000000000, 1.000000000000000000, 0.000000000000000000 ) ) ;
#6277 = PLANE ( 'NONE',  #2917 ) ;
#6278 = ORIENTED_EDGE ( 'NONE', *, *, #1971, .F. ) ;
#6279 = DIRECTION ( 'NONE',  ( -0.7071067811865474617, -0.7071067811865474617, -0.000000000000000000 ) ) ;
#6280 = AXIS2_PLACEMENT_3D ( 'NONE', #5151, #5062, #5574 ) ;
#6281 = LINE ( 'NONE', #1934, #4 ) ;
#6282 = VECTOR ( 'NONE', #5709, 1000.000000000000000 ) ;
#6283 = VERTEX_POINT ( 'NONE', #2832 ) ;
#6284 = FACE_OUTER_BOUND ( 'NONE', #898, .T. ) ;
#6285 = CARTESIAN_POINT ( 'NONE',  ( 5.874489965807185854, 50.33421759231526948, 5.599999999999988987 ) ) ;
#6286 = EDGE_LOOP ( 'NONE', ( #5232, #6261, #1230, #148 ) ) ;
#6287 = DIRECTION ( 'NONE',  ( -1.000000000000000000, 0.000000000000000000, 0.000000000000000000 ) ) ;
#6288 = CARTESIAN_POINT ( 'NONE',  ( 46.94653210253800779, 34.88980021391638076, 1.959999998568988433 ) ) ;
#6289 = EDGE_CURVE ( 'NONE', #1471, #5480, #1314, .T. ) ;
#6290 = CARTESIAN_POINT ( 'NONE',  ( 73.34807733323548007, 45.95871309031685570, 4.000000000000000000 ) ) ;
#6291 = AXIS2_PLACEMENT_3D ( 'NONE', #4343, #5298, #1389 ) ;
#6292 = VECTOR ( 'NONE', #1954, 1000.000000000000227 ) ;
#6293 = VERTEX_POINT ( 'NONE', #5804 ) ;
#6294 = ORIENTED_EDGE ( 'NONE', *, *, #891, .T. ) ;
#6295 = CARTESIAN_POINT ( 'NONE',  ( 65.34807733323546586, 45.95871309031685570, 5.000000000000000000 ) ) ;
#6296 = CARTESIAN_POINT ( 'NONE',  ( 36.20824940358892263, -36.20824940358889421, 10.00000000000000000 ) ) ;
#6297 = ORIENTED_EDGE ( 'NONE', *, *, #514, .F. ) ;
#6298 = DIRECTION ( 'NONE',  ( 0.7071067811865502373, -0.7071067811865449082, 0.000000000000000000 ) ) ;
#6299 = AXIS2_PLACEMENT_3D ( 'NONE', #533, #4085, #4503 ) ;
#6300 = DIRECTION ( 'NONE',  ( -1.000000000000000000, 0.000000000000000000, 0.000000000000000000 ) ) ;
#6301 = ORIENTED_EDGE ( 'NONE', *, *, #3731, .T. ) ;
#6302 = ORIENTED_EDGE ( 'NONE', *, *, #4000, .F. ) ;
#6303 = EDGE_CURVE ( 'NONE', #1551, #2690, #3413, .T. ) ;
#6304 = EDGE_CURVE ( 'NONE', #3317, #1523, #1446, .T. ) ;
#6305 = DIRECTION ( 'NONE',  ( -1.000000000000000000, 1.196361017915039831E-15, 0.000000000000000000 ) ) ;
#6306 = DIRECTION ( 'NONE',  ( 0.7071067811865472397, 0.7071067811865479058, 0.000000000000000000 ) ) ;
#6307 = EDGE_CURVE ( 'NONE', #4408, #3068, #2825, .T. ) ;
#6308 = EDGE_CURVE ( 'NONE', #6283, #1876, #1897, .T. ) ;
#6309 = EDGE_CURVE ( 'NONE', #6154, #2268, #3853, .T. ) ;
#6310 = DIRECTION ( 'NONE',  ( -0.7071067811865455743, 0.7071067811865495711, 0.000000000000000000 ) ) ;
#6311 = ORIENTED_EDGE ( 'NONE', *, *, #2163, .T. ) ;
#6312 = CARTESIAN_POINT ( 'NONE',  ( 23.99487291362406083, 1.528350644096738839E-14, 4.000000000000000000 ) ) ;
#6313 = CARTESIAN_POINT ( 'NONE',  ( 73.15243468099103552, 12.06030566349624422, 4.000000000000000000 ) ) ;
#6314 = EDGE_LOOP ( 'NONE', ( #2847, #3793, #6026, #5334, #3873, #4526 ) ) ;
#6315 = VECTOR ( 'NONE', #1123, 1000.000000000000000 ) ;
#6316 = CARTESIAN_POINT ( 'NONE',  ( 7.781306235088078616, 55.68405605187503227, -3.890653117544037531 ) ) ;
#6317 = ORIENTED_EDGE ( 'NONE', *, *, #441, .F. ) ;
#6318 = LINE ( 'NONE', #4338, #4651 ) ;
#6319 = CARTESIAN_POINT ( 'NONE',  ( 11.67132469877178025, 49.93421759231525670, 4.000000000000000000 ) ) ;
#6320 = VECTOR ( 'NONE', #4269, 1000.000000000000000 ) ;
#6321 = PLANE ( 'NONE',  #262 ) ;
#6322 = CARTESIAN_POINT ( 'NONE',  ( 52.73749400462213544, 57.48801897299450303, 6.277097760621151323 ) ) ;
#6323 = CARTESIAN_POINT ( 'NONE',  ( 46.94653210253800779, 34.88980021391638076, 4.000000000000000000 ) ) ;
#6324 = EDGE_LOOP ( 'NONE', ( #4687, #2800, #3605, #1881 ) ) ;
#6325 = VECTOR ( 'NONE', #81, 1000.000000000000000 ) ;
#6326 = EDGE_CURVE ( 'NONE', #4408, #935, #4746, .T. ) ;
#6327 = ORIENTED_EDGE ( 'NONE', *, *, #1056, .F. ) ;
#6328 = ORIENTED_EDGE ( 'NONE', *, *, #3686, .F. ) ;
#6329 = LINE ( 'NONE', #2432, #4487 ) ;
#6330 = CARTESIAN_POINT ( 'NONE',  ( 23.99487291362402175, 59.75339717067414824, 4.000000000000000000 ) ) ;
#6331 = ORIENTED_EDGE ( 'NONE', *, *, #1156, .T. ) ;
#6332 = PLANE ( 'NONE',  #3131 ) ;
#6333 = DIRECTION ( 'NONE',  ( -0.5773502691896258421, -0.5773502691896258421, -0.5773502691896258421 ) ) ;
#6334 = ORIENTED_EDGE ( 'NONE', *, *, #4740, .T. ) ;
ENDSEC;
END-ISO-10303-21;
