ISO-10303-21;
HEADER;
FILE_DESCRIPTION (( 'STEP AP214' ),
    '1' );
FILE_NAME ('接收端散热-光-2-Al.STEP',
    '2026-05-06T16:45:24',
    ( '' ),
    ( '' ),
    'SwSTEP 2.0',
    'SolidWorks 2024',
    '' );
FILE_SCHEMA (( 'AUTOMOTIVE_DESIGN' ));
ENDSEC;

DATA;
#1 = ORIENTED_EDGE ( 'NONE', *, *, #1268, .F. ) ;
#2 = FACE_OUTER_BOUND ( 'NONE', #922, .T. ) ;
#3 = ORIENTED_EDGE ( 'NONE', *, *, #4054, .T. ) ;
#4 = DIRECTION ( 'NONE',  ( 5.782411586589358625E-16, 1.000000000000000000, 0.000000000000000000 ) ) ;
#5 = DIRECTION ( 'NONE',  ( 0.5773502691896266192, 0.5773502691896266192, 0.5773502691896240657 ) ) ;
#6 = CARTESIAN_POINT ( 'NONE',  ( 79.69190709702549213, 54.57867219637570599, 10.00000000000000000 ) ) ;
#7 = ORIENTED_EDGE ( 'NONE', *, *, #6907, .F. ) ;
#8 = ORIENTED_EDGE ( 'NONE', *, *, #7449, .T. ) ;
#9 = VECTOR ( 'NONE', #2776, 1000.000000000000000 ) ;
#10 = CARTESIAN_POINT ( 'NONE',  ( 76.16692151384303600, 8.415085090169998949, 1.000000000000000888 ) ) ;
#11 = FACE_OUTER_BOUND ( 'NONE', #5224, .T. ) ;
#12 = AXIS2_PLACEMENT_3D ( 'NONE', #4883, #1449, #5451 ) ;
#13 = CARTESIAN_POINT ( 'NONE',  ( 5.399999999999889333, -1.019194782752435052E-13, 1.000000000000000888 ) ) ;
#14 = LINE ( 'NONE', #2321, #3809 ) ;
#15 = DIRECTION ( 'NONE',  ( -0.2795507047319120697, 0.6789150917029033172, -0.6789150917028797805 ) ) ;
#16 = ORIENTED_EDGE ( 'NONE', *, *, #2657, .T. ) ;
#17 = ORIENTED_EDGE ( 'NONE', *, *, #4893, .T. ) ;
#18 = DIRECTION ( 'NONE',  ( 0.2810846377147952491, 0.6785983445458639851, 0.6785983445458404484 ) ) ;
#19 = LINE ( 'NONE', #6332, #6379 ) ;
#20 = CARTESIAN_POINT ( 'NONE',  ( 1.003978785887913501E-13, 28.93771831048124454, 1.400000000000012346 ) ) ;
#22 = LINE ( 'NONE', #1260, #7029 ) ;
#21 = CARTESIAN_POINT ( 'NONE',  ( 73.34807733323548007, 45.55871309031685712, 4.399999999999997691 ) ) ;
#23 = DIRECTION ( 'NONE',  ( -0.7071938130861842309, -0.7070197385735585982, 0.000000000000000000 ) ) ;
#24 = ADVANCED_FACE ( 'NONE', ( #2675, #3844, #1654, #5013, #6791 ), #6261, .F. ) ;
#25 = LINE ( 'NONE', #2331, #7057 ) ;
#26 = EDGE_CURVE ( 'NONE', #1711, #4634, #1503, .T. ) ;
#27 = EDGE_LOOP ( 'NONE', ( #4909, #6798, #3652, #1979 ) ) ;
#28 = DIRECTION ( 'NONE',  ( 0.000000000000000000, -0.7071067811865556774, 0.7071067811865393571 ) ) ;
#29 = ORIENTED_EDGE ( 'NONE', *, *, #3327, .F. ) ;
#30 = FACE_OUTER_BOUND ( 'NONE', #3464, .T. ) ;
#31 = ORIENTED_EDGE ( 'NONE', *, *, #2805, .F. ) ;
#32 = ORIENTED_EDGE ( 'NONE', *, *, #2737, .T. ) ;
#33 = LINE ( 'NONE', #1698, #4261 ) ;
#34 = EDGE_CURVE ( 'NONE', #1808, #2368, #6111, .T. ) ;
#35 = EDGE_CURVE ( 'NONE', #4659, #2266, #3272, .T. ) ;
#36 = ORIENTED_EDGE ( 'NONE', *, *, #6118, .T. ) ;
#37 = EDGE_CURVE ( 'NONE', #6593, #6611, #2710, .T. ) ;
#38 = VECTOR ( 'NONE', #4236, 1000.000000000000114 ) ;
#39 = DIRECTION ( 'NONE',  ( 0.8733071337700620829, 0.4871700422915172801, 0.000000000000000000 ) ) ;
#40 = PLANE ( 'NONE',  #2358 ) ;
#41 = CARTESIAN_POINT ( 'NONE',  ( 77.41692151384303600, 8.415085090169998949, 10.00099999999999945 ) ) ;
#42 = EDGE_CURVE ( 'NONE', #6038, #2573, #1578, .T. ) ;
#43 = ORIENTED_EDGE ( 'NONE', *, *, #4121, .F. ) ;
#44 = ORIENTED_EDGE ( 'NONE', *, *, #630, .T. ) ;
#45 = CARTESIAN_POINT ( 'NONE',  ( 36.63180065388673512, 43.69286487643512373, -6.830045703262805468 ) ) ;
#46 = FACE_OUTER_BOUND ( 'NONE', #1942, .T. ) ;
#47 = DIRECTION ( 'NONE',  ( -1.000000000000000000, 0.000000000000000000, 0.000000000000000000 ) ) ;
#48 = VECTOR ( 'NONE', #2833, 1000.000000000000000 ) ;
#49 = VECTOR ( 'NONE', #7069, 999.9999999999998863 ) ;
#50 = DIRECTION ( 'NONE',  ( -1.000000000000000000, 0.000000000000000000, 0.000000000000000000 ) ) ;
#51 = ORIENTED_EDGE ( 'NONE', *, *, #6726, .F. ) ;
#52 = ORIENTED_EDGE ( 'NONE', *, *, #3360, .F. ) ;
#53 = VECTOR ( 'NONE', #5574, 999.9999999999998863 ) ;
#54 = ADVANCED_FACE ( 'NONE', ( #6184 ), #1013, .F. ) ;
#55 = CARTESIAN_POINT ( 'NONE',  ( 37.03180065388674791, 43.69286487643512373, 1.000000000000000888 ) ) ;
#56 = PLANE ( 'NONE',  #2264 ) ;
#57 = VECTOR ( 'NONE', #6774, 1000.000000000000000 ) ;
#59 = DIRECTION ( 'NONE',  ( 0.7071067811865474617, 0.7071067811865474617, 0.000000000000000000 ) ) ;
#58 = LINE ( 'NONE', #6369, #5008 ) ;
#60 = DIRECTION ( 'NONE',  ( 0.000000000000000000, 0.000000000000000000, 1.000000000000000000 ) ) ;
#61 = EDGE_CURVE ( 'NONE', #2497, #2159, #5871, .T. ) ;
#62 = FACE_OUTER_BOUND ( 'NONE', #5519, .T. ) ;
#63 = VECTOR ( 'NONE', #3163, 1000.000000000000114 ) ;
#64 = ORIENTED_EDGE ( 'NONE', *, *, #4075, .T. ) ;
#65 = CARTESIAN_POINT ( 'NONE',  ( 6.592687801449238272, 60.94009951934555858, 8.634609650073578280 ) ) ;
#66 = ORIENTED_EDGE ( 'NONE', *, *, #4608, .F. ) ;
#67 = CARTESIAN_POINT ( 'NONE',  ( 67.87654337368913104, 12.00380676347506004, 21.69820643581049779 ) ) ;
#68 = VECTOR ( 'NONE', #1011, 1000.000000000000114 ) ;
#69 = ADVANCED_FACE ( 'NONE', ( #2330 ), #5733, .T. ) ;
#70 = AXIS2_PLACEMENT_3D ( 'NONE', #5163, #5734, #6869 ) ;
#71 = VECTOR ( 'NONE', #1673, 1000.000000000000114 ) ;
#72 = ADVANCED_FACE ( 'NONE', ( #1261 ), #7463, .T. ) ;
#73 = EDGE_LOOP ( 'NONE', ( #5806, #5457, #6273, #404 ) ) ;
#74 = PLANE ( 'NONE',  #900 ) ;
#75 = VERTEX_POINT ( 'NONE', #3564 ) ;
#76 = EDGE_LOOP ( 'NONE', ( #1477, #4820, #5308, #2308 ) ) ;
#77 = EDGE_CURVE ( 'NONE', #4213, #3836, #2363, .T. ) ;
#78 = PLANE ( 'NONE',  #551 ) ;
#79 = DIRECTION ( 'NONE',  ( 0.000000000000000000, 0.7071067811865475727, -0.7071067811865475727 ) ) ;
#80 = DIRECTION ( 'NONE',  ( -0.0001978291858416224519, -0.9999999804318063790, 0.000000000000000000 ) ) ;
#81 = VERTEX_POINT ( 'NONE', #2999 ) ;
#82 = ORIENTED_EDGE ( 'NONE', *, *, #4438, .T. ) ;
#83 = DIRECTION ( 'NONE',  ( -0.7071067811863814834, -0.7071067811867136621, 0.000000000000000000 ) ) ;
#84 = DIRECTION ( 'NONE',  ( 0.000000000000000000, -1.000000000000000000, 0.000000000000000000 ) ) ;
#85 = VECTOR ( 'NONE', #1296, 1000.000000000000000 ) ;
#86 = VECTOR ( 'NONE', #2905, 1000.000000000000000 ) ;
#87 = LINE ( 'NONE', #2919, #7235 ) ;
#88 = ORIENTED_EDGE ( 'NONE', *, *, #2600, .F. ) ;
#89 = ORIENTED_EDGE ( 'NONE', *, *, #595, .F. ) ;
#90 = EDGE_CURVE ( 'NONE', #4948, #2347, #3424, .T. ) ;
#91 = VECTOR ( 'NONE', #4873, 1000.000000000000000 ) ;
#92 = EDGE_CURVE ( 'NONE', #3376, #6796, #1831, .T. ) ;
#93 = FACE_OUTER_BOUND ( 'NONE', #1137, .T. ) ;
#94 = CARTESIAN_POINT ( 'NONE',  ( 0.000000000000000000, 28.15317541498460230, 10.00000000000000000 ) ) ;
#95 = DIRECTION ( 'NONE',  ( -1.000000000000000000, 0.000000000000000000, 0.000000000000000000 ) ) ;
#97 = DIRECTION ( 'NONE',  ( 0.000000000000000000, 1.000000000000000000, 0.000000000000000000 ) ) ;
#96 = CARTESIAN_POINT ( 'NONE',  ( 7.158251002322317369, 59.57470916941908712, 10.00000000000000000 ) ) ;
#98 = DIRECTION ( 'NONE',  ( 0.7049845209112707289, -0.7092226908915888473, 0.000000000000000000 ) ) ;
#99 = AXIS2_PLACEMENT_3D ( 'NONE', #736, #4272, #3031 ) ;
#100 = CARTESIAN_POINT ( 'NONE',  ( 5.874489965807185854, 50.33421759231526948, 6.000000000000000000 ) ) ;
#101 = ORIENTED_EDGE ( 'NONE', *, *, #750, .T. ) ;
#102 = DIRECTION ( 'NONE',  ( -0.6785983445458542151, 0.2810846377148303876, -0.6785983445458356744 ) ) ;
#103 = EDGE_LOOP ( 'NONE', ( #1952, #5203, #5812, #3653 ) ) ;
#104 = DIRECTION ( 'NONE',  ( 0.000000000000000000, -1.000000000000000000, 0.000000000000000000 ) ) ;
#105 = VECTOR ( 'NONE', #4354, 1000.000000000000000 ) ;
#106 = LINE ( 'NONE', #6884, #3227 ) ;
#107 = VERTEX_POINT ( 'NONE', #3496 ) ;
#108 = DIRECTION ( 'NONE',  ( -0.7071067811865453523, 0.7071067811865497932, 0.000000000000000000 ) ) ;
#109 = ADVANCED_FACE ( 'NONE', ( #4561 ), #6868, .F. ) ;
#110 = ORIENTED_EDGE ( 'NONE', *, *, #624, .F. ) ;
#111 = ORIENTED_EDGE ( 'NONE', *, *, #7164, .T. ) ;
#112 = VECTOR ( 'NONE', #2787, 1000.000000000000000 ) ;
#113 = ADVANCED_FACE ( 'NONE', ( #6934 ), #1688, .T. ) ;
#114 = FACE_OUTER_BOUND ( 'NONE', #4756, .T. ) ;
#115 = CARTESIAN_POINT ( 'NONE',  ( 30.54606450874868173, -30.54606450874760526, 1.400000000000012346 ) ) ;
#116 = EDGE_CURVE ( 'NONE', #2348, #1002, #4595, .T. ) ;
#117 = VECTOR ( 'NONE', #695, 1000.000000000000000 ) ;
#118 = LINE ( 'NONE', #5401, #1057 ) ;
#119 = ORIENTED_EDGE ( 'NONE', *, *, #4906, .F. ) ;
#120 = EDGE_LOOP ( 'NONE', ( #1219, #1429, #2666 ) ) ;
#121 = CARTESIAN_POINT ( 'NONE',  ( 11.67132469877178025, 49.93421759231525670, 4.400000000000011902 ) ) ;
#122 = CARTESIAN_POINT ( 'NONE',  ( 54.20751479689074159, -0.006672363384083661308, 6.000000000000000000 ) ) ;
#123 = AXIS2_PLACEMENT_3D ( 'NONE', #655, #6960, #4657 ) ;
#124 = ADVANCED_FACE ( 'NONE', ( #3993 ), #6337, .T. ) ;
#125 = FACE_OUTER_BOUND ( 'NONE', #1304, .T. ) ;
#126 = ORIENTED_EDGE ( 'NONE', *, *, #856, .T. ) ;
#127 = EDGE_CURVE ( 'NONE', #2758, #6488, #5804, .T. ) ;
#128 = EDGE_LOOP ( 'NONE', ( #5887, #2566, #5062, #4536 ) ) ;
#129 = FACE_OUTER_BOUND ( 'NONE', #985, .T. ) ;
#130 = ADVANCED_FACE ( 'NONE', ( #3462 ), #5230, .T. ) ;
#131 = VECTOR ( 'NONE', #3146, 1000.000000000000000 ) ;
#132 = DIRECTION ( 'NONE',  ( 1.000000000000000000, 0.000000000000000000, 0.000000000000000000 ) ) ;
#133 = LINE ( 'NONE', #3669, #5518 ) ;
#135 = LINE ( 'NONE', #4735, #1129 ) ;
#134 = DIRECTION ( 'NONE',  ( -0.7071067811865456854, 0.7071067811865493491, 0.000000000000000000 ) ) ;
#136 = DIRECTION ( 'NONE',  ( 0.7071067811865492381, -0.7071067811865457964, 0.000000000000000000 ) ) ;
#137 = DIRECTION ( 'NONE',  ( 0.000000000000000000, 0.000000000000000000, 1.000000000000000000 ) ) ;
#138 = VERTEX_POINT ( 'NONE', #6406 ) ;
#139 = LINE ( 'NONE', #6478, #148 ) ;
#140 = ORIENTED_EDGE ( 'NONE', *, *, #4610, .F. ) ;
#141 = CARTESIAN_POINT ( 'NONE',  ( 72.94807733323547438, 40.95871309031685570, 6.000000000000000000 ) ) ;
#142 = EDGE_CURVE ( 'NONE', #1508, #3890, #1225, .T. ) ;
#143 = CARTESIAN_POINT ( 'NONE',  ( 7.638803657608024267, 8.415085090169998949, 10.00099999999999945 ) ) ;
#144 = ORIENTED_EDGE ( 'NONE', *, *, #3988, .F. ) ;
#145 = CARTESIAN_POINT ( 'NONE',  ( 54.61482092964089929, 59.34967741935614782, 9.600000000000015632 ) ) ;
#146 = ORIENTED_EDGE ( 'NONE', *, *, #5480, .T. ) ;
#147 = ORIENTED_EDGE ( 'NONE', *, *, #1721, .F. ) ;
#148 = VECTOR ( 'NONE', #1871, 1000.000000000000000 ) ;
#149 = EDGE_CURVE ( 'NONE', #954, #7178, #6371, .T. ) ;
#150 = FACE_OUTER_BOUND ( 'NONE', #7023, .T. ) ;
#151 = DIRECTION ( 'NONE',  ( 1.000000000000000000, -0.000000000000000000, 0.000000000000000000 ) ) ;
#152 = EDGE_CURVE ( 'NONE', #4929, #7338, #2965, .T. ) ;
#153 = DIRECTION ( 'NONE',  ( 0.6786076767083593086, 0.2810395741260592328, 0.6786076767083659700 ) ) ;
#154 = VERTEX_POINT ( 'NONE', #2400 ) ;
#155 = EDGE_LOOP ( 'NONE', ( #6663, #4044, #5863, #1210 ) ) ;
#156 = EDGE_CURVE ( 'NONE', #188, #1803, #7194, .T. ) ;
#157 = FACE_OUTER_BOUND ( 'NONE', #4783, .T. ) ;
#158 = ADVANCED_FACE ( 'NONE', ( #3713 ), #1977, .T. ) ;
#159 = DIRECTION ( 'NONE',  ( 0.000000000000000000, 1.000000000000000000, 0.000000000000000000 ) ) ;
#160 = EDGE_CURVE ( 'NONE', #497, #6064, #6549, .T. ) ;
#161 = AXIS2_PLACEMENT_3D ( 'NONE', #5464, #2597, #4898 ) ;
#162 = CARTESIAN_POINT ( 'NONE',  ( 30.61060500309818622, 24.68592075184099954, -14.99112027467291597 ) ) ;
#163 = ORIENTED_EDGE ( 'NONE', *, *, #3734, .T. ) ;
#164 = ORIENTED_EDGE ( 'NONE', *, *, #5745, .T. ) ;
#165 = DIRECTION ( 'NONE',  ( -0.1808569126587326326, 0.6954461794932630392, 0.6954461794932630392 ) ) ;
#166 = EDGE_CURVE ( 'NONE', #6777, #828, #4736, .T. ) ;
#167 = EDGE_CURVE ( 'NONE', #2770, #5504, #2256, .T. ) ;
#168 = EDGE_CURVE ( 'NONE', #2725, #6064, #6059, .T. ) ;
#169 = DIRECTION ( 'NONE',  ( 1.000000000000000000, 0.000000000000000000, 0.000000000000000000 ) ) ;
#170 = DIRECTION ( 'NONE',  ( 0.000000000000000000, -0.000000000000000000, 1.000000000000000000 ) ) ;
#172 = LINE ( 'NONE', #2925, #5713 ) ;
#171 = CARTESIAN_POINT ( 'NONE',  ( 11.61402484566509763, 6.165685424949284510, 1.000000000000000888 ) ) ;
#173 = VECTOR ( 'NONE', #1483, 1000.000000000000000 ) ;
#174 = DIRECTION ( 'NONE',  ( 0.7071067811865455743, -0.7071067811865493491, 0.000000000000000000 ) ) ;
#175 = EDGE_CURVE ( 'NONE', #4482, #5583, #5493, .T. ) ;
#176 = FACE_OUTER_BOUND ( 'NONE', #6527, .T. ) ;
#177 = ORIENTED_EDGE ( 'NONE', *, *, #565, .T. ) ;
#178 = CARTESIAN_POINT ( 'NONE',  ( 31.01060500309818480, 24.28592075184100096, 4.000000000000000000 ) ) ;
#179 = VERTEX_POINT ( 'NONE', #6513 ) ;
#180 = LINE ( 'NONE', #2479, #1545 ) ;
#181 = VECTOR ( 'NONE', #3161, 1000.000000000000000 ) ;
#182 = FACE_OUTER_BOUND ( 'NONE', #4480, .T. ) ;
#183 = VECTOR ( 'NONE', #2656, 1000.000000000000000 ) ;
#184 = LINE ( 'NONE', #295, #348 ) ;
#185 = CIRCLE ( 'NONE', #1983, 1.250000000000000222 ) ;
#186 = ORIENTED_EDGE ( 'NONE', *, *, #585, .F. ) ;
#187 = LINE ( 'NONE', #6981, #2941 ) ;
#188 = VERTEX_POINT ( 'NONE', #2550 ) ;
#189 = VECTOR ( 'NONE', #451, 1000.000000000000000 ) ;
#190 = ORIENTED_EDGE ( 'NONE', *, *, #6411, .F. ) ;
#191 = AXIS2_PLACEMENT_3D ( 'NONE', #6682, #6185, #5052 ) ;
#192 = VECTOR ( 'NONE', #757, 1000.000000000000000 ) ;
#193 = EDGE_LOOP ( 'NONE', ( #2081, #5211, #2409, #3612 ) ) ;
#194 = LINE ( 'NONE', #6757, #6345 ) ;
#195 = CARTESIAN_POINT ( 'NONE',  ( 68.03157658086556125, 31.35317541498459804, 4.000000000000000000 ) ) ;
#196 = VECTOR ( 'NONE', #1642, 1000.000000000000000 ) ;
#197 = CARTESIAN_POINT ( 'NONE',  ( 0.000000000000000000, 0.000000000000000000, 6.000000000000000000 ) ) ;
#198 = EDGE_LOOP ( 'NONE', ( #5234, #1589, #5797, #342 ) ) ;
#199 = ORIENTED_EDGE ( 'NONE', *, *, #3708, .F. ) ;
#200 = LINE ( 'NONE', #2387, #5638 ) ;
#201 = CARTESIAN_POINT ( 'NONE',  ( 67.63157658086555557, 31.35317541498459804, 4.400000000000011902 ) ) ;
#202 = CARTESIAN_POINT ( 'NONE',  ( 58.23157658086554989, 23.75317541498462148, 5.999999999999987566 ) ) ;
#203 = EDGE_CURVE ( 'NONE', #1179, #3471, #1332, .T. ) ;
#204 = ORIENTED_EDGE ( 'NONE', *, *, #6617, .T. ) ;
#205 = CARTESIAN_POINT ( 'NONE',  ( 0.000000000000000000, 44.29286487643512515, 4.000000000000000000 ) ) ;
#206 = CARTESIAN_POINT ( 'NONE',  ( 46.54653210253799500, 28.88980021391638431, 1.000000000000000888 ) ) ;
#207 = DIRECTION ( 'NONE',  ( 0.000000000000000000, 0.7071067811865352493, 0.7071067811865597852 ) ) ;
#209 = CARTESIAN_POINT ( 'NONE',  ( 5.000000000000530243, 33.46289289354402285, 4.000000000000000000 ) ) ;
#208 = CARTESIAN_POINT ( 'NONE',  ( 39.89101200953327009, 39.89101200953327009, 4.000000000000000000 ) ) ;
#210 = FACE_OUTER_BOUND ( 'NONE', #3087, .T. ) ;
#211 = FACE_OUTER_BOUND ( 'NONE', #3011, .T. ) ;
#212 = EDGE_LOOP ( 'NONE', ( #82, #4891, #2697, #381 ) ) ;
#213 = DIRECTION ( 'NONE',  ( 0.7049845209112707289, -0.7092226908915888473, 0.000000000000000000 ) ) ;
#214 = ORIENTED_EDGE ( 'NONE', *, *, #2415, .T. ) ;
#215 = VECTOR ( 'NONE', #4663, 1000.000000000000000 ) ;
#216 = AXIS2_PLACEMENT_3D ( 'NONE', #6498, #6614, #6007 ) ;
#217 = CARTESIAN_POINT ( 'NONE',  ( 79.57474980949953647, 57.98214359204596491, 10.00000000000000000 ) ) ;
#218 = LINE ( 'NONE', #3005, #3878 ) ;
#219 = CARTESIAN_POINT ( 'NONE',  ( 0.000000000000000000, 0.000000000000000000, 1.000000000000000888 ) ) ;
#220 = AXIS2_PLACEMENT_3D ( 'NONE', #1705, #4575, #2798 ) ;
#221 = DIRECTION ( 'NONE',  ( 0.7071067811865352493, 0.7071067811865597852, 0.000000000000000000 ) ) ;
#222 = ORIENTED_EDGE ( 'NONE', *, *, #2394, .F. ) ;
#223 = CARTESIAN_POINT ( 'NONE',  ( 53.31698420354176449, 53.17490806565518113, 6.000000000000000000 ) ) ;
#224 = VECTOR ( 'NONE', #891, 1000.000000000000000 ) ;
#225 = EDGE_CURVE ( 'NONE', #5954, #5495, #4287, .T. ) ;
#226 = DIRECTION ( 'NONE',  ( 0.6788250666102753073, 0.2799876030882625932, -0.6788250666102753073 ) ) ;
#227 = VERTEX_POINT ( 'NONE', #3751 ) ;
#228 = ORIENTED_EDGE ( 'NONE', *, *, #3203, .F. ) ;
#229 = ORIENTED_EDGE ( 'NONE', *, *, #6422, .T. ) ;
#230 = AXIS2_PLACEMENT_3D ( 'NONE', #370, #2747, #1081 ) ;
#231 = ORIENTED_EDGE ( 'NONE', *, *, #535, .F. ) ;
#232 = DIRECTION ( 'NONE',  ( 1.000000000000000000, 0.000000000000000000, 0.000000000000000000 ) ) ;
#233 = DIRECTION ( 'NONE',  ( -0.4979003434064785960, 0.5020908762720994734, 0.7071067811865660024 ) ) ;
#234 = PLANE ( 'NONE',  #1368 ) ;
#235 = ORIENTED_EDGE ( 'NONE', *, *, #2746, .T. ) ;
#236 = VERTEX_POINT ( 'NONE', #2472 ) ;
#237 = DIRECTION ( 'NONE',  ( 1.000000000000000000, 0.000000000000000000, 0.000000000000000000 ) ) ;
#238 = DIRECTION ( 'NONE',  ( -5.782411586589351722E-16, 1.000000000000000000, 0.000000000000000000 ) ) ;
#239 = DIRECTION ( 'NONE',  ( 0.000000000000000000, 0.000000000000000000, -1.000000000000000000 ) ) ;
#240 = EDGE_LOOP ( 'NONE', ( #5208, #1836, #5342, #5026 ) ) ;
#241 = ADVANCED_BREP_SHAPE_REPRESENTATION ( '\X2\63a565367aef656370ed\X0\-\X2\5149\X0\-2-Al', ( #6879, #2192 ), #6658 ) ;
#242 = DIRECTION ( 'NONE',  ( 0.7071067811865556774, 0.000000000000000000, 0.7071067811865393571 ) ) ;
#243 = CARTESIAN_POINT ( 'NONE',  ( 41.42884860408194214, 23.35317541498460159, -10.67514906227531313 ) ) ;
#244 = FACE_OUTER_BOUND ( 'NONE', #6856, .T. ) ;
#245 = EDGE_CURVE ( 'NONE', #690, #670, #4320, .T. ) ;
#247 = LINE ( 'NONE', #326, #533 ) ;
#246 = FACE_OUTER_BOUND ( 'NONE', #3056, .T. ) ;
#248 = PLANE ( 'NONE',  #2966 ) ;
#249 = PLANE ( 'NONE',  #3800 ) ;
#250 = EDGE_LOOP ( 'NONE', ( #3594, #6078, #3480, #1767 ) ) ;
#251 = CARTESIAN_POINT ( 'NONE',  ( 7.054993882074343858, -7.054993882074246159, 10.00000000000000000 ) ) ;
#252 = ORIENTED_EDGE ( 'NONE', *, *, #1471, .T. ) ;
#253 = LINE ( 'NONE', #779, #2501 ) ;
#254 = VECTOR ( 'NONE', #6069, 1000.000000000000114 ) ;
#255 = CARTESIAN_POINT ( 'NONE',  ( 79.57474980950000543, 54.46151490885029034, 1.000000000000000888 ) ) ;
#256 = EDGE_CURVE ( 'NONE', #5436, #5135, #7039, .T. ) ;
#257 = LINE ( 'NONE', #2444, #1064 ) ;
#258 = ADVANCED_FACE ( 'NONE', ( #3639 ), #4166, .F. ) ;
#259 = DIRECTION ( 'NONE',  ( -0.7071067811865475727, 0.000000000000000000, 0.7071067811865475727 ) ) ;
#260 = ORIENTED_EDGE ( 'NONE', *, *, #3618, .F. ) ;
#261 = DIRECTION ( 'NONE',  ( -0.000000000000000000, -0.000000000000000000, 1.000000000000000000 ) ) ;
#262 = EDGE_CURVE ( 'NONE', #1981, #5104, #5942, .T. ) ;
#263 = CARTESIAN_POINT ( 'NONE',  ( 63.49024130048304215, 0.000000000000000000, 4.000000000000000000 ) ) ;
#264 = ORIENTED_EDGE ( 'NONE', *, *, #5472, .T. ) ;
#265 = EDGE_LOOP ( 'NONE', ( #6290, #5627, #7436, #991 ) ) ;
#266 = VECTOR ( 'NONE', #7374, 1000.000000000000000 ) ;
#267 = ORIENTED_EDGE ( 'NONE', *, *, #1306, .F. ) ;
#268 = EDGE_CURVE ( 'NONE', #3281, #6453, #774, .T. ) ;
#269 = ORIENTED_EDGE ( 'NONE', *, *, #5396, .T. ) ;
#270 = DIRECTION ( 'NONE',  ( -1.000000000000000000, 0.000000000000000000, 0.000000000000000000 ) ) ;
#271 = DIRECTION ( 'NONE',  ( 0.2810846377148401576, 0.6785983445458546592, 0.6785983445458311225 ) ) ;
#272 = ORIENTED_EDGE ( 'NONE', *, *, #4940, .T. ) ;
#273 = ORIENTED_EDGE ( 'NONE', *, *, #5811, .T. ) ;
#274 = EDGE_CURVE ( 'NONE', #1914, #4755, #6475, .T. ) ;
#275 = FACE_OUTER_BOUND ( 'NONE', #3299, .T. ) ;
#276 = CARTESIAN_POINT ( 'NONE',  ( 38.87076994517433803, 38.86120197355413808, 4.000000000000000000 ) ) ;
#277 = ADVANCED_FACE ( 'NONE', ( #740 ), #248, .T. ) ;
#278 = AXIS2_PLACEMENT_3D ( 'NONE', #3312, #6970, #60 ) ;
#279 = LINE ( 'NONE', #4876, #4031 ) ;
#280 = ORIENTED_EDGE ( 'NONE', *, *, #2092, .T. ) ;
#281 = CARTESIAN_POINT ( 'NONE',  ( 73.71952070086400965, 54.05016659718972960, 4.000000000000000000 ) ) ;
#282 = CARTESIAN_POINT ( 'NONE',  ( 76.16692151384303600, 8.415085090169998949, 1.000000000000000888 ) ) ;
#283 = DIRECTION ( 'NONE',  ( -1.000000000000000000, 0.000000000000000000, -0.000000000000000000 ) ) ;
#284 = AXIS2_PLACEMENT_3D ( 'NONE', #2964, #2899, #5266 ) ;
#286 = DIRECTION ( 'NONE',  ( 9.324293839476711010E-05, 0.9999999956528771161, 0.000000000000000000 ) ) ;
#285 = DIRECTION ( 'NONE',  ( -1.000000000000000000, 0.000000000000000000, 0.000000000000000000 ) ) ;
#287 = CARTESIAN_POINT ( 'NONE',  ( 36.63180065388673512, 43.69286487643512373, 3.399999999999983036 ) ) ;
#288 = PLANE ( 'NONE',  #7421 ) ;
#289 = ORIENTED_EDGE ( 'NONE', *, *, #369, .F. ) ;
#290 = FACE_OUTER_BOUND ( 'NONE', #3323, .T. ) ;
#291 = ORIENTED_EDGE ( 'NONE', *, *, #2520, .T. ) ;
#292 = DIRECTION ( 'NONE',  ( -1.000000000000000000, 0.000000000000000000, 0.000000000000000000 ) ) ;
#293 = ADVANCED_FACE ( 'NONE', ( #210 ), #4806, .T. ) ;
#294 = CARTESIAN_POINT ( 'NONE',  ( 55.24511320246803336, 59.97470916941927044, 9.600000000000015632 ) ) ;
#295 = CARTESIAN_POINT ( 'NONE',  ( 23.85013801642617892, 48.72947128756540991, 0.3545632219102571314 ) ) ;
#296 = DIRECTION ( 'NONE',  ( -0.7071067811865475727, 0.000000000000000000, -0.7071067811865475727 ) ) ;
#297 = CARTESIAN_POINT ( 'NONE',  ( 74.41423944072103325, 5.000000000000023093, 1.400000000000012346 ) ) ;
#298 = ORIENTED_EDGE ( 'NONE', *, *, #1131, .T. ) ;
#299 = CARTESIAN_POINT ( 'NONE',  ( 65.34807733323546586, 45.55871309031685712, 4.399999999999997691 ) ) ;
#300 = VECTOR ( 'NONE', #2106, 1000.000000000000000 ) ;
#301 = LINE ( 'NONE', #2677, #6380 ) ;
#302 = ORIENTED_EDGE ( 'NONE', *, *, #2653, .F. ) ;
#303 = VECTOR ( 'NONE', #5446, 1000.000000000000000 ) ;
#304 = ORIENTED_EDGE ( 'NONE', *, *, #3760, .T. ) ;
#305 = EDGE_CURVE ( 'NONE', #2497, #3040, #1938, .T. ) ;
#306 = EDGE_LOOP ( 'NONE', ( #1060, #4904, #787, #4241 ) ) ;
#307 = EDGE_CURVE ( 'NONE', #6177, #2979, #2057, .T. ) ;
#308 = VECTOR ( 'NONE', #5766, 1000.000000000000000 ) ;
#309 = EDGE_CURVE ( 'NONE', #1179, #2668, #2630, .T. ) ;
#310 = VERTEX_POINT ( 'NONE', #1951 ) ;
#311 = DIRECTION ( 'NONE',  ( -0.6785983445458525498, -0.2810846377148252251, -0.6785983445458394492 ) ) ;
#312 = VECTOR ( 'NONE', #84, 1000.000000000000000 ) ;
#313 = CARTESIAN_POINT ( 'NONE',  ( 84.67575343146937428, 19.29181220698728438, -8.245906103493663153 ) ) ;
#314 = EDGE_LOOP ( 'NONE', ( #1282, #2492 ) ) ;
#315 = ORIENTED_EDGE ( 'NONE', *, *, #905, .T. ) ;
#316 = FACE_OUTER_BOUND ( 'NONE', #5998, .T. ) ;
#317 = DIRECTION ( 'NONE',  ( -0.000000000000000000, -0.000000000000000000, -1.000000000000000000 ) ) ;
#318 = VECTOR ( 'NONE', #1904, 1000.000000000000000 ) ;
#319 = DIRECTION ( 'NONE',  ( -0.2810846377148276676, 0.6785983445458572128, 0.6785983445458337870 ) ) ;
#320 = ORIENTED_EDGE ( 'NONE', *, *, #3049, .T. ) ;
#321 = AXIS2_PLACEMENT_3D ( 'NONE', #3673, #850, #888 ) ;
#322 = DIRECTION ( 'NONE',  ( 0.000000000000000000, 1.000000000000000000, 0.000000000000000000 ) ) ;
#323 = DIRECTION ( 'NONE',  ( 0.000000000000000000, 1.000000000000000000, 0.000000000000000000 ) ) ;
#324 = LINE ( 'NONE', #3827, #5977 ) ;
#326 = CARTESIAN_POINT ( 'NONE',  ( 24.39487291362403099, 59.35339717067414256, 4.400000000000011902 ) ) ;
#325 = LINE ( 'NONE', #5567, #5913 ) ;
#327 = DIRECTION ( 'NONE',  ( 0.7071938130861842309, 0.7070197385735585982, 0.000000000000000000 ) ) ;
#328 = FACE_OUTER_BOUND ( 'NONE', #4143, .T. ) ;
#329 = ORIENTED_EDGE ( 'NONE', *, *, #6579, .F. ) ;
#330 = PLANE ( 'NONE',  #3475 ) ;
#331 = ORIENTED_EDGE ( 'NONE', *, *, #2575, .T. ) ;
#332 = EDGE_CURVE ( 'NONE', #1336, #2932, #3832, .T. ) ;
#333 = DIRECTION ( 'NONE',  ( -0.5773502691896293948, -0.5773502691896287287, -0.5773502691896191807 ) ) ;
#334 = PLANE ( 'NONE',  #2909 ) ;
#335 = CARTESIAN_POINT ( 'NONE',  ( 62.89024130048304073, 35.63617221234400034, 3.399999999999983036 ) ) ;
#336 = ORIENTED_EDGE ( 'NONE', *, *, #758, .F. ) ;
#337 = AXIS2_PLACEMENT_3D ( 'NONE', #3459, #5770, #2897 ) ;
#338 = DIRECTION ( 'NONE',  ( -0.6785637409027311939, 0.2811681637592084448, 0.6785983445458484420 ) ) ;
#339 = VECTOR ( 'NONE', #5424, 1000.000000000000114 ) ;
#340 = LINE ( 'NONE', #1343, #4562 ) ;
#341 = ORIENTED_EDGE ( 'NONE', *, *, #274, .F. ) ;
#342 = ORIENTED_EDGE ( 'NONE', *, *, #5460, .F. ) ;
#343 = ORIENTED_EDGE ( 'NONE', *, *, #3380, .T. ) ;
#344 = AXIS2_PLACEMENT_3D ( 'NONE', #7208, #2032, #6525 ) ;
#345 = AXIS2_PLACEMENT_3D ( 'NONE', #6324, #2282, #5637 ) ;
#346 = EDGE_LOOP ( 'NONE', ( #5172, #1648, #3, #957 ) ) ;
#347 = DIRECTION ( 'NONE',  ( -0.7071067811865495711, -0.7071067811865455743, 0.000000000000000000 ) ) ;
#348 = VECTOR ( 'NONE', #2595, 1000.000000000000114 ) ;
#349 = CARTESIAN_POINT ( 'NONE',  ( 65.34807733323546586, 45.95871309031685570, 5.000000000000000000 ) ) ;
#350 = EDGE_LOOP ( 'NONE', ( #2260, #1886, #2836, #3691 ) ) ;
#351 = ORIENTED_EDGE ( 'NONE', *, *, #1809, .T. ) ;
#352 = EDGE_CURVE ( 'NONE', #4755, #6081, #1991, .T. ) ;
#353 = LINE ( 'NONE', #3859, #4077 ) ;
#354 = ADVANCED_FACE ( 'NONE', ( #4248 ), #3126, .F. ) ;
#355 = LINE ( 'NONE', #4264, #183 ) ;
#356 = DIRECTION ( 'NONE',  ( 0.5000615408464083034, 0.4999384515780989635, -0.7071067811865536790 ) ) ;
#357 = ORIENTED_EDGE ( 'NONE', *, *, #6623, .F. ) ;
#358 = DIRECTION ( 'NONE',  ( 1.000000000000000000, 0.000000000000000000, 0.000000000000000000 ) ) ;
#359 = DIRECTION ( 'NONE',  ( 0.5000000000000048850, -0.4999999999999871769, 0.7071067811865531239 ) ) ;
#360 = DIRECTION ( 'NONE',  ( -1.000000000000000000, 0.000000000000000000, 0.000000000000000000 ) ) ;
#361 = CARTESIAN_POINT ( 'NONE',  ( 30.21060500309816277, -1.746901524077892529E-14, 1.000000000000000888 ) ) ;
#362 = EDGE_CURVE ( 'NONE', #930, #7277, #3804, .T. ) ;
#363 = EDGE_CURVE ( 'NONE', #6306, #3342, #340, .T. ) ;
#364 = DIRECTION ( 'NONE',  ( -1.000000000000000000, 0.000000000000000000, 0.000000000000000000 ) ) ;
#365 = EDGE_LOOP ( 'NONE', ( #7098, #433, #4784, #5254 ) ) ;
#366 = LINE ( 'NONE', #3341, #2881 ) ;
#367 = ORIENTED_EDGE ( 'NONE', *, *, #5276, .T. ) ;
#368 = LINE ( 'NONE', #2593, #5484 ) ;
#369 = EDGE_CURVE ( 'NONE', #6551, #6538, #1507, .T. ) ;
#370 = CARTESIAN_POINT ( 'NONE',  ( 54.61482092964090640, 59.34967741935614782, 10.00099999999999945 ) ) ;
#371 = CARTESIAN_POINT ( 'NONE',  ( 74.91692151384303600, 8.415085090169998949, 1.400000000000005462 ) ) ;
#373 = DIRECTION ( 'NONE',  ( -0.7071067811865474617, 0.7071067811865474617, 0.000000000000000000 ) ) ;
#372 = CARTESIAN_POINT ( 'NONE',  ( 54.61415088855444111, 53.90613964737284647, 4.400000000000011902 ) ) ;
#374 = ORIENTED_EDGE ( 'NONE', *, *, #225, .F. ) ;
#375 = DIRECTION ( 'NONE',  ( 0.6787196716083789827, 0.2805614534919622094, 0.6786935082835932054 ) ) ;
#376 = LINE ( 'NONE', #827, #5051 ) ;
#377 = EDGE_CURVE ( 'NONE', #7389, #1808, #7279, .T. ) ;
#378 = VERTEX_POINT ( 'NONE', #1465 ) ;
#379 = VECTOR ( 'NONE', #5046, 1000.000000000000114 ) ;
#380 = EDGE_LOOP ( 'NONE', ( #973, #4220, #2795, #932, #1998, #6190, #269, #3369, #3849 ) ) ;
#381 = ORIENTED_EDGE ( 'NONE', *, *, #3024, .F. ) ;
#382 = CONICAL_SURFACE ( 'NONE', #4601, 1.250000000000001110, 0.7853981633974393972 ) ;
#383 = EDGE_LOOP ( 'NONE', ( #566, #571, #5976, #6105 ) ) ;
#384 = DIRECTION ( 'NONE',  ( -0.000000000000000000, -0.000000000000000000, -1.000000000000000000 ) ) ;
#385 = ORIENTED_EDGE ( 'NONE', *, *, #1501, .T. ) ;
#386 = CARTESIAN_POINT ( 'NONE',  ( 75.02984732797570189, 28.93771831048098520, 4.000000000000000000 ) ) ;
#387 = ORIENTED_EDGE ( 'NONE', *, *, #4720, .T. ) ;
#388 = ORIENTED_EDGE ( 'NONE', *, *, #4135, .T. ) ;
#389 = EDGE_CURVE ( 'NONE', #803, #5020, #5548, .T. ) ;
#390 = VECTOR ( 'NONE', #1985, 1000.000000000000000 ) ;
#391 = CARTESIAN_POINT ( 'NONE',  ( 67.23157658086553568, 31.35317541498459804, 6.399999999999999467 ) ) ;
#392 = ADVANCED_FACE ( 'NONE', ( #6562 ), #3767, .T. ) ;
#393 = CARTESIAN_POINT ( 'NONE',  ( 74.41423944072103325, 5.000000000000023093, 9.600000000000015632 ) ) ;
#394 = LINE ( 'NONE', #1595, #6810 ) ;
#395 = EDGE_LOOP ( 'NONE', ( #3488, #5859, #683 ) ) ;
#396 = EDGE_CURVE ( 'NONE', #6177, #3318, #3730, .T. ) ;
#397 = EDGE_CURVE ( 'NONE', #6313, #1496, #5507, .T. ) ;
#398 = DIRECTION ( 'NONE',  ( -1.000000000000000000, 0.000000000000000000, 0.000000000000000000 ) ) ;
#399 = EDGE_CURVE ( 'NONE', #5999, #3685, #376, .T. ) ;
#400 = FACE_OUTER_BOUND ( 'NONE', #4877, .T. ) ;
#401 = DIRECTION ( 'NONE',  ( -0.2371340463379836838, 0.6869379317184978184, -0.6869379317184978184 ) ) ;
#402 = CARTESIAN_POINT ( 'NONE',  ( 67.63157658086555557, 23.35317541498460869, 4.400000000000011902 ) ) ;
#403 = LINE ( 'NONE', #2777, #4154 ) ;
#404 = ORIENTED_EDGE ( 'NONE', *, *, #5901, .F. ) ;
#405 = CARTESIAN_POINT ( 'NONE',  ( 11.01402484566505890, 5.000000000000023093, 9.600000000000015632 ) ) ;
#406 = ORIENTED_EDGE ( 'NONE', *, *, #5649, .T. ) ;
#407 = ORIENTED_EDGE ( 'NONE', *, *, #363, .F. ) ;
#408 = CARTESIAN_POINT ( 'NONE',  ( 62.89024130048304073, 40.61884720954800088, 2.000000000000000000 ) ) ;
#409 = EDGE_CURVE ( 'NONE', #3745, #3970, #6606, .T. ) ;
#410 = ADVANCED_FACE ( 'NONE', ( #7244 ), #5431, .F. ) ;
#411 = CARTESIAN_POINT ( 'NONE',  ( 74.41423944072103325, 5.000000000000023093, 1.400000000000012346 ) ) ;
#412 = CARTESIAN_POINT ( 'NONE',  ( 6.673819756487157306, 10.34020509034712276, -0.2738197564870483713 ) ) ;
#414 = LINE ( 'NONE', #2750, #4385 ) ;
#413 = LINE ( 'NONE', #372, #6577 ) ;
#415 = DIRECTION ( 'NONE',  ( 0.5773502691896257311, 0.5773502691896257311, -0.5773502691896257311 ) ) ;
#416 = DIRECTION ( 'NONE',  ( -0.7092226908915888473, -0.7049845209112707289, 0.000000000000000000 ) ) ;
#417 = CARTESIAN_POINT ( 'NONE',  ( 37.03180065388674791, 0.000000000000000000, 1.000000000000000888 ) ) ;
#418 = ORIENTED_EDGE ( 'NONE', *, *, #4173, .F. ) ;
#419 = ORIENTED_EDGE ( 'NONE', *, *, #6411, .T. ) ;
#420 = ORIENTED_EDGE ( 'NONE', *, *, #2976, .F. ) ;
#421 = ORIENTED_EDGE ( 'NONE', *, *, #4608, .T. ) ;
#422 = VECTOR ( 'NONE', #1773, 1000.000000000000000 ) ;
#423 = CARTESIAN_POINT ( 'NONE',  ( 79.97474980949952794, 57.98214359204602175, 9.600000000000015632 ) ) ;
#424 = AXIS2_PLACEMENT_3D ( 'NONE', #7186, #3063, #3744 ) ;
#425 = EDGE_LOOP ( 'NONE', ( #6821, #7154, #2201, #4668 ) ) ;
#426 = UNCERTAINTY_MEASURE_WITH_UNIT (LENGTH_MEASURE( 1.000000000000000082E-05 ), #2177, 'distance_accuracy_value', 'NONE');
#427 = EDGE_CURVE ( 'NONE', #2907, #3603, #4215, .T. ) ;
#428 = ORIENTED_EDGE ( 'NONE', *, *, #6893, .T. ) ;
#429 = CARTESIAN_POINT ( 'NONE',  ( 5.000000000000903277, 57.98214359204602175, 1.399999999999998579 ) ) ;
#430 = AXIS2_PLACEMENT_3D ( 'NONE', #276, #4837, #2689 ) ;
#431 = DIRECTION ( 'NONE',  ( -0.5773502691896255090, 0.5773502691896258421, -0.5773502691896258421 ) ) ;
#432 = CYLINDRICAL_SURFACE ( 'NONE', #4872, 1.250000000000000222 ) ;
#433 = ORIENTED_EDGE ( 'NONE', *, *, #3292, .T. ) ;
#434 = VECTOR ( 'NONE', #5398, 1000.000000000000227 ) ;
#435 = VECTOR ( 'NONE', #3313, 1000.000000000000000 ) ;
#436 = FACE_OUTER_BOUND ( 'NONE', #5736, .T. ) ;
#437 = VECTOR ( 'NONE', #6886, 1000.000000000000000 ) ;
#438 = CARTESIAN_POINT ( 'NONE',  ( 6.992565577373027530, 59.97470916941908570, 1.399999999999998579 ) ) ;
#439 = PLANE ( 'NONE',  #6818 ) ;
#440 = CARTESIAN_POINT ( 'NONE',  ( 8.888803657608024267, 56.44252476504900073, 9.599999999999996092 ) ) ;
#441 = EDGE_CURVE ( 'NONE', #2134, #4482, #301, .T. ) ;
#442 = DIRECTION ( 'NONE',  ( -1.000000000000000000, 0.000000000000000000, 0.000000000000000000 ) ) ;
#443 = ORIENTED_EDGE ( 'NONE', *, *, #6300, .F. ) ;
#444 = VECTOR ( 'NONE', #1568, 1000.000000000000000 ) ;
#445 = CARTESIAN_POINT ( 'NONE',  ( 53.64829737169131363, 52.37490806565516266, 4.000000000000000000 ) ) ;
#446 = VERTEX_POINT ( 'NONE', #4981 ) ;
#447 = EDGE_LOOP ( 'NONE', ( #2094, #4177, #5584, #5131 ) ) ;
#448 = CARTESIAN_POINT ( 'NONE',  ( 68.03157658086556125, 23.35317541498460869, 10.00099999999999945 ) ) ;
#449 = CARTESIAN_POINT ( 'NONE',  ( 40.83180065388673796, 38.69286487643512373, 1.400000000000012346 ) ) ;
#450 = LINE ( 'NONE', #935, #2414 ) ;
#452 = LINE ( 'NONE', #1687, #1844 ) ;
#451 = DIRECTION ( 'NONE',  ( 0.6785983445458736441, -0.2810846377148547015, -0.6785983445458062535 ) ) ;
#453 = VERTEX_POINT ( 'NONE', #865 ) ;
#454 = EDGE_CURVE ( 'NONE', #2979, #1386, #5953, .T. ) ;
#455 = DIRECTION ( 'NONE',  ( -0.5773502691896258421, -0.5773502691896258421, -0.5773502691896258421 ) ) ;
#456 = DIRECTION ( 'NONE',  ( -0.2371340463379847940, 0.6869379317184975964, -0.6869379317184975964 ) ) ;
#457 = ORIENTED_EDGE ( 'NONE', *, *, #4544, .F. ) ;
#458 = ORIENTED_EDGE ( 'NONE', *, *, #6294, .T. ) ;
#459 = EDGE_LOOP ( 'NONE', ( #3047, #4322, #6244, #6724 ) ) ;
#460 = VECTOR ( 'NONE', #3865, 1000.000000000000000 ) ;
#461 = VERTEX_POINT ( 'NONE', #3089 ) ;
#462 = LINE ( 'NONE', #1169, #1973 ) ;
#463 = EDGE_CURVE ( 'NONE', #3890, #3012, #7131, .T. ) ;
#464 = ORIENTED_EDGE ( 'NONE', *, *, #1928, .T. ) ;
#465 = VERTEX_POINT ( 'NONE', #2712 ) ;
#466 = VECTOR ( 'NONE', #83, 999.9999999999998863 ) ;
#467 = FACE_OUTER_BOUND ( 'NONE', #198, .T. ) ;
#468 = CARTESIAN_POINT ( 'NONE',  ( 73.34807733323548007, 45.55871309031685712, 6.000000000000000000 ) ) ;
#469 = VECTOR ( 'NONE', #3420, 1000.000000000000000 ) ;
#470 = LINE ( 'NONE', #6021, #7149 ) ;
#471 = DIRECTION ( 'NONE',  ( -1.000000000000000000, 0.000000000000000000, 0.000000000000000000 ) ) ;
#472 = ORIENTED_EDGE ( 'NONE', *, *, #7174, .T. ) ;
#473 = AXIS2_PLACEMENT_3D ( 'NONE', #282, #2582, #7147 ) ;
#474 = DIRECTION ( 'NONE',  ( 0.4999999999999902300, -0.4999999999999902300, 0.7071067811865613395 ) ) ;
#475 = PLANE ( 'NONE',  #3714 ) ;
#476 = PLANE ( 'NONE',  #5369 ) ;
#477 = LINE ( 'NONE', #1109, #6041 ) ;
#478 = FACE_OUTER_BOUND ( 'NONE', #2405, .T. ) ;
#479 = ORIENTED_EDGE ( 'NONE', *, *, #92, .F. ) ;
#480 = CARTESIAN_POINT ( 'NONE',  ( 40.83180065388673796, 43.29286487643511094, 1.000000000000000888 ) ) ;
#481 = ORIENTED_EDGE ( 'NONE', *, *, #3752, .T. ) ;
#482 = AXIS2_PLACEMENT_3D ( 'NONE', #417, #6150, #1091 ) ;
#483 = PLANE ( 'NONE',  #5597 ) ;
#484 = ADVANCED_FACE ( 'NONE', ( #528 ), #567, .T. ) ;
#485 = CARTESIAN_POINT ( 'NONE',  ( 78.02984732797568768, 28.53771831048096530, 1.000000000000000888 ) ) ;
#486 = CARTESIAN_POINT ( 'NONE',  ( 79.57474980950001964, 0.000000000000000000, 1.000000000000000888 ) ) ;
#488 = LINE ( 'NONE', #5118, #646 ) ;
#487 = FACE_OUTER_BOUND ( 'NONE', #5551, .T. ) ;
#489 = CARTESIAN_POINT ( 'NONE',  ( 30.82890722122331439, -30.82890722122222371, 1.000000000000000888 ) ) ;
#490 = FACE_OUTER_BOUND ( 'NONE', #2403, .T. ) ;
#491 = CARTESIAN_POINT ( 'NONE',  ( 76.16692151384303600, 56.44252476504900073, 9.600000000000019185 ) ) ;
#492 = ORIENTED_EDGE ( 'NONE', *, *, #3228, .F. ) ;
#493 = ORIENTED_EDGE ( 'NONE', *, *, #2846, .T. ) ;
#494 = ADVANCED_FACE ( 'NONE', ( #3274 ), #6834, .F. ) ;
#495 = ADVANCED_FACE ( 'NONE', ( #5017 ), #3961, .F. ) ;
#496 = ADVANCED_FACE ( 'NONE', ( #3428 ), #5737, .T. ) ;
#497 = VERTEX_POINT ( 'NONE', #7356 ) ;
#498 = CARTESIAN_POINT ( 'NONE',  ( 75.02984732797570189, 28.93771831048098520, 4.000000000000000000 ) ) ;
#499 = ORIENTED_EDGE ( 'NONE', *, *, #6539, .T. ) ;
#500 = ORIENTED_EDGE ( 'NONE', *, *, #4058, .T. ) ;
#501 = AXIS2_PLACEMENT_3D ( 'NONE', #3452, #5761, #2890 ) ;
#502 = EDGE_CURVE ( 'NONE', #3887, #6264, #7340, .T. ) ;
#503 = CARTESIAN_POINT ( 'NONE',  ( 5.874410719179689266, 49.93363652735894220, 6.000581064956308275 ) ) ;
#504 = FACE_OUTER_BOUND ( 'NONE', #1205, .T. ) ;
#505 = EDGE_CURVE ( 'NONE', #5954, #2035, #2221, .T. ) ;
#506 = CARTESIAN_POINT ( 'NONE',  ( 11.27132469877176923, 50.33421759231526948, 6.000000000000000000 ) ) ;
#507 = CARTESIAN_POINT ( 'NONE',  ( -14.23144644677175208, 14.23144644677176629, 4.000000000000000000 ) ) ;
#508 = ORIENTED_EDGE ( 'NONE', *, *, #2653, .T. ) ;
#509 = VECTOR ( 'NONE', #5880, 1000.000000000000227 ) ;
#510 = DIRECTION ( 'NONE',  ( 0.6786076767083671912, 0.2810395741260525715, 0.6786076767083608630 ) ) ;
#511 = CARTESIAN_POINT ( 'NONE',  ( 39.98996243283497165, 39.98996243283517060, 1.000000000000000888 ) ) ;
#512 = CARTESIAN_POINT ( 'NONE',  ( 68.54663218375308986, 53.24846227906593299, 21.02811762574660648 ) ) ;
#513 = CARTESIAN_POINT ( 'NONE',  ( 54.42884860408192793, 27.75317541498460372, 4.000000000000000000 ) ) ;
#514 = LINE ( 'NONE', #2812, #791 ) ;
#515 = ORIENTED_EDGE ( 'NONE', *, *, #7397, .F. ) ;
#516 = PLANE ( 'NONE',  #6490 ) ;
#517 = ORIENTED_EDGE ( 'NONE', *, *, #6772, .F. ) ;
#518 = CARTESIAN_POINT ( 'NONE',  ( 75.41657697571172037, 52.35311032234201889, 4.000000000000000000 ) ) ;
#519 = VECTOR ( 'NONE', #2931, 1000.000000000000114 ) ;
#520 = LINE ( 'NONE', #6295, #6613 ) ;
#521 = DIRECTION ( 'NONE',  ( -0.000000000000000000, 0.000000000000000000, -1.000000000000000000 ) ) ;
#523 = LINE ( 'NONE', #2255, #2090 ) ;
#522 = DIRECTION ( 'NONE',  ( 1.887397745837881465E-14, 1.000000000000000000, 0.000000000000000000 ) ) ;
#524 = EDGE_LOOP ( 'NONE', ( #4660, #3136, #5279, #1199 ) ) ;
#525 = DIRECTION ( 'NONE',  ( -0.7071938130861842309, -0.7070197385735585982, 0.000000000000000000 ) ) ;
#526 = VERTEX_POINT ( 'NONE', #1051 ) ;
#527 = ADVANCED_FACE ( 'NONE', ( #5659 ), #7323, .T. ) ;
#528 = FACE_OUTER_BOUND ( 'NONE', #2970, .T. ) ;
#529 = ORIENTED_EDGE ( 'NONE', *, *, #4089, .T. ) ;
#530 = CARTESIAN_POINT ( 'NONE',  ( -21.63100838201660281, 21.63100838201653531, 4.000000000000000000 ) ) ;
#531 = ORIENTED_EDGE ( 'NONE', *, *, #6002, .T. ) ;
#532 = ORIENTED_EDGE ( 'NONE', *, *, #1734, .T. ) ;
#533 = VECTOR ( 'NONE', #2549, 1000.000000000000000 ) ;
#534 = CARTESIAN_POINT ( 'NONE',  ( 30.61060500309817201, -1.770031170424250693E-14, -14.99112027467291597 ) ) ;
#535 = EDGE_CURVE ( 'NONE', #1924, #4788, #4418, .T. ) ;
#536 = ORIENTED_EDGE ( 'NONE', *, *, #4838, .T. ) ;
#537 = VERTEX_POINT ( 'NONE', #3847 ) ;
#538 = EDGE_CURVE ( 'NONE', #803, #1336, #981, .T. ) ;
#539 = EDGE_CURVE ( 'NONE', #4616, #6777, #2826, .T. ) ;
#540 = DIRECTION ( 'NONE',  ( -0.7071067811863814834, -0.7071067811867136621, 0.000000000000000000 ) ) ;
#541 = CARTESIAN_POINT ( 'NONE',  ( 40.83180065388673796, 38.69286487643512373, 3.399999999999983036 ) ) ;
#542 = FACE_OUTER_BOUND ( 'NONE', #2047, .T. ) ;
#544 = CARTESIAN_POINT ( 'NONE',  ( 7.215204884731161172, 59.43721033407791055, 0.8625011646588212066 ) ) ;
#543 = VECTOR ( 'NONE', #4496, 1000.000000000000000 ) ;
#545 = EDGE_LOOP ( 'NONE', ( #3317, #752, #3166, #5069 ) ) ;
#546 = CARTESIAN_POINT ( 'NONE',  ( 2.724169710357899898, -2.724169710357899898, 10.00000000000000000 ) ) ;
#547 = VECTOR ( 'NONE', #6256, 1000.000000000000000 ) ;
#548 = DIRECTION ( 'NONE',  ( -1.000000000000000000, 0.000000000000000000, -0.000000000000000000 ) ) ;
#549 = CARTESIAN_POINT ( 'NONE',  ( 54.77950485431463790, 58.94965714550201596, 10.00000000000000000 ) ) ;
#550 = CARTESIAN_POINT ( 'NONE',  ( 49.69237599792508320, 49.69237599792508320, 4.000000000000000000 ) ) ;
#551 = AXIS2_PLACEMENT_3D ( 'NONE', #2380, #5890, #4109 ) ;
#552 = ORIENTED_EDGE ( 'NONE', *, *, #397, .T. ) ;
#553 = DIRECTION ( 'NONE',  ( -0.7071067811865460184, 0.7071067811865489050, 0.000000000000000000 ) ) ;
#554 = ORIENTED_EDGE ( 'NONE', *, *, #7223, .T. ) ;
#555 = DIRECTION ( 'NONE',  ( 0.7071067811865352493, -0.7071067811865597852, 6.409875621278103553E-17 ) ) ;
#556 = AXIS2_PLACEMENT_3D ( 'NONE', #6251, #3375, #2285 ) ;
#557 = VECTOR ( 'NONE', #5474, 1000.000000000000114 ) ;
#558 = DIRECTION ( 'NONE',  ( 0.000000000000000000, -1.000000000000000000, 0.000000000000000000 ) ) ;
#559 = DIRECTION ( 'NONE',  ( 1.000000000000000000, -3.469446951953610639E-15, 0.000000000000000000 ) ) ;
#561 = CARTESIAN_POINT ( 'NONE',  ( 11.01402484566505890, 5.000000000000023093, 1.399999999999984590 ) ) ;
#560 = DIRECTION ( 'NONE',  ( -0.7071067811865474617, -0.7071067811865474617, -0.000000000000000000 ) ) ;
#562 = CARTESIAN_POINT ( 'NONE',  ( 6.992565577373027530, 59.97470916941908570, 10.00099999999999945 ) ) ;
#563 = VECTOR ( 'NONE', #3867, 1000.000000000000000 ) ;
#564 = CARTESIAN_POINT ( 'NONE',  ( 75.02984732797570189, 13.93771831048097631, 1.400000000000012346 ) ) ;
#565 = EDGE_CURVE ( 'NONE', #6306, #3647, #4528, .T. ) ;
#566 = ORIENTED_EDGE ( 'NONE', *, *, #3403, .T. ) ;
#567 = PLANE ( 'NONE',  #3717 ) ;
#568 = ORIENTED_EDGE ( 'NONE', *, *, #1431, .F. ) ;
#569 = DIRECTION ( 'NONE',  ( -0.000000000000000000, -0.000000000000000000, -1.000000000000000000 ) ) ;
#570 = ORIENTED_EDGE ( 'NONE', *, *, #2194, .F. ) ;
#571 = ORIENTED_EDGE ( 'NONE', *, *, #4889, .F. ) ;
#572 = PLANE ( 'NONE',  #1388 ) ;
#573 = ORIENTED_EDGE ( 'NONE', *, *, #2927, .T. ) ;
#574 = LINE ( 'NONE', #6805, #3319 ) ;
#575 = LINE ( 'NONE', #4612, #4283 ) ;
#576 = AXIS2_PLACEMENT_3D ( 'NONE', #4694, #242, #734 ) ;
#577 = VECTOR ( 'NONE', #6691, 1000.000000000000000 ) ;
#578 = LINE ( 'NONE', #6989, #4262 ) ;
#579 = ORIENTED_EDGE ( 'NONE', *, *, #3049, .F. ) ;
#580 = ORIENTED_EDGE ( 'NONE', *, *, #6067, .F. ) ;
#581 = AXIS2_PLACEMENT_3D ( 'NONE', #6075, #3649, #5467 ) ;
#582 = EDGE_CURVE ( 'NONE', #3283, #789, #3315, .T. ) ;
#583 = DIRECTION ( 'NONE',  ( 0.0001230892683152483562, 0.9999999924245159821, 0.000000000000000000 ) ) ;
#584 = VECTOR ( 'NONE', #5844, 999.9999999999998863 ) ;
#585 = EDGE_CURVE ( 'NONE', #5614, #6841, #5663, .T. ) ;
#586 = CARTESIAN_POINT ( 'NONE',  ( 33.62077148956542061, 29.22093119312694398, -2.068869020789434465 ) ) ;
#587 = VECTOR ( 'NONE', #1717, 1000.000000000000000 ) ;
#588 = FACE_OUTER_BOUND ( 'NONE', #1132, .T. ) ;
#589 = CARTESIAN_POINT ( 'NONE',  ( 12.01402484566508733, 10.59981128563069852, 1.399999999999984590 ) ) ;
#590 = CARTESIAN_POINT ( 'NONE',  ( 32.04250857462645286, 35.28980021391637933, 4.000000000000000000 ) ) ;
#591 = ORIENTED_EDGE ( 'NONE', *, *, #225, .T. ) ;
#592 = CIRCLE ( 'NONE', #3705, 1.250000000000000222 ) ;
#593 = ORIENTED_EDGE ( 'NONE', *, *, #2647, .F. ) ;
#594 = DIRECTION ( 'NONE',  ( -0.000000000000000000, -0.000000000000000000, -1.000000000000000000 ) ) ;
#595 = EDGE_CURVE ( 'NONE', #2701, #2907, #4490, .T. ) ;
#596 = CARTESIAN_POINT ( 'NONE',  ( 5.407234384129093741, 52.01243712717123202, 2.524624086951792634 ) ) ;
#597 = CARTESIAN_POINT ( 'NONE',  ( 65.34807733323546586, 45.55871309031685712, 5.600000000000016520 ) ) ;
#598 = EDGE_CURVE ( 'NONE', #6936, #2758, #1615, .T. ) ;
#600 = PLANE ( 'NONE',  #284 ) ;
#599 = DIRECTION ( 'NONE',  ( -8.260587980841936807E-16, -1.000000000000000000, 0.000000000000000000 ) ) ;
#601 = DIRECTION ( 'NONE',  ( -0.4999384515780989635, 0.5000615408464083034, -0.7071067811865536790 ) ) ;
#602 = LINE ( 'NONE', #2901, #4280 ) ;
#603 = ORIENTED_EDGE ( 'NONE', *, *, #505, .F. ) ;
#604 = DIRECTION ( 'NONE',  ( -0.000000000000000000, -0.000000000000000000, 1.000000000000000000 ) ) ;
#605 = ORIENTED_EDGE ( 'NONE', *, *, #4142, .F. ) ;
#606 = ADVANCED_FACE ( 'NONE', ( #5124 ), #6871, .F. ) ;
#607 = CARTESIAN_POINT ( 'NONE',  ( 53.48264078761654616, 52.77490806565516834, 5.599999999999988987 ) ) ;
#608 = ORIENTED_EDGE ( 'NONE', *, *, #4815, .F. ) ;
#609 = ORIENTED_EDGE ( 'NONE', *, *, #4852, .F. ) ;
#610 = EDGE_CURVE ( 'NONE', #7433, #5019, #7042, .T. ) ;
#611 = CARTESIAN_POINT ( 'NONE',  ( 59.77578496594467339, 36.03617221234400603, 1.000000000000000888 ) ) ;
#612 = ORIENTED_EDGE ( 'NONE', *, *, #5193, .T. ) ;
#613 = CARTESIAN_POINT ( 'NONE',  ( -7.214347219674895229, 12.93252939528298029, 3.600000000000002309 ) ) ;
#614 = LINE ( 'NONE', #2912, #1758 ) ;
#615 = CARTESIAN_POINT ( 'NONE',  ( 24.68786710259123751, 26.74893132513959415, 13.34393355129551928 ) ) ;
#616 = ADVANCED_FACE ( 'NONE', ( #4100 ), #671, .T. ) ;
#617 = ORIENTED_EDGE ( 'NONE', *, *, #2516, .T. ) ;
#618 = ORIENTED_EDGE ( 'NONE', *, *, #2183, .F. ) ;
#619 = VECTOR ( 'NONE', #1539, 1000.000000000000000 ) ;
#620 = ADVANCED_FACE ( 'NONE', ( #6341 ), #4702, .F. ) ;
#621 = DIRECTION ( 'NONE',  ( -0.5773502691896248429, 0.5773502691896261751, 0.5773502691896261751 ) ) ;
#622 = CARTESIAN_POINT ( 'NONE',  ( 55.42884860408193504, 24.35317541498460869, -10.67514906227531313 ) ) ;
#623 = DIRECTION ( 'NONE',  ( 1.000000000000000000, 0.000000000000000000, 0.000000000000000000 ) ) ;
#624 = EDGE_CURVE ( 'NONE', #1783, #3376, #6443, .T. ) ;
#625 = VECTOR ( 'NONE', #2088, 1000.000000000000000 ) ;
#626 = DIRECTION ( 'NONE',  ( -1.000000000000000000, 0.000000000000000000, 0.000000000000000000 ) ) ;
#627 = EDGE_LOOP ( 'NONE', ( #6479, #7469, #140 ) ) ;
#628 = ORIENTED_EDGE ( 'NONE', *, *, #2855, .F. ) ;
#629 = EDGE_CURVE ( 'NONE', #5141, #310, #3465, .T. ) ;
#630 = EDGE_CURVE ( 'NONE', #5209, #6356, #3567, .T. ) ;
#631 = CARTESIAN_POINT ( 'NONE',  ( 65.74807733323547154, 0.000000000000000000, 6.000000000000000000 ) ) ;
#632 = CARTESIAN_POINT ( 'NONE',  ( 77.98218423212628636, 59.97470916941927044, 10.00099999999999945 ) ) ;
#634 = DIRECTION ( 'NONE',  ( 0.7071067811865495711, 0.7071067811865455743, 0.000000000000000000 ) ) ;
#633 = PLANE ( 'NONE',  #2954 ) ;
#635 = DIRECTION ( 'NONE',  ( -0.7071067811865475727, 0.000000000000000000, -0.7071067811865475727 ) ) ;
#636 = DIRECTION ( 'NONE',  ( 0.000000000000000000, -1.000000000000000000, 0.000000000000000000 ) ) ;
#637 = ORIENTED_EDGE ( 'NONE', *, *, #5608, .T. ) ;
#638 = DIRECTION ( 'NONE',  ( -0.5773502691896257311, 0.5773502691896257311, 0.5773502691896257311 ) ) ;
#639 = ORIENTED_EDGE ( 'NONE', *, *, #2937, .T. ) ;
#640 = CARTESIAN_POINT ( 'NONE',  ( 6.279125501159819045, 6.279125501162968526, 10.00000000000000000 ) ) ;
#641 = ADVANCED_FACE ( 'NONE', ( #4669 ), #5233, .F. ) ;
#642 = VERTEX_POINT ( 'NONE', #2333 ) ;
#643 = CARTESIAN_POINT ( 'NONE',  ( 58.23157658086555699, 31.75317541498461082, 4.400000000000011902 ) ) ;
#644 = ORIENTED_EDGE ( 'NONE', *, *, #3167, .T. ) ;
#645 = ORIENTED_EDGE ( 'NONE', *, *, #624, .T. ) ;
#646 = VECTOR ( 'NONE', #7353, 1000.000000000000000 ) ;
#647 = FACE_OUTER_BOUND ( 'NONE', #6156, .T. ) ;
#648 = FACE_OUTER_BOUND ( 'NONE', #3799, .T. ) ;
#649 = ADVANCED_FACE ( 'NONE', ( #4171 ), #4066, .F. ) ;
#650 = CARTESIAN_POINT ( 'NONE',  ( 60.17578496594467907, 36.03617221234400603, 1.000000000000000888 ) ) ;
#651 = ORIENTED_EDGE ( 'NONE', *, *, #6850, .T. ) ;
#652 = ORIENTED_EDGE ( 'NONE', *, *, #6308, .F. ) ;
#653 = DIRECTION ( 'NONE',  ( 0.2811297017418620814, 0.6785890106679196565, 0.6785890106679196565 ) ) ;
#654 = PLANE ( 'NONE',  #5128 ) ;
#655 = CARTESIAN_POINT ( 'NONE',  ( 75.02984732797570189, 0.000000000000000000, 1.400000000000012346 ) ) ;
#656 = VECTOR ( 'NONE', #4003, 1000.000000000000000 ) ;
#657 = VECTOR ( 'NONE', #3479, 1000.000000000000114 ) ;
#658 = LINE ( 'NONE', #5259, #5668 ) ;
#659 = ORIENTED_EDGE ( 'NONE', *, *, #2303, .T. ) ;
#660 = ORIENTED_EDGE ( 'NONE', *, *, #1910, .T. ) ;
#661 = AXIS2_PLACEMENT_3D ( 'NONE', #5947, #2291, #3418 ) ;
#662 = CARTESIAN_POINT ( 'NONE',  ( 74.41423944072103325, 5.000000000000023093, 1.400000000000012346 ) ) ;
#663 = DIRECTION ( 'NONE',  ( -0.000000000000000000, -0.000000000000000000, 1.000000000000000000 ) ) ;
#664 = ADVANCED_FACE ( 'NONE', ( #2367 ), #5202, .T. ) ;
#665 = AXIS2_PLACEMENT_3D ( 'NONE', #3406, #5710, #2123 ) ;
#667 = CARTESIAN_POINT ( 'NONE',  ( 62.89024130048304073, 40.61884720954800088, 3.399999999999983036 ) ) ;
#666 = DIRECTION ( 'NONE',  ( -0.4999999999999888423, 0.4999999999999916733, -0.7071067811865614505 ) ) ;
#668 = DIRECTION ( 'NONE',  ( 1.000000000000000000, 0.000000000000000000, 0.000000000000000000 ) ) ;
#669 = PLANE ( 'NONE',  #2475 ) ;
#670 = VERTEX_POINT ( 'NONE', #5777 ) ;
#671 = PLANE ( 'NONE',  #3764 ) ;
#672 = EDGE_LOOP ( 'NONE', ( #617, #2716, #2678, #4850 ) ) ;
#673 = CARTESIAN_POINT ( 'NONE',  ( 24.39487291362403099, 59.35339717067414256, 4.400000000000011902 ) ) ;
#674 = VECTOR ( 'NONE', #6004, 1000.000000000000000 ) ;
#675 = EDGE_CURVE ( 'NONE', #7389, #3240, #6375, .T. ) ;
#676 = DIRECTION ( 'NONE',  ( -1.000000000000000000, 0.000000000000000000, 0.000000000000000000 ) ) ;
#677 = AXIS2_PLACEMENT_3D ( 'NONE', #4847, #4238, #5986 ) ;
#678 = AXIS2_PLACEMENT_3D ( 'NONE', #4299, #6612, #1434 ) ;
#679 = VERTEX_POINT ( 'NONE', #2404 ) ;
#680 = DIRECTION ( 'NONE',  ( 0.000000000000000000, -0.000000000000000000, 1.000000000000000000 ) ) ;
#681 = ORIENTED_EDGE ( 'NONE', *, *, #5665, .T. ) ;
#682 = VECTOR ( 'NONE', #6022, 1000.000000000000000 ) ;
#683 = ORIENTED_EDGE ( 'NONE', *, *, #6766, .F. ) ;
#684 = EDGE_CURVE ( 'NONE', #6431, #4463, #139, .T. ) ;
#685 = DIRECTION ( 'NONE',  ( -0.000000000000000000, -0.000000000000000000, -1.000000000000000000 ) ) ;
#686 = ADVANCED_FACE ( 'NONE', ( #5309 ), #4739, .F. ) ;
#687 = CARTESIAN_POINT ( 'NONE',  ( 54.61415088855444111, 53.90613964737286068, 5.599999999999983658 ) ) ;
#688 = CARTESIAN_POINT ( 'NONE',  ( 40.83180065388673796, 43.69286487643512373, 3.399999999999983036 ) ) ;
#689 = ORIENTED_EDGE ( 'NONE', *, *, #5719, .F. ) ;
#690 = VERTEX_POINT ( 'NONE', #1198 ) ;
#691 = LINE ( 'NONE', #1213, #5278 ) ;
#692 = PLANE ( 'NONE',  #6454 ) ;
#693 = AXIS2_PLACEMENT_3D ( 'NONE', #5978, #5936, #7034 ) ;
#694 = VECTOR ( 'NONE', #569, 1000.000000000000000 ) ;
#695 = DIRECTION ( 'NONE',  ( -0.5773502691896222894, -0.5773502691896194028, 0.5773502691896356120 ) ) ;
#696 = EDGE_LOOP ( 'NONE', ( #64, #3001, #6897, #580 ) ) ;
#697 = EDGE_LOOP ( 'NONE', ( #5570, #7136, #3401, #6730, #7354, #4057 ) ) ;
#698 = AXIS2_PLACEMENT_3D ( 'NONE', #6736, #4913, #5443 ) ;
#699 = CARTESIAN_POINT ( 'NONE',  ( 62.89024130048304073, 40.61884720954800088, 2.000000000000000000 ) ) ;
#700 = LINE ( 'NONE', #2432, #5889 ) ;
#701 = DIRECTION ( 'NONE',  ( -0.0001230892683152483562, -0.9999999924245159821, 0.000000000000000000 ) ) ;
#703 = PLANE ( 'NONE',  #4133 ) ;
#702 = CARTESIAN_POINT ( 'NONE',  ( 62.89024130048304073, 40.61884720954800088, 3.399999999999983036 ) ) ;
#704 = DIRECTION ( 'NONE',  ( 0.000000000000000000, -0.000000000000000000, 1.000000000000000000 ) ) ;
#705 = CARTESIAN_POINT ( 'NONE',  ( 78.02984732797568768, 28.93771831048097454, 4.000000000000000000 ) ) ;
#706 = ORIENTED_EDGE ( 'NONE', *, *, #4646, .F. ) ;
#707 = CARTESIAN_POINT ( 'NONE',  ( 76.16692151384303600, 56.44252476504900073, 10.00099999999999945 ) ) ;
#708 = ORIENTED_EDGE ( 'NONE', *, *, #7033, .T. ) ;
#709 = FACE_OUTER_BOUND ( 'NONE', #120, .T. ) ;
#710 = EDGE_CURVE ( 'NONE', #3429, #6777, #3499, .T. ) ;
#711 = CARTESIAN_POINT ( 'NONE',  ( 79.69190709702542108, 7.275408289847637100, 10.00000000000000000 ) ) ;
#712 = DIRECTION ( 'NONE',  ( 1.000000000000000000, 0.000000000000000000, 0.000000000000000000 ) ) ;
#713 = ORIENTED_EDGE ( 'NONE', *, *, #2619, .T. ) ;
#714 = CARTESIAN_POINT ( 'NONE',  ( 65.34807733323546586, 40.95871309031685570, 5.600000000000016520 ) ) ;
#715 = ORIENTED_EDGE ( 'NONE', *, *, #1090, .F. ) ;
#716 = ADVANCED_FACE ( 'NONE', ( #7466 ), #2301, .T. ) ;
#717 = ORIENTED_EDGE ( 'NONE', *, *, #5937, .T. ) ;
#718 = EDGE_CURVE ( 'NONE', #4191, #5583, #2903, .T. ) ;
#719 = ADVANCED_FACE ( 'NONE', ( #5497 ), #5988, .T. ) ;
#720 = CARTESIAN_POINT ( 'NONE',  ( 55.24511320246803336, 59.97470916941927044, 9.600000000000019185 ) ) ;
#721 = PLANE ( 'NONE',  #5236 ) ;
#722 = VECTOR ( 'NONE', #319, 1000.000000000000114 ) ;
#723 = DIRECTION ( 'NONE',  ( -1.000000000000000000, 0.000000000000000000, 0.000000000000000000 ) ) ;
#724 = ORIENTED_EDGE ( 'NONE', *, *, #6286, .F. ) ;
#725 = ORIENTED_EDGE ( 'NONE', *, *, #1470, .F. ) ;
#726 = ADVANCED_FACE ( 'NONE', ( #4281 ), #6594, .F. ) ;
#727 = ADVANCED_FACE ( 'NONE', ( #290 ), #5379, .T. ) ;
#728 = LINE ( 'NONE', #3022, #4447 ) ;
#729 = CARTESIAN_POINT ( 'NONE',  ( 6.992565577374029395, 5.000000000000023093, 1.399999999999984590 ) ) ;
#730 = CONICAL_SURFACE ( 'NONE', #3868, 1.250000000000000222, 0.7853981633974431720 ) ;
#731 = CARTESIAN_POINT ( 'NONE',  ( 73.34807733323548007, 41.35871309031684007, 5.600000000000016520 ) ) ;
#732 = ORIENTED_EDGE ( 'NONE', *, *, #7322, .T. ) ;
#733 = ORIENTED_EDGE ( 'NONE', *, *, #245, .T. ) ;
#734 = DIRECTION ( 'NONE',  ( -0.000000000000000000, 1.000000000000000000, 0.000000000000000000 ) ) ;
#735 = VECTOR ( 'NONE', #5374, 1000.000000000000000 ) ;
#736 = CARTESIAN_POINT ( 'NONE',  ( 11.27132469877176568, 34.73421759231528227, 6.000000000000000000 ) ) ;
#737 = DIRECTION ( 'NONE',  ( 0.7071067811863657182, -0.7071067811867293162, 0.000000000000000000 ) ) ;
#739 = LINE ( 'NONE', #2329, #4860 ) ;
#738 = LINE ( 'NONE', #4164, #6524 ) ;
#740 = FACE_OUTER_BOUND ( 'NONE', #3431, .T. ) ;
#741 = CARTESIAN_POINT ( 'NONE',  ( 7.238803657608011477, 56.44252476504900073, 10.00000000000000000 ) ) ;
#742 = ORIENTED_EDGE ( 'NONE', *, *, #6350, .T. ) ;
#743 = DIRECTION ( 'NONE',  ( -0.000000000000000000, -0.000000000000000000, -1.000000000000000000 ) ) ;
#744 = EDGE_LOOP ( 'NONE', ( #6750, #5510, #6390, #7016 ) ) ;
#745 = CARTESIAN_POINT ( 'NONE',  ( 46.94653210253800779, 28.88980021391638431, 1.400000000000005462 ) ) ;
#746 = VECTOR ( 'NONE', #6597, 1000.000000000000000 ) ;
#747 = CARTESIAN_POINT ( 'NONE',  ( 73.15243468099103552, 12.06030566349624422, 4.000000000000000000 ) ) ;
#748 = DIRECTION ( 'NONE',  ( -1.000000000000000000, 0.000000000000000000, 0.000000000000000000 ) ) ;
#749 = ORIENTED_EDGE ( 'NONE', *, *, #2378, .T. ) ;
#750 = EDGE_CURVE ( 'NONE', #2371, #6356, #5456, .T. ) ;
#751 = CARTESIAN_POINT ( 'NONE',  ( 24.39487291362403099, 59.35339717067414256, 6.000000000000000000 ) ) ;
#752 = ORIENTED_EDGE ( 'NONE', *, *, #3070, .T. ) ;
#753 = VERTEX_POINT ( 'NONE', #178 ) ;
#754 = AXIS2_PLACEMENT_3D ( 'NONE', #1835, #4599, #1802 ) ;
#755 = ADVANCED_FACE ( 'NONE', ( #5945 ), #815, .F. ) ;
#756 = DIRECTION ( 'NONE',  ( 0.7100637267678131526, 0.7041374183556817767, 0.000000000000000000 ) ) ;
#757 = DIRECTION ( 'NONE',  ( -0.7070197385735585982, 0.7071938130861842309, 0.000000000000000000 ) ) ;
#758 = EDGE_CURVE ( 'NONE', #5703, #2725, #2022, .T. ) ;
#759 = DIRECTION ( 'NONE',  ( 1.000000000000000000, 0.000000000000000000, 0.000000000000000000 ) ) ;
#760 = VERTEX_POINT ( 'NONE', #3791 ) ;
#761 = VERTEX_POINT ( 'NONE', #2060 ) ;
#762 = PLANE ( 'NONE',  #1061 ) ;
#763 = FACE_OUTER_BOUND ( 'NONE', #5951, .T. ) ;
#764 = VECTOR ( 'NONE', #6100, 1000.000000000000114 ) ;
#765 = CARTESIAN_POINT ( 'NONE',  ( 11.67132469877177670, 34.33421759231526948, 4.400000000000011902 ) ) ;
#766 = ORIENTED_EDGE ( 'NONE', *, *, #7372, .T. ) ;
#767 = EDGE_LOOP ( 'NONE', ( #289, #6102, #3857 ) ) ;
#768 = CARTESIAN_POINT ( 'NONE',  ( 75.02984732797570189, 28.93771831048098520, 1.400000000000012346 ) ) ;
#769 = LINE ( 'NONE', #206, #6006 ) ;
#770 = FACE_OUTER_BOUND ( 'NONE', #6236, .T. ) ;
#772 = CARTESIAN_POINT ( 'NONE',  ( 64.94807733323548860, 40.95871309031685570, 4.000000000000000000 ) ) ;
#771 = DIRECTION ( 'NONE',  ( -0.2810846377148128461, 0.6785983445458485530, -0.6785983445458485530 ) ) ;
#773 = AXIS2_PLACEMENT_3D ( 'NONE', #7406, #6091, #4470 ) ;
#774 = LINE ( 'NONE', #3601, #6464 ) ;
#775 = DIRECTION ( 'NONE',  ( 0.000000000000000000, 1.000000000000000000, 0.000000000000000000 ) ) ;
#776 = ORIENTED_EDGE ( 'NONE', *, *, #2170, .F. ) ;
#777 = PLANE ( 'NONE',  #7451 ) ;
#778 = ORIENTED_EDGE ( 'NONE', *, *, #6485, .F. ) ;
#779 = CARTESIAN_POINT ( 'NONE',  ( 74.00236341333862811, 54.33300930966434095, 1.000000000000000888 ) ) ;
#780 =( NAMED_UNIT ( * ) PLANE_ANGLE_UNIT ( ) SI_UNIT ( $, .RADIAN. ) );
#781 = VECTOR ( 'NONE', #1927, 1000.000000000000000 ) ;
#782 = CARTESIAN_POINT ( 'NONE',  ( 12.07195935263212938, 55.33397611666537586, 4.000000000000000000 ) ) ;
#783 = LINE ( 'NONE', #3234, #4147 ) ;
#784 = ORIENTED_EDGE ( 'NONE', *, *, #4410, .F. ) ;
#785 = DIRECTION ( 'NONE',  ( 0.000000000000000000, -0.000000000000000000, 1.000000000000000000 ) ) ;
#786 = CARTESIAN_POINT ( 'NONE',  ( 54.61482092964091350, 59.34967741935615493, 5.599999999999988987 ) ) ;
#787 = ORIENTED_EDGE ( 'NONE', *, *, #6217, .T. ) ;
#788 = VECTOR ( 'NONE', #1959, 1000.000000000000114 ) ;
#789 = VERTEX_POINT ( 'NONE', #4240 ) ;
#790 = ORIENTED_EDGE ( 'NONE', *, *, #1253, .F. ) ;
#791 = VECTOR ( 'NONE', #3259, 1000.000000000000114 ) ;
#792 = VECTOR ( 'NONE', #1135, 1000.000000000000000 ) ;
#793 = ORIENTED_EDGE ( 'NONE', *, *, #1910, .F. ) ;
#794 = CARTESIAN_POINT ( 'NONE',  ( 0.000000000000000000, 5.400000000000020783, 10.00000000000000000 ) ) ;
#795 = DIRECTION ( 'NONE',  ( 0.000000000000000000, 0.7071067811865475727, -0.7071067811865475727 ) ) ;
#796 = VECTOR ( 'NONE', #4620, 1000.000000000000000 ) ;
#797 = CARTESIAN_POINT ( 'NONE',  ( 73.15243468099103552, 20.03231731485910316, 9.600000000000015632 ) ) ;
#798 = ORIENTED_EDGE ( 'NONE', *, *, #6276, .T. ) ;
#799 = VERTEX_POINT ( 'NONE', #2518 ) ;
#800 = DIRECTION ( 'NONE',  ( -0.7071067811865474617, -0.7071067811865474617, 0.000000000000000000 ) ) ;
#801 = DIRECTION ( 'NONE',  ( 0.7061519002946796686, -0.7080603743397965166, 0.000000000000000000 ) ) ;
#802 = LINE ( 'NONE', #2046, #722 ) ;
#803 = VERTEX_POINT ( 'NONE', #2554 ) ;
#804 = EDGE_CURVE ( 'NONE', #4324, #970, #6636, .T. ) ;
#805 = ADVANCED_FACE ( 'NONE', ( #6552 ), #854, .T. ) ;
#806 = DIRECTION ( 'NONE',  ( -1.000000000000000000, 0.000000000000000000, 0.000000000000000000 ) ) ;
#807 = VECTOR ( 'NONE', #6167, 1000.000000000000000 ) ;
#808 = CARTESIAN_POINT ( 'NONE',  ( 0.000000000000000000, 11.61402484683419445, 1.000000000000000888 ) ) ;
#809 = CARTESIAN_POINT ( 'NONE',  ( 10.43412585951235449, 11.61402484683419445, 1.000000000000000888 ) ) ;
#811 = LINE ( 'NONE', #849, #4250 ) ;
#810 = LINE ( 'NONE', #4844, #1327 ) ;
#812 = CARTESIAN_POINT ( 'NONE',  ( -26.20822908354670489, 26.20822908353439473, 10.00000000000000000 ) ) ;
#813 = DIRECTION ( 'NONE',  ( 0.7071067811865475727, 0.000000000000000000, -0.7071067811865475727 ) ) ;
#814 = ORIENTED_EDGE ( 'NONE', *, *, #6893, .F. ) ;
#815 = PLANE ( 'NONE',  #7260 ) ;
#816 = ORIENTED_EDGE ( 'NONE', *, *, #167, .T. ) ;
#817 = VECTOR ( 'NONE', #6546, 1000.000000000000000 ) ;
#818 = DIRECTION ( 'NONE',  ( 1.000000000000000000, 0.000000000000000000, 0.000000000000000000 ) ) ;
#819 = EDGE_CURVE ( 'NONE', #465, #4427, #3718, .T. ) ;
#820 = DIRECTION ( 'NONE',  ( -0.7071067811865475727, 0.7071067811865475727, 0.000000000000000000 ) ) ;
#821 = CARTESIAN_POINT ( 'NONE',  ( 73.15243468099103552, 20.03231731485910316, 10.00099999999999945 ) ) ;
#822 = VECTOR ( 'NONE', #2951, 1000.000000000000114 ) ;
#823 = CARTESIAN_POINT ( 'NONE',  ( 5.756255795827448729, 57.66889218479151680, 0.6437442041734523501 ) ) ;
#824 = EDGE_LOOP ( 'NONE', ( #458, #3473, #652, #855 ) ) ;
#825 = DIRECTION ( 'NONE',  ( -0.7071067811867248754, 0.7071067811863702701, 0.000000000000000000 ) ) ;
#826 = ADVANCED_FACE ( 'NONE', ( #1906 ), #330, .T. ) ;
#827 = CARTESIAN_POINT ( 'NONE',  ( 7.638803657608024267, 56.44252476504900073, 9.599999999999996092 ) ) ;
#828 = VERTEX_POINT ( 'NONE', #7155 ) ;
#829 = ORIENTED_EDGE ( 'NONE', *, *, #5532, .F. ) ;
#830 = EDGE_LOOP ( 'NONE', ( #4218, #2553, #2033, #5858 ) ) ;
#831 = VECTOR ( 'NONE', #7074, 1000.000000000000114 ) ;
#832 = AXIS2_PLACEMENT_3D ( 'NONE', #7388, #2107, #6303 ) ;
#833 = ADVANCED_FACE ( 'NONE', ( #4776 ), #2633, .T. ) ;
#834 = EDGE_LOOP ( 'NONE', ( #1682, #6692, #2504, #5664 ) ) ;
#835 = LINE ( 'NONE', #1540, #4038 ) ;
#836 = LINE ( 'NONE', #1392, #1153 ) ;
#837 = DIRECTION ( 'NONE',  ( -0.7071067811865474617, 0.000000000000000000, 0.7071067811865474617 ) ) ;
#838 = EDGE_LOOP ( 'NONE', ( #2603, #7287, #6608, #5360 ) ) ;
#839 = VERTEX_POINT ( 'NONE', #6516 ) ;
#840 = DIRECTION ( 'NONE',  ( -9.324293839476711010E-05, -0.9999999956528771161, 0.000000000000000000 ) ) ;
#841 = CARTESIAN_POINT ( 'NONE',  ( 41.42884860408194214, 26.75317541498458951, 10.00000000000000000 ) ) ;
#842 = ADVANCED_FACE ( 'NONE', ( #1372 ), #777, .F. ) ;
#843 = LINE ( 'NONE', #162, #303 ) ;
#844 = ORIENTED_EDGE ( 'NONE', *, *, #3053, .T. ) ;
#845 = DIRECTION ( 'NONE',  ( -0.7071067811865479058, -0.7071067811865471286, 0.000000000000000000 ) ) ;
#846 = CARTESIAN_POINT ( 'NONE',  ( 0.000000000000000000, 34.48980021391637507, 1.000000000000000888 ) ) ;
#847 = DIRECTION ( 'NONE',  ( -0.7071067811865412445, 8.659560562354855205E-17, 0.7071067811865537900 ) ) ;
#849 = CARTESIAN_POINT ( 'NONE',  ( -1.793010517040539931, 2.287549152101669314, 3.599999999999999201 ) ) ;
#848 = DIRECTION ( 'NONE',  ( -0.000000000000000000, -0.000000000000000000, -1.000000000000000000 ) ) ;
#850 = DIRECTION ( 'NONE',  ( -0.000000000000000000, -0.000000000000000000, -1.000000000000000000 ) ) ;
#851 = ADVANCED_FACE ( 'NONE', ( #1980 ), #4192, .F. ) ;
#852 = DIRECTION ( 'NONE',  ( -1.000000000000000000, 0.000000000000000000, 0.000000000000000000 ) ) ;
#853 = ORIENTED_EDGE ( 'NONE', *, *, #1982, .F. ) ;
#854 = PLANE ( 'NONE',  #4978 ) ;
#855 = ORIENTED_EDGE ( 'NONE', *, *, #2541, .F. ) ;
#856 = EDGE_CURVE ( 'NONE', #3810, #873, #3833, .T. ) ;
#857 = CARTESIAN_POINT ( 'NONE',  ( 37.03180065388674791, 43.29286487643511094, 1.000000000000000888 ) ) ;
#858 = DIRECTION ( 'NONE',  ( -0.000000000000000000, -0.000000000000000000, 1.000000000000000000 ) ) ;
#859 = CARTESIAN_POINT ( 'NONE',  ( 24.50658147518663910, 31.08592075184099457, 4.000000000000000000 ) ) ;
#860 = CARTESIAN_POINT ( 'NONE',  ( 55.23810503425136886, 24.27416684142531977, 9.409256430169453012 ) ) ;
#861 = LINE ( 'NONE', #2524, #1859 ) ;
#862 = VERTEX_POINT ( 'NONE', #1003 ) ;
#863 = CARTESIAN_POINT ( 'NONE',  ( 11.27132469877176568, 34.33421759231526948, 5.599999999999988987 ) ) ;
#864 = ADVANCED_FACE ( 'NONE', ( #1570 ), #4481, .T. ) ;
#865 = CARTESIAN_POINT ( 'NONE',  ( 77.81649880717780832, 5.400000000000020783, 10.00000000000000000 ) ) ;
#866 = ORIENTED_EDGE ( 'NONE', *, *, #3192, .F. ) ;
#867 = ORIENTED_EDGE ( 'NONE', *, *, #2006, .F. ) ;
#868 = ORIENTED_EDGE ( 'NONE', *, *, #4813, .T. ) ;
#869 = ORIENTED_EDGE ( 'NONE', *, *, #6015, .F. ) ;
#870 = CARTESIAN_POINT ( 'NONE',  ( 18.61060500309818977, 30.68592075184099599, 1.400000000000012346 ) ) ;
#871 = PRODUCT_DEFINITION_SHAPE ( 'NONE', 'NONE',  #1796 ) ;
#872 = CARTESIAN_POINT ( 'NONE',  ( 54.59453402903116626, 28.15317541498460230, 10.00000000000000000 ) ) ;
#873 = VERTEX_POINT ( 'NONE', #405 ) ;
#874 = VERTEX_POINT ( 'NONE', #445 ) ;
#875 = DIRECTION ( 'NONE',  ( 0.7071067811865464625, 0.7071067811865486830, 0.000000000000000000 ) ) ;
#876 = CARTESIAN_POINT ( 'NONE',  ( 78.83562195575520093, 62.03509009644496075, 7.539619072974404368 ) ) ;
#877 = ADVANCED_FACE ( 'NONE', ( #3872 ), #971, .F. ) ;
#878 = EDGE_CURVE ( 'NONE', #2116, #1002, #6858, .T. ) ;
#879 = AXIS2_PLACEMENT_3D ( 'NONE', #4024, #4063, #2867 ) ;
#880 = DIRECTION ( 'NONE',  ( -0.000000000000000000, 0.000000000000000000, 1.000000000000000000 ) ) ;
#881 = ORIENTED_EDGE ( 'NONE', *, *, #77, .F. ) ;
#882 = CARTESIAN_POINT ( 'NONE',  ( 58.23157658086555699, 31.35317541498459804, 4.400000000000011902 ) ) ;
#883 = CARTESIAN_POINT ( 'NONE',  ( 46.54653210253799500, 0.000000000000000000, 1.000000000000000888 ) ) ;
#884 = LINE ( 'NONE', #3221, #4048 ) ;
#885 = VECTOR ( 'NONE', #5416, 1000.000000000000114 ) ;
#887 = FACE_OUTER_BOUND ( 'NONE', #4448, .T. ) ;
#886 = LINE ( 'NONE', #1567, #3139 ) ;
#888 = DIRECTION ( 'NONE',  ( -1.000000000000000000, 0.000000000000000000, 0.000000000000000000 ) ) ;
#889 = PLANE ( 'NONE',  #1152 ) ;
#890 = EDGE_LOOP ( 'NONE', ( #2815, #1940, #1633, #3532 ) ) ;
#891 = DIRECTION ( 'NONE',  ( -1.000000000000000000, 0.000000000000000000, 0.000000000000000000 ) ) ;
#892 = EDGE_LOOP ( 'NONE', ( #2591, #4084, #5603, #612, #2185, #5784, #5894, #1427, #5175, #2332, #5298, #3224, #4573, #7332, #5245, #5966, #1663, #5531, #5260, #2914, #3864, #651, #2519, #4216, #2682, #4460, #4942, #2681, #6500, #387, #7161, #5392, #2751, #2009, #1710, #4056, #628, #6566, #5166, #6553, #5546, #4673, #6674, #6710, #6829, #964, #3757, #36 ) ) ;
#893 = LINE ( 'NONE', #1418, #2592 ) ;
#894 = EDGE_CURVE ( 'NONE', #2598, #6038, #7379, .T. ) ;
#895 = DIRECTION ( 'NONE',  ( -1.000000000000000000, 0.000000000000000000, -0.000000000000000000 ) ) ;
#896 = LINE ( 'NONE', #1421, #3987 ) ;
#897 = DIRECTION ( 'NONE',  ( 0.6785983445458647623, -0.2810846377147343533, -0.6785983445458647623 ) ) ;
#898 = ORIENTED_EDGE ( 'NONE', *, *, #1917, .F. ) ;
#899 = CARTESIAN_POINT ( 'NONE',  ( 7.638803657608024267, 8.415085090169998949, 9.600000000000022737 ) ) ;
#900 = AXIS2_PLACEMENT_3D ( 'NONE', #4782, #7093, #3505 ) ;
#901 = CARTESIAN_POINT ( 'NONE',  ( 10.13880365760802427, 8.415085090169998949, 9.600000000000022737 ) ) ;
#902 = VERTEX_POINT ( 'NONE', #6140 ) ;
#903 = ORIENTED_EDGE ( 'NONE', *, *, #4047, .T. ) ;
#904 = ORIENTED_EDGE ( 'NONE', *, *, #4852, .T. ) ;
#905 = EDGE_CURVE ( 'NONE', #1618, #5476, #4967, .T. ) ;
#906 = VECTOR ( 'NONE', #7160, 1000.000000000000000 ) ;
#907 = ORIENTED_EDGE ( 'NONE', *, *, #1999, .F. ) ;
#908 = LINE ( 'NONE', #6653, #3931 ) ;
#909 = VECTOR ( 'NONE', #1172, 1000.000000000000000 ) ;
#911 = PLANE ( 'NONE',  #4787 ) ;
#910 = VECTOR ( 'NONE', #4332, 1000.000000000000000 ) ;
#912 = ORIENTED_EDGE ( 'NONE', *, *, #2612, .T. ) ;
#913 = AXIS2_PLACEMENT_3D ( 'NONE', #5399, #233, #6571 ) ;
#914 = EDGE_LOOP ( 'NONE', ( #2073, #6563, #5353, #4131 ) ) ;
#915 = EDGE_CURVE ( 'NONE', #1513, #1016, #7417, .T. ) ;
#916 = EDGE_CURVE ( 'NONE', #679, #2564, #2133, .T. ) ;
#917 = CARTESIAN_POINT ( 'NONE',  ( 12.92841358810316699, 19.58468648885268593, 8.685611257561967946 ) ) ;
#918 = DIRECTION ( 'NONE',  ( 0.7071067811865502373, -0.7071067811865449082, 0.000000000000000000 ) ) ;
#919 = VECTOR ( 'NONE', #6055, 1000.000000000000000 ) ;
#920 = EDGE_CURVE ( 'NONE', #3922, #6936, #1604, .T. ) ;
#921 = DIRECTION ( 'NONE',  ( -1.000000000000000000, 0.000000000000000000, 0.000000000000000000 ) ) ;
#922 = EDGE_LOOP ( 'NONE', ( #1665, #3355, #2687, #2621 ) ) ;
#923 = FACE_OUTER_BOUND ( 'NONE', #5091, .T. ) ;
#924 = CARTESIAN_POINT ( 'NONE',  ( 30.54606450874868173, -30.54606450874760526, 1.400000000000012346 ) ) ;
#925 = LINE ( 'NONE', #5566, #2124 ) ;
#926 = ADVANCED_FACE ( 'NONE', ( #2742 ), #5571, .T. ) ;
#928 = DIRECTION ( 'NONE',  ( -0.7071067811865352493, 0.000000000000000000, -0.7071067811865597852 ) ) ;
#927 = DIRECTION ( 'NONE',  ( 0.000000000000000000, 0.000000000000000000, 1.000000000000000000 ) ) ;
#929 = CARTESIAN_POINT ( 'NONE',  ( 0.000000000000000000, 28.88980021391638431, 3.600000000000002309 ) ) ;
#930 = VERTEX_POINT ( 'NONE', #2209 ) ;
#931 = DIRECTION ( 'NONE',  ( 0.7071067811863814834, 0.7071067811867136621, 0.000000000000000000 ) ) ;
#932 = ORIENTED_EDGE ( 'NONE', *, *, #4035, .T. ) ;
#933 = DIRECTION ( 'NONE',  ( 0.6785792051055624663, -0.2811137749157106569, -0.6786054140300842308 ) ) ;
#934 = LINE ( 'NONE', #6257, #6255 ) ;
#935 = CARTESIAN_POINT ( 'NONE',  ( 11.30691806564784763, 11.30691806564793289, 4.000000000000000000 ) ) ;
#936 = DIRECTION ( 'NONE',  ( -0.7071067811865474617, 0.7071067811865474617, -0.000000000000000000 ) ) ;
#937 = ORIENTED_EDGE ( 'NONE', *, *, #962, .T. ) ;
#938 = VECTOR ( 'NONE', #5830, 1000.000000000000114 ) ;
#939 = LINE ( 'NONE', #6604, #1621 ) ;
#940 = AXIS2_PLACEMENT_3D ( 'NONE', #4811, #7122, #2556 ) ;
#941 = ADVANCED_FACE ( 'NONE', ( #5039 ), #6253, .F. ) ;
#942 = DIRECTION ( 'NONE',  ( 0.7071067811865462405, 4.930380657631323784E-32, 0.7071067811865489050 ) ) ;
#943 = ORIENTED_EDGE ( 'NONE', *, *, #7285, .T. ) ;
#944 = ORIENTED_EDGE ( 'NONE', *, *, #4417, .T. ) ;
#945 = VERTEX_POINT ( 'NONE', #2095 ) ;
#946 = AXIS2_PLACEMENT_3D ( 'NONE', #5997, #7165, #3237 ) ;
#947 = VECTOR ( 'NONE', #2122, 1000.000000000000000 ) ;
#948 = AXIS2_PLACEMENT_3D ( 'NONE', #2814, #3947, #7310 ) ;
#949 = ORIENTED_EDGE ( 'NONE', *, *, #3522, .F. ) ;
#950 = LINE ( 'NONE', #5554, #5015 ) ;
#951 = ADVANCED_FACE ( 'NONE', ( #5685, #6820, #3225, #1647, #5540 ), #516, .T. ) ;
#952 = AXIS2_PLACEMENT_3D ( 'NONE', #4059, #2896, #1684 ) ;
#953 = EDGE_CURVE ( 'NONE', #1533, #526, #366, .T. ) ;
#954 = VERTEX_POINT ( 'NONE', #4401 ) ;
#955 = LINE ( 'NONE', #3244, #3953 ) ;
#956 = ORIENTED_EDGE ( 'NONE', *, *, #5921, .F. ) ;
#957 = ORIENTED_EDGE ( 'NONE', *, *, #305, .F. ) ;
#958 = EDGE_CURVE ( 'NONE', #2030, #2860, #5645, .T. ) ;
#959 = DIRECTION ( 'NONE',  ( 1.000000000000000000, 0.000000000000000000, 0.000000000000000000 ) ) ;
#960 = DIRECTION ( 'NONE',  ( 0.7071067811865565655, 8.659560562355043792E-17, -0.7071067811865385799 ) ) ;
#961 = EDGE_CURVE ( 'NONE', #7433, #1857, #4156, .T. ) ;
#962 = EDGE_CURVE ( 'NONE', #4191, #2134, #4690, .T. ) ;
#963 = LINE ( 'NONE', #4349, #7167 ) ;
#964 = ORIENTED_EDGE ( 'NONE', *, *, #6848, .T. ) ;
#965 = DIRECTION ( 'NONE',  ( -0.4999999999999978351, -0.4999999999999978351, 0.7071067811865505703 ) ) ;
#966 = CARTESIAN_POINT ( 'NONE',  ( 5.871324698771779538, 34.33421759231527659, 9.600000000000015632 ) ) ;
#967 = LINE ( 'NONE', #1566, #563 ) ;
#968 = DIRECTION ( 'NONE',  ( -0.000000000000000000, -0.000000000000000000, 1.000000000000000000 ) ) ;
#969 = DIRECTION ( 'NONE',  ( -0.5773502691896257311, 0.5773502691896257311, -0.5773502691896257311 ) ) ;
#970 = VERTEX_POINT ( 'NONE', #2354 ) ;
#971 = PLANE ( 'NONE',  #5167 ) ;
#972 = ORIENTED_EDGE ( 'NONE', *, *, #856, .F. ) ;
#973 = ORIENTED_EDGE ( 'NONE', *, *, #4257, .T. ) ;
#974 = CARTESIAN_POINT ( 'NONE',  ( 41.66016086698867582, 19.38876677605365373, -19.83008043349433791 ) ) ;
#975 = DIRECTION ( 'NONE',  ( -0.000000000000000000, -0.000000000000000000, -1.000000000000000000 ) ) ;
#976 = CARTESIAN_POINT ( 'NONE',  ( 5.000000000000530243, 33.46289289354402285, 10.00099999999999945 ) ) ;
#978 = CARTESIAN_POINT ( 'NONE',  ( 38.57257858704517872, 16.72394716789400348, 9.361973583947007072 ) ) ;
#977 = CARTESIAN_POINT ( 'NONE',  ( 24.61060500309818622, 30.68592075184099599, 3.600000000000002309 ) ) ;
#979 = CARTESIAN_POINT ( 'NONE',  ( 7.275408289848575905, 5.282842712474711711, 10.00000000000000000 ) ) ;
#980 = CARTESIAN_POINT ( 'NONE',  ( 5.000000000000125233, 12.01402484683418415, 4.000000000000000000 ) ) ;
#981 = LINE ( 'NONE', #2146, #112 ) ;
#982 = ORIENTED_EDGE ( 'NONE', *, *, #3286, .F. ) ;
#983 = CIRCLE ( 'NONE', #6520, 1.250000000000001110 ) ;
#984 = ORIENTED_EDGE ( 'NONE', *, *, #6040, .T. ) ;
#985 = EDGE_LOOP ( 'NONE', ( #280, #329, #5744, #1237 ) ) ;
#986 = VECTOR ( 'NONE', #4627, 1000.000000000000000 ) ;
#987 = ORIENTED_EDGE ( 'NONE', *, *, #2761, .T. ) ;
#988 = PLANE ( 'NONE',  #1873 ) ;
#989 = ORIENTED_EDGE ( 'NONE', *, *, #4257, .F. ) ;
#990 = VERTEX_POINT ( 'NONE', #1217 ) ;
#991 = ORIENTED_EDGE ( 'NONE', *, *, #2048, .F. ) ;
#992 = EDGE_CURVE ( 'NONE', #4482, #6655, #6961, .T. ) ;
#993 = CARTESIAN_POINT ( 'NONE',  ( 72.94807733323548860, 45.95871309031685570, 6.000000000000000000 ) ) ;
#994 = CARTESIAN_POINT ( 'NONE',  ( 38.83924525371185155, 16.45728050122733066, 11.82864025061367386 ) ) ;
#995 = CARTESIAN_POINT ( 'NONE',  ( 39.43652499564331038, 39.42681776441300912, 6.000000000000000000 ) ) ;
#996 = ORIENTED_EDGE ( 'NONE', *, *, #116, .F. ) ;
#997 = CARTESIAN_POINT ( 'NONE',  ( 59.56965822960263068, 38.07698953501914474, -10.29791853063601259 ) ) ;
#998 = FACE_OUTER_BOUND ( 'NONE', #830, .T. ) ;
#999 = DIRECTION ( 'NONE',  ( -0.000000000000000000, 1.000000000000000000, 0.000000000000000000 ) ) ;
#1000 = FACE_OUTER_BOUND ( 'NONE', #6801, .T. ) ;
#1001 = FACE_OUTER_BOUND ( 'NONE', #2450, .T. ) ;
#1002 = VERTEX_POINT ( 'NONE', #5188 ) ;
#1003 = CARTESIAN_POINT ( 'NONE',  ( 69.99726200581477542, 23.75317541498460727, 10.00000000000000000 ) ) ;
#1004 = VERTEX_POINT ( 'NONE', #4726 ) ;
#1005 = ORIENTED_EDGE ( 'NONE', *, *, #4395, .T. ) ;
#1006 = CARTESIAN_POINT ( 'NONE',  ( 10.37882809421242669, 58.28157791099938834, -0.2931312584197002247 ) ) ;
#1007 = EDGE_CURVE ( 'NONE', #4253, #5465, #1789, .T. ) ;
#1008 = VECTOR ( 'NONE', #3992, 1000.000000000000114 ) ;
#1009 = FILL_AREA_STYLE_COLOUR ( '', #2028 ) ;
#1010 = CARTESIAN_POINT ( 'NONE',  ( 10.53880365760800863, 8.415085090169998949, 1.000000000000000888 ) ) ;
#1012 = FACE_OUTER_BOUND ( 'NONE', #4677, .T. ) ;
#1011 = DIRECTION ( 'NONE',  ( 0.000000000000000000, -0.7071067811865474617, 0.7071067811865474617 ) ) ;
#1013 = PLANE ( 'NONE',  #278 ) ;
#1014 = CARTESIAN_POINT ( 'NONE',  ( 59.77578496594467339, 40.61884720954800088, 3.399999999999983036 ) ) ;
#1015 = DIRECTION ( 'NONE',  ( 0.7049845209112707289, -0.7092226908915888473, 0.000000000000000000 ) ) ;
#1016 = VERTEX_POINT ( 'NONE', #4658 ) ;
#1017 = ORIENTED_EDGE ( 'NONE', *, *, #2305, .F. ) ;
#1018 = ORIENTED_EDGE ( 'NONE', *, *, #1442, .F. ) ;
#1019 = EDGE_LOOP ( 'NONE', ( #4225, #5447, #5553, #3171 ) ) ;
#1020 = VECTOR ( 'NONE', #3075, 1000.000000000000000 ) ;
#1021 = LINE ( 'NONE', #6349, #5842 ) ;
#1022 = VECTOR ( 'NONE', #1892, 1000.000000000000000 ) ;
#1023 = ORIENTED_EDGE ( 'NONE', *, *, #5294, .T. ) ;
#1024 = CARTESIAN_POINT ( 'NONE',  ( 64.94807733323548860, 45.55871309031685712, 4.000000000000000000 ) ) ;
#1025 = VECTOR ( 'NONE', #4468, 1000.000000000000000 ) ;
#1026 = DIRECTION ( 'NONE',  ( -0.1808569126587082632, 0.6954461794932661478, 0.6954461794932661478 ) ) ;
#1027 = CARTESIAN_POINT ( 'NONE',  ( 11.67132469877177670, 34.33421759231526948, 5.599999999999988987 ) ) ;
#1028 = EDGE_CURVE ( 'NONE', #3342, #2679, #4587, .T. ) ;
#1029 = ORIENTED_EDGE ( 'NONE', *, *, #37, .F. ) ;
#1030 = VECTOR ( 'NONE', #522, 1000.000000000000000 ) ;
#1031 = VECTOR ( 'NONE', #6760, 1000.000000000000000 ) ;
#1032 = LINE ( 'NONE', #3371, #3835 ) ;
#1033 = AXIS2_PLACEMENT_3D ( 'NONE', #7215, #3736, #3169 ) ;
#1034 = DIRECTION ( 'NONE',  ( -0.4999384515780989635, 0.5000615408464083034, -0.7071067811865536790 ) ) ;
#1035 = LINE ( 'NONE', #586, #2850 ) ;
#1036 = DIRECTION ( 'NONE',  ( -1.000000000000000000, 0.000000000000000000, -0.000000000000000000 ) ) ;
#1037 = LINE ( 'NONE', #6817, #2117 ) ;
#1038 = ORIENTED_EDGE ( 'NONE', *, *, #6727, .F. ) ;
#1039 = EDGE_CURVE ( 'NONE', #6837, #7247, #5297, .T. ) ;
#1040 = DIRECTION ( 'NONE',  ( 0.000000000000000000, 0.000000000000000000, -1.000000000000000000 ) ) ;
#1041 = ORIENTED_EDGE ( 'NONE', *, *, #3734, .F. ) ;
#1042 = EDGE_CURVE ( 'NONE', #2797, #179, #2990, .T. ) ;
#1043 = CARTESIAN_POINT ( 'NONE',  ( 40.42884860408195635, 23.35317541498460869, 9.600000000000015632 ) ) ;
#1044 = EDGE_CURVE ( 'NONE', #2921, #2668, #6995, .T. ) ;
#1045 = DIRECTION ( 'NONE',  ( -1.355284293265842525E-13, 1.000000000000000000, 0.000000000000000000 ) ) ;
#1046 = DIRECTION ( 'NONE',  ( 0.7071067811865462405, -2.692147760936991808E-15, 0.7071067811865489050 ) ) ;
#1048 = FACE_OUTER_BOUND ( 'NONE', #4193, .T. ) ;
#1047 = PLANE ( 'NONE',  #1634 ) ;
#1049 = ORIENTED_EDGE ( 'NONE', *, *, #1042, .T. ) ;
#1050 = PLANE ( 'NONE',  #3929 ) ;
#1051 = CARTESIAN_POINT ( 'NONE',  ( 9.875044450089788484, 53.13706121412302252, 1.399999999999996803 ) ) ;
#1052 = VERTEX_POINT ( 'NONE', #3554 ) ;
#1054 = ORIENTED_EDGE ( 'NONE', *, *, #3501, .T. ) ;
#1053 = ADVANCED_FACE ( 'NONE', ( #125 ), #3416, .F. ) ;
#1055 = ORIENTED_EDGE ( 'NONE', *, *, #718, .T. ) ;
#1056 = VECTOR ( 'NONE', #1651, 1000.000000000000000 ) ;
#1057 = VECTOR ( 'NONE', #1961, 1000.000000000000000 ) ;
#1058 = ORIENTED_EDGE ( 'NONE', *, *, #274, .T. ) ;
#1059 = DIRECTION ( 'NONE',  ( -0.000000000000000000, -0.000000000000000000, -1.000000000000000000 ) ) ;
#1060 = ORIENTED_EDGE ( 'NONE', *, *, #6037, .T. ) ;
#1061 = AXIS2_PLACEMENT_3D ( 'NONE', #2988, #4758, #1355 ) ;
#1062 = CARTESIAN_POINT ( 'NONE',  ( 54.42884860408192793, 27.75317541498460372, -10.67514906227531313 ) ) ;
#1063 = DIRECTION ( 'NONE',  ( -0.7071067811865475727, 4.088782444488998688E-16, 0.7071067811865475727 ) ) ;
#1064 = VECTOR ( 'NONE', #748, 1000.000000000000000 ) ;
#1065 = LINE ( 'NONE', #2276, #7184 ) ;
#1066 = LINE ( 'NONE', #1027, #6564 ) ;
#1067 = VERTEX_POINT ( 'NONE', #590 ) ;
#1068 = VECTOR ( 'NONE', #3668, 1000.000000000000000 ) ;
#1069 = LINE ( 'NONE', #6245, #4563 ) ;
#1070 = CARTESIAN_POINT ( 'NONE',  ( 53.48264078761654616, 52.77490806565516834, 4.400000000000002132 ) ) ;
#1071 = LINE ( 'NONE', #2283, #4269 ) ;
#1072 = ADVANCED_FACE ( 'NONE', ( #5862 ), #6329, .F. ) ;
#1073 = DIRECTION ( 'NONE',  ( 0.000000000000000000, 0.000000000000000000, -1.000000000000000000 ) ) ;
#1074 = DIRECTION ( 'NONE',  ( -0.7061519002946796686, 0.7080603743397965166, 0.000000000000000000 ) ) ;
#1075 = ORIENTED_EDGE ( 'NONE', *, *, #2017, .T. ) ;
#1076 = DIRECTION ( 'NONE',  ( 6.369488388617202940E-16, -1.000000000000000000, 0.000000000000000000 ) ) ;
#1077 = ORIENTED_EDGE ( 'NONE', *, *, #3626, .F. ) ;
#1078 = VECTOR ( 'NONE', #456, 1000.000000000000000 ) ;
#1079 = CARTESIAN_POINT ( 'NONE',  ( 77.81692151384301326, 56.44252476504900073, 10.00000000000000000 ) ) ;
#1080 = EDGE_CURVE ( 'NONE', #6777, #107, #7030, .T. ) ;
#1081 = DIRECTION ( 'NONE',  ( -0.7100637267678131526, -0.7041374183556817767, 0.000000000000000000 ) ) ;
#1082 = CARTESIAN_POINT ( 'NONE',  ( 73.34807733323548007, 45.95871309031685570, 5.000000000000000000 ) ) ;
#1084 = DIRECTION ( 'NONE',  ( 0.7080603743397965166, 0.7061519002946796686, -0.000000000000000000 ) ) ;
#1083 = CARTESIAN_POINT ( 'NONE',  ( 65.74807733323545733, 45.95871309031685570, 5.000000000000000000 ) ) ;
#1085 = CARTESIAN_POINT ( 'NONE',  ( 0.000000000000000000, 0.000000000000000000, 10.00000000000000000 ) ) ;
#1086 = VECTOR ( 'NONE', #2543, 1000.000000000000114 ) ;
#1087 = CARTESIAN_POINT ( 'NONE',  ( 63.49024130048304215, 41.21884720954800940, 4.000000000000000000 ) ) ;
#1088 = EDGE_CURVE ( 'NONE', #3099, #7370, #658, .T. ) ;
#1089 = ORIENTED_EDGE ( 'NONE', *, *, #4073, .F. ) ;
#1090 = EDGE_CURVE ( 'NONE', #1386, #3595, #1822, .T. ) ;
#1091 = DIRECTION ( 'NONE',  ( 0.000000000000000000, -1.000000000000000000, 0.000000000000000000 ) ) ;
#1092 = ORIENTED_EDGE ( 'NONE', *, *, #5154, .F. ) ;
#1093 = CARTESIAN_POINT ( 'NONE',  ( 62.89024130048304073, 35.63617221234400034, 3.399999999999983036 ) ) ;
#1094 = ORIENTED_EDGE ( 'NONE', *, *, #2717, .T. ) ;
#1095 = ORIENTED_EDGE ( 'NONE', *, *, #7446, .T. ) ;
#1096 = CARTESIAN_POINT ( 'NONE',  ( 11.67132469877178025, 49.93421759231525670, 5.599999999999988987 ) ) ;
#1097 = CIRCLE ( 'NONE', #3743, 1.250000000000000222 ) ;
#1098 = VERTEX_POINT ( 'NONE', #1187 ) ;
#1099 = EDGE_LOOP ( 'NONE', ( #304, #4343, #2987 ) ) ;
#1100 = VECTOR ( 'NONE', #771, 1000.000000000000227 ) ;
#1101 = DIRECTION ( 'NONE',  ( -1.000000000000000000, 0.000000000000000000, 0.000000000000000000 ) ) ;
#1102 = PLANE ( 'NONE',  #665 ) ;
#1103 = FACE_OUTER_BOUND ( 'NONE', #6693, .T. ) ;
#1104 = CARTESIAN_POINT ( 'NONE',  ( 23.77356091487909495, 59.97470916941908570, 10.00099999999999945 ) ) ;
#1105 = ORIENTED_EDGE ( 'NONE', *, *, #127, .T. ) ;
#1106 = CARTESIAN_POINT ( 'NONE',  ( 93.71109042400378542, 39.98313944627947336, -18.59156972313980205 ) ) ;
#1107 = EDGE_CURVE ( 'NONE', #1162, #5927, #5149, .T. ) ;
#1108 = CARTESIAN_POINT ( 'NONE',  ( 11.61402484566509763, 10.43412586068146020, 1.000000000000000888 ) ) ;
#1109 = CARTESIAN_POINT ( 'NONE',  ( 26.00084569507502508, 28.86190991762340730, -13.43095495881170187 ) ) ;
#1110 = CARTESIAN_POINT ( 'NONE',  ( 79.97474980950003953, 6.992565577373023977, 10.00099999999999945 ) ) ;
#1111 = ORIENTED_EDGE ( 'NONE', *, *, #1627, .T. ) ;
#1112 = CARTESIAN_POINT ( 'NONE',  ( 58.23157658086554989, 23.75317541498462148, 6.399999999999999467 ) ) ;
#1113 = ORIENTED_EDGE ( 'NONE', *, *, #4547, .F. ) ;
#1114 = CARTESIAN_POINT ( 'NONE',  ( 73.74807733323545733, 45.55871309031685712, 4.000000000000000000 ) ) ;
#1115 = AXIS2_PLACEMENT_3D ( 'NONE', #707, #743, #5838 ) ;
#1116 = LINE ( 'NONE', #2819, #6011 ) ;
#1117 = CARTESIAN_POINT ( 'NONE',  ( 5.000000000000030198, 6.992565577373023977, 10.00099999999999945 ) ) ;
#1119 = DIRECTION ( 'NONE',  ( -0.000000000000000000, -0.000000000000000000, 1.000000000000000000 ) ) ;
#1118 = CARTESIAN_POINT ( 'NONE',  ( 52.01666445936633920, 2.926960874406796087, -24.61075743607425181 ) ) ;
#1120 = CARTESIAN_POINT ( 'NONE',  ( 58.63157658086556978, 31.75317541498461082, 4.400000000000011902 ) ) ;
#1121 = DIRECTION ( 'NONE',  ( -0.7870447919190708408, -0.6168958546732717929, 0.000000000000000000 ) ) ;
#1122 = ORIENTED_EDGE ( 'NONE', *, *, #5418, .T. ) ;
#1123 = DIRECTION ( 'NONE',  ( 0.000000000000000000, 0.000000000000000000, -1.000000000000000000 ) ) ;
#1124 = ORIENTED_EDGE ( 'NONE', *, *, #7397, .T. ) ;
#1125 = CARTESIAN_POINT ( 'NONE',  ( 75.42984732797570757, 28.93771831048098520, 1.000000000000000888 ) ) ;
#1126 = EDGE_LOOP ( 'NONE', ( #3792, #3772, #6061, #5216 ) ) ;
#1127 = EDGE_CURVE ( 'NONE', #6125, #1711, #87, .T. ) ;
#1128 = EDGE_LOOP ( 'NONE', ( #956, #7326, #2572, #1354 ) ) ;
#1129 = VECTOR ( 'NONE', #2471, 1000.000000000000000 ) ;
#1130 = CARTESIAN_POINT ( 'NONE',  ( 5.871324698771779538, 34.73421759231528938, 6.000000000000000000 ) ) ;
#1131 = EDGE_CURVE ( 'NONE', #1162, #6230, #1149, .T. ) ;
#1132 = EDGE_LOOP ( 'NONE', ( #2740, #7168, #3892, #4524 ) ) ;
#1133 = AXIS2_PLACEMENT_3D ( 'NONE', #2085, #3863, #2277 ) ;
#1134 = DIRECTION ( 'NONE',  ( 0.000000000000000000, 0.000000000000000000, 1.000000000000000000 ) ) ;
#1135 = DIRECTION ( 'NONE',  ( -1.000000000000000000, 0.000000000000000000, 0.000000000000000000 ) ) ;
#1136 = FACE_OUTER_BOUND ( 'NONE', #346, .T. ) ;
#1137 = EDGE_LOOP ( 'NONE', ( #2339, #6784, #554, #5003 ) ) ;
#1138 = EDGE_LOOP ( 'NONE', ( #2474, #6684, #6195, #2641 ) ) ;
#1139 = EDGE_CURVE ( 'NONE', #5468, #7433, #5764, .T. ) ;
#1140 = EDGE_CURVE ( 'NONE', #3703, #2368, #2322, .T. ) ;
#1141 = VECTOR ( 'NONE', #4153, 1000.000000000000114 ) ;
#1142 = FACE_OUTER_BOUND ( 'NONE', #3998, .T. ) ;
#1143 = VECTOR ( 'NONE', #292, 1000.000000000000000 ) ;
#1144 = DIRECTION ( 'NONE',  ( 0.000000000000000000, -1.000000000000000000, 0.000000000000000000 ) ) ;
#1145 = EDGE_CURVE ( 'NONE', #1386, #6568, #2461, .T. ) ;
#1146 = CARTESIAN_POINT ( 'NONE',  ( 62.89024130048304073, 35.63617221234400034, 3.399999999999983036 ) ) ;
#1147 = CARTESIAN_POINT ( 'NONE',  ( 32.14653210253800353, 29.28980021391639710, 1.000000000000000888 ) ) ;
#1148 = AXIS2_PLACEMENT_3D ( 'NONE', #5322, #4611, #1314 ) ;
#1149 = LINE ( 'NONE', #3455, #6635 ) ;
#1150 = EDGE_LOOP ( 'NONE', ( #2827, #4911, #4957, #5432 ) ) ;
#1151 = DIRECTION ( 'NONE',  ( -0.6785983445458558805, 0.2810846377148301656, 0.6785983445458341201 ) ) ;
#1152 = AXIS2_PLACEMENT_3D ( 'NONE', #3715, #7233, #5377 ) ;
#1153 = VECTOR ( 'NONE', #3693, 1000.000000000000000 ) ;
#1154 = EDGE_CURVE ( 'NONE', #1849, #5020, #2655, .T. ) ;
#1155 = CARTESIAN_POINT ( 'NONE',  ( 8.888803657608024267, 56.44252476504900073, 10.00099999999999945 ) ) ;
#1156 = FACE_OUTER_BOUND ( 'NONE', #7008, .T. ) ;
#1158 = DIRECTION ( 'NONE',  ( -0.000000000000000000, -0.000000000000000000, -1.000000000000000000 ) ) ;
#1157 = LINE ( 'NONE', #5731, #2312 ) ;
#1159 = DIRECTION ( 'NONE',  ( 2.342423510106018633E-15, 1.000000000000000000, 0.000000000000000000 ) ) ;
#1160 = AXIS2_PLACEMENT_3D ( 'NONE', #3412, #6248, #5718 ) ;
#1161 = CARTESIAN_POINT ( 'NONE',  ( 58.63157658086554136, -4.843312968017114479E-14, 6.399999999999999467 ) ) ;
#1162 = VERTEX_POINT ( 'NONE', #2620 ) ;
#1163 = CARTESIAN_POINT ( 'NONE',  ( 28.57257858704519293, 20.72394716789399283, -6.361973583946996413 ) ) ;
#1164 = ORIENTED_EDGE ( 'NONE', *, *, #6537, .T. ) ;
#1165 = LINE ( 'NONE', #4428, #2981 ) ;
#1166 = ORIENTED_EDGE ( 'NONE', *, *, #5783, .T. ) ;
#1167 = ORIENTED_EDGE ( 'NONE', *, *, #6015, .T. ) ;
#1168 = EDGE_CURVE ( 'NONE', #1549, #4709, #3140, .T. ) ;
#1169 = CARTESIAN_POINT ( 'NONE',  ( 12.67373666873213445, 18.74905241747494600, 7.336868334366068112 ) ) ;
#1170 = ORIENTED_EDGE ( 'NONE', *, *, #3327, .T. ) ;
#1171 = EDGE_CURVE ( 'NONE', #81, #5667, #3103, .T. ) ;
#1172 = DIRECTION ( 'NONE',  ( 0.000000000000000000, -0.000000000000000000, -1.000000000000000000 ) ) ;
#1173 = DIRECTION ( 'NONE',  ( 0.7071067811865474617, -0.7071067811865474617, 0.000000000000000000 ) ) ;
#1174 = EDGE_CURVE ( 'NONE', #761, #4324, #802, .T. ) ;
#1175 = AXIS2_PLACEMENT_3D ( 'NONE', #3560, #7114, #2962 ) ;
#1176 = EDGE_CURVE ( 'NONE', #4634, #6008, #5409, .T. ) ;
#1177 = AXIS2_PLACEMENT_3D ( 'NONE', #5345, #5912, #2406 ) ;
#1178 = DIRECTION ( 'NONE',  ( 0.000000000000000000, 0.000000000000000000, 1.000000000000000000 ) ) ;
#1179 = VERTEX_POINT ( 'NONE', #202 ) ;
#1180 = ORIENTED_EDGE ( 'NONE', *, *, #7404, .F. ) ;
#1181 = CARTESIAN_POINT ( 'NONE',  ( 36.03180065388673370, 0.000000000000000000, 4.000000000000000000 ) ) ;
#1182 = AXIS2_PLACEMENT_3D ( 'NONE', #5895, #4115, #5405 ) ;
#1183 = LINE ( 'NONE', #729, #1748 ) ;
#1184 = EDGE_CURVE ( 'NONE', #1416, #2413, #4197, .T. ) ;
#1185 = CARTESIAN_POINT ( 'NONE',  ( 12.01402484566508733, 19.96343870725182512, 4.000000000000000000 ) ) ;
#1186 = ADVANCED_FACE ( 'NONE', ( #3593 ), #3370, .F. ) ;
#1187 = CARTESIAN_POINT ( 'NONE',  ( 62.49024130048302794, 40.21884720954799519, 1.000000000000000888 ) ) ;
#1188 = EDGE_LOOP ( 'NONE', ( #5486, #4494, #7105, #267 ) ) ;
#1189 = VECTOR ( 'NONE', #6755, 1000.000000000000000 ) ;
#1190 = ORIENTED_EDGE ( 'NONE', *, *, #2855, .T. ) ;
#1191 = DIRECTION ( 'NONE',  ( 0.000000000000000000, 1.000000000000000000, 0.000000000000000000 ) ) ;
#1192 = DIRECTION ( 'NONE',  ( -0.000000000000000000, -0.000000000000000000, 1.000000000000000000 ) ) ;
#1194 = CARTESIAN_POINT ( 'NONE',  ( 54.61415088855444111, 53.90613964737286068, 6.000000000000000000 ) ) ;
#1193 = CARTESIAN_POINT ( 'NONE',  ( 8.888803657608024267, 56.44252476504900073, 1.000000000000000888 ) ) ;
#1195 = CARTESIAN_POINT ( 'NONE',  ( 11.67132469877178025, 49.93421759231525670, 6.000000000000000000 ) ) ;
#1196 = LINE ( 'NONE', #6441, #2606 ) ;
#1197 = ORIENTED_EDGE ( 'NONE', *, *, #6617, .F. ) ;
#1198 = CARTESIAN_POINT ( 'NONE',  ( 65.74807733323547154, 41.35871309031685428, 6.000000000000000000 ) ) ;
#1199 = ORIENTED_EDGE ( 'NONE', *, *, #4271, .F. ) ;
#1200 = CARTESIAN_POINT ( 'NONE',  ( 76.16692151384303600, 8.415085090169998949, 10.00000000000000000 ) ) ;
#1201 = ADVANCED_FACE ( 'NONE', ( #5897 ), #6542, .T. ) ;
#1202 = VERTEX_POINT ( 'NONE', #7144 ) ;
#1203 = CARTESIAN_POINT ( 'NONE',  ( 73.15243468099103552, 6.261804759730023484, 9.600000000000015632 ) ) ;
#1204 = ORIENTED_EDGE ( 'NONE', *, *, #5282, .F. ) ;
#1205 = EDGE_LOOP ( 'NONE', ( #5351, #5563, #1923, #3028 ) ) ;
#1206 = CARTESIAN_POINT ( 'NONE',  ( 24.39487291362403454, 53.90641816659306329, 4.400000000000011902 ) ) ;
#1207 = PLANE ( 'NONE',  #5743 ) ;
#1208 = CARTESIAN_POINT ( 'NONE',  ( 24.39487291362403099, 59.35339717067414256, 10.00099999999999945 ) ) ;
#1209 = ORIENTED_EDGE ( 'NONE', *, *, #307, .F. ) ;
#1210 = ORIENTED_EDGE ( 'NONE', *, *, #1176, .F. ) ;
#1211 = AXIS2_PLACEMENT_3D ( 'NONE', #5463, #296, #1761 ) ;
#1212 = EDGE_CURVE ( 'NONE', #2932, #6841, #3025, .T. ) ;
#1213 = CARTESIAN_POINT ( 'NONE',  ( 67.23157658086553568, 23.75317541498462148, 6.399999999999999467 ) ) ;
#1214 = LINE ( 'NONE', #5861, #3066 ) ;
#1215 = PLANE ( 'NONE',  #2054 ) ;
#1216 = AXIS2_PLACEMENT_3D ( 'NONE', #2693, #6208, #5489 ) ;
#1217 = CARTESIAN_POINT ( 'NONE',  ( 77.62981002906133199, 28.53771831048096530, 1.000000000000000888 ) ) ;
#1218 = ORIENTED_EDGE ( 'NONE', *, *, #3581, .F. ) ;
#1219 = ORIENTED_EDGE ( 'NONE', *, *, #5753, .F. ) ;
#1220 = ADVANCED_FACE ( 'NONE', ( #4799 ), #4267, .T. ) ;
#1221 = CARTESIAN_POINT ( 'NONE',  ( 79.57474980950003385, 10.34292617752516286, 10.00000000000000000 ) ) ;
#1222 = FACE_OUTER_BOUND ( 'NONE', #383, .T. ) ;
#1224 = LINE ( 'NONE', #3527, #3777 ) ;
#1223 = LINE ( 'NONE', #2398, #5561 ) ;
#1225 = LINE ( 'NONE', #4629, #6066 ) ;
#1226 = CARTESIAN_POINT ( 'NONE',  ( 25.52610449534172687, 52.77490806565516834, 6.000000000000000000 ) ) ;
#1227 = EDGE_LOOP ( 'NONE', ( #6024, #2175, #457, #6517 ) ) ;
#1228 = CARTESIAN_POINT ( 'NONE',  ( 40.83180065388673796, 43.69286487643512373, 3.399999999999983036 ) ) ;
#1229 = ORIENTED_EDGE ( 'NONE', *, *, #6237, .F. ) ;
#1230 = DIRECTION ( 'NONE',  ( -0.7071067811865464625, -0.7071067811865486830, 0.000000000000000000 ) ) ;
#1231 = EDGE_CURVE ( 'NONE', #6936, #6139, #1402, .T. ) ;
#1232 = EDGE_CURVE ( 'NONE', #7014, #799, #5485, .T. ) ;
#1233 = DIRECTION ( 'NONE',  ( -0.000000000000000000, -0.000000000000000000, -1.000000000000000000 ) ) ;
#1234 = EDGE_LOOP ( 'NONE', ( #4831, #1105, #3871, #6042 ) ) ;
#1235 = DIRECTION ( 'NONE',  ( 0.8733071337700620829, 0.4871700422915172801, 0.000000000000000000 ) ) ;
#1236 = VECTOR ( 'NONE', #4127, 1000.000000000000000 ) ;
#1237 = ORIENTED_EDGE ( 'NONE', *, *, #6361, .F. ) ;
#1238 = ORIENTED_EDGE ( 'NONE', *, *, #5649, .F. ) ;
#1239 = AXIS2_PLACEMENT_3D ( 'NONE', #5452, #6669, #286 ) ;
#1240 = DIRECTION ( 'NONE',  ( 0.3444812404952674045, -0.6175213963473954459, 0.7071067811865510144 ) ) ;
#1241 = CARTESIAN_POINT ( 'NONE',  ( 24.39487291362402743, 53.90641816659307040, 4.400000000000011902 ) ) ;
#1242 = CARTESIAN_POINT ( 'NONE',  ( 23.60787548992984952, 59.57470916941908712, 10.00000000000000000 ) ) ;
#1243 = EDGE_LOOP ( 'NONE', ( #1244, #2366, #3805, #260 ) ) ;
#1244 = ORIENTED_EDGE ( 'NONE', *, *, #2394, .T. ) ;
#1245 = LINE ( 'NONE', #2539, #5400 ) ;
#1246 = LINE ( 'NONE', #2989, #4644 ) ;
#1247 = AXIS2_PLACEMENT_3D ( 'NONE', #3575, #4674, #1235 ) ;
#1248 = ADVANCED_FACE ( 'NONE', ( #6505 ), #3664, .F. ) ;
#1249 = AXIS2_PLACEMENT_3D ( 'NONE', #3288, #6164, #5030 ) ;
#1250 = DIRECTION ( 'NONE',  ( -0.000000000000000000, -0.000000000000000000, -1.000000000000000000 ) ) ;
#1251 = ORIENTED_EDGE ( 'NONE', *, *, #6422, .F. ) ;
#1252 = ORIENTED_EDGE ( 'NONE', *, *, #4384, .T. ) ;
#1253 = EDGE_CURVE ( 'NONE', #3447, #5965, #5332, .T. ) ;
#1254 = VECTOR ( 'NONE', #1541, 1000.000000000000000 ) ;
#1255 = PLANE ( 'NONE',  #576 ) ;
#1256 = LINE ( 'NONE', #4732, #5652 ) ;
#1257 = PLANE ( 'NONE',  #2874 ) ;
#1258 = CIRCLE ( 'NONE', #5487, 1.250000000000001110 ) ;
#1260 = CARTESIAN_POINT ( 'NONE',  ( 77.69934151965165370, 59.69186645694465199, 10.00000000000000000 ) ) ;
#1259 = LINE ( 'NONE', #5869, #3876 ) ;
#1261 = FACE_OUTER_BOUND ( 'NONE', #3945, .T. ) ;
#1262 = EDGE_CURVE ( 'NONE', #6616, #4514, #843, .T. ) ;
#1263 = CARTESIAN_POINT ( 'NONE',  ( 5.875044450089791148, 53.13706121412302252, 1.399999999999998579 ) ) ;
#1264 = EDGE_CURVE ( 'NONE', #5625, #2086, #279, .T. ) ;
#1265 = ORIENTED_EDGE ( 'NONE', *, *, #42, .F. ) ;
#1266 = DIRECTION ( 'NONE',  ( 0.6785983445458625418, 0.2810846377148025210, 0.6785983445458390051 ) ) ;
#1267 = EDGE_LOOP ( 'NONE', ( #5749, #1058, #1692, #949, #816, #2876 ) ) ;
#1268 = EDGE_CURVE ( 'NONE', #1496, #2770, #6621, .T. ) ;
#1269 = CYLINDRICAL_SURFACE ( 'NONE', #4304, 1.250000000000000222 ) ;
#1270 = CARTESIAN_POINT ( 'NONE',  ( 73.15243468099103552, 20.03231731485910672, 4.000000000000000000 ) ) ;
#1271 = AXIS2_PLACEMENT_3D ( 'NONE', #2753, #4489, #1121 ) ;
#1272 = ORIENTED_EDGE ( 'NONE', *, *, #3914, .F. ) ;
#1273 = DIRECTION ( 'NONE',  ( 0.000000000000000000, 1.000000000000000000, 0.000000000000000000 ) ) ;
#1274 = EDGE_CURVE ( 'NONE', #6753, #1162, #963, .T. ) ;
#1275 = ORIENTED_EDGE ( 'NONE', *, *, #149, .T. ) ;
#1276 = VECTOR ( 'NONE', #3148, 999.9999999999998863 ) ;
#1277 = ORIENTED_EDGE ( 'NONE', *, *, #5389, .F. ) ;
#1278 = ADVANCED_FACE ( 'NONE', ( #6243 ), #6808, .T. ) ;
#1279 = DIRECTION ( 'NONE',  ( 0.000000000000000000, 0.000000000000000000, 1.000000000000000000 ) ) ;
#1280 = FACE_OUTER_BOUND ( 'NONE', #7169, .T. ) ;
#1281 = CARTESIAN_POINT ( 'NONE',  ( 76.16692151384303600, 56.44252476504900073, 9.600000000000019185 ) ) ;
#1282 = ORIENTED_EDGE ( 'NONE', *, *, #4073, .T. ) ;
#1283 = ORIENTED_EDGE ( 'NONE', *, *, #2183, .T. ) ;
#1284 = APPLICATION_CONTEXT ( 'automotive_design' ) ;
#1285 = FACE_OUTER_BOUND ( 'NONE', #2113, .T. ) ;
#1286 = CARTESIAN_POINT ( 'NONE',  ( 74.41423944072103325, 5.000000000000023093, 10.00099999999999945 ) ) ;
#1287 = VECTOR ( 'NONE', #2397, 1000.000000000000000 ) ;
#1288 = AXIS2_PLACEMENT_3D ( 'NONE', #2650, #2038, #4342 ) ;
#1289 = CARTESIAN_POINT ( 'NONE',  ( 8.888803657608024267, 8.415085090169998949, 10.00000000000000000 ) ) ;
#1290 = ORIENTED_EDGE ( 'NONE', *, *, #6761, .T. ) ;
#1291 = ORIENTED_EDGE ( 'NONE', *, *, #6850, .F. ) ;
#1292 = AXIS2_PLACEMENT_3D ( 'NONE', #2408, #1233, #676 ) ;
#1293 = EDGE_CURVE ( 'NONE', #2238, #3447, #1066, .T. ) ;
#1294 = CARTESIAN_POINT ( 'NONE',  ( 12.07195935263212938, 55.33397611666537586, 1.399999999999998579 ) ) ;
#1295 = CARTESIAN_POINT ( 'NONE',  ( 11.01402484566505890, 5.000000000000023093, 10.00000000000000000 ) ) ;
#1296 = DIRECTION ( 'NONE',  ( -0.000000000000000000, -0.000000000000000000, 1.000000000000000000 ) ) ;
#1298 = PLANE ( 'NONE',  #4019 ) ;
#1297 = DIRECTION ( 'NONE',  ( 0.000000000000000000, -1.000000000000000000, 0.000000000000000000 ) ) ;
#1299 = CARTESIAN_POINT ( 'NONE',  ( 25.84766491446073644, 57.90060516983742644, 5.852792000836729791 ) ) ;
#1300 = VECTOR ( 'NONE', #2706, 1000.000000000000114 ) ;
#1301 = DIRECTION ( 'NONE',  ( -0.7071067811865474617, 0.000000000000000000, 0.7071067811865474617 ) ) ;
#1302 = ORIENTED_EDGE ( 'NONE', *, *, #262, .F. ) ;
#1303 = DIRECTION ( 'NONE',  ( 1.000000000000000000, 0.000000000000000000, 0.000000000000000000 ) ) ;
#1304 = EDGE_LOOP ( 'NONE', ( #3632, #6142, #2830, #6468 ) ) ;
#1305 = DIRECTION ( 'NONE',  ( -0.000000000000000000, 0.7071067811865414665, 0.7071067811865536790 ) ) ;
#1306 = EDGE_CURVE ( 'NONE', #7135, #6833, #3821, .T. ) ;
#1307 = DIRECTION ( 'NONE',  ( 1.887397745837881465E-14, 1.000000000000000000, 0.000000000000000000 ) ) ;
#1308 = PLANE ( 'NONE',  #2275 ) ;
#1309 = EDGE_CURVE ( 'NONE', #2659, #4652, #3368, .T. ) ;
#1310 = ORIENTED_EDGE ( 'NONE', *, *, #1467, .F. ) ;
#1311 = CARTESIAN_POINT ( 'NONE',  ( 19.01060500309820256, 30.28592075184098675, 1.000000000000000888 ) ) ;
#1312 = VERTEX_POINT ( 'NONE', #4388 ) ;
#1313 = ORIENTED_EDGE ( 'NONE', *, *, #6537, .F. ) ;
#1314 = DIRECTION ( 'NONE',  ( -1.000000000000000000, 0.000000000000000000, 0.000000000000000000 ) ) ;
#1315 = CARTESIAN_POINT ( 'NONE',  ( 36.63180065388673512, 43.69286487643512373, 1.400000000000012346 ) ) ;
#1316 = VECTOR ( 'NONE', #7455, 999.9999999999998863 ) ;
#1317 = DIRECTION ( 'NONE',  ( 0.5773502691896212902, -0.5773502691896212902, -0.5773502691896346128 ) ) ;
#1318 = ORIENTED_EDGE ( 'NONE', *, *, #4927, .F. ) ;
#1319 = ORIENTED_EDGE ( 'NONE', *, *, #4975, .T. ) ;
#1320 = CARTESIAN_POINT ( 'NONE',  ( 62.89024130048304073, 40.61884720954800088, 3.399999999999983036 ) ) ;
#1321 = CARTESIAN_POINT ( 'NONE',  ( 11.27132469877175858, -2.444078945039573069E-15, 6.000000000000000000 ) ) ;
#1322 = CIRCLE ( 'NONE', #5312, 1.650000000000012568 ) ;
#1323 = CARTESIAN_POINT ( 'NONE',  ( 6.592687801450777485, 4.034609650074171938, 8.634609650074198228 ) ) ;
#1324 = ORIENTED_EDGE ( 'NONE', *, *, #7372, .F. ) ;
#1325 = VERTEX_POINT ( 'NONE', #6662 ) ;
#1326 = DIRECTION ( 'NONE',  ( -1.000000000000000000, 0.000000000000000000, 0.000000000000000000 ) ) ;
#1327 = VECTOR ( 'NONE', #7150, 1000.000000000000114 ) ;
#1328 = CARTESIAN_POINT ( 'NONE',  ( 73.34807733323548007, 40.95871309031685570, 5.000000000000000000 ) ) ;
#1329 = DIRECTION ( 'NONE',  ( -0.7071067811867136621, 0.7071067811863814834, 0.000000000000000000 ) ) ;
#1331 = CARTESIAN_POINT ( 'NONE',  ( 76.16692151384303600, 8.415085090169998949, 1.400000000000005462 ) ) ;
#1330 = DIRECTION ( 'NONE',  ( -0.000000000000000000, -0.000000000000000000, -1.000000000000000000 ) ) ;
#1332 = LINE ( 'NONE', #1369, #6838 ) ;
#1333 = DIRECTION ( 'NONE',  ( -0.7071067811865470176, 1.533293416683372906E-16, -0.7071067811865480168 ) ) ;
#1334 = ORIENTED_EDGE ( 'NONE', *, *, #1727, .F. ) ;
#1335 = DIRECTION ( 'NONE',  ( -0.000000000000000000, -0.000000000000000000, -1.000000000000000000 ) ) ;
#1336 = VERTEX_POINT ( 'NONE', #2802 ) ;
#1337 = DIRECTION ( 'NONE',  ( 0.000000000000000000, 1.000000000000000000, 0.000000000000000000 ) ) ;
#1338 = VECTOR ( 'NONE', #5034, 999.9999999999998863 ) ;
#1339 = DIRECTION ( 'NONE',  ( -0.000000000000000000, -0.000000000000000000, -1.000000000000000000 ) ) ;
#1340 = DIRECTION ( 'NONE',  ( 0.2811231013194460671, 0.6785730786120487412, -0.6786076767083487615 ) ) ;
#1341 = ORIENTED_EDGE ( 'NONE', *, *, #6187, .F. ) ;
#1342 = DIRECTION ( 'NONE',  ( 0.000000000000000000, -1.000000000000000000, 0.000000000000000000 ) ) ;
#1343 = CARTESIAN_POINT ( 'NONE',  ( 5.000000000000903277, 54.01736618697488979, 1.399999999999998579 ) ) ;
#1344 = VERTEX_POINT ( 'NONE', #7337 ) ;
#1345 = ORIENTED_EDGE ( 'NONE', *, *, #2612, .F. ) ;
#1346 = ORIENTED_EDGE ( 'NONE', *, *, #6361, .T. ) ;
#1347 = EDGE_LOOP ( 'NONE', ( #7056, #5223, #421, #7251 ) ) ;
#1348 = CARTESIAN_POINT ( 'NONE',  ( 78.02831089662203112, 12.45999491999002373, 9.600000000000015632 ) ) ;
#1349 = DIRECTION ( 'NONE',  ( -0.7071067811865350272, -0.7071067811865600072, 0.000000000000000000 ) ) ;
#1350 = ADVANCED_FACE ( 'NONE', ( #2165 ), #7369, .F. ) ;
#1351 = ADVANCED_FACE ( 'NONE', ( #6700 ), #432, .F. ) ;
#1352 = PLANE ( 'NONE',  #216 ) ;
#1353 = ORIENTED_EDGE ( 'NONE', *, *, #1511, .F. ) ;
#1354 = ORIENTED_EDGE ( 'NONE', *, *, #4227, .T. ) ;
#1355 = DIRECTION ( 'NONE',  ( 0.000000000000000000, 0.000000000000000000, -1.000000000000000000 ) ) ;
#1356 = CARTESIAN_POINT ( 'NONE',  ( 0.8186634439303029920, 36.42768396509872275, 4.546924695282070772 ) ) ;
#1357 = ADVANCED_FACE ( 'NONE', ( #2732 ), #5562, .T. ) ;
#1358 = DIRECTION ( 'NONE',  ( -0.000000000000000000, -0.000000000000000000, -1.000000000000000000 ) ) ;
#1359 = EDGE_CURVE ( 'NONE', #4191, #3776, #6776, .T. ) ;
#1360 = ORIENTED_EDGE ( 'NONE', *, *, #4353, .T. ) ;
#1361 = FACE_OUTER_BOUND ( 'NONE', #5846, .T. ) ;
#1362 = EDGE_CURVE ( 'NONE', #4419, #5019, #394, .T. ) ;
#1363 = DIRECTION ( 'NONE',  ( 0.000000000000000000, 0.000000000000000000, 1.000000000000000000 ) ) ;
#1364 = CARTESIAN_POINT ( 'NONE',  ( 24.79487291362404733, 59.35334793496644323, 6.000000000000000000 ) ) ;
#1365 = VECTOR ( 'NONE', #5132, 1000.000000000000000 ) ;
#1367 = LINE ( 'NONE', #1901, #6685 ) ;
#1366 = CARTESIAN_POINT ( 'NONE',  ( 72.94807733323547438, 40.95871309031685570, 4.399999999999997691 ) ) ;
#1368 = AXIS2_PLACEMENT_3D ( 'NONE', #197, #3622, #2571 ) ;
#1369 = CARTESIAN_POINT ( 'NONE',  ( 58.23157658086554989, 23.75317541498462148, 6.399999999999999467 ) ) ;
#1370 = PLANE ( 'NONE',  #4414 ) ;
#1371 = ORIENTED_EDGE ( 'NONE', *, *, #5063, .F. ) ;
#1372 = FACE_OUTER_BOUND ( 'NONE', #4810, .T. ) ;
#1373 = ORIENTED_EDGE ( 'NONE', *, *, #5168, .T. ) ;
#1374 = CARTESIAN_POINT ( 'NONE',  ( 60.08043668360587475, 59.78988455164225257, 27.55228731297752631 ) ) ;
#1375 = EDGE_CURVE ( 'NONE', #3040, #5428, #3896, .T. ) ;
#1376 = DIRECTION ( 'NONE',  ( 1.259290296542222077E-16, -1.000000000000000000, 0.000000000000000000 ) ) ;
#1377 = VECTOR ( 'NONE', #7296, 1000.000000000000000 ) ;
#1378 = PLANE ( 'NONE',  #1903 ) ;
#1379 = DIRECTION ( 'NONE',  ( -0.000000000000000000, -0.000000000000000000, -1.000000000000000000 ) ) ;
#1380 = EDGE_LOOP ( 'NONE', ( #2975, #4389, #3489, #2316 ) ) ;
#1381 = PLANE ( 'NONE',  #5727 ) ;
#1382 = DIRECTION ( 'NONE',  ( -0.2810395741260597324, 0.6786076767083626393, 0.6786076767083626393 ) ) ;
#1383 = ORIENTED_EDGE ( 'NONE', *, *, #7249, .F. ) ;
#1384 = VECTOR ( 'NONE', #2343, 1000.000000000000000 ) ;
#1385 = ORIENTED_EDGE ( 'NONE', *, *, #5885, .T. ) ;
#1386 = VERTEX_POINT ( 'NONE', #2125 ) ;
#1387 = VECTOR ( 'NONE', #6514, 1000.000000000000000 ) ;
#1388 = AXIS2_PLACEMENT_3D ( 'NONE', #534, #5174, #4074 ) ;
#1389 = EDGE_CURVE ( 'NONE', #7370, #3281, #4434, .T. ) ;
#1390 = EDGE_LOOP ( 'NONE', ( #2323, #2074, #1527, #4036 ) ) ;
#1391 = DIRECTION ( 'NONE',  ( 0.000000000000000000, 0.7071067811865556774, 0.7071067811865393571 ) ) ;
#1392 = CARTESIAN_POINT ( 'NONE',  ( 53.19983289218711064, 53.05778559088966517, 6.000000000000000000 ) ) ;
#1393 = ADVANCED_FACE ( 'NONE', ( #2769 ), #2200, .F. ) ;
#1394 = CIRCLE ( 'NONE', #1877, 1.250000000000000222 ) ;
#1395 = DIRECTION ( 'NONE',  ( -1.000000000000000000, 0.000000000000000000, 0.000000000000000000 ) ) ;
#1396 = VERTEX_POINT ( 'NONE', #4956 ) ;
#1397 = ORIENTED_EDGE ( 'NONE', *, *, #4410, .T. ) ;
#1398 = EDGE_CURVE ( 'NONE', #5495, #5954, #4390, .T. ) ;
#1399 = CARTESIAN_POINT ( 'NONE',  ( 10.53880365760802285, 56.44252476504900073, 1.000000000000000888 ) ) ;
#1400 = DIRECTION ( 'NONE',  ( 1.000000000000000000, 5.782411586589351722E-16, -0.000000000000000000 ) ) ;
#1401 = ADVANCED_FACE ( 'NONE', ( #3215 ), #7258, .T. ) ;
#1402 = LINE ( 'NONE', #731, #3432 ) ;
#1403 = ORIENTED_EDGE ( 'NONE', *, *, #3607, .F. ) ;
#1404 = CARTESIAN_POINT ( 'NONE',  ( 74.11952070086402955, 59.57470916941927186, 1.000000000000000888 ) ) ;
#1405 = CONICAL_SURFACE ( 'NONE', #3824, 1.250000000000000222, 0.7853981633974431720 ) ;
#1406 = AXIS2_PLACEMENT_3D ( 'NONE', #1281, #2495, #1395 ) ;
#1407 = EDGE_CURVE ( 'NONE', #6264, #2173, #2346, .T. ) ;
#1408 = DIRECTION ( 'NONE',  ( -1.000000000000000000, 0.000000000000000000, 0.000000000000000000 ) ) ;
#1409 = DIRECTION ( 'NONE',  ( -1.000000000000000000, 3.469446951953610639E-15, 0.000000000000000000 ) ) ;
#1411 = DIRECTION ( 'NONE',  ( 0.000000000000000000, 0.000000000000000000, -1.000000000000000000 ) ) ;
#1410 = CARTESIAN_POINT ( 'NONE',  ( 24.39487291362403454, 53.90641816659306329, 6.000000000000000000 ) ) ;
#1412 = CARTESIAN_POINT ( 'NONE',  ( 9.350588699533842529, 7.103231374242326090, -1.263436146131209359 ) ) ;
#1413 = DIRECTION ( 'NONE',  ( -1.000000000000000000, 0.000000000000000000, 0.000000000000000000 ) ) ;
#1414 = ORIENTED_EDGE ( 'NONE', *, *, #3861, .T. ) ;
#1415 = CARTESIAN_POINT ( 'NONE',  ( 8.888803657608024267, 56.44252476504900073, 9.599999999999996092 ) ) ;
#1416 = VERTEX_POINT ( 'NONE', #650 ) ;
#1417 = AXIS2_PLACEMENT_3D ( 'NONE', #1888, #4228, #4194 ) ;
#1418 = CARTESIAN_POINT ( 'NONE',  ( 40.83180065388673796, 43.69286487643512373, 1.400000000000012346 ) ) ;
#1419 = CARTESIAN_POINT ( 'NONE',  ( 5.400000000000525269, 33.29720746859478453, 10.00000000000000000 ) ) ;
#1420 = LINE ( 'NONE', #3611, #1895 ) ;
#1421 = CARTESIAN_POINT ( 'NONE',  ( 77.68837747380948144, 12.83651906809888565, -1.258530145833765879 ) ) ;
#1422 = VECTOR ( 'NONE', #3121, 1000.000000000000000 ) ;
#1423 = DIRECTION ( 'NONE',  ( -0.7071067811865352493, 0.7071067811865597852, 0.000000000000000000 ) ) ;
#1424 = VERTEX_POINT ( 'NONE', #1781 ) ;
#1425 = CARTESIAN_POINT ( 'NONE',  ( 5.875044450089777825, 53.13706121412302252, 10.00099999999999945 ) ) ;
#1426 = DIRECTION ( 'NONE',  ( 6.369488388617202940E-16, -1.000000000000000000, 0.000000000000000000 ) ) ;
#1427 = ORIENTED_EDGE ( 'NONE', *, *, #156, .T. ) ;
#1428 = ORIENTED_EDGE ( 'NONE', *, *, #362, .F. ) ;
#1429 = ORIENTED_EDGE ( 'NONE', *, *, #6316, .F. ) ;
#1430 = AXIS2_PLACEMENT_3D ( 'NONE', #243, #1408, #7190 ) ;
#1431 = EDGE_CURVE ( 'NONE', #7277, #679, #2315, .T. ) ;
#1432 = ADVANCED_FACE ( 'NONE', ( #6388, #4683 ), #4578, .T. ) ;
#1433 = ORIENTED_EDGE ( 'NONE', *, *, #7164, .F. ) ;
#1434 = DIRECTION ( 'NONE',  ( 1.000000000000000000, 0.000000000000000000, 0.000000000000000000 ) ) ;
#1435 = VECTOR ( 'NONE', #5089, 1000.000000000000000 ) ;
#1436 = CARTESIAN_POINT ( 'NONE',  ( 77.98218423212703954, 5.400000000000020783, 10.00000000000000000 ) ) ;
#1437 = ORIENTED_EDGE ( 'NONE', *, *, #2702, .F. ) ;
#1438 = VERTEX_POINT ( 'NONE', #5789 ) ;
#1439 = PLANE ( 'NONE',  #7091 ) ;
#1440 = DIRECTION ( 'NONE',  ( 0.7071067811865474617, -0.7071067811865474617, 0.000000000000000000 ) ) ;
#1441 = DIRECTION ( 'NONE',  ( -0.7071067758298723582, 8.703725631695365117E-05, 0.7071067811865465735 ) ) ;
#1442 = EDGE_CURVE ( 'NONE', #2902, #839, #2985, .T. ) ;
#1443 = EDGE_LOOP ( 'NONE', ( #428, #4937, #4431, #3650 ) ) ;
#1444 = CARTESIAN_POINT ( 'NONE',  ( 25.52610449534172687, 52.77490806565516834, 5.599999999999988987 ) ) ;
#1445 = EDGE_CURVE ( 'NONE', #7187, #3429, #6887, .T. ) ;
#1446 = CARTESIAN_POINT ( 'NONE',  ( 79.27160909699543367, 54.58707990327712878, 0.6968592874954386840 ) ) ;
#1447 = DIRECTION ( 'NONE',  ( 0.000000000000000000, -0.7071067811865475727, -0.7071067811865475727 ) ) ;
#1448 = AXIS2_PLACEMENT_3D ( 'NONE', #1685, #5196, #5801 ) ;
#1450 = DIRECTION ( 'NONE',  ( 0.000000000000000000, 0.000000000000000000, -1.000000000000000000 ) ) ;
#1449 = DIRECTION ( 'NONE',  ( -0.7071067811865475727, 0.7071067811865475727, 0.000000000000000000 ) ) ;
#1451 = DIRECTION ( 'NONE',  ( 0.4999999999998706035, 0.5000000000001213474, 0.7071067811865532349 ) ) ;
#1452 = DIRECTION ( 'NONE',  ( 0.000000000000000000, 0.7071067811865475727, 0.7071067811865475727 ) ) ;
#1453 = VERTEX_POINT ( 'NONE', #6320 ) ;
#1454 = EDGE_CURVE ( 'NONE', #5504, #1513, #1812, .T. ) ;
#1455 = CARTESIAN_POINT ( 'NONE',  ( 0.000000000000000000, 23.75317541498460727, 10.00000000000000000 ) ) ;
#1456 = ORIENTED_EDGE ( 'NONE', *, *, #4720, .F. ) ;
#1457 = DIRECTION ( 'NONE',  ( -0.5773502691896257311, 0.5773502691896257311, 0.5773502691896257311 ) ) ;
#1458 = AXIS2_PLACEMENT_3D ( 'NONE', #7383, #1192, #4521 ) ;
#1459 = FACE_OUTER_BOUND ( 'NONE', #7407, .T. ) ;
#1460 = DIRECTION ( 'NONE',  ( 0.000000000000000000, 0.000000000000000000, -1.000000000000000000 ) ) ;
#1461 = LINE ( 'NONE', #5993, #6207 ) ;
#1462 = ORIENTED_EDGE ( 'NONE', *, *, #5620, .F. ) ;
#1463 = FACE_OUTER_BOUND ( 'NONE', #3521, .T. ) ;
#1464 = VECTOR ( 'NONE', #1542, 1000.000000000000114 ) ;
#1465 = CARTESIAN_POINT ( 'NONE',  ( 5.400000000000900968, 57.81645816709684738, 10.00000000000000000 ) ) ;
#1466 = ORIENTED_EDGE ( 'NONE', *, *, #3493, .T. ) ;
#1468 = EDGE_LOOP ( 'NONE', ( #4532, #4859, #7041, #5040 ) ) ;
#1467 = EDGE_CURVE ( 'NONE', #2455, #236, #7443, .T. ) ;
#1469 = ORIENTED_EDGE ( 'NONE', *, *, #6235, .F. ) ;
#1470 = EDGE_CURVE ( 'NONE', #6872, #7445, #2383, .T. ) ;
#1471 = EDGE_CURVE ( 'NONE', #3549, #6880, #5289, .T. ) ;
#1472 = ORIENTED_EDGE ( 'NONE', *, *, #4675, .F. ) ;
#1473 = LINE ( 'NONE', #2037, #5973 ) ;
#1474 = AXIS2_PLACEMENT_3D ( 'NONE', #2969, #3002, #6974 ) ;
#1475 = LINE ( 'NONE', #1125, #577 ) ;
#1476 = ORIENTED_EDGE ( 'NONE', *, *, #5865, .T. ) ;
#1477 = ORIENTED_EDGE ( 'NONE', *, *, #6198, .F. ) ;
#1478 = EDGE_CURVE ( 'NONE', #6064, #670, #4083, .T. ) ;
#1479 = CARTESIAN_POINT ( 'NONE',  ( -21.63100838201660281, 21.63100838201653531, 1.399999999999996803 ) ) ;
#1480 = FACE_OUTER_BOUND ( 'NONE', #3150, .T. ) ;
#1481 = ADVANCED_FACE ( 'NONE', ( #1136 ), #3511, .F. ) ;
#1482 = AXIS2_PLACEMENT_3D ( 'NONE', #6905, #5833, #1726 ) ;
#1483 = DIRECTION ( 'NONE',  ( 0.000000000000000000, 1.000000000000000000, 0.000000000000000000 ) ) ;
#1484 = ORIENTED_EDGE ( 'NONE', *, *, #4596, .T. ) ;
#1485 = LINE ( 'NONE', #2692, #5995 ) ;
#1486 = LINE ( 'NONE', #2203, #266 ) ;
#1487 = DIRECTION ( 'NONE',  ( -1.000000000000000000, 0.000000000000000000, 0.000000000000000000 ) ) ;
#1488 = EDGE_CURVE ( 'NONE', #75, #1396, #5215, .T. ) ;
#1489 = VECTOR ( 'NONE', #221, 1000.000000000000000 ) ;
#1491 = LINE ( 'NONE', #1975, #38 ) ;
#1490 = FACE_OUTER_BOUND ( 'NONE', #1603, .T. ) ;
#1492 = FACE_OUTER_BOUND ( 'NONE', #6223, .T. ) ;
#1493 = ORIENTED_EDGE ( 'NONE', *, *, #6315, .T. ) ;
#1494 = EDGE_CURVE ( 'NONE', #4709, #6254, #578, .T. ) ;
#1495 = CARTESIAN_POINT ( 'NONE',  ( 6.458600994699168178E-14, 39.09286487643520758, 1.000000000000000888 ) ) ;
#1496 = VERTEX_POINT ( 'NONE', #1242 ) ;
#1497 = CARTESIAN_POINT ( 'NONE',  ( 74.51692151384303031, 56.44252476504900073, 1.000000000000000888 ) ) ;
#1498 = ADVANCED_FACE ( 'NONE', ( #5252 ), #6952, .T. ) ;
#1499 = DIRECTION ( 'NONE',  ( 1.000000000000000000, -1.652117596168386770E-15, 0.000000000000000000 ) ) ;
#1500 = LINE ( 'NONE', #6181, #4951 ) ;
#1501 = EDGE_CURVE ( 'NONE', #828, #7247, #3548, .T. ) ;
#1502 = DIRECTION ( 'NONE',  ( 0.5000000000000009992, 0.5000000000000034417, 0.7071067811865445751 ) ) ;
#1503 = LINE ( 'NONE', #5655, #1464 ) ;
#1504 = DIRECTION ( 'NONE',  ( -0.7071067811865423547, 8.659560562354868763E-17, 0.7071067811865526798 ) ) ;
#1505 = ADVANCED_FACE ( 'NONE', ( #6280 ), #1745, .T. ) ;
#1506 = VECTOR ( 'NONE', #1273, 1000.000000000000000 ) ;
#1507 = LINE ( 'NONE', #4901, #5523 ) ;
#1508 = VERTEX_POINT ( 'NONE', #6355 ) ;
#1509 = VERTEX_POINT ( 'NONE', #4717 ) ;
#1510 = ORIENTED_EDGE ( 'NONE', *, *, #1471, .F. ) ;
#1511 = EDGE_CURVE ( 'NONE', #4728, #2173, #5955, .T. ) ;
#1512 = EDGE_CURVE ( 'NONE', #5989, #799, #6203, .T. ) ;
#1513 = VERTEX_POINT ( 'NONE', #7176 ) ;
#1514 = ADVANCED_FACE ( 'NONE', ( #3585 ), #234, .F. ) ;
#1515 = CARTESIAN_POINT ( 'NONE',  ( 79.97474980950003953, 54.29582948390102359, 1.399999999999998579 ) ) ;
#1516 = VECTOR ( 'NONE', #6957, 1000.000000000000000 ) ;
#1517 = ADVANCED_FACE ( 'NONE', ( #1885 ), #6535, .T. ) ;
#1519 = DIRECTION ( 'NONE',  ( -1.000000000000000000, 0.000000000000000000, 0.000000000000000000 ) ) ;
#1518 = VECTOR ( 'NONE', #5683, 1000.000000000000114 ) ;
#1520 = ORIENTED_EDGE ( 'NONE', *, *, #5154, .T. ) ;
#1521 = CIRCLE ( 'NONE', #6831, 1.250000000000001110 ) ;
#1522 = ORIENTED_EDGE ( 'NONE', *, *, #5207, .F. ) ;
#1523 = CARTESIAN_POINT ( 'NONE',  ( 62.89024130048304073, 40.21884720954799519, 1.000000000000000888 ) ) ;
#1524 = DIRECTION ( 'NONE',  ( 0.7071067811865474617, -0.000000000000000000, 0.7071067811865474617 ) ) ;
#1525 = VECTOR ( 'NONE', #2129, 999.9999999999998863 ) ;
#1526 = CARTESIAN_POINT ( 'NONE',  ( 55.42884860408193504, 23.35317541498460159, 4.000000000000000000 ) ) ;
#1527 = ORIENTED_EDGE ( 'NONE', *, *, #1262, .T. ) ;
#1528 = LINE ( 'NONE', #3900, #4068 ) ;
#1529 = LINE ( 'NONE', #3826, #4004 ) ;
#1530 = LINE ( 'NONE', #7264, #1525 ) ;
#1531 = PLANE ( 'NONE',  #5799 ) ;
#1532 = DIRECTION ( 'NONE',  ( -0.7071067811865352493, 0.000000000000000000, 0.7071067811865597852 ) ) ;
#1533 = VERTEX_POINT ( 'NONE', #7139 ) ;
#1534 = DIRECTION ( 'NONE',  ( -0.000000000000000000, 1.000000000000000000, 0.000000000000000000 ) ) ;
#1535 = EDGE_LOOP ( 'NONE', ( #2848, #1054, #904, #6759 ) ) ;
#1536 = EDGE_LOOP ( 'NONE', ( #1049, #4719, #367, #111 ) ) ;
#1537 = FACE_OUTER_BOUND ( 'NONE', #3697, .T. ) ;
#1538 =( NAMED_UNIT ( * ) SI_UNIT ( $, .STERADIAN. ) SOLID_ANGLE_UNIT ( ) );
#1539 = DIRECTION ( 'NONE',  ( -0.000000000000000000, -0.000000000000000000, -1.000000000000000000 ) ) ;
#1541 = DIRECTION ( 'NONE',  ( -0.2810846377147107056, 0.6785983445458697583, -0.6785983445458697583 ) ) ;
#1540 = CARTESIAN_POINT ( 'NONE',  ( 67.23157658086553568, 0.000000000000000000, 6.399999999999999467 ) ) ;
#1542 = DIRECTION ( 'NONE',  ( 0.6785983445458552143, 0.2810846377147819264, -0.6785983445458546592 ) ) ;
#1543 = VECTOR ( 'NONE', #806, 1000.000000000000000 ) ;
#1544 = CARTESIAN_POINT ( 'NONE',  ( 73.15243468099103552, 0.000000000000000000, 4.000000000000000000 ) ) ;
#1545 = VECTOR ( 'NONE', #2442, 999.9999999999997726 ) ;
#1546 = DIRECTION ( 'NONE',  ( 1.000000000000000000, 0.000000000000000000, 0.000000000000000000 ) ) ;
#1547 = EDGE_LOOP ( 'NONE', ( #2208, #5133, #3921, #3481 ) ) ;
#1548 = EDGE_LOOP ( 'NONE', ( #5420, #4231, #3623, #2727 ) ) ;
#1549 = VERTEX_POINT ( 'NONE', #3054 ) ;
#1550 = VECTOR ( 'NONE', #4333, 1000.000000000000000 ) ;
#1551 = VECTOR ( 'NONE', #6659, 1000.000000000000114 ) ;
#1552 = AXIS2_PLACEMENT_3D ( 'NONE', #1415, #6026, #6175 ) ;
#1553 = ORIENTED_EDGE ( 'NONE', *, *, #1028, .T. ) ;
#1554 = DIRECTION ( 'NONE',  ( 1.000000000000000000, 0.000000000000000000, 0.000000000000000000 ) ) ;
#1555 = VECTOR ( 'NONE', #2396, 1000.000000000000000 ) ;
#1556 = ORIENTED_EDGE ( 'NONE', *, *, #2567, .F. ) ;
#1557 = ORIENTED_EDGE ( 'NONE', *, *, #3518, .F. ) ;
#1558 = ORIENTED_EDGE ( 'NONE', *, *, #6116, .T. ) ;
#1559 = LINE ( 'NONE', #993, #4308 ) ;
#1560 = DIRECTION ( 'NONE',  ( -0.7071067811865350272, -0.7071067811865600072, 0.000000000000000000 ) ) ;
#1561 = EDGE_CURVE ( 'NONE', #2935, #5441, #5358, .T. ) ;
#1562 = DIRECTION ( 'NONE',  ( -0.000000000000000000, -0.000000000000000000, -1.000000000000000000 ) ) ;
#1563 = ORIENTED_EDGE ( 'NONE', *, *, #1639, .F. ) ;
#1564 = CARTESIAN_POINT ( 'NONE',  ( 53.48264078761654616, 52.77490806565516834, 5.599999999999988987 ) ) ;
#1565 = LINE ( 'NONE', #3747, #105 ) ;
#1566 = CARTESIAN_POINT ( 'NONE',  ( 59.17578496594466486, 0.000000000000000000, 4.000000000000000000 ) ) ;
#1567 = CARTESIAN_POINT ( 'NONE',  ( 69.83157658086554420, 23.35317541498460869, 9.600000000000015632 ) ) ;
#1568 = DIRECTION ( 'NONE',  ( 1.000000000000000000, 0.000000000000000000, 0.000000000000000000 ) ) ;
#1569 = ORIENTED_EDGE ( 'NONE', *, *, #4544, .T. ) ;
#1570 = FACE_OUTER_BOUND ( 'NONE', #1150, .T. ) ;
#1571 = VERTEX_POINT ( 'NONE', #5892 ) ;
#1572 = ORIENTED_EDGE ( 'NONE', *, *, #4914, .T. ) ;
#1573 = DIRECTION ( 'NONE',  ( -0.7071067811865475727, 0.000000000000000000, -0.7071067811865475727 ) ) ;
#1574 = CARTESIAN_POINT ( 'NONE',  ( 79.97474980949952794, 57.98214359204602175, 10.00099999999999945 ) ) ;
#1575 = CARTESIAN_POINT ( 'NONE',  ( 6.992565577374029395, 5.000000000000023093, 1.399999999999984590 ) ) ;
#1577 = LINE ( 'NONE', #1725, #6799 ) ;
#1576 = DIRECTION ( 'NONE',  ( -0.7071067811865474617, -0.7071067811865474617, -0.000000000000000000 ) ) ;
#1578 = LINE ( 'NONE', #489, #5708 ) ;
#1579 = CARTESIAN_POINT ( 'NONE',  ( 11.61402484566509230, 1.462542879194632743E-15, 10.00000000000000000 ) ) ;
#1580 = DIRECTION ( 'NONE',  ( 0.000000000000000000, 1.000000000000000000, 0.000000000000000000 ) ) ;
#1581 = ORIENTED_EDGE ( 'NONE', *, *, #5214, .T. ) ;
#1582 = VECTOR ( 'NONE', #5010, 1000.000000000000000 ) ;
#1583 = ORIENTED_EDGE ( 'NONE', *, *, #61, .F. ) ;
#1584 = ORIENTED_EDGE ( 'NONE', *, *, #4975, .F. ) ;
#1585 = ORIENTED_EDGE ( 'NONE', *, *, #3104, .T. ) ;
#1586 = EDGE_CURVE ( 'NONE', #4982, #1617, #1847, .T. ) ;
#1587 = LINE ( 'NONE', #3133, #2341 ) ;
#1588 = ORIENTED_EDGE ( 'NONE', *, *, #5958, .F. ) ;
#1589 = ORIENTED_EDGE ( 'NONE', *, *, #6994, .T. ) ;
#1590 = DIRECTION ( 'NONE',  ( -1.000000000000000000, 0.000000000000000000, -0.000000000000000000 ) ) ;
#1591 = ADVANCED_FACE ( 'NONE', ( #4223 ), #1352, .T. ) ;
#1592 = CARTESIAN_POINT ( 'NONE',  ( 5.471324698771764083, 33.93421759231526380, 4.000000000000000000 ) ) ;
#1593 = EDGE_CURVE ( 'NONE', #6264, #3887, #7207, .T. ) ;
#1594 = EDGE_CURVE ( 'NONE', #6796, #453, #3657, .T. ) ;
#1595 = CARTESIAN_POINT ( 'NONE',  ( -2.595249223493790502, 2.617091902073044540, 4.000000000000000000 ) ) ;
#1596 = ORIENTED_EDGE ( 'NONE', *, *, #152, .T. ) ;
#1597 = CARTESIAN_POINT ( 'NONE',  ( 46.94653210253800779, 28.88980021391638431, 1.400000000000012346 ) ) ;
#1598 = DIRECTION ( 'NONE',  ( -0.7071067811865475727, 0.000000000000000000, -0.7071067811865475727 ) ) ;
#1599 = CARTESIAN_POINT ( 'NONE',  ( 11.30691806564784763, 11.30691806564793289, 1.399999999999984590 ) ) ;
#1600 = LINE ( 'NONE', #3903, #5675 ) ;
#1601 = EDGE_CURVE ( 'NONE', #7391, #7454, #3018, .T. ) ;
#1602 = DIRECTION ( 'NONE',  ( 1.000000000000000000, -0.000000000000000000, 0.000000000000000000 ) ) ;
#1603 = EDGE_LOOP ( 'NONE', ( #3354, #881, #4444, #88 ) ) ;
#1604 = LINE ( 'NONE', #3984, #4450 ) ;
#1605 = EDGE_LOOP ( 'NONE', ( #231, #32, #4268, #406 ) ) ;
#1606 = DIRECTION ( 'NONE',  ( 0.5773502691896255090, 0.5773502691896258421, 0.5773502691896258421 ) ) ;
#1607 = EDGE_CURVE ( 'NONE', #6364, #828, #4792, .T. ) ;
#1608 = VECTOR ( 'NONE', #4560, 1000.000000000000000 ) ;
#1609 = LINE ( 'NONE', #3268, #5284 ) ;
#1610 = CARTESIAN_POINT ( 'NONE',  ( 65.34807733323546586, 41.35871309031685428, 5.600000000000016520 ) ) ;
#1612 = DIRECTION ( 'NONE',  ( -0.7061519002946796686, 0.7080603743397965166, 0.000000000000000000 ) ) ;
#1611 = CARTESIAN_POINT ( 'NONE',  ( 10.53880365760802285, 56.44252476504900073, 1.000000000000000888 ) ) ;
#1613 = ORIENTED_EDGE ( 'NONE', *, *, #4639, .F. ) ;
#1614 = FACE_OUTER_BOUND ( 'NONE', #2391, .T. ) ;
#1615 = LINE ( 'NONE', #6227, #1435 ) ;
#1616 = EDGE_CURVE ( 'NONE', #6154, #5393, #3694, .T. ) ;
#1617 = VERTEX_POINT ( 'NONE', #872 ) ;
#1618 = VERTEX_POINT ( 'NONE', #797 ) ;
#1619 = ORIENTED_EDGE ( 'NONE', *, *, #2049, .F. ) ;
#1620 = ORIENTED_EDGE ( 'NONE', *, *, #1727, .T. ) ;
#1621 = VECTOR ( 'NONE', #338, 1000.000000000000000 ) ;
#1622 = LINE ( 'NONE', #611, #6807 ) ;
#1623 = VECTOR ( 'NONE', #5140, 1000.000000000000000 ) ;
#1624 = ORIENTED_EDGE ( 'NONE', *, *, #5396, .F. ) ;
#1625 = ORIENTED_EDGE ( 'NONE', *, *, #2376, .F. ) ;
#1626 = CIRCLE ( 'NONE', #3793, 1.250000000000000222 ) ;
#1627 = EDGE_CURVE ( 'NONE', #670, #5164, #4829, .T. ) ;
#1628 = CARTESIAN_POINT ( 'NONE',  ( 0.000000000000000000, 53.13706121412302252, 4.000000000000000000 ) ) ;
#1629 = VECTOR ( 'NONE', #1026, 1000.000000000000114 ) ;
#1630 = DIRECTION ( 'NONE',  ( -0.7071067811865471286, 1.317229440172748952E-14, 0.7071067811865479058 ) ) ;
#1631 = PLANE ( 'NONE',  #2845 ) ;
#1632 = CARTESIAN_POINT ( 'NONE',  ( 76.16692151384303600, 56.44252476504900073, 1.400000000000005462 ) ) ;
#1633 = ORIENTED_EDGE ( 'NONE', *, *, #4078, .T. ) ;
#1634 = AXIS2_PLACEMENT_3D ( 'NONE', #2295, #5117, #2821 ) ;
#1635 = EDGE_CURVE ( 'NONE', #3189, #7237, #118, .T. ) ;
#1636 = VECTOR ( 'NONE', #6592, 1000.000000000000000 ) ;
#1637 = CARTESIAN_POINT ( 'NONE',  ( 40.83180065388673796, 38.69286487643512373, -6.830045703262805468 ) ) ;
#1638 = VECTOR ( 'NONE', #2877, 1000.000000000000000 ) ;
#1639 = EDGE_CURVE ( 'NONE', #6081, #4795, #2420, .T. ) ;
#1640 = ADVANCED_FACE ( 'NONE', ( #3134 ), #5925, .F. ) ;
#1641 = PLANE ( 'NONE',  #4484 ) ;
#1642 = DIRECTION ( 'NONE',  ( 0.8733071337700620829, 0.4871700422915172801, 0.000000000000000000 ) ) ;
#1643 = CARTESIAN_POINT ( 'NONE',  ( 76.16692151384303600, 8.415085090169998949, 9.600000000000019185 ) ) ;
#1644 = DIRECTION ( 'NONE',  ( 1.355284293265842525E-13, -1.000000000000000000, 0.000000000000000000 ) ) ;
#1645 = ORIENTED_EDGE ( 'NONE', *, *, #710, .F. ) ;
#1646 = AXIS2_PLACEMENT_3D ( 'NONE', #4846, #5907, #2587 ) ;
#1647 = FACE_OUTER_BOUND ( 'NONE', #892, .T. ) ;
#1648 = ORIENTED_EDGE ( 'NONE', *, *, #3060, .T. ) ;
#1649 = FACE_OUTER_BOUND ( 'NONE', #5909, .T. ) ;
#1650 = FACE_OUTER_BOUND ( 'NONE', #3212, .T. ) ;
#1651 = DIRECTION ( 'NONE',  ( -0.000000000000000000, -0.000000000000000000, -1.000000000000000000 ) ) ;
#1653 = CARTESIAN_POINT ( 'NONE',  ( 58.23157658086555699, 31.35317541498459804, 6.399999999999999467 ) ) ;
#1652 = LINE ( 'NONE', #2898, #5852 ) ;
#1654 = FACE_BOUND ( 'NONE', #6915, .T. ) ;
#1655 = CARTESIAN_POINT ( 'NONE',  ( 54.61482092964091350, 59.34967741935614782, 4.400000000000011902 ) ) ;
#1656 = ORIENTED_EDGE ( 'NONE', *, *, #3484, .F. ) ;
#1657 = DIRECTION ( 'NONE',  ( -0.000000000000000000, -0.000000000000000000, 1.000000000000000000 ) ) ;
#1658 = ORIENTED_EDGE ( 'NONE', *, *, #3258, .F. ) ;
#1659 = DIRECTION ( 'NONE',  ( -0.7071067811865475727, 0.000000000000000000, -0.7071067811865475727 ) ) ;
#1660 = VERTEX_POINT ( 'NONE', #6461 ) ;
#1661 = AXIS2_PLACEMENT_3D ( 'NONE', #4729, #4200, #5902 ) ;
#1662 = AXIS2_PLACEMENT_3D ( 'NONE', #3606, #5206, #5780 ) ;
#1663 = ORIENTED_EDGE ( 'NONE', *, *, #1309, .T. ) ;
#1664 = FACE_OUTER_BOUND ( 'NONE', #6849, .T. ) ;
#1665 = ORIENTED_EDGE ( 'NONE', *, *, #992, .T. ) ;
#1666 = VECTOR ( 'NONE', #4819, 1000.000000000000000 ) ;
#1667 = VERTEX_POINT ( 'NONE', #1732 ) ;
#1668 = VECTOR ( 'NONE', #7142, 1000.000000000000000 ) ;
#1669 = EDGE_CURVE ( 'NONE', #6453, #6650, #6343, .T. ) ;
#1670 = FACE_OUTER_BOUND ( 'NONE', #6713, .T. ) ;
#1671 = CARTESIAN_POINT ( 'NONE',  ( 79.97474980950003953, 54.29582948390102359, 1.399999999999998579 ) ) ;
#1672 = AXIS2_PLACEMENT_3D ( 'NONE', #1328, #5938, #7035 ) ;
#1673 = DIRECTION ( 'NONE',  ( -0.7071067811865474617, -0.000000000000000000, 0.7071067811865474617 ) ) ;
#1674 = DIRECTION ( 'NONE',  ( 0.000000000000000000, 0.000000000000000000, 1.000000000000000000 ) ) ;
#1675 = ORIENTED_EDGE ( 'NONE', *, *, #5139, .T. ) ;
#1676 = FACE_OUTER_BOUND ( 'NONE', #3498, .T. ) ;
#1677 = CARTESIAN_POINT ( 'NONE',  ( 29.80687116396648761, 29.62875138833505773, 1.000000000000000888 ) ) ;
#1678 = DIRECTION ( 'NONE',  ( -0.5773502691896257311, -0.5773502691896257311, -0.5773502691896257311 ) ) ;
#1679 = PLANE ( 'NONE',  #5855 ) ;
#1680 = EDGE_LOOP ( 'NONE', ( #3962, #7022, #5798, #2076 ) ) ;
#1681 = DIRECTION ( 'NONE',  ( 0.6785983445458644292, 0.2810846377147928621, 0.6785983445458408925 ) ) ;
#1682 = ORIENTED_EDGE ( 'NONE', *, *, #1088, .T. ) ;
#1683 = DIRECTION ( 'NONE',  ( -1.000000000000000000, 0.000000000000000000, 0.000000000000000000 ) ) ;
#1684 = DIRECTION ( 'NONE',  ( 0.000000000000000000, 0.000000000000000000, 1.000000000000000000 ) ) ;
#1685 = CARTESIAN_POINT ( 'NONE',  ( 55.42884860408193504, 24.35317541498460869, -10.67514906227531313 ) ) ;
#1687 = CARTESIAN_POINT ( 'NONE',  ( 9.991227597598198784, 7.469250987840888811, 12.06925098784079609 ) ) ;
#1686 = LINE ( 'NONE', #1118, #5246 ) ;
#1688 = PLANE ( 'NONE',  #2568 ) ;
#1689 = EDGE_CURVE ( 'NONE', #2371, #6174, #5169, .T. ) ;
#1690 = VECTOR ( 'NONE', #4090, 999.9999999999998863 ) ;
#1691 = DIRECTION ( 'NONE',  ( 1.000000000000000000, -0.000000000000000000, 0.000000000000000000 ) ) ;
#1692 = ORIENTED_EDGE ( 'NONE', *, *, #5238, .T. ) ;
#1693 = CARTESIAN_POINT ( 'NONE',  ( 0.000000000000000000, 31.35317541498459804, 6.399999999999999467 ) ) ;
#1694 = ORIENTED_EDGE ( 'NONE', *, *, #1478, .T. ) ;
#1695 = CARTESIAN_POINT ( 'NONE',  ( 73.15243468099103552, 6.261804759730023484, 9.600000000000015632 ) ) ;
#1696 = ORIENTED_EDGE ( 'NONE', *, *, #5043, .F. ) ;
#1697 = ORIENTED_EDGE ( 'NONE', *, *, #7046, .F. ) ;
#1698 = CARTESIAN_POINT ( 'NONE',  ( 65.74807733323545733, 40.95871309031685570, 4.399999999999997691 ) ) ;
#1699 = VECTOR ( 'NONE', #2102, 1000.000000000000114 ) ;
#1700 = ADVANCED_FACE ( 'NONE', ( #4381 ), #4000, .F. ) ;
#1701 = EDGE_CURVE ( 'NONE', #5217, #2580, #1165, .T. ) ;
#1702 = EDGE_LOOP ( 'NONE', ( #5038, #2614, #6213, #4497, #5585, #1572 ) ) ;
#1703 = EDGE_CURVE ( 'NONE', #2030, #4492, #6911, .T. ) ;
#1704 = AXIS2_PLACEMENT_3D ( 'NONE', #1193, #2865, #2328 ) ;
#1705 = CARTESIAN_POINT ( 'NONE',  ( 46.94653210253800779, 0.000000000000000000, -17.00997182357270887 ) ) ;
#1706 = CARTESIAN_POINT ( 'NONE',  ( 30.54606450874868173, -30.54606450874760526, 4.000000000000000000 ) ) ;
#1707 = DIRECTION ( 'NONE',  ( -0.7071067811865475727, 0.7071067811865475727, 0.000000000000000000 ) ) ;
#1708 = DIRECTION ( 'NONE',  ( -0.000000000000000000, -0.000000000000000000, -1.000000000000000000 ) ) ;
#1709 = ADVANCED_FACE ( 'NONE', ( #2828 ), #4908, .T. ) ;
#1710 = ORIENTED_EDGE ( 'NONE', *, *, #5227, .T. ) ;
#1711 = VERTEX_POINT ( 'NONE', #7468 ) ;
#1712 = CIRCLE ( 'NONE', #7010, 1.250000000000001110 ) ;
#1713 = LINE ( 'NONE', #1181, #6129 ) ;
#1714 = LINE ( 'NONE', #3451, #2484 ) ;
#1715 = FACE_OUTER_BOUND ( 'NONE', #2229, .T. ) ;
#1716 = DIRECTION ( 'NONE',  ( -0.000000000000000000, -0.000000000000000000, -1.000000000000000000 ) ) ;
#1717 = DIRECTION ( 'NONE',  ( 1.000000000000000000, 0.000000000000000000, 0.000000000000000000 ) ) ;
#1718 = ORIENTED_EDGE ( 'NONE', *, *, #4384, .F. ) ;
#1719 = LINE ( 'NONE', #4018, #3440 ) ;
#1720 = VECTOR ( 'NONE', #5270, 1000.000000000000000 ) ;
#1721 = EDGE_CURVE ( 'NONE', #2691, #6036, #5475, .T. ) ;
#1722 = DIRECTION ( 'NONE',  ( 0.000000000000000000, -1.000000000000000000, 0.000000000000000000 ) ) ;
#1723 = LINE ( 'NONE', #4558, #1890 ) ;
#1725 = CARTESIAN_POINT ( 'NONE',  ( 67.43157658086553852, 31.35317541498459804, 6.199999999999993960 ) ) ;
#1724 = CARTESIAN_POINT ( 'NONE',  ( 6.264532150982183190, -0.001239307319358478720, 10.00000000000000000 ) ) ;
#1726 = DIRECTION ( 'NONE',  ( -1.000000000000000000, 0.000000000000000000, 0.000000000000000000 ) ) ;
#1727 = EDGE_CURVE ( 'NONE', #2573, #2691, #1475, .T. ) ;
#1728 = LINE ( 'NONE', #4457, #1031 ) ;
#1729 = ORIENTED_EDGE ( 'NONE', *, *, #4075, .F. ) ;
#1730 = CARTESIAN_POINT ( 'NONE',  ( 73.34807733323548007, 45.95871309031685570, 4.399999999999983480 ) ) ;
#1731 = ORIENTED_EDGE ( 'NONE', *, *, #2410, .F. ) ;
#1732 = CARTESIAN_POINT ( 'NONE',  ( 59.77578496594467339, 40.61884720954800088, 3.399999999999983036 ) ) ;
#1733 = ORIENTED_EDGE ( 'NONE', *, *, #2927, .F. ) ;
#1734 = EDGE_CURVE ( 'NONE', #6920, #4788, #6267, .T. ) ;
#1735 = EDGE_CURVE ( 'NONE', #4076, #3735, #3964, .T. ) ;
#1736 = ADVANCED_FACE ( 'NONE', ( #3774 ), #911, .F. ) ;
#1737 = EDGE_LOOP ( 'NONE', ( #984, #6039, #6266, #2733 ) ) ;
#1738 = DIRECTION ( 'NONE',  ( -1.000000000000000000, 0.000000000000000000, 0.000000000000000000 ) ) ;
#1739 = ORIENTED_EDGE ( 'NONE', *, *, #2290, .T. ) ;
#1740 = ADVANCED_FACE ( 'NONE', ( #3430 ), #3210, .T. ) ;
#1741 = EDGE_CURVE ( 'NONE', #3045, #3012, #4947, .T. ) ;
#1742 = AXIS2_PLACEMENT_3D ( 'NONE', #1104, #3409, #4043 ) ;
#1743 = DIRECTION ( 'NONE',  ( -0.7071067811867293162, -0.7071067811863657182, 0.000000000000000000 ) ) ;
#1744 = PLANE ( 'NONE',  #2607 ) ;
#1745 = PLANE ( 'NONE',  #1742 ) ;
#1746 = EDGE_LOOP ( 'NONE', ( #4420, #2373, #2105, #1433 ) ) ;
#1747 = ORIENTED_EDGE ( 'NONE', *, *, #6734, .T. ) ;
#1748 = VECTOR ( 'NONE', #3485, 1000.000000000000114 ) ;
#1749 = CARTESIAN_POINT ( 'NONE',  ( 16.19468212145803321, -16.19468212145859454, 4.000000000000000000 ) ) ;
#1750 = DIRECTION ( 'NONE',  ( 0.4999999999998671618, -0.5000000000001242340, 0.7071067811865536790 ) ) ;
#1751 = FACE_OUTER_BOUND ( 'NONE', #380, .T. ) ;
#1752 = DIRECTION ( 'NONE',  ( -1.000000000000000000, 0.000000000000000000, 0.000000000000000000 ) ) ;
#1753 = AXIS2_PLACEMENT_3D ( 'NONE', #794, #3692, #4254 ) ;
#1754 = CARTESIAN_POINT ( 'NONE',  ( 69.45802080613924545, 37.96788320559628716, 15.78522711674573742 ) ) ;
#1755 = ORIENTED_EDGE ( 'NONE', *, *, #4870, .T. ) ;
#1756 = ORIENTED_EDGE ( 'NONE', *, *, #610, .F. ) ;
#1757 = AXIS2_PLACEMENT_3D ( 'NONE', #3425, #6832, #5200 ) ;
#1758 = VECTOR ( 'NONE', #4828, 1000.000000000000114 ) ;
#1759 = EDGE_CURVE ( 'NONE', #2797, #4198, #955, .T. ) ;
#1760 = LINE ( 'NONE', #5263, #3967 ) ;
#1761 = DIRECTION ( 'NONE',  ( 0.000000000000000000, 1.000000000000000000, 0.000000000000000000 ) ) ;
#1763 = DIRECTION ( 'NONE',  ( 1.000000000000000000, 0.000000000000000000, 0.000000000000000000 ) ) ;
#1762 = CARTESIAN_POINT ( 'NONE',  ( 5.000000000000530243, 33.46289289354401575, 9.600000000000015632 ) ) ;
#1764 = DIRECTION ( 'NONE',  ( 0.7071067811865474617, -0.7071067811865474617, 0.000000000000000000 ) ) ;
#1765 = AXIS2_PLACEMENT_3D ( 'NONE', #5490, #1447, #4393 ) ;
#1766 = DIRECTION ( 'NONE',  ( 0.7071067811865597852, 0.000000000000000000, -0.7071067811865352493 ) ) ;
#1767 = ORIENTED_EDGE ( 'NONE', *, *, #6040, .F. ) ;
#1768 = CARTESIAN_POINT ( 'NONE',  ( 63.88484364902704016, 63.88484364902676305, 1.399999999999998579 ) ) ;
#1769 = ORIENTED_EDGE ( 'NONE', *, *, #4639, .T. ) ;
#1770 = CARTESIAN_POINT ( 'NONE',  ( 41.42884860408194214, 26.75317541498458951, 4.000000000000000000 ) ) ;
#1771 = VERTEX_POINT ( 'NONE', #5739 ) ;
#1772 = EDGE_LOOP ( 'NONE', ( #235, #5404, #291, #443, #3363, #6701, #5819, #1017 ) ) ;
#1773 = DIRECTION ( 'NONE',  ( -0.2810846377148096265, 0.6785983445458609875, 0.6785983445458374508 ) ) ;
#1774 = EDGE_CURVE ( 'NONE', #3189, #6036, #5555, .T. ) ;
#1775 = ORIENTED_EDGE ( 'NONE', *, *, #4606, .T. ) ;
#1776 = VECTOR ( 'NONE', #398, 1000.000000000000000 ) ;
#1777 = CARTESIAN_POINT ( 'NONE',  ( 24.71462853100972268, 30.28592075184098675, 1.000000000000000888 ) ) ;
#1778 = LINE ( 'NONE', #2944, #2478 ) ;
#1779 = EDGE_CURVE ( 'NONE', #5434, #154, #4568, .T. ) ;
#1780 = VECTOR ( 'NONE', #4432, 999.9999999999998863 ) ;
#1781 = CARTESIAN_POINT ( 'NONE',  ( 24.61060500309818622, 30.68592075184099599, 1.400000000000012346 ) ) ;
#1782 = ORIENTED_EDGE ( 'NONE', *, *, #5094, .T. ) ;
#1783 = VERTEX_POINT ( 'NONE', #1695 ) ;
#1784 = DIRECTION ( 'NONE',  ( 1.652117596168386770E-15, 1.000000000000000000, 0.000000000000000000 ) ) ;
#1785 = AXIS2_PLACEMENT_3D ( 'NONE', #2082, #6047, #2729 ) ;
#1786 = CARTESIAN_POINT ( 'NONE',  ( 24.39487291362403099, 59.35339717067414256, 6.000000000000000000 ) ) ;
#1787 = FACE_OUTER_BOUND ( 'NONE', #4403, .T. ) ;
#1788 = EDGE_CURVE ( 'NONE', #6742, #3812, #5698, .T. ) ;
#1789 = LINE ( 'NONE', #4016, #2508 ) ;
#1790 = VERTEX_POINT ( 'NONE', #2872 ) ;
#1791 = VECTOR ( 'NONE', #2251, 1000.000000000000114 ) ;
#1792 = ORIENTED_EDGE ( 'NONE', *, *, #1107, .T. ) ;
#1793 = AXIS2_PLACEMENT_3D ( 'NONE', #2072, #4372, #6035 ) ;
#1794 = CARTESIAN_POINT ( 'NONE',  ( 11.27132469877176923, 50.33421759231526948, 5.599999999999988987 ) ) ;
#1795 = PLANE ( 'NONE',  #7441 ) ;
#1796 = PRODUCT_DEFINITION ( '鏈', '', #5442, #4430 ) ;
#1798 = PLANE ( 'NONE',  #2451 ) ;
#1797 = DIRECTION ( 'NONE',  ( 0.0001978291858416224519, 0.9999999804318063790, 0.000000000000000000 ) ) ;
#1799 = CARTESIAN_POINT ( 'NONE',  ( 66.03124324753223107, 25.35350874831794243, 6.000333333333332853 ) ) ;
#1800 = FACE_OUTER_BOUND ( 'NONE', #4745, .T. ) ;
#1801 = ORIENTED_EDGE ( 'NONE', *, *, #1946, .T. ) ;
#1802 = DIRECTION ( 'NONE',  ( 1.000000000000000000, 0.000000000000000000, 0.000000000000000000 ) ) ;
#1803 = VERTEX_POINT ( 'NONE', #1770 ) ;
#1804 = LINE ( 'NONE', #67, #5521 ) ;
#1805 = ORIENTED_EDGE ( 'NONE', *, *, #7047, .F. ) ;
#1806 = CARTESIAN_POINT ( 'NONE',  ( 73.15243468099103552, 20.03231731485910316, 9.600000000000015632 ) ) ;
#1807 = ORIENTED_EDGE ( 'NONE', *, *, #4972, .T. ) ;
#1808 = VERTEX_POINT ( 'NONE', #6976 ) ;
#1809 = EDGE_CURVE ( 'NONE', #6154, #6177, #7009, .T. ) ;
#1810 = PLANE ( 'NONE',  #3073 ) ;
#1811 = CARTESIAN_POINT ( 'NONE',  ( 12.01402484566508733, 10.59981128563069674, 4.000000000000000000 ) ) ;
#1812 = LINE ( 'NONE', #1208, #1623 ) ;
#1813 = EDGE_LOOP ( 'NONE', ( #3187, #1170, #320, #6121 ) ) ;
#1814 = EDGE_LOOP ( 'NONE', ( #844, #2149, #3204, #3152 ) ) ;
#1815 = VECTOR ( 'NONE', #2171, 1000.000000000000000 ) ;
#1816 = ADVANCED_FACE ( 'NONE', ( #30 ), #3004, .T. ) ;
#1817 = PLANE ( 'NONE',  #1182 ) ;
#1818 = EDGE_CURVE ( 'NONE', #3426, #3099, #1804, .T. ) ;
#1819 = CARTESIAN_POINT ( 'NONE',  ( 79.97474980950003953, 10.50829548434902350, 9.600000000000026290 ) ) ;
#1820 = ADVANCED_FACE ( 'NONE', ( #709 ), #6518, .T. ) ;
#1821 = AXIS2_PLACEMENT_3D ( 'NONE', #1085, #3349, #5119 ) ;
#1822 = LINE ( 'NONE', #2859, #5300 ) ;
#1823 = VERTEX_POINT ( 'NONE', #3467 ) ;
#1824 = ORIENTED_EDGE ( 'NONE', *, *, #6861, .F. ) ;
#1825 = CARTESIAN_POINT ( 'NONE',  ( 7.638803657608024267, 56.44252476504900073, 9.599999999999996092 ) ) ;
#1826 = EDGE_CURVE ( 'NONE', #2902, #6139, #5311, .T. ) ;
#1827 = CARTESIAN_POINT ( 'NONE',  ( 75.28521151273305634, 11.32608355361834995, 12.34299364273669575 ) ) ;
#1828 = PLANE ( 'NONE',  #4555 ) ;
#1830 = DIRECTION ( 'NONE',  ( -0.7071067811865556774, 0.000000000000000000, 0.7071067811865393571 ) ) ;
#1829 = CARTESIAN_POINT ( 'NONE',  ( 15.40376155339789221, 23.35317541498461225, 9.600000000000015632 ) ) ;
#1831 = LINE ( 'NONE', #5306, #2206 ) ;
#1832 = CARTESIAN_POINT ( 'NONE',  ( 76.16692151384303600, 8.415085090169998949, 9.600000000000019185 ) ) ;
#1833 = ORIENTED_EDGE ( 'NONE', *, *, #3125, .F. ) ;
#1834 = AXIS2_PLACEMENT_3D ( 'NONE', #3151, #3117, #7236 ) ;
#1835 = CARTESIAN_POINT ( 'NONE',  ( 0.000000000000000000, 34.48980021391637507, 1.000000000000000888 ) ) ;
#1836 = ORIENTED_EDGE ( 'NONE', *, *, #3615, .T. ) ;
#1837 = CARTESIAN_POINT ( 'NONE',  ( 7.238803657608025688, 56.44252476504900073, 1.000000000000000888 ) ) ;
#1838 = PLANE ( 'NONE',  #2635 ) ;
#1839 = ORIENTED_EDGE ( 'NONE', *, *, #3042, .T. ) ;
#1840 = CARTESIAN_POINT ( 'NONE',  ( 79.97474980950003953, 10.50829548434902350, 1.400000000000012346 ) ) ;
#1841 = AXIS2_PLACEMENT_3D ( 'NONE', #562, #4699, #704 ) ;
#1842 = ORIENTED_EDGE ( 'NONE', *, *, #6116, .F. ) ;
#1843 = EDGE_LOOP ( 'NONE', ( #1055, #1585, #1218, #7349, #5180 ) ) ;
#1844 = VECTOR ( 'NONE', #6904, 1000.000000000000000 ) ;
#1845 = DIRECTION ( 'NONE',  ( 6.369488388617202940E-16, -1.000000000000000000, 0.000000000000000000 ) ) ;
#1846 = CARTESIAN_POINT ( 'NONE',  ( 58.23157658086555699, 31.75317541498461082, 5.999999999999987566 ) ) ;
#1847 = LINE ( 'NONE', #4753, #5273 ) ;
#1848 = EDGE_CURVE ( 'NONE', #5079, #4107, #180, .T. ) ;
#1849 = VERTEX_POINT ( 'NONE', #4741 ) ;
#1850 = ORIENTED_EDGE ( 'NONE', *, *, #2267, .T. ) ;
#1851 = CARTESIAN_POINT ( 'NONE',  ( 36.03180065388673370, 44.29286487643512515, 4.000000000000000000 ) ) ;
#1852 = LINE ( 'NONE', #201, #1141 ) ;
#1853 = VECTOR ( 'NONE', #108, 1000.000000000000114 ) ;
#1854 = EDGE_CURVE ( 'NONE', #3603, #5667, #3533, .T. ) ;
#1855 = CARTESIAN_POINT ( 'NONE',  ( 40.83180065388673796, 43.69286487643512373, 3.399999999999983036 ) ) ;
#1856 = VERTEX_POINT ( 'NONE', #4069 ) ;
#1857 = VERTEX_POINT ( 'NONE', #4778 ) ;
#1858 = ADVANCED_FACE ( 'NONE', ( #7044 ), #5809, .F. ) ;
#1859 = VECTOR ( 'NONE', #373, 1000.000000000000114 ) ;
#1860 = EDGE_CURVE ( 'NONE', #5989, #7358, #3502, .T. ) ;
#1861 = PLANE ( 'NONE',  #6365 ) ;
#1862 = LINE ( 'NONE', #5981, #1068 ) ;
#1863 = FACE_OUTER_BOUND ( 'NONE', #1843, .T. ) ;
#1864 = AXIS2_PLACEMENT_3D ( 'NONE', #3175, #6620, #1440 ) ;
#1866 = DIRECTION ( 'NONE',  ( -0.7071067811865474617, -0.7071067811865474617, 0.000000000000000000 ) ) ;
#1865 = LINE ( 'NONE', #5905, #1100 ) ;
#1867 = CARTESIAN_POINT ( 'NONE',  ( 50.49903062459745229, 69.34700756685749923, -0.3968234621491134040 ) ) ;
#1868 = DIRECTION ( 'NONE',  ( -0.8733071337700620829, -0.4871700422915172801, 0.000000000000000000 ) ) ;
#1869 = EDGE_LOOP ( 'NONE', ( #4488, #6888, #3834, #6399 ) ) ;
#1870 = AXIS2_PLACEMENT_3D ( 'NONE', #4478, #7346, #1074 ) ;
#1871 = DIRECTION ( 'NONE',  ( 2.454552982700607282E-14, -0.7071067811865597852, 0.7071067811865352493 ) ) ;
#1872 = ORIENTED_EDGE ( 'NONE', *, *, #4173, .T. ) ;
#1873 = AXIS2_PLACEMENT_3D ( 'NONE', #6193, #3280, #270 ) ;
#1874 = CARTESIAN_POINT ( 'NONE',  ( 16.26968486712803141, 5.000000000000023093, 1.399999999999984590 ) ) ;
#1875 = DIRECTION ( 'NONE',  ( -0.7071067811865475727, 0.000000000000000000, 0.7071067811865475727 ) ) ;
#1876 = DIRECTION ( 'NONE',  ( 0.4999999999999960032, -0.4999999999999955036, 0.7071067811865536790 ) ) ;
#1877 = AXIS2_PLACEMENT_3D ( 'NONE', #6098, #5536, #4583 ) ;
#1878 = ORIENTED_EDGE ( 'NONE', *, *, #4362, .F. ) ;
#1879 = FACE_OUTER_BOUND ( 'NONE', #7218, .T. ) ;
#1880 = ORIENTED_EDGE ( 'NONE', *, *, #2278, .T. ) ;
#1881 = ORIENTED_EDGE ( 'NONE', *, *, #2714, .F. ) ;
#1882 = CARTESIAN_POINT ( 'NONE',  ( 11.67132469877178025, 50.33421759231526948, 5.599999999999988987 ) ) ;
#1883 = CARTESIAN_POINT ( 'NONE',  ( 67.23157658086553568, 23.75317541498462148, 6.399999999999999467 ) ) ;
#1884 = ADVANCED_FACE ( 'NONE', ( #4635 ), #6377, .T. ) ;
#1885 = FACE_OUTER_BOUND ( 'NONE', #3678, .T. ) ;
#1886 = ORIENTED_EDGE ( 'NONE', *, *, #3501, .F. ) ;
#1887 = ORIENTED_EDGE ( 'NONE', *, *, #4037, .F. ) ;
#1888 = CARTESIAN_POINT ( 'NONE',  ( 76.16692151384303600, 8.415085090169998949, 10.00099999999999945 ) ) ;
#1889 = CARTESIAN_POINT ( 'NONE',  ( 4.034609650073476494, 6.592687801449208074, 8.634609650073505449 ) ) ;
#1890 = VECTOR ( 'NONE', #6865, 1000.000000000000000 ) ;
#1891 = VECTOR ( 'NONE', #2079, 1000.000000000000000 ) ;
#1892 = DIRECTION ( 'NONE',  ( -2.200518442539860347E-16, 0.7071067811865536790, 0.7071067811865414665 ) ) ;
#1893 = VERTEX_POINT ( 'NONE', #4704 ) ;
#1894 = EDGE_LOOP ( 'NONE', ( #1272, #3928, #1775, #16 ) ) ;
#1895 = VECTOR ( 'NONE', #2559, 1000.000000000000114 ) ;
#1896 = FACE_OUTER_BOUND ( 'NONE', #7324, .T. ) ;
#1897 = VECTOR ( 'NONE', #1076, 1000.000000000000000 ) ;
#1898 = PLANE ( 'NONE',  #1672 ) ;
#1899 = CARTESIAN_POINT ( 'NONE',  ( 74.51692151384303031, 8.415085090169998949, 1.000000000000000888 ) ) ;
#1901 = CARTESIAN_POINT ( 'NONE',  ( 12.07195935263212938, 55.33397611666537586, 4.000000000000000000 ) ) ;
#1900 = CARTESIAN_POINT ( 'NONE',  ( 76.16692151384303600, 56.44252476504900073, 1.000000000000000888 ) ) ;
#1902 = CARTESIAN_POINT ( 'NONE',  ( 65.34807733323546586, 41.35871309031685428, 4.399999999999997691 ) ) ;
#1903 = AXIS2_PLACEMENT_3D ( 'NONE', #4288, #6640, #4176 ) ;
#1904 = DIRECTION ( 'NONE',  ( 0.000000000000000000, -1.000000000000000000, 0.000000000000000000 ) ) ;
#1905 = ORIENTED_EDGE ( 'NONE', *, *, #4614, .F. ) ;
#1906 = FACE_OUTER_BOUND ( 'NONE', #6983, .T. ) ;
#1907 = ORIENTED_EDGE ( 'NONE', *, *, #5657, .T. ) ;
#1908 = DIRECTION ( 'NONE',  ( 0.9999999956528772271, -9.324293839476712365E-05, 0.000000000000000000 ) ) ;
#1909 = LINE ( 'NONE', #3645, #2551 ) ;
#1910 = EDGE_CURVE ( 'NONE', #5291, #1533, #6939, .T. ) ;
#1911 = DIRECTION ( 'NONE',  ( -0.000000000000000000, -0.000000000000000000, 1.000000000000000000 ) ) ;
#1912 = ORIENTED_EDGE ( 'NONE', *, *, #6235, .T. ) ;
#1913 = DIRECTION ( 'NONE',  ( 0.000000000000000000, -1.000000000000000000, 0.000000000000000000 ) ) ;
#1914 = VERTEX_POINT ( 'NONE', #673 ) ;
#1915 = EDGE_LOOP ( 'NONE', ( #4067, #2189, #6507, #5875 ) ) ;
#1916 = ORIENTED_EDGE ( 'NONE', *, *, #7314, .T. ) ;
#1917 = EDGE_CURVE ( 'NONE', #2879, #7065, #6846, .T. ) ;
#1918 = VERTEX_POINT ( 'NONE', #5841 ) ;
#1919 = LINE ( 'NONE', #4221, #6218 ) ;
#1920 = ADVANCED_FACE ( 'NONE', ( #6445 ), #1269, .F. ) ;
#1921 = LINE ( 'NONE', #115, #2959 ) ;
#1922 = DIRECTION ( 'NONE',  ( -0.000000000000000000, -0.000000000000000000, -1.000000000000000000 ) ) ;
#1923 = ORIENTED_EDGE ( 'NONE', *, *, #3504, .F. ) ;
#1924 = VERTEX_POINT ( 'NONE', #745 ) ;
#1925 = ADVANCED_FACE ( 'NONE', ( #2971 ), #3041, .T. ) ;
#1926 = CARTESIAN_POINT ( 'NONE',  ( 65.74807733323545733, 45.95871309031685570, 5.600000000000016520 ) ) ;
#1927 = DIRECTION ( 'NONE',  ( -0.000000000000000000, -0.000000000000000000, -1.000000000000000000 ) ) ;
#1928 = EDGE_CURVE ( 'NONE', #2668, #3262, #5542, .T. ) ;
#1929 = AXIS2_PLACEMENT_3D ( 'NONE', #2243, #4549, #1036 ) ;
#1930 = DIRECTION ( 'NONE',  ( -0.7071067811865597852, 2.454552982700607282E-14, 0.7071067811865352493 ) ) ;
#1931 = ORIENTED_EDGE ( 'NONE', *, *, #5214, .F. ) ;
#1932 = PLANE ( 'NONE',  #6480 ) ;
#1933 = VECTOR ( 'NONE', #6438, 1000.000000000000000 ) ;
#1934 = DIRECTION ( 'NONE',  ( -0.7071067811863702701, -0.7071067811867248754, 0.000000000000000000 ) ) ;
#1935 = PLANE ( 'NONE',  #1175 ) ;
#1937 = DIRECTION ( 'NONE',  ( -0.000000000000000000, -0.000000000000000000, -1.000000000000000000 ) ) ;
#1936 = FACE_OUTER_BOUND ( 'NONE', #6656, .T. ) ;
#1938 = LINE ( 'NONE', #5417, #3329 ) ;
#1939 = CARTESIAN_POINT ( 'NONE',  ( 73.34807733323548007, 41.35871309031684007, 5.600000000000016520 ) ) ;
#1940 = ORIENTED_EDGE ( 'NONE', *, *, #4350, .F. ) ;
#1941 = CARTESIAN_POINT ( 'NONE',  ( 65.34807733323546586, 41.35871309031685428, 4.000000000000000000 ) ) ;
#1942 = EDGE_LOOP ( 'NONE', ( #2915, #5060, #1584, #3732 ) ) ;
#1943 = FACE_OUTER_BOUND ( 'NONE', #5142, .T. ) ;
#1944 = ADVANCED_FACE ( 'NONE', ( #3680 ), #2521, .T. ) ;
#1945 = DIRECTION ( 'NONE',  ( -0.5773502691896258421, -0.5773502691896258421, -0.5773502691896258421 ) ) ;
#1946 = EDGE_CURVE ( 'NONE', #6655, #4634, #253, .T. ) ;
#1947 = CARTESIAN_POINT ( 'NONE',  ( 5.871324698771779538, 34.33421759231527659, 6.000000000000000000 ) ) ;
#1948 = CARTESIAN_POINT ( 'NONE',  ( 72.94807733323547438, 40.95871309031685570, 5.000000000000000000 ) ) ;
#1949 = EDGE_LOOP ( 'NONE', ( #6000, #3539, #5987, #3410 ) ) ;
#1950 = LINE ( 'NONE', #145, #3541 ) ;
#1951 = CARTESIAN_POINT ( 'NONE',  ( 18.21060500309819474, 31.08592075184099457, 4.000000000000000000 ) ) ;
#1952 = ORIENTED_EDGE ( 'NONE', *, *, #1586, .T. ) ;
#1953 = ORIENTED_EDGE ( 'NONE', *, *, #5000, .T. ) ;
#1954 = ADVANCED_FACE ( 'NONE', ( #1943 ), #3644, .T. ) ;
#1955 = EDGE_LOOP ( 'NONE', ( #4684, #1275, #7064, #644 ) ) ;
#1956 = ADVANCED_FACE ( 'NONE', ( #6638 ), #2062, .T. ) ;
#1957 = EDGE_CURVE ( 'NONE', #873, #3703, #6028, .T. ) ;
#1958 = ORIENTED_EDGE ( 'NONE', *, *, #409, .T. ) ;
#1959 = DIRECTION ( 'NONE',  ( 0.7071067811865541231, 8.659560562355014209E-17, -0.7071067811865409114 ) ) ;
#1960 = DIRECTION ( 'NONE',  ( -0.7071067811865453523, 0.7071067811865497932, 0.000000000000000000 ) ) ;
#1961 = DIRECTION ( 'NONE',  ( 0.000000000000000000, -1.000000000000000000, 0.000000000000000000 ) ) ;
#1962 = VERTEX_POINT ( 'NONE', #7199 ) ;
#1963 = ORIENTED_EDGE ( 'NONE', *, *, #3291, .F. ) ;
#1964 = EDGE_CURVE ( 'NONE', #1571, #5344, #893, .T. ) ;
#1965 = AXIS2_PLACEMENT_3D ( 'NONE', #2585, #1411, #3712 ) ;
#1966 = CARTESIAN_POINT ( 'NONE',  ( 67.23157658086553568, 32.15317541498462361, 4.000000000000000000 ) ) ;
#1967 = CARTESIAN_POINT ( 'NONE',  ( 77.81692151384304168, 8.415085090169998949, 1.000000000000000888 ) ) ;
#1968 = DIRECTION ( 'NONE',  ( -0.000000000000000000, -0.000000000000000000, 1.000000000000000000 ) ) ;
#1969 = ORIENTED_EDGE ( 'NONE', *, *, #160, .T. ) ;
#1970 = DIRECTION ( 'NONE',  ( 1.000000000000000000, 0.000000000000000000, 0.000000000000000000 ) ) ;
#1971 = CARTESIAN_POINT ( 'NONE',  ( 37.03180065388674791, 39.09286487643514363, 1.000000000000000888 ) ) ;
#1972 = CARTESIAN_POINT ( 'NONE',  ( 19.01060500309820256, 25.08592075184101233, 1.000000000000000888 ) ) ;
#1973 = VECTOR ( 'NONE', #7435, 999.9999999999998863 ) ;
#1975 = CARTESIAN_POINT ( 'NONE',  ( 5.537498835341490455, 7.215204884731271306, 0.8625011646585382108 ) ) ;
#1974 = CARTESIAN_POINT ( 'NONE',  ( 25.52610449534172687, 52.77490806565516834, 4.400000000000011902 ) ) ;
#1976 = AXIS2_PLACEMENT_3D ( 'NONE', #4613, #6918, #80 ) ;
#1977 = PLANE ( 'NONE',  #1646 ) ;
#1978 = CARTESIAN_POINT ( 'NONE',  ( 0.000000000000000000, 59.97470916941908570, 4.000000000000000000 ) ) ;
#1979 = ORIENTED_EDGE ( 'NONE', *, *, #4227, .F. ) ;
#1980 = FACE_OUTER_BOUND ( 'NONE', #3513, .T. ) ;
#1981 = VERTEX_POINT ( 'NONE', #4894 ) ;
#1982 = EDGE_CURVE ( 'NONE', #2455, #6389, #2669, .T. ) ;
#1983 = AXIS2_PLACEMENT_3D ( 'NONE', #5427, #4977, #2640 ) ;
#1984 = DIRECTION ( 'NONE',  ( 0.7071067811865352493, 0.000000000000000000, 0.7071067811865597852 ) ) ;
#1985 = DIRECTION ( 'NONE',  ( -1.000000000000000000, 1.652117596168386770E-15, 0.000000000000000000 ) ) ;
#1986 = FACE_OUTER_BOUND ( 'NONE', #6982, .T. ) ;
#1987 = FACE_OUTER_BOUND ( 'NONE', #2939, .T. ) ;
#1988 = LINE ( 'NONE', #3763, #1489 ) ;
#1989 = ORIENTED_EDGE ( 'NONE', *, *, #5937, .F. ) ;
#1990 = PLANE ( 'NONE',  #6446 ) ;
#1991 = LINE ( 'NONE', #2601, #3583 ) ;
#1992 = ORIENTED_EDGE ( 'NONE', *, *, #1669, .F. ) ;
#1993 = VECTOR ( 'NONE', #4061, 1000.000000000000114 ) ;
#1994 = EDGE_LOOP ( 'NONE', ( #7331, #4383, #5740, #6532 ) ) ;
#1995 = EDGE_LOOP ( 'NONE', ( #7334, #1383, #2248, #6340 ) ) ;
#1996 = AXIS2_PLACEMENT_3D ( 'NONE', #1226, #3529, #5835 ) ;
#1997 = VECTOR ( 'NONE', #6082, 1000.000000000000000 ) ;
#1998 = ORIENTED_EDGE ( 'NONE', *, *, #6429, .T. ) ;
#1999 = EDGE_CURVE ( 'NONE', #6927, #3643, #368, .T. ) ;
#2000 = PLANE ( 'NONE',  #678 ) ;
#2001 = VECTOR ( 'NONE', #4885, 1000.000000000000114 ) ;
#2002 = DIRECTION ( 'NONE',  ( 0.000000000000000000, 0.7071067811865352493, -0.7071067811865597852 ) ) ;
#2003 = ORIENTED_EDGE ( 'NONE', *, *, #953, .F. ) ;
#2004 = ORIENTED_EDGE ( 'NONE', *, *, #1917, .T. ) ;
#2005 = DIRECTION ( 'NONE',  ( 0.7071067781126636476, -6.593271403669896766E-05, 0.7071067811865514585 ) ) ;
#2006 = EDGE_CURVE ( 'NONE', #5944, #874, #5990, .T. ) ;
#2007 = CARTESIAN_POINT ( 'NONE',  ( 11.02407535317323273, 11.02407535317331622, 1.000000000000000888 ) ) ;
#2008 = DIRECTION ( 'NONE',  ( 0.7071067811865352493, -0.7071067811865597852, 0.000000000000000000 ) ) ;
#2009 = ORIENTED_EDGE ( 'NONE', *, *, #1362, .T. ) ;
#2010 = DIRECTION ( 'NONE',  ( 0.7071067811865352493, 0.000000000000000000, -0.7071067811865597852 ) ) ;
#2011 = VECTOR ( 'NONE', #621, 1000.000000000000114 ) ;
#2012 = VECTOR ( 'NONE', #1230, 1000.000000000000000 ) ;
#2013 = CARTESIAN_POINT ( 'NONE',  ( 78.03203064794003296, 52.35311032234201889, 9.600000000000013856 ) ) ;
#2014 = CARTESIAN_POINT ( 'NONE',  ( 46.54653210253799500, 29.28980021391639710, 1.000000000000000888 ) ) ;
#2016 = CARTESIAN_POINT ( 'NONE',  ( 11.01402484566505890, 5.000000000000023093, 10.00099999999999945 ) ) ;
#2015 = DIRECTION ( 'NONE',  ( 0.000000000000000000, 0.000000000000000000, 1.000000000000000000 ) ) ;
#2017 = EDGE_CURVE ( 'NONE', #3340, #3078, #3119, .T. ) ;
#2018 = CARTESIAN_POINT ( 'NONE',  ( 65.74807733323545733, 40.95871309031685570, 5.600000000000016520 ) ) ;
#2019 = ADVANCED_FACE ( 'NONE', ( #2099 ), #4405, .T. ) ;
#2020 = DIRECTION ( 'NONE',  ( 0.7071067811865597852, 0.7071067811865352493, 6.409875621278103553E-17 ) ) ;
#2021 = ORIENTED_EDGE ( 'NONE', *, *, #2516, .F. ) ;
#2022 = LINE ( 'NONE', #1941, #2078 ) ;
#2023 = ORIENTED_EDGE ( 'NONE', *, *, #3698, .T. ) ;
#2024 = VECTOR ( 'NONE', #2838, 1000.000000000000114 ) ;
#2025 = CARTESIAN_POINT ( 'NONE',  ( 53.48264078761654616, 52.37490806565516266, 4.000000000000000000 ) ) ;
#2026 = LINE ( 'NONE', #7201, #4195 ) ;
#2027 = DIRECTION ( 'NONE',  ( 0.7071067811865502373, -0.7071067811865449082, 0.000000000000000000 ) ) ;
#2028 = COLOUR_RGB ( '',0.7921568627450980005, 0.8196078431372548767, 0.9333333333333333481 ) ;
#2029 = DIRECTION ( 'NONE',  ( 0.7070197385735585982, -0.7071938130861842309, 0.000000000000000000 ) ) ;
#2030 = VERTEX_POINT ( 'NONE', #857 ) ;
#2031 = CARTESIAN_POINT ( 'NONE',  ( 39.16513398722009498, 40.35953154310175961, 1.733333333333304749 ) ) ;
#2032 = DIRECTION ( 'NONE',  ( 0.000000000000000000, -0.7071067811865414665, 0.7071067811865536790 ) ) ;
#2033 = ORIENTED_EDGE ( 'NONE', *, *, #4078, .F. ) ;
#2034 = EDGE_LOOP ( 'NONE', ( #5031, #7284, #7140, #1588 ) ) ;
#2035 = VERTEX_POINT ( 'NONE', #1497 ) ;
#2036 = ORIENTED_EDGE ( 'NONE', *, *, #35, .T. ) ;
#2037 = CARTESIAN_POINT ( 'NONE',  ( 41.42884860408194214, 23.35317541498460159, 4.000000000000000000 ) ) ;
#2038 = DIRECTION ( 'NONE',  ( 0.000000000000000000, -0.7071067811865475727, -0.7071067811865475727 ) ) ;
#2039 = VERTEX_POINT ( 'NONE', #3153 ) ;
#2040 = ORIENTED_EDGE ( 'NONE', *, *, #6661, .F. ) ;
#2041 = EDGE_CURVE ( 'NONE', #3402, #6753, #5381, .T. ) ;
#2042 = LINE ( 'NONE', #1523, #6610 ) ;
#2043 = EDGE_CURVE ( 'NONE', #3938, #4652, #4969, .T. ) ;
#2044 = AXIS2_PLACEMENT_3D ( 'NONE', #1289, #239, #5932 ) ;
#2045 = LINE ( 'NONE', #841, #5002 ) ;
#2046 = CARTESIAN_POINT ( 'NONE',  ( 19.70402558066622944, 12.97141967856835265, -0.7817557364158799205 ) ) ;
#2047 = EDGE_LOOP ( 'NONE', ( #4158, #3739, #1729, #5127 ) ) ;
#2048 = EDGE_CURVE ( 'NONE', #378, #4929, #2636, .T. ) ;
#2049 = EDGE_CURVE ( 'NONE', #236, #6910, #6676, .T. ) ;
#2050 = CARTESIAN_POINT ( 'NONE',  ( 0.000000000000000000, 25.08592075184101233, 1.000000000000000888 ) ) ;
#2051 = ADVANCED_FACE ( 'NONE', ( #6106 ), #7271, .T. ) ;
#2052 = CARTESIAN_POINT ( 'NONE',  ( 40.83180065388673796, 43.69286487643512373, 3.399999999999983036 ) ) ;
#2053 = CARTESIAN_POINT ( 'NONE',  ( 11.67132469877178025, 50.33421759231526948, 4.400000000000011902 ) ) ;
#2054 = AXIS2_PLACEMENT_3D ( 'NONE', #5823, #5258, #4088 ) ;
#2056 = DIRECTION ( 'NONE',  ( -0.000000000000000000, -0.000000000000000000, -1.000000000000000000 ) ) ;
#2055 = DIRECTION ( 'NONE',  ( -0.6686102372592540588, 0.3254546070717817541, -0.6686102372592540588 ) ) ;
#2057 = LINE ( 'NONE', #4358, #7089 ) ;
#2058 = DIRECTION ( 'NONE',  ( 0.000000000000000000, 1.000000000000000000, 0.000000000000000000 ) ) ;
#2059 = VERTEX_POINT ( 'NONE', #2176 ) ;
#2060 = CARTESIAN_POINT ( 'NONE',  ( 15.40376155339789221, 23.35317541498461225, 9.600000000000015632 ) ) ;
#2061 = ORIENTED_EDGE ( 'NONE', *, *, #4893, .F. ) ;
#2062 = PLANE ( 'NONE',  #6126 ) ;
#2063 = AXIS2_PLACEMENT_3D ( 'NONE', #21, #6404, #6903 ) ;
#2064 = ADVANCED_FACE ( 'NONE', ( #1649 ), #6339, .F. ) ;
#2065 = ADVANCED_FACE ( 'NONE', ( #6178 ), #3303, .T. ) ;
#2066 = CARTESIAN_POINT ( 'NONE',  ( 79.57474980949956489, 57.81645816709675501, 10.00000000000000000 ) ) ;
#2067 = DIRECTION ( 'NONE',  ( -0.7071067811865479058, -0.7071067811865471286, 0.000000000000000000 ) ) ;
#2068 = ADVANCED_FACE ( 'NONE', ( #5113 ), #4483, .F. ) ;
#2069 = FACE_OUTER_BOUND ( 'NONE', #5674, .T. ) ;
#2070 = ORIENTED_EDGE ( 'NONE', *, *, #6037, .F. ) ;
#2071 = DIRECTION ( 'NONE',  ( -0.000000000000000000, -0.000000000000000000, -1.000000000000000000 ) ) ;
#2072 = CARTESIAN_POINT ( 'NONE',  ( 75.02984732797570189, 0.000000000000000000, 4.000000000000000000 ) ) ;
#2073 = ORIENTED_EDGE ( 'NONE', *, *, #1689, .T. ) ;
#2074 = ORIENTED_EDGE ( 'NONE', *, *, #2152, .T. ) ;
#2075 = ORIENTED_EDGE ( 'NONE', *, *, #5282, .T. ) ;
#2076 = ORIENTED_EDGE ( 'NONE', *, *, #2541, .T. ) ;
#2077 = LINE ( 'NONE', #2609, #3679 ) ;
#2078 = VECTOR ( 'NONE', #5421, 1000.000000000000000 ) ;
#2079 = DIRECTION ( 'NONE',  ( -0.000000000000000000, -0.000000000000000000, -1.000000000000000000 ) ) ;
#2080 = ORIENTED_EDGE ( 'NONE', *, *, #389, .T. ) ;
#2081 = ORIENTED_EDGE ( 'NONE', *, *, #1007, .T. ) ;
#2082 = CARTESIAN_POINT ( 'NONE',  ( 40.83180065388673796, 43.69286487643512373, -6.830045703262805468 ) ) ;
#2083 = FACE_OUTER_BOUND ( 'NONE', #4588, .T. ) ;
#2084 = EDGE_CURVE ( 'NONE', #5703, #670, #5080, .T. ) ;
#2085 = CARTESIAN_POINT ( 'NONE',  ( 0.000000000000000000, 0.000000000000000000, 6.399999999999999467 ) ) ;
#2086 = VERTEX_POINT ( 'NONE', #1114 ) ;
#2087 = CARTESIAN_POINT ( 'NONE',  ( 55.42884860408194214, 26.75317541498458951, 9.600000000000017408 ) ) ;
#2088 = DIRECTION ( 'NONE',  ( -1.000000000000000000, 0.000000000000000000, 0.000000000000000000 ) ) ;
#2089 = CARTESIAN_POINT ( 'NONE',  ( 74.91692151384303600, 56.44252476504900073, 9.600000000000019185 ) ) ;
#2090 = VECTOR ( 'NONE', #5732, 1000.000000000000000 ) ;
#2091 = DIRECTION ( 'NONE',  ( -1.000000000000000000, 0.000000000000000000, 0.000000000000000000 ) ) ;
#2092 = EDGE_CURVE ( 'NONE', #2564, #930, #5687, .T. ) ;
#2093 = PLANE ( 'NONE',  #4888 ) ;
#2094 = ORIENTED_EDGE ( 'NONE', *, *, #5324, .T. ) ;
#2095 = CARTESIAN_POINT ( 'NONE',  ( 59.77578496594467339, 35.63617221234400034, 1.400000000000012346 ) ) ;
#2096 = ORIENTED_EDGE ( 'NONE', *, *, #2236, .T. ) ;
#2097 = ORIENTED_EDGE ( 'NONE', *, *, #3752, .F. ) ;
#2098 = ADVANCED_FACE ( 'NONE', ( #4449 ), #483, .F. ) ;
#2099 = FACE_OUTER_BOUND ( 'NONE', #7328, .T. ) ;
#2100 = VECTOR ( 'NONE', #2885, 1000.000000000000000 ) ;
#2101 = CARTESIAN_POINT ( 'NONE',  ( 75.02984732797570189, 13.93771831048098697, 4.000000000000000000 ) ) ;
#2102 = DIRECTION ( 'NONE',  ( -0.7071067811865502373, 0.7071067811865449082, 0.000000000000000000 ) ) ;
#2104 = LINE ( 'NONE', #7203, #4526 ) ;
#2103 = CARTESIAN_POINT ( 'NONE',  ( 5.400000000000900968, 54.18234984291817824, 10.00000000000000000 ) ) ;
#2105 = ORIENTED_EDGE ( 'NONE', *, *, #1759, .F. ) ;
#2106 = DIRECTION ( 'NONE',  ( 1.000000000000000000, 0.000000000000000000, 0.000000000000000000 ) ) ;
#2107 = DIRECTION ( 'NONE',  ( -0.6168958546732717929, 0.7870447919190708408, 0.000000000000000000 ) ) ;
#2108 = ORIENTED_EDGE ( 'NONE', *, *, #1607, .F. ) ;
#2109 = ORIENTED_EDGE ( 'NONE', *, *, #90, .F. ) ;
#2110 = ORIENTED_EDGE ( 'NONE', *, *, #6863, .F. ) ;
#2111 = VECTOR ( 'NONE', #3553, 1000.000000000000114 ) ;
#2112 = VECTOR ( 'NONE', #4365, 1000.000000000000000 ) ;
#2113 = EDGE_LOOP ( 'NONE', ( #1558, #605, #515, #119 ) ) ;
#2114 = CARTESIAN_POINT ( 'NONE',  ( 45.06620478199094038, 44.94473536320226970, 1.000000000000000888 ) ) ;
#2115 = AXIS2_PLACEMENT_3D ( 'NONE', #6457, #1279, #6718 ) ;
#2116 = VERTEX_POINT ( 'NONE', #6216 ) ;
#2118 = CARTESIAN_POINT ( 'NONE',  ( 46.94653210253800779, 0.000000000000000000, 3.600000000000002309 ) ) ;
#2117 = VECTOR ( 'NONE', #2172, 1000.000000000000000 ) ;
#2119 = ORIENTED_EDGE ( 'NONE', *, *, #1826, .F. ) ;
#2120 = VECTOR ( 'NONE', #6534, 1000.000000000000000 ) ;
#2121 = ORIENTED_EDGE ( 'NONE', *, *, #5934, .F. ) ;
#2122 = DIRECTION ( 'NONE',  ( -0.000000000000000000, -0.000000000000000000, -1.000000000000000000 ) ) ;
#2123 = DIRECTION ( 'NONE',  ( -0.000000000000000000, 0.000000000000000000, -1.000000000000000000 ) ) ;
#2124 = VECTOR ( 'NONE', #3748, 1000.000000000000000 ) ;
#2125 = CARTESIAN_POINT ( 'NONE',  ( 54.61482092964090640, 59.34967741935614782, 5.599999999999988987 ) ) ;
#2126 = ORIENTED_EDGE ( 'NONE', *, *, #5247, .F. ) ;
#2127 = CARTESIAN_POINT ( 'NONE',  ( 46.94653210253800779, 34.88980021391638076, 3.600000000000002309 ) ) ;
#2128 = DIRECTION ( 'NONE',  ( -1.000000000000000000, 0.000000000000000000, 0.000000000000000000 ) ) ;
#2129 = DIRECTION ( 'NONE',  ( -0.5773502691896257311, -0.5773502691896257311, -0.5773502691896257311 ) ) ;
#2130 = CARTESIAN_POINT ( 'NONE',  ( 11.67132469877177670, 34.73421759231527517, 5.599999999999988987 ) ) ;
#2131 = DIRECTION ( 'NONE',  ( 0.7071067811865474617, -0.7071067811865474617, 0.000000000000000000 ) ) ;
#2132 = ORIENTED_EDGE ( 'NONE', *, *, #7360, .T. ) ;
#2133 = LINE ( 'NONE', #2667, #6130 ) ;
#2134 = VERTEX_POINT ( 'NONE', #518 ) ;
#2135 = ORIENTED_EDGE ( 'NONE', *, *, #1431, .T. ) ;
#2136 = CARTESIAN_POINT ( 'NONE',  ( 5.875044450089791148, 53.13706121412302252, 4.000000000000000000 ) ) ;
#2137 = DIRECTION ( 'NONE',  ( 1.000000000000000000, 0.000000000000000000, 0.000000000000000000 ) ) ;
#2138 = DIRECTION ( 'NONE',  ( -0.000000000000000000, 1.000000000000000000, 0.000000000000000000 ) ) ;
#2139 = CARTESIAN_POINT ( 'NONE',  ( 59.17578496594466486, 41.21884720954800940, 4.000000000000000000 ) ) ;
#2141 = DIRECTION ( 'NONE',  ( -0.000000000000000000, -0.000000000000000000, -1.000000000000000000 ) ) ;
#2140 = CARTESIAN_POINT ( 'NONE',  ( 59.77578496594467339, 40.61884720954800088, 2.000000000000000000 ) ) ;
#2142 = DIRECTION ( 'NONE',  ( 0.5773502691896257311, 0.5773502691896257311, 0.5773502691896257311 ) ) ;
#2143 = VECTOR ( 'NONE', #6998, 1000.000000000000000 ) ;
#2144 = LINE ( 'NONE', #564, #3444 ) ;
#2145 = VECTOR ( 'NONE', #3393, 1000.000000000000000 ) ;
#2146 = CARTESIAN_POINT ( 'NONE',  ( 10.13880365760802427, 8.415085090169998949, 10.00099999999999945 ) ) ;
#2147 = ORIENTED_EDGE ( 'NONE', *, *, #5182, .F. ) ;
#2148 = ORIENTED_EDGE ( 'NONE', *, *, #3286, .T. ) ;
#2149 = ORIENTED_EDGE ( 'NONE', *, *, #4479, .F. ) ;
#2150 = ADVANCED_FACE ( 'NONE', ( #3875 ), #5648, .T. ) ;
#2151 = VECTOR ( 'NONE', #4721, 1000.000000000000000 ) ;
#2152 = EDGE_CURVE ( 'NONE', #6938, #6616, #4554, .T. ) ;
#2153 = AXIS2_PLACEMENT_3D ( 'NONE', #7348, #6291, #3906 ) ;
#2154 = VERTEX_POINT ( 'NONE', #3986 ) ;
#2155 = LINE ( 'NONE', #4464, #7302 ) ;
#2156 = VECTOR ( 'NONE', #169, 1000.000000000000000 ) ;
#2157 = EDGE_LOOP ( 'NONE', ( #2589, #529, #499, #388 ) ) ;
#2158 = AXIS2_PLACEMENT_3D ( 'NONE', #4458, #1580, #3886 ) ;
#2159 = VERTEX_POINT ( 'NONE', #1043 ) ;
#2160 = ORIENTED_EDGE ( 'NONE', *, *, #2843, .T. ) ;
#2161 = EDGE_CURVE ( 'NONE', #1823, #6085, #3343, .T. ) ;
#2162 = CARTESIAN_POINT ( 'NONE',  ( 65.34807733323546586, 41.35871309031685428, 6.000000000000000000 ) ) ;
#2163 = DIRECTION ( 'NONE',  ( 0.000000000000000000, 0.7071067811865352493, 0.7071067811865597852 ) ) ;
#2164 = EDGE_CURVE ( 'NONE', #803, #2039, #1626, .T. ) ;
#2165 = FACE_OUTER_BOUND ( 'NONE', #1536, .T. ) ;
#2166 = ORIENTED_EDGE ( 'NONE', *, *, #2092, .F. ) ;
#2167 = LINE ( 'NONE', #1597, #6958 ) ;
#2168 = CARTESIAN_POINT ( 'NONE',  ( 0.000000000000000000, 30.68592075184099599, 1.400000000000012346 ) ) ;
#2169 = DIRECTION ( 'NONE',  ( -0.7071067811865472397, -0.7071067811865479058, 0.000000000000000000 ) ) ;
#2170 = EDGE_CURVE ( 'NONE', #7386, #6254, #2211, .T. ) ;
#2171 = DIRECTION ( 'NONE',  ( 2.168404344971008868E-16, 1.000000000000000000, 0.000000000000000000 ) ) ;
#2172 = DIRECTION ( 'NONE',  ( -0.000000000000000000, -0.000000000000000000, 1.000000000000000000 ) ) ;
#2173 = VERTEX_POINT ( 'NONE', #1079 ) ;
#2174 = DIRECTION ( 'NONE',  ( 0.2810846377148002451, -0.6785983445458512175, 0.6785983445458512175 ) ) ;
#2175 = ORIENTED_EDGE ( 'NONE', *, *, #2161, .T. ) ;
#2176 = CARTESIAN_POINT ( 'NONE',  ( 12.07195935263212760, 59.97470916941908570, 4.000000000000000000 ) ) ;
#2177 =( LENGTH_UNIT ( ) NAMED_UNIT ( * ) SI_UNIT ( .MILLI., .METRE. ) );
#2178 = CARTESIAN_POINT ( 'NONE',  ( 0.000000000000000000, 24.28592075184100096, 4.000000000000000000 ) ) ;
#2180 = LINE ( 'NONE', #6867, #4506 ) ;
#2179 = DIRECTION ( 'NONE',  ( -9.324293839476711010E-05, -0.9999999956528771161, 0.000000000000000000 ) ) ;
#2181 = ORIENTED_EDGE ( 'NONE', *, *, #6271, .T. ) ;
#2182 = DIRECTION ( 'NONE',  ( 0.000000000000000000, -0.7071067811865475727, -0.7071067811865475727 ) ) ;
#2183 = EDGE_CURVE ( 'NONE', #6819, #310, #7458, .T. ) ;
#2184 = CARTESIAN_POINT ( 'NONE',  ( 5.875044450089777825, 53.13706121412302252, 1.399999999999998579 ) ) ;
#2185 = ORIENTED_EDGE ( 'NONE', *, *, #1306, .T. ) ;
#2186 = CIRCLE ( 'NONE', #1458, 1.649999999999998579 ) ;
#2187 = ORIENTED_EDGE ( 'NONE', *, *, #309, .F. ) ;
#2188 = ORIENTED_EDGE ( 'NONE', *, *, #3704, .F. ) ;
#2189 = ORIENTED_EDGE ( 'NONE', *, *, #2287, .T. ) ;
#2190 = FACE_OUTER_BOUND ( 'NONE', #1126, .T. ) ;
#2191 = ADVANCED_FACE ( 'NONE', ( #1537 ), #2465, .F. ) ;
#2192 = AXIS2_PLACEMENT_3D ( 'NONE', #3877, #2704, #2137 ) ;
#2193 = VERTEX_POINT ( 'NONE', #3837 ) ;
#2194 = EDGE_CURVE ( 'NONE', #81, #1098, #6143, .T. ) ;
#2195 = EDGE_CURVE ( 'NONE', #1052, #3647, #2703, .T. ) ;
#2196 = PLANE ( 'NONE',  #7448 ) ;
#2197 = CARTESIAN_POINT ( 'NONE',  ( 8.888803657608024267, 56.44252476504900073, 10.00000000000000000 ) ) ;
#2198 = DIRECTION ( 'NONE',  ( 0.000000000000000000, -0.7071067811865556774, 0.7071067811865393571 ) ) ;
#2199 = EDGE_CURVE ( 'NONE', #3703, #5697, #1719, .T. ) ;
#2200 = PLANE ( 'NONE',  #5352 ) ;
#2201 = ORIENTED_EDGE ( 'NONE', *, *, #1928, .F. ) ;
#2202 = DIRECTION ( 'NONE',  ( 0.6787005645107075935, 0.2805906047352507149, 0.6787005645107075935 ) ) ;
#2203 = CARTESIAN_POINT ( 'NONE',  ( 7.638803657608024267, 56.44252476504900073, 10.00099999999999945 ) ) ;
#2204 = DIRECTION ( 'NONE',  ( -0.4999999999999930056, -0.4999999999999967804, 0.7071067811865547892 ) ) ;
#2205 = CARTESIAN_POINT ( 'NONE',  ( 8.888803657608024267, 8.415085090169998949, 9.600000000000022737 ) ) ;
#2206 = VECTOR ( 'NONE', #136, 1000.000000000000000 ) ;
#2207 = CARTESIAN_POINT ( 'NONE',  ( 79.57474980949956489, 57.81645816709676211, 1.000000000000000888 ) ) ;
#2208 = ORIENTED_EDGE ( 'NONE', *, *, #5676, .T. ) ;
#2209 = CARTESIAN_POINT ( 'NONE',  ( 12.07195935263212760, 59.97470916941908570, 1.399999999999998579 ) ) ;
#2210 = ORIENTED_EDGE ( 'NONE', *, *, #4500, .T. ) ;
#2211 = LINE ( 'NONE', #4517, #547 ) ;
#2212 = VECTOR ( 'NONE', #59, 1000.000000000000114 ) ;
#2213 = CARTESIAN_POINT ( 'NONE',  ( 68.03157658086556125, 31.75317541498461082, 4.000000000000000000 ) ) ;
#2214 = FACE_OUTER_BOUND ( 'NONE', #1915, .T. ) ;
#2216 = CARTESIAN_POINT ( 'NONE',  ( 77.81692151384304168, 8.415085090169998949, 1.000000000000000888 ) ) ;
#2215 = DIRECTION ( 'NONE',  ( 0.7071067811865475727, 0.000000000000000000, -0.7071067811865475727 ) ) ;
#2217 = VERTEX_POINT ( 'NONE', #3457 ) ;
#2218 = EDGE_CURVE ( 'NONE', #760, #862, #4589, .T. ) ;
#2219 = CARTESIAN_POINT ( 'NONE',  ( 77.41692151384303600, 8.415085090169998949, 9.600000000000019185 ) ) ;
#2220 = EDGE_CURVE ( 'NONE', #3810, #1325, #5192, .T. ) ;
#2221 = LINE ( 'NONE', #4566, #3367 ) ;
#2222 = ORIENTED_EDGE ( 'NONE', *, *, #4906, .T. ) ;
#2223 = ORIENTED_EDGE ( 'NONE', *, *, #1454, .F. ) ;
#2224 = EDGE_LOOP ( 'NONE', ( #4821, #7234, #2003, #793 ) ) ;
#2225 = AXIS2_PLACEMENT_3D ( 'NONE', #6489, #3046, #5350 ) ;
#2226 = CARTESIAN_POINT ( 'NONE',  ( 41.42884860408194214, 23.35317541498460159, 9.600000000000015632 ) ) ;
#2227 = VECTOR ( 'NONE', #4111, 1000.000000000000114 ) ;
#2228 = ORIENTED_EDGE ( 'NONE', *, *, #5980, .T. ) ;
#2229 = EDGE_LOOP ( 'NONE', ( #4968, #3226, #3917, #1095, #5086, #3290, #4966, #579, #1023, #732 ) ) ;
#2230 = VECTOR ( 'NONE', #1606, 1000.000000000000114 ) ;
#2231 = EDGE_CURVE ( 'NONE', #5434, #2907, #2895, .T. ) ;
#2232 = DIRECTION ( 'NONE',  ( 0.7071067811865440200, 8.659560562354888485E-17, -0.7071067811865511255 ) ) ;
#2233 = AXIS2_PLACEMENT_3D ( 'NONE', #1706, #6737, #1560 ) ;
#2234 = DIRECTION ( 'NONE',  ( -0.000000000000000000, -0.000000000000000000, 1.000000000000000000 ) ) ;
#2235 = DIRECTION ( 'NONE',  ( 0.7870447919190708408, 0.6168958546732717929, 0.000000000000000000 ) ) ;
#2236 = EDGE_CURVE ( 'NONE', #2932, #1336, #185, .T. ) ;
#2237 = DIRECTION ( 'NONE',  ( 1.000000000000000000, 0.000000000000000000, 0.000000000000000000 ) ) ;
#2238 = VERTEX_POINT ( 'NONE', #3159 ) ;
#2239 = EDGE_CURVE ( 'NONE', #3887, #5954, #1461, .T. ) ;
#2240 = AXIS2_PLACEMENT_3D ( 'NONE', #6935, #1766, #636 ) ;
#2241 = CARTESIAN_POINT ( 'NONE',  ( 5.000000000000125233, 12.01402484683418415, 1.399999999999984590 ) ) ;
#2242 = CARTESIAN_POINT ( 'NONE',  ( 73.34807733323548007, 45.55871309031685712, 4.399999999999997691 ) ) ;
#2243 = CARTESIAN_POINT ( 'NONE',  ( 0.000000000000000000, 0.000000000000000000, 1.000000000000000888 ) ) ;
#2244 = PLANE ( 'NONE',  #5972 ) ;
#2245 = VERTEX_POINT ( 'NONE', #6680 ) ;
#2246 = AXIS2_PLACEMENT_3D ( 'NONE', #812, #7117, #3112 ) ;
#2247 = DIRECTION ( 'NONE',  ( -1.000000000000000000, 0.000000000000000000, -0.000000000000000000 ) ) ;
#2248 = ORIENTED_EDGE ( 'NONE', *, *, #6494, .F. ) ;
#2249 = DIRECTION ( 'NONE',  ( 0.000000000000000000, 0.000000000000000000, 1.000000000000000000 ) ) ;
#2250 = EDGE_CURVE ( 'NONE', #6174, #2679, #7241, .T. ) ;
#2251 = DIRECTION ( 'NONE',  ( -0.7071067811865474617, 0.7071067811865474617, -0.000000000000000000 ) ) ;
#2252 = DIRECTION ( 'NONE',  ( -0.7071067811865492381, 0.7071067811865457964, 0.000000000000000000 ) ) ;
#2253 = ADVANCED_FACE ( 'NONE', ( #4412 ), #6071, .T. ) ;
#2255 = CARTESIAN_POINT ( 'NONE',  ( 58.63157658086554136, -4.843312968017114479E-14, 6.399999999999999467 ) ) ;
#2254 = LINE ( 'NONE', #1762, #1030 ) ;
#2256 = LINE ( 'NONE', #4205, #3933 ) ;
#2257 = CARTESIAN_POINT ( 'NONE',  ( 67.63157658086555557, 31.35317541498459804, 4.400000000000011902 ) ) ;
#2258 = ORIENTED_EDGE ( 'NONE', *, *, #1145, .T. ) ;
#2259 = CARTESIAN_POINT ( 'NONE',  ( 40.83180065388673796, 38.69286487643512373, 3.399999999999983036 ) ) ;
#2260 = ORIENTED_EDGE ( 'NONE', *, *, #369, .T. ) ;
#2261 = ADVANCED_FACE ( 'NONE', ( #2069 ), #3196, .T. ) ;
#2262 = DIRECTION ( 'NONE',  ( 0.7071067811865474617, -0.7071067811865474617, 0.000000000000000000 ) ) ;
#2263 = ORIENTED_EDGE ( 'NONE', *, *, #2937, .F. ) ;
#2264 = AXIS2_PLACEMENT_3D ( 'NONE', #6510, #1329, #5939 ) ;
#2265 = VECTOR ( 'NONE', #104, 1000.000000000000000 ) ;
#2266 = VERTEX_POINT ( 'NONE', #5503 ) ;
#2267 = EDGE_CURVE ( 'NONE', #3776, #6650, #3122, .T. ) ;
#2268 = CARTESIAN_POINT ( 'NONE',  ( 24.79487291362404733, 59.35339717067414256, 6.000000000000000000 ) ) ;
#2269 = ORIENTED_EDGE ( 'NONE', *, *, #6433, .F. ) ;
#2270 = VECTOR ( 'NONE', #653, 999.9999999999998863 ) ;
#2271 = VECTOR ( 'NONE', #7269, 1000.000000000000114 ) ;
#2272 = ADVANCED_FACE ( 'NONE', ( #3726 ), #4368, .F. ) ;
#2273 = FACE_OUTER_BOUND ( 'NONE', #1605, .T. ) ;
#2274 = DIRECTION ( 'NONE',  ( 0.000000000000000000, 0.000000000000000000, -1.000000000000000000 ) ) ;
#2275 = AXIS2_PLACEMENT_3D ( 'NONE', #219, #2523, #895 ) ;
#2276 = CARTESIAN_POINT ( 'NONE',  ( 6.992565577373026642, 59.57470916941908712, 10.00000000000000000 ) ) ;
#2277 = DIRECTION ( 'NONE',  ( -1.000000000000000000, 0.000000000000000000, 0.000000000000000000 ) ) ;
#2278 = EDGE_CURVE ( 'NONE', #4253, #3745, #2104, .T. ) ;
#2279 = ORIENTED_EDGE ( 'NONE', *, *, #5043, .T. ) ;
#2280 = ORIENTED_EDGE ( 'NONE', *, *, #6823, .T. ) ;
#2281 = EDGE_CURVE ( 'NONE', #5583, #2217, #6110, .T. ) ;
#2282 = DIRECTION ( 'NONE',  ( -0.000000000000000000, -0.000000000000000000, 1.000000000000000000 ) ) ;
#2283 = CARTESIAN_POINT ( 'NONE',  ( 19.01060500309820256, 0.000000000000000000, 1.000000000000000888 ) ) ;
#2284 = LINE ( 'NONE', #3486, #4590 ) ;
#2285 = DIRECTION ( 'NONE',  ( -6.369488388617202940E-16, 1.000000000000000000, 0.000000000000000000 ) ) ;
#2286 = EDGE_LOOP ( 'NONE', ( #6384, #1969, #1694, #1111 ) ) ;
#2287 = EDGE_CURVE ( 'NONE', #6114, #1202, #2560, .T. ) ;
#2288 = CARTESIAN_POINT ( 'NONE',  ( 5.400000000000900968, 0.000000000000000000, 1.000000000000000888 ) ) ;
#2289 = ORIENTED_EDGE ( 'NONE', *, *, #2084, .T. ) ;
#2290 = EDGE_CURVE ( 'NONE', #6568, #4170, #783, .T. ) ;
#2291 = DIRECTION ( 'NONE',  ( -0.5773502691896191807, 0.5773502691896391648, -0.5773502691896191807 ) ) ;
#2292 = EDGE_CURVE ( 'NONE', #4765, #4514, #5545, .T. ) ;
#2293 = CARTESIAN_POINT ( 'NONE',  ( 10.13880365760802604, 56.44252476504900073, 9.599999999999996092 ) ) ;
#2294 = LINE ( 'NONE', #6368, #5681 ) ;
#2296 = CARTESIAN_POINT ( 'NONE',  ( 11.67132469877177670, 34.73421759231527517, 6.000000000000000000 ) ) ;
#2295 = CARTESIAN_POINT ( 'NONE',  ( 41.37385472200788428, 41.37385472200788428, 10.00000000000000000 ) ) ;
#2297 = DIRECTION ( 'NONE',  ( -0.7071067811865475727, 1.656343548406761258E-15, -0.7071067811865475727 ) ) ;
#2298 = VECTOR ( 'NONE', #4055, 1000.000000000000000 ) ;
#2299 = DIRECTION ( 'NONE',  ( 0.000000000000000000, -1.000000000000000000, 0.000000000000000000 ) ) ;
#2300 = VERTEX_POINT ( 'NONE', #5386 ) ;
#2301 = PLANE ( 'NONE',  #6309 ) ;
#2302 = ORIENTED_EDGE ( 'NONE', *, *, #6206, .T. ) ;
#2303 = EDGE_CURVE ( 'NONE', #3012, #446, #861, .T. ) ;
#2304 = DIRECTION ( 'NONE',  ( -0.7071067811865475727, 0.000000000000000000, 0.7071067811865475727 ) ) ;
#2305 = EDGE_CURVE ( 'NONE', #6687, #7255, #1988, .T. ) ;
#2306 = EDGE_LOOP ( 'NONE', ( #5935, #2684, #6408, #3098 ) ) ;
#2307 = ADVANCED_FACE ( 'NONE', ( #4816 ), #7127, .F. ) ;
#2308 = ORIENTED_EDGE ( 'NONE', *, *, #166, .T. ) ;
#2309 = CARTESIAN_POINT ( 'NONE',  ( 54.61482092964090640, 59.34967741935614782, 10.00099999999999945 ) ) ;
#2310 = VECTOR ( 'NONE', #2664, 1000.000000000000000 ) ;
#2311 = ORIENTED_EDGE ( 'NONE', *, *, #6988, .T. ) ;
#2312 = VECTOR ( 'NONE', #560, 1000.000000000000114 ) ;
#2313 = CARTESIAN_POINT ( 'NONE',  ( 18.61060500309818977, 30.68592075184099599, 3.600000000000002309 ) ) ;
#2314 = PLANE ( 'NONE',  #3660 ) ;
#2315 = LINE ( 'NONE', #544, #2227 ) ;
#2316 = ORIENTED_EDGE ( 'NONE', *, *, #3618, .T. ) ;
#2317 = ORIENTED_EDGE ( 'NONE', *, *, #7413, .F. ) ;
#2318 = LINE ( 'NONE', #4508, #2752 ) ;
#2319 = DIRECTION ( 'NONE',  ( 0.000000000000000000, 0.000000000000000000, -1.000000000000000000 ) ) ;
#2320 = DIRECTION ( 'NONE',  ( 0.7071067811865475727, -0.000000000000000000, 0.7071067811865475727 ) ) ;
#2321 = CARTESIAN_POINT ( 'NONE',  ( 79.97474980950003953, 6.992565577373023977, 1.400000000000012346 ) ) ;
#2322 = LINE ( 'NONE', #1323, #1086 ) ;
#2323 = ORIENTED_EDGE ( 'NONE', *, *, #6747, .F. ) ;
#2324 = EDGE_LOOP ( 'NONE', ( #5851, #733, #3556 ) ) ;
#2325 = DIRECTION ( 'NONE',  ( -0.000000000000000000, -0.000000000000000000, -1.000000000000000000 ) ) ;
#2326 = CARTESIAN_POINT ( 'NONE',  ( 0.000000000000000000, 49.93421759231525670, 6.000000000000000000 ) ) ;
#2327 = ADVANCED_FACE ( 'NONE', ( #3684 ), #6600, .F. ) ;
#2329 = CARTESIAN_POINT ( 'NONE',  ( -11.33144644677174107, 11.33144644677174107, 4.000000000000000000 ) ) ;
#2328 = DIRECTION ( 'NONE',  ( -1.000000000000000000, 0.000000000000000000, 0.000000000000000000 ) ) ;
#2330 = FACE_OUTER_BOUND ( 'NONE', #1227, .T. ) ;
#2331 = CARTESIAN_POINT ( 'NONE',  ( -7.409215236591503384, 13.28185224879100801, 4.000000000000000000 ) ) ;
#2332 = ORIENTED_EDGE ( 'NONE', *, *, #3294, .T. ) ;
#2333 = CARTESIAN_POINT ( 'NONE',  ( 5.871403830447665229, 34.73421759231528938, 6.000000000000000000 ) ) ;
#2334 = ORIENTED_EDGE ( 'NONE', *, *, #6907, .T. ) ;
#2335 = DIRECTION ( 'NONE',  ( 1.000000000000000000, 0.000000000000000000, 0.000000000000000000 ) ) ;
#2336 = VERTEX_POINT ( 'NONE', #2216 ) ;
#2337 = ORIENTED_EDGE ( 'NONE', *, *, #5885, .F. ) ;
#2338 = CARTESIAN_POINT ( 'NONE',  ( 58.63157658086556268, 23.35317541498460869, 6.800000000000010481 ) ) ;
#2339 = ORIENTED_EDGE ( 'NONE', *, *, #2281, .T. ) ;
#2340 = ADVANCED_FACE ( 'NONE', ( #1012 ), #6183, .F. ) ;
#2341 = VECTOR ( 'NONE', #311, 1000.000000000000000 ) ;
#2342 = VECTOR ( 'NONE', #4993, 999.9999999999998863 ) ;
#2343 = DIRECTION ( 'NONE',  ( 0.000000000000000000, 1.000000000000000000, 0.000000000000000000 ) ) ;
#2344 = CARTESIAN_POINT ( 'NONE',  ( 23.77356091487909495, 59.97470916941908570, 9.600000000000017408 ) ) ;
#2345 = VECTOR ( 'NONE', #5007, 1000.000000000000000 ) ;
#2346 = LINE ( 'NONE', #4542, #657 ) ;
#2347 = VERTEX_POINT ( 'NONE', #5613 ) ;
#2348 = VERTEX_POINT ( 'NONE', #5692 ) ;
#2349 = VECTOR ( 'NONE', #1630, 1000.000000000000000 ) ;
#2350 = PLANE ( 'NONE',  #6964 ) ;
#2351 = CARTESIAN_POINT ( 'NONE',  ( 12.01402484566508733, 19.96343870725182512, 9.600000000000015632 ) ) ;
#2352 = DIRECTION ( 'NONE',  ( 1.000000000000000000, -1.196361017915039831E-15, 0.000000000000000000 ) ) ;
#2353 = CIRCLE ( 'NONE', #2115, 1.250000000000000222 ) ;
#2354 = CARTESIAN_POINT ( 'NONE',  ( 40.26316317913271803, 23.75317541498460727, 10.00000000000000000 ) ) ;
#2355 = ORIENTED_EDGE ( 'NONE', *, *, #4731, .T. ) ;
#2356 = ORIENTED_EDGE ( 'NONE', *, *, #7285, .F. ) ;
#2357 = VECTOR ( 'NONE', #5016, 1000.000000000000000 ) ;
#2358 = AXIS2_PLACEMENT_3D ( 'NONE', #4502, #2198, #6806 ) ;
#2359 = LINE ( 'NONE', #7459, #1791 ) ;
#2360 = CARTESIAN_POINT ( 'NONE',  ( 55.00751479083036344, -0.006770834798735862053, 4.000000000000000000 ) ) ;
#2362 = DIRECTION ( 'NONE',  ( -0.7071067811865474617, 0.7071067811865474617, 0.000000000000000000 ) ) ;
#2361 = CARTESIAN_POINT ( 'NONE',  ( 12.07132469877179126, 49.93421759231525670, 4.000000000000000000 ) ) ;
#2363 = LINE ( 'NONE', #7004, #2811 ) ;
#2364 = AXIS2_PLACEMENT_3D ( 'NONE', #6746, #3109, #4963 ) ;
#2365 = CARTESIAN_POINT ( 'NONE',  ( 42.42884860408194214, 27.75317541498460372, 4.000000000000000000 ) ) ;
#2366 = ORIENTED_EDGE ( 'NONE', *, *, #4117, .F. ) ;
#2367 = FACE_OUTER_BOUND ( 'NONE', #7054, .T. ) ;
#2368 = VERTEX_POINT ( 'NONE', #7385 ) ;
#2369 = DIRECTION ( 'NONE',  ( -0.4999999999998661626, -0.5000000000001169065, 0.7071067811865596742 ) ) ;
#2370 = ADVANCED_FACE ( 'NONE', ( #1048 ), #6147, .F. ) ;
#2371 = VERTEX_POINT ( 'NONE', #5159 ) ;
#2372 = CARTESIAN_POINT ( 'NONE',  ( 5.400000000000900968, 54.18234984291817113, 1.000000000000000888 ) ) ;
#2373 = ORIENTED_EDGE ( 'NONE', *, *, #3207, .F. ) ;
#2374 = EDGE_CURVE ( 'NONE', #6616, #3836, #5654, .T. ) ;
#2375 = ORIENTED_EDGE ( 'NONE', *, *, #1274, .F. ) ;
#2376 = EDGE_CURVE ( 'NONE', #4710, #2904, #6298, .T. ) ;
#2377 = AXIS2_PLACEMENT_3D ( 'NONE', #5564, #7341, #6704 ) ;
#2378 = EDGE_CURVE ( 'NONE', #873, #7209, #452, .T. ) ;
#2379 = VECTOR ( 'NONE', #2536, 1000.000000000000000 ) ;
#2380 = CARTESIAN_POINT ( 'NONE',  ( 72.94807733323548860, 45.95871309031685570, 5.600000000000016520 ) ) ;
#2381 = DIRECTION ( 'NONE',  ( 1.000000000000000000, 0.000000000000000000, 0.000000000000000000 ) ) ;
#2382 = VECTOR ( 'NONE', #875, 1000.000000000000000 ) ;
#2383 = LINE ( 'NONE', #2913, #5595 ) ;
#2384 = ORIENTED_EDGE ( 'NONE', *, *, #5294, .F. ) ;
#2385 = EDGE_LOOP ( 'NONE', ( #4331, #7082 ) ) ;
#2386 = EDGE_CURVE ( 'NONE', #2668, #1344, #523, .T. ) ;
#2387 = CARTESIAN_POINT ( 'NONE',  ( 75.02984732797570189, 28.93771831048098520, 1.400000000000012346 ) ) ;
#2388 = STYLED_ITEM ( 'NONE', ( #3308 ), #6879 ) ;
#2389 = DIRECTION ( 'NONE',  ( -0.6785983445458430019, -0.2810846377149101571, -0.6785983445458138030 ) ) ;
#2390 = DIRECTION ( 'NONE',  ( 0.000000000000000000, 1.000000000000000000, 0.000000000000000000 ) ) ;
#2391 = EDGE_LOOP ( 'NONE', ( #5328, #7097, #4987, #3574 ) ) ;
#2392 = VECTOR ( 'NONE', #7228, 1000.000000000000000 ) ;
#2393 = ORIENTED_EDGE ( 'NONE', *, *, #3482, .F. ) ;
#2394 = EDGE_CURVE ( 'NONE', #154, #2701, #414, .T. ) ;
#2395 = FACE_OUTER_BOUND ( 'NONE', #5327, .T. ) ;
#2396 = DIRECTION ( 'NONE',  ( 0.7071067811865492381, -0.7071067811865457964, 0.000000000000000000 ) ) ;
#2397 = DIRECTION ( 'NONE',  ( 0.000000000000000000, -1.000000000000000000, 0.000000000000000000 ) ) ;
#2399 = DIRECTION ( 'NONE',  ( -0.5773502691896057470, 0.5773502691896258421, -0.5773502691896458261 ) ) ;
#2398 = CARTESIAN_POINT ( 'NONE',  ( 0.000000000000000000, 59.97470916941927044, 4.000000000000000000 ) ) ;
#2400 = CARTESIAN_POINT ( 'NONE',  ( 59.77578496594467339, 35.63617221234400034, 3.399999999999983036 ) ) ;
#2401 = CARTESIAN_POINT ( 'NONE',  ( 73.14807733323547723, 45.55871309031685712, 5.800000000000008704 ) ) ;
#2402 = AXIS2_PLACEMENT_3D ( 'NONE', #491, #6186, #2870 ) ;
#2403 = EDGE_LOOP ( 'NONE', ( #1313, #1291, #4527, #5359 ) ) ;
#2404 = CARTESIAN_POINT ( 'NONE',  ( 7.158251002322318257, 59.57470916941908712, 1.000000000000000888 ) ) ;
#2405 = EDGE_LOOP ( 'NONE', ( #2829, #2337, #6883, #1619 ) ) ;
#2406 = DIRECTION ( 'NONE',  ( -0.000000000000000000, 0.000000000000000000, 1.000000000000000000 ) ) ;
#2407 = VECTOR ( 'NONE', #2390, 1000.000000000000000 ) ;
#2408 = CARTESIAN_POINT ( 'NONE',  ( 76.16692151384303600, 8.415085090169998949, 10.00099999999999945 ) ) ;
#2409 = ORIENTED_EDGE ( 'NONE', *, *, #409, .F. ) ;
#2410 = EDGE_CURVE ( 'NONE', #5495, #4848, #488, .T. ) ;
#2411 = PLANE ( 'NONE',  #4394 ) ;
#2412 = ORIENTED_EDGE ( 'NONE', *, *, #1445, .T. ) ;
#2413 = VERTEX_POINT ( 'NONE', #7425 ) ;
#2414 = VECTOR ( 'NONE', #2027, 1000.000000000000114 ) ;
#2415 = EDGE_CURVE ( 'NONE', #4076, #1052, #2180, .T. ) ;
#2416 = DIRECTION ( 'NONE',  ( 0.7071067811865441310, 4.503908432280177932E-16, -0.7071067811865509034 ) ) ;
#2417 = LINE ( 'NONE', #5355, #5616 ) ;
#2418 = EDGE_CURVE ( 'NONE', #6538, #179, #1577, .T. ) ;
#2419 = ADVANCED_FACE ( 'NONE', ( #2784 ), #4523, .T. ) ;
#2420 = LINE ( 'NONE', #4300, #2875 ) ;
#2421 = ORIENTED_EDGE ( 'NONE', *, *, #6863, .T. ) ;
#2422 = ORIENTED_EDGE ( 'NONE', *, *, #1212, .F. ) ;
#2423 = VECTOR ( 'NONE', #4275, 1000.000000000000000 ) ;
#2424 = LINE ( 'NONE', #6992, #7212 ) ;
#2425 = CARTESIAN_POINT ( 'NONE',  ( 56.42884860408193504, 23.35317541498460869, 4.000000000000000000 ) ) ;
#2426 = VECTOR ( 'NONE', #4979, 1000.000000000000114 ) ;
#2427 = VECTOR ( 'NONE', #1307, 1000.000000000000000 ) ;
#2428 = DIRECTION ( 'NONE',  ( -0.000000000000000000, -0.000000000000000000, -1.000000000000000000 ) ) ;
#2429 = ORIENTED_EDGE ( 'NONE', *, *, #2520, .F. ) ;
#2430 = ORIENTED_EDGE ( 'NONE', *, *, #1957, .F. ) ;
#2431 = CARTESIAN_POINT ( 'NONE',  ( 0.000000000000000000, 53.13706121412302252, 1.399999999999998579 ) ) ;
#2432 = CARTESIAN_POINT ( 'NONE',  ( 77.62714841342990724, -0.007238183448740160945, 1.000000000000000888 ) ) ;
#2433 = DIRECTION ( 'NONE',  ( -1.000000000000000000, 0.000000000000000000, 0.000000000000000000 ) ) ;
#2435 = LINE ( 'NONE', #5832, #2818 ) ;
#2434 = CARTESIAN_POINT ( 'NONE',  ( 18.61060500309818977, 30.68592075184099599, 3.600000000000002309 ) ) ;
#2436 = CARTESIAN_POINT ( 'NONE',  ( 41.42884860408194214, 26.75317541498458951, 4.000000000000000000 ) ) ;
#2437 = LINE ( 'NONE', #2473, #4535 ) ;
#2438 = ORIENTED_EDGE ( 'NONE', *, *, #6878, .T. ) ;
#2439 = AXIS2_PLACEMENT_3D ( 'NONE', #3677, #4323, #7120 ) ;
#2440 = DIRECTION ( 'NONE',  ( 1.000000000000000000, -2.342423510106018633E-15, 0.000000000000000000 ) ) ;
#2441 = VERTEX_POINT ( 'NONE', #561 ) ;
#2442 = DIRECTION ( 'NONE',  ( 0.7870447919190708408, 0.6168958546732719039, 0.000000000000000000 ) ) ;
#2443 = DIRECTION ( 'NONE',  ( -1.000000000000000000, 0.000000000000000000, 0.000000000000000000 ) ) ;
#2444 = CARTESIAN_POINT ( 'NONE',  ( 75.41657697571172037, 52.75311032234201747, 1.000000000000000888 ) ) ;
#2445 = EDGE_CURVE ( 'NONE', #6085, #1660, #6260, .T. ) ;
#2446 = ORIENTED_EDGE ( 'NONE', *, *, #6494, .T. ) ;
#2447 = FACE_OUTER_BOUND ( 'NONE', #3852, .T. ) ;
#2448 = VECTOR ( 'NONE', #2900, 999.9999999999998863 ) ;
#2449 = ORIENTED_EDGE ( 'NONE', *, *, #2161, .F. ) ;
#2450 = EDGE_LOOP ( 'NONE', ( #341, #1437, #1563, #5006 ) ) ;
#2451 = AXIS2_PLACEMENT_3D ( 'NONE', #667, #1830, #4096 ) ;
#2452 = PLANE ( 'NONE',  #3670 ) ;
#2453 = DIRECTION ( 'NONE',  ( -0.000000000000000000, -0.000000000000000000, -1.000000000000000000 ) ) ;
#2454 = DIRECTION ( 'NONE',  ( -0.5773502691896258421, -0.5773502691896258421, -0.5773502691896258421 ) ) ;
#2455 = VERTEX_POINT ( 'NONE', #4455 ) ;
#2456 = ORIENTED_EDGE ( 'NONE', *, *, #7437, .F. ) ;
#2457 = LINE ( 'NONE', #5860, #2151 ) ;
#2458 = LINE ( 'NONE', #2351, #6093 ) ;
#2459 = EDGE_CURVE ( 'NONE', #4709, #5310, #3348, .T. ) ;
#2460 = VECTOR ( 'NONE', #3648, 1000.000000000000000 ) ;
#2461 = LINE ( 'NONE', #4839, #3977 ) ;
#2462 = ORIENTED_EDGE ( 'NONE', *, *, #1145, .F. ) ;
#2463 = ORIENTED_EDGE ( 'NONE', *, *, #268, .T. ) ;
#2464 = EDGE_CURVE ( 'NONE', #6841, #5614, #5825, .T. ) ;
#2465 = CONICAL_SURFACE ( 'NONE', #6699, 1.250000000000001110, 0.7853981633974576049 ) ;
#2466 = DIRECTION ( 'NONE',  ( -0.7071067811865352493, -0.000000000000000000, -0.7071067811865597852 ) ) ;
#2467 = DIRECTION ( 'NONE',  ( -1.000000000000000000, 0.000000000000000000, 0.000000000000000000 ) ) ;
#2468 = DIRECTION ( 'NONE',  ( -0.7071067758298794637, 8.703725631700355157E-05, -0.7071067811865394681 ) ) ;
#2469 = VECTOR ( 'NONE', #5065, 1000.000000000000000 ) ;
#2471 = DIRECTION ( 'NONE',  ( 0.000000000000000000, 0.000000000000000000, -1.000000000000000000 ) ) ;
#2470 = LINE ( 'NONE', #4203, #735 ) ;
#2472 = CARTESIAN_POINT ( 'NONE',  ( 79.57474980950000543, 54.46151490885029034, 10.00000000000000000 ) ) ;
#2473 = CARTESIAN_POINT ( 'NONE',  ( 67.23157658086553568, 23.35317541498460869, 6.800000000000011369 ) ) ;
#2474 = ORIENTED_EDGE ( 'NONE', *, *, #1854, .F. ) ;
#2475 = AXIS2_PLACEMENT_3D ( 'NONE', #100, #775, #3036 ) ;
#2476 = DIRECTION ( 'NONE',  ( -1.000000000000000000, 1.196361017915039831E-15, 0.000000000000000000 ) ) ;
#2477 = ORIENTED_EDGE ( 'NONE', *, *, #684, .F. ) ;
#2478 = VECTOR ( 'NONE', #5817, 1000.000000000000000 ) ;
#2479 = CARTESIAN_POINT ( 'NONE',  ( 32.14653210253800353, 28.88980021391638076, 1.400000000000007239 ) ) ;
#2480 = ADVANCED_FACE ( 'NONE', ( #3271 ), #5579, .F. ) ;
#2481 = EDGE_CURVE ( 'NONE', #5436, #6313, #4487, .T. ) ;
#2482 = PLANE ( 'NONE',  #7134 ) ;
#2483 = CARTESIAN_POINT ( 'NONE',  ( 65.34807733323546586, 45.55871309031685712, 5.600000000000016520 ) ) ;
#2484 = VECTOR ( 'NONE', #999, 1000.000000000000000 ) ;
#2485 = ORIENTED_EDGE ( 'NONE', *, *, #2049, .T. ) ;
#2486 = FACE_OUTER_BOUND ( 'NONE', #3238, .T. ) ;
#2487 = ADVANCED_FACE ( 'NONE', ( #4062 ), #703, .F. ) ;
#2488 = ORIENTED_EDGE ( 'NONE', *, *, #5528, .F. ) ;
#2489 = ORIENTED_EDGE ( 'NONE', *, *, #6107, .F. ) ;
#2490 = VERTEX_POINT ( 'NONE', #4665 ) ;
#2491 = EDGE_CURVE ( 'NONE', #945, #6720, #2435, .T. ) ;
#2492 = ORIENTED_EDGE ( 'NONE', *, *, #5321, .T. ) ;
#2493 = CARTESIAN_POINT ( 'NONE',  ( 29.80687116396648761, 29.62875138833505773, 10.00000000000000000 ) ) ;
#2494 = LINE ( 'NONE', #1846, #4415 ) ;
#2495 = DIRECTION ( 'NONE',  ( 0.000000000000000000, 0.000000000000000000, 1.000000000000000000 ) ) ;
#2496 = EDGE_LOOP ( 'NONE', ( #2948, #7070, #5471, #937 ) ) ;
#2497 = VERTEX_POINT ( 'NONE', #3495 ) ;
#2498 = CARTESIAN_POINT ( 'NONE',  ( 11.67195935263216278, 6.749207299886016271E-15, 1.000000000000000888 ) ) ;
#2499 = CARTESIAN_POINT ( 'NONE',  ( 73.55243468099102699, 0.000000000000000000, 10.00000000000000000 ) ) ;
#2500 = AXIS2_PLACEMENT_3D ( 'NONE', #3029, #3667, #1326 ) ;
#2501 = VECTOR ( 'NONE', #4325, 1000.000000000000114 ) ;
#2502 = EDGE_CURVE ( 'NONE', #2245, #7386, #739, .T. ) ;
#2503 = CARTESIAN_POINT ( 'NONE',  ( 18.61060500309818977, 0.000000000000000000, -14.99112027467291597 ) ) ;
#2504 = ORIENTED_EDGE ( 'NONE', *, *, #5286, .F. ) ;
#2505 = EDGE_CURVE ( 'NONE', #6174, #6306, #6439, .T. ) ;
#2506 = VECTOR ( 'NONE', #6773, 1000.000000000000114 ) ;
#2507 = CARTESIAN_POINT ( 'NONE',  ( 73.55243468099104120, 11.89462023854700412, 1.000000000000000888 ) ) ;
#2508 = VECTOR ( 'NONE', #5222, 999.9999999999998863 ) ;
#2509 = PLANE ( 'NONE',  #99 ) ;
#2510 = DIRECTION ( 'NONE',  ( 1.000000000000000000, -0.000000000000000000, 0.000000000000000000 ) ) ;
#2512 = CARTESIAN_POINT ( 'NONE',  ( 46.87521871039989918, 46.87521871039960786, 10.00000000000000000 ) ) ;
#2511 = DIRECTION ( 'NONE',  ( -0.7071067811865474617, 0.7071067811865474617, -0.000000000000000000 ) ) ;
#2513 = CARTESIAN_POINT ( 'NONE',  ( 78.03203064794003296, 52.35311032234201889, 1.399999999999998579 ) ) ;
#2514 = EDGE_CURVE ( 'NONE', #6910, #1509, #22, .T. ) ;
#2515 = LINE ( 'NONE', #1939, #2844 ) ;
#2516 = EDGE_CURVE ( 'NONE', #4207, #7267, #7077, .T. ) ;
#2517 = ORIENTED_EDGE ( 'NONE', *, *, #5865, .F. ) ;
#2518 = CARTESIAN_POINT ( 'NONE',  ( 10.13880365760802604, 56.44252476504900073, 1.399999999999991473 ) ) ;
#2519 = ORIENTED_EDGE ( 'NONE', *, *, #6623, .T. ) ;
#2520 = EDGE_CURVE ( 'NONE', #4336, #6442, #6370, .T. ) ;
#2521 = PLANE ( 'NONE',  #940 ) ;
#2522 = CARTESIAN_POINT ( 'NONE',  ( 76.16692151384303600, 8.415085090169998949, 1.400000000000005462 ) ) ;
#2523 = DIRECTION ( 'NONE',  ( 0.000000000000000000, 0.000000000000000000, -1.000000000000000000 ) ) ;
#2524 = CARTESIAN_POINT ( 'NONE',  ( 77.98218423212628636, 59.97470916941927044, 1.399999999999998579 ) ) ;
#2525 = ORIENTED_EDGE ( 'NONE', *, *, #538, .F. ) ;
#2526 = DIRECTION ( 'NONE',  ( 0.000000000000000000, 1.000000000000000000, 0.000000000000000000 ) ) ;
#2527 = EDGE_CURVE ( 'NONE', #6252, #3970, #5305, .T. ) ;
#2528 = ADVANCED_FACE ( 'NONE', ( #5339 ), #1298, .T. ) ;
#2529 = CARTESIAN_POINT ( 'NONE',  ( 31.86432847360605436, 30.71492937061825046, 19.16452013047557301 ) ) ;
#2530 = ORIENTED_EDGE ( 'NONE', *, *, #7223, .F. ) ;
#2531 = ORIENTED_EDGE ( 'NONE', *, *, #2199, .F. ) ;
#2532 = ORIENTED_EDGE ( 'NONE', *, *, #1818, .T. ) ;
#2533 = ORIENTED_EDGE ( 'NONE', *, *, #4082, .F. ) ;
#2534 = FACE_OUTER_BOUND ( 'NONE', #128, .T. ) ;
#2535 = CARTESIAN_POINT ( 'NONE',  ( 46.59237599792529494, 46.59237599792500362, 4.000000000000000000 ) ) ;
#2536 = DIRECTION ( 'NONE',  ( 1.000000000000000000, 0.000000000000000000, 0.000000000000000000 ) ) ;
#2537 = EDGE_LOOP ( 'NONE', ( #717, #2992, #2393, #2061 ) ) ;
#2538 = ORIENTED_EDGE ( 'NONE', *, *, #1168, .F. ) ;
#2539 = CARTESIAN_POINT ( 'NONE',  ( 5.871324698771779538, 34.33421759231527659, 4.400000000000011902 ) ) ;
#2540 = CARTESIAN_POINT ( 'NONE',  ( 54.78032046665801147, 26.48454626488301145, 8.951471862576106275 ) ) ;
#2541 = EDGE_CURVE ( 'NONE', #1016, #6154, #4165, .T. ) ;
#2542 = VECTOR ( 'NONE', #6782, 1000.000000000000000 ) ;
#2543 = DIRECTION ( 'NONE',  ( 0.2810846377147325770, 0.6785983445458769747, 0.6785983445458534380 ) ) ;
#2544 = VERTEX_POINT ( 'NONE', #4126 ) ;
#2545 = CARTESIAN_POINT ( 'NONE',  ( 5.282842712475146918, 33.18005018106940440, 10.00000000000000000 ) ) ;
#2546 = DIRECTION ( 'NONE',  ( -1.000000000000000000, 0.000000000000000000, 0.000000000000000000 ) ) ;
#2547 = LINE ( 'NONE', #4355, #6103 ) ;
#2549 = DIRECTION ( 'NONE',  ( -6.369488388617202940E-16, 1.000000000000000000, 0.000000000000000000 ) ) ;
#2548 = DIRECTION ( 'NONE',  ( 0.000000000000000000, -0.000000000000000000, 1.000000000000000000 ) ) ;
#2550 = CARTESIAN_POINT ( 'NONE',  ( 42.42884860408194214, 27.75317541498460372, 4.000000000000000000 ) ) ;
#2551 = VECTOR ( 'NONE', #1376, 1000.000000000000000 ) ;
#2552 = CARTESIAN_POINT ( 'NONE',  ( 0.000000000000000000, 52.37490806565516266, 4.000000000000000000 ) ) ;
#2553 = ORIENTED_EDGE ( 'NONE', *, *, #7124, .F. ) ;
#2554 = CARTESIAN_POINT ( 'NONE',  ( 10.13880365760802427, 8.415085090169998949, 9.600000000000022737 ) ) ;
#2555 = ORIENTED_EDGE ( 'NONE', *, *, #4395, .F. ) ;
#2556 = DIRECTION ( 'NONE',  ( -0.8733071337700620829, -0.4871700422915172801, 0.000000000000000000 ) ) ;
#2557 = EDGE_CURVE ( 'NONE', #6944, #4324, #172, .T. ) ;
#2558 = CARTESIAN_POINT ( 'NONE',  ( 42.75191620027911199, 17.74479411793611661, 3.991618702951718944 ) ) ;
#2559 = DIRECTION ( 'NONE',  ( 0.6785983445458484420, 0.2810846377148134567, -0.6785983445458484420 ) ) ;
#2560 = LINE ( 'NONE', #4855, #3190 ) ;
#2561 = EDGE_LOOP ( 'NONE', ( #2438, #5477, #3765, #3898 ) ) ;
#2562 = CARTESIAN_POINT ( 'NONE',  ( 79.57474980950003385, 7.158251002322251644, 10.00000000000000000 ) ) ;
#2563 = CARTESIAN_POINT ( 'NONE',  ( 6.992565577373027530, 59.97470916941908570, 1.399999999999998579 ) ) ;
#2564 = VERTEX_POINT ( 'NONE', #7003 ) ;
#2565 = ORIENTED_EDGE ( 'NONE', *, *, #7329, .F. ) ;
#2566 = ORIENTED_EDGE ( 'NONE', *, *, #1735, .F. ) ;
#2567 = EDGE_CURVE ( 'NONE', #7209, #1325, #6969, .T. ) ;
#2568 = AXIS2_PLACEMENT_3D ( 'NONE', #5199, #2297, #1159 ) ;
#2569 = ORIENTED_EDGE ( 'NONE', *, *, #6433, .T. ) ;
#2570 = FACE_OUTER_BOUND ( 'NONE', #7099, .T. ) ;
#2571 = DIRECTION ( 'NONE',  ( 1.000000000000000000, 0.000000000000000000, -0.000000000000000000 ) ) ;
#2572 = ORIENTED_EDGE ( 'NONE', *, *, #5121, .T. ) ;
#2573 = VERTEX_POINT ( 'NONE', #5870 ) ;
#2574 = AXIS2_PLACEMENT_3D ( 'NONE', #2709, #5012, #7319 ) ;
#2575 = EDGE_CURVE ( 'NONE', #3810, #1981, #135, .T. ) ;
#2576 = ADVANCED_FACE ( 'NONE', ( #4772 ), #1798, .F. ) ;
#2577 = DIRECTION ( 'NONE',  ( 0.000000000000000000, 0.000000000000000000, 1.000000000000000000 ) ) ;
#2578 = CYLINDRICAL_SURFACE ( 'NONE', #7295, 1.250000000000001110 ) ;
#2579 = CARTESIAN_POINT ( 'NONE',  ( 74.11952070086402955, 59.97470916941927044, 1.000000000000000888 ) ) ;
#2580 = VERTEX_POINT ( 'NONE', #7038 ) ;
#2581 = FACE_OUTER_BOUND ( 'NONE', #3738, .T. ) ;
#2582 = DIRECTION ( 'NONE',  ( -0.000000000000000000, -0.000000000000000000, -1.000000000000000000 ) ) ;
#2583 = FACE_OUTER_BOUND ( 'NONE', #459, .T. ) ;
#2585 = CARTESIAN_POINT ( 'NONE',  ( 76.16692151384303600, 56.44252476504900073, 10.00000000000000000 ) ) ;
#2584 = CARTESIAN_POINT ( 'NONE',  ( 72.94807733323548860, 45.95871309031685570, 4.399999999999983480 ) ) ;
#2586 = VECTOR ( 'NONE', #2847, 1000.000000000000000 ) ;
#2587 = DIRECTION ( 'NONE',  ( -0.7071067811865474617, 0.7071067811865474617, 0.000000000000000000 ) ) ;
#2588 = CARTESIAN_POINT ( 'NONE',  ( 67.23157658086553568, 0.000000000000000000, 6.399999999999999467 ) ) ;
#2589 = ORIENTED_EDGE ( 'NONE', *, *, #2771, .T. ) ;
#2590 = CARTESIAN_POINT ( 'NONE',  ( 73.15243468099103552, 20.03231731485910316, 10.00099999999999945 ) ) ;
#2591 = ORIENTED_EDGE ( 'NONE', *, *, #7096, .F. ) ;
#2592 = VECTOR ( 'NONE', #1337, 1000.000000000000000 ) ;
#2593 = CARTESIAN_POINT ( 'NONE',  ( 77.74508674688611620, 12.17753415987215071, 10.00000000000000000 ) ) ;
#2594 = VECTOR ( 'NONE', #4954, 1000.000000000000000 ) ;
#2595 = DIRECTION ( 'NONE',  ( 0.2811297017418543653, 0.6785890106679210998, 0.6785890106679210998 ) ) ;
#2596 = LINE ( 'NONE', #3724, #254 ) ;
#2597 = DIRECTION ( 'NONE',  ( 0.4999999999999870104, 0.4999999999999870104, -0.7071067811865658914 ) ) ;
#2598 = VERTEX_POINT ( 'NONE', #6405 ) ;
#2599 = LINE ( 'NONE', #6721, #3909 ) ;
#2600 = EDGE_CURVE ( 'NONE', #6616, #5079, #1224, .T. ) ;
#2601 = CARTESIAN_POINT ( 'NONE',  ( 23.99487291362402885, 53.90641816659306329, 4.000000000000000000 ) ) ;
#2602 = ORIENTED_EDGE ( 'NONE', *, *, #6262, .F. ) ;
#2603 = ORIENTED_EDGE ( 'NONE', *, *, #3482, .T. ) ;
#2604 = ORIENTED_EDGE ( 'NONE', *, *, #6385, .F. ) ;
#2605 = ADVANCED_FACE ( 'NONE', ( #5772 ), #600, .T. ) ;
#2606 = VECTOR ( 'NONE', #5268, 1000.000000000000227 ) ;
#2607 = AXIS2_PLACEMENT_3D ( 'NONE', #7368, #5711, #3935 ) ;
#2608 = ORIENTED_EDGE ( 'NONE', *, *, #6772, .T. ) ;
#2609 = CARTESIAN_POINT ( 'NONE',  ( 40.11718997729644798, 60.27744219819621918, 21.05859498864822399 ) ) ;
#2610 = ADVANCED_FACE ( 'NONE', ( #5198 ), #7116, .F. ) ;
#2611 = VECTOR ( 'NONE', #6591, 1000.000000000000000 ) ;
#2612 = EDGE_CURVE ( 'NONE', #6742, #6051, #1367, .T. ) ;
#2613 = CARTESIAN_POINT ( 'NONE',  ( 5.000000000000903277, 54.01736618697488979, 9.600000000000015632 ) ) ;
#2614 = ORIENTED_EDGE ( 'NONE', *, *, #1669, .T. ) ;
#2615 = ORIENTED_EDGE ( 'NONE', *, *, #4167, .T. ) ;
#2616 = EDGE_CURVE ( 'NONE', #862, #5476, #3331, .T. ) ;
#2617 = LINE ( 'NONE', #5522, #5882 ) ;
#2618 = PLANE ( 'NONE',  #3924 ) ;
#2619 = EDGE_CURVE ( 'NONE', #5919, #6908, #4805, .T. ) ;
#2620 = CARTESIAN_POINT ( 'NONE',  ( 10.59981128446159104, 12.01402484683418415, 1.399999999999984590 ) ) ;
#2621 = ORIENTED_EDGE ( 'NONE', *, *, #175, .F. ) ;
#2622 = ADVANCED_FACE ( 'NONE', ( #6058 ), #7193, .T. ) ;
#2623 = PLANE ( 'NONE',  #7205 ) ;
#2624 = VECTOR ( 'NONE', #2772, 1000.000000000000000 ) ;
#2625 = AXIS2_PLACEMENT_3D ( 'NONE', #1874, #1305, #2335 ) ;
#2626 = CARTESIAN_POINT ( 'NONE',  ( 75.02984732797570189, 13.93771831048098697, 4.000000000000000000 ) ) ;
#2627 = CARTESIAN_POINT ( 'NONE',  ( 12.01402484566508733, 19.96343870725182512, 9.600000000000015632 ) ) ;
#2629 = DIRECTION ( 'NONE',  ( 0.000000000000000000, 1.000000000000000000, 0.000000000000000000 ) ) ;
#2628 = LINE ( 'NONE', #5036, #2310 ) ;
#2630 = LINE ( 'NONE', #4926, #2878 ) ;
#2631 = FACE_OUTER_BOUND ( 'NONE', #3202, .T. ) ;
#2632 = EDGE_LOOP ( 'NONE', ( #2446, #2555, #593, #5422 ) ) ;
#2633 = PLANE ( 'NONE',  #3838 ) ;
#2634 = ORIENTED_EDGE ( 'NONE', *, *, #3042, .F. ) ;
#2635 = AXIS2_PLACEMENT_3D ( 'NONE', #4006, #5064, #6413 ) ;
#2636 = LINE ( 'NONE', #7238, #2112 ) ;
#2637 = CARTESIAN_POINT ( 'NONE',  ( 77.41692151384303600, 8.415085090169998949, 1.400000000000005462 ) ) ;
#2638 = CARTESIAN_POINT ( 'NONE',  ( 5.000000000000125233, 12.01402484683418415, 4.000000000000000000 ) ) ;
#2639 = VECTOR ( 'NONE', #6030, 1000.000000000000000 ) ;
#2640 = DIRECTION ( 'NONE',  ( -1.000000000000000000, 0.000000000000000000, 0.000000000000000000 ) ) ;
#2641 = ORIENTED_EDGE ( 'NONE', *, *, #5168, .F. ) ;
#2642 = LINE ( 'NONE', #5996, #4518 ) ;
#2643 = DIRECTION ( 'NONE',  ( -0.7071067811865541231, 8.659560562355014209E-17, 0.7071067811865409114 ) ) ;
#2644 = ORIENTED_EDGE ( 'NONE', *, *, #2557, .T. ) ;
#2645 = ORIENTED_EDGE ( 'NONE', *, *, #3858, .T. ) ;
#2646 = ORIENTED_EDGE ( 'NONE', *, *, #6955, .F. ) ;
#2647 = EDGE_CURVE ( 'NONE', #7378, #6908, #1491, .T. ) ;
#2648 = ORIENTED_EDGE ( 'NONE', *, *, #2960, .F. ) ;
#2649 = LINE ( 'NONE', #2114, #557 ) ;
#2650 = CARTESIAN_POINT ( 'NONE',  ( 0.000000000000000000, 29.28980021391639710, 1.000000000000000888 ) ) ;
#2651 = ORIENTED_EDGE ( 'NONE', *, *, #203, .T. ) ;
#2652 = ORIENTED_EDGE ( 'NONE', *, *, #2481, .T. ) ;
#2653 = EDGE_CURVE ( 'NONE', #7014, #3160, #3111, .T. ) ;
#2654 = DIRECTION ( 'NONE',  ( -0.0001398863601938866888, -0.7071067742681461654, 0.7071067742681461654 ) ) ;
#2655 = CIRCLE ( 'NONE', #2044, 1.649999999999971045 ) ;
#2656 = DIRECTION ( 'NONE',  ( -2.342423510106018633E-15, -1.000000000000000000, 0.000000000000000000 ) ) ;
#2657 = EDGE_CURVE ( 'NONE', #789, #4765, #811, .T. ) ;
#2658 = DIRECTION ( 'NONE',  ( 1.000000000000000000, -1.196361017915039831E-15, -0.000000000000000000 ) ) ;
#2659 = VERTEX_POINT ( 'NONE', #209 ) ;
#2660 = DIRECTION ( 'NONE',  ( 0.000000000000000000, 0.000000000000000000, -1.000000000000000000 ) ) ;
#2661 = DIRECTION ( 'NONE',  ( -0.7071067811865462405, 0.000000000000000000, -0.7071067811865489050 ) ) ;
#2662 = DIRECTION ( 'NONE',  ( 6.369488388617202940E-16, -1.000000000000000000, 0.000000000000000000 ) ) ;
#2663 = VECTOR ( 'NONE', #3981, 1000.000000000000000 ) ;
#2664 = DIRECTION ( 'NONE',  ( -0.7071067811865352493, -0.000000000000000000, 0.7071067811865597852 ) ) ;
#2665 = CARTESIAN_POINT ( 'NONE',  ( 56.30979884051012618, 19.52653347594426236, 10.76326673797213118 ) ) ;
#2666 = ORIENTED_EDGE ( 'NONE', *, *, #6803, .T. ) ;
#2667 = CARTESIAN_POINT ( 'NONE',  ( 0.000000000000000000, 59.57470916941908712, 1.000000000000000888 ) ) ;
#2668 = VERTEX_POINT ( 'NONE', #4845 ) ;
#2669 = LINE ( 'NONE', #1374, #2945 ) ;
#2670 = AXIS2_PLACEMENT_3D ( 'NONE', #1829, #666, #3637 ) ;
#2671 = LINE ( 'NONE', #7382, #6493 ) ;
#2672 = CARTESIAN_POINT ( 'NONE',  ( 78.03203064794003296, 52.35311032234202600, 1.399999999999998579 ) ) ;
#2674 = DIRECTION ( 'NONE',  ( 0.5773502691896212902, -0.5773502691896212902, 0.5773502691896346128 ) ) ;
#2673 = LINE ( 'NONE', #6221, #4647 ) ;
#2675 = FACE_OUTER_BOUND ( 'NONE', #4653, .T. ) ;
#2676 = LINE ( 'NONE', #3199, #300 ) ;
#2677 = CARTESIAN_POINT ( 'NONE',  ( 75.41657697571172037, 52.35311032234202600, 14.99835655691897074 ) ) ;
#2678 = ORIENTED_EDGE ( 'NONE', *, *, #1127, .F. ) ;
#2679 = VERTEX_POINT ( 'NONE', #3672 ) ;
#2680 = AXIS2_PLACEMENT_3D ( 'NONE', #6628, #2774, #1598 ) ;
#2681 = ORIENTED_EDGE ( 'NONE', *, *, #5238, .F. ) ;
#2682 = ORIENTED_EDGE ( 'NONE', *, *, #1788, .F. ) ;
#2683 = CARTESIAN_POINT ( 'NONE',  ( 40.83180065388673796, 38.69286487643512373, 3.399999999999983036 ) ) ;
#2684 = ORIENTED_EDGE ( 'NONE', *, *, #4725, .F. ) ;
#2685 = DIRECTION ( 'NONE',  ( -0.5773502691896257311, 0.5773502691896257311, -0.5773502691896257311 ) ) ;
#2686 = ORIENTED_EDGE ( 'NONE', *, *, #819, .T. ) ;
#2687 = ORIENTED_EDGE ( 'NONE', *, *, #2281, .F. ) ;
#2688 = FACE_OUTER_BOUND ( 'NONE', #7166, .T. ) ;
#2689 = DIRECTION ( 'NONE',  ( -0.7070197385735585982, 0.7071938130861842309, 0.000000000000000000 ) ) ;
#2690 = CARTESIAN_POINT ( 'NONE',  ( 79.97474980950003953, 10.50829548434902350, 1.400000000000012346 ) ) ;
#2691 = VERTEX_POINT ( 'NONE', #5984 ) ;
#2692 = CARTESIAN_POINT ( 'NONE',  ( 47.34653210253799926, 0.000000000000000000, 4.000000000000000000 ) ) ;
#2693 = CARTESIAN_POINT ( 'NONE',  ( 59.77578496594467339, 40.61884720954800088, 3.399999999999983036 ) ) ;
#2694 = LINE ( 'NONE', #2089, #6711 ) ;
#2695 = CARTESIAN_POINT ( 'NONE',  ( 40.83180065388673796, 43.69286487643512373, 1.400000000000012346 ) ) ;
#2696 = DIRECTION ( 'NONE',  ( 0.000000000000000000, -1.000000000000000000, 0.000000000000000000 ) ) ;
#2697 = ORIENTED_EDGE ( 'NONE', *, *, #2376, .T. ) ;
#2698 = EDGE_CURVE ( 'NONE', #7214, #4076, #6589, .T. ) ;
#2699 = CARTESIAN_POINT ( 'NONE',  ( 0.000000000000000000, 23.35317541498460869, 4.000000000000000000 ) ) ;
#2700 = EDGE_LOOP ( 'NONE', ( #4112, #4865 ) ) ;
#2701 = VERTEX_POINT ( 'NONE', #5632 ) ;
#2702 = EDGE_CURVE ( 'NONE', #4795, #1914, #247, .T. ) ;
#2703 = LINE ( 'NONE', #2136, #308 ) ;
#2704 = DIRECTION ( 'NONE',  ( 0.000000000000000000, 0.000000000000000000, 1.000000000000000000 ) ) ;
#2705 = VECTOR ( 'NONE', #5635, 1000.000000000000114 ) ;
#2706 = DIRECTION ( 'NONE',  ( 0.6785983445458514396, -0.2810846377147989683, 0.6785983445458513286 ) ) ;
#2707 = DIRECTION ( 'NONE',  ( 0.000000000000000000, 1.000000000000000000, 0.000000000000000000 ) ) ;
#2709 = CARTESIAN_POINT ( 'NONE',  ( 40.83180065388673796, 43.69286487643512373, 3.399999999999983036 ) ) ;
#2708 = LINE ( 'NONE', #6182, #68 ) ;
#2710 = LINE ( 'NONE', #7320, #3399 ) ;
#2711 = LINE ( 'NONE', #1544, #2357 ) ;
#2712 = CARTESIAN_POINT ( 'NONE',  ( 77.98218423212703954, 5.000000000000023093, 9.600000000000015632 ) ) ;
#2713 = EDGE_LOOP ( 'NONE', ( #5022, #6357, #1113, #4718 ) ) ;
#2715 = EDGE_LOOP ( 'NONE', ( #7017, #7280, #5957, #2956 ) ) ;
#2714 = EDGE_CURVE ( 'NONE', #2173, #4728, #5221, .T. ) ;
#2716 = ORIENTED_EDGE ( 'NONE', *, *, #4503, .T. ) ;
#2717 = EDGE_CURVE ( 'NONE', #4427, #6796, #470, .T. ) ;
#2718 = VECTOR ( 'NONE', #2389, 1000.000000000000000 ) ;
#2719 = ADVANCED_FACE ( 'NONE', ( #4884 ), #5066, .T. ) ;
#2720 = EDGE_LOOP ( 'NONE', ( #4604, #618, #869, #2188 ) ) ;
#2722 = LINE ( 'NONE', #5023, #1997 ) ;
#2721 = PRODUCT_RELATED_PRODUCT_CATEGORY ( 'part', '', ( #6602 ) ) ;
#2723 = VECTOR ( 'NONE', #2179, 1000.000000000000114 ) ;
#2724 = VECTOR ( 'NONE', #2131, 1000.000000000000114 ) ;
#2725 = VERTEX_POINT ( 'NONE', #3750 ) ;
#2726 = AXIS2_PLACEMENT_3D ( 'NONE', #5101, #6319, #6844 ) ;
#2727 = ORIENTED_EDGE ( 'NONE', *, *, #1627, .F. ) ;
#2728 = ADVANCED_FACE ( 'NONE', ( #887 ), #3183, .T. ) ;
#2729 = DIRECTION ( 'NONE',  ( 0.000000000000000000, 0.000000000000000000, -1.000000000000000000 ) ) ;
#2730 = CARTESIAN_POINT ( 'NONE',  ( 11.67132469877177670, 34.73421759231527517, 4.400000000000011902 ) ) ;
#2731 = AXIS2_PLACEMENT_3D ( 'NONE', #2627, #6136, #4317 ) ;
#2732 = FACE_OUTER_BOUND ( 'NONE', #824, .T. ) ;
#2733 = ORIENTED_EDGE ( 'NONE', *, *, #427, .T. ) ;
#2734 = CARTESIAN_POINT ( 'NONE',  ( 23.99487291362402885, 53.74076158251828872, 4.000000000000000000 ) ) ;
#2735 = DIRECTION ( 'NONE',  ( 0.9999999924245159821, -0.0001230892683151790486, 0.000000000000000000 ) ) ;
#2736 = DIRECTION ( 'NONE',  ( 0.000000000000000000, 1.000000000000000000, 0.000000000000000000 ) ) ;
#2737 = EDGE_CURVE ( 'NONE', #1924, #4861, #4924, .T. ) ;
#2738 = LINE ( 'NONE', #3297, #4348 ) ;
#2739 = PLANE ( 'NONE',  #5364 ) ;
#2740 = ORIENTED_EDGE ( 'NONE', *, *, #4159, .F. ) ;
#2741 = EDGE_CURVE ( 'NONE', #5549, #6880, #1521, .T. ) ;
#2742 = FACE_OUTER_BOUND ( 'NONE', #5849, .T. ) ;
#2743 = ORIENTED_EDGE ( 'NONE', *, *, #3284, .F. ) ;
#2744 = CARTESIAN_POINT ( 'NONE',  ( 0.000000000000000000, 0.000000000000000000, 1.000000000000000888 ) ) ;
#2745 = VECTOR ( 'NONE', #2466, 1000.000000000000000 ) ;
#2746 = EDGE_CURVE ( 'NONE', #6687, #1918, #5941, .T. ) ;
#2747 = DIRECTION ( 'NONE',  ( -0.7041374183556817767, 0.7100637267678131526, 0.000000000000000000 ) ) ;
#2748 = DIRECTION ( 'NONE',  ( -1.000000000000000000, 0.000000000000000000, 0.000000000000000000 ) ) ;
#2750 = CARTESIAN_POINT ( 'NONE',  ( 60.81393707745743882, 36.67432432385676577, 2.361847888487184743 ) ) ;
#2749 = CARTESIAN_POINT ( 'NONE',  ( 62.89024130048304073, 35.63617221234400034, 3.399999999999983036 ) ) ;
#2751 = ORIENTED_EDGE ( 'NONE', *, *, #6204, .T. ) ;
#2752 = VECTOR ( 'NONE', #2888, 1000.000000000000114 ) ;
#2753 = CARTESIAN_POINT ( 'NONE',  ( -1.793010517040539931, 2.287549152101669314, 3.600000000000002309 ) ) ;
#2754 = ADVANCED_FACE ( 'NONE', ( #542 ), #1207, .T. ) ;
#2755 = CARTESIAN_POINT ( 'NONE',  ( 8.888803657608024267, 8.415085090169998949, 1.000000000000000888 ) ) ;
#2756 = EDGE_LOOP ( 'NONE', ( #264, #472, #5056, #5123, #6033, #3848, #1360 ) ) ;
#2757 = ORIENTED_EDGE ( 'NONE', *, *, #3292, .F. ) ;
#2758 = VERTEX_POINT ( 'NONE', #2842 ) ;
#2759 = MECHANICAL_DESIGN_GEOMETRIC_PRESENTATION_REPRESENTATION (  '', ( #2388 ), #5533 ) ;
#2760 = ORIENTED_EDGE ( 'NONE', *, *, #4469, .F. ) ;
#2761 = EDGE_CURVE ( 'NONE', #6928, #3216, #4541, .T. ) ;
#2762 = CARTESIAN_POINT ( 'NONE',  ( 76.18576068315705641, 55.63775907373145202, -2.936950095687818507 ) ) ;
#2763 = VECTOR ( 'NONE', #2546, 1000.000000000000000 ) ;
#2764 = VECTOR ( 'NONE', #3997, 1000.000000000000000 ) ;
#2765 = ORIENTED_EDGE ( 'NONE', *, *, #3265, .T. ) ;
#2766 = FACE_OUTER_BOUND ( 'NONE', #5686, .T. ) ;
#2767 = DIRECTION ( 'NONE',  ( 1.259290296542222077E-16, -1.000000000000000000, 0.000000000000000000 ) ) ;
#2768 = CARTESIAN_POINT ( 'NONE',  ( 5.000000000000030198, 6.992565577373023977, 10.00099999999999945 ) ) ;
#2769 = FACE_OUTER_BOUND ( 'NONE', #1390, .T. ) ;
#2770 = VERTEX_POINT ( 'NONE', #2344 ) ;
#2771 = EDGE_CURVE ( 'NONE', #2193, #6928, #7402, .T. ) ;
#2772 = DIRECTION ( 'NONE',  ( 1.000000000000000000, -1.652117596168386770E-15, 0.000000000000000000 ) ) ;
#2773 = EDGE_CURVE ( 'NONE', #2245, #4709, #5788, .T. ) ;
#2774 = DIRECTION ( 'NONE',  ( 0.5773502691896258421, -0.5773502691896258421, -0.5773502691896258421 ) ) ;
#2775 = CARTESIAN_POINT ( 'NONE',  ( 59.77578496594467339, 35.63617221234400034, 1.400000000000012346 ) ) ;
#2776 = DIRECTION ( 'NONE',  ( 1.887397745837881465E-14, 1.000000000000000000, 0.000000000000000000 ) ) ;
#2777 = CARTESIAN_POINT ( 'NONE',  ( 79.97474980950003953, 6.992565577373023977, 9.600000000000015632 ) ) ;
#2778 = ORIENTED_EDGE ( 'NONE', *, *, #4970, .F. ) ;
#2779 = DIRECTION ( 'NONE',  ( 0.000000000000000000, -0.000000000000000000, -1.000000000000000000 ) ) ;
#2780 = ORIENTED_EDGE ( 'NONE', *, *, #5974, .T. ) ;
#2781 = CARTESIAN_POINT ( 'NONE',  ( 58.63157658086556978, 31.75317541498461082, 4.400000000000011902 ) ) ;
#2782 = DIRECTION ( 'NONE',  ( -1.000000000000000000, 0.000000000000000000, -0.000000000000000000 ) ) ;
#2784 = FACE_OUTER_BOUND ( 'NONE', #6469, .T. ) ;
#2783 = LINE ( 'NONE', #3460, #7250 ) ;
#2785 = VERTEX_POINT ( 'NONE', #4040 ) ;
#2786 = FACE_BOUND ( 'NONE', #2385, .T. ) ;
#2787 = DIRECTION ( 'NONE',  ( -0.000000000000000000, -0.000000000000000000, -1.000000000000000000 ) ) ;
#2788 = EDGE_LOOP ( 'NONE', ( #2757, #3398, #7312, #591 ) ) ;
#2789 = CIRCLE ( 'NONE', #3014, 1.649999999999971045 ) ;
#2790 = ORIENTED_EDGE ( 'NONE', *, *, #4058, .F. ) ;
#2791 = ADVANCED_FACE ( 'NONE', ( #5177 ), #40, .F. ) ;
#2792 = ADVANCED_FACE ( 'NONE', ( #6279 ), #3478, .F. ) ;
#2793 = ORIENTED_EDGE ( 'NONE', *, *, #6300, .T. ) ;
#2794 = CARTESIAN_POINT ( 'NONE',  ( 65.74807733323545733, 45.95871309031685570, 4.399999999999983480 ) ) ;
#2795 = ORIENTED_EDGE ( 'NONE', *, *, #7124, .T. ) ;
#2796 = EDGE_CURVE ( 'NONE', #81, #5470, #3407, .T. ) ;
#2797 = VERTEX_POINT ( 'NONE', #3366 ) ;
#2798 = DIRECTION ( 'NONE',  ( -0.000000000000000000, 0.000000000000000000, 1.000000000000000000 ) ) ;
#2799 = DIRECTION ( 'NONE',  ( -1.000000000000000000, 0.000000000000000000, 0.000000000000000000 ) ) ;
#2800 = CARTESIAN_POINT ( 'NONE',  ( -2.039768858909857929, 2.602367068869309019, 1.000000000000000888 ) ) ;
#2801 = VECTOR ( 'NONE', #638, 999.9999999999998863 ) ;
#2802 = CARTESIAN_POINT ( 'NONE',  ( 10.13880365760802427, 8.415085090169998949, 1.399999999999989697 ) ) ;
#2803 = ORIENTED_EDGE ( 'NONE', *, *, #5678, .T. ) ;
#2804 = ADVANCED_FACE ( 'NONE', ( #648 ), #1631, .T. ) ;
#2805 = EDGE_CURVE ( 'NONE', #75, #3471, #3974, .T. ) ;
#2806 = DIRECTION ( 'NONE',  ( -0.000000000000000000, -0.000000000000000000, 1.000000000000000000 ) ) ;
#2807 = DIRECTION ( 'NONE',  ( 0.7071067811865475727, 0.000000000000000000, 0.7071067811865475727 ) ) ;
#2808 = LINE ( 'NONE', #1677, #6351 ) ;
#2809 = EDGE_CURVE ( 'NONE', #3735, #2371, #1778, .T. ) ;
#2810 = DIRECTION ( 'NONE',  ( -0.000000000000000000, -0.7071067811865475727, -0.7071067811865475727 ) ) ;
#2811 = VECTOR ( 'NONE', #6440, 1000.000000000000000 ) ;
#2812 = CARTESIAN_POINT ( 'NONE',  ( 77.41692151384303600, 8.415085090169998949, 9.600000000000019185 ) ) ;
#2813 = VERTEX_POINT ( 'NONE', #5672 ) ;
#2814 = CARTESIAN_POINT ( 'NONE',  ( 5.399999999999896438, -1.019194782752436440E-13, 10.00000000000000000 ) ) ;
#2815 = ORIENTED_EDGE ( 'NONE', *, *, #6314, .T. ) ;
#2816 = DIRECTION ( 'NONE',  ( -1.000000000000000000, 0.000000000000000000, 0.000000000000000000 ) ) ;
#2817 = ADVANCED_FACE ( 'NONE', ( #1103 ), #1744, .T. ) ;
#2818 = VECTOR ( 'NONE', #1763, 1000.000000000000000 ) ;
#2819 = CARTESIAN_POINT ( 'NONE',  ( 73.34807733323548007, 40.95871309031685570, 4.399999999999997691 ) ) ;
#2820 = FACE_OUTER_BOUND ( 'NONE', #5189, .T. ) ;
#2822 = CARTESIAN_POINT ( 'NONE',  ( 41.42884860408194214, 23.35317541498460159, 9.600000000000015632 ) ) ;
#2821 = DIRECTION ( 'NONE',  ( -0.7071067811865474617, 0.7071067811865474617, 0.000000000000000000 ) ) ;
#2823 = ORIENTED_EDGE ( 'NONE', *, *, #3294, .F. ) ;
#2824 = FACE_OUTER_BOUND ( 'NONE', #2756, .T. ) ;
#2825 = ORIENTED_EDGE ( 'NONE', *, *, #5604, .T. ) ;
#2826 = LINE ( 'NONE', #2259, #6625 ) ;
#2827 = ORIENTED_EDGE ( 'NONE', *, *, #675, .T. ) ;
#2828 = FACE_OUTER_BOUND ( 'NONE', #3466, .T. ) ;
#2829 = ORIENTED_EDGE ( 'NONE', *, *, #4927, .T. ) ;
#2830 = ORIENTED_EDGE ( 'NONE', *, *, #3436, .T. ) ;
#2831 = VECTOR ( 'NONE', #1913, 1000.000000000000000 ) ;
#2832 = EDGE_CURVE ( 'NONE', #2193, #537, #5138, .T. ) ;
#2833 = DIRECTION ( 'NONE',  ( -0.000000000000000000, -0.000000000000000000, -1.000000000000000000 ) ) ;
#2834 = ORIENTED_EDGE ( 'NONE', *, *, #4350, .T. ) ;
#2835 = EDGE_CURVE ( 'NONE', #1496, #5209, #1065, .T. ) ;
#2836 = ORIENTED_EDGE ( 'NONE', *, *, #6803, .F. ) ;
#2837 = VECTOR ( 'NONE', #333, 1000.000000000000114 ) ;
#2838 = DIRECTION ( 'NONE',  ( -0.0001398863601938866888, -0.7071067742681461654, 0.7071067742681461654 ) ) ;
#2839 = VECTOR ( 'NONE', #3580, 1000.000000000000000 ) ;
#2840 = ADVANCED_FACE ( 'NONE', ( #4008 ), #2314, .T. ) ;
#2841 = DIRECTION ( 'NONE',  ( 0.7071067811865406894, 8.904527081674149398E-17, -0.7071067811865543451 ) ) ;
#2842 = CARTESIAN_POINT ( 'NONE',  ( 73.34807733323548007, 45.55871309031685712, 5.600000000000016520 ) ) ;
#2843 = EDGE_CURVE ( 'NONE', #537, #902, #575, .T. ) ;
#2844 = VECTOR ( 'NONE', #2020, 1000.000000000000000 ) ;
#2845 = AXIS2_PLACEMENT_3D ( 'NONE', #5213, #1707, #6951 ) ;
#2846 = EDGE_CURVE ( 'NONE', #5828, #1513, #614, .T. ) ;
#2847 = DIRECTION ( 'NONE',  ( -0.5773502691896251759, -0.5773502691896270633, 0.5773502691896251759 ) ) ;
#2848 = ORIENTED_EDGE ( 'NONE', *, *, #2386, .T. ) ;
#2849 = EDGE_LOOP ( 'NONE', ( #3971, #6725, #715, #4691, #5884, #6763 ) ) ;
#2850 = VECTOR ( 'NONE', #5640, 1000.000000000000000 ) ;
#2851 = DIRECTION ( 'NONE',  ( 0.7071067811865474617, -0.7071067811865474617, 0.000000000000000000 ) ) ;
#2852 = DIRECTION ( 'NONE',  ( 0.000000000000000000, -1.000000000000000000, 0.000000000000000000 ) ) ;
#2853 = EDGE_CURVE ( 'NONE', #6649, #7454, #1921, .T. ) ;
#2854 = DIRECTION ( 'NONE',  ( -0.7071067811865474617, 0.7071067811865474617, -0.000000000000000000 ) ) ;
#2855 = EDGE_CURVE ( 'NONE', #2134, #6125, #2417, .T. ) ;
#2856 = EDGE_CURVE ( 'NONE', #179, #6551, #2984, .T. ) ;
#2857 = LINE ( 'NONE', #6896, #6942 ) ;
#2858 = ORIENTED_EDGE ( 'NONE', *, *, #6172, .F. ) ;
#2859 = CARTESIAN_POINT ( 'NONE',  ( 54.61482092964091350, 59.34967741935614782, 6.000000000000000000 ) ) ;
#2860 = VERTEX_POINT ( 'NONE', #6005 ) ;
#2861 = EDGE_CURVE ( 'NONE', #4514, #2266, #3544, .T. ) ;
#2862 = CARTESIAN_POINT ( 'NONE',  ( 65.74807733323545733, 40.95871309031685570, 5.600000000000016520 ) ) ;
#2863 = CARTESIAN_POINT ( 'NONE',  ( 36.63180065388673512, 38.69286487643513084, 1.400000000000012346 ) ) ;
#2864 = DIRECTION ( 'NONE',  ( -1.000000000000000000, 0.000000000000000000, 0.000000000000000000 ) ) ;
#2866 = CARTESIAN_POINT ( 'NONE',  ( 58.23157658086555699, 31.75317541498461082, 6.399999999999999467 ) ) ;
#2865 = DIRECTION ( 'NONE',  ( -0.000000000000000000, -0.000000000000000000, -1.000000000000000000 ) ) ;
#2867 = DIRECTION ( 'NONE',  ( 2.168404344971008868E-16, 1.000000000000000000, 0.000000000000000000 ) ) ;
#2868 = DIRECTION ( 'NONE',  ( 0.000000000000000000, 1.000000000000000000, 0.000000000000000000 ) ) ;
#2869 = ORIENTED_EDGE ( 'NONE', *, *, #7360, .F. ) ;
#2870 = DIRECTION ( 'NONE',  ( -1.000000000000000000, 0.000000000000000000, 0.000000000000000000 ) ) ;
#2871 = ORIENTED_EDGE ( 'NONE', *, *, #2514, .T. ) ;
#2872 = CARTESIAN_POINT ( 'NONE',  ( 55.01413049142652056, 53.74040498797143073, 4.000000000000000000 ) ) ;
#2873 = ORIENTED_EDGE ( 'NONE', *, *, #5702, .T. ) ;
#2874 = AXIS2_PLACEMENT_3D ( 'NONE', #6437, #6472, #170 ) ;
#2875 = VECTOR ( 'NONE', #153, 1000.000000000000114 ) ;
#2876 = ORIENTED_EDGE ( 'NONE', *, *, #1454, .T. ) ;
#2877 = DIRECTION ( 'NONE',  ( -0.000000000000000000, -0.000000000000000000, -1.000000000000000000 ) ) ;
#2878 = VECTOR ( 'NONE', #942, 1000.000000000000000 ) ;
#2879 = VERTEX_POINT ( 'NONE', #3016 ) ;
#2880 = CONICAL_SURFACE ( 'NONE', #6001, 1.650000000000012568, 0.7853981633974610466 ) ;
#2881 = VECTOR ( 'NONE', #2174, 1000.000000000000000 ) ;
#2882 = LINE ( 'NONE', #4540, #6572 ) ;
#2883 = VECTOR ( 'NONE', #6678, 1000.000000000000000 ) ;
#2884 = DIRECTION ( 'NONE',  ( -0.7071067811865597852, 0.000000000000000000, -0.7071067811865353603 ) ) ;
#2885 = DIRECTION ( 'NONE',  ( 2.454552982700607282E-14, 0.7071067811865597852, -0.7071067811865352493 ) ) ;
#2886 = ORIENTED_EDGE ( 'NONE', *, *, #6083, .T. ) ;
#2887 = ORIENTED_EDGE ( 'NONE', *, *, #5418, .F. ) ;
#2888 = DIRECTION ( 'NONE',  ( 0.7071067811865474617, 0.7071067811865474617, 0.000000000000000000 ) ) ;
#2889 = FACE_OUTER_BOUND ( 'NONE', #2906, .T. ) ;
#2890 = DIRECTION ( 'NONE',  ( 0.000000000000000000, 0.000000000000000000, 1.000000000000000000 ) ) ;
#2891 = CARTESIAN_POINT ( 'NONE',  ( 67.63157658086555557, 31.75317541498461082, 4.400000000000011902 ) ) ;
#2892 = CARTESIAN_POINT ( 'NONE',  ( 51.07961809519252938, 70.09100451360731654, -0.5162953441876887428 ) ) ;
#2893 = ORIENTED_EDGE ( 'NONE', *, *, #2505, .F. ) ;
#2894 = ORIENTED_EDGE ( 'NONE', *, *, #1042, .F. ) ;
#2895 = LINE ( 'NONE', #335, #5240 ) ;
#2896 = DIRECTION ( 'NONE',  ( -0.7071067811865597852, -0.7071067811865352493, 0.000000000000000000 ) ) ;
#2897 = DIRECTION ( 'NONE',  ( 1.000000000000000000, 0.000000000000000000, 0.000000000000000000 ) ) ;
#2899 = DIRECTION ( 'NONE',  ( -0.7071067811865457964, -0.7071067811865492381, 0.000000000000000000 ) ) ;
#2898 = CARTESIAN_POINT ( 'NONE',  ( 11.27132469877176923, 49.93421759231525670, 6.000000000000000000 ) ) ;
#2900 = DIRECTION ( 'NONE',  ( 0.5773502691896257311, -0.5773502691896257311, -0.5773502691896257311 ) ) ;
#2901 = CARTESIAN_POINT ( 'NONE',  ( 79.97474980950003953, 54.29582948390102359, 10.00099999999999945 ) ) ;
#2902 = VERTEX_POINT ( 'NONE', #4715 ) ;
#2903 = LINE ( 'NONE', #4633, #5330 ) ;
#2904 = VERTEX_POINT ( 'NONE', #5288 ) ;
#2905 = DIRECTION ( 'NONE',  ( 1.000000000000000000, 0.000000000000000000, 0.000000000000000000 ) ) ;
#2906 = EDGE_LOOP ( 'NONE', ( #4507, #5243, #1318, #1310 ) ) ;
#2907 = VERTEX_POINT ( 'NONE', #7061 ) ;
#2908 = DIRECTION ( 'NONE',  ( -0.000000000000000000, -0.7071067811865475727, -0.7071067811865475727 ) ) ;
#2909 = AXIS2_PLACEMENT_3D ( 'NONE', #976, #3762, #2067 ) ;
#2910 = ORIENTED_EDGE ( 'NONE', *, *, #6396, .T. ) ;
#2911 = FACE_OUTER_BOUND ( 'NONE', #1099, .T. ) ;
#2912 = CARTESIAN_POINT ( 'NONE',  ( 24.79852579370875176, 59.35334748533610849, 6.003652880084704435 ) ) ;
#2913 = CARTESIAN_POINT ( 'NONE',  ( 77.98218423212703954, 5.000000000000023093, 1.400000000000012346 ) ) ;
#2914 = ORIENTED_EDGE ( 'NONE', *, *, #5389, .T. ) ;
#2915 = ORIENTED_EDGE ( 'NONE', *, *, #4610, .T. ) ;
#2916 = CARTESIAN_POINT ( 'NONE',  ( 14.48248406052486281, 49.80128697303007357, -4.312388853099092145 ) ) ;
#2917 = CARTESIAN_POINT ( 'NONE',  ( 74.50229870459769188, 24.02411480822933854, 13.01205740411466927 ) ) ;
#2918 = CARTESIAN_POINT ( 'NONE',  ( 73.55243468099102699, 20.19800273980832372, 10.00000000000000000 ) ) ;
#2919 = CARTESIAN_POINT ( 'NONE',  ( 73.71952070086400965, 54.05016659718972960, 14.99835655691897074 ) ) ;
#2920 = VERTEX_POINT ( 'NONE', #3656 ) ;
#2921 = VERTEX_POINT ( 'NONE', #1883 ) ;
#2922 = LINE ( 'NONE', #94, #4313 ) ;
#2923 = DIRECTION ( 'NONE',  ( -0.7071067811865597852, -9.614813431918154348E-17, -0.7071067811865352493 ) ) ;
#2925 = CARTESIAN_POINT ( 'NONE',  ( -4.257549643268021988, 4.257549643268046857, 10.00000000000000000 ) ) ;
#2924 = FACE_OUTER_BOUND ( 'NONE', #6148, .T. ) ;
#2926 = DIRECTION ( 'NONE',  ( 0.8733071337700621939, 0.4871700422915173356, 0.000000000000000000 ) ) ;
#2927 = EDGE_CURVE ( 'NONE', #5344, #4492, #4222, .T. ) ;
#2928 = PLANE ( 'NONE',  #3205 ) ;
#2929 = ADVANCED_FACE ( 'NONE', ( #7020 ), #721, .T. ) ;
#2930 = ORIENTED_EDGE ( 'NONE', *, *, #5963, .T. ) ;
#2931 = DIRECTION ( 'NONE',  ( -0.2810846377149108788, 0.6785983445458400043, -0.6785983445458164676 ) ) ;
#2932 = VERTEX_POINT ( 'NONE', #6458 ) ;
#2933 = DIRECTION ( 'NONE',  ( 0.000000000000000000, 0.000000000000000000, -1.000000000000000000 ) ) ;
#2934 = VECTOR ( 'NONE', #97, 1000.000000000000000 ) ;
#2935 = VERTEX_POINT ( 'NONE', #195 ) ;
#2936 = CARTESIAN_POINT ( 'NONE',  ( 58.63157658086556978, 32.15317541498462361, 4.000000000000000000 ) ) ;
#2937 = EDGE_CURVE ( 'NONE', #2368, #7209, #6497, .T. ) ;
#2938 = ORIENTED_EDGE ( 'NONE', *, *, #6955, .T. ) ;
#2939 = EDGE_LOOP ( 'NONE', ( #6576, #3576, #996, #6575 ) ) ;
#2940 = EDGE_CURVE ( 'NONE', #5393, #4795, #3621, .T. ) ;
#2941 = VECTOR ( 'NONE', #5917, 1000.000000000000000 ) ;
#2942 = AXIS2_PLACEMENT_3D ( 'NONE', #4867, #2454, #6574 ) ;
#2943 = DIRECTION ( 'NONE',  ( 2.168404344971008868E-16, 1.000000000000000000, 0.000000000000000000 ) ) ;
#2944 = CARTESIAN_POINT ( 'NONE',  ( 5.000000000000903277, 57.98214359204602175, 9.600000000000015632 ) ) ;
#2945 = VECTOR ( 'NONE', #933, 1000.000000000000114 ) ;
#2946 = CARTESIAN_POINT ( 'NONE',  ( 0.000000000000000000, 0.000000000000000000, 1.000000000000000888 ) ) ;
#2947 = EDGE_CURVE ( 'NONE', #6637, #2116, #5323, .T. ) ;
#2948 = ORIENTED_EDGE ( 'NONE', *, *, #441, .T. ) ;
#2949 = ORIENTED_EDGE ( 'NONE', *, *, #156, .F. ) ;
#2950 = AXIS2_PLACEMENT_3D ( 'NONE', #3973, #4007, #5631 ) ;
#2951 = DIRECTION ( 'NONE',  ( -0.1808569126587082632, 0.6954461794932661478, 0.6954461794932661478 ) ) ;
#2952 = DIRECTION ( 'NONE',  ( 0.9999999924245159821, -0.0001230892683151790215, 0.000000000000000000 ) ) ;
#2953 = PLANE ( 'NONE',  #123 ) ;
#2954 = AXIS2_PLACEMENT_3D ( 'NONE', #1724, #6968, #1797 ) ;
#2955 = CARTESIAN_POINT ( 'NONE',  ( 67.63157658086555557, 31.75317541498461082, 5.999999999999987566 ) ) ;
#2956 = ORIENTED_EDGE ( 'NONE', *, *, #5745, .F. ) ;
#2957 = ORIENTED_EDGE ( 'NONE', *, *, #6726, .T. ) ;
#2958 = VECTOR ( 'NONE', #969, 999.9999999999998863 ) ;
#2959 = VECTOR ( 'NONE', #1349, 1000.000000000000000 ) ;
#2960 = EDGE_CURVE ( 'NONE', #1660, #1179, #2494, .T. ) ;
#2961 = DIRECTION ( 'NONE',  ( -0.2821819321234010913, -0.6783706056364412484, 0.6783706056364412484 ) ) ;
#2962 = DIRECTION ( 'NONE',  ( 0.7071067811865464625, 0.7071067811865486830, 0.000000000000000000 ) ) ;
#2964 = CARTESIAN_POINT ( 'NONE',  ( 74.41423944072103325, 5.000000000000023093, 10.00099999999999945 ) ) ;
#2963 = LINE ( 'NONE', #702, #5205 ) ;
#2965 = LINE ( 'NONE', #5267, #3771 ) ;
#2966 = AXIS2_PLACEMENT_3D ( 'NONE', #3035, #3076, #5376 ) ;
#2967 = LINE ( 'NONE', #2401, #4041 ) ;
#2968 = ORIENTED_EDGE ( 'NONE', *, *, #3387, .T. ) ;
#2969 = CARTESIAN_POINT ( 'NONE',  ( 11.30691806564784763, 11.30691806564793289, 4.000000000000000000 ) ) ;
#2970 = EDGE_LOOP ( 'NONE', ( #199, #1880, #5588, #2949 ) ) ;
#2971 = FACE_OUTER_BOUND ( 'NONE', #1702, .T. ) ;
#2972 = ADVANCED_FACE ( 'NONE', ( #4188 ), #5923, .T. ) ;
#2973 = CARTESIAN_POINT ( 'NONE',  ( 41.37385472200788428, 41.37385472200788428, 10.00000000000000000 ) ) ;
#2974 = ADVANCED_FACE ( 'NONE', ( #3096 ), #4255, .T. ) ;
#2975 = ORIENTED_EDGE ( 'NONE', *, *, #5980, .F. ) ;
#2976 = EDGE_CURVE ( 'NONE', #4170, #3318, #836, .T. ) ;
#2977 = LINE ( 'NONE', #714, #4749 ) ;
#2978 = ORIENTED_EDGE ( 'NONE', *, *, #2527, .T. ) ;
#2979 = VERTEX_POINT ( 'NONE', #687 ) ;
#2980 = AXIS2_PLACEMENT_3D ( 'NONE', #7189, #2660, #4314 ) ;
#2981 = VECTOR ( 'NONE', #4988, 1000.000000000000000 ) ;
#2982 = ADVANCED_FACE ( 'NONE', ( #1280 ), #3582, .T. ) ;
#2983 = CARTESIAN_POINT ( 'NONE',  ( -13.94860373429713185, 13.94860373429714784, 10.00000000000000000 ) ) ;
#2984 = LINE ( 'NONE', #4751, #6705 ) ;
#2985 = LINE ( 'NONE', #5755, #2100 ) ;
#2986 = ORIENTED_EDGE ( 'NONE', *, *, #34, .T. ) ;
#2987 = ORIENTED_EDGE ( 'NONE', *, *, #5094, .F. ) ;
#2988 = CARTESIAN_POINT ( 'NONE',  ( 73.15243468099103552, 6.261804759730023484, 10.00099999999999945 ) ) ;
#2989 = CARTESIAN_POINT ( 'NONE',  ( 62.89024130048304073, 40.61884720954800088, 1.400000000000012346 ) ) ;
#2990 = LINE ( 'NONE', #2955, #2407 ) ;
#2991 = ORIENTED_EDGE ( 'NONE', *, *, #3952, .F. ) ;
#2992 = ORIENTED_EDGE ( 'NONE', *, *, #2746, .F. ) ;
#2993 = EDGE_CURVE ( 'NONE', #2920, #2544, #4681, .T. ) ;
#2994 = LINE ( 'NONE', #3634, #4437 ) ;
#2995 = LINE ( 'NONE', #1295, #3477 ) ;
#2996 = CARTESIAN_POINT ( 'NONE',  ( 32.14653210253800353, 34.88980021391638076, -17.00997182357270887 ) ) ;
#2998 = DIRECTION ( 'NONE',  ( 0.000000000000000000, -1.000000000000000000, 0.000000000000000000 ) ) ;
#2997 = CARTESIAN_POINT ( 'NONE',  ( 72.94807733323547438, 40.95871309031685570, 5.600000000000016520 ) ) ;
#2999 = CARTESIAN_POINT ( 'NONE',  ( 62.89024130048304073, 40.61884720954800088, 1.400000000000012346 ) ) ;
#3000 = PLANE ( 'NONE',  #2240 ) ;
#3001 = ORIENTED_EDGE ( 'NONE', *, *, #4035, .F. ) ;
#3002 = DIRECTION ( 'NONE',  ( 0.7071067811865449082, 0.7071067811865502373, -0.000000000000000000 ) ) ;
#3003 = ORIENTED_EDGE ( 'NONE', *, *, #4971, .F. ) ;
#3004 = PLANE ( 'NONE',  #1177 ) ;
#3005 = CARTESIAN_POINT ( 'NONE',  ( 55.24511320246803336, 59.97470916941927044, 1.399999999999998579 ) ) ;
#3006 = VECTOR ( 'NONE', #1968, 1000.000000000000000 ) ;
#3007 = PLANE ( 'NONE',  #6852 ) ;
#3008 = ORIENTED_EDGE ( 'NONE', *, *, #7059, .T. ) ;
#3009 = DIRECTION ( 'NONE',  ( -0.000000000000000000, -0.000000000000000000, -1.000000000000000000 ) ) ;
#3010 = ADVANCED_FACE ( 'NONE', ( #6768 ), #6120, .F. ) ;
#3011 = EDGE_LOOP ( 'NONE', ( #6996, #3514, #1345, #6839 ) ) ;
#3012 = VERTEX_POINT ( 'NONE', #6155 ) ;
#3013 = EDGE_CURVE ( 'NONE', #3685, #3160, #5130, .T. ) ;
#3014 = AXIS2_PLACEMENT_3D ( 'NONE', #4477, #1073, #5075 ) ;
#3015 = CARTESIAN_POINT ( 'NONE',  ( 32.00845031355031978, 29.28980021391639710, 1.000000000000000888 ) ) ;
#3016 = CARTESIAN_POINT ( 'NONE',  ( 74.51692151384305873, 8.415085090169998949, 10.00000000000000000 ) ) ;
#3017 = EDGE_CURVE ( 'NONE', #5470, #2413, #2077, .T. ) ;
#3018 = LINE ( 'NONE', #3170, #4912 ) ;
#3019 = ORIENTED_EDGE ( 'NONE', *, *, #1703, .F. ) ;
#3020 = ORIENTED_EDGE ( 'NONE', *, *, #4309, .T. ) ;
#3021 = CONICAL_SURFACE ( 'NONE', #1704, 1.649999999999998579, 0.7853981633974576049 ) ;
#3022 = CARTESIAN_POINT ( 'NONE',  ( 58.23157658086555699, 31.35317541498459804, 5.999999999999987566 ) ) ;
#3023 = DIRECTION ( 'NONE',  ( 0.000000000000000000, 0.000000000000000000, 1.000000000000000000 ) ) ;
#3024 = EDGE_CURVE ( 'NONE', #1803, #2904, #1473, .T. ) ;
#3025 = LINE ( 'NONE', #4230, #49 ) ;
#3026 = ORIENTED_EDGE ( 'NONE', *, *, #6826, .F. ) ;
#3027 = ADVANCED_FACE ( 'NONE', ( #3773 ), #988, .F. ) ;
#3028 = ORIENTED_EDGE ( 'NONE', *, *, #4731, .F. ) ;
#3029 = CARTESIAN_POINT ( 'NONE',  ( 76.16692151384303600, 56.44252476504900073, 1.000000000000000888 ) ) ;
#3030 = EDGE_CURVE ( 'NONE', #6551, #4030, #908, .T. ) ;
#3031 = DIRECTION ( 'NONE',  ( -0.7071067811865536790, 0.000000000000000000, 0.7071067811865414665 ) ) ;
#3032 = LINE ( 'NONE', #7001, #215 ) ;
#3034 = DIRECTION ( 'NONE',  ( 0.000000000000000000, 0.7071067811865597852, 0.7071067811865353603 ) ) ;
#3033 = DIRECTION ( 'NONE',  ( -1.000000000000000000, 0.000000000000000000, 0.000000000000000000 ) ) ;
#3035 = CARTESIAN_POINT ( 'NONE',  ( 77.98218423212703954, 5.000000000000023093, 10.00099999999999945 ) ) ;
#3036 = DIRECTION ( 'NONE',  ( 0.000000000000000000, -0.000000000000000000, 1.000000000000000000 ) ) ;
#3037 = VERTEX_POINT ( 'NONE', #6689 ) ;
#3038 = VECTOR ( 'NONE', #6104, 1000.000000000000000 ) ;
#3039 = CARTESIAN_POINT ( 'NONE',  ( 36.63180065388673512, 38.69286487643513084, -6.830045703262805468 ) ) ;
#3040 = VERTEX_POINT ( 'NONE', #5587 ) ;
#3041 = PLANE ( 'NONE',  #3345 ) ;
#3042 = EDGE_CURVE ( 'NONE', #3243, #7198, #950, .T. ) ;
#3043 = CARTESIAN_POINT ( 'NONE',  ( 58.23157658086554989, 23.75317541498462148, 6.399999999999999467 ) ) ;
#3044 = PLANE ( 'NONE',  #3841 ) ;
#3045 = VERTEX_POINT ( 'NONE', #423 ) ;
#3046 = DIRECTION ( 'NONE',  ( -0.5773502691896224004, 0.5773502691896224004, -0.5773502691896323924 ) ) ;
#3047 = ORIENTED_EDGE ( 'NONE', *, *, #6504, .T. ) ;
#3048 = ORIENTED_EDGE ( 'NONE', *, *, #7449, .F. ) ;
#3049 = EDGE_CURVE ( 'NONE', #760, #2116, #2722, .T. ) ;
#3050 = VECTOR ( 'NONE', #2998, 1000.000000000000000 ) ;
#3051 = DIRECTION ( 'NONE',  ( -0.4999999999999911182, 0.4999999999999916733, 0.7071067811865596742 ) ) ;
#3052 = DIRECTION ( 'NONE',  ( -1.000000000000000000, 0.000000000000000000, 0.000000000000000000 ) ) ;
#3053 = EDGE_CURVE ( 'NONE', #2544, #4251, #1587, .T. ) ;
#3054 = CARTESIAN_POINT ( 'NONE',  ( 11.67132469877178025, 49.93421759231525670, 4.400000000000011902 ) ) ;
#3055 = ORIENTED_EDGE ( 'NONE', *, *, #5716, .F. ) ;
#3056 = EDGE_LOOP ( 'NONE', ( #4740, #2834, #273, #4461 ) ) ;
#3057 = VECTOR ( 'NONE', #5857, 1000.000000000000114 ) ;
#3058 = ADVANCED_FACE ( 'NONE', ( #5513 ), #7058, .F. ) ;
#3059 = DIRECTION ( 'NONE',  ( -0.000000000000000000, -0.000000000000000000, -1.000000000000000000 ) ) ;
#3060 = EDGE_CURVE ( 'NONE', #2159, #761, #2155, .T. ) ;
#3061 = LINE ( 'NONE', #1786, #5850 ) ;
#3062 = ADVANCED_FACE ( 'NONE', ( #2570 ), #3242, .F. ) ;
#3063 = DIRECTION ( 'NONE',  ( 0.000000000000000000, 0.000000000000000000, 1.000000000000000000 ) ) ;
#3064 = ORIENTED_EDGE ( 'NONE', *, *, #538, .T. ) ;
#3065 = ORIENTED_EDGE ( 'NONE', *, *, #5370, .F. ) ;
#3066 = VECTOR ( 'NONE', #5896, 1000.000000000000000 ) ;
#3067 = VECTOR ( 'NONE', #1457, 999.9999999999998863 ) ;
#3068 = LINE ( 'NONE', #4232, #2143 ) ;
#3069 = ADVANCED_FACE ( 'NONE', ( #7172 ), #2000, .T. ) ;
#3070 = EDGE_CURVE ( 'NONE', #761, #2300, #7288, .T. ) ;
#3071 = FACE_OUTER_BOUND ( 'NONE', #7156, .T. ) ;
#3072 = CARTESIAN_POINT ( 'NONE',  ( 8.888803657608024267, 8.415085090169998949, 1.399999999999989697 ) ) ;
#3073 = AXIS2_PLACEMENT_3D ( 'NONE', #2983, #3051, #5287 ) ;
#3075 = DIRECTION ( 'NONE',  ( 0.000000000000000000, -1.000000000000000000, 0.000000000000000000 ) ) ;
#3074 = DIRECTION ( 'NONE',  ( 0.7071067811865597852, 0.7071067811865352493, -0.000000000000000000 ) ) ;
#3076 = DIRECTION ( 'NONE',  ( 0.000000000000000000, -1.000000000000000000, 0.000000000000000000 ) ) ;
#3077 = PLANE ( 'NONE',  #5250 ) ;
#3078 = VERTEX_POINT ( 'NONE', #870 ) ;
#3079 = AXIS2_PLACEMENT_3D ( 'NONE', #4886, #4965, #5419 ) ;
#3080 = DIRECTION ( 'NONE',  ( 0.5014961741008131524, 0.4984993353679088579, 0.7071067811865474617 ) ) ;
#3081 = ORIENTED_EDGE ( 'NONE', *, *, #268, .F. ) ;
#3082 = CARTESIAN_POINT ( 'NONE',  ( 79.57474980950003385, 0.000000000000000000, 10.00000000000000000 ) ) ;
#3083 = CARTESIAN_POINT ( 'NONE',  ( 79.97474980950003953, 6.992565577373023977, 1.400000000000012346 ) ) ;
#3084 = FACE_BOUND ( 'NONE', #314, .T. ) ;
#3085 = AXIS2_PLACEMENT_3D ( 'NONE', #4050, #2319, #548 ) ;
#3086 = CARTESIAN_POINT ( 'NONE',  ( 30.61060500309817201, -1.770031170424250693E-14, 3.600000000000002309 ) ) ;
#3087 = EDGE_LOOP ( 'NONE', ( #44, #4869, #4149, #3105 ) ) ;
#3088 = DIRECTION ( 'NONE',  ( -0.7071067811865474617, -0.7071067811865474617, -0.000000000000000000 ) ) ;
#3089 = CARTESIAN_POINT ( 'NONE',  ( 73.74807733323545733, 41.35871309031684007, 4.000000000000000000 ) ) ;
#3090 = ORIENTED_EDGE ( 'NONE', *, *, #1168, .T. ) ;
#3091 = ORIENTED_EDGE ( 'NONE', *, *, #6080, .F. ) ;
#3092 = ORIENTED_EDGE ( 'NONE', *, *, #4423, .F. ) ;
#3093 = EDGE_CURVE ( 'NONE', #6802, #5572, #2649, .T. ) ;
#3094 = ORIENTED_EDGE ( 'NONE', *, *, #3949, .T. ) ;
#3095 = PLANE ( 'NONE',  #4882 ) ;
#3096 = FACE_OUTER_BOUND ( 'NONE', #2306, .T. ) ;
#3097 = CARTESIAN_POINT ( 'NONE',  ( 73.34807733323548007, 40.95871309031685570, 5.600000000000016520 ) ) ;
#3098 = ORIENTED_EDGE ( 'NONE', *, *, #5783, .F. ) ;
#3099 = VERTEX_POINT ( 'NONE', #4426 ) ;
#3100 = DIRECTION ( 'NONE',  ( -1.887397745837881465E-14, -1.000000000000000000, 0.000000000000000000 ) ) ;
#3101 = CARTESIAN_POINT ( 'NONE',  ( 58.23157658086555699, 31.35317541498459804, 4.400000000000011902 ) ) ;
#3102 = VECTOR ( 'NONE', #3596, 1000.000000000000000 ) ;
#3103 = LINE ( 'NONE', #5366, #3006 ) ;
#3104 = EDGE_CURVE ( 'NONE', #5583, #4622, #4946, .T. ) ;
#3105 = ORIENTED_EDGE ( 'NONE', *, *, #6350, .F. ) ;
#3106 = AXIS2_PLACEMENT_3D ( 'NONE', #1637, #1784, #3940 ) ;
#3107 = CARTESIAN_POINT ( 'NONE',  ( 25.36039022804750687, 52.37490806565516266, 4.000000000000000000 ) ) ;
#3108 = FACE_OUTER_BOUND ( 'NONE', #5693, .T. ) ;
#3109 = DIRECTION ( 'NONE',  ( -0.000000000000000000, -0.000000000000000000, 1.000000000000000000 ) ) ;
#3111 = LINE ( 'NONE', #4276, #3419 ) ;
#3110 = LINE ( 'NONE', #7002, #7130 ) ;
#3112 = DIRECTION ( 'NONE',  ( 0.7071067811863814834, 0.7071067811867136621, 0.000000000000000000 ) ) ;
#3113 = VECTOR ( 'NONE', #4934, 1000.000000000000000 ) ;
#3114 = LINE ( 'NONE', #3149, #6459 ) ;
#3115 = ORIENTED_EDGE ( 'NONE', *, *, #6994, .F. ) ;
#3116 = VECTOR ( 'NONE', #6683, 1000.000000000000000 ) ;
#3117 = DIRECTION ( 'NONE',  ( 0.000000000000000000, 0.7071067811865475727, -0.7071067811865475727 ) ) ;
#3118 = EDGE_LOOP ( 'NONE', ( #4466, #2780 ) ) ;
#3119 = LINE ( 'NONE', #4851, #3067 ) ;
#3120 = LINE ( 'NONE', #5425, #6778 ) ;
#3121 = DIRECTION ( 'NONE',  ( -0.7071067811865352493, -0.7071067811865597852, -6.409875621278103553E-17 ) ) ;
#3122 = LINE ( 'NONE', #4330, #5845 ) ;
#3123 = ORIENTED_EDGE ( 'NONE', *, *, #4469, .T. ) ;
#3124 = LINE ( 'NONE', #7243, #5114 ) ;
#3125 = EDGE_CURVE ( 'NONE', #2580, #5828, #3853, .T. ) ;
#3126 = PLANE ( 'NONE',  #344 ) ;
#3127 = ORIENTED_EDGE ( 'NONE', *, *, #6766, .T. ) ;
#3129 = ORIENTED_EDGE ( 'NONE', *, *, #3523, .T. ) ;
#3128 = ADVANCED_FACE ( 'NONE', ( #1664 ), #572, .F. ) ;
#3130 = ORIENTED_EDGE ( 'NONE', *, *, #1028, .F. ) ;
#3131 = ORIENTED_EDGE ( 'NONE', *, *, #6980, .F. ) ;
#3132 = DIRECTION ( 'NONE',  ( 0.000000000000000000, -1.000000000000000000, 0.000000000000000000 ) ) ;
#3133 = CARTESIAN_POINT ( 'NONE',  ( 11.82328127614996127, 10.52080271220207663, 1.209256430484862532 ) ) ;
#3134 = FACE_OUTER_BOUND ( 'NONE', #6522, .T. ) ;
#3135 = ORIENTED_EDGE ( 'NONE', *, *, #4862, .T. ) ;
#3136 = ORIENTED_EDGE ( 'NONE', *, *, #3624, .F. ) ;
#3137 = CARTESIAN_POINT ( 'NONE',  ( 0.000000000000000000, 24.68592075184099954, 3.600000000000002309 ) ) ;
#3138 = PLANE ( 'NONE',  #4531 ) ;
#3139 = VECTOR ( 'NONE', #3182, 1000.000000000000000 ) ;
#3140 = LINE ( 'NONE', #765, #6882 ) ;
#3141 = ORIENTED_EDGE ( 'NONE', *, *, #1262, .F. ) ;
#3142 = DIRECTION ( 'NONE',  ( 0.2810846377148117914, 0.6785983445458487751, -0.6785983445458487751 ) ) ;
#3143 = CARTESIAN_POINT ( 'NONE',  ( 6.992565577374029395, 5.000000000000023093, 10.00099999999999945 ) ) ;
#3144 = PLANE ( 'NONE',  #5021 ) ;
#3145 = ADVANCED_FACE ( 'NONE', ( #2 ), #6312, .T. ) ;
#3147 = DIRECTION ( 'NONE',  ( 0.2810846377148007447, 0.6785983445458628749, 0.6785983445458393382 ) ) ;
#3146 = DIRECTION ( 'NONE',  ( 0.000000000000000000, -1.000000000000000000, 0.000000000000000000 ) ) ;
#3148 = DIRECTION ( 'NONE',  ( -0.6785983445458539931, 0.2810846377148188968, -0.6785983445458406704 ) ) ;
#3149 = CARTESIAN_POINT ( 'NONE',  ( 73.74807733323545733, 45.55871309031685712, 4.000000000000000000 ) ) ;
#3150 = EDGE_LOOP ( 'NONE', ( #1094, #479, #110, #6202 ) ) ;
#3151 = CARTESIAN_POINT ( 'NONE',  ( 0.000000000000000000, 40.21884720954799519, 1.000000000000000888 ) ) ;
#3152 = ORIENTED_EDGE ( 'NONE', *, *, #5608, .F. ) ;
#3153 = CARTESIAN_POINT ( 'NONE',  ( 7.638803657608024267, 8.415085090169998949, 9.600000000000022737 ) ) ;
#3154 = DIRECTION ( 'NONE',  ( 0.000000000000000000, 0.000000000000000000, -1.000000000000000000 ) ) ;
#3155 = EDGE_CURVE ( 'NONE', #5135, #1386, #3321, .T. ) ;
#3156 = CARTESIAN_POINT ( 'NONE',  ( 77.98218423212703954, 5.000000000000023981, 9.600000000000017408 ) ) ;
#3157 = CARTESIAN_POINT ( 'NONE',  ( 65.54807733323548291, 41.35871309031685428, 5.800000000000008704 ) ) ;
#3158 = EDGE_CURVE ( 'NONE', #3745, #4710, #4605, .T. ) ;
#3159 = CARTESIAN_POINT ( 'NONE',  ( 5.871324698771779538, 34.33421759231527659, 5.599999999999988987 ) ) ;
#3160 = VERTEX_POINT ( 'NONE', #6233 ) ;
#3161 = DIRECTION ( 'NONE',  ( 2.342423510106018633E-15, 1.000000000000000000, 0.000000000000000000 ) ) ;
#3162 = EDGE_CURVE ( 'NONE', #465, #453, #5210, .T. ) ;
#3163 = DIRECTION ( 'NONE',  ( -0.7071067811865455743, 0.7071067811865493491, 0.000000000000000000 ) ) ;
#3164 = ORIENTED_EDGE ( 'NONE', *, *, #1264, .T. ) ;
#3165 = ORIENTED_EDGE ( 'NONE', *, *, #7059, .F. ) ;
#3166 = ORIENTED_EDGE ( 'NONE', *, *, #3192, .T. ) ;
#3167 = EDGE_CURVE ( 'NONE', #5965, #642, #4643, .T. ) ;
#3168 = ORIENTED_EDGE ( 'NONE', *, *, #6485, .T. ) ;
#3169 = DIRECTION ( 'NONE',  ( -1.000000000000000000, 0.000000000000000000, 0.000000000000000000 ) ) ;
#3170 = CARTESIAN_POINT ( 'NONE',  ( 73.15243468099103552, 12.06030566349624422, 4.000000000000000000 ) ) ;
#3171 = ORIENTED_EDGE ( 'NONE', *, *, #5506, .F. ) ;
#3172 = VERTEX_POINT ( 'NONE', #4572 ) ;
#3173 = VECTOR ( 'NONE', #6222, 1000.000000000000114 ) ;
#3174 = CARTESIAN_POINT ( 'NONE',  ( 73.34807733323548007, 40.95871309031685570, 4.399999999999997691 ) ) ;
#3175 = CARTESIAN_POINT ( 'NONE',  ( 68.69560398829815995, 68.69560398829815995, 10.00000000000000000 ) ) ;
#3176 = CARTESIAN_POINT ( 'NONE',  ( 60.17578496594467907, 40.61884720954800088, 1.000000000000000888 ) ) ;
#3177 = EDGE_LOOP ( 'NONE', ( #1581, #7298, #2886, #163, #1283, #2075, #6764, #2355, #4868 ) ) ;
#3178 = PLANE ( 'NONE',  #5029 ) ;
#3179 = CARTESIAN_POINT ( 'NONE',  ( 0.06447612607026798059, -0.06449200066274303478, 6.000000000000000000 ) ) ;
#3180 = CARTESIAN_POINT ( 'NONE',  ( 76.16692151384303600, 56.44252476504900073, 1.000000000000000888 ) ) ;
#3181 = VECTOR ( 'NONE', #1504, 1000.000000000000000 ) ;
#3183 = PLANE ( 'NONE',  #6225 ) ;
#3182 = DIRECTION ( 'NONE',  ( -1.000000000000000000, 0.000000000000000000, 0.000000000000000000 ) ) ;
#3184 = VECTOR ( 'NONE', #5593, 1000.000000000000000 ) ;
#3185 = DIRECTION ( 'NONE',  ( -2.454552982700607282E-14, -0.7071067811865597852, -0.7071067811865352493 ) ) ;
#3186 = CARTESIAN_POINT ( 'NONE',  ( 30.21060500309817698, 25.08592075184101233, 1.000000000000000888 ) ) ;
#3187 = ORIENTED_EDGE ( 'NONE', *, *, #6761, .F. ) ;
#3188 = CARTESIAN_POINT ( 'NONE',  ( 5.000000000000903277, 54.01736618697488979, 10.00099999999999945 ) ) ;
#3189 = VERTEX_POINT ( 'NONE', #498 ) ;
#3190 = VECTOR ( 'NONE', #936, 1000.000000000000114 ) ;
#3191 = DIRECTION ( 'NONE',  ( 1.000000000000000000, 0.000000000000000000, 0.000000000000000000 ) ) ;
#3192 = EDGE_CURVE ( 'NONE', #2300, #5428, #6270, .T. ) ;
#3193 = VECTOR ( 'NONE', #918, 1000.000000000000114 ) ;
#3194 = PLANE ( 'NONE',  #6971 ) ;
#3195 = CARTESIAN_POINT ( 'NONE',  ( 79.57474980950001964, 10.34292617752515397, 1.000000000000000888 ) ) ;
#3196 = PLANE ( 'NONE',  #4875 ) ;
#3197 = EDGE_LOOP ( 'NONE', ( #6451, #4738, #5899, #4249 ) ) ;
#3198 = VECTOR ( 'NONE', #852, 1000.000000000000000 ) ;
#3199 = CARTESIAN_POINT ( 'NONE',  ( 0.000000000000000000, 31.35317541498459804, 6.399999999999999467 ) ) ;
#3200 = CARTESIAN_POINT ( 'NONE',  ( 59.26451324966535594, 38.81380294123921004, -8.361105124415967538 ) ) ;
#3201 = EDGE_LOOP ( 'NONE', ( #4603, #4001, #532, #1238 ) ) ;
#3202 = EDGE_LOOP ( 'NONE', ( #1675, #418, #3279, #1887 ) ) ;
#3203 = EDGE_CURVE ( 'NONE', #6064, #4336, #33, .T. ) ;
#3204 = ORIENTED_EDGE ( 'NONE', *, *, #1107, .F. ) ;
#3205 = AXIS2_PLACEMENT_3D ( 'NONE', #7040, #1333, #3640 ) ;
#3206 = EDGE_CURVE ( 'NONE', #3735, #6306, #3359, .T. ) ;
#3207 = EDGE_CURVE ( 'NONE', #4198, #1002, #5061, .T. ) ;
#3208 = ORIENTED_EDGE ( 'NONE', *, *, #4167, .F. ) ;
#3209 = DIRECTION ( 'NONE',  ( 0.5773502691896257311, -0.5773502691896257311, -0.5773502691896257311 ) ) ;
#3210 = PLANE ( 'NONE',  #1288 ) ;
#3211 = ORIENTED_EDGE ( 'NONE', *, *, #5179, .F. ) ;
#3212 = EDGE_LOOP ( 'NONE', ( #4099, #5662, #7006, #1385 ) ) ;
#3213 = FACE_OUTER_BOUND ( 'NONE', #3965, .T. ) ;
#3214 = DIRECTION ( 'NONE',  ( -0.4999999999999966693, -0.4999999999999991118, 0.7071067811865505703 ) ) ;
#3215 = FACE_OUTER_BOUND ( 'NONE', #1535, .T. ) ;
#3216 = VERTEX_POINT ( 'NONE', #1096 ) ;
#3217 = CARTESIAN_POINT ( 'NONE',  ( 32.18803104567374618, 28.18084737509280657, 18.84081755840788475 ) ) ;
#3218 = AXIS2_PLACEMENT_3D ( 'NONE', #1082, #5690, #521 ) ;
#3219 = VECTOR ( 'NONE', #6836, 999.9999999999998863 ) ;
#3220 = FACE_OUTER_BOUND ( 'NONE', #1243, .T. ) ;
#3221 = CARTESIAN_POINT ( 'NONE',  ( 5.874489965807185854, 50.33421759231526948, 5.599999999999988987 ) ) ;
#3222 = DIRECTION ( 'NONE',  ( 0.7870447919190708408, 0.6168958546732719039, 0.000000000000000000 ) ) ;
#3223 = PLANE ( 'NONE',  #3079 ) ;
#3224 = ORIENTED_EDGE ( 'NONE', *, *, #1375, .T. ) ;
#3225 = FACE_BOUND ( 'NONE', #1737, .T. ) ;
#3226 = ORIENTED_EDGE ( 'NONE', *, *, #1488, .T. ) ;
#3227 = VECTOR ( 'NONE', #5136, 1000.000000000000000 ) ;
#3228 = EDGE_CURVE ( 'NONE', #4157, #6938, #462, .T. ) ;
#3229 = CARTESIAN_POINT ( 'NONE',  ( 7.157441566257593202, 35.62033445980108581, 5.686116867485802473 ) ) ;
#3230 = VECTOR ( 'NONE', #5078, 1000.000000000000000 ) ;
#3231 = DIRECTION ( 'NONE',  ( 0.2810846377148204511, -0.6785983445458528829, 0.6785983445458411145 ) ) ;
#3232 = CARTESIAN_POINT ( 'NONE',  ( 72.94807733323548860, 46.35871309031685428, 4.000000000000000000 ) ) ;
#3233 = VECTOR ( 'NONE', #1191, 1000.000000000000000 ) ;
#3234 = CARTESIAN_POINT ( 'NONE',  ( 54.21415089158462308, 53.90618888308019052, 6.000000000000000000 ) ) ;
#3235 = ORIENTED_EDGE ( 'NONE', *, *, #4155, .F. ) ;
#3236 = CARTESIAN_POINT ( 'NONE',  ( 77.81649880717779411, 5.400000000000034994, 1.000000000000000888 ) ) ;
#3237 = DIRECTION ( 'NONE',  ( -1.000000000000000000, 0.000000000000000000, 0.000000000000000000 ) ) ;
#3238 = EDGE_LOOP ( 'NONE', ( #6686, #6076, #790, #3586 ) ) ;
#3239 = ORIENTED_EDGE ( 'NONE', *, *, #2796, .F. ) ;
#3240 = VERTEX_POINT ( 'NONE', #5746 ) ;
#3241 = ORIENTED_EDGE ( 'NONE', *, *, #5676, .F. ) ;
#3242 = PLANE ( 'NONE',  #5856 ) ;
#3243 = VERTEX_POINT ( 'NONE', #2794 ) ;
#3244 = CARTESIAN_POINT ( 'NONE',  ( 67.63157658086555557, 23.75317541498462148, 5.999999999999987566 ) ) ;
#3245 = ORIENTED_EDGE ( 'NONE', *, *, #6237, .T. ) ;
#3246 = EDGE_LOOP ( 'NONE', ( #7311, #1839, #4863, #531 ) ) ;
#3247 = DIRECTION ( 'NONE',  ( 0.000000000000000000, 0.7071067811865475727, 0.7071067811865475727 ) ) ;
#3248 = ADVANCED_FACE ( 'NONE', ( #5704 ), #7362, .F. ) ;
#3249 = CARTESIAN_POINT ( 'NONE',  ( 12.07195935263215958, 6.980503763349589235E-15, 4.000000000000000000 ) ) ;
#3250 = CARTESIAN_POINT ( 'NONE',  ( 8.888803657608024267, 8.415085090169998949, 10.00099999999999945 ) ) ;
#3251 = ORIENTED_EDGE ( 'NONE', *, *, #1616, .F. ) ;
#3252 = CARTESIAN_POINT ( 'NONE',  ( 41.43180065388673938, 0.000000000000000000, 4.000000000000000000 ) ) ;
#3253 = DIRECTION ( 'NONE',  ( 8.703725631695174026E-05, 0.7071067758298567041, 0.7071067811865622277 ) ) ;
#3254 = DIRECTION ( 'NONE',  ( -0.000000000000000000, -0.000000000000000000, 1.000000000000000000 ) ) ;
#3255 = CONICAL_SURFACE ( 'NONE', #6890, 1.249999999999999334, 0.7853981633974410625 ) ;
#3256 = DIRECTION ( 'NONE',  ( -0.000000000000000000, -0.7071067811865597852, 0.7071067811865352493 ) ) ;
#3257 = EDGE_CURVE ( 'NONE', #4224, #1416, #1622, .T. ) ;
#3258 = EDGE_CURVE ( 'NONE', #642, #954, #1021, .T. ) ;
#3259 = DIRECTION ( 'NONE',  ( 0.7071067811865412445, 0.000000000000000000, 0.7071067811865537900 ) ) ;
#3260 = ORIENTED_EDGE ( 'NONE', *, *, #3914, .T. ) ;
#3261 = CARTESIAN_POINT ( 'NONE',  ( 24.39487291362403454, 53.90641816659306329, 5.599999999999988987 ) ) ;
#3262 = VERTEX_POINT ( 'NONE', #2338 ) ;
#3263 = EDGE_LOOP ( 'NONE', ( #3568, #6499, #2187, #2648 ) ) ;
#3264 = CARTESIAN_POINT ( 'NONE',  ( 30.61060500309818622, 24.68592075184099954, 1.400000000000012346 ) ) ;
#3265 = EDGE_CURVE ( 'NONE', #1508, #446, #6945, .T. ) ;
#3266 = AXIS2_PLACEMENT_3D ( 'NONE', #1083, #3384, #7037 ) ;
#3267 = VECTOR ( 'NONE', #2661, 1000.000000000000000 ) ;
#3268 = CARTESIAN_POINT ( 'NONE',  ( 57.83157658086553710, 23.35317541498460869, 5.999999999999987566 ) ) ;
#3269 = DIRECTION ( 'NONE',  ( 0.6785983445458489971, 0.2810846377148487063, 0.6785983445458332319 ) ) ;
#3271 = FACE_OUTER_BOUND ( 'NONE', #27, .T. ) ;
#3270 = LINE ( 'NONE', #7137, #434 ) ;
#3272 = LINE ( 'NONE', #5580, #6657 ) ;
#3273 = LINE ( 'NONE', #7162, #181 ) ;
#3274 = FACE_OUTER_BOUND ( 'NONE', #1894, .T. ) ;
#3275 = ADVANCED_FACE ( 'NONE', ( #2190 ), #5093, .F. ) ;
#3276 = VERTEX_POINT ( 'NONE', #2936 ) ;
#3277 = EDGE_LOOP ( 'NONE', ( #1769, #6515 ) ) ;
#3278 = ORIENTED_EDGE ( 'NONE', *, *, #4767, .T. ) ;
#3279 = ORIENTED_EDGE ( 'NONE', *, *, #6987, .T. ) ;
#3280 = DIRECTION ( 'NONE',  ( 0.000000000000000000, 0.7071067811865352493, -0.7071067811865597852 ) ) ;
#3281 = VERTEX_POINT ( 'NONE', #1840 ) ;
#3282 = UNCERTAINTY_MEASURE_WITH_UNIT (LENGTH_MEASURE( 1.000000000000000082E-05 ), #7200, 'distance_accuracy_value', 'NONE');
#3283 = VERTEX_POINT ( 'NONE', #3613 ) ;
#3284 = EDGE_CURVE ( 'NONE', #1312, #5703, #2977, .T. ) ;
#3285 = CARTESIAN_POINT ( 'NONE',  ( 67.23157658086553568, 31.75317541498461082, 5.999999999999987566 ) ) ;
#3286 = EDGE_CURVE ( 'NONE', #6927, #6115, #5280, .T. ) ;
#3287 = LINE ( 'NONE', #3442, #2349 ) ;
#3288 = CARTESIAN_POINT ( 'NONE',  ( 41.59129232967453049, 41.59129232967430312, 10.00000000000000000 ) ) ;
#3289 = AXIS2_PLACEMENT_3D ( 'NONE', #2866, #3385, #6828 ) ;
#3290 = ORIENTED_EDGE ( 'NONE', *, *, #3207, .T. ) ;
#3291 = EDGE_CURVE ( 'NONE', #5504, #5135, #1950, .T. ) ;
#3292 = EDGE_CURVE ( 'NONE', #6264, #5495, #4139, .T. ) ;
#3293 = LINE ( 'NONE', #3252, #460 ) ;
#3294 = EDGE_CURVE ( 'NONE', #2904, #2497, #3538, .T. ) ;
#3295 = DIRECTION ( 'NONE',  ( 0.7071067811865475727, 0.000000000000000000, -0.7071067811865475727 ) ) ;
#3296 = LINE ( 'NONE', #512, #4757 ) ;
#3297 = CARTESIAN_POINT ( 'NONE',  ( 18.21060500309819474, 24.68592075184099954, 4.000000000000000000 ) ) ;
#3298 = CARTESIAN_POINT ( 'NONE',  ( 74.91692151384303600, 56.44252476504900073, 9.600000000000019185 ) ) ;
#3299 = EDGE_LOOP ( 'NONE', ( #2135, #2356, #4435, #2097 ) ) ;
#3300 = DIRECTION ( 'NONE',  ( 1.000000000000000000, 0.000000000000000000, 0.000000000000000000 ) ) ;
#3301 = ORIENTED_EDGE ( 'NONE', *, *, #804, .T. ) ;
#3302 = ORIENTED_EDGE ( 'NONE', *, *, #2856, .T. ) ;
#3303 = PLANE ( 'NONE',  #5357 ) ;
#3304 = ADVANCED_FACE ( 'NONE', ( #2447 ), #4746, .F. ) ;
#3305 = VECTOR ( 'NONE', #2453, 1000.000000000000000 ) ;
#3306 = APPLICATION_PROTOCOL_DEFINITION ( 'draft international standard', 'automotive_design', 1998, #6049 ) ;
#3307 = AXIS2_PLACEMENT_3D ( 'NONE', #1632, #1562, #921 ) ;
#3308 = PRESENTATION_STYLE_ASSIGNMENT (( #6716 ) ) ;
#3309 = DIRECTION ( 'NONE',  ( 0.000000000000000000, -1.000000000000000000, 0.000000000000000000 ) ) ;
#3311 = DIRECTION ( 'NONE',  ( 0.000000000000000000, 0.000000000000000000, -1.000000000000000000 ) ) ;
#3310 = PLANE ( 'NONE',  #6941 ) ;
#3312 = CARTESIAN_POINT ( 'NONE',  ( 67.63157658086555557, 31.75317541498461082, 6.399999999999999467 ) ) ;
#3313 = DIRECTION ( 'NONE',  ( 0.000000000000000000, 1.000000000000000000, 0.000000000000000000 ) ) ;
#3314 = VECTOR ( 'NONE', #18, 999.9999999999998863 ) ;
#3315 = LINE ( 'NONE', #6265, #1078 ) ;
#3316 = EDGE_LOOP ( 'NONE', ( #570, #3092, #784, #6979 ) ) ;
#3317 = ORIENTED_EDGE ( 'NONE', *, *, #4054, .F. ) ;
#3318 = VERTEX_POINT ( 'NONE', #223 ) ;
#3319 = VECTOR ( 'NONE', #2163, 1000.000000000000000 ) ;
#3320 = ORIENTED_EDGE ( 'NONE', *, *, #4046, .T. ) ;
#3321 = LINE ( 'NONE', #2309, #1638 ) ;
#3322 = VECTOR ( 'NONE', #4679, 1000.000000000000000 ) ;
#3323 = EDGE_LOOP ( 'NONE', ( #7242, #778, #4985, #3239 ) ) ;
#3324 = VECTOR ( 'NONE', #2868, 1000.000000000000000 ) ;
#3325 = ORIENTED_EDGE ( 'NONE', *, *, #4310, .F. ) ;
#3326 = VECTOR ( 'NONE', #4110, 1000.000000000000000 ) ;
#3327 = EDGE_CURVE ( 'NONE', #1618, #760, #5388, .T. ) ;
#3328 = DIRECTION ( 'NONE',  ( 0.7071067811865474617, -0.7071067811865474617, 0.000000000000000000 ) ) ;
#3329 = VECTOR ( 'NONE', #7232, 1000.000000000000000 ) ;
#3330 = PLANE ( 'NONE',  #2233 ) ;
#3331 = LINE ( 'NONE', #2512, #764 ) ;
#3332 = DIRECTION ( 'NONE',  ( 0.7100637267678131526, 0.7041374183556817767, 0.000000000000000000 ) ) ;
#3333 = ORIENTED_EDGE ( 'NONE', *, *, #6281, .F. ) ;
#3334 = LINE ( 'NONE', #7447, #2624 ) ;
#3335 = CARTESIAN_POINT ( 'NONE',  ( 0.000000000000000000, 30.68592075184099599, -14.99112027467291597 ) ) ;
#3336 = CARTESIAN_POINT ( 'NONE',  ( 62.49024130048302794, 36.03617221234400603, 1.000000000000000888 ) ) ;
#3337 = LINE ( 'NONE', #513, #3619 ) ;
#3338 = EDGE_CURVE ( 'NONE', #7454, #2785, #5886, .T. ) ;
#3339 = CARTESIAN_POINT ( 'NONE',  ( 73.34807733323548007, 41.35871309031684007, 4.399999999999997691 ) ) ;
#3340 = VERTEX_POINT ( 'NONE', #1311 ) ;
#3341 = CARTESIAN_POINT ( 'NONE',  ( 13.39537314580775273, 44.63823593290887004, 9.898825281214154614 ) ) ;
#3342 = VERTEX_POINT ( 'NONE', #2372 ) ;
#3343 = LINE ( 'NONE', #2781, #6567 ) ;
#3344 = VECTOR ( 'NONE', #2806, 1000.000000000000000 ) ;
#3345 = AXIS2_PLACEMENT_3D ( 'NONE', #7087, #1908, #4210 ) ;
#3346 = PLANE ( 'NONE',  #3381 ) ;
#3348 = LINE ( 'NONE', #2296, #1608 ) ;
#3347 = CARTESIAN_POINT ( 'NONE',  ( 30.61060500309819332, 27.68592075184100310, 1.400000000000008793 ) ) ;
#3349 = DIRECTION ( 'NONE',  ( 0.000000000000000000, 0.000000000000000000, -1.000000000000000000 ) ) ;
#3350 = EDGE_CURVE ( 'NONE', #1856, #188, #187, .T. ) ;
#3351 = AXIS2_PLACEMENT_3D ( 'NONE', #3174, #6127, #959 ) ;
#3352 = PLANE ( 'NONE',  #1271 ) ;
#3353 = CARTESIAN_POINT ( 'NONE',  ( 41.42884860408194214, 26.75317541498458951, -10.67514906227531313 ) ) ;
#3354 = ORIENTED_EDGE ( 'NONE', *, *, #2374, .T. ) ;
#3355 = ORIENTED_EDGE ( 'NONE', *, *, #6734, .F. ) ;
#3356 = ORIENTED_EDGE ( 'NONE', *, *, #2410, .T. ) ;
#3357 = VECTOR ( 'NONE', #5689, 1000.000000000000000 ) ;
#3358 = ORIENTED_EDGE ( 'NONE', *, *, #4305, .T. ) ;
#3359 = LINE ( 'NONE', #5785, #7405 ) ;
#3360 = EDGE_CURVE ( 'NONE', #1513, #1914, #7129, .T. ) ;
#3361 = ADVANCED_FACE ( 'NONE', ( #6416 ), #2411, .T. ) ;
#3362 = AXIS2_PLACEMENT_3D ( 'NONE', #3335, #323, #7263 ) ;
#3363 = ORIENTED_EDGE ( 'NONE', *, *, #4184, .T. ) ;
#3364 = CYLINDRICAL_SURFACE ( 'NONE', #1292, 1.250000000000001110 ) ;
#3365 = LINE ( 'NONE', #5100, #7173 ) ;
#3366 = CARTESIAN_POINT ( 'NONE',  ( 67.63157658086555557, 23.75317541498462148, 5.999999999999987566 ) ) ;
#3367 = VECTOR ( 'NONE', #5165, 1000.000000000000000 ) ;
#3368 = LINE ( 'NONE', #507, #5722 ) ;
#3369 = ORIENTED_EDGE ( 'NONE', *, *, #4271, .T. ) ;
#3370 = CONICAL_SURFACE ( 'NONE', #424, 1.250000000000001110, 0.7853981633974393972 ) ;
#3371 = CARTESIAN_POINT ( 'NONE',  ( 40.11718997729644798, 15.97757722369578381, 21.05859498864822399 ) ) ;
#3372 = DIRECTION ( 'NONE',  ( -0.7071938130861842309, -0.7070197385735585982, 0.000000000000000000 ) ) ;
#3373 = CARTESIAN_POINT ( 'NONE',  ( 12.55661745030439924, -12.55661745031085630, 10.00000000000000000 ) ) ;
#3374 = CARTESIAN_POINT ( 'NONE',  ( 24.39487291362403099, 59.35339717067414256, 9.600000000000015632 ) ) ;
#3375 = DIRECTION ( 'NONE',  ( 0.7071067811865509034, 4.503908432280221320E-16, -0.7071067811865442421 ) ) ;
#3376 = VERTEX_POINT ( 'NONE', #4214 ) ;
#3377 = DIRECTION ( 'NONE',  ( 1.000000000000000000, 0.000000000000000000, 0.000000000000000000 ) ) ;
#3378 = VERTEX_POINT ( 'NONE', #7015 ) ;
#3379 = DIRECTION ( 'NONE',  ( 0.000000000000000000, 1.000000000000000000, 0.000000000000000000 ) ) ;
#3380 = EDGE_CURVE ( 'NONE', #2979, #4170, #6523, .T. ) ;
#3381 = AXIS2_PLACEMENT_3D ( 'NONE', #2326, #4485, #2864 ) ;
#3382 = FACE_OUTER_BOUND ( 'NONE', #5589, .T. ) ;
#3383 = FACE_OUTER_BOUND ( 'NONE', #7133, .T. ) ;
#3385 = DIRECTION ( 'NONE',  ( -1.000000000000000000, 8.260587980841936807E-16, 0.000000000000000000 ) ) ;
#3384 = DIRECTION ( 'NONE',  ( 0.7071067811865597852, -0.7071067811865352493, 0.000000000000000000 ) ) ;
#3386 = EDGE_LOOP ( 'NONE', ( #1731, #374, #3856, #4456 ) ) ;
#3387 = EDGE_CURVE ( 'NONE', #1783, #1618, #4707, .T. ) ;
#3388 = LINE ( 'NONE', #3994, #3324 ) ;
#3389 = ORIENTED_EDGE ( 'NONE', *, *, #4838, .F. ) ;
#3390 = DIRECTION ( 'NONE',  ( -0.000000000000000000, -0.000000000000000000, 1.000000000000000000 ) ) ;
#3391 = EDGE_LOOP ( 'NONE', ( #2873, #1912 ) ) ;
#3392 = VECTOR ( 'NONE', #2015, 1000.000000000000000 ) ;
#3393 = DIRECTION ( 'NONE',  ( -0.000000000000000000, -0.000000000000000000, -1.000000000000000000 ) ) ;
#3394 = ORIENTED_EDGE ( 'NONE', *, *, #2481, .F. ) ;
#3395 = ADVANCED_FACE ( 'NONE', ( #1879 ), #4178, .T. ) ;
#3396 = ADVANCED_FACE ( 'NONE', ( #2486 ), #74, .T. ) ;
#3397 = EDGE_CURVE ( 'NONE', #3471, #6085, #5813, .T. ) ;
#3398 = ORIENTED_EDGE ( 'NONE', *, *, #1593, .T. ) ;
#3399 = VECTOR ( 'NONE', #2142, 999.9999999999998863 ) ;
#3400 = DIRECTION ( 'NONE',  ( -6.369488388617202940E-16, 1.000000000000000000, 0.000000000000000000 ) ) ;
#3401 = ORIENTED_EDGE ( 'NONE', *, *, #1309, .F. ) ;
#3402 = VERTEX_POINT ( 'NONE', #980 ) ;
#3403 = EDGE_CURVE ( 'NONE', #1790, #1438, #939, .T. ) ;
#3404 = ADVANCED_FACE ( 'NONE', ( #6560 ), #1381, .F. ) ;
#3405 = CARTESIAN_POINT ( 'NONE',  ( 46.94653210253800779, 34.88980021391638076, 3.599999999999995648 ) ) ;
#3406 = CARTESIAN_POINT ( 'NONE',  ( 79.97474980950003953, 10.50829548434902350, 10.00099999999999945 ) ) ;
#3407 = LINE ( 'NONE', #4649, #792 ) ;
#3408 = AXIS2_PLACEMENT_3D ( 'NONE', #7430, #7007, #3531 ) ;
#3409 = DIRECTION ( 'NONE',  ( 0.7071067811865494601, 0.7071067811865456854, -0.000000000000000000 ) ) ;
#3410 = ORIENTED_EDGE ( 'NONE', *, *, #3070, .F. ) ;
#3411 = LINE ( 'NONE', #1749, #5525 ) ;
#3412 = CARTESIAN_POINT ( 'NONE',  ( 0.000000000000000000, 53.13706121412302252, 4.000000000000000000 ) ) ;
#3413 = PLANE ( 'NONE',  #7123 ) ;
#3414 = DIRECTION ( 'NONE',  ( 0.7071067811865479058, -0.7071067811865472397, 0.000000000000000000 ) ) ;
#3415 = ORIENTED_EDGE ( 'NONE', *, *, #4256, .T. ) ;
#3416 = PLANE ( 'NONE',  #6274 ) ;
#3417 = EDGE_LOOP ( 'NONE', ( #1850, #4887, #6953, #7106 ) ) ;
#3418 = DIRECTION ( 'NONE',  ( 0.000000000000000000, 0.7071067811865352493, 0.7071067811865597852 ) ) ;
#3419 = VECTOR ( 'NONE', #6548, 1000.000000000000114 ) ;
#3420 = DIRECTION ( 'NONE',  ( 1.355284293265842525E-13, -1.000000000000000000, 0.000000000000000000 ) ) ;
#3421 = DIRECTION ( 'NONE',  ( 1.000000000000000000, 0.000000000000000000, 0.000000000000000000 ) ) ;
#3423 = DIRECTION ( 'NONE',  ( 0.000000000000000000, -1.000000000000000000, 0.000000000000000000 ) ) ;
#3422 = CARTESIAN_POINT ( 'NONE',  ( 67.23157658086553568, 23.35317541498460869, 6.800000000000010481 ) ) ;
#3424 = LINE ( 'NONE', #4666, #5459 ) ;
#3425 = CARTESIAN_POINT ( 'NONE',  ( 0.000000000000000000, 0.000000000000000000, 1.000000000000000888 ) ) ;
#3426 = VERTEX_POINT ( 'NONE', #2562 ) ;
#3427 = ADVANCED_FACE ( 'NONE', ( #7278 ), #1990, .T. ) ;
#3428 = FACE_OUTER_BOUND ( 'NONE', #7292, .T. ) ;
#3429 = VERTEX_POINT ( 'NONE', #3728 ) ;
#3430 = FACE_OUTER_BOUND ( 'NONE', #696, .T. ) ;
#3431 = EDGE_LOOP ( 'NONE', ( #5440, #4252, #3131, #2686 ) ) ;
#3432 = VECTOR ( 'NONE', #1930, 1000.000000000000000 ) ;
#3433 = ORIENTED_EDGE ( 'NONE', *, *, #3655, .F. ) ;
#3434 = VECTOR ( 'NONE', #4105, 1000.000000000000000 ) ;
#3435 = CARTESIAN_POINT ( 'NONE',  ( 68.03157658086556125, 23.35317541498460869, 10.00099999999999945 ) ) ;
#3436 = EDGE_CURVE ( 'NONE', #6720, #5434, #3124, .T. ) ;
#3437 = VECTOR ( 'NONE', #4992, 1000.000000000000000 ) ;
#3438 = EDGE_LOOP ( 'NONE', ( #6913, #6079, #5110, #4623 ) ) ;
#3439 = ADVANCED_FACE ( 'NONE', ( #6034 ), #4857, .F. ) ;
#3440 = VECTOR ( 'NONE', #594, 1000.000000000000000 ) ;
#3441 = VECTOR ( 'NONE', #4559, 1000.000000000000000 ) ;
#3442 = CARTESIAN_POINT ( 'NONE',  ( 11.27132469877176568, 34.73421759231528227, 6.000000000000000000 ) ) ;
#3443 = CARTESIAN_POINT ( 'NONE',  ( 65.34807733323546586, 45.55871309031685712, 5.600000000000016520 ) ) ;
#3444 = VECTOR ( 'NONE', #2299, 1000.000000000000000 ) ;
#3445 = VECTOR ( 'NONE', #3052, 1000.000000000000000 ) ;
#3446 = CARTESIAN_POINT ( 'NONE',  ( 57.83157658086553710, 23.35317541498460869, 10.00099999999999945 ) ) ;
#3447 = VERTEX_POINT ( 'NONE', #863 ) ;
#3448 = ORIENTED_EDGE ( 'NONE', *, *, #1232, .F. ) ;
#3449 = VECTOR ( 'NONE', #4548, 1000.000000000000000 ) ;
#3450 = PLANE ( 'NONE',  #4671 ) ;
#3451 = CARTESIAN_POINT ( 'NONE',  ( 73.74807733323545733, 45.95871309031685570, 4.000000000000000000 ) ) ;
#3452 = CARTESIAN_POINT ( 'NONE',  ( 69.83157658086554420, 23.35317541498460869, 10.00099999999999945 ) ) ;
#3453 = EDGE_CURVE ( 'NONE', #6125, #4207, #3273, .T. ) ;
#3454 = DIRECTION ( 'NONE',  ( 0.7071067811865472397, 0.7071067811865479058, 0.000000000000000000 ) ) ;
#3455 = CARTESIAN_POINT ( 'NONE',  ( 0.000000000000000000, 12.01402484683418415, 1.399999999999984590 ) ) ;
#3456 = ORIENTED_EDGE ( 'NONE', *, *, #6823, .F. ) ;
#3457 = CARTESIAN_POINT ( 'NONE',  ( 77.86634522299085859, 52.75311032234201747, 1.000000000000000888 ) ) ;
#3458 = DIRECTION ( 'NONE',  ( -0.000000000000000000, -0.000000000000000000, 1.000000000000000000 ) ) ;
#3459 = CARTESIAN_POINT ( 'NONE',  ( 76.16692151384303600, 56.44252476504900073, 9.600000000000019185 ) ) ;
#3461 = DIRECTION ( 'NONE',  ( 5.782411586589358625E-16, 1.000000000000000000, 0.000000000000000000 ) ) ;
#3460 = CARTESIAN_POINT ( 'NONE',  ( 72.94807733323548860, 45.95871309031685570, 5.600000000000016520 ) ) ;
#3462 = FACE_OUTER_BOUND ( 'NONE', #1019, .T. ) ;
#3463 = FACE_OUTER_BOUND ( 'NONE', #1680, .T. ) ;
#3464 = EDGE_LOOP ( 'NONE', ( #229, #5517, #5946, #4217 ) ) ;
#3465 = LINE ( 'NONE', #1163, #2801 ) ;
#3466 = EDGE_LOOP ( 'NONE', ( #7434, #3665, #51, #4301 ) ) ;
#3467 = CARTESIAN_POINT ( 'NONE',  ( 58.63157658086556978, 31.75317541498461082, 4.400000000000011902 ) ) ;
#3468 = VERTEX_POINT ( 'NONE', #3236 ) ;
#3469 = VECTOR ( 'NONE', #6470, 1000.000000000000000 ) ;
#3470 = VECTOR ( 'NONE', #7217, 999.9999999999998863 ) ;
#3471 = VERTEX_POINT ( 'NONE', #5466 ) ;
#3472 = DIRECTION ( 'NONE',  ( 0.0001978291858417310619, 0.9999999804318063790, -0.000000000000000000 ) ) ;
#3473 = ORIENTED_EDGE ( 'NONE', *, *, #1701, .F. ) ;
#3474 = VECTOR ( 'NONE', #3818, 1000.000000000000000 ) ;
#3475 = AXIS2_PLACEMENT_3D ( 'NONE', #6673, #4809, #2476 ) ;
#3476 = LINE ( 'NONE', #4079, #909 ) ;
#3477 = VECTOR ( 'NONE', #1363, 1000.000000000000000 ) ;
#3478 = PLANE ( 'NONE',  #2726 ) ;
#3479 = DIRECTION ( 'NONE',  ( 0.7071067811865412445, 0.000000000000000000, 0.7071067811865537900 ) ) ;
#3480 = ORIENTED_EDGE ( 'NONE', *, *, #6481, .F. ) ;
#3481 = ORIENTED_EDGE ( 'NONE', *, *, #4630, .F. ) ;
#3482 = EDGE_CURVE ( 'NONE', #3948, #6687, #6112, .T. ) ;
#3483 = DIRECTION ( 'NONE',  ( -1.000000000000000000, 0.000000000000000000, 0.000000000000000000 ) ) ;
#3484 = EDGE_CURVE ( 'NONE', #6802, #6453, #2599, .T. ) ;
#3485 = DIRECTION ( 'NONE',  ( 0.7071067811867248754, -0.7071067811863702701, 0.000000000000000000 ) ) ;
#3486 = CARTESIAN_POINT ( 'NONE',  ( 54.89695878398387663, 53.62326212213837806, 4.000000000000000000 ) ) ;
#3487 = CARTESIAN_POINT ( 'NONE',  ( 0.000000000000000000, 52.35311032234201889, 4.000000000000000000 ) ) ;
#3488 = ORIENTED_EDGE ( 'NONE', *, *, #684, .T. ) ;
#3489 = ORIENTED_EDGE ( 'NONE', *, *, #6811, .T. ) ;
#3490 = EDGE_CURVE ( 'NONE', #2039, #1849, #4980, .T. ) ;
#3491 = DIRECTION ( 'NONE',  ( 1.000000000000000000, 0.000000000000000000, 0.000000000000000000 ) ) ;
#3492 = LINE ( 'NONE', #486, #4106 ) ;
#3493 = EDGE_CURVE ( 'NONE', #3703, #5919, #2642, .T. ) ;
#3495 = CARTESIAN_POINT ( 'NONE',  ( 40.42884860408195635, 23.35317541498460869, 4.000000000000000000 ) ) ;
#3494 = LINE ( 'NONE', #5158, #986 ) ;
#3496 = CARTESIAN_POINT ( 'NONE',  ( 36.03180065388673370, 38.09286487643512942, 4.000000000000000000 ) ) ;
#3497 = CARTESIAN_POINT ( 'NONE',  ( 5.000000000000903277, 57.98214359204602175, 1.399999999999998579 ) ) ;
#3498 = EDGE_LOOP ( 'NONE', ( #1645, #2421, #3651, #4361 ) ) ;
#3499 = LINE ( 'NONE', #3039, #5701 ) ;
#3500 = ORIENTED_EDGE ( 'NONE', *, *, #1407, .F. ) ;
#3501 = EDGE_CURVE ( 'NONE', #1344, #6538, #2676, .T. ) ;
#3502 = LINE ( 'NONE', #1837, #4186 ) ;
#3503 = ORIENTED_EDGE ( 'NONE', *, *, #5430, .T. ) ;
#3504 = EDGE_CURVE ( 'NONE', #2154, #4765, #5581, .T. ) ;
#3505 = DIRECTION ( 'NONE',  ( 1.000000000000000000, -1.196361017915039831E-15, 0.000000000000000000 ) ) ;
#3506 = VECTOR ( 'NONE', #3309, 1000.000000000000000 ) ;
#3507 = ORIENTED_EDGE ( 'NONE', *, *, #6314, .F. ) ;
#3508 = ORIENTED_EDGE ( 'NONE', *, *, #905, .F. ) ;
#3509 = CARTESIAN_POINT ( 'NONE',  ( 74.51692151384305873, 56.44252476504900073, 10.00000000000000000 ) ) ;
#3510 = CARTESIAN_POINT ( 'NONE',  ( 11.67132469877177670, 34.73421759231527517, 4.400000000000011902 ) ) ;
#3511 = PLANE ( 'NONE',  #6447 ) ;
#3512 = EDGE_CURVE ( 'NONE', #4616, #4931, #6149, .T. ) ;
#3513 = EDGE_LOOP ( 'NONE', ( #6072, #3389, #508, #5261 ) ) ;
#3514 = ORIENTED_EDGE ( 'NONE', *, *, #6528, .T. ) ;
#3515 = CARTESIAN_POINT ( 'NONE',  ( 33.72139248872017703, 28.83401488226877518, -4.655785331647596337 ) ) ;
#3516 = FACE_OUTER_BOUND ( 'NONE', #5628, .T. ) ;
#3517 = FACE_OUTER_BOUND ( 'NONE', #4465, .T. ) ;
#3518 = EDGE_CURVE ( 'NONE', #7391, #6637, #2711, .T. ) ;
#3519 = DIRECTION ( 'NONE',  ( 0.000000000000000000, 1.000000000000000000, 0.000000000000000000 ) ) ;
#3520 = EDGE_LOOP ( 'NONE', ( #3689, #6731, #2181, #6962 ) ) ;
#3521 = EDGE_LOOP ( 'NONE', ( #5269, #1989, #4637, #4899 ) ) ;
#3522 = EDGE_CURVE ( 'NONE', #2770, #1004, #7321, .T. ) ;
#3523 = EDGE_CURVE ( 'NONE', #2059, #6742, #5429, .T. ) ;
#3524 = PLANE ( 'NONE',  #952 ) ;
#3525 = PLANE ( 'NONE',  #6124 ) ;
#3527 = CARTESIAN_POINT ( 'NONE',  ( 30.61060500309818977, 27.68592075184100310, 1.400000000000012346 ) ) ;
#3526 = CARTESIAN_POINT ( 'NONE',  ( 0.000000000000000000, 28.48980021391638573, 4.000000000000000000 ) ) ;
#3528 = DIRECTION ( 'NONE',  ( 0.5773502691896258421, -0.5773502691896258421, -0.5773502691896258421 ) ) ;
#3529 = DIRECTION ( 'NONE',  ( 0.000000000000000000, -1.000000000000000000, 0.000000000000000000 ) ) ;
#3530 = ORIENTED_EDGE ( 'NONE', *, *, #1140, .F. ) ;
#3531 = DIRECTION ( 'NONE',  ( -1.887397745837881465E-14, -1.000000000000000000, 0.000000000000000000 ) ) ;
#3532 = ORIENTED_EDGE ( 'NONE', *, *, #7094, .F. ) ;
#3533 = LINE ( 'NONE', #4174, #5877 ) ;
#3534 = ADVANCED_FACE ( 'NONE', ( #1463 ), #4371, .T. ) ;
#3535 = AXIS2_PLACEMENT_3D ( 'NONE', #3882, #1084, #1612 ) ;
#3536 = CARTESIAN_POINT ( 'NONE',  ( 7.054993882074345635, -7.054993882074247047, 10.00000000000000000 ) ) ;
#3537 = ORIENTED_EDGE ( 'NONE', *, *, #5383, .T. ) ;
#3538 = LINE ( 'NONE', #4818, #4144 ) ;
#3539 = ORIENTED_EDGE ( 'NONE', *, *, #2557, .F. ) ;
#3540 = ORIENTED_EDGE ( 'NONE', *, *, #5000, .F. ) ;
#3541 = VECTOR ( 'NONE', #5952, 1000.000000000000114 ) ;
#3542 = AXIS2_PLACEMENT_3D ( 'NONE', #995, #356, #7297 ) ;
#3543 = CARTESIAN_POINT ( 'NONE',  ( 30.61060500309819332, 27.68592075184100310, 3.599999999999999201 ) ) ;
#3544 = LINE ( 'NONE', #7103, #3326 ) ;
#3545 = EDGE_CURVE ( 'NONE', #1325, #6944, #6226, .T. ) ;
#3546 = ADVANCED_FACE ( 'NONE', ( #6338 ), #5087, .F. ) ;
#3547 = AXIS2_PLACEMENT_3D ( 'NONE', #297, #1502, #3843 ) ;
#3548 = LINE ( 'NONE', #688, #4995 ) ;
#3549 = VERTEX_POINT ( 'NONE', #2219 ) ;
#3550 = ORIENTED_EDGE ( 'NONE', *, *, #7053, .T. ) ;
#3551 = AXIS2_PLACEMENT_3D ( 'NONE', #5930, #4759, #5296 ) ;
#3552 = CARTESIAN_POINT ( 'NONE',  ( 6.992565577373027530, 59.97470916941908570, 9.600000000000015632 ) ) ;
#3553 = DIRECTION ( 'NONE',  ( -0.7071067811867248754, 0.7071067811863702701, 0.000000000000000000 ) ) ;
#3554 = CARTESIAN_POINT ( 'NONE',  ( 5.875044450089791148, 53.13706121412302252, 4.000000000000000000 ) ) ;
#3555 = ORIENTED_EDGE ( 'NONE', *, *, #6826, .T. ) ;
#3556 = ORIENTED_EDGE ( 'NONE', *, *, #2084, .F. ) ;
#3557 = AXIS2_PLACEMENT_3D ( 'NONE', #6906, #525, #5775 ) ;
#3558 = FACE_OUTER_BOUND ( 'NONE', #73, .T. ) ;
#3559 = DIRECTION ( 'NONE',  ( 1.000000000000000000, 0.000000000000000000, 0.000000000000000000 ) ) ;
#3560 = CARTESIAN_POINT ( 'NONE',  ( -21.63100838201660281, 21.63100838201653531, 1.399999999999998579 ) ) ;
#3561 = ADVANCED_FACE ( 'NONE', ( #3463 ), #4597, .F. ) ;
#3563 = DIRECTION ( 'NONE',  ( 0.0001230892683152483562, 0.9999999924245159821, 0.000000000000000000 ) ) ;
#3562 = DIRECTION ( 'NONE',  ( 0.000000000000000000, 0.000000000000000000, 1.000000000000000000 ) ) ;
#3564 = CARTESIAN_POINT ( 'NONE',  ( 57.83157658086553710, 23.35317541498460869, 4.000000000000000000 ) ) ;
#3565 = CARTESIAN_POINT ( 'NONE',  ( 6.271324690944501512, 34.33413846064093633, 10.00000000000000000 ) ) ;
#3566 = ORIENTED_EDGE ( 'NONE', *, *, #160, .F. ) ;
#3567 = LINE ( 'NONE', #65, #519 ) ;
#3568 = ORIENTED_EDGE ( 'NONE', *, *, #5753, .T. ) ;
#3569 = ADVANCED_FACE ( 'NONE', ( #490 ), #6301, .T. ) ;
#3570 = DIRECTION ( 'NONE',  ( -0.000000000000000000, -0.000000000000000000, -1.000000000000000000 ) ) ;
#3571 = CARTESIAN_POINT ( 'NONE',  ( 11.27132469877176568, 33.93421759231524959, 4.000000000000000000 ) ) ;
#3572 = ADVANCED_FACE ( 'NONE', ( #3918 ), #1050, .T. ) ;
#3573 = LINE ( 'NONE', #2973, #4916 ) ;
#3574 = ORIENTED_EDGE ( 'NONE', *, *, #3980, .T. ) ;
#3575 = CARTESIAN_POINT ( 'NONE',  ( -7.214347219674895229, 12.93252939528298029, -14.99112027467291597 ) ) ;
#3576 = ORIENTED_EDGE ( 'NONE', *, *, #6848, .F. ) ;
#3577 = EDGE_LOOP ( 'NONE', ( #3769, #5509, #2108, #2070 ) ) ;
#3578 = CONICAL_SURFACE ( 'NONE', #337, 1.250000000000001110, 0.7853981633974393972 ) ;
#3579 = ADVANCED_FACE ( 'NONE', ( #3959 ), #3352, .F. ) ;
#3580 = DIRECTION ( 'NONE',  ( 1.259290296542222077E-16, -1.000000000000000000, 0.000000000000000000 ) ) ;
#3581 = EDGE_CURVE ( 'NONE', #5888, #4622, #602, .T. ) ;
#3582 = PLANE ( 'NONE',  #5365 ) ;
#3583 = VECTOR ( 'NONE', #1426, 1000.000000000000000 ) ;
#3584 = VECTOR ( 'NONE', #1590, 1000.000000000000000 ) ;
#3585 = FACE_OUTER_BOUND ( 'NONE', #1955, .T. ) ;
#3586 = ORIENTED_EDGE ( 'NONE', *, *, #1293, .F. ) ;
#3587 = ORIENTED_EDGE ( 'NONE', *, *, #2041, .T. ) ;
#3588 = ADVANCED_FACE ( 'NONE', ( #1614 ), #7464, .T. ) ;
#3589 = CARTESIAN_POINT ( 'NONE',  ( 74.51692151384303031, 8.415085090169998949, 1.000000000000000888 ) ) ;
#3590 = VECTOR ( 'NONE', #3723, 1000.000000000000000 ) ;
#3591 = LINE ( 'NONE', #622, #5356 ) ;
#3592 = ADVANCED_FACE ( 'NONE', ( #2786, #2824 ), #4525, .T. ) ;
#3593 = FACE_OUTER_BOUND ( 'NONE', #4129, .T. ) ;
#3594 = ORIENTED_EDGE ( 'NONE', *, *, #1854, .T. ) ;
#3595 = VERTEX_POINT ( 'NONE', #1655 ) ;
#3596 = DIRECTION ( 'NONE',  ( -0.000000000000000000, -0.000000000000000000, -1.000000000000000000 ) ) ;
#3597 = FACE_OUTER_BOUND ( 'NONE', #212, .T. ) ;
#3598 = LINE ( 'NONE', #1899, #817 ) ;
#3600 = CARTESIAN_POINT ( 'NONE',  ( 73.34807733323548007, 41.35871309031684007, 5.600000000000016520 ) ) ;
#3599 = DIRECTION ( 'NONE',  ( -0.7071067811865352493, -0.7071067811865597852, -0.000000000000000000 ) ) ;
#3601 = CARTESIAN_POINT ( 'NONE',  ( 78.02831089662203112, 12.45999491999002373, 1.400000000000012346 ) ) ;
#3602 = LINE ( 'NONE', #2365, #5496 ) ;
#3603 = VERTEX_POINT ( 'NONE', #1087 ) ;
#3604 = DIRECTION ( 'NONE',  ( -0.7071067811865460184, 0.7071067811865489050, 0.000000000000000000 ) ) ;
#3605 = ORIENTED_EDGE ( 'NONE', *, *, #3387, .F. ) ;
#3606 = CARTESIAN_POINT ( 'NONE',  ( 58.23157658086555699, 31.35317541498459804, 5.999999999999987566 ) ) ;
#3607 = EDGE_CURVE ( 'NONE', #690, #4463, #3388, .T. ) ;
#3608 = DIRECTION ( 'NONE',  ( -0.5773502691896258421, -0.5773502691896258421, -0.5773502691896258421 ) ) ;
#3609 = ADVANCED_FACE ( 'NONE', ( #5694 ), #4564, .T. ) ;
#3610 = VECTOR ( 'NONE', #6467, 1000.000000000000000 ) ;
#3611 = CARTESIAN_POINT ( 'NONE',  ( 73.49280921946768785, 6.402792509853531655, 1.059625461523360235 ) ) ;
#3612 = ORIENTED_EDGE ( 'NONE', *, *, #2278, .F. ) ;
#3613 = CARTESIAN_POINT ( 'NONE',  ( 32.28461389152570860, 28.48980021391638573, 4.000000000000000000 ) ) ;
#3614 = EDGE_LOOP ( 'NONE', ( #3806, #7031, #7426, #1807, #2910, #6835 ) ) ;
#3615 = EDGE_CURVE ( 'NONE', #6036, #6649, #2144, .T. ) ;
#3616 = ORIENTED_EDGE ( 'NONE', *, *, #6286, .T. ) ;
#3617 = EDGE_CURVE ( 'NONE', #4622, #3012, #1728, .T. ) ;
#3618 = EDGE_CURVE ( 'NONE', #154, #1667, #3884, .T. ) ;
#3619 = VECTOR ( 'NONE', #2854, 1000.000000000000114 ) ;
#3620 = LINE ( 'NONE', #6985, #3927 ) ;
#3621 = LINE ( 'NONE', #1241, #192 ) ;
#3622 = DIRECTION ( 'NONE',  ( 0.000000000000000000, 0.000000000000000000, 1.000000000000000000 ) ) ;
#3623 = ORIENTED_EDGE ( 'NONE', *, *, #7033, .F. ) ;
#3624 = EDGE_CURVE ( 'NONE', #3078, #6938, #4168, .T. ) ;
#3625 = ORIENTED_EDGE ( 'NONE', *, *, #396, .T. ) ;
#3626 = EDGE_CURVE ( 'NONE', #7338, #1453, #6476, .T. ) ;
#3627 = ADVANCED_FACE ( 'NONE', ( #1800 ), #3676, .F. ) ;
#3628 = CYLINDRICAL_SURFACE ( 'NONE', #1417, 1.250000000000001110 ) ;
#3629 = DIRECTION ( 'NONE',  ( -0.7071067811865480168, 1.533293416683375124E-16, -0.7071067811865470176 ) ) ;
#3630 = VECTOR ( 'NONE', #5313, 1000.000000000000000 ) ;
#3631 = CARTESIAN_POINT ( 'NONE',  ( 10.13880365760802604, 56.44252476504900073, 10.00099999999999945 ) ) ;
#3632 = ORIENTED_EDGE ( 'NONE', *, *, #6811, .F. ) ;
#3633 = ORIENTED_EDGE ( 'NONE', *, *, #1999, .T. ) ;
#3634 = CARTESIAN_POINT ( 'NONE',  ( 25.80259051930083558, 26.10239800411699207, -0.9835227477240039429 ) ) ;
#3635 = LINE ( 'NONE', #846, #2156 ) ;
#3636 = CARTESIAN_POINT ( 'NONE',  ( 62.49024130048302794, 35.63617221234400034, 1.000000000000000888 ) ) ;
#3638 = DIRECTION ( 'NONE',  ( -1.000000000000000000, 0.000000000000000000, 0.000000000000000000 ) ) ;
#3637 = DIRECTION ( 'NONE',  ( -0.7071067811865495711, -0.7071067811865455743, 0.000000000000000000 ) ) ;
#3639 = FACE_OUTER_BOUND ( 'NONE', #2632, .T. ) ;
#3640 = DIRECTION ( 'NONE',  ( -2.168404344971008868E-16, -1.000000000000000000, 0.000000000000000000 ) ) ;
#3641 = ORIENTED_EDGE ( 'NONE', *, *, #1080, .F. ) ;
#3642 = CARTESIAN_POINT ( 'NONE',  ( 5.875044450089777825, 53.13706121412302252, 1.399999999999998579 ) ) ;
#3643 = VERTEX_POINT ( 'NONE', #6373 ) ;
#3644 = PLANE ( 'NONE',  #6733 ) ;
#3645 = CARTESIAN_POINT ( 'NONE',  ( 11.61402484566509763, 6.000000000000052403, 1.000000000000000888 ) ) ;
#3646 = CARTESIAN_POINT ( 'NONE',  ( 36.63180065388673512, 38.69286487643513084, 3.399999999999983036 ) ) ;
#3647 = VERTEX_POINT ( 'NONE', #1263 ) ;
#3648 = DIRECTION ( 'NONE',  ( 0.6787005645107184737, 0.2805906047352552668, -0.6787005645106949370 ) ) ;
#3649 = DIRECTION ( 'NONE',  ( -0.7071067811865475727, -0.7071067811865475727, 0.000000000000000000 ) ) ;
#3650 = ORIENTED_EDGE ( 'NONE', *, *, #203, .F. ) ;
#3651 = ORIENTED_EDGE ( 'NONE', *, *, #5921, .T. ) ;
#3652 = ORIENTED_EDGE ( 'NONE', *, *, #3512, .F. ) ;
#3653 = ORIENTED_EDGE ( 'NONE', *, *, #3780, .F. ) ;
#3654 = CARTESIAN_POINT ( 'NONE',  ( 65.74807733323545733, 46.35871309031685428, 4.000000000000000000 ) ) ;
#3655 = EDGE_CURVE ( 'NONE', #1571, #3719, #1196, .T. ) ;
#3656 = CARTESIAN_POINT ( 'NONE',  ( 12.01402484566508733, 10.59981128563069674, 4.000000000000000000 ) ) ;
#3657 = LINE ( 'NONE', #1436, #2379 ) ;
#3658 = ORIENTED_EDGE ( 'NONE', *, *, #5423, .T. ) ;
#3659 = ORIENTED_EDGE ( 'NONE', *, *, #4037, .T. ) ;
#3660 = AXIS2_PLACEMENT_3D ( 'NONE', #3443, #5752, #2884 ) ;
#3661 = AXIS2_PLACEMENT_3D ( 'NONE', #4258, #3737, #5964 ) ;
#3662 = LINE ( 'NONE', #3515, #822 ) ;
#3663 = CARTESIAN_POINT ( 'NONE',  ( 45.06620478199096169, 44.94473536320227680, 10.00000000000000000 ) ) ;
#3664 = PLANE ( 'NONE',  #6328 ) ;
#3665 = ORIENTED_EDGE ( 'NONE', *, *, #894, .F. ) ;
#3666 = VECTOR ( 'NONE', #4307, 1000.000000000000114 ) ;
#3667 = DIRECTION ( 'NONE',  ( -0.000000000000000000, -0.000000000000000000, 1.000000000000000000 ) ) ;
#3668 = DIRECTION ( 'NONE',  ( 0.000000000000000000, 0.000000000000000000, 1.000000000000000000 ) ) ;
#3669 = CARTESIAN_POINT ( 'NONE',  ( 40.83180065388673796, 38.69286487643512373, -6.830045703262805468 ) ) ;
#3670 = AXIS2_PLACEMENT_3D ( 'NONE', #613, #1240, #39 ) ;
#3672 = CARTESIAN_POINT ( 'NONE',  ( 5.400000000000900968, 57.81645816709684738, 1.000000000000000888 ) ) ;
#3671 = DIRECTION ( 'NONE',  ( 0.000000000000000000, 0.000000000000000000, 1.000000000000000000 ) ) ;
#3673 = CARTESIAN_POINT ( 'NONE',  ( 76.16692151384303600, 56.44252476504900073, 1.400000000000005462 ) ) ;
#3674 = PLANE ( 'NONE',  #677 ) ;
#3675 = EDGE_LOOP ( 'NONE', ( #1916, #814, #4609, #464 ) ) ;
#3676 = CONICAL_SURFACE ( 'NONE', #6456, 1.250000000000001110, 0.7853981633974393972 ) ;
#3677 = CARTESIAN_POINT ( 'NONE',  ( 73.34807733323548007, 45.95871309031685570, 5.000000000000000000 ) ) ;
#3678 = EDGE_LOOP ( 'NONE', ( #987, #1319, #3688 ) ) ;
#3679 = VECTOR ( 'NONE', #3209, 999.9999999999998863 ) ;
#3680 = FACE_OUTER_BOUND ( 'NONE', #5253, .T. ) ;
#3681 = CARTESIAN_POINT ( 'NONE',  ( 67.23157658086553568, 23.75317541498462148, 6.399999999999999467 ) ) ;
#3682 = CARTESIAN_POINT ( 'NONE',  ( 77.62829547680469489, 12.29464107465768663, 1.000000000000000888 ) ) ;
#3683 = VECTOR ( 'NONE', #4881, 1000.000000000000000 ) ;
#3684 = FACE_OUTER_BOUND ( 'NONE', #4045, .T. ) ;
#3685 = VERTEX_POINT ( 'NONE', #741 ) ;
#3686 = DIRECTION ( 'NONE',  ( 1.000000000000000000, -1.577021341797097018E-15, 0.000000000000000000 ) ) ;
#3687 = CARTESIAN_POINT ( 'NONE',  ( 23.49071820240447295, 59.69186645694446725, 10.00000000000000000 ) ) ;
#3688 = ORIENTED_EDGE ( 'NONE', *, *, #6271, .F. ) ;
#3689 = ORIENTED_EDGE ( 'NONE', *, *, #6570, .F. ) ;
#3690 = ORIENTED_EDGE ( 'NONE', *, *, #2796, .T. ) ;
#3691 = ORIENTED_EDGE ( 'NONE', *, *, #3030, .F. ) ;
#3692 = DIRECTION ( 'NONE',  ( 0.000000000000000000, -0.7071067811865352493, 0.7071067811865597852 ) ) ;
#3693 = DIRECTION ( 'NONE',  ( -0.7071938130861842309, -0.7070197385735585982, 0.000000000000000000 ) ) ;
#3694 = LINE ( 'NONE', #7104, #6242 ) ;
#3695 = ORIENTED_EDGE ( 'NONE', *, *, #5073, .T. ) ;
#3696 = VECTOR ( 'NONE', #6744, 1000.000000000000000 ) ;
#3697 = EDGE_LOOP ( 'NONE', ( #4113, #6269, #1613, #302 ) ) ;
#3698 = EDGE_CURVE ( 'NONE', #4198, #1771, #2437, .T. ) ;
#3699 = PLANE ( 'NONE',  #1785 ) ;
#3700 = PLANE ( 'NONE',  #1864 ) ;
#3701 = VECTOR ( 'NONE', #2202, 1000.000000000000000 ) ;
#3702 = DIRECTION ( 'NONE',  ( 1.577021341797097018E-15, 1.000000000000000000, 0.000000000000000000 ) ) ;
#3703 = VERTEX_POINT ( 'NONE', #5341 ) ;
#3704 = EDGE_CURVE ( 'NONE', #5141, #4948, #4737, .T. ) ;
#3705 = AXIS2_PLACEMENT_3D ( 'NONE', #4123, #5769, #6929 ) ;
#3706 = ADVANCED_FACE ( 'NONE', ( #176 ), #2928, .T. ) ;
#3707 = CARTESIAN_POINT ( 'NONE',  ( 64.94807733323548860, 41.35871309031685428, 4.000000000000000000 ) ) ;
#3708 = EDGE_CURVE ( 'NONE', #4253, #188, #3602, .T. ) ;
#3709 = CARTESIAN_POINT ( 'NONE',  ( 72.94807733323548860, 45.95871309031685570, 4.399999999999983480 ) ) ;
#3710 = CARTESIAN_POINT ( 'NONE',  ( 65.74807733323545733, 45.95871309031685570, 4.000000000000000000 ) ) ;
#3712 = DIRECTION ( 'NONE',  ( -1.000000000000000000, 0.000000000000000000, 0.000000000000000000 ) ) ;
#3711 = CARTESIAN_POINT ( 'NONE',  ( 25.52610449534172687, 52.77490806565516834, 4.400000000000011902 ) ) ;
#3713 = FACE_OUTER_BOUND ( 'NONE', #4905, .T. ) ;
#3714 = AXIS2_PLACEMENT_3D ( 'NONE', #3179, #1034, #4997 ) ;
#3715 = CARTESIAN_POINT ( 'NONE',  ( 79.97474980950003953, 6.992565577373023977, 1.400000000000012346 ) ) ;
#3716 = ORIENTED_EDGE ( 'NONE', *, *, #3899, .F. ) ;
#3717 = AXIS2_PLACEMENT_3D ( 'NONE', #3353, #6762, #1123 ) ;
#3718 = LINE ( 'NONE', #4930, #224 ) ;
#3719 = VERTEX_POINT ( 'NONE', #5908 ) ;
#3720 = DIRECTION ( 'NONE',  ( -1.000000000000000000, 0.000000000000000000, 0.000000000000000000 ) ) ;
#3721 = ADVANCED_FACE ( 'NONE', ( #6407 ), #669, .F. ) ;
#3722 = LINE ( 'NONE', #711, #4607 ) ;
#3723 = DIRECTION ( 'NONE',  ( -0.000000000000000000, -0.000000000000000000, 1.000000000000000000 ) ) ;
#3724 = CARTESIAN_POINT ( 'NONE',  ( 5.871324698771779538, 34.33421759231527659, 9.600000000000015632 ) ) ;
#3725 = AXIS2_PLACEMENT_3D ( 'NONE', #2755, #3390, #5696 ) ;
#3726 = FACE_OUTER_BOUND ( 'NONE', #3755, .T. ) ;
#3727 = ORIENTED_EDGE ( 'NONE', *, *, #1398, .F. ) ;
#3728 = CARTESIAN_POINT ( 'NONE',  ( 36.63180065388673512, 38.69286487643513084, 1.400000000000012346 ) ) ;
#3729 = ADVANCED_FACE ( 'NONE', ( #5805 ), #3077, .F. ) ;
#3730 = LINE ( 'NONE', #3200, #6573 ) ;
#3731 = EDGE_LOOP ( 'NONE', ( #2160, #4941, #1251, #5349 ) ) ;
#3732 = ORIENTED_EDGE ( 'NONE', *, *, #4813, .F. ) ;
#3733 = ORIENTED_EDGE ( 'NONE', *, *, #1601, .T. ) ;
#3734 = EDGE_CURVE ( 'NONE', #1067, #6819, #25, .T. ) ;
#3735 = VERTEX_POINT ( 'NONE', #7005 ) ;
#3736 = DIRECTION ( 'NONE',  ( 0.000000000000000000, 0.000000000000000000, -1.000000000000000000 ) ) ;
#3737 = DIRECTION ( 'NONE',  ( -0.000000000000000000, -0.000000000000000000, -1.000000000000000000 ) ) ;
#3738 = EDGE_LOOP ( 'NONE', ( #2765, #6321, #5669, #6132 ) ) ;
#3739 = ORIENTED_EDGE ( 'NONE', *, *, #6429, .F. ) ;
#3740 = CARTESIAN_POINT ( 'NONE',  ( 73.34807733323548007, 45.55871309031685712, 4.399999999999997691 ) ) ;
#3741 = CARTESIAN_POINT ( 'NONE',  ( 75.41657697571172037, 52.35311032234202600, 1.399999999999998579 ) ) ;
#3742 = ADVANCED_FACE ( 'NONE', ( #4631 ), #3000, .T. ) ;
#3743 = AXIS2_PLACEMENT_3D ( 'NONE', #440, #927, #285 ) ;
#3744 = DIRECTION ( 'NONE',  ( 1.000000000000000000, 0.000000000000000000, 0.000000000000000000 ) ) ;
#3745 = VERTEX_POINT ( 'NONE', #4064 ) ;
#3746 = CARTESIAN_POINT ( 'NONE',  ( 73.15243468099103552, 6.261804759730023484, 9.600000000000015632 ) ) ;
#3747 = CARTESIAN_POINT ( 'NONE',  ( 16.26968486712803141, 5.000000000000023093, 1.399999999999984590 ) ) ;
#3748 = DIRECTION ( 'NONE',  ( -0.000000000000000000, -0.000000000000000000, -1.000000000000000000 ) ) ;
#3750 = CARTESIAN_POINT ( 'NONE',  ( 65.34807733323546586, 41.35871309031685428, 4.399999999999997691 ) ) ;
#3749 = LINE ( 'NONE', #6668, #6999 ) ;
#3751 = CARTESIAN_POINT ( 'NONE',  ( 78.02831089662203112, 12.45999491999002373, 9.600000000000026290 ) ) ;
#3752 = EDGE_CURVE ( 'NONE', #7277, #6174, #4667, .T. ) ;
#3753 = AXIS2_PLACEMENT_3D ( 'NONE', #883, #3295, #6097 ) ;
#3754 = DIRECTION ( 'NONE',  ( 0.000000000000000000, -1.000000000000000000, 0.000000000000000000 ) ) ;
#3755 = EDGE_LOOP ( 'NONE', ( #2957, #2565, #2489, #5765 ) ) ;
#3756 = DIRECTION ( 'NONE',  ( 0.000000000000000000, 0.000000000000000000, 1.000000000000000000 ) ) ;
#3757 = ORIENTED_EDGE ( 'NONE', *, *, #3980, .F. ) ;
#3758 = ADVANCED_FACE ( 'NONE', ( #62 ), #6972, .F. ) ;
#3759 = CARTESIAN_POINT ( 'NONE',  ( 0.000000000000000000, 5.400000000000020783, 10.00000000000000000 ) ) ;
#3760 = EDGE_CURVE ( 'NONE', #2758, #2902, #2967, .T. ) ;
#3761 = DIRECTION ( 'NONE',  ( 0.000000000000000000, 0.000000000000000000, -1.000000000000000000 ) ) ;
#3762 = DIRECTION ( 'NONE',  ( -0.7071067811865471286, 0.7071067811865479058, 0.000000000000000000 ) ) ;
#3763 = CARTESIAN_POINT ( 'NONE',  ( 9.694682121460440172, -9.694682121460104440, 4.000000000000000000 ) ) ;
#3764 = AXIS2_PLACEMENT_3D ( 'NONE', #1768, #4130, #3604 ) ;
#3765 = ORIENTED_EDGE ( 'NONE', *, *, #1601, .F. ) ;
#3766 = DIRECTION ( 'NONE',  ( 1.000000000000000000, 0.000000000000000000, 0.000000000000000000 ) ) ;
#3767 = PLANE ( 'NONE',  #581 ) ;
#3768 = ORIENTED_EDGE ( 'NONE', *, *, #6980, .T. ) ;
#3769 = ORIENTED_EDGE ( 'NONE', *, *, #1039, .T. ) ;
#3770 = ORIENTED_EDGE ( 'NONE', *, *, #6294, .F. ) ;
#3771 = VECTOR ( 'NONE', #98, 999.9999999999998863 ) ;
#3772 = ORIENTED_EDGE ( 'NONE', *, *, #3780, .T. ) ;
#3773 = FACE_OUTER_BOUND ( 'NONE', #103, .T. ) ;
#3774 = FACE_OUTER_BOUND ( 'NONE', #3815, .T. ) ;
#3775 = EDGE_LOOP ( 'NONE', ( #4918, #4072, #2449, #4800 ) ) ;
#3776 = VERTEX_POINT ( 'NONE', #705 ) ;
#3777 = VECTOR ( 'NONE', #3461, 1000.000000000000000 ) ;
#3778 = DIRECTION ( 'NONE',  ( -1.000000000000000000, 0.000000000000000000, 0.000000000000000000 ) ) ;
#3779 = CARTESIAN_POINT ( 'NONE',  ( 76.16692151384303600, 56.44252476504900073, 10.00099999999999945 ) ) ;
#3780 = EDGE_CURVE ( 'NONE', #4982, #4253, #6101, .T. ) ;
#3781 = DIRECTION ( 'NONE',  ( 0.000000000000000000, 1.000000000000000000, 0.000000000000000000 ) ) ;
#3782 = ORIENTED_EDGE ( 'NONE', *, *, #4716, .F. ) ;
#3783 = CARTESIAN_POINT ( 'NONE',  ( 5.000000000000903277, 57.98214359204602175, 1.399999999999998579 ) ) ;
#3784 = CARTESIAN_POINT ( 'NONE',  ( 0.007256900073025963904, 58.95639902147775047, 10.00000000000000000 ) ) ;
#3785 = DIRECTION ( 'NONE',  ( 0.000000000000000000, -0.000000000000000000, -1.000000000000000000 ) ) ;
#3786 = VECTOR ( 'NONE', #6073, 1000.000000000000000 ) ;
#3788 = CARTESIAN_POINT ( 'NONE',  ( 5.875044450089777825, 53.13706121412302252, 9.600000000000015632 ) ) ;
#3787 = PLANE ( 'NONE',  #12 ) ;
#3789 = FACE_OUTER_BOUND ( 'NONE', #3438, .T. ) ;
#3790 = ORIENTED_EDGE ( 'NONE', *, *, #3893, .F. ) ;
#3791 = CARTESIAN_POINT ( 'NONE',  ( 69.83157658086554420, 23.35317541498460869, 9.600000000000015632 ) ) ;
#3792 = ORIENTED_EDGE ( 'NONE', *, *, #4378, .T. ) ;
#3793 = AXIS2_PLACEMENT_3D ( 'NONE', #6293, #5726, #7381 ) ;
#3794 = DIRECTION ( 'NONE',  ( -1.355284293265842525E-13, 1.000000000000000000, 0.000000000000000000 ) ) ;
#3795 = VECTOR ( 'NONE', #5787, 1000.000000000000000 ) ;
#3796 = LINE ( 'NONE', #2101, #2883 ) ;
#3797 = LINE ( 'NONE', #6756, #3506 ) ;
#3798 = DIRECTION ( 'NONE',  ( -0.7071067811865425767, -0.7071067811865525687, -0.000000000000000000 ) ) ;
#3799 = EDGE_LOOP ( 'NONE', ( #4840, #2790, #1371, #6584 ) ) ;
#3800 = AXIS2_PLACEMENT_3D ( 'NONE', #4928, #7195, #2058 ) ;
#3801 = AXIS2_PLACEMENT_3D ( 'NONE', #7330, #384, #3811 ) ;
#3802 = DIRECTION ( 'NONE',  ( -0.000000000000000000, 0.000000000000000000, 1.000000000000000000 ) ) ;
#3803 = EDGE_CURVE ( 'NONE', #2086, #6488, #3114, .T. ) ;
#3804 = LINE ( 'NONE', #2563, #1550 ) ;
#3805 = ORIENTED_EDGE ( 'NONE', *, *, #6481, .T. ) ;
#3806 = ORIENTED_EDGE ( 'NONE', *, *, #5641, .T. ) ;
#3807 = EDGE_LOOP ( 'NONE', ( #3727, #3356, #5170, #603 ) ) ;
#3808 = ADVANCED_FACE ( 'NONE', ( #328 ), #3223, .F. ) ;
#3809 = VECTOR ( 'NONE', #3454, 999.9999999999998863 ) ;
#3810 = VERTEX_POINT ( 'NONE', #4278 ) ;
#3811 = DIRECTION ( 'NONE',  ( -1.000000000000000000, 0.000000000000000000, 0.000000000000000000 ) ) ;
#3812 = VERTEX_POINT ( 'NONE', #5454 ) ;
#3813 = CARTESIAN_POINT ( 'NONE',  ( 5.000000000000903277, 57.98214359204602175, 10.00099999999999945 ) ) ;
#3814 = ORIENTED_EDGE ( 'NONE', *, *, #4181, .F. ) ;
#3815 = EDGE_LOOP ( 'NONE', ( #5512, #7418, #17, #6348 ) ) ;
#3816 = ADVANCED_FACE ( 'NONE', ( #3789 ), #2093, .T. ) ;
#3817 = ADVANCED_FACE ( 'NONE', ( #4807 ), #249, .F. ) ;
#3818 = DIRECTION ( 'NONE',  ( -0.6785983445458557695, 0.2810846377148312758, 0.6785983445458337870 ) ) ;
#3819 = FACE_OUTER_BOUND ( 'NONE', #4291, .T. ) ;
#3820 = ADVANCED_FACE ( 'NONE', ( #1492 ), #4360, .F. ) ;
#3821 = LINE ( 'NONE', #1526, #3184 ) ;
#3822 = ORIENTED_EDGE ( 'NONE', *, *, #5480, .F. ) ;
#3823 = CARTESIAN_POINT ( 'NONE',  ( 32.14653210253800353, 35.28980021391637933, 4.000000000000000000 ) ) ;
#3824 = AXIS2_PLACEMENT_3D ( 'NONE', #3072, #4803, #95 ) ;
#3825 = AXIS2_PLACEMENT_3D ( 'NONE', #2118, #2304, #6122 ) ;
#3826 = CARTESIAN_POINT ( 'NONE',  ( 56.42884860408193504, 23.35317541498460869, 10.00099999999999945 ) ) ;
#3827 = CARTESIAN_POINT ( 'NONE',  ( 25.52610449534172687, 53.17490806565518113, 6.000000000000000000 ) ) ;
#3828 = ADVANCED_FACE ( 'NONE', ( #6671 ), #4321, .T. ) ;
#3829 = CARTESIAN_POINT ( 'NONE',  ( 76.16692151384303600, 8.415085090169998949, 1.000000000000000888 ) ) ;
#3830 = FACE_OUTER_BOUND ( 'NONE', #4676, .T. ) ;
#3831 = EDGE_LOOP ( 'NONE', ( #3448, #536, #5397, #5699 ) ) ;
#3832 = CIRCLE ( 'NONE', #946, 1.250000000000000222 ) ;
#3833 = LINE ( 'NONE', #6712, #2271 ) ;
#3834 = ORIENTED_EDGE ( 'NONE', *, *, #6946, .T. ) ;
#3835 = VECTOR ( 'NONE', #7408, 999.9999999999998863 ) ;
#3836 = VERTEX_POINT ( 'NONE', #3186 ) ;
#3837 = CARTESIAN_POINT ( 'NONE',  ( 11.27132469877176923, 50.33421759231526948, 4.400000000000011902 ) ) ;
#3838 = AXIS2_PLACEMENT_3D ( 'NONE', #251, #7083, #4208 ) ;
#3839 = FILL_AREA_STYLE ('',( #1009 ) ) ;
#3840 = LINE ( 'NONE', #5611, #4708 ) ;
#3841 = AXIS2_PLACEMENT_3D ( 'NONE', #1947, #5426, #4780 ) ;
#3843 = DIRECTION ( 'NONE',  ( 0.7071067811865492381, -0.7071067811865457964, 0.000000000000000000 ) ) ;
#3842 = DIRECTION ( 'NONE',  ( -0.0001230892683152483562, -0.9999999924245159821, 0.000000000000000000 ) ) ;
#3844 = FACE_BOUND ( 'NONE', #3277, .T. ) ;
#3845 = CARTESIAN_POINT ( 'NONE',  ( 23.77356091487909495, 59.97470916941908570, 10.00099999999999945 ) ) ;
#3846 = ADVANCED_FACE ( 'NONE', ( #3830 ), #1370, .F. ) ;
#3847 = CARTESIAN_POINT ( 'NONE',  ( 11.27132469877176923, 50.73421759231527517, 4.000000000000000000 ) ) ;
#3848 = ORIENTED_EDGE ( 'NONE', *, *, #7109, .T. ) ;
#3849 = ORIENTED_EDGE ( 'NONE', *, *, #7185, .T. ) ;
#3850 = ORIENTED_EDGE ( 'NONE', *, *, #5934, .T. ) ;
#3851 = EDGE_CURVE ( 'NONE', #1924, #4108, #7266, .T. ) ;
#3852 = EDGE_LOOP ( 'NONE', ( #6009, #5054, #6414, #7121 ) ) ;
#3853 = LINE ( 'NONE', #2268, #4650 ) ;
#3854 = ADVANCED_FACE ( 'NONE', ( #2631 ), #889, .F. ) ;
#3855 = ADVANCED_FACE ( 'NONE', ( #211 ), #3674, .T. ) ;
#3856 = ORIENTED_EDGE ( 'NONE', *, *, #505, .T. ) ;
#3857 = ORIENTED_EDGE ( 'NONE', *, *, #2418, .F. ) ;
#3858 = EDGE_CURVE ( 'NONE', #5164, #6936, #2515, .T. ) ;
#3859 = CARTESIAN_POINT ( 'NONE',  ( 0.000000000000000000, 28.88980021391638431, 3.600000000000002309 ) ) ;
#3860 = CARTESIAN_POINT ( 'NONE',  ( 32.14653210253800353, 28.88980021391638431, -17.00997182357270887 ) ) ;
#3861 = EDGE_CURVE ( 'NONE', #1004, #2059, #7153, .T. ) ;
#3862 = ADVANCED_FACE ( 'NONE', ( #6023 ), #288, .F. ) ;
#3863 = DIRECTION ( 'NONE',  ( -0.000000000000000000, 0.000000000000000000, -1.000000000000000000 ) ) ;
#3864 = ORIENTED_EDGE ( 'NONE', *, *, #2843, .F. ) ;
#3865 = DIRECTION ( 'NONE',  ( 0.000000000000000000, 1.000000000000000000, 0.000000000000000000 ) ) ;
#3866 = DIRECTION ( 'NONE',  ( -0.7071067811865350272, -0.7071067811865600072, 0.000000000000000000 ) ) ;
#3867 = DIRECTION ( 'NONE',  ( 0.000000000000000000, -1.000000000000000000, 0.000000000000000000 ) ) ;
#3868 = AXIS2_PLACEMENT_3D ( 'NONE', #3880, #1460, #2748 ) ;
#3869 = DIRECTION ( 'NONE',  ( 5.782411586589358625E-16, 1.000000000000000000, 0.000000000000000000 ) ) ;
#3870 = PLANE ( 'NONE',  #1870 ) ;
#3871 = ORIENTED_EDGE ( 'NONE', *, *, #7046, .T. ) ;
#3872 = FACE_OUTER_BOUND ( 'NONE', #4150, .T. ) ;
#3873 = ORIENTED_EDGE ( 'NONE', *, *, #2567, .T. ) ;
#3874 = ORIENTED_EDGE ( 'NONE', *, *, #4682, .F. ) ;
#3875 = FACE_OUTER_BOUND ( 'NONE', #6919, .T. ) ;
#3876 = VECTOR ( 'NONE', #134, 1000.000000000000114 ) ;
#3877 = CARTESIAN_POINT ( 'NONE',  ( 0.000000000000000000, 0.000000000000000000, 0.000000000000000000 ) ) ;
#3878 = VECTOR ( 'NONE', #7125, 1000.000000000000000 ) ;
#3879 = LINE ( 'NONE', #7273, #1300 ) ;
#3880 = CARTESIAN_POINT ( 'NONE',  ( 8.888803657608024267, 8.415085090169998949, 1.399999999999989697 ) ) ;
#3882 = CARTESIAN_POINT ( 'NONE',  ( 78.02831089662203112, 12.45999491999002373, 10.00099999999999945 ) ) ;
#3881 = DIRECTION ( 'NONE',  ( 0.000000000000000000, 0.000000000000000000, -1.000000000000000000 ) ) ;
#3883 = DIRECTION ( 'NONE',  ( 0.7071067811865350272, 0.7071067811865600072, 0.000000000000000000 ) ) ;
#3884 = LINE ( 'NONE', #1014, #435 ) ;
#3885 = ADVANCED_FACE ( 'NONE', ( #6060 ), #1679, .T. ) ;
#3886 = DIRECTION ( 'NONE',  ( 0.000000000000000000, -0.000000000000000000, 1.000000000000000000 ) ) ;
#3887 = VERTEX_POINT ( 'NONE', #3298 ) ;
#3888 = ORIENTED_EDGE ( 'NONE', *, *, #2220, .T. ) ;
#3889 = ORIENTED_EDGE ( 'NONE', *, *, #7028, .F. ) ;
#3890 = VERTEX_POINT ( 'NONE', #2207 ) ;
#3891 = DIRECTION ( 'NONE',  ( -1.000000000000000000, 1.652117596168386770E-15, 0.000000000000000000 ) ) ;
#3892 = ORIENTED_EDGE ( 'NONE', *, *, #6070, .F. ) ;
#3893 = EDGE_CURVE ( 'NONE', #3812, #526, #4513, .T. ) ;
#3894 = LINE ( 'NONE', #3536, #584 ) ;
#3895 = CARTESIAN_POINT ( 'NONE',  ( 30.61060500309817201, -1.770031170424250693E-14, 3.600000000000002309 ) ) ;
#3896 = LINE ( 'NONE', #6201, #2705 ) ;
#3897 = AXIS2_PLACEMENT_3D ( 'NONE', #2016, #4319, #1450 ) ;
#3898 = ORIENTED_EDGE ( 'NONE', *, *, #5514, .T. ) ;
#3899 = EDGE_CURVE ( 'NONE', #6115, #3099, #403, .T. ) ;
#3900 = CARTESIAN_POINT ( 'NONE',  ( 74.69613766922823572, 5.680562526471089058, 0.7194374735289471579 ) ) ;
#3901 = PLANE ( 'NONE',  #3753 ) ;
#3902 = CARTESIAN_POINT ( 'NONE',  ( 68.03157658086556125, 23.35317541498460869, 5.999999999999987566 ) ) ;
#3903 = CARTESIAN_POINT ( 'NONE',  ( 11.67132469877177670, 33.93421759231524959, 4.000000000000000000 ) ) ;
#3904 = CARTESIAN_POINT ( 'NONE',  ( 9.875044450089788484, 53.13706121412302252, 4.000000000000000000 ) ) ;
#3905 = ORIENTED_EDGE ( 'NONE', *, *, #916, .F. ) ;
#3906 = DIRECTION ( 'NONE',  ( 0.000000000000000000, 0.000000000000000000, -1.000000000000000000 ) ) ;
#3907 = ORIENTED_EDGE ( 'NONE', *, *, #629, .F. ) ;
#3908 = DIRECTION ( 'NONE',  ( 0.000000000000000000, 0.000000000000000000, -1.000000000000000000 ) ) ;
#3909 = VECTOR ( 'NONE', #375, 1000.000000000000114 ) ;
#3910 = VECTOR ( 'NONE', #1358, 1000.000000000000000 ) ;
#3911 = ADVANCED_FACE ( 'NONE', ( #3982 ), #3870, .F. ) ;
#3912 = DIRECTION ( 'NONE',  ( -0.7071067811865474617, -0.7071067811865474617, -0.000000000000000000 ) ) ;
#3913 = CARTESIAN_POINT ( 'NONE',  ( 58.23157658086555699, 31.35317541498459804, 5.999999999999987566 ) ) ;
#3914 = EDGE_CURVE ( 'NONE', #5079, #4765, #1037, .T. ) ;
#3916 = DIRECTION ( 'NONE',  ( -0.5773502691896212902, -0.5773502691896212902, 0.5773502691896346128 ) ) ;
#3915 = FACE_OUTER_BOUND ( 'NONE', #6543, .T. ) ;
#3917 = ORIENTED_EDGE ( 'NONE', *, *, #7314, .F. ) ;
#3918 = FACE_OUTER_BOUND ( 'NONE', #3775, .T. ) ;
#3919 = AXIS2_PLACEMENT_3D ( 'NONE', #6558, #7276, #259 ) ;
#3920 = DIRECTION ( 'NONE',  ( -1.000000000000000000, 1.652117596168386770E-15, 0.000000000000000000 ) ) ;
#3921 = ORIENTED_EDGE ( 'NONE', *, *, #4500, .F. ) ;
#3922 = VERTEX_POINT ( 'NONE', #3339 ) ;
#3923 = ORIENTED_EDGE ( 'NONE', *, *, #168, .F. ) ;
#3924 = AXIS2_PLACEMENT_3D ( 'NONE', #3663, #6541, #801 ) ;
#3925 = ORIENTED_EDGE ( 'NONE', *, *, #2445, .T. ) ;
#3926 = CARTESIAN_POINT ( 'NONE',  ( 8.888803657608024267, 56.44252476504900073, 10.00099999999999945 ) ) ;
#3927 = VECTOR ( 'NONE', #685, 1000.000000000000000 ) ;
#3928 = ORIENTED_EDGE ( 'NONE', *, *, #1848, .T. ) ;
#3929 = AXIS2_PLACEMENT_3D ( 'NONE', #6263, #5617, #7387 ) ;
#3930 = ORIENTED_EDGE ( 'NONE', *, *, #363, .T. ) ;
#3931 = VECTOR ( 'NONE', #7252, 1000.000000000000000 ) ;
#3932 = CARTESIAN_POINT ( 'NONE',  ( 30.61060500309818622, 24.68592075184099954, 1.400000000000012346 ) ) ;
#3933 = VECTOR ( 'NONE', #174, 1000.000000000000114 ) ;
#3934 = DIRECTION ( 'NONE',  ( -5.782411586589358625E-16, -1.000000000000000000, 0.000000000000000000 ) ) ;
#3935 = DIRECTION ( 'NONE',  ( 0.000000000000000000, 0.000000000000000000, 1.000000000000000000 ) ) ;
#3936 = DIRECTION ( 'NONE',  ( -0.000000000000000000, -0.000000000000000000, -1.000000000000000000 ) ) ;
#3937 = EDGE_CURVE ( 'NONE', #7178, #5965, #5001, .T. ) ;
#3938 = VERTEX_POINT ( 'NONE', #5643 ) ;
#3939 = ADVANCED_FACE ( 'NONE', ( #478 ), #2739, .T. ) ;
#3940 = DIRECTION ( 'NONE',  ( -1.000000000000000000, 1.652117596168386770E-15, 0.000000000000000000 ) ) ;
#3941 = CARTESIAN_POINT ( 'NONE',  ( 5.000000000000903277, 54.01736618697488979, 1.399999999999998579 ) ) ;
#3942 = FACE_OUTER_BOUND ( 'NONE', #4642, .T. ) ;
#3943 = DIRECTION ( 'NONE',  ( 0.000000000000000000, 1.000000000000000000, 0.000000000000000000 ) ) ;
#3944 = PLANE ( 'NONE',  #556 ) ;
#3945 = EDGE_LOOP ( 'NONE', ( #6302, #5410, #3540, #2825, #4822, #1414 ) ) ;
#3946 = ADVANCED_FACE ( 'NONE', ( #1001 ), #3944, .T. ) ;
#3947 = DIRECTION ( 'NONE',  ( -0.7071067811865351382, 1.334591744878146490E-14, 0.7071067811865600072 ) ) ;
#3948 = VERTEX_POINT ( 'NONE', #5037 ) ;
#3949 = EDGE_CURVE ( 'NONE', #7338, #4076, #6289, .T. ) ;
#3950 = DIRECTION ( 'NONE',  ( 0.7071067811865475727, 0.7071067811865475727, 0.000000000000000000 ) ) ;
#3951 = VECTOR ( 'NONE', #2433, 1000.000000000000000 ) ;
#3952 = EDGE_CURVE ( 'NONE', #3549, #7065, #514, .T. ) ;
#3953 = VECTOR ( 'NONE', #2262, 1000.000000000000114 ) ;
#3954 = FACE_OUTER_BOUND ( 'NONE', #1234, .T. ) ;
#3956 = DIRECTION ( 'NONE',  ( -1.000000000000000000, 0.000000000000000000, 0.000000000000000000 ) ) ;
#3955 = LINE ( 'NONE', #5197, #3441 ) ;
#3957 = ORIENTED_EDGE ( 'NONE', *, *, #4305, .F. ) ;
#3958 = VECTOR ( 'NONE', #510, 1000.000000000000000 ) ;
#3959 = FACE_OUTER_BOUND ( 'NONE', #5933, .T. ) ;
#3960 = ORIENTED_EDGE ( 'NONE', *, *, #1809, .F. ) ;
#3961 = PLANE ( 'NONE',  #6978 ) ;
#3962 = ORIENTED_EDGE ( 'NONE', *, *, #1616, .T. ) ;
#3963 = ADVANCED_FACE ( 'NONE', ( #5109 ), #5147, .T. ) ;
#3964 = LINE ( 'NONE', #2613, #3470 ) ;
#3965 = EDGE_LOOP ( 'NONE', ( #6282, #5791, #5281, #2569 ) ) ;
#3966 = ADVANCED_FACE ( 'NONE', ( #7414 ), #2244, .T. ) ;
#3967 = VECTOR ( 'NONE', #3458, 1000.000000000000000 ) ;
#3968 = ORIENTED_EDGE ( 'NONE', *, *, #262, .T. ) ;
#3969 = CARTESIAN_POINT ( 'NONE',  ( 71.66832823704638145, 20.24299677419530497, 24.84299677419476282 ) ) ;
#3970 = VERTEX_POINT ( 'NONE', #6855 ) ;
#3971 = ORIENTED_EDGE ( 'NONE', *, *, #1362, .F. ) ;
#3972 = DIRECTION ( 'NONE',  ( -0.7071067811865475727, -0.7071067811865475727, -0.000000000000000000 ) ) ;
#3973 = CARTESIAN_POINT ( 'NONE',  ( 40.83180065388673796, 43.69286487643512373, -6.830045703262805468 ) ) ;
#3974 = LINE ( 'NONE', #7440, #6561 ) ;
#3975 = DIRECTION ( 'NONE',  ( 0.000000000000000000, 0.000000000000000000, 1.000000000000000000 ) ) ;
#3976 = ORIENTED_EDGE ( 'NONE', *, *, #1957, .T. ) ;
#3977 = VECTOR ( 'NONE', #1441, 1000.000000000000114 ) ;
#3978 = CARTESIAN_POINT ( 'NONE',  ( 41.02884860408194356, 24.51886083993383281, 10.00000000000000000 ) ) ;
#3979 = LINE ( 'NONE', #2242, #6696 ) ;
#3980 = EDGE_CURVE ( 'NONE', #6376, #2935, #5721, .T. ) ;
#3981 = DIRECTION ( 'NONE',  ( -1.000000000000000000, 0.000000000000000000, 0.000000000000000000 ) ) ;
#3982 = FACE_OUTER_BOUND ( 'NONE', #4335, .T. ) ;
#3983 = ORIENTED_EDGE ( 'NONE', *, *, #3158, .F. ) ;
#3984 = CARTESIAN_POINT ( 'NONE',  ( 73.34807733323548007, 41.35871309031684007, 6.000000000000000000 ) ) ;
#3985 = ORIENTED_EDGE ( 'NONE', *, *, #1594, .T. ) ;
#3986 = CARTESIAN_POINT ( 'NONE',  ( 31.01060500309818835, 27.49121562234379468, 4.000000000000000000 ) ) ;
#3987 = VECTOR ( 'NONE', #4974, 1000.000000000000114 ) ;
#3988 = EDGE_CURVE ( 'NONE', #7214, #2238, #2857, .T. ) ;
#3989 = CYLINDRICAL_SURFACE ( 'NONE', #4919, 1.250000000000000222 ) ;
#3990 = FACE_OUTER_BOUND ( 'NONE', #3614, .T. ) ;
#3992 = DIRECTION ( 'NONE',  ( -0.5773502691896255090, 0.5773502691896258421, -0.5773502691896258421 ) ) ;
#3991 = DIRECTION ( 'NONE',  ( 0.5773861584133735958, 0.5773323237411207565, 0.5773323237411226438 ) ) ;
#3993 = FACE_OUTER_BOUND ( 'NONE', #4491, .T. ) ;
#3994 = CARTESIAN_POINT ( 'NONE',  ( 65.74807733323547154, 45.95871309031685570, 6.000000000000000000 ) ) ;
#3995 = EDGE_CURVE ( 'NONE', #6008, #1508, #4015, .T. ) ;
#3996 = VERTEX_POINT ( 'NONE', #4443 ) ;
#3997 = DIRECTION ( 'NONE',  ( 0.6785983445458219077, 0.2810846377148638608, 0.6785983445458542151 ) ) ;
#3998 = EDGE_LOOP ( 'NONE', ( #2869, #3123, #1089, #2517 ) ) ;
#3999 = AXIS2_PLACEMENT_3D ( 'NONE', #7115, #5338, #2548 ) ;
#4000 = PLANE ( 'NONE',  #3825 ) ;
#4001 = ORIENTED_EDGE ( 'NONE', *, *, #6162, .F. ) ;
#4002 = ORIENTED_EDGE ( 'NONE', *, *, #3397, .T. ) ;
#4003 = DIRECTION ( 'NONE',  ( -0.000000000000000000, 0.000000000000000000, -1.000000000000000000 ) ) ;
#4004 = VECTOR ( 'NONE', #6135, 1000.000000000000000 ) ;
#4005 = ORIENTED_EDGE ( 'NONE', *, *, #2152, .F. ) ;
#4006 = CARTESIAN_POINT ( 'NONE',  ( 0.000000000000000000, 0.000000000000000000, 6.000000000000000000 ) ) ;
#4007 = DIRECTION ( 'NONE',  ( -1.000000000000000000, 0.000000000000000000, -0.000000000000000000 ) ) ;
#4008 = FACE_OUTER_BOUND ( 'NONE', #395, .T. ) ;
#4009 = CARTESIAN_POINT ( 'NONE',  ( 65.74807733323545733, 40.95871309031685570, 6.000000000000000000 ) ) ;
#4010 = ORIENTED_EDGE ( 'NONE', *, *, #1293, .T. ) ;
#4011 = ORIENTED_EDGE ( 'NONE', *, *, #4675, .T. ) ;
#4012 = DIRECTION ( 'NONE',  ( -0.7071067811865597852, -0.7071067811865352493, 0.000000000000000000 ) ) ;
#4013 = DIRECTION ( 'NONE',  ( -0.7071067811865352493, 0.7071067811865597852, -0.000000000000000000 ) ) ;
#4014 = DIRECTION ( 'NONE',  ( -1.000000000000000000, 0.000000000000000000, 0.000000000000000000 ) ) ;
#4015 = LINE ( 'NONE', #6327, #444 ) ;
#4016 = CARTESIAN_POINT ( 'NONE',  ( 42.34984003052267099, 27.94391898481516279, 9.790743569830569371 ) ) ;
#4017 = EDGE_LOOP ( 'NONE', ( #7145, #1963, #517, #3394 ) ) ;
#4018 = CARTESIAN_POINT ( 'NONE',  ( 6.992565577374029395, 5.000000000000023093, 10.00099999999999945 ) ) ;
#4019 = AXIS2_PLACEMENT_3D ( 'NONE', #3600, #2399, #3034 ) ;
#4020 = LINE ( 'NONE', #662, #1555 ) ;
#4021 = DIRECTION ( 'NONE',  ( -1.000000000000000000, 1.887397745837881465E-14, 0.000000000000000000 ) ) ;
#4023 = CARTESIAN_POINT ( 'NONE',  ( 73.34807733323548007, 40.55871309031687844, 4.000000000000000000 ) ) ;
#4022 = FACE_OUTER_BOUND ( 'NONE', #3316, .T. ) ;
#4024 = CARTESIAN_POINT ( 'NONE',  ( 11.67132469877178025, 50.33421759231526948, 6.000000000000000000 ) ) ;
#4025 = DIRECTION ( 'NONE',  ( -0.7071067811865475727, 0.000000000000000000, 0.7071067811865475727 ) ) ;
#4026 = EDGE_LOOP ( 'NONE', ( #7101, #4706, #6352, #6304 ) ) ;
#4027 = DIRECTION ( 'NONE',  ( -0.000000000000000000, -0.7071067811865352493, -0.7071067811865597852 ) ) ;
#4028 = ORIENTED_EDGE ( 'NONE', *, *, #396, .F. ) ;
#4029 = CARTESIAN_POINT ( 'NONE',  ( 51.46275561269844445, 28.86190991762340730, -13.43095495881170187 ) ) ;
#4030 = VERTEX_POINT ( 'NONE', #6749 ) ;
#4031 = VECTOR ( 'NONE', #2008, 1000.000000000000000 ) ;
#4032 = ORIENTED_EDGE ( 'NONE', *, *, #804, .F. ) ;
#4033 = DIRECTION ( 'NONE',  ( -1.000000000000000000, 0.000000000000000000, 0.000000000000000000 ) ) ;
#4034 = VECTOR ( 'NONE', #6503, 1000.000000000000000 ) ;
#4035 = EDGE_CURVE ( 'NONE', #4108, #4748, #5186, .T. ) ;
#4036 = ORIENTED_EDGE ( 'NONE', *, *, #2861, .T. ) ;
#4037 = EDGE_CURVE ( 'NONE', #7445, #7370, #14, .T. ) ;
#4038 = VECTOR ( 'NONE', #3132, 1000.000000000000000 ) ;
#4039 = PLANE ( 'NONE',  #5610 ) ;
#4040 = CARTESIAN_POINT ( 'NONE',  ( 73.15243468099103552, 6.261804759730023484, 1.400000000000012346 ) ) ;
#4041 = VECTOR ( 'NONE', #4700, 1000.000000000000000 ) ;
#4042 = VECTOR ( 'NONE', #6917, 1000.000000000000114 ) ;
#4043 = DIRECTION ( 'NONE',  ( -0.7071067811865455743, 0.7071067811865493491, 0.000000000000000000 ) ) ;
#4044 = ORIENTED_EDGE ( 'NONE', *, *, #4503, .F. ) ;
#4045 = EDGE_LOOP ( 'NONE', ( #681, #1522, #3241, #6859 ) ) ;
#4046 = EDGE_CURVE ( 'NONE', #1981, #2544, #5763, .T. ) ;
#4047 = EDGE_CURVE ( 'NONE', #1823, #6234, #4053, .T. ) ;
#4048 = VECTOR ( 'NONE', #360, 1000.000000000000000 ) ;
#4049 = CARTESIAN_POINT ( 'NONE',  ( 11.27132469877176568, 34.33421759231526948, 4.400000000000011902 ) ) ;
#4050 = CARTESIAN_POINT ( 'NONE',  ( 0.000000000000000000, 0.000000000000000000, 1.000000000000000888 ) ) ;
#4051 = EDGE_CURVE ( 'NONE', #2035, #4848, #7427, .T. ) ;
#4052 = CARTESIAN_POINT ( 'NONE',  ( 77.41692151384303600, 56.44252476504900073, 1.400000000000005462 ) ) ;
#4053 = LINE ( 'NONE', #2891, #5748 ) ;
#4054 = EDGE_CURVE ( 'NONE', #761, #3040, #925, .T. ) ;
#4055 = DIRECTION ( 'NONE',  ( -1.000000000000000000, 0.000000000000000000, 0.000000000000000000 ) ) ;
#4056 = ORIENTED_EDGE ( 'NONE', *, *, #3453, .F. ) ;
#4057 = ORIENTED_EDGE ( 'NONE', *, *, #3988, .T. ) ;
#4058 = EDGE_CURVE ( 'NONE', #3447, #6254, #6707, .T. ) ;
#4059 = CARTESIAN_POINT ( 'NONE',  ( 73.34807733323548007, 45.55871309031685712, 5.000000000000000000 ) ) ;
#4060 = PLANE ( 'NONE',  #6648 ) ;
#4062 = FACE_OUTER_BOUND ( 'NONE', #744, .T. ) ;
#4061 = DIRECTION ( 'NONE',  ( -0.000000000000000000, -0.7071067811865474617, 0.7071067811865474617 ) ) ;
#4063 = DIRECTION ( 'NONE',  ( 1.000000000000000000, -2.168404344971008868E-16, 0.000000000000000000 ) ) ;
#4064 = CARTESIAN_POINT ( 'NONE',  ( 41.42884860408194214, 26.75317541498458951, 9.600000000000015632 ) ) ;
#4065 = ORIENTED_EDGE ( 'NONE', *, *, #5370, .T. ) ;
#4066 = CYLINDRICAL_SURFACE ( 'NONE', #1115, 1.250000000000001110 ) ;
#4067 = ORIENTED_EDGE ( 'NONE', *, *, #7322, .F. ) ;
#4068 = VECTOR ( 'NONE', #3142, 1000.000000000000000 ) ;
#4069 = CARTESIAN_POINT ( 'NONE',  ( 54.42884860408192793, 27.75317541498460372, 4.000000000000000000 ) ) ;
#4070 = ORIENTED_EDGE ( 'NONE', *, *, #3490, .F. ) ;
#4071 = VECTOR ( 'NONE', #5448, 1000.000000000000000 ) ;
#4072 = ORIENTED_EDGE ( 'NONE', *, *, #2445, .F. ) ;
#4073 = EDGE_CURVE ( 'NONE', #6424, #2336, #4766, .T. ) ;
#4074 = DIRECTION ( 'NONE',  ( -5.782411586589358625E-16, -1.000000000000000000, 0.000000000000000000 ) ) ;
#4075 = EDGE_CURVE ( 'NONE', #4107, #4748, #7191, .T. ) ;
#4076 = VERTEX_POINT ( 'NONE', #7304 ) ;
#4077 = VECTOR ( 'NONE', #6088, 1000.000000000000000 ) ;
#4078 = EDGE_CURVE ( 'NONE', #4861, #3172, #1530, .T. ) ;
#4079 = CARTESIAN_POINT ( 'NONE',  ( 67.63157658086555557, 31.35317541498459804, 4.000000000000000000 ) ) ;
#4080 = DIRECTION ( 'NONE',  ( 0.4362112421253395156, -0.5565247094635278335, -0.7071067811865505703 ) ) ;
#4081 = VECTOR ( 'NONE', #4939, 1000.000000000000114 ) ;
#4082 = EDGE_CURVE ( 'NONE', #3887, #4728, #2694, .T. ) ;
#4083 = LINE ( 'NONE', #4009, #5237 ) ;
#4084 = ORIENTED_EDGE ( 'NONE', *, *, #4971, .T. ) ;
#4085 = ORIENTED_EDGE ( 'NONE', *, *, #1860, .T. ) ;
#4086 = DIRECTION ( 'NONE',  ( 0.000000000000000000, -1.000000000000000000, 0.000000000000000000 ) ) ;
#4087 = CARTESIAN_POINT ( 'NONE',  ( 40.43180065388672517, 38.69286487643512373, 1.000000000000000888 ) ) ;
#4088 = DIRECTION ( 'NONE',  ( -0.7071067811865453523, 0.7071067811865497932, 0.000000000000000000 ) ) ;
#4089 = EDGE_CURVE ( 'NONE', #6928, #138, #884, .T. ) ;
#4090 = DIRECTION ( 'NONE',  ( -0.5773502691896212902, -0.5773502691896212902, -0.5773502691896346128 ) ) ;
#4091 = ORIENTED_EDGE ( 'NONE', *, *, #3030, .T. ) ;
#4092 = VERTEX_POINT ( 'NONE', #6019 ) ;
#4093 = LINE ( 'NONE', #6402, #469 ) ;
#4094 = LINE ( 'NONE', #6403, #938 ) ;
#4096 = DIRECTION ( 'NONE',  ( 0.000000000000000000, -1.000000000000000000, 0.000000000000000000 ) ) ;
#4095 = LINE ( 'NONE', #2361, #4274 ) ;
#4097 = DIRECTION ( 'NONE',  ( 0.000000000000000000, -0.000000000000000000, -1.000000000000000000 ) ) ;
#4098 = DIRECTION ( 'NONE',  ( 1.000000000000000000, 0.000000000000000000, 0.000000000000000000 ) ) ;
#4099 = ORIENTED_EDGE ( 'NONE', *, *, #3581, .T. ) ;
#4100 = FACE_OUTER_BOUND ( 'NONE', #6463, .T. ) ;
#4101 = ORIENTED_EDGE ( 'NONE', *, *, #4824, .T. ) ;
#4102 = DIRECTION ( 'NONE',  ( -0.7071067811865541231, 0.000000000000000000, -0.7071067811865409114 ) ) ;
#4103 = ADVANCED_FACE ( 'NONE', ( #244 ), #3144, .F. ) ;
#4104 = ORIENTED_EDGE ( 'NONE', *, *, #2861, .F. ) ;
#4105 = DIRECTION ( 'NONE',  ( -0.6785637409027436284, 0.2811681637591894600, 0.6785983445458438901 ) ) ;
#4106 = VECTOR ( 'NONE', #6930, 1000.000000000000000 ) ;
#4107 = VERTEX_POINT ( 'NONE', #4998 ) ;
#4108 = VERTEX_POINT ( 'NONE', #2014 ) ;
#4109 = DIRECTION ( 'NONE',  ( -0.7071067811865597852, 0.000000000000000000, 0.7071067811865353603 ) ) ;
#4110 = DIRECTION ( 'NONE',  ( -1.000000000000000000, 0.000000000000000000, 0.000000000000000000 ) ) ;
#4111 = DIRECTION ( 'NONE',  ( 0.2810846377149062159, -0.6785983445458293462, -0.6785983445458292351 ) ) ;
#4112 = ORIENTED_EDGE ( 'NONE', *, *, #6070, .T. ) ;
#4113 = ORIENTED_EDGE ( 'NONE', *, *, #5324, .F. ) ;
#4114 = ADVANCED_FACE ( 'NONE', ( #4441 ), #6587, .T. ) ;
#4115 = DIRECTION ( 'NONE',  ( -0.4999999999999892308, 0.4999999999999892308, -0.7071067811865627828 ) ) ;
#4116 = LINE ( 'NONE', #1286, #781 ) ;
#4117 = EDGE_CURVE ( 'NONE', #5550, #2701, #967, .T. ) ;
#4118 = DIRECTION ( 'NONE',  ( 0.000000000000000000, 1.000000000000000000, 0.000000000000000000 ) ) ;
#4119 = ORIENTED_EDGE ( 'NONE', *, *, #3995, .T. ) ;
#4120 = ORIENTED_EDGE ( 'NONE', *, *, #166, .F. ) ;
#4121 = EDGE_CURVE ( 'NONE', #3318, #5217, #324, .T. ) ;
#4122 = LINE ( 'NONE', #4768, #4786 ) ;
#4123 = CARTESIAN_POINT ( 'NONE',  ( 8.888803657608024267, 56.44252476504900073, 1.399999999999991473 ) ) ;
#4124 = LINE ( 'NONE', #4733, #85 ) ;
#4126 = CARTESIAN_POINT ( 'NONE',  ( 12.01402484566508733, 10.59981128563069674, 1.399999999999984590 ) ) ;
#4125 = LINE ( 'NONE', #1366, #6163 ) ;
#4127 = DIRECTION ( 'NONE',  ( 0.000000000000000000, 0.000000000000000000, 1.000000000000000000 ) ) ;
#4128 = CARTESIAN_POINT ( 'NONE',  ( 18.61060500309818977, 0.000000000000000000, 1.400000000000012346 ) ) ;
#4129 = EDGE_LOOP ( 'NONE', ( #2121, #4334, #4701, #898 ) ) ;
#4130 = DIRECTION ( 'NONE',  ( -0.5000000000000115463, -0.5000000000000095479, -0.7071067811865328068 ) ) ;
#4131 = ORIENTED_EDGE ( 'NONE', *, *, #2809, .T. ) ;
#4132 = DIRECTION ( 'NONE',  ( -1.000000000000000000, 0.000000000000000000, 0.000000000000000000 ) ) ;
#4133 = AXIS2_PLACEMENT_3D ( 'NONE', #1194, #5906, #3563 ) ;
#4134 = ADVANCED_FACE ( 'NONE', ( #2583 ), #4273, .F. ) ;
#4135 = EDGE_CURVE ( 'NONE', #6797, #2193, #7229, .T. ) ;
#4136 = LINE ( 'NONE', #5949, #2427 ) ;
#4137 = LINE ( 'NONE', #503, #2024 ) ;
#4138 = EDGE_LOOP ( 'NONE', ( #3127, #7291, #3211, #3235 ) ) ;
#4139 = LINE ( 'NONE', #5847, #7045 ) ;
#4140 = EDGE_CURVE ( 'NONE', #3776, #3189, #2547, .T. ) ;
#4141 = ORIENTED_EDGE ( 'NONE', *, *, #2600, .T. ) ;
#4142 = EDGE_CURVE ( 'NONE', #970, #6252, #4843, .T. ) ;
#4143 = EDGE_LOOP ( 'NONE', ( #1124, #4032, #7308, #4209 ) ) ;
#4144 = VECTOR ( 'NONE', #3088, 1000.000000000000114 ) ;
#4145 = CARTESIAN_POINT ( 'NONE',  ( 46.94653210253800779, 28.88980021391638431, 3.599999999999995648 ) ) ;
#4146 = CARTESIAN_POINT ( 'NONE',  ( 0.000000000000000000, 31.08592075184099457, 4.000000000000000000 ) ) ;
#4147 = VECTOR ( 'NONE', #6643, 1000.000000000000114 ) ;
#4148 = CARTESIAN_POINT ( 'NONE',  ( 76.16692151384303600, 56.44252476504900073, 10.00000000000000000 ) ) ;
#4149 = ORIENTED_EDGE ( 'NONE', *, *, #4958, .F. ) ;
#4150 = EDGE_LOOP ( 'NONE', ( #1075, #4373, #1472, #6688 ) ) ;
#4151 = VECTOR ( 'NONE', #431, 1000.000000000000114 ) ;
#4152 = DIRECTION ( 'NONE',  ( 0.7071067811865474617, -0.7071067811865474617, 0.000000000000000000 ) ) ;
#4153 = DIRECTION ( 'NONE',  ( -0.7071067811865474617, 0.7071067811865474617, -0.000000000000000000 ) ) ;
#4154 = VECTOR ( 'NONE', #2696, 1000.000000000000000 ) ;
#4155 = EDGE_CURVE ( 'NONE', #6431, #3243, #7148, .T. ) ;
#4156 = LINE ( 'NONE', #6397, #587 ) ;
#4157 = VERTEX_POINT ( 'NONE', #1972 ) ;
#4158 = ORIENTED_EDGE ( 'NONE', *, *, #5382, .T. ) ;
#4159 = EDGE_CURVE ( 'NONE', #2039, #803, #1394, .T. ) ;
#4160 = VECTOR ( 'NONE', #1752, 1000.000000000000000 ) ;
#4161 = LINE ( 'NONE', #4270, #3469 ) ;
#4162 = CARTESIAN_POINT ( 'NONE',  ( 10.84833942071582236, 5.400000000000020783, 10.00000000000000000 ) ) ;
#4163 = CARTESIAN_POINT ( 'NONE',  ( 0.000000000000000000, 53.53706121412302110, 1.000000000000000888 ) ) ;
#4165 = LINE ( 'NONE', #4698, #7394 ) ;
#4164 = CARTESIAN_POINT ( 'NONE',  ( 67.23157658086553568, 31.75317541498461082, 6.399999999999999467 ) ) ;
#4166 = PLANE ( 'NONE',  #6231 ) ;
#4167 = EDGE_CURVE ( 'NONE', #2347, #1067, #1035, .T. ) ;
#4168 = LINE ( 'NONE', #4128, #318 ) ;
#4169 = ADVANCED_FACE ( 'NONE', ( #6781 ), #476, .F. ) ;
#4170 = VERTEX_POINT ( 'NONE', #6892 ) ;
#4171 = FACE_OUTER_BOUND ( 'NONE', #365, .T. ) ;
#4172 = ORIENTED_EDGE ( 'NONE', *, *, #1212, .T. ) ;
#4173 = EDGE_CURVE ( 'NONE', #5473, #3468, #5184, .T. ) ;
#4174 = CARTESIAN_POINT ( 'NONE',  ( 62.89024130048304073, 40.61884720954800088, 3.399999999999983036 ) ) ;
#4175 = CARTESIAN_POINT ( 'NONE',  ( 46.94653210253800779, 34.88980021391638076, -17.00997182357270887 ) ) ;
#4176 = DIRECTION ( 'NONE',  ( -1.355284293265842525E-13, 1.000000000000000000, 0.000000000000000000 ) ) ;
#4177 = ORIENTED_EDGE ( 'NONE', *, *, #1232, .T. ) ;
#4178 = PLANE ( 'NONE',  #2225 ) ;
#4179 = EDGE_CURVE ( 'NONE', #3996, #3342, #2808, .T. ) ;
#4180 = ADVANCED_FACE ( 'NONE', ( #5599, #11 ), #5145, .T. ) ;
#4181 = EDGE_CURVE ( 'NONE', #5470, #945, #6922, .T. ) ;
#4182 = ORIENTED_EDGE ( 'NONE', *, *, #2616, .F. ) ;
#4183 = ORIENTED_EDGE ( 'NONE', *, *, #2527, .F. ) ;
#4184 = EDGE_CURVE ( 'NONE', #461, #2086, #1714, .T. ) ;
#4185 = AXIS2_PLACEMENT_3D ( 'NONE', #1117, #4021, #6333 ) ;
#4186 = VECTOR ( 'NONE', #4102, 1000.000000000000114 ) ;
#4187 = CARTESIAN_POINT ( 'NONE',  ( 41.42884860408194214, 24.35317541498459804, 9.600000000000013856 ) ) ;
#4188 = FACE_OUTER_BOUND ( 'NONE', #2720, .T. ) ;
#4189 = VECTOR ( 'NONE', #237, 1000.000000000000000 ) ;
#4190 = CARTESIAN_POINT ( 'NONE',  ( 68.03157658086556125, 31.35317541498459804, 4.000000000000000000 ) ) ;
#4191 = VERTEX_POINT ( 'NONE', #4475 ) ;
#4192 = CONICAL_SURFACE ( 'NONE', #1552, 1.250000000000001110, 0.7853981633974576049 ) ;
#4193 = EDGE_LOOP ( 'NONE', ( #7467, #2651, #4002, #3925 ) ) ;
#4194 = DIRECTION ( 'NONE',  ( -1.000000000000000000, 0.000000000000000000, 0.000000000000000000 ) ) ;
#4195 = VECTOR ( 'NONE', #3761, 1000.000000000000000 ) ;
#4196 = LINE ( 'NONE', #2499, #4034 ) ;
#4197 = LINE ( 'NONE', #3176, #3610 ) ;
#4198 = VERTEX_POINT ( 'NONE', #3902 ) ;
#4199 = ORIENTED_EDGE ( 'NONE', *, *, #1511, .T. ) ;
#4200 = DIRECTION ( 'NONE',  ( -0.4999999999998758216, 0.5000000000001328937, 0.7071067811865413555 ) ) ;
#4201 = LINE ( 'NONE', #2013, #6743 ) ;
#4202 = FACE_OUTER_BOUND ( 'NONE', #7119, .T. ) ;
#4204 = CARTESIAN_POINT ( 'NONE',  ( 72.94807733323547438, 0.000000000000000000, 6.000000000000000000 ) ) ;
#4203 = CARTESIAN_POINT ( 'NONE',  ( 73.15243468099103552, 6.261804759730023484, 10.00099999999999945 ) ) ;
#4205 = CARTESIAN_POINT ( 'NONE',  ( 24.39487291362403099, 59.35339717067414256, 9.600000000000017408 ) ) ;
#4206 = CARTESIAN_POINT ( 'NONE',  ( 24.61060500309818622, 30.68592075184099599, 3.600000000000002309 ) ) ;
#4207 = VERTEX_POINT ( 'NONE', #6209 ) ;
#4208 = DIRECTION ( 'NONE',  ( -0.7071067811865425767, -0.7071067811865525687, 0.000000000000000000 ) ) ;
#4209 = ORIENTED_EDGE ( 'NONE', *, *, #3060, .F. ) ;
#4210 = DIRECTION ( 'NONE',  ( 9.324293839476711010E-05, 0.9999999956528771161, 0.000000000000000000 ) ) ;
#4211 = CARTESIAN_POINT ( 'NONE',  ( 67.63157658086555557, 23.35317541498460869, 6.800000000000010481 ) ) ;
#4212 = CARTESIAN_POINT ( 'NONE',  ( 10.59981128446159104, 12.01402484683418415, 4.000000000000000000 ) ) ;
#4213 = VERTEX_POINT ( 'NONE', #7450 ) ;
#4214 = CARTESIAN_POINT ( 'NONE',  ( 73.55243468099102699, 6.427490184679252927, 10.00000000000000000 ) ) ;
#4215 = LINE ( 'NONE', #263, #3116 ) ;
#4216 = ORIENTED_EDGE ( 'NONE', *, *, #6698, .F. ) ;
#4217 = ORIENTED_EDGE ( 'NONE', *, *, #2771, .F. ) ;
#4218 = ORIENTED_EDGE ( 'NONE', *, *, #3851, .T. ) ;
#4219 = AXIS2_PLACEMENT_3D ( 'NONE', #6717, #7316, #2707 ) ;
#4220 = ORIENTED_EDGE ( 'NONE', *, *, #7094, .T. ) ;
#4221 = CARTESIAN_POINT ( 'NONE',  ( 67.23157658086553568, 31.75317541498461082, 4.400000000000011902 ) ) ;
#4222 = LINE ( 'NONE', #1315, #3445 ) ;
#4223 = FACE_OUTER_BOUND ( 'NONE', #838, .T. ) ;
#4224 = VERTEX_POINT ( 'NONE', #3336 ) ;
#4225 = ORIENTED_EDGE ( 'NONE', *, *, #6080, .T. ) ;
#4226 = CONICAL_SURFACE ( 'NONE', #4833, 1.650000000000012568, 0.7853981633974610466 ) ;
#4227 = EDGE_CURVE ( 'NONE', #7247, #4616, #6285, .T. ) ;
#4228 = DIRECTION ( 'NONE',  ( -0.000000000000000000, -0.000000000000000000, -1.000000000000000000 ) ) ;
#4229 = LINE ( 'NONE', #876, #1377 ) ;
#4230 = CARTESIAN_POINT ( 'NONE',  ( 7.638803657608024267, 8.415085090169998949, 1.399999999999989697 ) ) ;
#4231 = ORIENTED_EDGE ( 'NONE', *, *, #6675, .F. ) ;
#4232 = CARTESIAN_POINT ( 'NONE',  ( 59.77578496594467339, 40.61884720954800088, 2.000000000000000000 ) ) ;
#4233 = CARTESIAN_POINT ( 'NONE',  ( 13.23920058294047308, -13.23920058294047308, 4.000000000000000000 ) ) ;
#4234 = CARTESIAN_POINT ( 'NONE',  ( 79.97474980950003953, 54.29582948390102359, 10.00099999999999945 ) ) ;
#4236 = DIRECTION ( 'NONE',  ( -0.6785983445458376728, -0.2810846377149068820, 0.6785983445458204644 ) ) ;
#4235 = PLANE ( 'NONE',  #2670 ) ;
#4237 = CARTESIAN_POINT ( 'NONE',  ( 65.34807733323546586, 40.95871309031685570, 4.399999999999997691 ) ) ;
#4238 = DIRECTION ( 'NONE',  ( 0.7071067811865486830, -0.7071067811865464625, 0.000000000000000000 ) ) ;
#4239 = ORIENTED_EDGE ( 'NONE', *, *, #2616, .T. ) ;
#4240 = CARTESIAN_POINT ( 'NONE',  ( 32.14653210253800353, 28.88980021391638431, 3.599999999999995648 ) ) ;
#4241 = ORIENTED_EDGE ( 'NONE', *, *, #6179, .T. ) ;
#4242 = CARTESIAN_POINT ( 'NONE',  ( 58.63157658086556268, 23.75317541498462148, 6.399999999999999467 ) ) ;
#4243 = DIRECTION ( 'NONE',  ( -0.7071067811865475727, 0.000000000000000000, 0.7071067811865475727 ) ) ;
#4244 = CARTESIAN_POINT ( 'NONE',  ( 5.874489965807185854, 50.33421759231526948, 4.400000000000011902 ) ) ;
#4245 = CARTESIAN_POINT ( 'NONE',  ( 53.48264078761654616, 52.77490806565516834, 6.000000000000000000 ) ) ;
#4246 = ORIENTED_EDGE ( 'NONE', *, *, #5139, .F. ) ;
#4247 = DIRECTION ( 'NONE',  ( 0.7049845209112707289, -0.7092226908915888473, 0.000000000000000000 ) ) ;
#4248 = FACE_OUTER_BOUND ( 'NONE', #6189, .T. ) ;
#4249 = ORIENTED_EDGE ( 'NONE', *, *, #819, .F. ) ;
#4250 = VECTOR ( 'NONE', #4357, 999.9999999999997726 ) ;
#4251 = VERTEX_POINT ( 'NONE', #1108 ) ;
#4252 = ORIENTED_EDGE ( 'NONE', *, *, #1470, .T. ) ;
#4253 = VERTEX_POINT ( 'NONE', #7411 ) ;
#4254 = DIRECTION ( 'NONE',  ( -1.000000000000000000, 0.000000000000000000, 0.000000000000000000 ) ) ;
#4255 = PLANE ( 'NONE',  #913 ) ;
#4256 = EDGE_CURVE ( 'NONE', #3216, #1549, #4510, .T. ) ;
#4257 = EDGE_CURVE ( 'NONE', #4747, #2813, #6325, .T. ) ;
#4258 = CARTESIAN_POINT ( 'NONE',  ( 8.888803657608024267, 56.44252476504900073, 1.399999999999991473 ) ) ;
#4259 = EDGE_LOOP ( 'NONE', ( #3733, #4534, #7132, #2968, #1290, #1557 ) ) ;
#4260 = ORIENTED_EDGE ( 'NONE', *, *, #4940, .F. ) ;
#4261 = VECTOR ( 'NONE', #5626, 1000.000000000000000 ) ;
#4262 = VECTOR ( 'NONE', #4651, 1000.000000000000114 ) ;
#4263 = LINE ( 'NONE', #7221, #1551 ) ;
#4264 = CARTESIAN_POINT ( 'NONE',  ( 73.71952070086400965, 54.05016659718972960, 1.399999999999998579 ) ) ;
#4265 = VECTOR ( 'NONE', #1151, 1000.000000000000114 ) ;
#4266 = ADVANCED_FACE ( 'NONE', ( #3942 ), #5759, .T. ) ;
#4267 = PLANE ( 'NONE',  #5479 ) ;
#4268 = ORIENTED_EDGE ( 'NONE', *, *, #7371, .T. ) ;
#4269 = VECTOR ( 'NONE', #2736, 1000.000000000000000 ) ;
#4270 = CARTESIAN_POINT ( 'NONE',  ( 0.000000000000000000, 41.21884720954800940, 4.000000000000000000 ) ) ;
#4271 = EDGE_CURVE ( 'NONE', #4157, #3340, #1071, .T. ) ;
#4272 = DIRECTION ( 'NONE',  ( -0.5773502691896225114, 0.5773502691896224004, -0.5773502691896323924 ) ) ;
#4273 = PLANE ( 'NONE',  #2731 ) ;
#4274 = VECTOR ( 'NONE', #7424, 1000.000000000000114 ) ;
#4276 = CARTESIAN_POINT ( 'NONE',  ( 10.13880365760802604, 56.44252476504900073, 9.599999999999996092 ) ) ;
#4275 = DIRECTION ( 'NONE',  ( 1.000000000000000000, 0.000000000000000000, 0.000000000000000000 ) ) ;
#4277 = DIRECTION ( 'NONE',  ( 0.7071067811865352493, -0.7071067811865597852, -0.000000000000000000 ) ) ;
#4278 = CARTESIAN_POINT ( 'NONE',  ( 12.01402484566508733, 6.000000000000052403, 9.600000000000015632 ) ) ;
#4279 = ORIENTED_EDGE ( 'NONE', *, *, #1176, .T. ) ;
#4280 = VECTOR ( 'NONE', #6792, 1000.000000000000000 ) ;
#4281 = FACE_OUTER_BOUND ( 'NONE', #3246, .T. ) ;
#4282 = EDGE_LOOP ( 'NONE', ( #2412, #1805, #3019, #2646 ) ) ;
#4283 = VECTOR ( 'NONE', #1173, 1000.000000000000114 ) ;
#4284 = DIRECTION ( 'NONE',  ( 0.000000000000000000, -0.7071067811865475727, -0.7071067811865475727 ) ) ;
#4285 = ADVANCED_FACE ( 'NONE', ( #2889 ), #439, .T. ) ;
#4286 = LINE ( 'NONE', #4211, #746 ) ;
#4287 = CIRCLE ( 'NONE', #321, 1.250000000000001110 ) ;
#4288 = CARTESIAN_POINT ( 'NONE',  ( 79.97474980949952794, 57.98214359204602175, 1.399999999999998579 ) ) ;
#4289 = CARTESIAN_POINT ( 'NONE',  ( 62.89024130048304073, 40.61884720954800088, 3.399999999999983036 ) ) ;
#4290 = DIRECTION ( 'NONE',  ( 0.7071938130861842309, 0.7070197385735585982, 0.000000000000000000 ) ) ;
#4291 = EDGE_LOOP ( 'NONE', ( #6092, #5541, #3026, #1456 ) ) ;
#4292 = CARTESIAN_POINT ( 'NONE',  ( 0.000000000000000000, 0.000000000000000000, 6.000000000000000000 ) ) ;
#4293 = DIRECTION ( 'NONE',  ( 0.7071067811865423547, 0.000000000000000000, 0.7071067811865526798 ) ) ;
#4294 = ORIENTED_EDGE ( 'NONE', *, *, #1274, .T. ) ;
#4295 = ORIENTED_EDGE ( 'NONE', *, *, #2993, .F. ) ;
#4296 = ORIENTED_EDGE ( 'NONE', *, *, #915, .T. ) ;
#4297 = EDGE_CURVE ( 'NONE', #6910, #3045, #3296, .T. ) ;
#4298 = ORIENTED_EDGE ( 'NONE', *, *, #3626, .T. ) ;
#4299 = CARTESIAN_POINT ( 'NONE',  ( 0.000000000000000000, 41.35871309031685428, 6.000000000000000000 ) ) ;
#4300 = CARTESIAN_POINT ( 'NONE',  ( 13.74567065430468027, 49.49614199309260698, -6.249202259319449837 ) ) ;
#4301 = ORIENTED_EDGE ( 'NONE', *, *, #3338, .F. ) ;
#4302 = VECTOR ( 'NONE', #583, 1000.000000000000114 ) ;
#4303 = ORIENTED_EDGE ( 'NONE', *, *, #4692, .F. ) ;
#4304 = AXIS2_PLACEMENT_3D ( 'NONE', #5274, #3570, #4672 ) ;
#4305 = EDGE_CURVE ( 'NONE', #6488, #7198, #3979, .T. ) ;
#4306 = CARTESIAN_POINT ( 'NONE',  ( 72.94807733323547438, 40.55871309031687844, 4.000000000000000000 ) ) ;
#4307 = DIRECTION ( 'NONE',  ( -0.5789801531535648804, -0.5741478897626297595, 0.5789094773238676606 ) ) ;
#4308 = VECTOR ( 'NONE', #2577, 1000.000000000000000 ) ;
#4309 = EDGE_CURVE ( 'NONE', #2860, #3719, #6853, .T. ) ;
#4310 = EDGE_CURVE ( 'NONE', #5441, #6234, #1852, .T. ) ;
#4311 = CARTESIAN_POINT ( 'NONE',  ( 0.000000000000000000, 35.28980021391637933, 4.000000000000000000 ) ) ;
#4312 = VERTEX_POINT ( 'NONE', #2425 ) ;
#4313 = VECTOR ( 'NONE', #3491, 1000.000000000000000 ) ;
#4314 = DIRECTION ( 'NONE',  ( -1.000000000000000000, 0.000000000000000000, 0.000000000000000000 ) ) ;
#4315 = EDGE_CURVE ( 'NONE', #5476, #3376, #4196, .T. ) ;
#4316 = DIRECTION ( 'NONE',  ( 0.000000000000000000, -1.000000000000000000, 0.000000000000000000 ) ) ;
#4317 = DIRECTION ( 'NONE',  ( 1.259290296542222077E-16, -1.000000000000000000, 0.000000000000000000 ) ) ;
#4319 = DIRECTION ( 'NONE',  ( 0.7071067811865475727, -0.7071067811865475727, 0.000000000000000000 ) ) ;
#4318 = LINE ( 'NONE', #6748, #5074 ) ;
#4320 = LINE ( 'NONE', #2018, #4539 ) ;
#4321 = PLANE ( 'NONE',  #6224 ) ;
#4322 = ORIENTED_EDGE ( 'NONE', *, *, #3545, .F. ) ;
#4323 = DIRECTION ( 'NONE',  ( 0.000000000000000000, 1.000000000000000000, -0.000000000000000000 ) ) ;
#4324 = VERTEX_POINT ( 'NONE', #6394 ) ;
#4325 = DIRECTION ( 'NONE',  ( -0.7071067811865460184, 0.7071067811865489050, 0.000000000000000000 ) ) ;
#4326 = PRODUCT_CONTEXT ( 'NONE', #1284, 'mechanical' ) ;
#4327 = DIRECTION ( 'NONE',  ( -0.000000000000000000, -0.000000000000000000, -1.000000000000000000 ) ) ;
#4328 = DIRECTION ( 'NONE',  ( 0.2810846377148401576, 0.6785983445458546592, 0.6785983445458311225 ) ) ;
#4329 = VECTOR ( 'NONE', #1015, 999.9999999999998863 ) ;
#4330 = CARTESIAN_POINT ( 'NONE',  ( 78.02984732797568768, 28.93771831048097454, 4.000000000000000000 ) ) ;
#4331 = ORIENTED_EDGE ( 'NONE', *, *, #2464, .T. ) ;
#4332 = DIRECTION ( 'NONE',  ( 0.5773502691896216232, -0.5773502691896207351, 0.5773502691896349459 ) ) ;
#4333 = DIRECTION ( 'NONE',  ( -1.000000000000000000, 0.000000000000000000, 0.000000000000000000 ) ) ;
#4334 = ORIENTED_EDGE ( 'NONE', *, *, #5423, .F. ) ;
#4335 = EDGE_LOOP ( 'NONE', ( #7204, #3081, #2602, #4781 ) ) ;
#4336 = VERTEX_POINT ( 'NONE', #5794 ) ;
#4337 = VECTOR ( 'NONE', #4118, 1000.000000000000000 ) ;
#4338 = ADVANCED_FACE ( 'NONE', ( #46 ), #692, .T. ) ;
#4339 = EDGE_CURVE ( 'NONE', #4427, #6872, #4116, .T. ) ;
#4340 = ORIENTED_EDGE ( 'NONE', *, *, #2993, .T. ) ;
#4341 = DIRECTION ( 'NONE',  ( -1.000000000000000000, 0.000000000000000000, 0.000000000000000000 ) ) ;
#4342 = DIRECTION ( 'NONE',  ( 1.000000000000000000, 0.000000000000000000, 0.000000000000000000 ) ) ;
#4343 = ORIENTED_EDGE ( 'NONE', *, *, #1442, .T. ) ;
#4344 = ORIENTED_EDGE ( 'NONE', *, *, #6642, .T. ) ;
#4345 = AXIS2_PLACEMENT_3D ( 'NONE', #6825, #6220, #2782 ) ;
#4346 = LINE ( 'NONE', #1479, #2382 ) ;
#4347 = CARTESIAN_POINT ( 'NONE',  ( 65.74807733323547154, 45.55871309031685712, 6.000000000000000000 ) ) ;
#4348 = VECTOR ( 'NONE', #7192, 1000.000000000000000 ) ;
#4349 = CARTESIAN_POINT ( 'NONE',  ( 10.59981128446159104, 12.01402484683418415, 4.000000000000000000 ) ) ;
#4350 = EDGE_CURVE ( 'NONE', #4861, #6877, #1214, .T. ) ;
#4351 = EDGE_LOOP ( 'NONE', ( #4091, #5539, #903, #1520 ) ) ;
#4352 = DIRECTION ( 'NONE',  ( 1.000000000000000000, 0.000000000000000000, 0.000000000000000000 ) ) ;
#4353 = EDGE_CURVE ( 'NONE', #1893, #7378, #4798, .T. ) ;
#4354 = DIRECTION ( 'NONE',  ( 1.000000000000000000, 0.000000000000000000, 0.000000000000000000 ) ) ;
#4355 = CARTESIAN_POINT ( 'NONE',  ( 1.003978785887913501E-13, 28.93771831048124454, 4.000000000000000000 ) ) ;
#4357 = DIRECTION ( 'NONE',  ( -0.7870447919190708408, -0.6168958546732719039, 0.000000000000000000 ) ) ;
#4356 = LINE ( 'NONE', #6057, #5318 ) ;
#4358 = CARTESIAN_POINT ( 'NONE',  ( 54.61415088855444111, 53.90613964737286068, 5.599999999999983658 ) ) ;
#4359 = AXIS2_PLACEMENT_3D ( 'NONE', #7158, #3608, #1875 ) ;
#4360 = PLANE ( 'NONE',  #6703 ) ;
#4361 = ORIENTED_EDGE ( 'NONE', *, *, #539, .T. ) ;
#4362 = EDGE_CURVE ( 'NONE', #5828, #6568, #3061, .T. ) ;
#4363 = DIRECTION ( 'NONE',  ( -1.000000000000000000, 0.000000000000000000, 0.000000000000000000 ) ) ;
#4364 = ORIENTED_EDGE ( 'NONE', *, *, #4159, .T. ) ;
#4365 = DIRECTION ( 'NONE',  ( 0.000000000000000000, -1.000000000000000000, 0.000000000000000000 ) ) ;
#4366 = CARTESIAN_POINT ( 'NONE',  ( 47.34653210253799926, 28.48980021391638573, 4.000000000000000000 ) ) ;
#4367 = LINE ( 'NONE', #6031, #1699 ) ;
#4368 = PLANE ( 'NONE',  #3547 ) ;
#4369 = VECTOR ( 'NONE', #1266, 1000.000000000000114 ) ;
#4370 = EDGE_LOOP ( 'NONE', ( #3907, #6423, #6529, #1204 ) ) ;
#4371 = PLANE ( 'NONE',  #191 ) ;
#4372 = DIRECTION ( 'NONE',  ( 1.000000000000000000, 0.000000000000000000, -0.000000000000000000 ) ) ;
#4373 = ORIENTED_EDGE ( 'NONE', *, *, #7317, .F. ) ;
#4375 = EDGE_LOOP ( 'NONE', ( #3888, #1556, #6229, #972 ) ) ;
#4374 = ADVANCED_FACE ( 'NONE', ( #3516 ), #6466, .T. ) ;
#4376 = EDGE_LOOP ( 'NONE', ( #5864, #7357, #2530, #6899 ) ) ;
#4377 = ADVANCED_FACE ( 'NONE', ( #763 ), #654, .T. ) ;
#4378 = EDGE_CURVE ( 'NONE', #1856, #4982, #7108, .T. ) ;
#4379 = EDGE_LOOP ( 'NONE', ( #6601, #6045, #6191, #2793 ) ) ;
#4380 = DIRECTION ( 'NONE',  ( 0.000000000000000000, -0.7071067811865475727, 0.7071067811865475727 ) ) ;
#4381 = FACE_OUTER_BOUND ( 'NONE', #3201, .T. ) ;
#4382 = ORIENTED_EDGE ( 'NONE', *, *, #5321, .F. ) ;
#4383 = ORIENTED_EDGE ( 'NONE', *, *, #4047, .F. ) ;
#4384 = EDGE_CURVE ( 'NONE', #227, #6115, #6359, .T. ) ;
#4385 = VECTOR ( 'NONE', #3916, 999.9999999999998863 ) ;
#4386 = LINE ( 'NONE', #6578, #91 ) ;
#4387 = FACE_OUTER_BOUND ( 'NONE', #2713, .T. ) ;
#4388 = CARTESIAN_POINT ( 'NONE',  ( 65.34807733323546586, 45.55871309031685712, 5.600000000000016520 ) ) ;
#4389 = ORIENTED_EDGE ( 'NONE', *, *, #4181, .T. ) ;
#4390 = CIRCLE ( 'NONE', #3307, 1.250000000000001110 ) ;
#4391 = PLANE ( 'NONE',  #2377 ) ;
#4392 = LINE ( 'NONE', #2168, #625 ) ;
#4393 = DIRECTION ( 'NONE',  ( 1.000000000000000000, -0.000000000000000000, 0.000000000000000000 ) ) ;
#4394 = AXIS2_PLACEMENT_3D ( 'NONE', #6382, #2526, #785 ) ;
#4395 = EDGE_CURVE ( 'NONE', #6908, #5697, #1183, .T. ) ;
#4396 = CARTESIAN_POINT ( 'NONE',  ( 65.34807733323546586, 45.55871309031685712, 6.000000000000000000 ) ) ;
#4397 = DIRECTION ( 'NONE',  ( 0.000000000000000000, 1.000000000000000000, 0.000000000000000000 ) ) ;
#4398 = VECTOR ( 'NONE', #1524, 1000.000000000000114 ) ;
#4399 = EDGE_LOOP ( 'NONE', ( #1755, #6615, #4065, #2634 ) ) ;
#4400 = EDGE_CURVE ( 'NONE', #7135, #1202, #3591, .T. ) ;
#4401 = CARTESIAN_POINT ( 'NONE',  ( 5.874410834131300163, 49.93421759231525670, 6.000000000000000000 ) ) ;
#4402 = ORIENTED_EDGE ( 'NONE', *, *, #2459, .T. ) ;
#4403 = EDGE_LOOP ( 'NONE', ( #147, #1334, #829, #4516 ) ) ;
#4404 = VECTOR ( 'NONE', #3794, 1000.000000000000000 ) ;
#4405 = PLANE ( 'NONE',  #6090 ) ;
#4406 = CONICAL_SURFACE ( 'NONE', #1148, 1.649999999999998579, 0.7853981633974576049 ) ;
#4407 = EDGE_CURVE ( 'NONE', #1808, #5919, #5331, .T. ) ;
#4408 = SURFACE_STYLE_FILL_AREA ( #3839 ) ;
#4409 = CARTESIAN_POINT ( 'NONE',  ( 24.61060500309818622, 30.68592075184099599, 1.400000000000010347 ) ) ;
#4410 = EDGE_CURVE ( 'NONE', #4224, #6720, #5257, .T. ) ;
#4412 = FACE_OUTER_BOUND ( 'NONE', #767, .T. ) ;
#4411 = FACE_OUTER_BOUND ( 'NONE', #3197, .T. ) ;
#4413 = ORIENTED_EDGE ( 'NONE', *, *, #6946, .F. ) ;
#4414 = AXIS2_PLACEMENT_3D ( 'NONE', #7118, #6550, #6138 ) ;
#4415 = VECTOR ( 'NONE', #7138, 1000.000000000000000 ) ;
#4416 = CARTESIAN_POINT ( 'NONE',  ( 55.42884860408193504, 23.35317541498460159, -10.67514906227531313 ) ) ;
#4417 = EDGE_CURVE ( 'NONE', #2300, #3810, #2458, .T. ) ;
#4418 = LINE ( 'NONE', #6722, #5295 ) ;
#4419 = VERTEX_POINT ( 'NONE', #6427 ) ;
#4420 = ORIENTED_EDGE ( 'NONE', *, *, #116, .T. ) ;
#4421 = ORIENTED_EDGE ( 'NONE', *, *, #6501, .F. ) ;
#4422 = VECTOR ( 'NONE', #2852, 1000.000000000000000 ) ;
#4423 = EDGE_CURVE ( 'NONE', #6720, #81, #1246, .T. ) ;
#4424 = ORIENTED_EDGE ( 'NONE', *, *, #5182, .T. ) ;
#4425 = ADVANCED_FACE ( 'NONE', ( #7067 ), #2578, .F. ) ;
#4426 = CARTESIAN_POINT ( 'NONE',  ( 79.97474980950003953, 6.992565577373023977, 9.600000000000017408 ) ) ;
#4427 = VERTEX_POINT ( 'NONE', #393 ) ;
#4428 = CARTESIAN_POINT ( 'NONE',  ( 24.67775043885851716, 54.18922606202249881, 6.000000000000000000 ) ) ;
#4429 = ORIENTED_EDGE ( 'NONE', *, *, #42, .T. ) ;
#4430 = PRODUCT_DEFINITION_CONTEXT ( 'detailed design', #6049, 'design' ) ;
#4431 = ORIENTED_EDGE ( 'NONE', *, *, #2805, .T. ) ;
#4432 = DIRECTION ( 'NONE',  ( 0.5773502691896212902, -0.5773502691896212902, -0.5773502691896346128 ) ) ;
#4433 = DIRECTION ( 'NONE',  ( -1.000000000000000000, 0.000000000000000000, 0.000000000000000000 ) ) ;
#4434 = LINE ( 'NONE', #2690, #173 ) ;
#4435 = ORIENTED_EDGE ( 'NONE', *, *, #2250, .F. ) ;
#4436 = LINE ( 'NONE', #6626, #1776 ) ;
#4437 = VECTOR ( 'NONE', #165, 1000.000000000000000 ) ;
#4438 = EDGE_CURVE ( 'NONE', #1803, #3745, #2045, .T. ) ;
#4439 = VECTOR ( 'NONE', #6305, 1000.000000000000000 ) ;
#4440 = CARTESIAN_POINT ( 'NONE',  ( 65.74807733323545733, 46.35871309031685428, 4.000000000000000000 ) ) ;
#4441 = FACE_OUTER_BOUND ( 'NONE', #7283, .T. ) ;
#4442 = CARTESIAN_POINT ( 'NONE',  ( 77.98218423212703954, 5.000000000000023093, 1.400000000000012346 ) ) ;
#4443 = CARTESIAN_POINT ( 'NONE',  ( 6.041432515715740692, 53.53706121412302110, 1.000000000000000888 ) ) ;
#4444 = ORIENTED_EDGE ( 'NONE', *, *, #5382, .F. ) ;
#4445 = CARTESIAN_POINT ( 'NONE',  ( 16.26968486712803141, 5.000000000000023093, 10.00099999999999945 ) ) ;
#4446 = EDGE_LOOP ( 'NONE', ( #2803, #2743, #3055, #1403 ) ) ;
#4447 = VECTOR ( 'NONE', #800, 1000.000000000000114 ) ;
#4448 = EDGE_LOOP ( 'NONE', ( #5661, #1697, #5607, #4817 ) ) ;
#4449 = FACE_OUTER_BOUND ( 'NONE', #1746, .T. ) ;
#4450 = VECTOR ( 'NONE', #4552, 1000.000000000000000 ) ;
#4451 = LINE ( 'NONE', #5576, #1189 ) ;
#4452 = FACE_OUTER_BOUND ( 'NONE', #6609, .T. ) ;
#4453 = AXIS2_PLACEMENT_3D ( 'NONE', #3143, #1934, #6509 ) ;
#4455 = CARTESIAN_POINT ( 'NONE',  ( 77.63204609663762312, 52.51881119598889569, 10.00000000000000000 ) ) ;
#4454 = DIRECTION ( 'NONE',  ( -1.577021341797097018E-15, -1.000000000000000000, 0.000000000000000000 ) ) ;
#4456 = ORIENTED_EDGE ( 'NONE', *, *, #5974, .F. ) ;
#4457 = CARTESIAN_POINT ( 'NONE',  ( 79.97474980949952794, 57.98214359204602175, 1.399999999999998579 ) ) ;
#4458 = CARTESIAN_POINT ( 'NONE',  ( 55.24511320246803336, 59.97470916941927044, 10.00099999999999945 ) ) ;
#4459 = ORIENTED_EDGE ( 'NONE', *, *, #6747, .T. ) ;
#4460 = ORIENTED_EDGE ( 'NONE', *, *, #3523, .F. ) ;
#4461 = ORIENTED_EDGE ( 'NONE', *, *, #6172, .T. ) ;
#4462 = EDGE_CURVE ( 'NONE', #1453, #7214, #5971, .T. ) ;
#4463 = VERTEX_POINT ( 'NONE', #4347 ) ;
#4464 = CARTESIAN_POINT ( 'NONE',  ( 69.83157658086554420, 23.35317541498460869, 9.600000000000015632 ) ) ;
#4465 = EDGE_LOOP ( 'NONE', ( #315, #4182, #6418, #29 ) ) ;
#4466 = ORIENTED_EDGE ( 'NONE', *, *, #4051, .T. ) ;
#4467 = DIRECTION ( 'NONE',  ( 0.000000000000000000, -0.7071067811865475727, 0.7071067811865475727 ) ) ;
#4468 = DIRECTION ( 'NONE',  ( 1.577021341797097018E-15, 1.000000000000000000, 0.000000000000000000 ) ) ;
#4469 = EDGE_CURVE ( 'NONE', #6880, #2336, #6012, .T. ) ;
#4470 = DIRECTION ( 'NONE',  ( -0.000000000000000000, 0.000000000000000000, -1.000000000000000000 ) ) ;
#4471 = EDGE_LOOP ( 'NONE', ( #7444, #2604, #2488, #6194 ) ) ;
#4472 = ADVANCED_FACE ( 'NONE', ( #6660 ), #2618, .T. ) ;
#4473 = LINE ( 'NONE', #997, #5633 ) ;
#4474 = LINE ( 'NONE', #6168, #4713 ) ;
#4475 = CARTESIAN_POINT ( 'NONE',  ( 78.03203064794003296, 52.35311032234202600, 4.000000000000000000 ) ) ;
#4476 = VECTOR ( 'NONE', #3269, 1000.000000000000000 ) ;
#4477 = CARTESIAN_POINT ( 'NONE',  ( 76.16692151384303600, 8.415085090169998949, 10.00000000000000000 ) ) ;
#4478 = CARTESIAN_POINT ( 'NONE',  ( 78.02831089662203112, 12.45999491999002373, 1.400000000000012346 ) ) ;
#4479 = EDGE_CURVE ( 'NONE', #5927, #4251, #7257, .T. ) ;
#4480 = EDGE_LOOP ( 'NONE', ( #6381, #2023, #6165, #6506 ) ) ;
#4481 = PLANE ( 'NONE',  #948 ) ;
#4482 = VERTEX_POINT ( 'NONE', #3741 ) ;
#4483 = PLANE ( 'NONE',  #6450 ) ;
#4484 = AXIS2_PLACEMENT_3D ( 'NONE', #3941, #2807, #5106 ) ;
#4485 = DIRECTION ( 'NONE',  ( -0.000000000000000000, -0.7071067811865475727, -0.7071067811865475727 ) ) ;
#4487 = LINE ( 'NONE', #6758, #3173 ) ;
#4486 = LINE ( 'NONE', #7102, #189 ) ;
#4488 = ORIENTED_EDGE ( 'NONE', *, *, #5840, .F. ) ;
#4489 = DIRECTION ( 'NONE',  ( -0.4362112421253394046, 0.5565247094635277225, 0.7071067811865509034 ) ) ;
#4490 = LINE ( 'NONE', #5053, #4687 ) ;
#4491 = EDGE_LOOP ( 'NONE', ( #6491, #1733, #3503, #5150 ) ) ;
#4492 = VERTEX_POINT ( 'NONE', #4915 ) ;
#4493 = ORIENTED_EDGE ( 'NONE', *, *, #2218, .T. ) ;
#4494 = ORIENTED_EDGE ( 'NONE', *, *, #4630, .T. ) ;
#4495 = ADVANCED_FACE ( 'NONE', ( #1480 ), #4874, .T. ) ;
#4496 = DIRECTION ( 'NONE',  ( 0.2810846377148280006, 0.6785983445458454444, 0.6785983445458454444 ) ) ;
#4497 = ORIENTED_EDGE ( 'NONE', *, *, #1359, .F. ) ;
#4498 = AXIS2_PLACEMENT_3D ( 'NONE', #1120, #3528, #635 ) ;
#4499 = CARTESIAN_POINT ( 'NONE',  ( 5.864532158809462103, -0.001160175645021830054, 4.000000000000000000 ) ) ;
#4500 = EDGE_CURVE ( 'NONE', #6152, #1962, #6580, .T. ) ;
#4501 = LINE ( 'NONE', #3860, #5602 ) ;
#4502 = CARTESIAN_POINT ( 'NONE',  ( 62.89024130048304073, 40.61884720954800088, 3.399999999999983036 ) ) ;
#4503 = EDGE_CURVE ( 'NONE', #7267, #1711, #355, .T. ) ;
#4504 = EDGE_CURVE ( 'NONE', #4419, #3595, #7182, .T. ) ;
#4505 = CARTESIAN_POINT ( 'NONE',  ( 0.000000000000000000, 24.68592075184099954, -14.99112027467291597 ) ) ;
#4506 = VECTOR ( 'NONE', #2141, 1000.000000000000000 ) ;
#4507 = ORIENTED_EDGE ( 'NONE', *, *, #1982, .T. ) ;
#4508 = CARTESIAN_POINT ( 'NONE',  ( 11.01402484566505890, 5.000000000000023093, 1.399999999999984590 ) ) ;
#4509 = LINE ( 'NONE', #1070, #6166 ) ;
#4510 = LINE ( 'NONE', #6815, #3449 ) ;
#4511 = DIRECTION ( 'NONE',  ( 0.000000000000000000, 0.000000000000000000, 1.000000000000000000 ) ) ;
#4512 = ADVANCED_FACE ( 'NONE', ( #2083 ), #6697, .T. ) ;
#4513 = LINE ( 'NONE', #3904, #6830 ) ;
#4514 = VERTEX_POINT ( 'NONE', #5407 ) ;
#4515 = DIRECTION ( 'NONE',  ( 0.000000000000000000, -0.7071067811865475727, 0.7071067811865475727 ) ) ;
#4516 = ORIENTED_EDGE ( 'NONE', *, *, #3615, .F. ) ;
#4517 = CARTESIAN_POINT ( 'NONE',  ( 11.27132469877176568, 33.93421759231524959, 4.000000000000000000 ) ) ;
#4518 = VECTOR ( 'NONE', #825, 1000.000000000000114 ) ;
#4519 = VECTOR ( 'NONE', #5673, 1000.000000000000114 ) ;
#4520 = FACE_OUTER_BOUND ( 'NONE', #2849, .T. ) ;
#4521 = DIRECTION ( 'NONE',  ( -1.000000000000000000, 0.000000000000000000, 0.000000000000000000 ) ) ;
#4523 = PLANE ( 'NONE',  #3535 ) ;
#4522 = DIRECTION ( 'NONE',  ( 0.000000000000000000, 1.000000000000000000, 0.000000000000000000 ) ) ;
#4524 = ORIENTED_EDGE ( 'NONE', *, *, #389, .F. ) ;
#4525 = PLANE ( 'NONE',  #1757 ) ;
#4526 = VECTOR ( 'NONE', #3798, 999.9999999999998863 ) ;
#4527 = ORIENTED_EDGE ( 'NONE', *, *, #2832, .F. ) ;
#4528 = LINE ( 'NONE', #2184, #4329 ) ;
#4529 = ORIENTED_EDGE ( 'NONE', *, *, #1946, .F. ) ;
#4530 = ORIENTED_EDGE ( 'NONE', *, *, #167, .F. ) ;
#4531 = AXIS2_PLACEMENT_3D ( 'NONE', #5444, #2841, #2767 ) ;
#4532 = ORIENTED_EDGE ( 'NONE', *, *, #4407, .T. ) ;
#4533 = DIRECTION ( 'NONE',  ( -0.000000000000000000, 1.000000000000000000, 0.000000000000000000 ) ) ;
#4534 = ORIENTED_EDGE ( 'NONE', *, *, #3338, .T. ) ;
#4535 = VECTOR ( 'NONE', #1301, 1000.000000000000114 ) ;
#4536 = ORIENTED_EDGE ( 'NONE', *, *, #152, .F. ) ;
#4537 = ADVANCED_FACE ( 'NONE', ( #4387 ), #3700, .T. ) ;
#4538 = CARTESIAN_POINT ( 'NONE',  ( 78.02984732797568768, 28.93771831048097454, 1.400000000000012346 ) ) ;
#4539 = VECTOR ( 'NONE', #3185, 1000.000000000000000 ) ;
#4540 = CARTESIAN_POINT ( 'NONE',  ( 75.41657697571172037, 52.35311032234202600, 1.399999999999999689 ) ) ;
#4541 = LINE ( 'NONE', #6387, #4042 ) ;
#4542 = CARTESIAN_POINT ( 'NONE',  ( 77.41692151384303600, 56.44252476504900073, 9.600000000000019185 ) ) ;
#4543 = ORIENTED_EDGE ( 'NONE', *, *, #916, .T. ) ;
#4544 = EDGE_CURVE ( 'NONE', #3037, #6085, #6048, .T. ) ;
#4545 = DIRECTION ( 'NONE',  ( -8.260587980841936807E-16, -1.000000000000000000, 0.000000000000000000 ) ) ;
#4546 = ADVANCED_FACE ( 'NONE', ( #3819 ), #5560, .T. ) ;
#4547 = EDGE_CURVE ( 'NONE', #1509, #1857, #4229, .T. ) ;
#4548 = DIRECTION ( 'NONE',  ( 0.000000000000000000, 0.000000000000000000, -1.000000000000000000 ) ) ;
#4549 = DIRECTION ( 'NONE',  ( 0.000000000000000000, 0.000000000000000000, -1.000000000000000000 ) ) ;
#4550 = DIRECTION ( 'NONE',  ( 0.7071067811865472397, 0.7071067811865479058, 0.000000000000000000 ) ) ;
#4551 = ORIENTED_EDGE ( 'NONE', *, *, #582, .T. ) ;
#4552 = DIRECTION ( 'NONE',  ( 0.000000000000000000, 0.000000000000000000, 1.000000000000000000 ) ) ;
#4553 = ORIENTED_EDGE ( 'NONE', *, *, #5702, .F. ) ;
#4554 = LINE ( 'NONE', #3264, #2345 ) ;
#4555 = AXIS2_PLACEMENT_3D ( 'NONE', #7036, #207, #2510 ) ;
#4556 = VECTOR ( 'NONE', #2685, 999.9999999999998863 ) ;
#4557 = CARTESIAN_POINT ( 'NONE',  ( 74.57992486567027868, 5.400000000000034994, 1.000000000000000888 ) ) ;
#4558 = CARTESIAN_POINT ( 'NONE',  ( 54.89647589698317631, 59.06565192864903224, 10.00000000000000000 ) ) ;
#4560 = DIRECTION ( 'NONE',  ( 0.000000000000000000, 0.000000000000000000, 1.000000000000000000 ) ) ;
#4559 = DIRECTION ( 'NONE',  ( -0.000000000000000000, -0.000000000000000000, -1.000000000000000000 ) ) ;
#4561 = FACE_OUTER_BOUND ( 'NONE', #6765, .T. ) ;
#4562 = VECTOR ( 'NONE', #226, 999.9999999999998863 ) ;
#4563 = VECTOR ( 'NONE', #2851, 1000.000000000000114 ) ;
#4564 = PLANE ( 'NONE',  #70 ) ;
#4565 = ORIENTED_EDGE ( 'NONE', *, *, #598, .F. ) ;
#4566 = CARTESIAN_POINT ( 'NONE',  ( 74.51692151384303031, 56.44252476504900073, 1.000000000000000888 ) ) ;
#4567 = ORIENTED_EDGE ( 'NONE', *, *, #582, .F. ) ;
#4568 = LINE ( 'NONE', #1093, #5153 ) ;
#4569 = ORIENTED_EDGE ( 'NONE', *, *, #2853, .F. ) ;
#4570 = AXIS2_PLACEMENT_3D ( 'NONE', #1574, #4973, #1045 ) ;
#4571 = ORIENTED_EDGE ( 'NONE', *, *, #1607, .T. ) ;
#4572 = CARTESIAN_POINT ( 'NONE',  ( 46.54653210253799500, 34.48980021391637507, 1.000000000000000888 ) ) ;
#4573 = ORIENTED_EDGE ( 'NONE', *, *, #4716, .T. ) ;
#4574 = ADVANCED_FACE ( 'NONE', ( #7143 ), #3138, .T. ) ;
#4575 = DIRECTION ( 'NONE',  ( -1.000000000000000000, 0.000000000000000000, -0.000000000000000000 ) ) ;
#4576 = CARTESIAN_POINT ( 'NONE',  ( 76.16692151384303600, 8.415085090169998949, 9.600000000000019185 ) ) ;
#4577 = DIRECTION ( 'NONE',  ( -1.000000000000000000, 0.000000000000000000, 0.000000000000000000 ) ) ;
#4578 = PLANE ( 'NONE',  #5843 ) ;
#4579 = ORIENTED_EDGE ( 'NONE', *, *, #920, .F. ) ;
#4580 = ORIENTED_EDGE ( 'NONE', *, *, #1407, .T. ) ;
#4581 = VECTOR ( 'NONE', #837, 1000.000000000000114 ) ;
#4582 = DIRECTION ( 'NONE',  ( 0.7071067811865462405, -5.841117777841413032E-16, -0.7071067811865489050 ) ) ;
#4583 = DIRECTION ( 'NONE',  ( -1.000000000000000000, 0.000000000000000000, 0.000000000000000000 ) ) ;
#4584 = LINE ( 'NONE', #5185, #5435 ) ;
#4585 = CARTESIAN_POINT ( 'NONE',  ( -3.859101802983540885, 49.12325022882693304, -0.1333520136339409745 ) ) ;
#4586 = ORIENTED_EDGE ( 'NONE', *, *, #7028, .T. ) ;
#4587 = LINE ( 'NONE', #2288, #4337 ) ;
#4588 = EDGE_LOOP ( 'NONE', ( #912, #7347, #4943, #3129 ) ) ;
#4589 = LINE ( 'NONE', #6900, #3314 ) ;
#4590 = VECTOR ( 'NONE', #6326, 1000.000000000000000 ) ;
#4591 = CARTESIAN_POINT ( 'NONE',  ( 73.34807733323548007, 41.35871309031684007, 5.600000000000016520 ) ) ;
#4592 = LINE ( 'NONE', #2178, #7365 ) ;
#4594 = CARTESIAN_POINT ( 'NONE',  ( 8.888803657608024267, 8.415085090169998949, 1.000000000000000888 ) ) ;
#4593 = PLANE ( 'NONE',  #4955 ) ;
#4595 = LINE ( 'NONE', #1799, #2448 ) ;
#4596 = EDGE_CURVE ( 'NONE', #1711, #4482, #2882, .T. ) ;
#4597 = PLANE ( 'NONE',  #3557 ) ;
#4598 = ORIENTED_EDGE ( 'NONE', *, *, #3017, .T. ) ;
#4599 = DIRECTION ( 'NONE',  ( 0.000000000000000000, -0.7071067811865475727, 0.7071067811865475727 ) ) ;
#4600 = ORIENTED_EDGE ( 'NONE', *, *, #5754, .T. ) ;
#4601 = AXIS2_PLACEMENT_3D ( 'NONE', #6547, #3671, #5983 ) ;
#4602 = CARTESIAN_POINT ( 'NONE',  ( 78.03203064794003296, 52.35311032234201889, 1.400000000000012346 ) ) ;
#4603 = ORIENTED_EDGE ( 'NONE', *, *, #37, .T. ) ;
#4604 = ORIENTED_EDGE ( 'NONE', *, *, #629, .T. ) ;
#4605 = LINE ( 'NONE', #2226, #4636 ) ;
#4606 = EDGE_CURVE ( 'NONE', #4107, #789, #4501, .T. ) ;
#4607 = VECTOR ( 'NONE', #6484, 999.9999999999998863 ) ;
#4608 = EDGE_CURVE ( 'NONE', #4463, #2902, #6843, .T. ) ;
#4609 = ORIENTED_EDGE ( 'NONE', *, *, #309, .T. ) ;
#4610 = EDGE_CURVE ( 'NONE', #5310, #5965, #3287, .T. ) ;
#4611 = DIRECTION ( 'NONE',  ( -0.000000000000000000, -0.000000000000000000, -1.000000000000000000 ) ) ;
#4612 = CARTESIAN_POINT ( 'NONE',  ( 31.00277114554352309, 31.00277114554352309, 4.000000000000000000 ) ) ;
#4613 = CARTESIAN_POINT ( 'NONE',  ( 5.871324698771779538, 34.33421759231527659, 10.00099999999999945 ) ) ;
#4614 = EDGE_CURVE ( 'NONE', #6442, #497, #574, .T. ) ;
#4615 = ORIENTED_EDGE ( 'NONE', *, *, #2846, .F. ) ;
#4616 = VERTEX_POINT ( 'NONE', #541 ) ;
#4617 = DIRECTION ( 'NONE',  ( -0.000000000000000000, -0.000000000000000000, -1.000000000000000000 ) ) ;
#4618 = CARTESIAN_POINT ( 'NONE',  ( 36.20824940358890842, -36.20824940358888000, 1.000000000000000888 ) ) ;
#4619 = CARTESIAN_POINT ( 'NONE',  ( 19.01060500309820256, 0.000000000000000000, 1.000000000000000888 ) ) ;
#4620 = DIRECTION ( 'NONE',  ( -1.259290296542222077E-16, 1.000000000000000000, 0.000000000000000000 ) ) ;
#4621 = CARTESIAN_POINT ( 'NONE',  ( 10.52080271090235009, 11.82328127700371567, 1.209256430169520335 ) ) ;
#4622 = VERTEX_POINT ( 'NONE', #1671 ) ;
#4623 = ORIENTED_EDGE ( 'NONE', *, *, #1964, .F. ) ;
#4624 = ADVANCED_FACE ( 'NONE', ( #504 ), #5751, .F. ) ;
#4625 = LINE ( 'NONE', #1827, #3357 ) ;
#4626 = LINE ( 'NONE', #2996, #5394 ) ;
#4628 = CARTESIAN_POINT ( 'NONE',  ( 73.71952070086400965, 59.97470916941927044, 14.99835655691897074 ) ) ;
#4627 = DIRECTION ( 'NONE',  ( -0.0001398863601938878814, -0.7071067742681522716, -0.7071067742681401702 ) ) ;
#4629 = CARTESIAN_POINT ( 'NONE',  ( 68.69560398829815995, 68.69560398829815995, 1.000000000000000888 ) ) ;
#4630 = EDGE_CURVE ( 'NONE', #1202, #6152, #7336, .T. ) ;
#4631 = FACE_OUTER_BOUND ( 'NONE', #2537, .T. ) ;
#4632 = ORIENTED_EDGE ( 'NONE', *, *, #1818, .F. ) ;
#4633 = CARTESIAN_POINT ( 'NONE',  ( 78.03203064794003296, 52.35311032234202600, 14.99835655691897074 ) ) ;
#4634 = VERTEX_POINT ( 'NONE', #5176 ) ;
#4635 = FACE_OUTER_BOUND ( 'NONE', #1468, .T. ) ;
#4636 = VECTOR ( 'NONE', #6914, 1000.000000000000000 ) ;
#4637 = ORIENTED_EDGE ( 'NONE', *, *, #168, .T. ) ;
#4638 = VECTOR ( 'NONE', #3975, 1000.000000000000000 ) ;
#4639 = EDGE_CURVE ( 'NONE', #3160, #3685, #5244, .T. ) ;
#4640 = ADVANCED_FACE ( 'NONE', ( #6317 ), #6239, .F. ) ;
#4641 = EDGE_CURVE ( 'NONE', #5625, #7255, #5137, .T. ) ;
#4642 = EDGE_LOOP ( 'NONE', ( #6027, #2930, #3790, #7032 ) ) ;
#4643 = LINE ( 'NONE', #1130, #1365 ) ;
#4644 = VECTOR ( 'NONE', #159, 1000.000000000000000 ) ;
#4645 = ORIENTED_EDGE ( 'NONE', *, *, #2657, .F. ) ;
#4646 = EDGE_CURVE ( 'NONE', #5104, #5916, #3365, .T. ) ;
#4647 = VECTOR ( 'NONE', #1576, 1000.000000000000114 ) ;
#4648 = LINE ( 'NONE', #6386, #2839 ) ;
#4649 = CARTESIAN_POINT ( 'NONE',  ( 59.77578496594467339, 40.61884720954800088, 1.400000000000012346 ) ) ;
#4650 = VECTOR ( 'NONE', #3400, 1000.000000000000000 ) ;
#4651 = DIRECTION ( 'NONE',  ( -0.7071067811865474617, -0.7071067811865474617, 0.000000000000000000 ) ) ;
#4652 = VERTEX_POINT ( 'NONE', #1592 ) ;
#4653 = EDGE_LOOP ( 'NONE', ( #5714, #2986, #639, #3873, #4785, #2644, #3301, #5148, #2978, #6462, #2311, #4344, #3135, #5391, #6912, #4239, #6003, #6889, #3985, #8, #6455, #3633, #7092, #7416, #2485, #2871, #6119, #1166, #2652, #552, #5367, #742, #5315, #1596, #4298, #7111 ) ) ;
#4654 = VECTOR ( 'NONE', #6667, 1000.000000000000114 ) ;
#4655 = PLANE ( 'NONE',  #3106 ) ;
#4656 = DIRECTION ( 'NONE',  ( 1.259290296542222077E-16, -1.000000000000000000, 0.000000000000000000 ) ) ;
#4657 = DIRECTION ( 'NONE',  ( 0.000000000000000000, 1.000000000000000000, 0.000000000000000000 ) ) ;
#4658 = CARTESIAN_POINT ( 'NONE',  ( 24.39487291362403454, 53.90641816659306329, 5.599999999999992539 ) ) ;
#4659 = VERTEX_POINT ( 'NONE', #7401 ) ;
#4660 = ORIENTED_EDGE ( 'NONE', *, *, #3228, .T. ) ;
#4661 = ADVANCED_FACE ( 'NONE', ( #6278 ), #1102, .T. ) ;
#4662 = CARTESIAN_POINT ( 'NONE',  ( 77.98218423212703954, 5.000000000000023093, 10.00099999999999945 ) ) ;
#4663 = DIRECTION ( 'NONE',  ( 1.355284293265842525E-13, -1.000000000000000000, 0.000000000000000000 ) ) ;
#4665 = CARTESIAN_POINT ( 'NONE',  ( 5.874569097483069768, 50.73421759231528227, 4.000000000000000000 ) ) ;
#4664 = CARTESIAN_POINT ( 'NONE',  ( 54.42884860408192793, 27.75317541498460372, 9.600000000000015632 ) ) ;
#4666 = CARTESIAN_POINT ( 'NONE',  ( -7.214347219674895229, 12.93252939528298029, 3.600000000000002309 ) ) ;
#4667 = LINE ( 'NONE', #3497, #5615 ) ;
#4668 = ORIENTED_EDGE ( 'NONE', *, *, #1044, .F. ) ;
#4669 = FACE_OUTER_BOUND ( 'NONE', #672, .T. ) ;
#4670 = ORIENTED_EDGE ( 'NONE', *, *, #5762, .T. ) ;
#4671 = AXIS2_PLACEMENT_3D ( 'NONE', #5218, #4582, #4545 ) ;
#4672 = DIRECTION ( 'NONE',  ( -1.000000000000000000, 0.000000000000000000, 0.000000000000000000 ) ) ;
#4673 = ORIENTED_EDGE ( 'NONE', *, *, #5514, .F. ) ;
#4674 = DIRECTION ( 'NONE',  ( 0.4871700422915173356, -0.8733071337700621939, 0.000000000000000000 ) ) ;
#4675 = EDGE_CURVE ( 'NONE', #4747, #1424, #7439, .T. ) ;
#4676 = EDGE_LOOP ( 'NONE', ( #331, #3320, #4295, #3782, #866, #944 ) ) ;
#4677 = EDGE_LOOP ( 'NONE', ( #1958, #4183, #1842, #3983 ) ) ;
#4678 = VECTOR ( 'NONE', #6598, 1000.000000000000114 ) ;
#4679 = DIRECTION ( 'NONE',  ( -0.000000000000000000, -0.000000000000000000, -1.000000000000000000 ) ) ;
#4680 = AXIS2_PLACEMENT_3D ( 'NONE', #3784, #3253, #2735 ) ;
#4681 = LINE ( 'NONE', #1811, #3305 ) ;
#4682 = EDGE_CURVE ( 'NONE', #3378, #3549, #1258, .T. ) ;
#4683 = FACE_OUTER_BOUND ( 'NONE', #6948, .T. ) ;
#4684 = ORIENTED_EDGE ( 'NONE', *, *, #3258, .T. ) ;
#4685 = ORIENTED_EDGE ( 'NONE', *, *, #2231, .T. ) ;
#4686 = CARTESIAN_POINT ( 'NONE',  ( 5.000000000000030198, 6.992565577373023977, 1.399999999999984590 ) ) ;
#4687 = VECTOR ( 'NONE', #6794, 1000.000000000000000 ) ;
#4688 = DIRECTION ( 'NONE',  ( 0.0001230892683152483562, 0.9999999924245159821, 0.000000000000000000 ) ) ;
#4689 = ADVANCED_FACE ( 'NONE', ( #5028 ), #3330, .T. ) ;
#4690 = LINE ( 'NONE', #3487, #4794 ) ;
#4691 = ORIENTED_EDGE ( 'NONE', *, *, #3155, .F. ) ;
#4692 = EDGE_CURVE ( 'NONE', #753, #4514, #6161, .T. ) ;
#4693 = EDGE_LOOP ( 'NONE', ( #4685, #89, #222, #5092 ) ) ;
#4694 = CARTESIAN_POINT ( 'NONE',  ( 36.63180065388673512, 43.69286487643512373, 3.399999999999983036 ) ) ;
#4695 = DIRECTION ( 'NONE',  ( 0.6785983445458486640, -0.2810846377148125130, 0.6785983445458486640 ) ) ;
#4696 = LINE ( 'NONE', #3636, #1287 ) ;
#4698 = CARTESIAN_POINT ( 'NONE',  ( 25.52610449534172332, 52.77490806565516834, 5.599999999999992539 ) ) ;
#4697 = DIRECTION ( 'NONE',  ( 1.000000000000000000, 0.000000000000000000, 0.000000000000000000 ) ) ;
#4699 = DIRECTION ( 'NONE',  ( 0.000000000000000000, 1.000000000000000000, 0.000000000000000000 ) ) ;
#4700 = DIRECTION ( 'NONE',  ( -0.7071067811865597852, 9.614813431918154348E-17, 0.7071067811865352493 ) ) ;
#4701 = ORIENTED_EDGE ( 'NONE', *, *, #3952, .T. ) ;
#4702 = PLANE ( 'NONE',  #754 ) ;
#4703 = ORIENTED_EDGE ( 'NONE', *, *, #2170, .T. ) ;
#4704 = CARTESIAN_POINT ( 'NONE',  ( 7.158251002323202883, 5.400000000000014566, 1.000000000000000888 ) ) ;
#4705 = CARTESIAN_POINT ( 'NONE',  ( 75.02984732797570189, 13.93771831048098697, 1.400000000000012346 ) ) ;
#4706 = ORIENTED_EDGE ( 'NONE', *, *, #961, .F. ) ;
#4707 = LINE ( 'NONE', #1203, #1506 ) ;
#4708 = VECTOR ( 'NONE', #4328, 999.9999999999998863 ) ;
#4709 = VERTEX_POINT ( 'NONE', #2730 ) ;
#4710 = VERTEX_POINT ( 'NONE', #4187 ) ;
#4711 = CLOSED_SHELL ( 'NONE', ( #5191, #5067, #5931, #6307, #5204, #5445, #3627, #2191, #7025, #6318, #1920, #649, #951, #1925, #5792, #496, #6401, #3846, #4425, #1351, #6639, #3248, #7081, #926, #2605, #277, #3966, #4661, #2419, #5879, #6857, #158, #72, #5924, #805, #3427, #3361, #664, #4689, #410, #3729, #4512, #3855, #4266, #2719, #1072, #641, #5824, #5511, #4103, #1505, #1498, #5629, #6873, #755, #1481, #2792, #3561, #3758, #2307, #2487, #6769, #109, #3721, #24, #3609, #6627, #1514, #5760, #726, #1736, #7068, #6624, #5157, #6460, #6496, #941, #6272, #4640, #7220, #3304, #494, #3128, #1393, #1201, #5970, #1053, #4933, #2068, #3439, #3275, #7179, #5239, #484, #6670, #5747, #2576, #4864, #2791, #7305, #2480, #3062, #686, #5979, #6793, #1954, #4953, #4472, #4495, #6519, #6074, #4285, #5520, #3939, #1640, #4537, #2327, #5834, #1248, #2974, #4961, #7224, #3027, #1278, #833, #3885, #2340, #293, #6393, #5624, #3808, #4925, #5187, #5058, #4134, #4832, #6250, #864, #2019, #1884, #851, #1186, #2064, #5810, #826, #3395, #3396, #2804, #3706, #3569, #7072, #7363, #4338, #1816, #1517, #5728, #3946, #4546, #3828, #130, #5848, #4834, #1357, #2982, #7213, #4377, #1350, #54, #2370, #1401, #2253, #392, #5700, #2098, #3862, #495, #3588, #7403, #1820, #3572, #5408, #1956, #3546, #69, #7282, #6196, #7400, #2065, #6531, #2972, #4624, #4762, #3579, #1220, #3820, #1700, #4180, #3592, #1432, #6775, #7175, #5526, #7262, #5706, #1709, #2610, #2272, #3911, #5316, #3817, #3854, #5575, #6062, #1858, #4574, #258, #4169, #606, #354, #4754, #6677, #6025, #6554, #5836, #7342, #5948, #842, #3058, #113, #3010, #616, #6160, #3145, #6735, #5968, #5750, #5411, #2150, #719, #527, #3816, #124, #6171, #5325, #5481, #2754, #877, #1740, #1944, #7286, #620, #5097, #4114, #727, #4374, #3404, #3069, #2929, #2528, #2817, #6959, #3963, #2622, #2261, #6530, #3534, #2840, #4722, #2051, #3742, #5098, #6984, #2728, #1591, #5059, #716 ) ) ;
#4712 = EDGE_CURVE ( 'NONE', #179, #5441, #3476, .T. ) ;
#4713 = VECTOR ( 'NONE', #2128, 1000.000000000000000 ) ;
#4714 = LINE ( 'NONE', #6916, #3322 ) ;
#4715 = CARTESIAN_POINT ( 'NONE',  ( 72.94807733323547438, 45.55871309031685712, 6.000000000000000000 ) ) ;
#4716 = EDGE_CURVE ( 'NONE', #5428, #2920, #4648, .T. ) ;
#4717 = CARTESIAN_POINT ( 'NONE',  ( 77.81649880717704093, 59.57470916941927186, 10.00000000000000000 ) ) ;
#4718 = ORIENTED_EDGE ( 'NONE', *, *, #2514, .F. ) ;
#4719 = ORIENTED_EDGE ( 'NONE', *, *, #4712, .T. ) ;
#4720 = EDGE_CURVE ( 'NONE', #6081, #5944, #6950, .T. ) ;
#4721 = DIRECTION ( 'NONE',  ( -0.000000000000000000, -0.000000000000000000, -1.000000000000000000 ) ) ;
#4722 = ADVANCED_FACE ( 'NONE', ( #2911 ), #78, .T. ) ;
#4723 = AXIS2_PLACEMENT_3D ( 'NONE', #5910, #2440, #5874 ) ;
#4724 = DIRECTION ( 'NONE',  ( 2.168404344971008868E-16, 1.000000000000000000, -0.000000000000000000 ) ) ;
#4725 = EDGE_CURVE ( 'NONE', #5135, #7433, #6419, .T. ) ;
#4726 = CARTESIAN_POINT ( 'NONE',  ( 23.77356091487909495, 59.97470916941908570, 4.000000000000000000 ) ) ;
#4727 = ORIENTED_EDGE ( 'NONE', *, *, #502, .F. ) ;
#4728 = VERTEX_POINT ( 'NONE', #3509 ) ;
#4729 = CARTESIAN_POINT ( 'NONE',  ( 79.97474980950003953, 54.29582948390102359, 1.399999999999998579 ) ) ;
#4731 = EDGE_CURVE ( 'NONE', #753, #2154, #5212, .T. ) ;
#4730 = VECTOR ( 'NONE', #6632, 999.9999999999998863 ) ;
#4732 = CARTESIAN_POINT ( 'NONE',  ( 0.000000000000000000, 30.28592075184098675, 1.000000000000000888 ) ) ;
#4733 = CARTESIAN_POINT ( 'NONE',  ( 24.61060500309818622, 30.68592075184099599, -14.99112027467291597 ) ) ;
#4735 = CARTESIAN_POINT ( 'NONE',  ( 12.01402484566508733, 6.000000000000052403, 0.000000000000000000 ) ) ;
#4734 = CARTESIAN_POINT ( 'NONE',  ( 25.69181876263594688, 53.17490806565518113, 6.000000000000000000 ) ) ;
#4736 = LINE ( 'NONE', #287, #7188 ) ;
#4737 = LINE ( 'NONE', #4206, #1387 ) ;
#4738 = ORIENTED_EDGE ( 'NONE', *, *, #1594, .F. ) ;
#4739 = PLANE ( 'NONE',  #5929 ) ;
#4740 = ORIENTED_EDGE ( 'NONE', *, *, #7371, .F. ) ;
#4741 = CARTESIAN_POINT ( 'NONE',  ( 7.238803657608053221, 8.415085090169998949, 10.00000000000000000 ) ) ;
#4742 = VECTOR ( 'NONE', #3311, 1000.000000000000000 ) ;
#4743 = PLANE ( 'NONE',  #4359 ) ;
#4744 = LINE ( 'NONE', #7049, #4678 ) ;
#4745 = EDGE_LOOP ( 'NONE', ( #3874, #3850, #3822, #2991 ) ) ;
#4746 = PLANE ( 'NONE',  #1247 ) ;
#4747 = VERTEX_POINT ( 'NONE', #1777 ) ;
#4748 = VERTEX_POINT ( 'NONE', #3015 ) ;
#4749 = VECTOR ( 'NONE', #1342, 1000.000000000000000 ) ;
#4750 = LINE ( 'NONE', #2313, #1384 ) ;
#4751 = CARTESIAN_POINT ( 'NONE',  ( 67.23157658086553568, 31.75317541498461082, 5.999999999999987566 ) ) ;
#4752 = VECTOR ( 'NONE', #2816, 1000.000000000000000 ) ;
#4753 = CARTESIAN_POINT ( 'NONE',  ( 56.07174658210519880, 31.71948199512347699, 13.56630658013875212 ) ) ;
#4754 = ADVANCED_FACE ( 'NONE', ( #647 ), #4406, .F. ) ;
#4755 = VERTEX_POINT ( 'NONE', #7060 ) ;
#4756 = EDGE_LOOP ( 'NONE', ( #4615, #1833, #3770, #7196 ) ) ;
#4757 = VECTOR ( 'NONE', #5107, 1000.000000000000000 ) ;
#4758 = DIRECTION ( 'NONE',  ( 1.000000000000000000, 0.000000000000000000, 0.000000000000000000 ) ) ;
#4759 = DIRECTION ( 'NONE',  ( -0.7071067811865475727, -0.000000000000000000, -0.7071067811865475727 ) ) ;
#4760 = VECTOR ( 'NONE', #5307, 1000.000000000000227 ) ;
#4761 = AXIS2_PLACEMENT_3D ( 'NONE', #5438, #4380, #4341 ) ;
#4762 = ADVANCED_FACE ( 'NONE', ( #150 ), #2452, .F. ) ;
#4763 = DIRECTION ( 'NONE',  ( 1.000000000000000000, -0.000000000000000000, 0.000000000000000000 ) ) ;
#4764 = ORIENTED_EDGE ( 'NONE', *, *, #7327, .T. ) ;
#4765 = VERTEX_POINT ( 'NONE', #3543 ) ;
#4766 = CIRCLE ( 'NONE', #2364, 1.650000000000012568 ) ;
#4767 = EDGE_CURVE ( 'NONE', #2266, #5141, #4750, .T. ) ;
#4768 = CARTESIAN_POINT ( 'NONE',  ( 65.34807733323546586, 45.95871309031685570, 5.600000000000016520 ) ) ;
#4769 = CARTESIAN_POINT ( 'NONE',  ( 0.000000000000000000, 23.35317541498460869, 4.000000000000000000 ) ) ;
#4770 = CARTESIAN_POINT ( 'NONE',  ( 10.84833942071582769, 5.400000000000014566, 1.000000000000000888 ) ) ;
#4772 = FACE_OUTER_BOUND ( 'NONE', #1138, .T. ) ;
#4771 = FACE_OUTER_BOUND ( 'NONE', #3807, .T. ) ;
#4773 = CARTESIAN_POINT ( 'NONE',  ( 6.992565577374029395, 5.000000000000023093, 1.399999999999984590 ) ) ;
#4774 = CARTESIAN_POINT ( 'NONE',  ( 1.003978785887913501E-13, 28.93771831048124454, 4.000000000000000000 ) ) ;
#4775 = ORIENTED_EDGE ( 'NONE', *, *, #3760, .F. ) ;
#4776 = FACE_OUTER_BOUND ( 'NONE', #193, .T. ) ;
#4777 = ORIENTED_EDGE ( 'NONE', *, *, #3206, .T. ) ;
#4778 = CARTESIAN_POINT ( 'NONE',  ( 77.98218423212628636, 59.97470916941927044, 9.600000000000015632 ) ) ;
#4779 = CARTESIAN_POINT ( 'NONE',  ( 77.63203064967889588, 52.35314761951738660, 10.00000000000000000 ) ) ;
#4780 = DIRECTION ( 'NONE',  ( 1.000000000000000000, -1.196361017915039831E-15, 0.000000000000000000 ) ) ;
#4781 = ORIENTED_EDGE ( 'NONE', *, *, #3093, .F. ) ;
#4782 = CARTESIAN_POINT ( 'NONE',  ( 4.155466391522481347E-14, 34.73421759231529649, 6.000000000000000000 ) ) ;
#4783 = EDGE_LOOP ( 'NONE', ( #6714, #252, #2132, #6681 ) ) ;
#4784 = ORIENTED_EDGE ( 'NONE', *, *, #1398, .T. ) ;
#4785 = ORIENTED_EDGE ( 'NONE', *, *, #3545, .T. ) ;
#4786 = VECTOR ( 'NONE', #6435, 1000.000000000000000 ) ;
#4787 = AXIS2_PLACEMENT_3D ( 'NONE', #349, #1519, #5126 ) ;
#4788 = VERTEX_POINT ( 'NONE', #4145 ) ;
#4789 = DIRECTION ( 'NONE',  ( -0.7049845209112707289, 0.7092226908915888473, 0.000000000000000000 ) ) ;
#4790 = DIRECTION ( 'NONE',  ( -0.7071067811865474617, 0.7071067811865474617, 0.000000000000000000 ) ) ;
#4791 = VECTOR ( 'NONE', #6812, 1000.000000000000114 ) ;
#4792 = LINE ( 'NONE', #5326, #6482 ) ;
#4793 = ORIENTED_EDGE ( 'NONE', *, *, #2698, .F. ) ;
#4794 = VECTOR ( 'NONE', #50, 1000.000000000000000 ) ;
#4795 = VERTEX_POINT ( 'NONE', #1206 ) ;
#4796 = LINE ( 'NONE', #7066, #5041 ) ;
#4797 = VECTOR ( 'NONE', #6966, 1000.000000000000000 ) ;
#4798 = LINE ( 'NONE', #5822, #2111 ) ;
#4799 = FACE_OUTER_BOUND ( 'NONE', #6123, .T. ) ;
#4800 = ORIENTED_EDGE ( 'NONE', *, *, #5292, .F. ) ;
#4801 = DIRECTION ( 'NONE',  ( 1.000000000000000000, 0.000000000000000000, 0.000000000000000000 ) ) ;
#4802 = CARTESIAN_POINT ( 'NONE',  ( 55.42884860408193504, 24.35317541498460869, 4.000000000000000000 ) ) ;
#4803 = DIRECTION ( 'NONE',  ( 0.000000000000000000, 0.000000000000000000, -1.000000000000000000 ) ) ;
#4805 = LINE ( 'NONE', #2768, #5469 ) ;
#4804 = DIRECTION ( 'NONE',  ( -1.000000000000000000, 0.000000000000000000, 0.000000000000000000 ) ) ;
#4806 = PLANE ( 'NONE',  #2246 ) ;
#4807 = FACE_OUTER_BOUND ( 'NONE', #2715, .T. ) ;
#4808 = ORIENTED_EDGE ( 'NONE', *, *, #7053, .F. ) ;
#4809 = DIRECTION ( 'NONE',  ( 8.459549885149579658E-16, 0.7071067811865413555, -0.7071067811865537900 ) ) ;
#4810 = EDGE_LOOP ( 'NONE', ( #3930, #7245, #5050, #6672 ) ) ;
#4811 = CARTESIAN_POINT ( 'NONE',  ( -7.019479202758284409, 12.58320654177494724, 1.000000000000000888 ) ) ;
#4812 = CARTESIAN_POINT ( 'NONE',  ( 5.400000000000023448, 7.158251002322312040, 1.000000000000000888 ) ) ;
#4813 = EDGE_CURVE ( 'NONE', #5310, #3216, #5816, .T. ) ;
#4814 = DIRECTION ( 'NONE',  ( -0.7071067811865472397, -0.7071067811865479058, 0.000000000000000000 ) ) ;
#4815 = EDGE_CURVE ( 'NONE', #6177, #4092, #4714, .T. ) ;
#4816 = FACE_OUTER_BOUND ( 'NONE', #6228, .T. ) ;
#4817 = ORIENTED_EDGE ( 'NONE', *, *, #4184, .F. ) ;
#4818 = CARTESIAN_POINT ( 'NONE',  ( 8.537836594548672053, -8.537836594548672053, 4.000000000000000000 ) ) ;
#4819 = DIRECTION ( 'NONE',  ( -1.887397745837881465E-14, -1.000000000000000000, 0.000000000000000000 ) ) ;
#4820 = ORIENTED_EDGE ( 'NONE', *, *, #7047, .T. ) ;
#4821 = ORIENTED_EDGE ( 'NONE', *, *, #6876, .T. ) ;
#4822 = ORIENTED_EDGE ( 'NONE', *, *, #3522, .T. ) ;
#4823 = VECTOR ( 'NONE', #7202, 1000.000000000000114 ) ;
#4824 = EDGE_CURVE ( 'NONE', #7392, #2217, #5853, .T. ) ;
#4825 = EDGE_LOOP ( 'NONE', ( #7248, #5333, #5636, #4670 ) ) ;
#4826 = PLANE ( 'NONE',  #1753 ) ;
#4827 = EDGE_CURVE ( 'NONE', #227, #6453, #3620, .T. ) ;
#4828 = DIRECTION ( 'NONE',  ( -0.7071067785082127966, 8.703725664662863206E-05, -0.7071067785082061352 ) ) ;
#4829 = LINE ( 'NONE', #3097, #7442 ) ;
#4830 = ORIENTED_EDGE ( 'NONE', *, *, #4362, .T. ) ;
#4831 = ORIENTED_EDGE ( 'NONE', *, *, #598, .T. ) ;
#4832 = ADVANCED_FACE ( 'NONE', ( #7019 ), #1810, .T. ) ;
#4833 = AXIS2_PLACEMENT_3D ( 'NONE', #1900, #1330, #4804 ) ;
#4834 = ADVANCED_FACE ( 'NONE', ( #114 ), #4039, .T. ) ;
#4835 = VECTOR ( 'NONE', #858, 1000.000000000000000 ) ;
#4836 = DIRECTION ( 'NONE',  ( -1.000000000000000000, 1.196361017915039831E-15, 0.000000000000000000 ) ) ;
#4837 = DIRECTION ( 'NONE',  ( 0.5000615408464105238, 0.4999384515781011840, -0.7071067811865505703 ) ) ;
#4838 = EDGE_CURVE ( 'NONE', #7014, #5999, #2353, .T. ) ;
#4839 = CARTESIAN_POINT ( 'NONE',  ( 54.21482093267108837, 59.34972665506347766, 6.000000000000001776 ) ) ;
#4840 = ORIENTED_EDGE ( 'NONE', *, *, #1494, .T. ) ;
#4841 = CARTESIAN_POINT ( 'NONE',  ( 7.638803657608024267, 56.44252476504900073, 1.399999999999991473 ) ) ;
#4842 = DIRECTION ( 'NONE',  ( -0.7071067811867293162, -0.7071067811863657182, 0.000000000000000000 ) ) ;
#4843 = LINE ( 'NONE', #6629, #4654 ) ;
#4845 = CARTESIAN_POINT ( 'NONE',  ( 58.63157658086556268, 23.75317541498462148, 6.399999999999999467 ) ) ;
#4844 = CARTESIAN_POINT ( 'NONE',  ( 56.71169131655655349, 23.63601812745922714, 10.00000000000000000 ) ) ;
#4846 = CARTESIAN_POINT ( 'NONE',  ( 77.98218423212628636, 59.97470916941927044, 10.00099999999999945 ) ) ;
#4847 = CARTESIAN_POINT ( 'NONE',  ( -21.63100838201660281, 21.63100838201653531, 4.000000000000000000 ) ) ;
#4848 = VERTEX_POINT ( 'NONE', #6533 ) ;
#4849 = DIRECTION ( 'NONE',  ( 1.000000000000000000, -1.652117596168386770E-15, 0.000000000000000000 ) ) ;
#4850 = ORIENTED_EDGE ( 'NONE', *, *, #3453, .T. ) ;
#4851 = CARTESIAN_POINT ( 'NONE',  ( 29.10591192037852792, 20.19061383456065428, -9.095306917280325365 ) ) ;
#4852 = EDGE_CURVE ( 'NONE', #6538, #2921, #835, .T. ) ;
#4853 = CARTESIAN_POINT ( 'NONE',  ( 77.98218423212703954, 5.000000000000023093, 1.400000000000012346 ) ) ;
#4854 = FACE_OUTER_BOUND ( 'NONE', #5334, .T. ) ;
#4855 = CARTESIAN_POINT ( 'NONE',  ( 55.42884860408193504, 24.35317541498460514, 9.600000000000017408 ) ) ;
#4856 = ORIENTED_EDGE ( 'NONE', *, *, #3380, .F. ) ;
#4857 = PLANE ( 'NONE',  #6200 ) ;
#4858 = DIRECTION ( 'NONE',  ( -0.000000000000000000, -0.7071067811865474617, 0.7071067811865474617 ) ) ;
#4859 = ORIENTED_EDGE ( 'NONE', *, *, #3493, .F. ) ;
#4860 = VECTOR ( 'NONE', #1866, 1000.000000000000114 ) ;
#4861 = VERTEX_POINT ( 'NONE', #5960 ) ;
#4862 = EDGE_CURVE ( 'NONE', #1962, #5873, #5011, .T. ) ;
#4863 = ORIENTED_EDGE ( 'NONE', *, *, #6501, .T. ) ;
#4864 = ADVANCED_FACE ( 'NONE', ( #5437 ), #5612, .F. ) ;
#4865 = ORIENTED_EDGE ( 'NONE', *, *, #1154, .T. ) ;
#4866 = DIRECTION ( 'NONE',  ( 1.168223555568299567E-15, 0.7071067811865567876, 0.7071067811865382469 ) ) ;
#4867 = CARTESIAN_POINT ( 'NONE',  ( 11.27132469877176923, 49.93421759231525670, 6.000000000000000000 ) ) ;
#4868 = ORIENTED_EDGE ( 'NONE', *, *, #5285, .T. ) ;
#4869 = ORIENTED_EDGE ( 'NONE', *, *, #750, .F. ) ;
#4870 = EDGE_CURVE ( 'NONE', #3243, #7255, #7352, .T. ) ;
#4871 = AXIS2_PLACEMENT_3D ( 'NONE', #6840, #4533, #680 ) ;
#4872 = AXIS2_PLACEMENT_3D ( 'NONE', #3250, #5068, #471 ) ;
#4873 = DIRECTION ( 'NONE',  ( -0.6788250666102861874, -0.2799876030882673672, -0.6788250666102626507 ) ) ;
#4874 = PLANE ( 'NONE',  #6334 ) ;
#4875 = AXIS2_PLACEMENT_3D ( 'NONE', #1948, #1423, #6032 ) ;
#4876 = CARTESIAN_POINT ( 'NONE',  ( 59.65339521177744331, 59.65339521177537563, 4.000000000000000000 ) ) ;
#4877 = EDGE_LOOP ( 'NONE', ( #6767, #1265, #4989, #4569 ) ) ;
#4878 = AXIS2_PLACEMENT_3D ( 'NONE', #3895, #1063, #3934 ) ;
#4879 = CARTESIAN_POINT ( 'NONE',  ( 77.98218423212628636, 59.97470916941927044, 1.399999999999998579 ) ) ;
#4880 = CARTESIAN_POINT ( 'NONE',  ( 77.81692151384301326, 8.415085090169998949, 10.00000000000000000 ) ) ;
#4881 = DIRECTION ( 'NONE',  ( 1.000000000000000000, 0.000000000000000000, 0.000000000000000000 ) ) ;
#4882 = AXIS2_PLACEMENT_3D ( 'NONE', #2140, #232, #3881 ) ;
#4884 = FACE_OUTER_BOUND ( 'NONE', #5725, .T. ) ;
#4883 = CARTESIAN_POINT ( 'NONE',  ( 40.42884860408195635, 23.35317541498460869, 10.00099999999999945 ) ) ;
#4885 = DIRECTION ( 'NONE',  ( -0.2795121857214309391, 0.6789402262507546748, -0.6789058161569999639 ) ) ;
#4886 = CARTESIAN_POINT ( 'NONE',  ( 69.83157658086554420, 23.35317541498460869, 9.600000000000015632 ) ) ;
#4887 = ORIENTED_EDGE ( 'NONE', *, *, #6391, .T. ) ;
#4888 = AXIS2_PLACEMENT_3D ( 'NONE', #6709, #813, #4397 ) ;
#4889 = EDGE_CURVE ( 'NONE', #3595, #1438, #413, .T. ) ;
#4890 = DIRECTION ( 'NONE',  ( -1.168223555568281423E-15, -0.7071067811865457964, -0.7071067811865492381 ) ) ;
#4891 = ORIENTED_EDGE ( 'NONE', *, *, #3158, .T. ) ;
#4892 = VECTOR ( 'NONE', #6729, 1000.000000000000114 ) ;
#4893 = EDGE_CURVE ( 'NONE', #2725, #3948, #194, .T. ) ;
#4894 = CARTESIAN_POINT ( 'NONE',  ( 12.01402484566508733, 6.000000000000052403, 1.399999999999984590 ) ) ;
#4895 = DIRECTION ( 'NONE',  ( 0.000000000000000000, 0.000000000000000000, -1.000000000000000000 ) ) ;
#4896 = LINE ( 'NONE', #143, #5047 ) ;
#4897 = LINE ( 'NONE', #860, #4476 ) ;
#4898 = DIRECTION ( 'NONE',  ( 0.7071067811865474617, -0.7071067811865474617, 0.000000000000000000 ) ) ;
#4899 = ORIENTED_EDGE ( 'NONE', *, *, #3203, .T. ) ;
#4900 = CARTESIAN_POINT ( 'NONE',  ( 36.63512453939249269, 24.75340861065959075, 9.624519536294306121 ) ) ;
#4901 = CARTESIAN_POINT ( 'NONE',  ( 67.23157658086553568, 31.75317541498461082, 5.999999999999987566 ) ) ;
#4902 = EDGE_LOOP ( 'NONE', ( #2148, #1718, #3889, #907 ) ) ;
#4903 = ORIENTED_EDGE ( 'NONE', *, *, #142, .T. ) ;
#4904 = ORIENTED_EDGE ( 'NONE', *, *, #6281, .T. ) ;
#4905 = EDGE_LOOP ( 'NONE', ( #5808, #659, #5757, #798 ) ) ;
#4906 = EDGE_CURVE ( 'NONE', #4710, #2159, #2673, .T. ) ;
#4907 = DIRECTION ( 'NONE',  ( 0.000000000000000000, -1.000000000000000000, 0.000000000000000000 ) ) ;
#4908 = PLANE ( 'NONE',  #6605 ) ;
#4909 = ORIENTED_EDGE ( 'NONE', *, *, #1039, .F. ) ;
#4910 = CIRCLE ( 'NONE', #2500, 1.650000000000012568 ) ;
#4911 = ORIENTED_EDGE ( 'NONE', *, *, #4972, .F. ) ;
#4912 = VECTOR ( 'NONE', #6044, 1000.000000000000000 ) ;
#4913 = DIRECTION ( 'NONE',  ( 0.000000000000000000, 1.000000000000000000, 0.000000000000000000 ) ) ;
#4914 = EDGE_CURVE ( 'NONE', #6389, #227, #5354, .T. ) ;
#4915 = CARTESIAN_POINT ( 'NONE',  ( 36.63180065388673512, 43.69286487643512373, 1.400000000000012346 ) ) ;
#4916 = VECTOR ( 'NONE', #3328, 1000.000000000000114 ) ;
#4917 = DIRECTION ( 'NONE',  ( 0.7071067811865394681, -1.115122484860622685E-15, -0.7071067811865555663 ) ) ;
#4918 = ORIENTED_EDGE ( 'NONE', *, *, #6316, .T. ) ;
#4919 = AXIS2_PLACEMENT_3D ( 'NONE', #1155, #2325, #7000 ) ;
#4920 = FACE_OUTER_BOUND ( 'NONE', #5827, .T. ) ;
#4921 = PLANE ( 'NONE',  #5081 ) ;
#4922 = CARTESIAN_POINT ( 'NONE',  ( 34.44111794400759408, 22.24276628339815076, 8.047033930518251665 ) ) ;
#4924 = LINE ( 'NONE', #5375, #6096 ) ;
#4923 = FACE_OUTER_BOUND ( 'NONE', #5695, .T. ) ;
#4925 = ADVANCED_FACE ( 'NONE', ( #2534 ), #3310, .T. ) ;
#4926 = CARTESIAN_POINT ( 'NONE',  ( 58.23157658086554989, 23.75317541498462148, 5.999999999999986677 ) ) ;
#4927 = EDGE_CURVE ( 'NONE', #236, #5888, #4486, .T. ) ;
#4928 = CARTESIAN_POINT ( 'NONE',  ( 79.97474980950003953, 10.50829548434902350, 1.400000000000012346 ) ) ;
#4929 = VERTEX_POINT ( 'NONE', #2103 ) ;
#4930 = CARTESIAN_POINT ( 'NONE',  ( 74.41423944072103325, 5.000000000000023093, 9.600000000000015632 ) ) ;
#4931 = VERTEX_POINT ( 'NONE', #6146 ) ;
#4932 = CARTESIAN_POINT ( 'NONE',  ( 0.000000000000000000, 23.75317541498462148, 6.399999999999999467 ) ) ;
#4933 = ADVANCED_FACE ( 'NONE', ( #5578 ), #3095, .F. ) ;
#4934 = DIRECTION ( 'NONE',  ( 1.000000000000000000, -3.469446951953610639E-15, 0.000000000000000000 ) ) ;
#4935 = FACE_OUTER_BOUND ( 'NONE', #697, .T. ) ;
#4936 = DIRECTION ( 'NONE',  ( -0.000000000000000000, -0.000000000000000000, -1.000000000000000000 ) ) ;
#4937 = ORIENTED_EDGE ( 'NONE', *, *, #1488, .F. ) ;
#4938 = DIRECTION ( 'NONE',  ( 1.577021341797097018E-15, 1.000000000000000000, 0.000000000000000000 ) ) ;
#4939 = DIRECTION ( 'NONE',  ( -0.6785983445458568797, 0.2810846377148297215, 0.6785983445458332319 ) ) ;
#4940 = EDGE_CURVE ( 'NONE', #799, #6492, #4976, .T. ) ;
#4941 = ORIENTED_EDGE ( 'NONE', *, *, #4970, .T. ) ;
#4942 = ORIENTED_EDGE ( 'NONE', *, *, #3861, .F. ) ;
#4943 = ORIENTED_EDGE ( 'NONE', *, *, #5088, .F. ) ;
#4944 = VECTOR ( 'NONE', #7225, 1000.000000000000000 ) ;
#4945 = ORIENTED_EDGE ( 'NONE', *, *, #2502, .T. ) ;
#4946 = LINE ( 'NONE', #1515, #4892 ) ;
#4947 = LINE ( 'NONE', #7432, #1891 ) ;
#4948 = VERTEX_POINT ( 'NONE', #977 ) ;
#4949 = EDGE_LOOP ( 'NONE', ( #6723, #2119, #4775, #4565 ) ) ;
#4950 = EDGE_CURVE ( 'NONE', #6376, #6234, #1919, .T. ) ;
#4951 = VECTOR ( 'NONE', #6109, 1000.000000000000000 ) ;
#4952 = CARTESIAN_POINT ( 'NONE',  ( 5.874489965807185854, 50.33421759231526948, 6.000000000000000000 ) ) ;
#4953 = ADVANCED_FACE ( 'NONE', ( #4411 ), #4826, .T. ) ;
#4954 = DIRECTION ( 'NONE',  ( -0.6785577366728861026, 0.2811464557129325081, -0.6786133423691478317 ) ) ;
#4955 = AXIS2_PLACEMENT_3D ( 'NONE', #6335, #2215, #4522 ) ;
#4956 = CARTESIAN_POINT ( 'NONE',  ( 57.83157658086553710, 23.35317541498460869, 5.999999999999987566 ) ) ;
#4957 = ORIENTED_EDGE ( 'NONE', *, *, #4407, .F. ) ;
#4958 = EDGE_CURVE ( 'NONE', #378, #2371, #3270, .T. ) ;
#4959 = EDGE_CURVE ( 'NONE', #3276, #1823, #2708, .T. ) ;
#4960 = CARTESIAN_POINT ( 'NONE',  ( 56.42884860408193504, 23.35317541498460869, 9.600000000000017408 ) ) ;
#4961 = ADVANCED_FACE ( 'NONE', ( #3915 ), #1047, .T. ) ;
#4962 = FACE_OUTER_BOUND ( 'NONE', #1869, .T. ) ;
#4963 = DIRECTION ( 'NONE',  ( -1.000000000000000000, 0.000000000000000000, 0.000000000000000000 ) ) ;
#4964 = LINE ( 'NONE', #2584, #6283 ) ;
#4965 = DIRECTION ( 'NONE',  ( 0.000000000000000000, 0.7071067811865352493, -0.7071067811865597852 ) ) ;
#4966 = ORIENTED_EDGE ( 'NONE', *, *, #878, .F. ) ;
#4967 = LINE ( 'NONE', #5004, #5527 ) ;
#4968 = ORIENTED_EDGE ( 'NONE', *, *, #7085, .F. ) ;
#4969 = LINE ( 'NONE', #3229, #2837 ) ;
#4970 = EDGE_CURVE ( 'NONE', #902, #1549, #4095, .T. ) ;
#4971 = EDGE_CURVE ( 'NONE', #3037, #75, #58, .T. ) ;
#4972 = EDGE_CURVE ( 'NONE', #5919, #3240, #2254, .T. ) ;
#4973 = DIRECTION ( 'NONE',  ( 1.000000000000000000, 1.355284293265842525E-13, -0.000000000000000000 ) ) ;
#4974 = DIRECTION ( 'NONE',  ( 0.6785983445458454444, -0.2810846377148277786, -0.6785983445458454444 ) ) ;
#4975 = EDGE_CURVE ( 'NONE', #3216, #7178, #1652, .T. ) ;
#4977 = DIRECTION ( 'NONE',  ( 0.000000000000000000, 0.000000000000000000, -1.000000000000000000 ) ) ;
#4976 = LINE ( 'NONE', #1611, #788 ) ;
#4978 = AXIS2_PLACEMENT_3D ( 'NONE', #3188, #4363, #3756 ) ;
#4979 = DIRECTION ( 'NONE',  ( 0.7071067811867248754, -0.7071067811863702701, 0.000000000000000000 ) ) ;
#4980 = LINE ( 'NONE', #899, #3181 ) ;
#4981 = CARTESIAN_POINT ( 'NONE',  ( 77.98218423212628636, 59.97470916941927044, 1.399999999999998579 ) ) ;
#4982 = VERTEX_POINT ( 'NONE', #4664 ) ;
#4983 = ORIENTED_EDGE ( 'NONE', *, *, #397, .F. ) ;
#4984 = ORIENTED_EDGE ( 'NONE', *, *, #2741, .T. ) ;
#4985 = ORIENTED_EDGE ( 'NONE', *, *, #3017, .F. ) ;
#4986 = DIRECTION ( 'NONE',  ( -1.000000000000000000, 0.000000000000000000, 0.000000000000000000 ) ) ;
#4987 = ORIENTED_EDGE ( 'NONE', *, *, #4950, .F. ) ;
#4988 = DIRECTION ( 'NONE',  ( -0.7070197385735585982, 0.7071938130861842309, 0.000000000000000000 ) ) ;
#4989 = ORIENTED_EDGE ( 'NONE', *, *, #5658, .F. ) ;
#4990 = ORIENTED_EDGE ( 'NONE', *, *, #5883, .T. ) ;
#4991 = LINE ( 'NONE', #4952, #947 ) ;
#4992 = DIRECTION ( 'NONE',  ( 0.6785983445458489971, 0.2810846377148487063, 0.6785983445458332319 ) ) ;
#4993 = DIRECTION ( 'NONE',  ( 0.2810846377148412678, 0.6785983445458544372, -0.6785983445458309005 ) ) ;
#4994 = ORIENTED_EDGE ( 'NONE', *, *, #3125, .T. ) ;
#4995 = VECTOR ( 'NONE', #2237, 1000.000000000000000 ) ;
#4996 = CARTESIAN_POINT ( 'NONE',  ( 65.74807733323545733, 40.95871309031685570, 4.399999999999997691 ) ) ;
#4997 = DIRECTION ( 'NONE',  ( 0.7071938130861842309, 0.7070197385735585982, 0.000000000000000000 ) ) ;
#4998 = CARTESIAN_POINT ( 'NONE',  ( 32.14653210253800353, 28.88980021391638431, 1.400000000000005462 ) ) ;
#4999 = DIRECTION ( 'NONE',  ( -0.000000000000000000, 0.7071067811865475727, 0.7071067811865475727 ) ) ;
#5000 = EDGE_CURVE ( 'NONE', #6356, #7277, #3955, .T. ) ;
#5001 = LINE ( 'NONE', #7307, #7300 ) ;
#5002 = VECTOR ( 'NONE', #6128, 1000.000000000000000 ) ;
#5003 = ORIENTED_EDGE ( 'NONE', *, *, #3104, .F. ) ;
#5004 = CARTESIAN_POINT ( 'NONE',  ( 70.52579795782953909, 18.94432876069852156, 6.973363276838619562 ) ) ;
#5005 = ORIENTED_EDGE ( 'NONE', *, *, #6539, .F. ) ;
#5006 = ORIENTED_EDGE ( 'NONE', *, *, #352, .F. ) ;
#5007 = DIRECTION ( 'NONE',  ( 1.000000000000000000, 0.000000000000000000, 0.000000000000000000 ) ) ;
#5008 = VECTOR ( 'NONE', #599, 1000.000000000000000 ) ;
#5009 = LINE ( 'NONE', #2213, #5647 ) ;
#5010 = DIRECTION ( 'NONE',  ( -0.7071067811865597852, 9.614813431918154348E-17, -0.7071067811865352493 ) ) ;
#5012 = DIRECTION ( 'NONE',  ( -0.7071067811865556774, 0.000000000000000000, 0.7071067811865393571 ) ) ;
#5011 = LINE ( 'NONE', #6569, #7180 ) ;
#5013 = FACE_BOUND ( 'NONE', #2700, .T. ) ;
#5014 = AXIS2_PLACEMENT_3D ( 'NONE', #5601, #5569, #442 ) ;
#5015 = VECTOR ( 'NONE', #1554, 1000.000000000000000 ) ;
#5016 = DIRECTION ( 'NONE',  ( 0.000000000000000000, 1.000000000000000000, 0.000000000000000000 ) ) ;
#5017 = FACE_OUTER_BOUND ( 'NONE', #350, .T. ) ;
#5018 = ORIENTED_EDGE ( 'NONE', *, *, #6727, .T. ) ;
#5019 = VERTEX_POINT ( 'NONE', #6866 ) ;
#5020 = VERTEX_POINT ( 'NONE', #6827 ) ;
#5021 = AXIS2_PLACEMENT_3D ( 'NONE', #5414, #5450, #2662 ) ;
#5022 = ORIENTED_EDGE ( 'NONE', *, *, #4297, .T. ) ;
#5023 = CARTESIAN_POINT ( 'NONE',  ( 69.83157658086554420, 23.35317541498460869, 10.00099999999999945 ) ) ;
#5024 = EDGE_LOOP ( 'NONE', ( #1510, #3658, #6417, #4984 ) ) ;
#5025 = ORIENTED_EDGE ( 'NONE', *, *, #4815, .T. ) ;
#5026 = ORIENTED_EDGE ( 'NONE', *, *, #1635, .F. ) ;
#5027 = PLANE ( 'NONE',  #698 ) ;
#5028 = FACE_OUTER_BOUND ( 'NONE', #2561, .T. ) ;
#5029 = AXIS2_PLACEMENT_3D ( 'NONE', #4879, #965, #5488 ) ;
#5030 = DIRECTION ( 'NONE',  ( 0.7071067811865455743, -0.7071067811865493491, 0.000000000000000000 ) ) ;
#5031 = ORIENTED_EDGE ( 'NONE', *, *, #4462, .T. ) ;
#5032 = DIRECTION ( 'NONE',  ( -0.000000000000000000, 1.000000000000000000, 0.000000000000000000 ) ) ;
#5033 = AXIS2_PLACEMENT_3D ( 'NONE', #7294, #2005, #840 ) ;
#5034 = DIRECTION ( 'NONE',  ( 0.7071067811863814834, 0.7071067811867136621, 0.000000000000000000 ) ) ;
#5035 = CARTESIAN_POINT ( 'NONE',  ( 40.83180065388673796, 43.69286487643512373, 3.399999999999983036 ) ) ;
#5036 = CARTESIAN_POINT ( 'NONE',  ( 73.34807733323548007, 41.35871309031684007, 4.399999999999997691 ) ) ;
#5037 = CARTESIAN_POINT ( 'NONE',  ( 65.34807733323546586, 45.55871309031685712, 4.399999999999997691 ) ) ;
#5038 = ORIENTED_EDGE ( 'NONE', *, *, #4827, .T. ) ;
#5039 = FACE_OUTER_BOUND ( 'NONE', #76, .T. ) ;
#5040 = ORIENTED_EDGE ( 'NONE', *, *, #34, .F. ) ;
#5041 = VECTOR ( 'NONE', #7107, 1000.000000000000000 ) ;
#5042 = DIRECTION ( 'NONE',  ( -0.000000000000000000, 0.000000000000000000, -1.000000000000000000 ) ) ;
#5043 = EDGE_CURVE ( 'NONE', #990, #6650, #1686, .T. ) ;
#5044 = SHAPE_DEFINITION_REPRESENTATION ( #871, #241 ) ;
#5045 = SURFACE_SIDE_STYLE ('',( #4408 ) ) ;
#5046 = DIRECTION ( 'NONE',  ( -0.8733071337700621939, -0.4871700422915173356, 0.000000000000000000 ) ) ;
#5047 = VECTOR ( 'NONE', #4327, 1000.000000000000000 ) ;
#5049 = CARTESIAN_POINT ( 'NONE',  ( 41.42884860408194214, 24.35317541498459804, -10.67514906227531313 ) ) ;
#5048 = DIRECTION ( 'NONE',  ( -1.000000000000000000, 0.000000000000000000, 0.000000000000000000 ) ) ;
#5050 = ORIENTED_EDGE ( 'NONE', *, *, #6965, .T. ) ;
#5051 = VECTOR ( 'NONE', #2643, 1000.000000000000114 ) ;
#5052 = DIRECTION ( 'NONE',  ( -0.7071067811865352493, 0.000000000000000000, -0.7071067811865597852 ) ) ;
#5053 = CARTESIAN_POINT ( 'NONE',  ( 0.000000000000000000, 35.03617221234399182, 4.000000000000000000 ) ) ;
#5054 = ORIENTED_EDGE ( 'NONE', *, *, #5620, .T. ) ;
#5055 = ORIENTED_EDGE ( 'NONE', *, *, #1171, .F. ) ;
#5056 = ORIENTED_EDGE ( 'NONE', *, *, #4479, .T. ) ;
#5057 = EDGE_CURVE ( 'NONE', #2921, #1771, #6297, .T. ) ;
#5058 = ADVANCED_FACE ( 'NONE', ( #7384 ), #633, .T. ) ;
#5059 = ADVANCED_FACE ( 'NONE', ( #487 ), #5802, .T. ) ;
#5060 = ORIENTED_EDGE ( 'NONE', *, *, #3937, .F. ) ;
#5061 = LINE ( 'NONE', #3435, #656 ) ;
#5062 = ORIENTED_EDGE ( 'NONE', *, *, #3949, .F. ) ;
#5063 = EDGE_CURVE ( 'NONE', #5310, #3447, #1157, .T. ) ;
#5064 = DIRECTION ( 'NONE',  ( -0.000000000000000000, 0.000000000000000000, 1.000000000000000000 ) ) ;
#5065 = DIRECTION ( 'NONE',  ( -1.000000000000000000, 0.000000000000000000, 0.000000000000000000 ) ) ;
#5066 = PLANE ( 'NONE',  #3897 ) ;
#5067 = ADVANCED_FACE ( 'NONE', ( #2924 ), #3021, .F. ) ;
#5068 = DIRECTION ( 'NONE',  ( -0.000000000000000000, -0.000000000000000000, -1.000000000000000000 ) ) ;
#5069 = ORIENTED_EDGE ( 'NONE', *, *, #1375, .F. ) ;
#5070 = LINE ( 'NONE', #7373, #4302 ) ;
#5071 = LINE ( 'NONE', #6666, #1338 ) ;
#5072 = DIRECTION ( 'NONE',  ( -0.7071067811865502373, 0.7071067811865449082, 0.000000000000000000 ) ) ;
#5073 = EDGE_CURVE ( 'NONE', #642, #2238, #3494, .T. ) ;
#5074 = VECTOR ( 'NONE', #6137, 1000.000000000000000 ) ;
#5075 = DIRECTION ( 'NONE',  ( -1.000000000000000000, 0.000000000000000000, 0.000000000000000000 ) ) ;
#5076 = DIRECTION ( 'NONE',  ( -2.168404344971008868E-16, -1.000000000000000000, 0.000000000000000000 ) ) ;
#5077 = EDGE_LOOP ( 'NONE', ( #6732, #4199 ) ) ;
#5078 = DIRECTION ( 'NONE',  ( -1.000000000000000000, 0.000000000000000000, 0.000000000000000000 ) ) ;
#5079 = VERTEX_POINT ( 'NONE', #3347 ) ;
#5080 = LINE ( 'NONE', #2862, #5735 ) ;
#5081 = AXIS2_PLACEMENT_3D ( 'NONE', #924, #359, #3866 ) ;
#5082 =( NAMED_UNIT ( * ) PLANE_ANGLE_UNIT ( ) SI_UNIT ( $, .RADIAN. ) );
#5083 = LINE ( 'NONE', #632, #1056 ) ;
#5085 = DIRECTION ( 'NONE',  ( -0.7071067811865352493, -0.000000000000000000, -0.7071067811865597852 ) ) ;
#5084 = DIRECTION ( 'NONE',  ( -0.7071067811865352493, 0.7071067811865597852, 6.409875621278103553E-17 ) ) ;
#5086 = ORIENTED_EDGE ( 'NONE', *, *, #3698, .F. ) ;
#5087 = PLANE ( 'NONE',  #7183 ) ;
#5088 = EDGE_CURVE ( 'NONE', #2059, #930, #5228, .T. ) ;
#5089 = DIRECTION ( 'NONE',  ( 0.000000000000000000, 1.000000000000000000, 0.000000000000000000 ) ) ;
#5090 = VERTEX_POINT ( 'NONE', #7461 ) ;
#5091 = EDGE_LOOP ( 'NONE', ( #645, #5402, #3508, #3605 ) ) ;
#5092 = ORIENTED_EDGE ( 'NONE', *, *, #1779, .F. ) ;
#5093 = PLANE ( 'NONE',  #4871 ) ;
#5094 = EDGE_CURVE ( 'NONE', #2758, #839, #2783, .T. ) ;
#5095 = ORIENTED_EDGE ( 'NONE', *, *, #3257, .T. ) ;
#5096 = EDGE_LOOP ( 'NONE', ( #1018, #66, #2477, #6647 ) ) ;
#5097 = ADVANCED_FACE ( 'NONE', ( #4022 ), #4593, .T. ) ;
#5098 = ADVANCED_FACE ( 'NONE', ( #5691 ), #6259, .T. ) ;
#5099 = FACE_OUTER_BOUND ( 'NONE', #5024, .T. ) ;
#5100 = CARTESIAN_POINT ( 'NONE',  ( 2.724169710357906560, -2.724169710357906560, 1.000000000000000888 ) ) ;
#5101 = CARTESIAN_POINT ( 'NONE',  ( 15.40376155339789221, 23.35317541498461225, 10.00099999999999945 ) ) ;
#5102 = CARTESIAN_POINT ( 'NONE',  ( 78.02714841169105853, -0.007275480624098067464, 4.000000000000000000 ) ) ;
#5103 = VECTOR ( 'NONE', #1158, 1000.000000000000000 ) ;
#5104 = VERTEX_POINT ( 'NONE', #171 ) ;
#5105 = CARTESIAN_POINT ( 'NONE',  ( 67.23157658086553568, 31.75317541498461082, 4.400000000000011902 ) ) ;
#5106 = DIRECTION ( 'NONE',  ( 0.000000000000000000, -1.000000000000000000, 0.000000000000000000 ) ) ;
#5107 = DIRECTION ( 'NONE',  ( 0.6785983445458326768, 0.2810846377148683017, -0.6785983445458415586 ) ) ;
#5108 = FACE_OUTER_BOUND ( 'NONE', #1994, .T. ) ;
#5109 = FACE_OUTER_BOUND ( 'NONE', #5096, .T. ) ;
#5110 = ORIENTED_EDGE ( 'NONE', *, *, #5430, .F. ) ;
#5111 = CARTESIAN_POINT ( 'NONE',  ( 0.000000000000000000, 0.000000000000000000, 4.000000000000000000 ) ) ;
#5112 = ORIENTED_EDGE ( 'NONE', *, *, #7013, .T. ) ;
#5113 = FACE_OUTER_BOUND ( 'NONE', #6432, .T. ) ;
#5114 = VECTOR ( 'NONE', #261, 1000.000000000000000 ) ;
#5115 = LINE ( 'NONE', #4662, #4797 ) ;
#5116 = LINE ( 'NONE', #7423, #5152 ) ;
#5118 = CARTESIAN_POINT ( 'NONE',  ( 77.81692151384304168, 56.44252476504900073, 1.000000000000000888 ) ) ;
#5117 = DIRECTION ( 'NONE',  ( -0.4999999999999870104, -0.4999999999999870104, 0.7071067811865658914 ) ) ;
#5119 = DIRECTION ( 'NONE',  ( -1.000000000000000000, 0.000000000000000000, -0.000000000000000000 ) ) ;
#5120 = DIRECTION ( 'NONE',  ( -1.259290296542222077E-16, 1.000000000000000000, 0.000000000000000000 ) ) ;
#5121 = EDGE_CURVE ( 'NONE', #5344, #7247, #5265, .T. ) ;
#5122 = AXIS2_PLACEMENT_3D ( 'NONE', #2744, #5042, #1683 ) ;
#5123 = ORIENTED_EDGE ( 'NONE', *, *, #7419, .T. ) ;
#5124 = FACE_OUTER_BOUND ( 'NONE', #4471, .T. ) ;
#5125 = ORIENTED_EDGE ( 'NONE', *, *, #961, .T. ) ;
#5126 = DIRECTION ( 'NONE',  ( 0.000000000000000000, 0.000000000000000000, 1.000000000000000000 ) ) ;
#5127 = ORIENTED_EDGE ( 'NONE', *, *, #1848, .F. ) ;
#5128 = AXIS2_PLACEMENT_3D ( 'NONE', #122, #6993, #4688 ) ;
#5129 = AXIS2_PLACEMENT_3D ( 'NONE', #2257, #455, #4025 ) ;
#5130 = CIRCLE ( 'NONE', #1033, 1.650000000000012568 ) ;
#5131 = ORIENTED_EDGE ( 'NONE', *, *, #7293, .F. ) ;
#5132 = DIRECTION ( 'NONE',  ( -1.000000000000000000, 1.196361017915039831E-15, 0.000000000000000000 ) ) ;
#5133 = ORIENTED_EDGE ( 'NONE', *, *, #4862, .F. ) ;
#5134 = VECTOR ( 'NONE', #3785, 1000.000000000000000 ) ;
#5135 = VERTEX_POINT ( 'NONE', #7076 ) ;
#5136 = DIRECTION ( 'NONE',  ( -5.782411586589351722E-16, 1.000000000000000000, 0.000000000000000000 ) ) ;
#5137 = LINE ( 'NONE', #5591, #2469 ) ;
#5138 = LINE ( 'NONE', #6354, #6582 ) ;
#5139 = EDGE_CURVE ( 'NONE', #7445, #3468, #1865, .T. ) ;
#5140 = DIRECTION ( 'NONE',  ( -0.000000000000000000, -0.000000000000000000, -1.000000000000000000 ) ) ;
#5141 = VERTEX_POINT ( 'NONE', #2434 ) ;
#5142 = EDGE_LOOP ( 'NONE', ( #2532, #3716, #982, #1341 ) ) ;
#5143 = EDGE_CURVE ( 'NONE', #1783, #2785, #2470, .T. ) ;
#5144 = DIRECTION ( 'NONE',  ( -0.7071067811865474617, -0.7071067811865474617, 0.000000000000000000 ) ) ;
#5145 = PLANE ( 'NONE',  #3085 ) ;
#5146 = CARTESIAN_POINT ( 'NONE',  ( 55.40981757162895605, 59.57470916941927186, 10.00000000000000000 ) ) ;
#5147 = PLANE ( 'NONE',  #5014 ) ;
#5148 = ORIENTED_EDGE ( 'NONE', *, *, #4142, .T. ) ;
#5149 = LINE ( 'NONE', #4621, #1316 ) ;
#5150 = ORIENTED_EDGE ( 'NONE', *, *, #958, .F. ) ;
#5151 = DIRECTION ( 'NONE',  ( -0.7071067811865474617, -0.7071067811865474617, -0.000000000000000000 ) ) ;
#5152 = VECTOR ( 'NONE', #2252, 1000.000000000000000 ) ;
#5153 = VECTOR ( 'NONE', #6875, 1000.000000000000000 ) ;
#5154 = EDGE_CURVE ( 'NONE', #6234, #6551, #738, .T. ) ;
#5155 = CARTESIAN_POINT ( 'NONE',  ( 11.61402484566509052, 20.12912413220106700, 10.00000000000000000 ) ) ;
#5156 = DIRECTION ( 'NONE',  ( -0.7071067811865352493, 0.7071067811865597852, 0.000000000000000000 ) ) ;
#5157 = ADVANCED_FACE ( 'NONE', ( #246 ), #6473, .T. ) ;
#5159 = CARTESIAN_POINT ( 'NONE',  ( 5.000000000000903277, 57.98214359204602175, 9.600000000000020961 ) ) ;
#5158 = CARTESIAN_POINT ( 'NONE',  ( 5.871403715554896152, 34.73363682479553916, 5.999419232480241782 ) ) ;
#5160 = CARTESIAN_POINT ( 'NONE',  ( 40.42884860408195635, 23.35317541498460869, 10.00099999999999945 ) ) ;
#5161 = VECTOR ( 'NONE', #4293, 1000.000000000000000 ) ;
#5162 = VECTOR ( 'NONE', #1101, 1000.000000000000000 ) ;
#5163 = CARTESIAN_POINT ( 'NONE',  ( 24.39487291362403099, 59.35339717067414256, 10.00099999999999945 ) ) ;
#5164 = VERTEX_POINT ( 'NONE', #2997 ) ;
#5165 = DIRECTION ( 'NONE',  ( -0.7071067811865565655, 0.000000000000000000, -0.7071067811865385799 ) ) ;
#5166 = ORIENTED_EDGE ( 'NONE', *, *, #1359, .T. ) ;
#5167 = AXIS2_PLACEMENT_3D ( 'NONE', #6785, #4515, #3300 ) ;
#5168 = EDGE_CURVE ( 'NONE', #5667, #5434, #2963, .T. ) ;
#5169 = LINE ( 'NONE', #3813, #2145 ) ;
#5170 = ORIENTED_EDGE ( 'NONE', *, *, #4051, .F. ) ;
#5171 = PRESENTATION_LAYER_ASSIGNMENT (  '', '', ( #2388 ) ) ;
#5172 = ORIENTED_EDGE ( 'NONE', *, *, #61, .T. ) ;
#5173 = EDGE_CURVE ( 'NONE', #497, #3922, #4125, .T. ) ;
#5174 = DIRECTION ( 'NONE',  ( -1.000000000000000000, 5.782411586589358625E-16, 0.000000000000000000 ) ) ;
#5175 = ORIENTED_EDGE ( 'NONE', *, *, #3024, .T. ) ;
#5176 = CARTESIAN_POINT ( 'NONE',  ( 74.11952070086401534, 54.21585202213896082, 1.000000000000000888 ) ) ;
#5177 = FACE_OUTER_BOUND ( 'NONE', #250, .T. ) ;
#5178 = DIRECTION ( 'NONE',  ( -1.000000000000000000, 0.000000000000000000, -0.000000000000000000 ) ) ;
#5179 = EDGE_CURVE ( 'NONE', #3243, #3948, #3110, .T. ) ;
#5180 = ORIENTED_EDGE ( 'NONE', *, *, #6310, .T. ) ;
#5181 = ORIENTED_EDGE ( 'NONE', *, *, #1184, .F. ) ;
#5182 = EDGE_CURVE ( 'NONE', #4092, #5393, #5831, .T. ) ;
#5183 = LINE ( 'NONE', #6284, #4791 ) ;
#5184 = LINE ( 'NONE', #4618, #7062 ) ;
#5185 = CARTESIAN_POINT ( 'NONE',  ( 0.000000000000000000, 5.400000000000034994, 1.000000000000000888 ) ) ;
#5186 = LINE ( 'NONE', #1147, #4160 ) ;
#5187 = ADVANCED_FACE ( 'NONE', ( #6511 ), #4235, .F. ) ;
#5188 = CARTESIAN_POINT ( 'NONE',  ( 68.03157658086556125, 23.35317541498460869, 4.000000000000000000 ) ) ;
#5189 = EDGE_LOOP ( 'NONE', ( #5956, #5299, #1696, #7 ) ) ;
#5190 = ORIENTED_EDGE ( 'NONE', *, *, #5528, .T. ) ;
#5191 = ADVANCED_FACE ( 'NONE', ( #4771 ), #4226, .F. ) ;
#5192 = LINE ( 'NONE', #6331, #4265 ) ;
#5193 = EDGE_CURVE ( 'NONE', #4312, #7135, #5940, .T. ) ;
#5194 = VECTOR ( 'NONE', #6641, 1000.000000000000114 ) ;
#5195 = DIRECTION ( 'NONE',  ( 0.7071067811865352493, 0.000000000000000000, -0.7071067811865597852 ) ) ;
#5196 = DIRECTION ( 'NONE',  ( 0.7071067811865475727, 0.7071067811865475727, -0.000000000000000000 ) ) ;
#5198 = FACE_OUTER_BOUND ( 'NONE', #6963, .T. ) ;
#5197 = CARTESIAN_POINT ( 'NONE',  ( 6.992565577373027530, 59.97470916941908570, 10.00099999999999945 ) ) ;
#5199 = CARTESIAN_POINT ( 'NONE',  ( 73.71952070086389597, -1.726823384434508983E-13, 1.399999999999998579 ) ) ;
#5200 = DIRECTION ( 'NONE',  ( -1.000000000000000000, 0.000000000000000000, -0.000000000000000000 ) ) ;
#5201 = EDGE_LOOP ( 'NONE', ( #3625, #420, #4856, #1209 ) ) ;
#5202 = PLANE ( 'NONE',  #1474 ) ;
#5203 = ORIENTED_EDGE ( 'NONE', *, *, #6988, .F. ) ;
#5204 = ADVANCED_FACE ( 'NONE', ( #1936 ), #382, .F. ) ;
#5205 = VECTOR ( 'NONE', #1297, 1000.000000000000000 ) ;
#5206 = DIRECTION ( 'NONE',  ( 0.5773502691896258421, -0.5773502691896258421, -0.5773502691896258421 ) ) ;
#5207 = EDGE_CURVE ( 'NONE', #5873, #6323, #810, .T. ) ;
#5208 = ORIENTED_EDGE ( 'NONE', *, *, #1774, .T. ) ;
#5209 = VERTEX_POINT ( 'NONE', #96 ) ;
#5210 = LINE ( 'NONE', #3969, #422 ) ;
#5211 = ORIENTED_EDGE ( 'NONE', *, *, #6590, .F. ) ;
#5212 = LINE ( 'NONE', #6495, #6702 ) ;
#5213 = CARTESIAN_POINT ( 'NONE',  ( 11.27132469877176568, 34.33421759231526948, 6.000000000000000000 ) ) ;
#5214 = EDGE_CURVE ( 'NONE', #3283, #6920, #5304, .T. ) ;
#5215 = LINE ( 'NONE', #3446, #4638 ) ;
#5216 = ORIENTED_EDGE ( 'NONE', *, *, #3350, .F. ) ;
#5217 = VERTEX_POINT ( 'NONE', #4734 ) ;
#5218 = CARTESIAN_POINT ( 'NONE',  ( 58.23157658086555699, 31.75317541498461082, 4.400000000000011902 ) ) ;
#5219 = DIRECTION ( 'NONE',  ( 0.5773502691896257311, -0.5773502691896257311, 0.5773502691896257311 ) ) ;
#5220 = CARTESIAN_POINT ( 'NONE',  ( 42.26316317913270382, 28.15317541498460230, 10.00000000000000000 ) ) ;
#5221 = CIRCLE ( 'NONE', #1965, 1.649999999999971045 ) ;
#5222 = DIRECTION ( 'NONE',  ( -0.2810846377148348285, 0.6785983445458558805, 0.6785983445458323438 ) ) ;
#5223 = ORIENTED_EDGE ( 'NONE', *, *, #3607, .T. ) ;
#5224 = EDGE_LOOP ( 'NONE', ( #5112, #4101, #1747, #1801, #4279, #4119, #4903 ) ) ;
#5225 = DIRECTION ( 'NONE',  ( 9.614813431918154348E-17, 0.7071067811865597852, 0.7071067811865352493 ) ) ;
#5226 = FACE_OUTER_BOUND ( 'NONE', #4026, .T. ) ;
#5227 = EDGE_CURVE ( 'NONE', #5019, #4207, #1223, .T. ) ;
#5229 = CARTESIAN_POINT ( 'NONE',  ( 11.73118213319047065, 6.282842712474669966, 10.00000000000000000 ) ) ;
#5228 = LINE ( 'NONE', #6932, #6287 ) ;
#5230 = PLANE ( 'NONE',  #7390 ) ;
#5231 = DIRECTION ( 'NONE',  ( -0.7071067811863814834, -0.7071067811867136621, 0.000000000000000000 ) ) ;
#5232 = ORIENTED_EDGE ( 'NONE', *, *, #1494, .F. ) ;
#5233 = PLANE ( 'NONE',  #4723 ) ;
#5234 = ORIENTED_EDGE ( 'NONE', *, *, #6740, .F. ) ;
#5235 = DIRECTION ( 'NONE',  ( 0.6785983445458609875, -0.2810846377148092934, -0.6785983445458374508 ) ) ;
#5236 = AXIS2_PLACEMENT_3D ( 'NONE', #5891, #5961, #5854 ) ;
#5237 = VECTOR ( 'NONE', #1178, 1000.000000000000000 ) ;
#5238 = EDGE_CURVE ( 'NONE', #4755, #1004, #1259, .T. ) ;
#5239 = ADVANCED_FACE ( 'NONE', ( #4923 ), #3787, .F. ) ;
#5240 = VECTOR ( 'NONE', #2674, 999.9999999999998863 ) ;
#5241 = EDGE_LOOP ( 'NONE', ( #5738, #1484, #5556, #1190 ) ) ;
#5242 = CARTESIAN_POINT ( 'NONE',  ( 64.52878040911221547, 49.79793579177158591, -4.315135121256313155 ) ) ;
#5243 = ORIENTED_EDGE ( 'NONE', *, *, #7079, .F. ) ;
#5244 = CIRCLE ( 'NONE', #6212, 1.650000000000012568 ) ;
#5245 = ORIENTED_EDGE ( 'NONE', *, *, #2041, .F. ) ;
#5246 = VECTOR ( 'NONE', #3991, 1000.000000000000000 ) ;
#5247 = EDGE_CURVE ( 'NONE', #2238, #3938, #5600, .T. ) ;
#5248 = CARTESIAN_POINT ( 'NONE',  ( 25.24322697010724426, 52.49210017022573282, 4.000000000000000000 ) ) ;
#5249 = CARTESIAN_POINT ( 'NONE',  ( 0.000000000000000000, 53.17490806565518113, 6.000000000000000000 ) ) ;
#5250 = AXIS2_PLACEMENT_3D ( 'NONE', #4774, #5872, #7080 ) ;
#5251 = VECTOR ( 'NONE', #1960, 1000.000000000000114 ) ;
#5252 = FACE_OUTER_BOUND ( 'NONE', #7398, .T. ) ;
#5253 = EDGE_LOOP ( 'NONE', ( #4011, #1462, #3507, #989 ) ) ;
#5254 = ORIENTED_EDGE ( 'NONE', *, *, #2239, .F. ) ;
#5255 = VECTOR ( 'NONE', #4277, 1000.000000000000000 ) ;
#5256 = LINE ( 'NONE', #5969, #466 ) ;
#5257 = LINE ( 'NONE', #2917, #6931 ) ;
#5258 = DIRECTION ( 'NONE',  ( 0.5000000000000015543, 0.4999999999999983902, -0.7071067811865475727 ) ) ;
#5259 = CARTESIAN_POINT ( 'NONE',  ( 79.97474980950003953, 6.992565577373023977, 10.00099999999999945 ) ) ;
#5260 = ORIENTED_EDGE ( 'NONE', *, *, #2502, .F. ) ;
#5261 = ORIENTED_EDGE ( 'NONE', *, *, #3013, .F. ) ;
#5262 = CARTESIAN_POINT ( 'NONE',  ( 11.27132469877176568, 34.73421759231528227, 6.000000000000000000 ) ) ;
#5263 = CARTESIAN_POINT ( 'NONE',  ( 18.61060500309818977, 30.68592075184099599, -14.99112027467291597 ) ) ;
#5264 = LINE ( 'NONE', #3707, #2745 ) ;
#5266 = DIRECTION ( 'NONE',  ( 0.7071067811865492381, -0.7071067811865457964, 0.000000000000000000 ) ) ;
#5265 = LINE ( 'NONE', #5415, #1933 ) ;
#5267 = CARTESIAN_POINT ( 'NONE',  ( 6.158733526446414253, 53.41905502248753379, 10.00000000000000000 ) ) ;
#5268 = DIRECTION ( 'NONE',  ( -0.5773502691896245098, 0.5773502691896282846, -0.5773502691896243988 ) ) ;
#5269 = ORIENTED_EDGE ( 'NONE', *, *, #5715, .T. ) ;
#5270 = DIRECTION ( 'NONE',  ( -0.000000000000000000, -0.000000000000000000, -1.000000000000000000 ) ) ;
#5271 = EDGE_LOOP ( 'NONE', ( #4586, #6086, #853, #2317 ) ) ;
#5272 = VECTOR ( 'NONE', #845, 1000.000000000000000 ) ;
#5273 = VECTOR ( 'NONE', #271, 999.9999999999998863 ) ;
#5274 = CARTESIAN_POINT ( 'NONE',  ( 8.888803657608024267, 8.415085090169998949, 10.00099999999999945 ) ) ;
#5275 = EDGE_CURVE ( 'NONE', #3948, #1312, #6099, .T. ) ;
#5276 = EDGE_CURVE ( 'NONE', #5441, #2348, #6170, .T. ) ;
#5277 = LINE ( 'NONE', #4499, #2506 ) ;
#5278 = VECTOR ( 'NONE', #5293, 1000.000000000000114 ) ;
#5279 = ORIENTED_EDGE ( 'NONE', *, *, #2017, .F. ) ;
#5280 = LINE ( 'NONE', #5317, #2460 ) ;
#5281 = ORIENTED_EDGE ( 'NONE', *, *, #535, .T. ) ;
#5282 = EDGE_CURVE ( 'NONE', #310, #4659, #2738, .T. ) ;
#5283 = ORIENTED_EDGE ( 'NONE', *, *, #3512, .T. ) ;
#5284 = VECTOR ( 'NONE', #3912, 1000.000000000000114 ) ;
#5285 = EDGE_CURVE ( 'NONE', #2154, #3283, #4356, .T. ) ;
#5286 = EDGE_CURVE ( 'NONE', #6115, #3281, #4318, .T. ) ;
#5287 = DIRECTION ( 'NONE',  ( 0.7071067811865479058, 0.7071067811865471286, 0.000000000000000000 ) ) ;
#5288 = CARTESIAN_POINT ( 'NONE',  ( 41.42884860408194214, 24.35317541498459804, 4.000000000000000000 ) ) ;
#5289 = LINE ( 'NONE', #41, #7289 ) ;
#5290 = ORIENTED_EDGE ( 'NONE', *, *, #3397, .F. ) ;
#5291 = VERTEX_POINT ( 'NONE', #6630 ) ;
#5292 = EDGE_CURVE ( 'NONE', #4030, #1823, #3749, .T. ) ;
#5293 = DIRECTION ( 'NONE',  ( 0.7071067811865474617, 0.000000000000000000, -0.7071067811865474617 ) ) ;
#5294 = EDGE_CURVE ( 'NONE', #760, #6114, #886, .T. ) ;
#5295 = VECTOR ( 'NONE', #1657, 1000.000000000000000 ) ;
#5296 = DIRECTION ( 'NONE',  ( 0.000000000000000000, -1.000000000000000000, 0.000000000000000000 ) ) ;
#5297 = LINE ( 'NONE', #1855, #1690 ) ;
#5298 = ORIENTED_EDGE ( 'NONE', *, *, #305, .T. ) ;
#5299 = ORIENTED_EDGE ( 'NONE', *, *, #6391, .F. ) ;
#5300 = VECTOR ( 'NONE', #6430, 1000.000000000000000 ) ;
#5301 = DIRECTION ( 'NONE',  ( -1.000000000000000000, 0.000000000000000000, -0.000000000000000000 ) ) ;
#5302 = PLANE ( 'NONE',  #4453 ) ;
#5303 = CARTESIAN_POINT ( 'NONE',  ( 79.97474980950003953, 54.29582948390102359, 9.600000000000013856 ) ) ;
#5305 = LINE ( 'NONE', #5803, #2934 ) ;
#5304 = LINE ( 'NONE', #3526, #2423 ) ;
#5306 = CARTESIAN_POINT ( 'NONE',  ( 74.69708215319565170, 5.282842712474637992, 10.00000000000000000 ) ) ;
#5307 = DIRECTION ( 'NONE',  ( -0.0001978291858416225061, -0.9999999804318063790, 0.000000000000000000 ) ) ;
#5308 = ORIENTED_EDGE ( 'NONE', *, *, #710, .T. ) ;
#5309 = FACE_OUTER_BOUND ( 'NONE', #3577, .T. ) ;
#5310 = VERTEX_POINT ( 'NONE', #2130 ) ;
#5311 = LINE ( 'NONE', #141, #2265 ) ;
#5312 = AXIS2_PLACEMENT_3D ( 'NONE', #3829, #968, #2091 ) ;
#5313 = DIRECTION ( 'NONE',  ( -0.2810846377148323305, 0.6785983445458563246, 0.6785983445458327878 ) ) ;
#5314 = DIRECTION ( 'NONE',  ( 0.000000000000000000, 0.000000000000000000, -1.000000000000000000 ) ) ;
#5315 = ORIENTED_EDGE ( 'NONE', *, *, #2048, .T. ) ;
#5316 = ADVANCED_FACE ( 'NONE', ( #1000 ), #1531, .F. ) ;
#5317 = CARTESIAN_POINT ( 'NONE',  ( 77.60507395810083153, 9.528616351991193056, 11.96967585139913837 ) ) ;
#5318 = VECTOR ( 'NONE', #3222, 1000.000000000000000 ) ;
#5319 = ORIENTED_EDGE ( 'NONE', *, *, #1478, .F. ) ;
#5320 = ORIENTED_EDGE ( 'NONE', *, *, #127, .F. ) ;
#5321 = EDGE_CURVE ( 'NONE', #2336, #6424, #1322, .T. ) ;
#5322 = CARTESIAN_POINT ( 'NONE',  ( 8.888803657608024267, 56.44252476504900073, 1.000000000000000888 ) ) ;
#5323 = LINE ( 'NONE', #2535, #5251 ) ;
#5324 = EDGE_CURVE ( 'NONE', #5999, #7014, #1097, .T. ) ;
#5325 = ADVANCED_FACE ( 'NONE', ( #1490 ), #7230, .T. ) ;
#5326 = CARTESIAN_POINT ( 'NONE',  ( 38.03180065388671238, 42.29286487643514647, 1.999999999999971356 ) ) ;
#5327 = EDGE_LOOP ( 'NONE', ( #7429, #3333, #4571, #4120 ) ) ;
#5328 = ORIENTED_EDGE ( 'NONE', *, *, #1561, .T. ) ;
#5329 = CARTESIAN_POINT ( 'NONE',  ( 24.22916709509686584, 58.95341756425206370, 10.00000000000000000 ) ) ;
#5330 = VECTOR ( 'NONE', #1335, 1000.000000000000000 ) ;
#5331 = LINE ( 'NONE', #1889, #2718 ) ;
#5332 = LINE ( 'NONE', #6014, #1022 ) ;
#5333 = ORIENTED_EDGE ( 'NONE', *, *, #7012, .T. ) ;
#5334 = EDGE_LOOP ( 'NONE', ( #6268, #3456, #4632, #3048 ) ) ;
#5335 = LINE ( 'NONE', #5866, #5767 ) ;
#5336 = LINE ( 'NONE', #4769, #5406 ) ;
#5337 = CARTESIAN_POINT ( 'NONE',  ( 5.000000000000030198, 6.992565577373023977, 9.600000000000015632 ) ) ;
#5339 = FACE_OUTER_BOUND ( 'NONE', #5498, .T. ) ;
#5338 = DIRECTION ( 'NONE',  ( 0.000000000000000000, 1.000000000000000000, 0.000000000000000000 ) ) ;
#5340 = DIRECTION ( 'NONE',  ( 0.000000000000000000, 1.000000000000000000, 0.000000000000000000 ) ) ;
#5341 = CARTESIAN_POINT ( 'NONE',  ( 6.992565577374029395, 5.000000000000023093, 9.600000000000015632 ) ) ;
#5342 = ORIENTED_EDGE ( 'NONE', *, *, #6878, .F. ) ;
#5343 = DIRECTION ( 'NONE',  ( -0.7071067811865453523, 0.7071067811865497932, 0.000000000000000000 ) ) ;
#5344 = VERTEX_POINT ( 'NONE', #2695 ) ;
#5345 = CARTESIAN_POINT ( 'NONE',  ( 11.67132469877178025, 49.93421759231525670, 6.000000000000000000 ) ) ;
#5346 = AXIS2_PLACEMENT_3D ( 'NONE', #2822, #5085, #3423 ) ;
#5347 = FACE_OUTER_BOUND ( 'NONE', #1443, .T. ) ;
#5348 = LINE ( 'NONE', #3156, #7216 ) ;
#5349 = ORIENTED_EDGE ( 'NONE', *, *, #2832, .T. ) ;
#5350 = DIRECTION ( 'NONE',  ( -0.7071067811865536790, 0.000000000000000000, 0.7071067811865413555 ) ) ;
#5351 = ORIENTED_EDGE ( 'NONE', *, *, #4692, .T. ) ;
#5352 = AXIS2_PLACEMENT_3D ( 'NONE', #4505, #3781, #6741 ) ;
#5353 = ORIENTED_EDGE ( 'NONE', *, *, #3206, .F. ) ;
#5354 = LINE ( 'NONE', #1348, #2723 ) ;
#5355 = CARTESIAN_POINT ( 'NONE',  ( 63.88484364902704016, 63.88484364902676305, 4.000000000000000000 ) ) ;
#5356 = VECTOR ( 'NONE', #3023, 1000.000000000000000 ) ;
#5357 = AXIS2_PLACEMENT_3D ( 'NONE', #7313, #1573, #3379 ) ;
#5358 = LINE ( 'NONE', #4190, #4581 ) ;
#5359 = ORIENTED_EDGE ( 'NONE', *, *, #4135, .F. ) ;
#5360 = ORIENTED_EDGE ( 'NONE', *, *, #5179, .T. ) ;
#5361 = VECTOR ( 'NONE', #1743, 1000.000000000000114 ) ;
#5362 = LINE ( 'NONE', #121, #6372 ) ;
#5363 = CARTESIAN_POINT ( 'NONE',  ( 54.42884860408192793, 27.75317541498460372, 10.00000000000000000 ) ) ;
#5364 = AXIS2_PLACEMENT_3D ( 'NONE', #6173, #6783, #1644 ) ;
#5365 = AXIS2_PLACEMENT_3D ( 'NONE', #5249, #79, #2381 ) ;
#5366 = CARTESIAN_POINT ( 'NONE',  ( 62.89024130048304073, 40.61884720954800088, 2.000000000000000000 ) ) ;
#5367 = ORIENTED_EDGE ( 'NONE', *, *, #2835, .T. ) ;
#5368 = EDGE_CURVE ( 'NONE', #461, #3922, #2628, .T. ) ;
#5369 = AXIS2_PLACEMENT_3D ( 'NONE', #1599, #2204, #5072 ) ;
#5370 = EDGE_CURVE ( 'NONE', #5625, #7198, #4964, .T. ) ;
#5371 = LINE ( 'NONE', #205, #1543 ) ;
#5372 = LINE ( 'NONE', #4233, #831 ) ;
#5373 = LINE ( 'NONE', #4163, #3951 ) ;
#5375 = CARTESIAN_POINT ( 'NONE',  ( 46.94653210253800779, 34.88980021391638076, 1.400000000000012346 ) ) ;
#5374 = DIRECTION ( 'NONE',  ( -0.000000000000000000, -0.000000000000000000, -1.000000000000000000 ) ) ;
#5376 = DIRECTION ( 'NONE',  ( 0.000000000000000000, -0.000000000000000000, -1.000000000000000000 ) ) ;
#5377 = DIRECTION ( 'NONE',  ( 0.7071067811865472397, 0.7071067811865479058, 0.000000000000000000 ) ) ;
#5378 = ORIENTED_EDGE ( 'NONE', *, *, #332, .F. ) ;
#5379 = PLANE ( 'NONE',  #1834 ) ;
#5380 = ORIENTED_EDGE ( 'NONE', *, *, #2374, .F. ) ;
#5381 = LINE ( 'NONE', #5458, #7409 ) ;
#5382 = EDGE_CURVE ( 'NONE', #5079, #4213, #325, .T. ) ;
#5383 = EDGE_CURVE ( 'NONE', #1016, #4795, #7265, .T. ) ;
#5384 = PLANE ( 'NONE',  #5688 ) ;
#5385 = CARTESIAN_POINT ( 'NONE',  ( 18.61060500309818977, 24.68592075184099954, -14.99112027467291597 ) ) ;
#5386 = CARTESIAN_POINT ( 'NONE',  ( 12.01402484566508733, 19.96343870725182512, 9.600000000000015632 ) ) ;
#5387 = ORIENTED_EDGE ( 'NONE', *, *, #5641, .F. ) ;
#5388 = LINE ( 'NONE', #1806, #1853 ) ;
#5389 = EDGE_CURVE ( 'NONE', #2245, #902, #7306, .T. ) ;
#5390 = DIRECTION ( 'NONE',  ( 0.0001230892683152483562, 0.9999999924245159821, 0.000000000000000000 ) ) ;
#5391 = ORIENTED_EDGE ( 'NONE', *, *, #5207, .T. ) ;
#5392 = ORIENTED_EDGE ( 'NONE', *, *, #5506, .T. ) ;
#5393 = VERTEX_POINT ( 'NONE', #3711 ) ;
#5394 = VECTOR ( 'NONE', #663, 1000.000000000000000 ) ;
#5395 = AXIS2_PLACEMENT_3D ( 'NONE', #1200, #2933, #4132 ) ;
#5396 = EDGE_CURVE ( 'NONE', #3836, #4157, #6210, .T. ) ;
#5397 = ORIENTED_EDGE ( 'NONE', *, *, #7293, .T. ) ;
#5398 = DIRECTION ( 'NONE',  ( -0.6785983445458756425, 0.2810846377147389052, -0.6785983445458521057 ) ) ;
#5399 = CARTESIAN_POINT ( 'NONE',  ( -2.313594256151514816, 2.333066411365916082, 10.00000000000000000 ) ) ;
#5400 = VECTOR ( 'NONE', #4836, 1000.000000000000000 ) ;
#5401 = CARTESIAN_POINT ( 'NONE',  ( 75.02984732797570189, 0.000000000000000000, 4.000000000000000000 ) ) ;
#5402 = ORIENTED_EDGE ( 'NONE', *, *, #4315, .F. ) ;
#5403 = AXIS2_PLACEMENT_3D ( 'NONE', #4445, #6751, #2779 ) ;
#5404 = ORIENTED_EDGE ( 'NONE', *, *, #5715, .F. ) ;
#5405 = DIRECTION ( 'NONE',  ( 0.7071067811865474617, 0.7071067811865474617, 0.000000000000000000 ) ) ;
#5406 = VECTOR ( 'NONE', #2467, 1000.000000000000000 ) ;
#5407 = CARTESIAN_POINT ( 'NONE',  ( 30.61060500309818622, 24.68592075184099954, 3.600000000000002309 ) ) ;
#5408 = ADVANCED_FACE ( 'NONE', ( #5108 ), #3413, .T. ) ;
#5409 = LINE ( 'NONE', #2579, #4944 ) ;
#5410 = ORIENTED_EDGE ( 'NONE', *, *, #362, .T. ) ;
#5411 = ADVANCED_FACE ( 'NONE', ( #1751 ), #5642, .T. ) ;
#5412 = PLANE ( 'NONE',  #693 ) ;
#5413 = PLANE ( 'NONE',  #1430 ) ;
#5414 = CARTESIAN_POINT ( 'NONE',  ( 24.39487291362403099, 59.35339717067414256, 6.000000000000000000 ) ) ;
#5416 = DIRECTION ( 'NONE',  ( 0.0001978291858416224519, 0.9999999804318063790, 0.000000000000000000 ) ) ;
#5415 = CARTESIAN_POINT ( 'NONE',  ( 40.83180065388673796, 43.69286487643512373, -6.830045703262805468 ) ) ;
#5417 = CARTESIAN_POINT ( 'NONE',  ( 0.000000000000000000, 23.35317541498460869, 4.000000000000000000 ) ) ;
#5418 = EDGE_CURVE ( 'NONE', #3468, #6973, #4584, .T. ) ;
#5419 = DIRECTION ( 'NONE',  ( -1.000000000000000000, 0.000000000000000000, 0.000000000000000000 ) ) ;
#5420 = ORIENTED_EDGE ( 'NONE', *, *, #245, .F. ) ;
#5421 = DIRECTION ( 'NONE',  ( 0.000000000000000000, 0.000000000000000000, -1.000000000000000000 ) ) ;
#5422 = ORIENTED_EDGE ( 'NONE', *, *, #4353, .F. ) ;
#5423 = EDGE_CURVE ( 'NONE', #3549, #3378, #983, .T. ) ;
#5424 = DIRECTION ( 'NONE',  ( 0.000000000000000000, -0.7071067811865474617, 0.7071067811865474617 ) ) ;
#5425 = CARTESIAN_POINT ( 'NONE',  ( 72.94807733323547438, 40.95871309031685570, 4.000000000000000000 ) ) ;
#5426 = DIRECTION ( 'NONE',  ( -1.196361017915039831E-15, -1.000000000000000000, 0.000000000000000000 ) ) ;
#5427 = CARTESIAN_POINT ( 'NONE',  ( 8.888803657608024267, 8.415085090169998949, 1.399999999999989697 ) ) ;
#5428 = VERTEX_POINT ( 'NONE', #1185 ) ;
#5429 = LINE ( 'NONE', #6645, #6346 ) ;
#5430 = EDGE_CURVE ( 'NONE', #5344, #2860, #477, .T. ) ;
#5431 = PLANE ( 'NONE',  #1793 ) ;
#5432 = ORIENTED_EDGE ( 'NONE', *, *, #377, .F. ) ;
#5433 = ORIENTED_EDGE ( 'NONE', *, *, #1860, .F. ) ;
#5434 = VERTEX_POINT ( 'NONE', #1146 ) ;
#5435 = VECTOR ( 'NONE', #47, 1000.000000000000000 ) ;
#5436 = VERTEX_POINT ( 'NONE', #549 ) ;
#5437 = FACE_OUTER_BOUND ( 'NONE', #4693, .T. ) ;
#5438 = CARTESIAN_POINT ( 'NONE',  ( 55.24511320246803336, 59.97470916941927044, 1.399999999999998579 ) ) ;
#5439 = CARTESIAN_POINT ( 'NONE',  ( 69.83157658086554420, 23.35317541498460869, 9.600000000000015632 ) ) ;
#5440 = ORIENTED_EDGE ( 'NONE', *, *, #4339, .T. ) ;
#5441 = VERTEX_POINT ( 'NONE', #6288 ) ;
#5442 = PRODUCT_DEFINITION_FORMATION_WITH_SPECIFIED_SOURCE ( '浠', '', #6602, .NOT_KNOWN. ) ;
#5443 = DIRECTION ( 'NONE',  ( 0.000000000000000000, -0.000000000000000000, 1.000000000000000000 ) ) ;
#5444 = CARTESIAN_POINT ( 'NONE',  ( 12.01402484566508733, 19.96343870725182512, 1.399999999999984590 ) ) ;
#5445 = ADVANCED_FACE ( 'NONE', ( #588 ), #3255, .F. ) ;
#5446 = DIRECTION ( 'NONE',  ( -0.000000000000000000, -0.000000000000000000, 1.000000000000000000 ) ) ;
#5447 = ORIENTED_EDGE ( 'NONE', *, *, #7327, .F. ) ;
#5448 = DIRECTION ( 'NONE',  ( -1.000000000000000000, 0.000000000000000000, 0.000000000000000000 ) ) ;
#5449 = LINE ( 'NONE', #808, #6619 ) ;
#5450 = DIRECTION ( 'NONE',  ( -1.000000000000000000, -6.369488388617202940E-16, 0.000000000000000000 ) ) ;
#5452 = CARTESIAN_POINT ( 'NONE',  ( 78.03203064794003296, 52.35311032234201889, 1.400000000000012346 ) ) ;
#5451 = DIRECTION ( 'NONE',  ( 0.000000000000000000, 0.000000000000000000, 1.000000000000000000 ) ) ;
#5453 = DIRECTION ( 'NONE',  ( -0.7061519002946796686, 0.7080603743397965166, 0.000000000000000000 ) ) ;
#5454 = CARTESIAN_POINT ( 'NONE',  ( 9.875044450089788484, 53.13706121412302252, 4.000000000000000000 ) ) ;
#5455 = EDGE_LOOP ( 'NONE', ( #3768, #3659, #7128, #2280 ) ) ;
#5456 = LINE ( 'NONE', #6063, #6664 ) ;
#5457 = ORIENTED_EDGE ( 'NONE', *, *, #5963, .F. ) ;
#5458 = CARTESIAN_POINT ( 'NONE',  ( 0.000000000000000000, 12.01402484683418415, 4.000000000000000000 ) ) ;
#5459 = VECTOR ( 'NONE', #2926, 1000.000000000000114 ) ;
#5460 = EDGE_CURVE ( 'NONE', #6833, #1856, #3337, .T. ) ;
#5461 = LINE ( 'NONE', #2558, #3630 ) ;
#5462 = DIRECTION ( 'NONE',  ( -0.7071067811865472397, -0.7071067811865479058, 0.000000000000000000 ) ) ;
#5463 = CARTESIAN_POINT ( 'NONE',  ( 67.63157658086555557, 31.75317541498461082, 4.400000000000011902 ) ) ;
#5464 = CARTESIAN_POINT ( 'NONE',  ( 40.17385472200789565, 40.17385472200789565, 10.00000000000000000 ) ) ;
#5465 = VERTEX_POINT ( 'NONE', #5220 ) ;
#5466 = CARTESIAN_POINT ( 'NONE',  ( 58.23157658086554989, 23.75317541498462148, 4.400000000000011902 ) ) ;
#5467 = DIRECTION ( 'NONE',  ( 0.000000000000000000, 0.000000000000000000, 1.000000000000000000 ) ) ;
#5468 = VERTEX_POINT ( 'NONE', #5146 ) ;
#5469 = VECTOR ( 'NONE', #1937, 1000.000000000000000 ) ;
#5470 = VERTEX_POINT ( 'NONE', #6816 ) ;
#5471 = ORIENTED_EDGE ( 'NONE', *, *, #718, .F. ) ;
#5472 = EDGE_CURVE ( 'NONE', #7378, #5090, #6249, .T. ) ;
#5473 = VERTEX_POINT ( 'NONE', #7452 ) ;
#5474 = DIRECTION ( 'NONE',  ( 0.7061519002946796686, -0.7080603743397965166, 0.000000000000000000 ) ) ;
#5475 = LINE ( 'NONE', #313, #3219 ) ;
#5476 = VERTEX_POINT ( 'NONE', #2918 ) ;
#5477 = ORIENTED_EDGE ( 'NONE', *, *, #2853, .T. ) ;
#5478 = VECTOR ( 'NONE', #7052, 1000.000000000000000 ) ;
#5479 = AXIS2_PLACEMENT_3D ( 'NONE', #4311, #6583, #4763 ) ;
#5480 = EDGE_CURVE ( 'NONE', #7065, #2879, #2789, .T. ) ;
#5481 = ADVANCED_FACE ( 'NONE', ( #6895 ), #7376, .F. ) ;
#5482 = LINE ( 'NONE', #917, #3474 ) ;
#5483 = CARTESIAN_POINT ( 'NONE',  ( 52.73749400462213544, 57.48801897299450303, 6.277097760621151323 ) ) ;
#5484 = VECTOR ( 'NONE', #6065, 1000.000000000000114 ) ;
#5485 = LINE ( 'NONE', #3631, #3910 ) ;
#5486 = ORIENTED_EDGE ( 'NONE', *, *, #4400, .T. ) ;
#5487 = AXIS2_PLACEMENT_3D ( 'NONE', #4576, #1134, #4433 ) ;
#5488 = DIRECTION ( 'NONE',  ( -0.7071067811865474617, 0.7071067811865474617, 0.000000000000000000 ) ) ;
#5489 = DIRECTION ( 'NONE',  ( -0.000000000000000000, 1.000000000000000000, 0.000000000000000000 ) ) ;
#5490 = CARTESIAN_POINT ( 'NONE',  ( 0.000000000000000000, 36.03617221234400603, 1.000000000000000888 ) ) ;
#5492 = CARTESIAN_POINT ( 'NONE',  ( 73.34807733323548007, 45.95871309031685570, 4.399999999999997691 ) ) ;
#5491 = DIRECTION ( 'NONE',  ( 0.7071067811865475727, -4.088782444488998688E-16, -0.7071067811865475727 ) ) ;
#5493 = LINE ( 'NONE', #2513, #682 ) ;
#5494 = CARTESIAN_POINT ( 'NONE',  ( 41.42884860408194214, 27.75317541498460372, 9.600000000000015632 ) ) ;
#5495 = VERTEX_POINT ( 'NONE', #4052 ) ;
#5496 = VECTOR ( 'NONE', #5943, 1000.000000000000000 ) ;
#5497 = FACE_OUTER_BOUND ( 'NONE', #6622, .T. ) ;
#5498 = EDGE_LOOP ( 'NONE', ( #5781, #708, #7141 ) ) ;
#5499 = DIRECTION ( 'NONE',  ( 0.000000000000000000, -1.000000000000000000, 0.000000000000000000 ) ) ;
#5500 = APPLICATION_PROTOCOL_DEFINITION ( 'draft international standard', 'automotive_design', 1998, #1284 ) ;
#5501 = VECTOR ( 'NONE', #5985, 1000.000000000000114 ) ;
#5502 = PLANE ( 'NONE',  #4219 ) ;
#5503 = CARTESIAN_POINT ( 'NONE',  ( 18.61060500309818977, 24.68592075184099954, 3.600000000000002309 ) ) ;
#5504 = VERTEX_POINT ( 'NONE', #3374 ) ;
#5505 = DIRECTION ( 'NONE',  ( 5.782411586589351722E-16, -1.000000000000000000, 0.000000000000000000 ) ) ;
#5506 = EDGE_CURVE ( 'NONE', #874, #1790, #2284, .T. ) ;
#5507 = LINE ( 'NONE', #3687, #63 ) ;
#5508 = ORIENTED_EDGE ( 'NONE', *, *, #1735, .T. ) ;
#5509 = ORIENTED_EDGE ( 'NONE', *, *, #1501, .F. ) ;
#5510 = ORIENTED_EDGE ( 'NONE', *, *, #4889, .T. ) ;
#5511 = ADVANCED_FACE ( 'NONE', ( #1715 ), #5795, .F. ) ;
#5512 = ORIENTED_EDGE ( 'NONE', *, *, #3284, .T. ) ;
#5513 = FACE_OUTER_BOUND ( 'NONE', #3386, .T. ) ;
#5514 = EDGE_CURVE ( 'NONE', #7391, #7237, #6923, .T. ) ;
#5515 = EDGE_CURVE ( 'NONE', #4652, #7386, #1600, .T. ) ;
#5516 = CARTESIAN_POINT ( 'NONE',  ( 31.29768806835867068, 44.53864424809572142, -12.04884403417933214 ) ) ;
#5517 = ORIENTED_EDGE ( 'NONE', *, *, #4256, .F. ) ;
#5518 = VECTOR ( 'NONE', #7075, 1000.000000000000000 ) ;
#5519 = EDGE_LOOP ( 'NONE', ( #5025, #4424, #3251, #351 ) ) ;
#5520 = ADVANCED_FACE ( 'NONE', ( #3517 ), #1215, .F. ) ;
#5521 = VECTOR ( 'NONE', #5235, 1000.000000000000114 ) ;
#5522 = CARTESIAN_POINT ( 'NONE',  ( 5.872353311623562888, 39.53371749057045292, 15.20050010174482580 ) ) ;
#5523 = VECTOR ( 'NONE', #4858, 1000.000000000000114 ) ;
#5524 = DIRECTION ( 'NONE',  ( -0.7071067811865492381, 0.7071067811865457964, 0.000000000000000000 ) ) ;
#5525 = VECTOR ( 'NONE', #4012, 1000.000000000000000 ) ;
#5526 = ADVANCED_FACE ( 'NONE', ( #1787 ), #2953, .T. ) ;
#5527 = VECTOR ( 'NONE', #1681, 1000.000000000000114 ) ;
#5528 = EDGE_CURVE ( 'NONE', #5090, #6230, #6395, .T. ) ;
#5529 = EDGE_CURVE ( 'NONE', #3240, #7214, #2596, .T. ) ;
#5530 = DIRECTION ( 'NONE',  ( 0.7071067811865479058, 0.7071067811865471286, 0.000000000000000000 ) ) ;
#5531 = ORIENTED_EDGE ( 'NONE', *, *, #5515, .T. ) ;
#5532 = EDGE_CURVE ( 'NONE', #6649, #2573, #896, .T. ) ;
#5533 =( GEOMETRIC_REPRESENTATION_CONTEXT ( 3 ) GLOBAL_UNCERTAINTY_ASSIGNED_CONTEXT ( ( #426 ) ) GLOBAL_UNIT_ASSIGNED_CONTEXT ( ( #2177, #5082, #1538 ) ) REPRESENTATION_CONTEXT ( 'NONE', 'WORKASPACE' ) );
#5534 = DIRECTION ( 'NONE',  ( 0.000000000000000000, -0.7071067811865475727, -0.7071067811865475727 ) ) ;
#5535 = LINE ( 'NONE', #7343, #3267 ) ;
#5536 = DIRECTION ( 'NONE',  ( 0.000000000000000000, 0.000000000000000000, 1.000000000000000000 ) ) ;
#5537 = DIRECTION ( 'NONE',  ( 1.000000000000000000, 0.000000000000000000, 0.000000000000000000 ) ) ;
#5538 = DIRECTION ( 'NONE',  ( 0.000000000000000000, 0.7071067811865475727, -0.7071067811865475727 ) ) ;
#5539 = ORIENTED_EDGE ( 'NONE', *, *, #5292, .T. ) ;
#5540 = FACE_BOUND ( 'NONE', #1772, .T. ) ;
#5541 = ORIENTED_EDGE ( 'NONE', *, *, #2940, .F. ) ;
#5542 = LINE ( 'NONE', #4242, #339 ) ;
#5543 = LINE ( 'NONE', #449, #7339 ) ;
#5544 = CARTESIAN_POINT ( 'NONE',  ( 74.25846144304107099, 11.60217437830750242, 0.2939732379499675474 ) ) ;
#5545 = LINE ( 'NONE', #3086, #906 ) ;
#5546 = ORIENTED_EDGE ( 'NONE', *, *, #1635, .T. ) ;
#5547 = DIRECTION ( 'NONE',  ( -0.7071067811865352493, 0.000000000000000000, -0.7071067811865597852 ) ) ;
#5548 = LINE ( 'NONE', #901, #5161 ) ;
#5549 = VERTEX_POINT ( 'NONE', #371 ) ;
#5550 = VERTEX_POINT ( 'NONE', #2139 ) ;
#5551 = EDGE_LOOP ( 'NONE', ( #6975, #3358, #3065, #3164 ) ) ;
#5552 = VECTOR ( 'NONE', #15, 999.9999999999998863 ) ;
#5553 = ORIENTED_EDGE ( 'NONE', *, *, #3403, .F. ) ;
#5554 = CARTESIAN_POINT ( 'NONE',  ( 73.34807733323548007, 45.95871309031685570, 4.399999999999983480 ) ) ;
#5555 = LINE ( 'NONE', #386, #694 ) ;
#5556 = ORIENTED_EDGE ( 'NONE', *, *, #441, .F. ) ;
#5557 = ORIENTED_EDGE ( 'NONE', *, *, #7419, .F. ) ;
#5558 = AXIS2_PLACEMENT_3D ( 'NONE', #361, #5491, #3869 ) ;
#5559 = PLANE ( 'NONE',  #3351 ) ;
#5560 = PLANE ( 'NONE',  #430 ) ;
#5561 = VECTOR ( 'NONE', #4697, 1000.000000000000000 ) ;
#5562 = PLANE ( 'NONE',  #3542 ) ;
#5563 = ORIENTED_EDGE ( 'NONE', *, *, #2292, .F. ) ;
#5564 = CARTESIAN_POINT ( 'NONE',  ( 11.01402484566505890, 5.000000000000023093, 1.399999999999984590 ) ) ;
#5565 = FACE_OUTER_BOUND ( 'NONE', #4017, .T. ) ;
#5566 = CARTESIAN_POINT ( 'NONE',  ( 15.40376155339789221, 23.35317541498461225, 10.00099999999999945 ) ) ;
#5567 = CARTESIAN_POINT ( 'NONE',  ( 36.27749281989817121, 24.92749043630071171, 7.066887816799992450 ) ) ;
#5568 = VECTOR ( 'NONE', #7410, 1000.000000000000000 ) ;
#5569 = DIRECTION ( 'NONE',  ( -0.000000000000000000, -0.7071067811865352493, -0.7071067811865597852 ) ) ;
#5570 = ORIENTED_EDGE ( 'NONE', *, *, #5247, .T. ) ;
#5571 = PLANE ( 'NONE',  #5403 ) ;
#5572 = VERTEX_POINT ( 'NONE', #3195 ) ;
#5573 = ORIENTED_EDGE ( 'NONE', *, *, #6949, .F. ) ;
#5574 = DIRECTION ( 'NONE',  ( -0.5773502691896257311, -0.5773502691896257311, -0.5773502691896257311 ) ) ;
#5575 = ADVANCED_FACE ( 'NONE', ( #4452 ), #730, .F. ) ;
#5576 = CARTESIAN_POINT ( 'NONE',  ( 5.874489965807184966, 50.73421759231527517, 4.000000000000000000 ) ) ;
#5577 = LINE ( 'NONE', #3157, #1582 ) ;
#5579 = PLANE ( 'NONE',  #2574 ) ;
#5578 = FACE_OUTER_BOUND ( 'NONE', #1380, .T. ) ;
#5580 = CARTESIAN_POINT ( 'NONE',  ( 12.40707000206545807, 18.48238575080826962, 9.803535001032731344 ) ) ;
#5581 = LINE ( 'NONE', #4900, #6087 ) ;
#5582 = DIRECTION ( 'NONE',  ( -0.000000000000000000, 0.7071067811865475727, 0.7071067811865475727 ) ) ;
#5583 = VERTEX_POINT ( 'NONE', #2672 ) ;
#5584 = ORIENTED_EDGE ( 'NONE', *, *, #6949, .T. ) ;
#5585 = ORIENTED_EDGE ( 'NONE', *, *, #6310, .F. ) ;
#5586 = ORIENTED_EDGE ( 'NONE', *, *, #2773, .F. ) ;
#5587 = CARTESIAN_POINT ( 'NONE',  ( 15.40376155339788866, 23.35317541498461225, 4.000000000000000000 ) ) ;
#5588 = ORIENTED_EDGE ( 'NONE', *, *, #4438, .F. ) ;
#5589 = EDGE_LOOP ( 'NONE', ( #1782, #4421, #3957, #5320 ) ) ;
#5590 = PLANE ( 'NONE',  #5774 ) ;
#5591 = CARTESIAN_POINT ( 'NONE',  ( 65.34807733323546586, 46.35871309031685428, 4.000000000000000000 ) ) ;
#5593 = DIRECTION ( 'NONE',  ( 1.577021341797097018E-15, 1.000000000000000000, 0.000000000000000000 ) ) ;
#5592 = AXIS2_PLACEMENT_3D ( 'NONE', #6800, #2908, #5666 ) ;
#5594 = ORIENTED_EDGE ( 'NONE', *, *, #6308, .T. ) ;
#5595 = VECTOR ( 'NONE', #6847, 1000.000000000000000 ) ;
#5596 = LINE ( 'NONE', #6665, #6603 ) ;
#5597 = AXIS2_PLACEMENT_3D ( 'NONE', #448, #3950, #3908 ) ;
#5598 = PLANE ( 'NONE',  #1216 ) ;
#5599 = FACE_BOUND ( 'NONE', #3118, .T. ) ;
#5600 = LINE ( 'NONE', #6020, #6651 ) ;
#5601 = CARTESIAN_POINT ( 'NONE',  ( 0.000000000000000000, 45.55871309031685712, 6.000000000000000000 ) ) ;
#5602 = VECTOR ( 'NONE', #2234, 1000.000000000000000 ) ;
#5603 = ORIENTED_EDGE ( 'NONE', *, *, #7085, .T. ) ;
#5604 = EDGE_CURVE ( 'NONE', #6356, #2770, #1500, .T. ) ;
#5605 = CARTESIAN_POINT ( 'NONE',  ( 73.55243468099104120, 12.06030566349624422, 1.000000000000000888 ) ) ;
#5606 = EDGE_LOOP ( 'NONE', ( #7456, #6752, #7380, #7396 ) ) ;
#5607 = ORIENTED_EDGE ( 'NONE', *, *, #3803, .F. ) ;
#5608 = EDGE_CURVE ( 'NONE', #2544, #1162, #4367, .T. ) ;
#5609 = DIRECTION ( 'NONE',  ( 0.000000000000000000, -1.000000000000000000, -0.000000000000000000 ) ) ;
#5610 = AXIS2_PLACEMENT_3D ( 'NONE', #6353, #2416, #1845 ) ;
#5611 = CARTESIAN_POINT ( 'NONE',  ( 58.42929857017329454, 28.18268885397088042, 14.42951343898612393 ) ) ;
#5613 = CARTESIAN_POINT ( 'NONE',  ( 32.14653210253800353, 34.88980021391638076, 3.599999999999995648 ) ) ;
#5612 = PLANE ( 'NONE',  #7299 ) ;
#5614 = VERTEX_POINT ( 'NONE', #1010 ) ;
#5615 = VECTOR ( 'NONE', #5231, 999.9999999999998863 ) ;
#5616 = VECTOR ( 'NONE', #6986, 1000.000000000000114 ) ;
#5617 = DIRECTION ( 'NONE',  ( 0.7071067811865475727, -0.7071067811865475727, 0.000000000000000000 ) ) ;
#5618 = CARTESIAN_POINT ( 'NONE',  ( 79.43725097415844516, 57.75950428468795650, 0.8625011646588820469 ) ) ;
#5619 = ORIENTED_EDGE ( 'NONE', *, *, #1184, .T. ) ;
#5621 = ORIENTED_EDGE ( 'NONE', *, *, #307, .T. ) ;
#5620 = EDGE_CURVE ( 'NONE', #6877, #1424, #7240, .T. ) ;
#5622 = ORIENTED_EDGE ( 'NONE', *, *, #894, .T. ) ;
#5623 = AXIS2_PLACEMENT_3D ( 'NONE', #3180, #3254, #1487 ) ;
#5624 = ADVANCED_FACE ( 'NONE', ( #7274 ), #5502, .T. ) ;
#5625 = VERTEX_POINT ( 'NONE', #3232 ) ;
#5626 = DIRECTION ( 'NONE',  ( 0.000000000000000000, -0.7071067811865352493, -0.7071067811865597852 ) ) ;
#5627 = ORIENTED_EDGE ( 'NONE', *, *, #2809, .F. ) ;
#5628 = EDGE_LOOP ( 'NONE', ( #3616, #3814, #4598, #5181 ) ) ;
#5629 = ADVANCED_FACE ( 'NONE', ( #4935 ), #334, .T. ) ;
#5630 = CARTESIAN_POINT ( 'NONE',  ( 47.34653210253799926, 35.28980021391637933, 4.000000000000000000 ) ) ;
#5631 = DIRECTION ( 'NONE',  ( -0.000000000000000000, 0.000000000000000000, 1.000000000000000000 ) ) ;
#5632 = CARTESIAN_POINT ( 'NONE',  ( 59.17578496594466486, 35.03617221234399182, 4.000000000000000000 ) ) ;
#5633 = VECTOR ( 'NONE', #6053, 999.9999999999998863 ) ;
#5634 = VECTOR ( 'NONE', #6654, 999.9999999999998863 ) ;
#5635 = DIRECTION ( 'NONE',  ( -0.7071067811865495711, -0.7071067811865455743, 0.000000000000000000 ) ) ;
#5636 = ORIENTED_EDGE ( 'NONE', *, *, #4339, .F. ) ;
#5637 = DIRECTION ( 'NONE',  ( -1.000000000000000000, 0.000000000000000000, 0.000000000000000000 ) ) ;
#5638 = VECTOR ( 'NONE', #5928, 1000.000000000000000 ) ;
#5639 = PLANE ( 'NONE',  #2680 ) ;
#5640 = DIRECTION ( 'NONE',  ( -0.1808569126587326326, 0.6954461794932630392, 0.6954461794932630392 ) ) ;
#5641 = EDGE_CURVE ( 'NONE', #3402, #6230, #6679, .T. ) ;
#5642 = PLANE ( 'NONE',  #1929 ) ;
#5643 = CARTESIAN_POINT ( 'NONE',  ( 5.871324698771779538, 34.33421759231527659, 4.400000000000011902 ) ) ;
#5644 = ORIENTED_EDGE ( 'NONE', *, *, #1701, .T. ) ;
#5645 = LINE ( 'NONE', #480, #7095 ) ;
#5646 = ORIENTED_EDGE ( 'NONE', *, *, #2773, .T. ) ;
#5647 = VECTOR ( 'NONE', #2138, 1000.000000000000000 ) ;
#5648 = PLANE ( 'NONE',  #5122 ) ;
#5649 = EDGE_CURVE ( 'NONE', #6593, #4788, #3797, .T. ) ;
#5650 = CARTESIAN_POINT ( 'NONE',  ( 7.238803657608039899, 8.415085090169998949, 1.000000000000000888 ) ) ;
#5651 = PLANE ( 'NONE',  #4345 ) ;
#5652 = VECTOR ( 'NONE', #132, 1000.000000000000000 ) ;
#5654 = LINE ( 'NONE', #978, #1008 ) ;
#5653 = DIRECTION ( 'NONE',  ( -0.000000000000000000, -0.000000000000000000, -1.000000000000000000 ) ) ;
#5655 = CARTESIAN_POINT ( 'NONE',  ( 71.06659548658400638, 52.95128899347356821, 4.052925214280012511 ) ) ;
#5656 = DIRECTION ( 'NONE',  ( 8.260587980841936807E-16, 1.000000000000000000, 0.000000000000000000 ) ) ;
#5657 = EDGE_CURVE ( 'NONE', #6753, #2920, #450, .T. ) ;
#5658 = EDGE_CURVE ( 'NONE', #7454, #6038, #6145, .T. ) ;
#5659 = FACE_OUTER_BOUND ( 'NONE', #4282, .T. ) ;
#5660 = ORIENTED_EDGE ( 'NONE', *, *, #4423, .T. ) ;
#5661 = ORIENTED_EDGE ( 'NONE', *, *, #5368, .T. ) ;
#5662 = ORIENTED_EDGE ( 'NONE', *, *, #3617, .T. ) ;
#5663 = CIRCLE ( 'NONE', #3725, 1.649999999999984812 ) ;
#5664 = ORIENTED_EDGE ( 'NONE', *, *, #3899, .T. ) ;
#5665 = EDGE_CURVE ( 'NONE', #6114, #6323, #3840, .T. ) ;
#5666 = DIRECTION ( 'NONE',  ( -1.000000000000000000, 0.000000000000000000, 0.000000000000000000 ) ) ;
#5667 = VERTEX_POINT ( 'NONE', #4289 ) ;
#5668 = VECTOR ( 'NONE', #2428, 1000.000000000000000 ) ;
#5669 = ORIENTED_EDGE ( 'NONE', *, *, #463, .F. ) ;
#5670 = CARTESIAN_POINT ( 'NONE',  ( 75.58226240066095158, 52.75311032234201747, 1.000000000000000888 ) ) ;
#5671 = DIRECTION ( 'NONE',  ( 0.7071067811865460184, -0.7071067811865489050, 0.000000000000000000 ) ) ;
#5672 = CARTESIAN_POINT ( 'NONE',  ( 32.25055563044953288, 34.48980021391637507, 1.000000000000000888 ) ) ;
#5673 = DIRECTION ( 'NONE',  ( -9.324293839476711010E-05, -0.9999999956528771161, 0.000000000000000000 ) ) ;
#5674 = EDGE_LOOP ( 'NONE', ( #2645, #4579, #6232, #2456 ) ) ;
#5675 = VECTOR ( 'NONE', #2352, 1000.000000000000000 ) ;
#5676 = EDGE_CURVE ( 'NONE', #1202, #5873, #4897, .T. ) ;
#5677 = LINE ( 'NONE', #2916, #3958 ) ;
#5678 = EDGE_CURVE ( 'NONE', #690, #5703, #5577, .T. ) ;
#5679 = LINE ( 'NONE', #511, #5568 ) ;
#5680 = DIRECTION ( 'NONE',  ( -0.7071067811867293162, -0.7071067811863657182, 0.000000000000000000 ) ) ;
#5681 = VECTOR ( 'NONE', #5156, 1000.000000000000000 ) ;
#5682 = CARTESIAN_POINT ( 'NONE',  ( 18.61060500309818977, 25.08592075184101233, 1.000000000000000888 ) ) ;
#5683 = DIRECTION ( 'NONE',  ( -0.6788655221874378975, -0.2799257191799850997, -0.6788101314261193453 ) ) ;
#5684 = ORIENTED_EDGE ( 'NONE', *, *, #5285, .F. ) ;
#5685 = FACE_BOUND ( 'NONE', #3177, .T. ) ;
#5686 = EDGE_LOOP ( 'NONE', ( #4830, #1739, #7325, #7219, #5644, #4994 ) ) ;
#5687 = LINE ( 'NONE', #1006, #2230 ) ;
#5688 = AXIS2_PLACEMENT_3D ( 'NONE', #3043, #820, #4895 ) ;
#5689 = DIRECTION ( 'NONE',  ( 0.6787196716083898629, 0.2805614534919668168, -0.6786935082835804378 ) ) ;
#5690 = DIRECTION ( 'NONE',  ( 1.000000000000000000, 0.000000000000000000, -0.000000000000000000 ) ) ;
#5692 = CARTESIAN_POINT ( 'NONE',  ( 67.63157658086555557, 23.75317541498462148, 4.400000000000011902 ) ) ;
#5691 = FACE_OUTER_BOUND ( 'NONE', #4138, .T. ) ;
#5693 = EDGE_LOOP ( 'NONE', ( #2760, #5920, #1476, #4382 ) ) ;
#5694 = FACE_OUTER_BOUND ( 'NONE', #7171, .T. ) ;
#5695 = EDGE_LOOP ( 'NONE', ( #1625, #2222, #1583, #2823 ) ) ;
#5696 = DIRECTION ( 'NONE',  ( -1.000000000000000000, 0.000000000000000000, 0.000000000000000000 ) ) ;
#5697 = VERTEX_POINT ( 'NONE', #1575 ) ;
#5698 = LINE ( 'NONE', #530, #4439 ) ;
#5699 = ORIENTED_EDGE ( 'NONE', *, *, #1512, .T. ) ;
#5700 = ADVANCED_FACE ( 'NONE', ( #1987 ), #6599, .T. ) ;
#5701 = VECTOR ( 'NONE', #604, 1000.000000000000000 ) ;
#5702 = EDGE_CURVE ( 'NONE', #7358, #6492, #2186, .T. ) ;
#5703 = VERTEX_POINT ( 'NONE', #1610 ) ;
#5704 = FACE_OUTER_BOUND ( 'NONE', #3831, .T. ) ;
#5705 = ORIENTED_EDGE ( 'NONE', *, *, #4712, .F. ) ;
#5706 = ADVANCED_FACE ( 'NONE', ( #2820 ), #4060, .T. ) ;
#5707 = ORIENTED_EDGE ( 'NONE', *, *, #3995, .F. ) ;
#5708 = VECTOR ( 'NONE', #3883, 1000.000000000000000 ) ;
#5709 = CARTESIAN_POINT ( 'NONE',  ( 62.89024130048304073, 35.63617221234400034, 1.400000000000012346 ) ) ;
#5710 = DIRECTION ( 'NONE',  ( 1.000000000000000000, 0.000000000000000000, -0.000000000000000000 ) ) ;
#5711 = DIRECTION ( 'NONE',  ( 0.7071067811865597852, 0.7071067811865352493, -0.000000000000000000 ) ) ;
#5712 = DIRECTION ( 'NONE',  ( 0.000000000000000000, 1.000000000000000000, -0.000000000000000000 ) ) ;
#5713 = VECTOR ( 'NONE', #634, 1000.000000000000114 ) ;
#5714 = ORIENTED_EDGE ( 'NONE', *, *, #377, .T. ) ;
#5715 = EDGE_CURVE ( 'NONE', #4336, #1918, #2294, .T. ) ;
#5716 = EDGE_CURVE ( 'NONE', #4463, #1312, #7460, .T. ) ;
#5717 = FACE_OUTER_BOUND ( 'NONE', #4375, .T. ) ;
#5718 = DIRECTION ( 'NONE',  ( 0.000000000000000000, -0.000000000000000000, -1.000000000000000000 ) ) ;
#5719 = EDGE_CURVE ( 'NONE', #4659, #753, #4592, .T. ) ;
#5720 = DIRECTION ( 'NONE',  ( 0.000000000000000000, 0.000000000000000000, 1.000000000000000000 ) ) ;
#5721 = LINE ( 'NONE', #550, #2724 ) ;
#5722 = VECTOR ( 'NONE', #5530, 1000.000000000000114 ) ;
#5723 = ORIENTED_EDGE ( 'NONE', *, *, #958, .T. ) ;
#5724 = CARTESIAN_POINT ( 'NONE',  ( 62.89024130048304073, 35.63617221234400034, 2.000000000000000000 ) ) ;
#5725 = EDGE_LOOP ( 'NONE', ( #3165, #3245, #6607, #126 ) ) ;
#5726 = DIRECTION ( 'NONE',  ( 0.000000000000000000, 0.000000000000000000, 1.000000000000000000 ) ) ;
#5727 = AXIS2_PLACEMENT_3D ( 'NONE', #4292, #3802, #3766 ) ;
#5728 = ADVANCED_FACE ( 'NONE', ( #5730 ), #3346, .T. ) ;
#5729 = DIRECTION ( 'NONE',  ( 0.000000000000000000, -1.000000000000000000, 0.000000000000000000 ) ) ;
#5730 = FACE_OUTER_BOUND ( 'NONE', #3520, .T. ) ;
#5732 = DIRECTION ( 'NONE',  ( 8.260587980841936807E-16, 1.000000000000000000, 0.000000000000000000 ) ) ;
#5731 = CARTESIAN_POINT ( 'NONE',  ( 11.47132469877177385, 34.53421759231527233, 5.599999999999988987 ) ) ;
#5733 = PLANE ( 'NONE',  #4498 ) ;
#5734 = DIRECTION ( 'NONE',  ( 0.0001230892683151790486, 0.9999999924245159821, -0.000000000000000000 ) ) ;
#5735 = VECTOR ( 'NONE', #555, 1000.000000000000000 ) ;
#5736 = EDGE_LOOP ( 'NONE', ( #1569, #5290, #31, #3003 ) ) ;
#5737 = PLANE ( 'NONE',  #2158 ) ;
#5738 = ORIENTED_EDGE ( 'NONE', *, *, #1127, .T. ) ;
#5739 = CARTESIAN_POINT ( 'NONE',  ( 67.23157658086553568, 23.35317541498460869, 6.800000000000010481 ) ) ;
#5740 = ORIENTED_EDGE ( 'NONE', *, *, #4959, .F. ) ;
#5741 = VECTOR ( 'NONE', #756, 1000.000000000000000 ) ;
#5742 = AXIS2_PLACEMENT_3D ( 'NONE', #7355, #2182, #1691 ) ;
#5743 = AXIS2_PLACEMENT_3D ( 'NONE', #2800, #4080, #2235 ) ;
#5744 = ORIENTED_EDGE ( 'NONE', *, *, #6876, .F. ) ;
#5745 = EDGE_CURVE ( 'NONE', #5572, #5473, #3492, .T. ) ;
#5746 = CARTESIAN_POINT ( 'NONE',  ( 5.000000000000530243, 33.46289289354402285, 9.600000000000015632 ) ) ;
#5747 = ADVANCED_FACE ( 'NONE', ( #2214 ), #6902, .F. ) ;
#5748 = VECTOR ( 'NONE', #6924, 1000.000000000000000 ) ;
#5749 = ORIENTED_EDGE ( 'NONE', *, *, #3360, .T. ) ;
#5750 = ADVANCED_FACE ( 'NONE', ( #3383 ), #5651, .T. ) ;
#5751 = PLANE ( 'NONE',  #4878 ) ;
#5752 = DIRECTION ( 'NONE',  ( 0.5773502691896258421, -0.5773502691896057470, -0.5773502691896458261 ) ) ;
#5753 = EDGE_CURVE ( 'NONE', #1660, #1344, #6788, .T. ) ;
#5754 = EDGE_CURVE ( 'NONE', #1857, #446, #5083, .T. ) ;
#5755 = CARTESIAN_POINT ( 'NONE',  ( 72.94807733323548860, 45.95871309031685570, 5.600000000000016520 ) ) ;
#5756 = ORIENTED_EDGE ( 'NONE', *, *, #2698, .T. ) ;
#5757 = ORIENTED_EDGE ( 'NONE', *, *, #5754, .F. ) ;
#5758 = LINE ( 'NONE', #1106, #2011 ) ;
#5759 = PLANE ( 'NONE',  #1160 ) ;
#5760 = ADVANCED_FACE ( 'NONE', ( #3954 ), #6258, .F. ) ;
#5761 = DIRECTION ( 'NONE',  ( 0.000000000000000000, 1.000000000000000000, -0.000000000000000000 ) ) ;
#5762 = EDGE_CURVE ( 'NONE', #4427, #1783, #5116, .T. ) ;
#5763 = LINE ( 'NONE', #589, #796 ) ;
#5764 = LINE ( 'NONE', #2892, #5552 ) ;
#5765 = ORIENTED_EDGE ( 'NONE', *, *, #7012, .F. ) ;
#5766 = DIRECTION ( 'NONE',  ( -0.000000000000000000, -0.000000000000000000, -1.000000000000000000 ) ) ;
#5767 = VECTOR ( 'NONE', #1970, 1000.000000000000000 ) ;
#5768 = AXIS2_PLACEMENT_3D ( 'NONE', #640, #2369, #6483 ) ;
#5769 = DIRECTION ( 'NONE',  ( -0.000000000000000000, -0.000000000000000000, -1.000000000000000000 ) ) ;
#5770 = DIRECTION ( 'NONE',  ( 0.000000000000000000, 0.000000000000000000, 1.000000000000000000 ) ) ;
#5772 = FACE_OUTER_BOUND ( 'NONE', #4825, .T. ) ;
#5771 = DIRECTION ( 'NONE',  ( -0.7071067811865471286, -9.614813431917818589E-16, 0.7071067811865479058 ) ) ;
#5773 = CARTESIAN_POINT ( 'NONE',  ( 0.6300919169291360200, -0.6302470511317115331, 4.000000000000000000 ) ) ;
#5774 = AXIS2_PLACEMENT_3D ( 'NONE', #429, #7011, #540 ) ;
#5775 = DIRECTION ( 'NONE',  ( 0.7070197385735585982, -0.7071938130861842309, 0.000000000000000000 ) ) ;
#5776 = ORIENTED_EDGE ( 'NONE', *, *, #2164, .T. ) ;
#5777 = CARTESIAN_POINT ( 'NONE',  ( 65.74807733323545733, 40.95871309031685570, 5.600000000000016520 ) ) ;
#5778 = ORIENTED_EDGE ( 'NONE', *, *, #2292, .T. ) ;
#5779 = VECTOR ( 'NONE', #6898, 1000.000000000000000 ) ;
#5780 = DIRECTION ( 'NONE',  ( -0.7071067811865475727, 0.000000000000000000, -0.7071067811865475727 ) ) ;
#5781 = ORIENTED_EDGE ( 'NONE', *, *, #3858, .F. ) ;
#5782 = VECTOR ( 'NONE', #1722, 1000.000000000000000 ) ;
#5783 = EDGE_CURVE ( 'NONE', #5468, #5436, #1723, .T. ) ;
#5784 = ORIENTED_EDGE ( 'NONE', *, *, #5460, .T. ) ;
#5785 = CARTESIAN_POINT ( 'NONE',  ( 5.000000000000903277, 54.01736618697488979, 10.00099999999999945 ) ) ;
#5786 = ORIENTED_EDGE ( 'NONE', *, *, #1445, .F. ) ;
#5787 = DIRECTION ( 'NONE',  ( 0.7070197385735585982, -0.7071938130861842309, 0.000000000000000000 ) ) ;
#5788 = LINE ( 'NONE', #3510, #71 ) ;
#5789 = CARTESIAN_POINT ( 'NONE',  ( 54.61415088855444111, 53.90613964737286068, 4.400000000000002132 ) ) ;
#5790 = ORIENTED_EDGE ( 'NONE', *, *, #6874, .T. ) ;
#5791 = ORIENTED_EDGE ( 'NONE', *, *, #6067, .T. ) ;
#5792 = ADVANCED_FACE ( 'NONE', ( #3990 ), #6296, .T. ) ;
#5793 = LINE ( 'NONE', #7026, #2270 ) ;
#5794 = CARTESIAN_POINT ( 'NONE',  ( 65.74807733323545733, 40.55871309031687844, 4.000000000000000000 ) ) ;
#5795 = PLANE ( 'NONE',  #501 ) ;
#5796 = DIRECTION ( 'NONE',  ( 0.000000000000000000, -0.000000000000000000, 1.000000000000000000 ) ) ;
#5797 = ORIENTED_EDGE ( 'NONE', *, *, #4378, .F. ) ;
#5798 = ORIENTED_EDGE ( 'NONE', *, *, #5383, .F. ) ;
#5799 = AXIS2_PLACEMENT_3D ( 'NONE', #4442, #4999, #5537 ) ;
#5800 = LINE ( 'NONE', #596, #7457 ) ;
#5801 = DIRECTION ( 'NONE',  ( 0.000000000000000000, 0.000000000000000000, 1.000000000000000000 ) ) ;
#5803 = CARTESIAN_POINT ( 'NONE',  ( 41.02884860408194356, 0.000000000000000000, 10.00000000000000000 ) ) ;
#5802 = PLANE ( 'NONE',  #2063 ) ;
#5804 = LINE ( 'NONE', #6299, #6425 ) ;
#5805 = FACE_OUTER_BOUND ( 'NONE', #3417, .T. ) ;
#5806 = ORIENTED_EDGE ( 'NONE', *, *, #953, .T. ) ;
#5807 = CARTESIAN_POINT ( 'NONE',  ( 55.24511320246803336, 59.97470916941927044, 10.00099999999999945 ) ) ;
#5808 = ORIENTED_EDGE ( 'NONE', *, *, #1741, .T. ) ;
#5809 = PLANE ( 'NONE',  #2625 ) ;
#5810 = ADVANCED_FACE ( 'NONE', ( #1156 ), #3578, .F. ) ;
#5811 = EDGE_CURVE ( 'NONE', #6877, #2347, #4626, .T. ) ;
#5812 = ORIENTED_EDGE ( 'NONE', *, *, #1007, .F. ) ;
#5813 = LINE ( 'NONE', #643, #3786 ) ;
#5814 = EDGE_LOOP ( 'NONE', ( #1905, #2429, #228, #3566 ) ) ;
#5815 = ORIENTED_EDGE ( 'NONE', *, *, #2236, .F. ) ;
#5816 = LINE ( 'NONE', #1882, #5967 ) ;
#5817 = DIRECTION ( 'NONE',  ( 0.000000000000000000, 1.000000000000000000, 0.000000000000000000 ) ) ;
#5818 = DIRECTION ( 'NONE',  ( 0.000000000000000000, 0.000000000000000000, -1.000000000000000000 ) ) ;
#5819 = ORIENTED_EDGE ( 'NONE', *, *, #4641, .T. ) ;
#5820 = ORIENTED_EDGE ( 'NONE', *, *, #5227, .F. ) ;
#5821 = LINE ( 'NONE', #1320, #4189 ) ;
#5822 = CARTESIAN_POINT ( 'NONE',  ( 6.279125501159813716, 6.279125501162963197, 1.000000000000000888 ) ) ;
#5823 = CARTESIAN_POINT ( 'NONE',  ( 73.15243468099103552, 20.03231731485910316, 9.600000000000015632 ) ) ;
#5824 = ADVANCED_FACE ( 'NONE', ( #6967 ), #1257, .F. ) ;
#5825 = CIRCLE ( 'NONE', #6322, 1.649999999999984812 ) ;
#5826 = CARTESIAN_POINT ( 'NONE',  ( 38.03180065388671949, 40.09286487643510810, 1.999999999999968914 ) ) ;
#5827 = EDGE_LOOP ( 'NONE', ( #492, #1624, #5380, #4005 ) ) ;
#5828 = VERTEX_POINT ( 'NONE', #1364 ) ;
#5829 = FACE_OUTER_BOUND ( 'NONE', #447, .T. ) ;
#5830 = DIRECTION ( 'NONE',  ( -0.7071067811865412445, 8.659560562354855205E-17, 0.7071067811865537900 ) ) ;
#5832 = CARTESIAN_POINT ( 'NONE',  ( 62.89024130048304073, 35.63617221234400034, 1.400000000000012346 ) ) ;
#5831 = LINE ( 'NONE', #1974, #5918 ) ;
#5833 = DIRECTION ( 'NONE',  ( 0.000000000000000000, 0.7071067811865475727, -0.7071067811865475727 ) ) ;
#5834 = ADVANCED_FACE ( 'NONE', ( #5226 ), #1828, .T. ) ;
#5835 = DIRECTION ( 'NONE',  ( 0.000000000000000000, -0.000000000000000000, -1.000000000000000000 ) ) ;
#5836 = ADVANCED_FACE ( 'NONE', ( #5982 ), #1935, .F. ) ;
#5837 = ORIENTED_EDGE ( 'NONE', *, *, #3436, .F. ) ;
#5838 = DIRECTION ( 'NONE',  ( -1.000000000000000000, 0.000000000000000000, 0.000000000000000000 ) ) ;
#5839 = ORIENTED_EDGE ( 'NONE', *, *, #539, .F. ) ;
#5840 = EDGE_CURVE ( 'NONE', #1424, #4948, #4124, .T. ) ;
#5841 = CARTESIAN_POINT ( 'NONE',  ( 64.94807733323548860, 41.35871309031685428, 4.000000000000000000 ) ) ;
#5842 = VECTOR ( 'NONE', #3472, 1000.000000000000114 ) ;
#5843 = AXIS2_PLACEMENT_3D ( 'NONE', #2946, #5818, #5178 ) ;
#5844 = DIRECTION ( 'NONE',  ( 0.7071067811865425767, 0.7071067811865525687, 0.000000000000000000 ) ) ;
#5845 = VECTOR ( 'NONE', #1379, 1000.000000000000000 ) ;
#5846 = EDGE_LOOP ( 'NONE', ( #1302, #1229, #1824, #706 ) ) ;
#5847 = CARTESIAN_POINT ( 'NONE',  ( 77.41692151384303600, 56.44252476504900073, 10.00099999999999945 ) ) ;
#5848 = ADVANCED_FACE ( 'NONE', ( #1222 ), #3525, .T. ) ;
#5849 = EDGE_LOOP ( 'NONE', ( #6410, #6954, #3008, #3976 ) ) ;
#5850 = VECTOR ( 'NONE', #2952, 1000.000000000000000 ) ;
#5851 = ORIENTED_EDGE ( 'NONE', *, *, #5678, .F. ) ;
#5852 = VECTOR ( 'NONE', #5771, 1000.000000000000000 ) ;
#5853 = LINE ( 'NONE', #5922, #5361 ) ;
#5854 = DIRECTION ( 'NONE',  ( -0.7071067811865597852, 0.000000000000000000, -0.7071067811865353603 ) ) ;
#5855 = AXIS2_PLACEMENT_3D ( 'NONE', #7377, #7453, #1602 ) ;
#5856 = AXIS2_PLACEMENT_3D ( 'NONE', #2683, #4866, #3891 ) ;
#5857 = DIRECTION ( 'NONE',  ( 0.7071067811867293162, 0.7071067811863657182, 0.000000000000000000 ) ) ;
#5858 = ORIENTED_EDGE ( 'NONE', *, *, #2737, .F. ) ;
#5859 = ORIENTED_EDGE ( 'NONE', *, *, #5716, .T. ) ;
#5860 = CARTESIAN_POINT ( 'NONE',  ( 5.000000000000530243, 33.46289289354402285, 10.00099999999999945 ) ) ;
#5861 = CARTESIAN_POINT ( 'NONE',  ( 0.000000000000000000, 34.88980021391638076, 1.400000000000012346 ) ) ;
#5862 = FACE_OUTER_BOUND ( 'NONE', #5241, .T. ) ;
#5863 = ORIENTED_EDGE ( 'NONE', *, *, #6206, .F. ) ;
#5864 = ORIENTED_EDGE ( 'NONE', *, *, #463, .T. ) ;
#5865 = EDGE_CURVE ( 'NONE', #5549, #6424, #3598, .T. ) ;
#5866 = CARTESIAN_POINT ( 'NONE',  ( 0.000000000000000000, 53.13706121412302252, 1.399999999999998579 ) ) ;
#5867 = CARTESIAN_POINT ( 'NONE',  ( 11.27132469877176923, 49.93421759231525670, 6.000000000000000000 ) ) ;
#5868 = DIRECTION ( 'NONE',  ( 0.7071067811867293162, 0.7071067811863657182, 0.000000000000000000 ) ) ;
#5870 = CARTESIAN_POINT ( 'NONE',  ( 75.42984732797570757, 13.77203288553173977, 1.000000000000000888 ) ) ;
#5869 = CARTESIAN_POINT ( 'NONE',  ( 41.87413504214914894, 41.87413504214892157, 4.000000000000000000 ) ) ;
#5871 = LINE ( 'NONE', #5160, #1236 ) ;
#5872 = DIRECTION ( 'NONE',  ( -3.469446951953610639E-15, -1.000000000000000000, 0.000000000000000000 ) ) ;
#5873 = VERTEX_POINT ( 'NONE', #5904 ) ;
#5874 = DIRECTION ( 'NONE',  ( 2.342423510106018633E-15, 1.000000000000000000, 0.000000000000000000 ) ) ;
#5875 = ORIENTED_EDGE ( 'NONE', *, *, #5193, .F. ) ;
#5876 = AXIS2_PLACEMENT_3D ( 'NONE', #2050, #5534, #4352 ) ;
#5877 = VECTOR ( 'NONE', #5878, 999.9999999999998863 ) ;
#5878 = DIRECTION ( 'NONE',  ( -0.5773502691896212902, -0.5773502691896212902, -0.5773502691896346128 ) ) ;
#5879 = ADVANCED_FACE ( 'NONE', ( #1863 ), #1795, .T. ) ;
#5880 = DIRECTION ( 'NONE',  ( 9.324293839476711010E-05, 0.9999999956528771161, 0.000000000000000000 ) ) ;
#5881 = CARTESIAN_POINT ( 'NONE',  ( 0.000000000000000000, 23.75317541498460727, 10.00000000000000000 ) ) ;
#5882 = VECTOR ( 'NONE', #2654, 1000.000000000000114 ) ;
#5883 = EDGE_CURVE ( 'NONE', #1098, #4224, #4696, .T. ) ;
#5884 = ORIENTED_EDGE ( 'NONE', *, *, #4725, .T. ) ;
#5885 = EDGE_CURVE ( 'NONE', #3045, #5888, #3032, .T. ) ;
#5886 = LINE ( 'NONE', #6452, #2831 ) ;
#5887 = ORIENTED_EDGE ( 'NONE', *, *, #6434, .T. ) ;
#5888 = VERTEX_POINT ( 'NONE', #5303 ) ;
#5889 = VECTOR ( 'NONE', #6018, 1000.000000000000227 ) ;
#5890 = DIRECTION ( 'NONE',  ( -0.5773502691896258421, -0.5773502691896057470, -0.5773502691896458261 ) ) ;
#5891 = CARTESIAN_POINT ( 'NONE',  ( 65.74807733323545733, 40.95871309031685570, 5.600000000000016520 ) ) ;
#5892 = CARTESIAN_POINT ( 'NONE',  ( 40.83180065388673796, 38.69286487643512373, 1.400000000000012346 ) ) ;
#5893 = ORIENTED_EDGE ( 'NONE', *, *, #26, .T. ) ;
#5894 = ORIENTED_EDGE ( 'NONE', *, *, #3350, .T. ) ;
#5895 = CARTESIAN_POINT ( 'NONE',  ( 8.254993882074053602, -8.254993882074053602, 10.00000000000000000 ) ) ;
#5896 = DIRECTION ( 'NONE',  ( -1.000000000000000000, 0.000000000000000000, 0.000000000000000000 ) ) ;
#5897 = FACE_OUTER_BOUND ( 'NONE', #6771, .T. ) ;
#5898 = ORIENTED_EDGE ( 'NONE', *, *, #2164, .F. ) ;
#5899 = ORIENTED_EDGE ( 'NONE', *, *, #2717, .F. ) ;
#5900 = AXIS2_PLACEMENT_3D ( 'NONE', #6362, #6926, #553 ) ;
#5901 = EDGE_CURVE ( 'NONE', #1533, #3996, #5373, .T. ) ;
#5902 = DIRECTION ( 'NONE',  ( 0.7071067811867293162, 0.7071067811863657182, 0.000000000000000000 ) ) ;
#5903 = FACE_OUTER_BOUND ( 'NONE', #5201, .T. ) ;
#5904 = CARTESIAN_POINT ( 'NONE',  ( 55.82884860408193362, 24.51886083993385057, 10.00000000000000000 ) ) ;
#5906 = DIRECTION ( 'NONE',  ( 0.9999999924245159821, -0.0001230892683152483562, 0.000000000000000000 ) ) ;
#5905 = CARTESIAN_POINT ( 'NONE',  ( 77.98218423212703954, 5.000000000000023093, 1.400000000000012346 ) ) ;
#5907 = DIRECTION ( 'NONE',  ( 0.7071067811865475727, 0.7071067811865475727, -0.000000000000000000 ) ) ;
#5908 = CARTESIAN_POINT ( 'NONE',  ( 40.43180065388672517, 39.09286487643513652, 1.000000000000000888 ) ) ;
#5909 = EDGE_LOOP ( 'NONE', ( #4070, #5898, #2080, #6176 ) ) ;
#5910 = CARTESIAN_POINT ( 'NONE',  ( 73.71952070086389597, -1.726823384434508983E-13, 14.99835655691897074 ) ) ;
#5911 = ORIENTED_EDGE ( 'NONE', *, *, #2464, .F. ) ;
#5912 = DIRECTION ( 'NONE',  ( -0.7071067811865475727, -0.7071067811865475727, 0.000000000000000000 ) ) ;
#5913 = VECTOR ( 'NONE', #2055, 1000.000000000000114 ) ;
#5914 = LINE ( 'NONE', #4175, #4835 ) ;
#5915 = CARTESIAN_POINT ( 'NONE',  ( 59.77578496594467339, 35.63617221234400034, 2.000000000000000000 ) ) ;
#5916 = VERTEX_POINT ( 'NONE', #4770 ) ;
#5917 = DIRECTION ( 'NONE',  ( -1.000000000000000000, 0.000000000000000000, 0.000000000000000000 ) ) ;
#5918 = VECTOR ( 'NONE', #3033, 1000.000000000000000 ) ;
#5919 = VERTEX_POINT ( 'NONE', #5337 ) ;
#5920 = ORIENTED_EDGE ( 'NONE', *, *, #2741, .F. ) ;
#5921 = EDGE_CURVE ( 'NONE', #1571, #4616, #133, .T. ) ;
#5922 = CARTESIAN_POINT ( 'NONE',  ( 12.55661745030439924, -12.55661745031085630, 1.000000000000000888 ) ) ;
#5923 = PLANE ( 'NONE',  #6347 ) ;
#5924 = ADVANCED_FACE ( 'NONE', ( #4202 ), #56, .T. ) ;
#5925 = PLANE ( 'NONE',  #6366 ) ;
#5926 = EDGE_LOOP ( 'NONE', ( #4777, #177, #6565, #6344, #5508 ) ) ;
#5927 = VERTEX_POINT ( 'NONE', #809 ) ;
#5928 = DIRECTION ( 'NONE',  ( -1.000000000000000000, 3.469446951953610639E-15, 0.000000000000000000 ) ) ;
#5929 = AXIS2_PLACEMENT_3D ( 'NONE', #1228, #28, #1303 ) ;
#5930 = CARTESIAN_POINT ( 'NONE',  ( 60.17578496594467907, 0.000000000000000000, 1.000000000000000888 ) ) ;
#5931 = ADVANCED_FACE ( 'NONE', ( #770 ), #1405, .F. ) ;
#5932 = DIRECTION ( 'NONE',  ( -1.000000000000000000, 0.000000000000000000, 0.000000000000000000 ) ) ;
#5933 = EDGE_LOOP ( 'NONE', ( #6153, #4645, #4567, #5684 ) ) ;
#5934 = EDGE_CURVE ( 'NONE', #3378, #2879, #4094, .T. ) ;
#5935 = ORIENTED_EDGE ( 'NONE', *, *, #1139, .T. ) ;
#5936 = DIRECTION ( 'NONE',  ( -0.7071067811865475727, -4.088782444488993757E-16, 0.7071067811865475727 ) ) ;
#5937 = EDGE_CURVE ( 'NONE', #2725, #1918, #5264, .T. ) ;
#5938 = DIRECTION ( 'NONE',  ( 0.000000000000000000, -1.000000000000000000, 0.000000000000000000 ) ) ;
#5939 = DIRECTION ( 'NONE',  ( -0.7071067811863814834, -0.7071067811867136621, 0.000000000000000000 ) ) ;
#5941 = LINE ( 'NONE', #772, #1020 ) ;
#5940 = LINE ( 'NONE', #208, #6894 ) ;
#5942 = LINE ( 'NONE', #1412, #1276 ) ;
#5943 = DIRECTION ( 'NONE',  ( 0.000000000000000000, 0.000000000000000000, -1.000000000000000000 ) ) ;
#5944 = VERTEX_POINT ( 'NONE', #3107 ) ;
#5945 = FACE_OUTER_BOUND ( 'NONE', #1813, .T. ) ;
#5946 = ORIENTED_EDGE ( 'NONE', *, *, #2761, .F. ) ;
#5947 = CARTESIAN_POINT ( 'NONE',  ( 72.94807733323547438, 40.95871309031685570, 4.399999999999997691 ) ) ;
#5948 = ADVANCED_FACE ( 'NONE', ( #3558 ), #1932, .F. ) ;
#5949 = CARTESIAN_POINT ( 'NONE',  ( 4.999999999999898748, -9.436988729189216106E-14, 4.000000000000000000 ) ) ;
#5950 = CARTESIAN_POINT ( 'NONE',  ( 36.20824940358892263, -36.20824940358889421, 10.00000000000000000 ) ) ;
#5951 = EDGE_LOOP ( 'NONE', ( #2462, #6374, #343, #6634 ) ) ;
#5952 = DIRECTION ( 'NONE',  ( 0.9999999924245159821, -0.0001230892683151790486, 0.000000000000000000 ) ) ;
#5953 = LINE ( 'NONE', #786, #6013 ) ;
#5954 = VERTEX_POINT ( 'NONE', #6017 ) ;
#5955 = CIRCLE ( 'NONE', #6925, 1.649999999999971045 ) ;
#5956 = ORIENTED_EDGE ( 'NONE', *, *, #1721, .T. ) ;
#5957 = ORIENTED_EDGE ( 'NONE', *, *, #6987, .F. ) ;
#5958 = EDGE_CURVE ( 'NONE', #1453, #7389, #6508, .T. ) ;
#5959 = ORIENTED_EDGE ( 'NONE', *, *, #4462, .F. ) ;
#5960 = CARTESIAN_POINT ( 'NONE',  ( 46.94653210253800779, 34.88980021391638076, 1.400000000000005462 ) ) ;
#5961 = DIRECTION ( 'NONE',  ( 0.5773502691896258421, 0.5773502691896057470, -0.5773502691896458261 ) ) ;
#5962 = VECTOR ( 'NONE', #960, 1000.000000000000000 ) ;
#5963 = EDGE_CURVE ( 'NONE', #3647, #526, #5335, .T. ) ;
#5964 = DIRECTION ( 'NONE',  ( -1.000000000000000000, 0.000000000000000000, 0.000000000000000000 ) ) ;
#5965 = VERTEX_POINT ( 'NONE', #5262 ) ;
#5966 = ORIENTED_EDGE ( 'NONE', *, *, #7393, .T. ) ;
#5967 = VECTOR ( 'NONE', #2943, 1000.000000000000000 ) ;
#5968 = ADVANCED_FACE ( 'NONE', ( #93 ), #7073, .F. ) ;
#5969 = CARTESIAN_POINT ( 'NONE',  ( 5.282842712475584790, 57.69930087957147435, 10.00000000000000000 ) ) ;
#5970 = ADVANCED_FACE ( 'NONE', ( #1896 ), #1861, .F. ) ;
#5971 = LINE ( 'NONE', #1356, #2594 ) ;
#5972 = AXIS2_PLACEMENT_3D ( 'NONE', #1110, #3414, #4550 ) ;
#5973 = VECTOR ( 'NONE', #4907, 1000.000000000000000 ) ;
#5974 = EDGE_CURVE ( 'NONE', #4848, #2035, #4910, .T. ) ;
#5975 = CARTESIAN_POINT ( 'NONE',  ( 55.42884860408193504, 23.35317541498460159, 9.600000000000015632 ) ) ;
#5976 = ORIENTED_EDGE ( 'NONE', *, *, #4504, .F. ) ;
#5977 = VECTOR ( 'NONE', #283, 1000.000000000000000 ) ;
#5978 = CARTESIAN_POINT ( 'NONE',  ( 12.07195935263215958, 6.980503763349589235E-15, 1.399999999999998579 ) ) ;
#5979 = ADVANCED_FACE ( 'NONE', ( #2395 ), #1255, .F. ) ;
#5980 = EDGE_CURVE ( 'NONE', #5470, #1667, #3068, .T. ) ;
#5981 = CARTESIAN_POINT ( 'NONE',  ( 67.63157658086555557, 23.75317541498462148, 6.399999999999999467 ) ) ;
#5982 = FACE_OUTER_BOUND ( 'NONE', #2224, .T. ) ;
#5984 = CARTESIAN_POINT ( 'NONE',  ( 75.42984732797570757, 28.53771831048097596, 1.000000000000000888 ) ) ;
#5983 = DIRECTION ( 'NONE',  ( 1.000000000000000000, 0.000000000000000000, 0.000000000000000000 ) ) ;
#5985 = DIRECTION ( 'NONE',  ( -0.5773502691896228445, 0.5773502691896260641, -0.5773502691896281735 ) ) ;
#5986 = DIRECTION ( 'NONE',  ( 0.7071067811865464625, 0.7071067811865486830, 0.000000000000000000 ) ) ;
#5987 = ORIENTED_EDGE ( 'NONE', *, *, #6504, .F. ) ;
#5988 = PLANE ( 'NONE',  #6052 ) ;
#5989 = VERTEX_POINT ( 'NONE', #4841 ) ;
#5990 = LINE ( 'NONE', #2025, #6813 ) ;
#5991 = CARTESIAN_POINT ( 'NONE',  ( 7.238803657608025688, 56.44252476504900073, 1.000000000000000888 ) ) ;
#5992 = LINE ( 'NONE', #821, #2639 ) ;
#5993 = CARTESIAN_POINT ( 'NONE',  ( 74.91692151384303600, 56.44252476504900073, 10.00099999999999945 ) ) ;
#5994 = ORIENTED_EDGE ( 'NONE', *, *, #1689, .F. ) ;
#5995 = VECTOR ( 'NONE', #322, 1000.000000000000000 ) ;
#5996 = CARTESIAN_POINT ( 'NONE',  ( 5.000000000000030198, 6.992565577373023977, 9.600000000000015632 ) ) ;
#5997 = CARTESIAN_POINT ( 'NONE',  ( 8.888803657608024267, 8.415085090169998949, 1.399999999999989697 ) ) ;
#5998 = EDGE_LOOP ( 'NONE', ( #2036, #4104, #4303, #689 ) ) ;
#5999 = VERTEX_POINT ( 'NONE', #1825 ) ;
#6000 = ORIENTED_EDGE ( 'NONE', *, *, #1174, .T. ) ;
#6001 = AXIS2_PLACEMENT_3D ( 'NONE', #10, #4617, #3483 ) ;
#6002 = EDGE_CURVE ( 'NONE', #839, #6431, #4122, .T. ) ;
#6003 = ORIENTED_EDGE ( 'NONE', *, *, #4315, .T. ) ;
#6004 = DIRECTION ( 'NONE',  ( -0.000000000000000000, 0.7071067811865597852, -0.7071067811865352493 ) ) ;
#6005 = CARTESIAN_POINT ( 'NONE',  ( 40.43180065388672517, 43.29286487643511094, 1.000000000000000888 ) ) ;
#6006 = VECTOR ( 'NONE', #4316, 1000.000000000000000 ) ;
#6007 = DIRECTION ( 'NONE',  ( -0.7071067811865597852, 0.000000000000000000, -0.7071067811865351382 ) ) ;
#6008 = VERTEX_POINT ( 'NONE', #1404 ) ;
#6009 = ORIENTED_EDGE ( 'NONE', *, *, #5811, .F. ) ;
#6010 = FACE_OUTER_BOUND ( 'NONE', #5271, .T. ) ;
#6011 = VECTOR ( 'NONE', #5729, 1000.000000000000000 ) ;
#6012 = LINE ( 'NONE', #1967, #5962 ) ;
#6013 = VECTOR ( 'NONE', #5390, 1000.000000000000114 ) ;
#6014 = CARTESIAN_POINT ( 'NONE',  ( 11.27132469877176568, 34.73421759231528227, 6.000000000000000000 ) ) ;
#6015 = EDGE_CURVE ( 'NONE', #4948, #6819, #2994, .T. ) ;
#6016 = ORIENTED_EDGE ( 'NONE', *, *, #2702, .T. ) ;
#6017 = CARTESIAN_POINT ( 'NONE',  ( 74.91692151384303600, 56.44252476504900073, 1.400000000000005462 ) ) ;
#6018 = DIRECTION ( 'NONE',  ( -9.324293839476711010E-05, -0.9999999956528771161, 0.000000000000000000 ) ) ;
#6019 = CARTESIAN_POINT ( 'NONE',  ( 53.48264078761654616, 52.77490806565516834, 4.400000000000011902 ) ) ;
#6021 = CARTESIAN_POINT ( 'NONE',  ( 78.44483418912668071, 14.73071650603159632, 19.33071650603124780 ) ) ;
#6020 = CARTESIAN_POINT ( 'NONE',  ( 5.871324698771779538, 34.33421759231527659, 6.000000000000000000 ) ) ;
#6022 = DIRECTION ( 'NONE',  ( 1.000000000000000000, 0.000000000000000000, 0.000000000000000000 ) ) ;
#6023 = FACE_OUTER_BOUND ( 'NONE', #7084, .T. ) ;
#6024 = ORIENTED_EDGE ( 'NONE', *, *, #4959, .T. ) ;
#6025 = ADVANCED_FACE ( 'NONE', ( #129 ), #5412, .F. ) ;
#6026 = DIRECTION ( 'NONE',  ( 0.000000000000000000, 0.000000000000000000, 1.000000000000000000 ) ) ;
#6027 = ORIENTED_EDGE ( 'NONE', *, *, #2195, .T. ) ;
#6028 = LINE ( 'NONE', #6555, #1143 ) ;
#6029 = CARTESIAN_POINT ( 'NONE',  ( 73.15243468099103552, 12.06030566349624422, 1.400000000000012346 ) ) ;
#6030 = DIRECTION ( 'NONE',  ( -0.000000000000000000, -0.000000000000000000, -1.000000000000000000 ) ) ;
#6031 = CARTESIAN_POINT ( 'NONE',  ( 11.30691806564784763, 11.30691806564793289, 1.399999999999984590 ) ) ;
#6032 = DIRECTION ( 'NONE',  ( 0.000000000000000000, 0.000000000000000000, 1.000000000000000000 ) ) ;
#6033 = ORIENTED_EDGE ( 'NONE', *, *, #4646, .T. ) ;
#6034 = FACE_OUTER_BOUND ( 'NONE', #1188, .T. ) ;
#6035 = DIRECTION ( 'NONE',  ( -0.000000000000000000, 0.000000000000000000, -1.000000000000000000 ) ) ;
#6036 = VERTEX_POINT ( 'NONE', #768 ) ;
#6038 = VERTEX_POINT ( 'NONE', #2507 ) ;
#6037 = EDGE_CURVE ( 'NONE', #6837, #6364, #5371, .T. ) ;
#6039 = ORIENTED_EDGE ( 'NONE', *, *, #4117, .T. ) ;
#6040 = EDGE_CURVE ( 'NONE', #3603, #5550, #4161, .T. ) ;
#6041 = VECTOR ( 'NONE', #1678, 999.9999999999998863 ) ;
#6042 = ORIENTED_EDGE ( 'NONE', *, *, #920, .T. ) ;
#6043 = CARTESIAN_POINT ( 'NONE',  ( 15.40376155339789221, 23.35317541498461225, 9.600000000000015632 ) ) ;
#6044 = DIRECTION ( 'NONE',  ( -0.000000000000000000, -0.000000000000000000, -1.000000000000000000 ) ) ;
#6045 = ORIENTED_EDGE ( 'NONE', *, *, #5173, .T. ) ;
#6046 = EDGE_LOOP ( 'NONE', ( #2608, #4530, #1, #4983 ) ) ;
#6047 = DIRECTION ( 'NONE',  ( 0.000000000000000000, -1.000000000000000000, -0.000000000000000000 ) ) ;
#6048 = LINE ( 'NONE', #3101, #4398 ) ;
#6049 = APPLICATION_CONTEXT ( 'automotive_design' ) ;
#6050 = DIRECTION ( 'NONE',  ( -1.000000000000000000, 0.000000000000000000, -0.000000000000000000 ) ) ;
#6051 = VERTEX_POINT ( 'NONE', #1294 ) ;
#6052 = AXIS2_PLACEMENT_3D ( 'NONE', #1495, #4890, #4849 ) ;
#6053 = DIRECTION ( 'NONE',  ( -0.2810395741260597324, 0.6786076767083626393, 0.6786076767083626393 ) ) ;
#6054 = PLANE ( 'NONE',  #3362 ) ;
#6055 = DIRECTION ( 'NONE',  ( 0.000000000000000000, 0.000000000000000000, -1.000000000000000000 ) ) ;
#6056 = EDGE_CURVE ( 'NONE', #3378, #5549, #7112, .T. ) ;
#6058 = FACE_OUTER_BOUND ( 'NONE', #4949, .T. ) ;
#6057 = CARTESIAN_POINT ( 'NONE',  ( -1.546252175171226373, 1.972731235334034050, 4.000000000000000000 ) ) ;
#6059 = LINE ( 'NONE', #1902, #5255 ) ;
#6060 = FACE_OUTER_BOUND ( 'NONE', #5606, .T. ) ;
#6061 = ORIENTED_EDGE ( 'NONE', *, *, #3708, .T. ) ;
#6062 = ADVANCED_FACE ( 'NONE', ( #1361 ), #4391, .F. ) ;
#6063 = CARTESIAN_POINT ( 'NONE',  ( 6.992565577373027530, 59.97470916941908570, 9.600000000000020961 ) ) ;
#6064 = VERTEX_POINT ( 'NONE', #4996 ) ;
#6065 = DIRECTION ( 'NONE',  ( -0.7061519002946796686, 0.7080603743397965166, 0.000000000000000000 ) ) ;
#6066 = VECTOR ( 'NONE', #1764, 1000.000000000000114 ) ;
#6067 = EDGE_CURVE ( 'NONE', #4107, #1924, #2167, .T. ) ;
#6068 = CARTESIAN_POINT ( 'NONE',  ( 22.28925569030600329, 54.27087227357620947, 14.68278403747852501 ) ) ;
#6069 = DIRECTION ( 'NONE',  ( 0.7071067811865479058, 0.7071067811865471286, 0.000000000000000000 ) ) ;
#6070 = EDGE_CURVE ( 'NONE', #5020, #1849, #7333, .T. ) ;
#6071 = PLANE ( 'NONE',  #3919 ) ;
#6072 = ORIENTED_EDGE ( 'NONE', *, *, #399, .F. ) ;
#6073 = DIRECTION ( 'NONE',  ( 8.260587980841936807E-16, 1.000000000000000000, 0.000000000000000000 ) ) ;
#6074 = ADVANCED_FACE ( 'NONE', ( #923 ), #2623, .F. ) ;
#6075 = CARTESIAN_POINT ( 'NONE',  ( 67.63157658086555557, 31.35317541498459804, 6.399999999999999467 ) ) ;
#6076 = ORIENTED_EDGE ( 'NONE', *, *, #3167, .F. ) ;
#6077 = VECTOR ( 'NONE', #6790, 1000.000000000000000 ) ;
#6078 = ORIENTED_EDGE ( 'NONE', *, *, #6315, .F. ) ;
#6079 = ORIENTED_EDGE ( 'NONE', *, *, #4309, .F. ) ;
#6080 = EDGE_CURVE ( 'NONE', #874, #4092, #4473, .T. ) ;
#6081 = VERTEX_POINT ( 'NONE', #2734 ) ;
#6082 = DIRECTION ( 'NONE',  ( -0.000000000000000000, -0.000000000000000000, -1.000000000000000000 ) ) ;
#6083 = EDGE_CURVE ( 'NONE', #6611, #1067, #6779, .T. ) ;
#6084 = CARTESIAN_POINT ( 'NONE',  ( 73.15243468099103552, 6.261804759730023484, 1.400000000000012346 ) ) ;
#6085 = VERTEX_POINT ( 'NONE', #882 ) ;
#6086 = ORIENTED_EDGE ( 'NONE', *, *, #4914, .F. ) ;
#6087 = VECTOR ( 'NONE', #7206, 1000.000000000000114 ) ;
#6088 = DIRECTION ( 'NONE',  ( -1.000000000000000000, 0.000000000000000000, 0.000000000000000000 ) ) ;
#6089 = CARTESIAN_POINT ( 'NONE',  ( 39.98996243283495744, 39.98996243283515639, 10.00000000000000000 ) ) ;
#6090 = AXIS2_PLACEMENT_3D ( 'NONE', #3759, #7157, #3720 ) ;
#6091 = DIRECTION ( 'NONE',  ( 1.000000000000000000, 0.000000000000000000, -0.000000000000000000 ) ) ;
#6092 = ORIENTED_EDGE ( 'NONE', *, *, #1639, .T. ) ;
#6093 = VECTOR ( 'NONE', #4656, 1000.000000000000000 ) ;
#6094 = VECTOR ( 'NONE', #5120, 1000.000000000000000 ) ;
#6095 = DIRECTION ( 'NONE',  ( -0.000000000000000000, 1.000000000000000000, 0.000000000000000000 ) ) ;
#6096 = VECTOR ( 'NONE', #7231, 1000.000000000000000 ) ;
#6097 = DIRECTION ( 'NONE',  ( 0.000000000000000000, 1.000000000000000000, 0.000000000000000000 ) ) ;
#6098 = CARTESIAN_POINT ( 'NONE',  ( 8.888803657608024267, 8.415085090169998949, 9.600000000000022737 ) ) ;
#6100 = DIRECTION ( 'NONE',  ( 0.7071067811865453523, -0.7071067811865497932, 0.000000000000000000 ) ) ;
#6099 = LINE ( 'NONE', #4396, #3392 ) ;
#6101 = LINE ( 'NONE', #5494, #3198 ) ;
#6102 = ORIENTED_EDGE ( 'NONE', *, *, #2856, .F. ) ;
#6103 = VECTOR ( 'NONE', #1409, 1000.000000000000000 ) ;
#6104 = DIRECTION ( 'NONE',  ( 1.000000000000000000, 0.000000000000000000, 0.000000000000000000 ) ) ;
#6105 = ORIENTED_EDGE ( 'NONE', *, *, #6204, .F. ) ;
#6106 = FACE_OUTER_BOUND ( 'NONE', #4379, .T. ) ;
#6107 = EDGE_CURVE ( 'NONE', #6872, #6973, #1528, .T. ) ;
#6108 = CARTESIAN_POINT ( 'NONE',  ( 55.42884860408194214, 26.75317541498458951, 4.000000000000000000 ) ) ;
#6109 = DIRECTION ( 'NONE',  ( 1.000000000000000000, 0.000000000000000000, 0.000000000000000000 ) ) ;
#6110 = LINE ( 'NONE', #6719, #1254 ) ;
#6111 = LINE ( 'NONE', #979, #2426 ) ;
#6112 = LINE ( 'NONE', #299, #7163 ) ;
#6113 = DIRECTION ( 'NONE',  ( -0.000000000000000000, -0.000000000000000000, -1.000000000000000000 ) ) ;
#6114 = VERTEX_POINT ( 'NONE', #4960 ) ;
#6115 = VERTEX_POINT ( 'NONE', #6134 ) ;
#6116 = EDGE_CURVE ( 'NONE', #4710, #6252, #7261, .T. ) ;
#6117 = ORIENTED_EDGE ( 'NONE', *, *, #2418, .T. ) ;
#6118 = EDGE_CURVE ( 'NONE', #6376, #3276, #4436, .T. ) ;
#6119 = ORIENTED_EDGE ( 'NONE', *, *, #7268, .T. ) ;
#6120 = PLANE ( 'NONE',  #4761 ) ;
#6121 = ORIENTED_EDGE ( 'NONE', *, *, #2947, .F. ) ;
#6122 = DIRECTION ( 'NONE',  ( 0.000000000000000000, -1.000000000000000000, 0.000000000000000000 ) ) ;
#6123 = EDGE_LOOP ( 'NONE', ( #2615, #6215, #1029, #2858 ) ) ;
#6124 = AXIS2_PLACEMENT_3D ( 'NONE', #2360, #2468, #701 ) ;
#6125 = VERTEX_POINT ( 'NONE', #281 ) ;
#6126 = AXIS2_PLACEMENT_3D ( 'NONE', #4932, #4284, #6596 ) ;
#6127 = DIRECTION ( 'NONE',  ( 0.000000000000000000, 0.7071067811865597852, -0.7071067811865352493 ) ) ;
#6128 = DIRECTION ( 'NONE',  ( 0.000000000000000000, -0.000000000000000000, 1.000000000000000000 ) ) ;
#6129 = VECTOR ( 'NONE', #4086, 1000.000000000000000 ) ;
#6130 = VECTOR ( 'NONE', #6214, 1000.000000000000000 ) ;
#6131 = CARTESIAN_POINT ( 'NONE',  ( 21.59849847639610587, 54.72364393142547812, 14.85106523799343847 ) ) ;
#6132 = ORIENTED_EDGE ( 'NONE', *, *, #142, .F. ) ;
#6133 = AXIS2_PLACEMENT_3D ( 'NONE', #631, #5195, #558 ) ;
#6134 = CARTESIAN_POINT ( 'NONE',  ( 79.97474980950003953, 10.50829548434902350, 9.600000000000015632 ) ) ;
#6135 = DIRECTION ( 'NONE',  ( 0.000000000000000000, 0.000000000000000000, -1.000000000000000000 ) ) ;
#6136 = DIRECTION ( 'NONE',  ( -0.7071067811865361374, -8.904527081674092698E-17, -0.7071067811865588970 ) ) ;
#6137 = DIRECTION ( 'NONE',  ( -0.000000000000000000, -0.000000000000000000, -1.000000000000000000 ) ) ;
#6138 = DIRECTION ( 'NONE',  ( 1.259290296542222077E-16, -1.000000000000000000, 0.000000000000000000 ) ) ;
#6139 = VERTEX_POINT ( 'NONE', #6205 ) ;
#6140 = CARTESIAN_POINT ( 'NONE',  ( 12.07132469877179126, 49.93421759231525670, 4.000000000000000000 ) ) ;
#6141 = ORIENTED_EDGE ( 'NONE', *, *, #3265, .F. ) ;
#6142 = ORIENTED_EDGE ( 'NONE', *, *, #2491, .T. ) ;
#6143 = LINE ( 'NONE', #974, #53 ) ;
#6144 = PLANE ( 'NONE',  #4570 ) ;
#6145 = LINE ( 'NONE', #5544, #4823 ) ;
#6147 = PLANE ( 'NONE',  #3289 ) ;
#6146 = CARTESIAN_POINT ( 'NONE',  ( 41.43180065388673938, 38.09286487643512231, 4.000000000000000000 ) ) ;
#6148 = EDGE_LOOP ( 'NONE', ( #5573, #272, #4553, #5433 ) ) ;
#6149 = LINE ( 'NONE', #2031, #910 ) ;
#6150 = DIRECTION ( 'NONE',  ( -0.7071067811865475727, -0.000000000000000000, -0.7071067811865475727 ) ) ;
#6151 = ORIENTED_EDGE ( 'NONE', *, *, #3257, .F. ) ;
#6152 = VERTEX_POINT ( 'NONE', #2087 ) ;
#6153 = ORIENTED_EDGE ( 'NONE', *, *, #3504, .T. ) ;
#6154 = VERTEX_POINT ( 'NONE', #1444 ) ;
#6155 = CARTESIAN_POINT ( 'NONE',  ( 79.97474980949952794, 57.98214359204602175, 1.399999999999998579 ) ) ;
#6156 = EDGE_LOOP ( 'NONE', ( #4260, #6526, #4085, #1469 ) ) ;
#6157 = ORIENTED_EDGE ( 'NONE', *, *, #4596, .F. ) ;
#6158 = VECTOR ( 'NONE', #6588, 1000.000000000000000 ) ;
#6159 = PLANE ( 'NONE',  #5033 ) ;
#6160 = ADVANCED_FACE ( 'NONE', ( #2581 ), #3178, .F. ) ;
#6161 = LINE ( 'NONE', #994, #4151 ) ;
#6162 = EDGE_CURVE ( 'NONE', #6920, #6611, #1485, .T. ) ;
#6163 = VECTOR ( 'NONE', #3074, 1000.000000000000000 ) ;
#6164 = DIRECTION ( 'NONE',  ( 0.4999999999999883427, 0.4999999999999856781, 0.7071067811865660024 ) ) ;
#6165 = ORIENTED_EDGE ( 'NONE', *, *, #5057, .F. ) ;
#6166 = VECTOR ( 'NONE', #3372, 1000.000000000000000 ) ;
#6167 = DIRECTION ( 'NONE',  ( -0.6785983445458563246, 0.2810846377148323305, 0.6785983445458327878 ) ) ;
#6168 = CARTESIAN_POINT ( 'NONE',  ( 55.24511320246803336, 59.57470916941927186, 10.00000000000000000 ) ) ;
#6169 = CARTESIAN_POINT ( 'NONE',  ( 11.27132469877176568, 34.33421759231526948, 4.000000000000000000 ) ) ;
#6170 = LINE ( 'NONE', #402, #131 ) ;
#6171 = ADVANCED_FACE ( 'NONE', ( #4920 ), #7227, .T. ) ;
#6172 = EDGE_CURVE ( 'NONE', #2347, #6593, #7301, .T. ) ;
#6173 = CARTESIAN_POINT ( 'NONE',  ( 79.57474980950739507, 1.078464085573844520E-11, 10.00000000000000000 ) ) ;
#6174 = VERTEX_POINT ( 'NONE', #3783 ) ;
#6175 = DIRECTION ( 'NONE',  ( 1.000000000000000000, 0.000000000000000000, 0.000000000000000000 ) ) ;
#6176 = ORIENTED_EDGE ( 'NONE', *, *, #1154, .F. ) ;
#6177 = VERTEX_POINT ( 'NONE', #1564 ) ;
#6178 = FACE_OUTER_BOUND ( 'NONE', #4370, .T. ) ;
#6179 = EDGE_CURVE ( 'NONE', #4931, #6837, #3293, .T. ) ;
#6180 = CARTESIAN_POINT ( 'NONE',  ( 32.14653210253800353, 34.88980021391638076, 1.400000000000001910 ) ) ;
#6181 = CARTESIAN_POINT ( 'NONE',  ( 23.77356091487909495, 59.97470916941908570, 9.600000000000015632 ) ) ;
#6183 = PLANE ( 'NONE',  #5346 ) ;
#6182 = CARTESIAN_POINT ( 'NONE',  ( 58.63157658086556978, 32.15317541498462361, 4.000000000000000000 ) ) ;
#6184 = FACE_OUTER_BOUND ( 'NONE', #4351, .T. ) ;
#6185 = DIRECTION ( 'NONE',  ( 0.5773502691896391648, 0.5773502691896191807, -0.5773502691896191807 ) ) ;
#6186 = DIRECTION ( 'NONE',  ( 0.000000000000000000, 0.000000000000000000, 1.000000000000000000 ) ) ;
#6187 = EDGE_CURVE ( 'NONE', #3426, #6927, #5596, .T. ) ;
#6188 = EDGE_LOOP ( 'NONE', ( #4294, #298, #5387, #3587 ) ) ;
#6189 = EDGE_LOOP ( 'NONE', ( #1792, #6363, #5190, #6275 ) ) ;
#6190 = ORIENTED_EDGE ( 'NONE', *, *, #77, .T. ) ;
#6191 = ORIENTED_EDGE ( 'NONE', *, *, #5368, .F. ) ;
#6192 = AXIS2_PLACEMENT_3D ( 'NONE', #4245, #2029, #4290 ) ;
#6193 = CARTESIAN_POINT ( 'NONE',  ( 41.42884860408194214, 27.75317541498460372, 9.600000000000015632 ) ) ;
#6194 = ORIENTED_EDGE ( 'NONE', *, *, #5472, .F. ) ;
#6195 = ORIENTED_EDGE ( 'NONE', *, *, #2231, .F. ) ;
#6196 = ADVANCED_FACE ( 'NONE', ( #436 ), #3450, .T. ) ;
#6197 = DIRECTION ( 'NONE',  ( -1.000000000000000000, 0.000000000000000000, 0.000000000000000000 ) ) ;
#6198 = EDGE_CURVE ( 'NONE', #4492, #828, #6921, .T. ) ;
#6199 = CARTESIAN_POINT ( 'NONE',  ( 25.90321151845558489, 25.71548169325896183, -3.570439058582023595 ) ) ;
#6201 = CARTESIAN_POINT ( 'NONE',  ( -3.974706930793404869, 3.974706930793427517, 4.000000000000000000 ) ) ;
#6200 = AXIS2_PLACEMENT_3D ( 'NONE', #4416, #3686, #4938 ) ;
#6202 = ORIENTED_EDGE ( 'NONE', *, *, #5762, .F. ) ;
#6203 = CIRCLE ( 'NONE', #3661, 1.250000000000000222 ) ;
#6204 = EDGE_CURVE ( 'NONE', #1790, #4419, #5070, .T. ) ;
#6205 = CARTESIAN_POINT ( 'NONE',  ( 72.94807733323547438, 41.35871309031685428, 6.000000000000000000 ) ) ;
#6206 = EDGE_CURVE ( 'NONE', #6008, #7267, #5758, .T. ) ;
#6207 = VECTOR ( 'NONE', #4936, 1000.000000000000000 ) ;
#6208 = DIRECTION ( 'NONE',  ( 0.7071067811865556774, 0.000000000000000000, 0.7071067811865393571 ) ) ;
#6209 = CARTESIAN_POINT ( 'NONE',  ( 73.71952070086400965, 59.97470916941927044, 4.000000000000000000 ) ) ;
#6210 = LINE ( 'NONE', #5682, #2663 ) ;
#6211 = DIRECTION ( 'NONE',  ( -0.000000000000000000, -0.000000000000000000, -1.000000000000000000 ) ) ;
#6212 = AXIS2_PLACEMENT_3D ( 'NONE', #2197, #2274, #2799 ) ;
#6213 = ORIENTED_EDGE ( 'NONE', *, *, #2267, .F. ) ;
#6214 = DIRECTION ( 'NONE',  ( 1.000000000000000000, 0.000000000000000000, 0.000000000000000000 ) ) ;
#6215 = ORIENTED_EDGE ( 'NONE', *, *, #6083, .F. ) ;
#6216 = CARTESIAN_POINT ( 'NONE',  ( 69.83157658086554420, 23.35317541498460869, 4.000000000000000000 ) ) ;
#6217 = EDGE_CURVE ( 'NONE', #107, #4931, #3334, .T. ) ;
#6218 = VECTOR ( 'NONE', #7275, 1000.000000000000114 ) ;
#6219 = LINE ( 'NONE', #485, #3113 ) ;
#6220 = DIRECTION ( 'NONE',  ( 0.000000000000000000, 0.000000000000000000, -1.000000000000000000 ) ) ;
#6222 = DIRECTION ( 'NONE',  ( -0.9999999924245159821, 0.0001230892683151790486, 0.000000000000000000 ) ) ;
#6221 = CARTESIAN_POINT ( 'NONE',  ( 40.42884860408195635, 23.35317541498460869, 9.600000000000013856 ) ) ;
#6223 = EDGE_LOOP ( 'NONE', ( #4551, #2269, #6809, #1931 ) ) ;
#6224 = AXIS2_PLACEMENT_3D ( 'NONE', #2552, #5538, #364 ) ;
#6225 = AXIS2_PLACEMENT_3D ( 'NONE', #5492, #6512, #2629 ) ;
#6226 = LINE ( 'NONE', #1579, #6094 ) ;
#6227 = CARTESIAN_POINT ( 'NONE',  ( 73.34807733323548007, 45.95871309031685570, 5.600000000000016520 ) ) ;
#6228 = EDGE_LOOP ( 'NONE', ( #5790, #4764, #608, #5621 ) ) ;
#6229 = ORIENTED_EDGE ( 'NONE', *, *, #2378, .F. ) ;
#6230 = VERTEX_POINT ( 'NONE', #2241 ) ;
#6231 = AXIS2_PLACEMENT_3D ( 'NONE', #4773, #1451, #7078 ) ;
#6232 = ORIENTED_EDGE ( 'NONE', *, *, #5173, .F. ) ;
#6233 = CARTESIAN_POINT ( 'NONE',  ( 10.53880365760803706, 56.44252476504900073, 10.00000000000000000 ) ) ;
#6234 = VERTEX_POINT ( 'NONE', #5105 ) ;
#6235 = EDGE_CURVE ( 'NONE', #6492, #7358, #6241, .T. ) ;
#6236 = EDGE_LOOP ( 'NONE', ( #5378, #204, #5911, #2422 ) ) ;
#6237 = EDGE_CURVE ( 'NONE', #2441, #1981, #2318, .T. ) ;
#6238 = CARTESIAN_POINT ( 'NONE',  ( 54.21482093267108837, 59.34972665506347766, 6.000000000000000000 ) ) ;
#6239 = PLANE ( 'NONE',  #2950 ) ;
#6240 = DIRECTION ( 'NONE',  ( 0.000000000000000000, 0.7071067811865474617, -0.7071067811865474617 ) ) ;
#6241 = CIRCLE ( 'NONE', #345, 1.649999999999998579 ) ;
#6242 = VECTOR ( 'NONE', #1922, 1000.000000000000000 ) ;
#6243 = FACE_OUTER_BOUND ( 'NONE', #6046, .T. ) ;
#6244 = ORIENTED_EDGE ( 'NONE', *, *, #2220, .F. ) ;
#6245 = CARTESIAN_POINT ( 'NONE',  ( 79.97474980949952794, 57.98214359204602175, 9.600000000000015632 ) ) ;
#6246 = VECTOR ( 'NONE', #2232, 999.9999999999998863 ) ;
#6247 = FACE_OUTER_BOUND ( 'NONE', #7431, .T. ) ;
#6248 = DIRECTION ( 'NONE',  ( 0.000000000000000000, -1.000000000000000000, 0.000000000000000000 ) ) ;
#6249 = LINE ( 'NONE', #13, #9 ) ;
#6250 = ADVANCED_FACE ( 'NONE', ( #5717 ), #2350, .T. ) ;
#6251 = CARTESIAN_POINT ( 'NONE',  ( 23.99487291362406083, 1.528350644096738839E-14, 4.000000000000000000 ) ) ;
#6252 = VERTEX_POINT ( 'NONE', #3978 ) ;
#6253 = PLANE ( 'NONE',  #2153 ) ;
#6254 = VERTEX_POINT ( 'NONE', #4049 ) ;
#6255 = VECTOR ( 'NONE', #3231, 1000.000000000000114 ) ;
#6256 = DIRECTION ( 'NONE',  ( 0.000000000000000000, 0.7071067811865536790, 0.7071067811865414665 ) ) ;
#6257 = CARTESIAN_POINT ( 'NONE',  ( 11.01402484566505890, 5.000000000000023093, 1.399999999999984590 ) ) ;
#6258 = PLANE ( 'NONE',  #3218 ) ;
#6260 = LINE ( 'NONE', #1653, #6077 ) ;
#6259 = PLANE ( 'NONE',  #3266 ) ;
#6261 = PLANE ( 'NONE',  #1821 ) ;
#6262 = EDGE_CURVE ( 'NONE', #5572, #3281, #6891, .T. ) ;
#6263 = CARTESIAN_POINT ( 'NONE',  ( 58.63157658086556978, 31.75317541498461082, 6.399999999999999467 ) ) ;
#6264 = VERTEX_POINT ( 'NONE', #6358 ) ;
#6265 = CARTESIAN_POINT ( 'NONE',  ( 34.57143504107276044, 21.86525930577121102, 10.62454090814517293 ) ) ;
#6266 = ORIENTED_EDGE ( 'NONE', *, *, #595, .T. ) ;
#6267 = LINE ( 'NONE', #5516, #4556 ) ;
#6268 = ORIENTED_EDGE ( 'NONE', *, *, #3162, .F. ) ;
#6269 = ORIENTED_EDGE ( 'NONE', *, *, #399, .T. ) ;
#6270 = LINE ( 'NONE', #6881, #48 ) ;
#6271 = EDGE_CURVE ( 'NONE', #6928, #7178, #5183, .T. ) ;
#6272 = ADVANCED_FACE ( 'NONE', ( #1676 ), #4655, .F. ) ;
#6273 = ORIENTED_EDGE ( 'NONE', *, *, #6965, .F. ) ;
#6274 = AXIS2_PLACEMENT_3D ( 'NONE', #5724, #3519, #5796 ) ;
#6275 = ORIENTED_EDGE ( 'NONE', *, *, #1131, .F. ) ;
#6276 = EDGE_CURVE ( 'NONE', #1857, #3045, #1069, .T. ) ;
#6277 = CARTESIAN_POINT ( 'NONE',  ( 6.992565577373027530, 59.97470916941908570, 1.399999999999998579 ) ) ;
#6278 = FACE_OUTER_BOUND ( 'NONE', #834, .T. ) ;
#6279 = FACE_OUTER_BOUND ( 'NONE', #545, .T. ) ;
#6280 = FACE_OUTER_BOUND ( 'NONE', #1267, .T. ) ;
#6281 = EDGE_CURVE ( 'NONE', #6364, #107, #1713, .T. ) ;
#6282 = ORIENTED_EDGE ( 'NONE', *, *, #4606, .F. ) ;
#6283 = VECTOR ( 'NONE', #3256, 1000.000000000000000 ) ;
#6284 = CARTESIAN_POINT ( 'NONE',  ( 11.27132469877176923, 49.93421759231525670, 6.000000000000000000 ) ) ;
#6285 = LINE ( 'NONE', #5035, #7309 ) ;
#6286 = EDGE_CURVE ( 'NONE', #1416, #945, #1032, .T. ) ;
#6287 = VECTOR ( 'NONE', #5653, 1000.000000000000000 ) ;
#6288 = CARTESIAN_POINT ( 'NONE',  ( 67.63157658086555557, 31.35317541498459804, 4.400000000000011902 ) ) ;
#6289 = LINE ( 'NONE', #4585, #1518 ) ;
#6290 = ORIENTED_EDGE ( 'NONE', *, *, #4958, .T. ) ;
#6291 = DIRECTION ( 'NONE',  ( 1.000000000000000000, 0.000000000000000000, 0.000000000000000000 ) ) ;
#6292 = ORIENTED_EDGE ( 'NONE', *, *, #2491, .F. ) ;
#6293 = CARTESIAN_POINT ( 'NONE',  ( 8.888803657608024267, 8.415085090169998949, 9.600000000000022737 ) ) ;
#6294 = EDGE_CURVE ( 'NONE', #1016, #2580, #5677, .T. ) ;
#6295 = CARTESIAN_POINT ( 'NONE',  ( 72.94807733323547438, 41.15871309031685854, 5.800000000000008704 ) ) ;
#6296 = PLANE ( 'NONE',  #4185 ) ;
#6298 = LINE ( 'NONE', #5049, #4742 ) ;
#6297 = LINE ( 'NONE', #3422, #1993 ) ;
#6299 = CARTESIAN_POINT ( 'NONE',  ( 73.34807733323548007, 45.55871309031685712, 4.000000000000000000 ) ) ;
#6300 = EDGE_CURVE ( 'NONE', #461, #6442, #3411, .T. ) ;
#6301 = PLANE ( 'NONE',  #5742 ) ;
#6302 = ORIENTED_EDGE ( 'NONE', *, *, #5088, .T. ) ;
#6303 = DIRECTION ( 'NONE',  ( -0.7870447919190708408, -0.6168958546732717929, 0.000000000000000000 ) ) ;
#6304 = ORIENTED_EDGE ( 'NONE', *, *, #7268, .F. ) ;
#6305 = DIRECTION ( 'NONE',  ( -0.7071067811865464625, -0.7071067811865486830, 0.000000000000000000 ) ) ;
#6306 = VERTEX_POINT ( 'NONE', #6851 ) ;
#6307 = ADVANCED_FACE ( 'NONE', ( #1142 ), #2880, .F. ) ;
#6308 = EDGE_CURVE ( 'NONE', #6154, #5217, #5793, .T. ) ;
#6309 = AXIS2_PLACEMENT_3D ( 'NONE', #1730, #4027, #6937 ) ;
#6310 = EDGE_CURVE ( 'NONE', #6389, #4191, #2424, .T. ) ;
#6311 = EDGE_LOOP ( 'NONE', ( #3968, #5557, #6342, #7051 ) ) ;
#6312 = PLANE ( 'NONE',  #5592 ) ;
#6313 = VERTEX_POINT ( 'NONE', #5329 ) ;
#6314 = EDGE_CURVE ( 'NONE', #2813, #6877, #3662, .T. ) ;
#6315 = EDGE_CURVE ( 'NONE', #1667, #5667, #5821, .T. ) ;
#6316 = EDGE_CURVE ( 'NONE', #4030, #1660, #728, .T. ) ;
#6317 = FACE_OUTER_BOUND ( 'NONE', #1128, .T. ) ;
#6318 = ADVANCED_FACE ( 'NONE', ( #157 ), #3628, .F. ) ;
#6319 = DIRECTION ( 'NONE',  ( -0.7071067811865455743, 0.7071067811865495711, 0.000000000000000000 ) ) ;
#6320 = CARTESIAN_POINT ( 'NONE',  ( 6.271291922701627719, 34.16849939129588165, 10.00000000000000000 ) ) ;
#6321 = ORIENTED_EDGE ( 'NONE', *, *, #2303, .F. ) ;
#6322 = AXIS2_PLACEMENT_3D ( 'NONE', #4594, #1119, #3956 ) ;
#6323 = VERTEX_POINT ( 'NONE', #6540 ) ;
#6324 = CARTESIAN_POINT ( 'NONE',  ( 8.888803657608024267, 56.44252476504900073, 1.000000000000000888 ) ) ;
#6325 = LINE ( 'NONE', #7344, #196 ) ;
#6326 = DIRECTION ( 'NONE',  ( 0.7071938130861842309, 0.7070197385735585982, 0.000000000000000000 ) ) ;
#6327 = CARTESIAN_POINT ( 'NONE',  ( 0.000000000000000000, 59.57470916941927186, 1.000000000000000888 ) ) ;
#6328 = AXIS2_PLACEMENT_3D ( 'NONE', #5975, #4917, #3702 ) ;
#6329 = PLANE ( 'NONE',  #5900 ) ;
#6330 = ORIENTED_EDGE ( 'NONE', *, *, #5121, .F. ) ;
#6331 = CARTESIAN_POINT ( 'NONE',  ( 9.215967368490971978, 7.158993355345043774, 12.39805747717404216 ) ) ;
#6332 = CARTESIAN_POINT ( 'NONE',  ( 79.30414693648343416, 7.270338382342853123, 0.7293971269834128579 ) ) ;
#6333 = DIRECTION ( 'NONE',  ( -1.887397745837881465E-14, -1.000000000000000000, 0.000000000000000000 ) ) ;
#6334 = AXIS2_PLACEMENT_3D ( 'NONE', #6089, #3214, #5524 ) ;
#6336 = DIRECTION ( 'NONE',  ( 0.7070197385735585982, -0.7071938130861842309, 0.000000000000000000 ) ) ;
#6335 = CARTESIAN_POINT ( 'NONE',  ( 62.49024130048302794, 0.000000000000000000, 1.000000000000000888 ) ) ;
#6337 = PLANE ( 'NONE',  #1482 ) ;
#6338 = FACE_OUTER_BOUND ( 'NONE', #3263, .T. ) ;
#6339 = CONICAL_SURFACE ( 'NONE', #7050, 1.249999999999999334, 0.7853981633974410625 ) ;
#6340 = ORIENTED_EDGE ( 'NONE', *, *, #7109, .F. ) ;
#6341 = FACE_OUTER_BOUND ( 'NONE', #890, .T. ) ;
#6342 = ORIENTED_EDGE ( 'NONE', *, *, #3053, .F. ) ;
#6343 = LINE ( 'NONE', #4602, #7086 ) ;
#6344 = ORIENTED_EDGE ( 'NONE', *, *, #2415, .F. ) ;
#6345 = VECTOR ( 'NONE', #7318, 1000.000000000000000 ) ;
#6346 = VECTOR ( 'NONE', #5505, 1000.000000000000000 ) ;
#6347 = AXIS2_PLACEMENT_3D ( 'NONE', #4146, #795, #151 ) ;
#6348 = ORIENTED_EDGE ( 'NONE', *, *, #5275, .T. ) ;
#6349 = CARTESIAN_POINT ( 'NONE',  ( 5.873484235277215859, 45.25038475940726101, 6.000000000000000000 ) ) ;
#6350 = EDGE_CURVE ( 'NONE', #5209, #378, #5256, .T. ) ;
#6351 = VECTOR ( 'NONE', #7375, 999.9999999999998863 ) ;
#6352 = ORIENTED_EDGE ( 'NONE', *, *, #1139, .F. ) ;
#6353 = CARTESIAN_POINT ( 'NONE',  ( 24.79487291362408641, 1.579306551205678135E-14, 6.000000000000000000 ) ) ;
#6354 = CARTESIAN_POINT ( 'NONE',  ( 11.27132469877176923, 50.33421759231526948, 4.400000000000011902 ) ) ;
#6355 = CARTESIAN_POINT ( 'NONE',  ( 77.81649880717704093, 59.57470916941927186, 1.000000000000000888 ) ) ;
#6356 = VERTEX_POINT ( 'NONE', #3552 ) ;
#6357 = ORIENTED_EDGE ( 'NONE', *, *, #6276, .F. ) ;
#6358 = CARTESIAN_POINT ( 'NONE',  ( 77.41692151384303600, 56.44252476504900073, 9.600000000000019185 ) ) ;
#6359 = LINE ( 'NONE', #1819, #7055 ) ;
#6360 = CARTESIAN_POINT ( 'NONE',  ( 30.54606450874868173, -30.54606450874760526, 4.000000000000000000 ) ) ;
#6361 = EDGE_CURVE ( 'NONE', #2564, #5291, #6502, .T. ) ;
#6362 = CARTESIAN_POINT ( 'NONE',  ( 63.88484364902704016, 63.88484364902676305, 14.99835655691897074 ) ) ;
#6363 = ORIENTED_EDGE ( 'NONE', *, *, #7174, .F. ) ;
#6364 = VERTEX_POINT ( 'NONE', #1851 ) ;
#6365 = AXIS2_PLACEMENT_3D ( 'NONE', #699, #5301, #6585 ) ;
#6366 = AXIS2_PLACEMENT_3D ( 'NONE', #5439, #2002, #7021 ) ;
#6367 = LINE ( 'NONE', #2863, #5782 ) ;
#6368 = CARTESIAN_POINT ( 'NONE',  ( 53.15339521177730120, 53.15339521177546089, 4.000000000000000000 ) ) ;
#6370 = LINE ( 'NONE', #4023, #7281 ) ;
#6369 = CARTESIAN_POINT ( 'NONE',  ( 57.83157658086553710, 23.35317541498460869, 4.000000000000000000 ) ) ;
#6371 = LINE ( 'NONE', #1195, #7024 ) ;
#6372 = VECTOR ( 'NONE', #4152, 1000.000000000000114 ) ;
#6373 = CARTESIAN_POINT ( 'NONE',  ( 77.62829547680470910, 12.29464107465769551, 10.00000000000000000 ) ) ;
#6374 = ORIENTED_EDGE ( 'NONE', *, *, #454, .F. ) ;
#6375 = LINE ( 'NONE', #6909, #7018 ) ;
#6376 = VERTEX_POINT ( 'NONE', #1966 ) ;
#6377 = PLANE ( 'NONE',  #5768 ) ;
#6378 = EDGE_LOOP ( 'NONE', ( #3302, #1092, #3325, #5705 ) ) ;
#6379 = VECTOR ( 'NONE', #4695, 1000.000000000000114 ) ;
#6380 = VECTOR ( 'NONE', #6113, 1000.000000000000000 ) ;
#6381 = ORIENTED_EDGE ( 'NONE', *, *, #1759, .T. ) ;
#6382 = CARTESIAN_POINT ( 'NONE',  ( 0.000000000000000000, 12.01402484683418415, 4.000000000000000000 ) ) ;
#6383 = ORIENTED_EDGE ( 'NONE', *, *, #7404, .T. ) ;
#6384 = ORIENTED_EDGE ( 'NONE', *, *, #7437, .T. ) ;
#6385 = EDGE_CURVE ( 'NONE', #6230, #6908, #6465, .T. ) ;
#6386 = CARTESIAN_POINT ( 'NONE',  ( 12.01402484566508733, 1.512914491056321380E-15, 4.000000000000000000 ) ) ;
#6387 = CARTESIAN_POINT ( 'NONE',  ( 11.47132469877177385, 50.13421759231525954, 5.599999999999988987 ) ) ;
#6388 = FACE_BOUND ( 'NONE', #3391, .T. ) ;
#6389 = VERTEX_POINT ( 'NONE', #6392 ) ;
#6390 = ORIENTED_EDGE ( 'NONE', *, *, #6874, .F. ) ;
#6391 = EDGE_CURVE ( 'NONE', #6650, #6036, #200, .T. ) ;
#6392 = CARTESIAN_POINT ( 'NONE',  ( 78.03203064794003296, 52.35311032234201889, 9.600000000000015632 ) ) ;
#6393 = ADVANCED_FACE ( 'NONE', ( #1285 ), #1817, .F. ) ;
#6394 = CARTESIAN_POINT ( 'NONE',  ( 15.23807612844864856, 23.75317541498460727, 10.00000000000000000 ) ) ;
#6395 = LINE ( 'NONE', #412, #5194 ) ;
#6396 = EDGE_CURVE ( 'NONE', #3240, #2659, #2457, .T. ) ;
#6397 = CARTESIAN_POINT ( 'NONE',  ( 77.98218423212628636, 59.97470916941927044, 9.600000000000015632 ) ) ;
#6398 = EDGE_LOOP ( 'NONE', ( #3094, #4793, #5959, #1077 ) ) ;
#6399 = ORIENTED_EDGE ( 'NONE', *, *, #3704, .T. ) ;
#6400 = VECTOR ( 'NONE', #2923, 1000.000000000000000 ) ;
#6401 = ADVANCED_FACE ( 'NONE', ( #6426 ), #762, .F. ) ;
#6402 = CARTESIAN_POINT ( 'NONE',  ( 79.57474980950739507, 1.078464085573844520E-11, 1.000000000000000888 ) ) ;
#6403 = CARTESIAN_POINT ( 'NONE',  ( 74.91692151384303600, 8.415085090169998949, 9.600000000000019185 ) ) ;
#6405 = CARTESIAN_POINT ( 'NONE',  ( 73.55243468099104120, 6.427490184679263585, 1.000000000000000888 ) ) ;
#6404 = DIRECTION ( 'NONE',  ( -0.5773502691896325034, -0.5773502691896325034, -0.5773502691896124084 ) ) ;
#6406 = CARTESIAN_POINT ( 'NONE',  ( 5.874489965807185854, 50.33421759231526948, 5.599999999999988987 ) ) ;
#6407 = FACE_OUTER_BOUND ( 'NONE', #2157, .T. ) ;
#6408 = ORIENTED_EDGE ( 'NONE', *, *, #256, .F. ) ;
#6409 = CARTESIAN_POINT ( 'NONE',  ( 73.15243468099103552, 6.261804759730024372, 9.600000000000015632 ) ) ;
#6410 = ORIENTED_EDGE ( 'NONE', *, *, #2199, .T. ) ;
#6411 = EDGE_CURVE ( 'NONE', #6254, #3938, #1245, .T. ) ;
#6412 = CARTESIAN_POINT ( 'NONE',  ( -21.91385109449120705, 21.91385109449113955, 1.000000000000000888 ) ) ;
#6413 = DIRECTION ( 'NONE',  ( 1.000000000000000000, 0.000000000000000000, 0.000000000000000000 ) ) ;
#6414 = ORIENTED_EDGE ( 'NONE', *, *, #5840, .T. ) ;
#6415 = EDGE_CURVE ( 'NONE', #2921, #2797, #691, .T. ) ;
#6416 = FACE_OUTER_BOUND ( 'NONE', #6188, .T. ) ;
#6417 = ORIENTED_EDGE ( 'NONE', *, *, #6056, .T. ) ;
#6418 = ORIENTED_EDGE ( 'NONE', *, *, #2218, .F. ) ;
#6419 = LINE ( 'NONE', #720, #5741 ) ;
#6420 = CARTESIAN_POINT ( 'NONE',  ( 11.01402484566505890, 5.400000000000020783, 10.00000000000000000 ) ) ;
#6421 = CARTESIAN_POINT ( 'NONE',  ( 69.83157658086554420, 23.35317541498460869, 10.00099999999999945 ) ) ;
#6422 = EDGE_CURVE ( 'NONE', #2193, #1549, #5362, .T. ) ;
#6423 = ORIENTED_EDGE ( 'NONE', *, *, #4767, .F. ) ;
#6424 = VERTEX_POINT ( 'NONE', #3589 ) ;
#6425 = VECTOR ( 'NONE', #4097, 1000.000000000000000 ) ;
#6426 = FACE_OUTER_BOUND ( 'NONE', #4259, .T. ) ;
#6427 = CARTESIAN_POINT ( 'NONE',  ( 55.01486976341026036, 59.74638737989559445, 4.000000000000000000 ) ) ;
#6428 = AXIS2_PLACEMENT_3D ( 'NONE', #4204, #928, #6631 ) ;
#6429 = EDGE_CURVE ( 'NONE', #4748, #4213, #4796, .T. ) ;
#6430 = DIRECTION ( 'NONE',  ( -0.000000000000000000, -0.000000000000000000, -1.000000000000000000 ) ) ;
#6431 = VERTEX_POINT ( 'NONE', #1926 ) ;
#6432 = EDGE_LOOP ( 'NONE', ( #5055, #3690, #2228, #1493 ) ) ;
#6433 = EDGE_CURVE ( 'NONE', #4788, #789, #353, .T. ) ;
#6434 = EDGE_CURVE ( 'NONE', #4929, #3735, #4386, .T. ) ;
#6435 = DIRECTION ( 'NONE',  ( -1.000000000000000000, 0.000000000000000000, 0.000000000000000000 ) ) ;
#6436 = FACE_OUTER_BOUND ( 'NONE', #4446, .T. ) ;
#6437 = CARTESIAN_POINT ( 'NONE',  ( 0.000000000000000000, 52.35311032234201889, 14.99835655691897074 ) ) ;
#6439 = LINE ( 'NONE', #6474, #3050 ) ;
#6438 = DIRECTION ( 'NONE',  ( -0.000000000000000000, -0.000000000000000000, 1.000000000000000000 ) ) ;
#6440 = DIRECTION ( 'NONE',  ( -5.782411586589358625E-16, -1.000000000000000000, 0.000000000000000000 ) ) ;
#6441 = CARTESIAN_POINT ( 'NONE',  ( 53.46275561269846577, 26.06190991762331066, 14.03095495881174415 ) ) ;
#6442 = VERTEX_POINT ( 'NONE', #4306 ) ;
#6443 = LINE ( 'NONE', #6409, #4369 ) ;
#6444 = ORIENTED_EDGE ( 'NONE', *, *, #2043, .F. ) ;
#6445 = FACE_OUTER_BOUND ( 'NONE', #6536, .T. ) ;
#6446 = AXIS2_PLACEMENT_3D ( 'NONE', #1425, #416, #4247 ) ;
#6447 = AXIS2_PLACEMENT_3D ( 'NONE', #6421, #5712, #1674 ) ;
#6448 = LINE ( 'NONE', #6556, #390 ) ;
#6449 = CARTESIAN_POINT ( 'NONE',  ( 10.13880365760802427, 8.415085090169998949, 1.399999999999989697 ) ) ;
#6450 = AXIS2_PLACEMENT_3D ( 'NONE', #408, #5609, #6787 ) ;
#6451 = ORIENTED_EDGE ( 'NONE', *, *, #3162, .T. ) ;
#6452 = CARTESIAN_POINT ( 'NONE',  ( 73.15243468099103552, 6.261804759730023484, 1.400000000000012346 ) ) ;
#6453 = VERTEX_POINT ( 'NONE', #6695 ) ;
#6454 = AXIS2_PLACEMENT_3D ( 'NONE', #1321, #3629, #4724 ) ;
#6455 = ORIENTED_EDGE ( 'NONE', *, *, #6187, .T. ) ;
#6456 = AXIS2_PLACEMENT_3D ( 'NONE', #1832, #137, #4098 ) ;
#6457 = CARTESIAN_POINT ( 'NONE',  ( 8.888803657608024267, 56.44252476504900073, 9.599999999999996092 ) ) ;
#6458 = CARTESIAN_POINT ( 'NONE',  ( 7.638803657608024267, 8.415085090169998949, 1.399999999999989697 ) ) ;
#6459 = VECTOR ( 'NONE', #1532, 1000.000000000000000 ) ;
#6460 = ADVANCED_FACE ( 'NONE', ( #3213 ), #5027, .F. ) ;
#6461 = CARTESIAN_POINT ( 'NONE',  ( 58.23157658086555699, 31.35317541498459804, 5.999999999999987566 ) ) ;
#6462 = ORIENTED_EDGE ( 'NONE', *, *, #6590, .T. ) ;
#6463 = EDGE_LOOP ( 'NONE', ( #5893, #4529, #6990, #6157 ) ) ;
#6464 = VECTOR ( 'NONE', #5453, 1000.000000000000000 ) ;
#6465 = LINE ( 'NONE', #4686, #6738 ) ;
#6466 = PLANE ( 'NONE',  #3551 ) ;
#6467 = DIRECTION ( 'NONE',  ( -0.000000000000000000, 1.000000000000000000, 0.000000000000000000 ) ) ;
#6468 = ORIENTED_EDGE ( 'NONE', *, *, #1779, .T. ) ;
#6469 = EDGE_LOOP ( 'NONE', ( #6728, #2463, #7071, #1252 ) ) ;
#6470 = DIRECTION ( 'NONE',  ( -1.000000000000000000, 0.000000000000000000, 0.000000000000000000 ) ) ;
#6471 = CARTESIAN_POINT ( 'NONE',  ( 0.000000000000000000, 5.400000000000014566, 1.000000000000000888 ) ) ;
#6472 = DIRECTION ( 'NONE',  ( 0.000000000000000000, 1.000000000000000000, 0.000000000000000000 ) ) ;
#6474 = CARTESIAN_POINT ( 'NONE',  ( 5.000000000000903277, 54.01736618697488979, 1.399999999999998579 ) ) ;
#6473 = PLANE ( 'NONE',  #3999 ) ;
#6475 = LINE ( 'NONE', #1299, #5501 ) ;
#6476 = LINE ( 'NONE', #3565, #4760 ) ;
#6477 = ORIENTED_EDGE ( 'NONE', *, *, #5515, .F. ) ;
#6478 = CARTESIAN_POINT ( 'NONE',  ( 65.74807733323545733, 45.75871309031685996, 5.800000000000008704 ) ) ;
#6479 = ORIENTED_EDGE ( 'NONE', *, *, #5063, .T. ) ;
#6480 = AXIS2_PLACEMENT_3D ( 'NONE', #2431, #7146, #4801 ) ;
#6481 = EDGE_CURVE ( 'NONE', #5550, #1667, #7181, .T. ) ;
#6482 = VECTOR ( 'NONE', #1317, 999.9999999999998863 ) ;
#6483 = DIRECTION ( 'NONE',  ( -0.7071067811867248754, 0.7071067811863702701, 0.000000000000000000 ) ) ;
#6484 = DIRECTION ( 'NONE',  ( 0.7071067811865472397, 0.7071067811865479058, 0.000000000000000000 ) ) ;
#6485 = EDGE_CURVE ( 'NONE', #2413, #1098, #2042, .T. ) ;
#6486 = LINE ( 'NONE', #5915, #3590 ) ;
#6487 = VECTOR ( 'NONE', #712, 1000.000000000000000 ) ;
#6488 = VERTEX_POINT ( 'NONE', #3740 ) ;
#6489 = CARTESIAN_POINT ( 'NONE',  ( 11.27132469877176568, 34.33421759231526948, 4.400000000000011902 ) ) ;
#6490 = AXIS2_PLACEMENT_3D ( 'NONE', #5111, #1040, #2247 ) ;
#6491 = ORIENTED_EDGE ( 'NONE', *, *, #1703, .T. ) ;
#6492 = VERTEX_POINT ( 'NONE', #1399 ) ;
#6493 = VECTOR ( 'NONE', #975, 1000.000000000000000 ) ;
#6494 = EDGE_CURVE ( 'NONE', #1893, #5697, #4263, .T. ) ;
#6495 = CARTESIAN_POINT ( 'NONE',  ( 31.01060500309817058, -1.793160816770607910E-14, 4.000000000000000000 ) ) ;
#6496 = ADVANCED_FACE ( 'NONE', ( #2688 ), #3699, .F. ) ;
#6497 = LINE ( 'NONE', #6420, #2120 ) ;
#6498 = CARTESIAN_POINT ( 'NONE',  ( 65.74807733323545733, 45.95871309031685570, 4.399999999999983480 ) ) ;
#6499 = ORIENTED_EDGE ( 'NONE', *, *, #2386, .F. ) ;
#6500 = ORIENTED_EDGE ( 'NONE', *, *, #352, .T. ) ;
#6501 = EDGE_CURVE ( 'NONE', #7198, #839, #1559, .T. ) ;
#6502 = LINE ( 'NONE', #2498, #1668 ) ;
#6503 = DIRECTION ( 'NONE',  ( 0.000000000000000000, -1.000000000000000000, 0.000000000000000000 ) ) ;
#6504 = EDGE_CURVE ( 'NONE', #2300, #6944, #5482, .T. ) ;
#6505 = FACE_OUTER_BOUND ( 'NONE', #1547, .T. ) ;
#6506 = ORIENTED_EDGE ( 'NONE', *, *, #6415, .T. ) ;
#6507 = ORIENTED_EDGE ( 'NONE', *, *, #4400, .F. ) ;
#6508 = LINE ( 'NONE', #2545, #5272 ) ;
#6509 = DIRECTION ( 'NONE',  ( 0.7071067811867248754, -0.7071067811863702701, 0.000000000000000000 ) ) ;
#6510 = CARTESIAN_POINT ( 'NONE',  ( 5.000000000000903277, 57.98214359204602175, 10.00099999999999945 ) ) ;
#6512 = DIRECTION ( 'NONE',  ( -0.7071067811865597852, 0.000000000000000000, -0.7071067811865352493 ) ) ;
#6511 = FACE_OUTER_BOUND ( 'NONE', #1949, .T. ) ;
#6513 = CARTESIAN_POINT ( 'NONE',  ( 67.63157658086555557, 31.35317541498459804, 5.999999999999987566 ) ) ;
#6514 = DIRECTION ( 'NONE',  ( 1.000000000000000000, 0.000000000000000000, 0.000000000000000000 ) ) ;
#6515 = ORIENTED_EDGE ( 'NONE', *, *, #3013, .T. ) ;
#6516 = CARTESIAN_POINT ( 'NONE',  ( 72.94807733323548860, 45.95871309031685570, 5.600000000000016520 ) ) ;
#6517 = ORIENTED_EDGE ( 'NONE', *, *, #7096, .T. ) ;
#6518 = PLANE ( 'NONE',  #1662 ) ;
#6519 = ADVANCED_FACE ( 'NONE', ( #6010 ), #6159, .T. ) ;
#6520 = AXIS2_PLACEMENT_3D ( 'NONE', #1643, #5720, #6854 ) ;
#6521 = LINE ( 'NONE', #6068, #7100 ) ;
#6522 = EDGE_LOOP ( 'NONE', ( #4493, #2040, #6997, #2384 ) ) ;
#6523 = LINE ( 'NONE', #5242, #3434 ) ;
#6524 = VECTOR ( 'NONE', #3562, 1000.000000000000000 ) ;
#6525 = DIRECTION ( 'NONE',  ( -1.000000000000000000, 0.000000000000000000, 0.000000000000000000 ) ) ;
#6526 = ORIENTED_EDGE ( 'NONE', *, *, #1512, .F. ) ;
#6527 = EDGE_LOOP ( 'NONE', ( #5646, #2538, #2778, #1277 ) ) ;
#6528 = EDGE_CURVE ( 'NONE', #526, #6051, #4346, .T. ) ;
#6529 = ORIENTED_EDGE ( 'NONE', *, *, #35, .F. ) ;
#6530 = ADVANCED_FACE ( 'NONE', ( #6618 ), #5559, .T. ) ;
#6531 = ADVANCED_FACE ( 'NONE', ( #316 ), #1439, .F. ) ;
#6532 = ORIENTED_EDGE ( 'NONE', *, *, #6118, .F. ) ;
#6533 = CARTESIAN_POINT ( 'NONE',  ( 77.81692151384304168, 56.44252476504900073, 1.000000000000000888 ) ) ;
#6534 = DIRECTION ( 'NONE',  ( 1.000000000000000000, 0.000000000000000000, 0.000000000000000000 ) ) ;
#6535 = PLANE ( 'NONE',  #2942 ) ;
#6536 = EDGE_LOOP ( 'NONE', ( #4364, #3064, #7465, #1038 ) ) ;
#6537 = EDGE_CURVE ( 'NONE', #2490, #6797, #2617, .T. ) ;
#6538 = VERTEX_POINT ( 'NONE', #391 ) ;
#6539 = EDGE_CURVE ( 'NONE', #138, #6797, #4991, .T. ) ;
#6540 = CARTESIAN_POINT ( 'NONE',  ( 56.59453402903117336, 23.75317541498460727, 10.00000000000000000 ) ) ;
#6541 = DIRECTION ( 'NONE',  ( 0.5006742921851446981, 0.4993247972461239970, 0.7071067811865628938 ) ) ;
#6542 = PLANE ( 'NONE',  #6690 ) ;
#6543 = EDGE_LOOP ( 'NONE', ( #2210, #6652, #7043, #3115 ) ) ;
#6544 = CARTESIAN_POINT ( 'NONE',  ( 74.91692151384303600, 8.415085090169998949, 10.00099999999999945 ) ) ;
#6545 = LINE ( 'NONE', #6471, #2763 ) ;
#6546 = DIRECTION ( 'NONE',  ( -0.7071067811865565655, 0.000000000000000000, -0.7071067811865385799 ) ) ;
#6548 = DIRECTION ( 'NONE',  ( 0.7071067811865541231, 0.000000000000000000, 0.7071067811865409114 ) ) ;
#6547 = CARTESIAN_POINT ( 'NONE',  ( 76.16692151384303600, 56.44252476504900073, 9.600000000000019185 ) ) ;
#6549 = LINE ( 'NONE', #4237, #2611 ) ;
#6550 = DIRECTION ( 'NONE',  ( -1.000000000000000000, -1.259290296542222077E-16, 0.000000000000000000 ) ) ;
#6551 = VERTEX_POINT ( 'NONE', #3285 ) ;
#6552 = FACE_OUTER_BOUND ( 'NONE', #914, .T. ) ;
#6553 = ORIENTED_EDGE ( 'NONE', *, *, #4140, .T. ) ;
#6554 = ADVANCED_FACE ( 'NONE', ( #275 ), #5590, .F. ) ;
#6555 = CARTESIAN_POINT ( 'NONE',  ( 6.992565577374029395, 5.000000000000023093, 9.600000000000015632 ) ) ;
#6556 = CARTESIAN_POINT ( 'NONE',  ( 36.63180065388673512, 39.09286487643514363, 1.000000000000000888 ) ) ;
#6557 = FACE_OUTER_BOUND ( 'NONE', #4376, .T. ) ;
#6558 = CARTESIAN_POINT ( 'NONE',  ( 67.23157658086553568, 31.75317541498461082, 5.999999999999987566 ) ) ;
#6559 = ORIENTED_EDGE ( 'NONE', *, *, #7329, .T. ) ;
#6560 = FACE_OUTER_BOUND ( 'NONE', #1347, .T. ) ;
#6561 = VECTOR ( 'NONE', #5, 1000.000000000000000 ) ;
#6562 = FACE_OUTER_BOUND ( 'NONE', #6378, .T. ) ;
#6563 = ORIENTED_EDGE ( 'NONE', *, *, #2505, .T. ) ;
#6564 = VECTOR ( 'NONE', #2658, 1000.000000000000000 ) ;
#6565 = ORIENTED_EDGE ( 'NONE', *, *, #2195, .F. ) ;
#6566 = ORIENTED_EDGE ( 'NONE', *, *, #962, .F. ) ;
#6567 = VECTOR ( 'NONE', #5151, 1000.000000000000114 ) ;
#6568 = VERTEX_POINT ( 'NONE', #6238 ) ;
#6569 = CARTESIAN_POINT ( 'NONE',  ( 55.82884860408189098, -8.804328573659619898E-14, 10.00000000000000000 ) ) ;
#6570 = EDGE_CURVE ( 'NONE', #138, #954, #4137, .T. ) ;
#6571 = DIRECTION ( 'NONE',  ( 0.7100637267678131526, 0.7041374183556817767, 0.000000000000000000 ) ) ;
#6572 = VECTOR ( 'NONE', #5671, 1000.000000000000114 ) ;
#6573 = VECTOR ( 'NONE', #1382, 999.9999999999998863 ) ;
#6574 = DIRECTION ( 'NONE',  ( -0.7071067811865475727, 0.000000000000000000, 0.7071067811865475727 ) ) ;
#6575 = ORIENTED_EDGE ( 'NONE', *, *, #5276, .F. ) ;
#6576 = ORIENTED_EDGE ( 'NONE', *, *, #1561, .F. ) ;
#6577 = VECTOR ( 'NONE', #3842, 1000.000000000000114 ) ;
#6578 = CARTESIAN_POINT ( 'NONE',  ( -4.898038464946633752, 49.93482975543920332, -0.2980384649471784497 ) ) ;
#6579 = EDGE_CURVE ( 'NONE', #6051, #930, #106, .T. ) ;
#6580 = LINE ( 'NONE', #2540, #3437 ) ;
#6581 = VECTOR ( 'NONE', #2071, 1000.000000000000000 ) ;
#6582 = VECTOR ( 'NONE', #6240, 1000.000000000000114 ) ;
#6583 = DIRECTION ( 'NONE',  ( 0.000000000000000000, 0.7071067811865475727, -0.7071067811865475727 ) ) ;
#6584 = ORIENTED_EDGE ( 'NONE', *, *, #2459, .F. ) ;
#6585 = DIRECTION ( 'NONE',  ( -0.000000000000000000, 0.000000000000000000, 1.000000000000000000 ) ) ;
#6586 = FACE_OUTER_BOUND ( 'NONE', #627, .T. ) ;
#6587 = PLANE ( 'NONE',  #1765 ) ;
#6589 = LINE ( 'NONE', #3788, #885 ) ;
#6588 = DIRECTION ( 'NONE',  ( -0.000000000000000000, -0.000000000000000000, -1.000000000000000000 ) ) ;
#6590 = EDGE_CURVE ( 'NONE', #3970, #5465, #3894, .T. ) ;
#6591 = DIRECTION ( 'NONE',  ( -1.000000000000000000, 0.000000000000000000, 0.000000000000000000 ) ) ;
#6592 = DIRECTION ( 'NONE',  ( -1.000000000000000000, 0.000000000000000000, 0.000000000000000000 ) ) ;
#6593 = VERTEX_POINT ( 'NONE', #3405 ) ;
#6594 = PLANE ( 'NONE',  #2439 ) ;
#6595 = ORIENTED_EDGE ( 'NONE', *, *, #6415, .F. ) ;
#6596 = DIRECTION ( 'NONE',  ( 1.000000000000000000, 0.000000000000000000, 0.000000000000000000 ) ) ;
#6597 = DIRECTION ( 'NONE',  ( 1.000000000000000000, 0.000000000000000000, 0.000000000000000000 ) ) ;
#6598 = DIRECTION ( 'NONE',  ( 0.000000000000000000, -0.7071067811865474617, 0.7071067811865474617 ) ) ;
#6599 = PLANE ( 'NONE',  #1211 ) ;
#6600 = PLANE ( 'NONE',  #161 ) ;
#6601 = ORIENTED_EDGE ( 'NONE', *, *, #4614, .T. ) ;
#6602 = PRODUCT ( '\X2\63a565367aef656370ed\X0\-\X2\5149\X0\-2-Al', '\X2\63a565367aef656370ed\X0\-\X2\5149\X0\-2-Al', '', ( #4326 ) ) ;
#6603 = VECTOR ( 'NONE', #6095, 1000.000000000000000 ) ;
#6604 = CARTESIAN_POINT ( 'NONE',  ( 65.26553597910542237, 49.49265539102543698, -6.251928262409653492 ) ) ;
#6605 = AXIS2_PLACEMENT_3D ( 'NONE', #6084, #1659, #7290 ) ;
#6606 = LINE ( 'NONE', #2529, #4081 ) ;
#6607 = ORIENTED_EDGE ( 'NONE', *, *, #2575, .F. ) ;
#6608 = ORIENTED_EDGE ( 'NONE', *, *, #4870, .F. ) ;
#6609 = EDGE_LOOP ( 'NONE', ( #1197, #5815, #4172, #186 ) ) ;
#6610 = VECTOR ( 'NONE', #7335, 1000.000000000000000 ) ;
#6611 = VERTEX_POINT ( 'NONE', #5630 ) ;
#6612 = DIRECTION ( 'NONE',  ( 0.000000000000000000, 0.7071067811865352493, -0.7071067811865597852 ) ) ;
#6613 = VECTOR ( 'NONE', #5225, 1000.000000000000000 ) ;
#6614 = DIRECTION ( 'NONE',  ( 0.5773502691896190697, -0.5773502691896190697, -0.5773502691896391648 ) ) ;
#6615 = ORIENTED_EDGE ( 'NONE', *, *, #4641, .F. ) ;
#6616 = VERTEX_POINT ( 'NONE', #3932 ) ;
#6617 = EDGE_CURVE ( 'NONE', #1336, #5614, #7438, .T. ) ;
#6618 = FACE_OUTER_BOUND ( 'NONE', #5814, .T. ) ;
#6619 = VECTOR ( 'NONE', #3559, 1000.000000000000000 ) ;
#6620 = DIRECTION ( 'NONE',  ( 0.4999999999999892308, 0.4999999999999892308, 0.7071067811865627828 ) ) ;
#6621 = LINE ( 'NONE', #6131, #2342 ) ;
#6622 = EDGE_LOOP ( 'NONE', ( #3433, #2110, #5786, #1180 ) ) ;
#6623 = EDGE_CURVE ( 'NONE', #2490, #1052, #5277, .T. ) ;
#6624 = ADVANCED_FACE ( 'NONE', ( #2273 ), #6842, .F. ) ;
#6625 = VECTOR ( 'NONE', #3920, 1000.000000000000000 ) ;
#6626 = CARTESIAN_POINT ( 'NONE',  ( 58.23157658086555699, 32.15317541498462361, 4.000000000000000000 ) ) ;
#6627 = ADVANCED_FACE ( 'NONE', ( #2766 ), #1838, .F. ) ;
#6628 = CARTESIAN_POINT ( 'NONE',  ( 58.23157658086554989, 23.75317541498462148, 5.999999999999987566 ) ) ;
#6629 = CARTESIAN_POINT ( 'NONE',  ( 41.14600589160732369, 24.63601812745921293, 10.00000000000000000 ) ) ;
#6631 = DIRECTION ( 'NONE',  ( 0.000000000000000000, 1.000000000000000000, 0.000000000000000000 ) ) ;
#6630 = CARTESIAN_POINT ( 'NONE',  ( 11.67195935263213080, 55.49966154161459286, 1.000000000000000888 ) ) ;
#6632 = DIRECTION ( 'NONE',  ( -0.7071067811865425767, -0.7071067811865525687, -0.000000000000000000 ) ) ;
#6633 = DIRECTION ( 'NONE',  ( 0.7071067811865475727, 0.000000000000000000, 0.7071067811865475727 ) ) ;
#6634 = ORIENTED_EDGE ( 'NONE', *, *, #2290, .F. ) ;
#6635 = VECTOR ( 'NONE', #626, 1000.000000000000000 ) ;
#6636 = LINE ( 'NONE', #1455, #3038 ) ;
#6637 = VERTEX_POINT ( 'NONE', #1270 ) ;
#6638 = FACE_OUTER_BOUND ( 'NONE', #425, .T. ) ;
#6639 = ADVANCED_FACE ( 'NONE', ( #5099 ), #3364, .F. ) ;
#6640 = DIRECTION ( 'NONE',  ( -0.7071067811865444641, -9.583307142038906578E-14, 0.7071067811865505703 ) ) ;
#6641 = DIRECTION ( 'NONE',  ( -0.5773502691896219563, 0.5773502691896327255, 0.5773502691896226224 ) ) ;
#6642 = EDGE_CURVE ( 'NONE', #1617, #1962, #3573, .T. ) ;
#6643 = DIRECTION ( 'NONE',  ( -0.0001230892683152483562, -0.9999999924245159821, 0.000000000000000000 ) ) ;
#6644 = ORIENTED_EDGE ( 'NONE', *, *, #1593, .F. ) ;
#6645 = CARTESIAN_POINT ( 'NONE',  ( 12.07195935263215958, 6.980503763349589235E-15, 4.000000000000000000 ) ) ;
#6646 = CARTESIAN_POINT ( 'NONE',  ( 5.400000000000027889, 6.992565577373016872, 10.00000000000000000 ) ) ;
#6647 = ORIENTED_EDGE ( 'NONE', *, *, #6002, .F. ) ;
#6648 = AXIS2_PLACEMENT_3D ( 'NONE', #20, #7351, #559 ) ;
#6649 = VERTEX_POINT ( 'NONE', #4705 ) ;
#6650 = VERTEX_POINT ( 'NONE', #4538 ) ;
#6651 = VECTOR ( 'NONE', #848, 1000.000000000000000 ) ;
#6652 = ORIENTED_EDGE ( 'NONE', *, *, #6642, .F. ) ;
#6653 = CARTESIAN_POINT ( 'NONE',  ( 67.63157658086555557, 31.75317541498461082, 5.999999999999987566 ) ) ;
#6654 = DIRECTION ( 'NONE',  ( -0.5773502691896257311, 0.5773502691896257311, 0.5773502691896257311 ) ) ;
#6655 = VERTEX_POINT ( 'NONE', #5670 ) ;
#6656 = EDGE_LOOP ( 'NONE', ( #4727, #7210, #1881, #3500 ) ) ;
#6657 = VECTOR ( 'NONE', #415, 999.9999999999998863 ) ;
#6658 =( GEOMETRIC_REPRESENTATION_CONTEXT ( 3 ) GLOBAL_UNCERTAINTY_ASSIGNED_CONTEXT ( ( #3282 ) ) GLOBAL_UNIT_ASSIGNED_CONTEXT ( ( #7200, #780, #7272 ) ) REPRESENTATION_CONTEXT ( 'NONE', 'WORKASPACE' ) );
#6659 = DIRECTION ( 'NONE',  ( -0.2810846377147295794, -0.6785983445458717567, 0.6785983445458598773 ) ) ;
#6660 = FACE_OUTER_BOUND ( 'NONE', #4902, .T. ) ;
#6661 = EDGE_CURVE ( 'NONE', #6323, #862, #7399, .T. ) ;
#6662 = CARTESIAN_POINT ( 'NONE',  ( 11.61402484566509230, 6.165685424949291615, 10.00000000000000000 ) ) ;
#6663 = ORIENTED_EDGE ( 'NONE', *, *, #26, .F. ) ;
#6664 = VECTOR ( 'NONE', #931, 999.9999999999998863 ) ;
#6665 = CARTESIAN_POINT ( 'NONE',  ( 79.57474980950003385, 10.50829548434902350, 10.00000000000000000 ) ) ;
#6666 = CARTESIAN_POINT ( 'NONE',  ( -26.20822908354670489, 26.20822908353439473, 1.000000000000000888 ) ) ;
#6667 = DIRECTION ( 'NONE',  ( 0.7071067811865474617, 0.7071067811865474617, 0.000000000000000000 ) ) ;
#6669 = DIRECTION ( 'NONE',  ( -0.7071067781126759710, 6.593271403670010607E-05, 0.7071067811865392461 ) ) ;
#6668 = CARTESIAN_POINT ( 'NONE',  ( 58.63157658086556978, 31.75317541498461082, 4.000000000000000000 ) ) ;
#6670 = ADVANCED_FACE ( 'NONE', ( #467 ), #3007, .T. ) ;
#6671 = FACE_OUTER_BOUND ( 'NONE', #7361, .T. ) ;
#6672 = ORIENTED_EDGE ( 'NONE', *, *, #565, .F. ) ;
#6673 = CARTESIAN_POINT ( 'NONE',  ( 4.059757510089274105E-14, 33.93421759231526380, 4.000000000000000000 ) ) ;
#6674 = ORIENTED_EDGE ( 'NONE', *, *, #3518, .T. ) ;
#6675 = EDGE_CURVE ( 'NONE', #6139, #690, #7366, .T. ) ;
#6676 = LINE ( 'NONE', #217, #4404 ) ;
#6677 = ADVANCED_FACE ( 'NONE', ( #1670 ), #2196, .F. ) ;
#6678 = DIRECTION ( 'NONE',  ( -0.000000000000000000, -0.000000000000000000, -1.000000000000000000 ) ) ;
#6679 = LINE ( 'NONE', #2638, #619 ) ;
#6680 = CARTESIAN_POINT ( 'NONE',  ( 12.07132469877178771, 34.73421759231527517, 4.000000000000000000 ) ) ;
#6681 = ORIENTED_EDGE ( 'NONE', *, *, #6056, .F. ) ;
#6682 = CARTESIAN_POINT ( 'NONE',  ( 65.34807733323546586, 41.35871309031685428, 4.399999999999997691 ) ) ;
#6683 = DIRECTION ( 'NONE',  ( 0.000000000000000000, 1.000000000000000000, 0.000000000000000000 ) ) ;
#6684 = ORIENTED_EDGE ( 'NONE', *, *, #427, .F. ) ;
#6685 = VECTOR ( 'NONE', #7151, 1000.000000000000000 ) ;
#6686 = ORIENTED_EDGE ( 'NONE', *, *, #5073, .F. ) ;
#6687 = VERTEX_POINT ( 'NONE', #1024 ) ;
#6688 = ORIENTED_EDGE ( 'NONE', *, *, #7185, .F. ) ;
#6689 = CARTESIAN_POINT ( 'NONE',  ( 57.83157658086554420, 31.35317541498459804, 4.000000000000000000 ) ) ;
#6690 = AXIS2_PLACEMENT_3D ( 'NONE', #2503, #6050, #880 ) ;
#6691 = DIRECTION ( 'NONE',  ( -0.000000000000000000, 1.000000000000000000, 0.000000000000000000 ) ) ;
#6692 = ORIENTED_EDGE ( 'NONE', *, *, #1389, .T. ) ;
#6693 = EDGE_LOOP ( 'NONE', ( #2289, #5319, #3923, #336 ) ) ;
#6694 = AXIS2_PLACEMENT_3D ( 'NONE', #3926, #1059, #1738 ) ;
#6695 = CARTESIAN_POINT ( 'NONE',  ( 78.02831089662203112, 12.45999491999002373, 1.400000000000012346 ) ) ;
#6696 = VECTOR ( 'NONE', #4013, 1000.000000000000000 ) ;
#6697 = PLANE ( 'NONE',  #7415 ) ;
#6698 = EDGE_CURVE ( 'NONE', #3812, #1052, #6804, .T. ) ;
#6699 = AXIS2_PLACEMENT_3D ( 'NONE', #7420, #2249, #6862 ) ;
#6700 = FACE_OUTER_BOUND ( 'NONE', #7259, .T. ) ;
#6701 = ORIENTED_EDGE ( 'NONE', *, *, #1264, .F. ) ;
#6702 = VECTOR ( 'NONE', #4, 1000.000000000000000 ) ;
#6703 = AXIS2_PLACEMENT_3D ( 'NONE', #929, #1452, #1413 ) ;
#6704 = DIRECTION ( 'NONE',  ( 0.7071067811865474617, 0.7071067811865474617, 0.000000000000000000 ) ) ;
#6705 = VECTOR ( 'NONE', #4790, 1000.000000000000114 ) ;
#6706 = CARTESIAN_POINT ( 'NONE',  ( 73.71952070086400965, 59.97470916941927044, 1.399999999999998579 ) ) ;
#6707 = LINE ( 'NONE', #6169, #919 ) ;
#6708 = DIRECTION ( 'NONE',  ( 0.000000000000000000, -0.000000000000000000, -1.000000000000000000 ) ) ;
#6709 = CARTESIAN_POINT ( 'NONE',  ( 40.43180065388672517, 0.000000000000000000, 1.000000000000000888 ) ) ;
#6710 = ORIENTED_EDGE ( 'NONE', *, *, #2947, .T. ) ;
#6711 = VECTOR ( 'NONE', #847, 1000.000000000000114 ) ;
#6712 = CARTESIAN_POINT ( 'NONE',  ( 11.01402484566505890, 5.000000000000023093, 9.600000000000015632 ) ) ;
#6713 = EDGE_LOOP ( 'NONE', ( #568, #1428, #2166, #3905 ) ) ;
#6714 = ORIENTED_EDGE ( 'NONE', *, *, #4682, .T. ) ;
#6715 = CARTESIAN_POINT ( 'NONE',  ( 18.61060500309818977, 31.08592075184099457, 4.000000000000000000 ) ) ;
#6716 = SURFACE_STYLE_USAGE ( .BOTH. , #5045 ) ;
#6717 = CARTESIAN_POINT ( 'NONE',  ( 5.400000000000900968, 0.000000000000000000, 10.00000000000000000 ) ) ;
#6719 = CARTESIAN_POINT ( 'NONE',  ( 71.86683121451774525, 67.23721840925139759, -13.48410808690937124 ) ) ;
#6718 = DIRECTION ( 'NONE',  ( -1.000000000000000000, 0.000000000000000000, 0.000000000000000000 ) ) ;
#6720 = VERTEX_POINT ( 'NONE', #5709 ) ;
#6721 = CARTESIAN_POINT ( 'NONE',  ( 78.02831089662203112, 12.45999491999002373, 1.400000000000012346 ) ) ;
#6722 = CARTESIAN_POINT ( 'NONE',  ( 46.94653210253800779, 28.88980021391638431, -17.00997182357270887 ) ) ;
#6723 = ORIENTED_EDGE ( 'NONE', *, *, #1231, .T. ) ;
#6724 = ORIENTED_EDGE ( 'NONE', *, *, #4417, .F. ) ;
#6725 = ORIENTED_EDGE ( 'NONE', *, *, #4504, .T. ) ;
#6726 = EDGE_CURVE ( 'NONE', #2785, #2598, #1420, .T. ) ;
#6727 = EDGE_CURVE ( 'NONE', #2039, #2932, #4896, .T. ) ;
#6728 = ORIENTED_EDGE ( 'NONE', *, *, #5286, .T. ) ;
#6729 = DIRECTION ( 'NONE',  ( 0.7071067811867293162, 0.7071067811863657182, 0.000000000000000000 ) ) ;
#6730 = ORIENTED_EDGE ( 'NONE', *, *, #6396, .F. ) ;
#6731 = ORIENTED_EDGE ( 'NONE', *, *, #4089, .F. ) ;
#6732 = ORIENTED_EDGE ( 'NONE', *, *, #2714, .T. ) ;
#6733 = AXIS2_PLACEMENT_3D ( 'NONE', #3082, #1984, #5499 ) ;
#6734 = EDGE_CURVE ( 'NONE', #2217, #6655, #257, .T. ) ;
#6735 = ADVANCED_FACE ( 'NONE', ( #6557 ), #1378, .F. ) ;
#6736 = CARTESIAN_POINT ( 'NONE',  ( 0.000000000000000000, 28.88980021391638431, -17.00997182357270887 ) ) ;
#6737 = DIRECTION ( 'NONE',  ( -0.7071067811865600072, 0.7071067811865350272, 0.000000000000000000 ) ) ;
#6738 = VECTOR ( 'NONE', #3100, 1000.000000000000000 ) ;
#6739 = VECTOR ( 'NONE', #1534, 1000.000000000000000 ) ;
#6740 = EDGE_CURVE ( 'NONE', #6152, #6833, #2026, .T. ) ;
#6741 = DIRECTION ( 'NONE',  ( 0.000000000000000000, -0.000000000000000000, 1.000000000000000000 ) ) ;
#6742 = VERTEX_POINT ( 'NONE', #782 ) ;
#6743 = VECTOR ( 'NONE', #4842, 1000.000000000000114 ) ;
#6744 = DIRECTION ( 'NONE',  ( 1.000000000000000000, 0.000000000000000000, 0.000000000000000000 ) ) ;
#6745 = LINE ( 'NONE', #1446, #2392 ) ;
#6746 = CARTESIAN_POINT ( 'NONE',  ( 76.16692151384303600, 8.415085090169998949, 1.000000000000000888 ) ) ;
#6747 = EDGE_CURVE ( 'NONE', #6938, #2266, #7090, .T. ) ;
#6748 = CARTESIAN_POINT ( 'NONE',  ( 79.97474980950003953, 10.50829548434902350, 10.00099999999999945 ) ) ;
#6749 = CARTESIAN_POINT ( 'NONE',  ( 58.63157658086556978, 31.75317541498461082, 5.999999999999987566 ) ) ;
#6750 = ORIENTED_EDGE ( 'NONE', *, *, #1090, .T. ) ;
#6751 = DIRECTION ( 'NONE',  ( 0.000000000000000000, -1.000000000000000000, 0.000000000000000000 ) ) ;
#6752 = ORIENTED_EDGE ( 'NONE', *, *, #5604, .F. ) ;
#6753 = VERTEX_POINT ( 'NONE', #4212 ) ;
#6754 = DIRECTION ( 'NONE',  ( 0.000000000000000000, 0.000000000000000000, 1.000000000000000000 ) ) ;
#6755 = DIRECTION ( 'NONE',  ( -1.000000000000000000, 0.000000000000000000, 0.000000000000000000 ) ) ;
#6756 = CARTESIAN_POINT ( 'NONE',  ( 46.94653210253800779, 0.000000000000000000, 3.600000000000002309 ) ) ;
#6758 = CARTESIAN_POINT ( 'NONE',  ( 24.39482367791670825, 58.95339717370433874, 10.00000000000000000 ) ) ;
#6757 = CARTESIAN_POINT ( 'NONE',  ( 65.34807733323546586, 45.95871309031685570, 4.399999999999997691 ) ) ;
#6759 = ORIENTED_EDGE ( 'NONE', *, *, #1044, .T. ) ;
#6760 = DIRECTION ( 'NONE',  ( -1.355284293265842525E-13, 1.000000000000000000, 0.000000000000000000 ) ) ;
#6761 = EDGE_CURVE ( 'NONE', #1618, #6637, #5992, .T. ) ;
#6762 = DIRECTION ( 'NONE',  ( 0.7071067811865524577, -0.7071067811865425767, 0.000000000000000000 ) ) ;
#6763 = ORIENTED_EDGE ( 'NONE', *, *, #610, .T. ) ;
#6764 = ORIENTED_EDGE ( 'NONE', *, *, #5719, .T. ) ;
#6765 = EDGE_LOOP ( 'NONE', ( #868, #3415, #3090, #4402 ) ) ;
#6766 = EDGE_CURVE ( 'NONE', #6431, #1312, #7159, .T. ) ;
#6767 = ORIENTED_EDGE ( 'NONE', *, *, #5532, .T. ) ;
#6768 = FACE_OUTER_BOUND ( 'NONE', #7211, .T. ) ;
#6769 = ADVANCED_FACE ( 'NONE', ( #1459 ), #3044, .F. ) ;
#6770 = ORIENTED_EDGE ( 'NONE', *, *, #5901, .T. ) ;
#6771 = EDGE_LOOP ( 'NONE', ( #4413, #7226, #4459, #3278 ) ) ;
#6772 = EDGE_CURVE ( 'NONE', #6313, #5504, #6521, .T. ) ;
#6773 = DIRECTION ( 'NONE',  ( 0.0001978291858416224519, 0.9999999804318063790, 0.000000000000000000 ) ) ;
#6774 = DIRECTION ( 'NONE',  ( 1.000000000000000000, 0.000000000000000000, 0.000000000000000000 ) ) ;
#6775 = ADVANCED_FACE ( 'NONE', ( #3084, #1986 ), #1308, .T. ) ;
#6776 = LINE ( 'NONE', #5102, #4519 ) ;
#6777 = VERTEX_POINT ( 'NONE', #3646 ) ;
#6778 = VECTOR ( 'NONE', #3154, 1000.000000000000000 ) ;
#6779 = LINE ( 'NONE', #3823, #4071 ) ;
#6780 = FACE_OUTER_BOUND ( 'NONE', #3675, .T. ) ;
#6781 = FACE_OUTER_BOUND ( 'NONE', #1814, .T. ) ;
#6782 = DIRECTION ( 'NONE',  ( 0.7071067811865350272, 0.7071067811865600072, 0.000000000000000000 ) ) ;
#6783 = DIRECTION ( 'NONE',  ( 0.7071067811865322517, 9.583307142038741232E-14, 0.7071067811865627828 ) ) ;
#6784 = ORIENTED_EDGE ( 'NONE', *, *, #4824, .F. ) ;
#6785 = CARTESIAN_POINT ( 'NONE',  ( 0.000000000000000000, 30.28592075184098675, 1.000000000000000888 ) ) ;
#6786 = ORIENTED_EDGE ( 'NONE', *, *, #3155, .T. ) ;
#6787 = DIRECTION ( 'NONE',  ( 0.000000000000000000, 0.000000000000000000, -1.000000000000000000 ) ) ;
#6788 = LINE ( 'NONE', #3913, #6845 ) ;
#6790 = DIRECTION ( 'NONE',  ( 0.000000000000000000, 0.000000000000000000, 1.000000000000000000 ) ) ;
#6789 = DIRECTION ( 'NONE',  ( -0.5014961741008044926, -0.4984993353679002537, 0.7071067811865598962 ) ) ;
#6791 = FACE_BOUND ( 'NONE', #5077, .T. ) ;
#6792 = DIRECTION ( 'NONE',  ( -0.000000000000000000, -0.000000000000000000, -1.000000000000000000 ) ) ;
#6793 = ADVANCED_FACE ( 'NONE', ( #4854 ), #3194, .T. ) ;
#6794 = DIRECTION ( 'NONE',  ( 1.000000000000000000, 0.000000000000000000, 0.000000000000000000 ) ) ;
#6795 = ORIENTED_EDGE ( 'NONE', *, *, #6198, .T. ) ;
#6796 = VERTEX_POINT ( 'NONE', #7126 ) ;
#6797 = VERTEX_POINT ( 'NONE', #4244 ) ;
#6798 = ORIENTED_EDGE ( 'NONE', *, *, #6179, .F. ) ;
#6799 = VECTOR ( 'NONE', #7462, 1000.000000000000114 ) ;
#6800 = CARTESIAN_POINT ( 'NONE',  ( 0.000000000000000000, 52.35311032234201889, 1.399999999999998579 ) ) ;
#6801 = EDGE_LOOP ( 'NONE', ( #6870, #2887, #4246, #725 ) ) ;
#6802 = VERTEX_POINT ( 'NONE', #3682 ) ;
#6803 = EDGE_CURVE ( 'NONE', #4030, #1344, #4744, .T. ) ;
#6804 = LINE ( 'NONE', #1628, #5162 ) ;
#6805 = CARTESIAN_POINT ( 'NONE',  ( 72.94807733323547438, 40.55871309031687844, 4.000000000000000000 ) ) ;
#6806 = DIRECTION ( 'NONE',  ( 1.000000000000000000, 0.000000000000000000, 0.000000000000000000 ) ) ;
#6808 = PLANE ( 'NONE',  #1249 ) ;
#6807 = VECTOR ( 'NONE', #4033, 1000.000000000000000 ) ;
#6809 = ORIENTED_EDGE ( 'NONE', *, *, #1734, .F. ) ;
#6810 = VECTOR ( 'NONE', #3332, 1000.000000000000114 ) ;
#6811 = EDGE_CURVE ( 'NONE', #945, #154, #6486, .T. ) ;
#6812 = DIRECTION ( 'NONE',  ( 0.000000000000000000, -0.7071067811865474617, 0.7071067811865474617 ) ) ;
#6813 = VECTOR ( 'NONE', #818, 1000.000000000000000 ) ;
#6814 = CARTESIAN_POINT ( 'NONE',  ( 6.275077090004080205, 53.30201203392996234, 10.00000000000000000 ) ) ;
#6815 = CARTESIAN_POINT ( 'NONE',  ( 11.67132469877178025, 49.93421759231525670, 4.000000000000000000 ) ) ;
#6816 = CARTESIAN_POINT ( 'NONE',  ( 59.77578496594467339, 40.61884720954800088, 1.400000000000012346 ) ) ;
#6817 = CARTESIAN_POINT ( 'NONE',  ( 30.61060500309819332, 27.68592075184100310, -14.99112027467291597 ) ) ;
#6818 = AXIS2_PLACEMENT_3D ( 'NONE', #3373, #1750, #5680 ) ;
#6819 = VERTEX_POINT ( 'NONE', #859 ) ;
#6820 = FACE_BOUND ( 'NONE', #306, .T. ) ;
#6821 = ORIENTED_EDGE ( 'NONE', *, *, #5057, .T. ) ;
#6822 = CARTESIAN_POINT ( 'NONE',  ( 8.888803657608024267, 8.415085090169998949, 9.600000000000022737 ) ) ;
#6823 = EDGE_CURVE ( 'NONE', #3099, #465, #5348, .T. ) ;
#6824 = PLANE ( 'NONE',  #230 ) ;
#6825 = CARTESIAN_POINT ( 'NONE',  ( 0.000000000000000000, 0.000000000000000000, 1.000000000000000888 ) ) ;
#6826 = EDGE_CURVE ( 'NONE', #5944, #5393, #184, .T. ) ;
#6828 = DIRECTION ( 'NONE',  ( -8.260587980841936807E-16, -1.000000000000000000, 0.000000000000000000 ) ) ;
#6827 = CARTESIAN_POINT ( 'NONE',  ( 10.53880365760799442, 8.415085090169998949, 10.00000000000000000 ) ) ;
#6829 = ORIENTED_EDGE ( 'NONE', *, *, #878, .T. ) ;
#6830 = VECTOR ( 'NONE', #6211, 1000.000000000000000 ) ;
#6831 = AXIS2_PLACEMENT_3D ( 'NONE', #1331, #2056, #3638 ) ;
#6832 = DIRECTION ( 'NONE',  ( 0.000000000000000000, 0.000000000000000000, -1.000000000000000000 ) ) ;
#6833 = VERTEX_POINT ( 'NONE', #6108 ) ;
#6834 = PLANE ( 'NONE',  #832 ) ;
#6835 = ORIENTED_EDGE ( 'NONE', *, *, #7393, .F. ) ;
#6836 = DIRECTION ( 'NONE',  ( -0.5773502691896250649, 0.5773502691896272854, 0.5773502691896250649 ) ) ;
#6837 = VERTEX_POINT ( 'NONE', #7315 ) ;
#6838 = VECTOR ( 'NONE', #7152, 1000.000000000000000 ) ;
#6839 = ORIENTED_EDGE ( 'NONE', *, *, #1788, .T. ) ;
#6840 = CARTESIAN_POINT ( 'NONE',  ( 41.42884860408194214, 27.75317541498460372, -10.67514906227531313 ) ) ;
#6841 = VERTEX_POINT ( 'NONE', #5650 ) ;
#6842 = PLANE ( 'NONE',  #220 ) ;
#6843 = LINE ( 'NONE', #468, #57 ) ;
#6844 = DIRECTION ( 'NONE',  ( -0.7071067811865495711, -0.7071067811865455743, 0.000000000000000000 ) ) ;
#6845 = VECTOR ( 'NONE', #1046, 999.9999999999998863 ) ;
#6846 = CIRCLE ( 'NONE', #5395, 1.649999999999971045 ) ;
#6847 = DIRECTION ( 'NONE',  ( 1.000000000000000000, 0.000000000000000000, 0.000000000000000000 ) ) ;
#6848 = EDGE_CURVE ( 'NONE', #1002, #2935, #5009, .T. ) ;
#6849 = EDGE_LOOP ( 'NONE', ( #3141, #4141, #3260, #5778 ) ) ;
#6850 = EDGE_CURVE ( 'NONE', #537, #2490, #4451, .T. ) ;
#6851 = CARTESIAN_POINT ( 'NONE',  ( 5.000000000000903277, 54.01736618697488979, 1.399999999999998579 ) ) ;
#6852 = AXIS2_PLACEMENT_3D ( 'NONE', #1062, #3972, #5314 ) ;
#6853 = LINE ( 'NONE', #4087, #312 ) ;
#6854 = DIRECTION ( 'NONE',  ( -1.000000000000000000, 0.000000000000000000, 0.000000000000000000 ) ) ;
#6855 = CARTESIAN_POINT ( 'NONE',  ( 41.02884860408194356, 26.91886083993382428, 10.00000000000000000 ) ) ;
#6856 = EDGE_LOOP ( 'NONE', ( #3537, #6016, #52, #4296 ) ) ;
#6857 = ADVANCED_FACE ( 'NONE', ( #1650 ), #6144, .T. ) ;
#6858 = LINE ( 'NONE', #2699, #3230 ) ;
#6859 = ORIENTED_EDGE ( 'NONE', *, *, #2287, .F. ) ;
#6860 = VECTOR ( 'NONE', #1911, 1000.000000000000000 ) ;
#6861 = EDGE_CURVE ( 'NONE', #5916, #2441, #934, .T. ) ;
#6862 = DIRECTION ( 'NONE',  ( 1.000000000000000000, 0.000000000000000000, 0.000000000000000000 ) ) ;
#6863 = EDGE_CURVE ( 'NONE', #3429, #1571, #5543, .T. ) ;
#6864 = CARTESIAN_POINT ( 'NONE',  ( 18.61060500309818977, 24.68592075184099954, 1.400000000000012346 ) ) ;
#6865 = DIRECTION ( 'NONE',  ( -0.7100637267678131526, -0.7041374183556817767, 0.000000000000000000 ) ) ;
#6867 = CARTESIAN_POINT ( 'NONE',  ( 5.875044450089777825, 53.13706121412302252, 10.00099999999999945 ) ) ;
#6866 = CARTESIAN_POINT ( 'NONE',  ( 55.24511320246803336, 59.97470916941927044, 4.000000000000000000 ) ) ;
#6868 = PLANE ( 'NONE',  #879 ) ;
#6869 = DIRECTION ( 'NONE',  ( -0.9999999924245159821, 0.0001230892683151790486, 0.000000000000000000 ) ) ;
#6870 = ORIENTED_EDGE ( 'NONE', *, *, #6107, .T. ) ;
#6871 = PLANE ( 'NONE',  #3408 ) ;
#6872 = VERTEX_POINT ( 'NONE', #411 ) ;
#6873 = ADVANCED_FACE ( 'NONE', ( #4520 ), #6824, .T. ) ;
#6874 = EDGE_CURVE ( 'NONE', #2979, #1438, #2671, .T. ) ;
#6875 = DIRECTION ( 'NONE',  ( -1.000000000000000000, 0.000000000000000000, 0.000000000000000000 ) ) ;
#6876 = EDGE_CURVE ( 'NONE', #5291, #6051, #3879, .T. ) ;
#6877 = VERTEX_POINT ( 'NONE', #6180 ) ;
#6878 = EDGE_CURVE ( 'NONE', #7237, #6649, #3796, .T. ) ;
#6879 = MANIFOLD_SOLID_BREP ( '\X2\501289d2\X0\18', #4711 ) ;
#6880 = VERTEX_POINT ( 'NONE', #2637 ) ;
#6881 = CARTESIAN_POINT ( 'NONE',  ( 12.01402484566508733, 19.96343870725182512, 10.00099999999999945 ) ) ;
#6882 = VECTOR ( 'NONE', #7110, 1000.000000000000000 ) ;
#6883 = ORIENTED_EDGE ( 'NONE', *, *, #4297, .F. ) ;
#6884 = CARTESIAN_POINT ( 'NONE',  ( 12.07195935263215958, 6.980503763349589235E-15, 1.399999999999998579 ) ) ;
#6885 = CARTESIAN_POINT ( 'NONE',  ( 55.42884860408193504, 23.35317541498460159, 9.600000000000015632 ) ) ;
#6886 = DIRECTION ( 'NONE',  ( 0.000000000000000000, 0.000000000000000000, 1.000000000000000000 ) ) ;
#6887 = LINE ( 'NONE', #615, #2586 ) ;
#6888 = ORIENTED_EDGE ( 'NONE', *, *, #7317, .T. ) ;
#6889 = ORIENTED_EDGE ( 'NONE', *, *, #92, .T. ) ;
#6890 = AXIS2_PLACEMENT_3D ( 'NONE', #2205, #4511, #623 ) ;
#6891 = LINE ( 'NONE', #6956, #3701 ) ;
#6892 = CARTESIAN_POINT ( 'NONE',  ( 54.21417128568235455, 54.07187430677429774, 6.000000000000000000 ) ) ;
#6893 = EDGE_CURVE ( 'NONE', #1179, #1396, #1609, .T. ) ;
#6894 = VECTOR ( 'NONE', #2511, 1000.000000000000114 ) ;
#6895 = FACE_OUTER_BOUND ( 'NONE', #524, .T. ) ;
#6896 = CARTESIAN_POINT ( 'NONE',  ( 5.871324698771779538, 34.33421759231527659, 10.00099999999999945 ) ) ;
#6897 = ORIENTED_EDGE ( 'NONE', *, *, #3851, .F. ) ;
#6898 = DIRECTION ( 'NONE',  ( 0.2810846377147841468, 0.6785983445458545482, -0.6785983445458545482 ) ) ;
#6899 = ORIENTED_EDGE ( 'NONE', *, *, #7013, .F. ) ;
#6900 = CARTESIAN_POINT ( 'NONE',  ( 69.46052051343058054, 22.45736682458219491, 8.704191409597632045 ) ) ;
#6901 = LINE ( 'NONE', #55, #3233 ) ;
#6902 = PLANE ( 'NONE',  #1448 ) ;
#6904 = DIRECTION ( 'NONE',  ( -0.2810846377148285558, 0.6785983445458571017, 0.6785983445458334540 ) ) ;
#6903 = DIRECTION ( 'NONE',  ( 0.7071067811865475727, -0.7071067811865475727, 0.000000000000000000 ) ) ;
#6905 = CARTESIAN_POINT ( 'NONE',  ( 0.000000000000000000, 43.29286487643511094, 1.000000000000000888 ) ) ;
#6906 = CARTESIAN_POINT ( 'NONE',  ( 24.39487291362403454, 53.90641816659306329, 6.000000000000000000 ) ) ;
#6907 = EDGE_CURVE ( 'NONE', #2691, #990, #6219, .T. ) ;
#6908 = VERTEX_POINT ( 'NONE', #7239 ) ;
#6909 = CARTESIAN_POINT ( 'NONE',  ( 0.1806726710734743446, 35.45912363470095841, 4.780672671073094904 ) ) ;
#6910 = VERTEX_POINT ( 'NONE', #2066 ) ;
#6911 = LINE ( 'NONE', #4029, #5634 ) ;
#6912 = ORIENTED_EDGE ( 'NONE', *, *, #6661, .T. ) ;
#6913 = ORIENTED_EDGE ( 'NONE', *, *, #3655, .T. ) ;
#6914 = DIRECTION ( 'NONE',  ( 0.000000000000000000, -1.000000000000000000, 0.000000000000000000 ) ) ;
#6915 = EDGE_LOOP ( 'NONE', ( #146, #2004 ) ) ;
#6916 = CARTESIAN_POINT ( 'NONE',  ( 53.48264078761654616, 52.77490806565516834, 6.000000000000000000 ) ) ;
#6917 = DIRECTION ( 'NONE',  ( 0.7071067811865474617, -0.7071067811865474617, -0.000000000000000000 ) ) ;
#6918 = DIRECTION ( 'NONE',  ( -0.9999999804318064900, 0.0001978291858416224790, 0.000000000000000000 ) ) ;
#6919 = EDGE_LOOP ( 'NONE', ( #2938, #5723, #3020, #6383 ) ) ;
#6920 = VERTEX_POINT ( 'NONE', #4366 ) ;
#6921 = LINE ( 'NONE', #45, #3344 ) ;
#6922 = LINE ( 'NONE', #2775, #4422 ) ;
#6923 = LINE ( 'NONE', #6360, #2542 ) ;
#6924 = DIRECTION ( 'NONE',  ( 1.000000000000000000, 0.000000000000000000, 0.000000000000000000 ) ) ;
#6925 = AXIS2_PLACEMENT_3D ( 'NONE', #4148, #7063, #723 ) ;
#6926 = DIRECTION ( 'NONE',  ( 0.7071067811865490160, 0.7071067811865461294, -0.000000000000000000 ) ) ;
#6927 = VERTEX_POINT ( 'NONE', #1221 ) ;
#6928 = VERTEX_POINT ( 'NONE', #1794 ) ;
#6929 = DIRECTION ( 'NONE',  ( -1.000000000000000000, 0.000000000000000000, 0.000000000000000000 ) ) ;
#6930 = DIRECTION ( 'NONE',  ( 0.000000000000000000, -1.000000000000000000, 0.000000000000000000 ) ) ;
#6931 = VECTOR ( 'NONE', #5219, 999.9999999999998863 ) ;
#6933 = DIRECTION ( 'NONE',  ( 1.000000000000000000, 0.000000000000000000, 0.000000000000000000 ) ) ;
#6932 = CARTESIAN_POINT ( 'NONE',  ( 12.07195935263212760, 59.97470916941908570, 16.53782239231018991 ) ) ;
#6934 = FACE_OUTER_BOUND ( 'NONE', #155, .T. ) ;
#6935 = CARTESIAN_POINT ( 'NONE',  ( 65.34807733323546586, 45.95871309031685570, 4.399999999999997691 ) ) ;
#6936 = VERTEX_POINT ( 'NONE', #4591 ) ;
#6937 = DIRECTION ( 'NONE',  ( -1.000000000000000000, 0.000000000000000000, 0.000000000000000000 ) ) ;
#6938 = VERTEX_POINT ( 'NONE', #6864 ) ;
#6939 = LINE ( 'NONE', #6412, #2012 ) ;
#6940 = ORIENTED_EDGE ( 'NONE', *, *, #6217, .F. ) ;
#6941 = AXIS2_PLACEMENT_3D ( 'NONE', #2493, #6789, #4789 ) ;
#6942 = VECTOR ( 'NONE', #1716, 1000.000000000000000 ) ;
#6943 = VECTOR ( 'NONE', #347, 1000.000000000000114 ) ;
#6944 = VERTEX_POINT ( 'NONE', #5155 ) ;
#6945 = LINE ( 'NONE', #2762, #543 ) ;
#6946 = EDGE_CURVE ( 'NONE', #3078, #5141, #1760, .T. ) ;
#6947 = VECTOR ( 'NONE', #401, 1000.000000000000000 ) ;
#6948 = EDGE_LOOP ( 'NONE', ( #6770, #7177, #1553, #943, #4543, #1346, #660 ) ) ;
#6949 = EDGE_CURVE ( 'NONE', #799, #5989, #592, .T. ) ;
#6950 = LINE ( 'NONE', #5248, #3795 ) ;
#6951 = DIRECTION ( 'NONE',  ( 0.000000000000000000, 0.000000000000000000, 1.000000000000000000 ) ) ;
#6952 = PLANE ( 'NONE',  #1976 ) ;
#6953 = ORIENTED_EDGE ( 'NONE', *, *, #1774, .F. ) ;
#6954 = ORIENTED_EDGE ( 'NONE', *, *, #7249, .T. ) ;
#6955 = EDGE_CURVE ( 'NONE', #7187, #2030, #6901, .T. ) ;
#6956 = CARTESIAN_POINT ( 'NONE',  ( 79.44982876820644435, 10.29128091250906785, 0.8750789587064199404 ) ) ;
#6957 = DIRECTION ( 'NONE',  ( 0.000000000000000000, 0.000000000000000000, 1.000000000000000000 ) ) ;
#6958 = VECTOR ( 'NONE', #358, 1000.000000000000000 ) ;
#6959 = ADVANCED_FACE ( 'NONE', ( #6436 ), #7422, .T. ) ;
#6960 = DIRECTION ( 'NONE',  ( -0.7071067811865475727, 0.000000000000000000, -0.7071067811865475727 ) ) ;
#6961 = LINE ( 'NONE', #1754, #5779 ) ;
#6962 = ORIENTED_EDGE ( 'NONE', *, *, #149, .F. ) ;
#6963 = EDGE_LOOP ( 'NONE', ( #2279, #1992, #1656, #4808 ) ) ;
#6964 = AXIS2_PLACEMENT_3D ( 'NONE', #546, #474, #5144 ) ;
#6965 = EDGE_CURVE ( 'NONE', #3996, #3647, #5800, .T. ) ;
#6966 = DIRECTION ( 'NONE',  ( -0.000000000000000000, -0.000000000000000000, -1.000000000000000000 ) ) ;
#6967 = FACE_OUTER_BOUND ( 'NONE', #2496, .T. ) ;
#6969 = LINE ( 'NONE', #5229, #2212 ) ;
#6968 = DIRECTION ( 'NONE',  ( -0.7071067673497321016, 0.0001398863588252223923, 0.7071067811865605623 ) ) ;
#6970 = DIRECTION ( 'NONE',  ( 0.000000000000000000, 1.000000000000000000, -0.000000000000000000 ) ) ;
#6971 = AXIS2_PLACEMENT_3D ( 'NONE', #5950, #1876, #4814 ) ;
#6972 = PLANE ( 'NONE',  #1996 ) ;
#6973 = VERTEX_POINT ( 'NONE', #4557 ) ;
#6974 = DIRECTION ( 'NONE',  ( -0.7071067811865502373, 0.7071067811865449082, 0.000000000000000000 ) ) ;
#6975 = ORIENTED_EDGE ( 'NONE', *, *, #3803, .T. ) ;
#6976 = CARTESIAN_POINT ( 'NONE',  ( 5.400000000000031442, 7.158251002322315593, 10.00000000000000000 ) ) ;
#6977 = CONICAL_SURFACE ( 'NONE', #473, 1.650000000000012568, 0.7853981633974610466 ) ;
#6978 = AXIS2_PLACEMENT_3D ( 'NONE', #1693, #5582, #1546 ) ;
#6979 = ORIENTED_EDGE ( 'NONE', *, *, #5883, .F. ) ;
#6980 = EDGE_CURVE ( 'NONE', #465, #7445, #5115, .T. ) ;
#6981 = CARTESIAN_POINT ( 'NONE',  ( 41.42884860408194214, 27.75317541498460372, 4.000000000000000000 ) ) ;
#6982 = EDGE_LOOP ( 'NONE', ( #164, #1872, #1122, #6559, #5622, #4429, #1620, #2334, #3550, #7270 ) ) ;
#6983 = EDGE_LOOP ( 'NONE', ( #776, #6477, #6444, #190 ) ) ;
#6984 = ADVANCED_FACE ( 'NONE', ( #3382 ), #3524, .T. ) ;
#6985 = CARTESIAN_POINT ( 'NONE',  ( 78.02831089662203112, 12.45999491999002373, 10.00099999999999945 ) ) ;
#6986 = DIRECTION ( 'NONE',  ( -0.7071067811865460184, 0.7071067811865489050, 0.000000000000000000 ) ) ;
#6987 = EDGE_CURVE ( 'NONE', #5473, #7370, #19, .T. ) ;
#6988 = EDGE_CURVE ( 'NONE', #5465, #1617, #2922, .T. ) ;
#6989 = CARTESIAN_POINT ( 'NONE',  ( 11.27132469877176568, 34.33421759231526948, 4.400000000000011902 ) ) ;
#6990 = ORIENTED_EDGE ( 'NONE', *, *, #992, .F. ) ;
#6991 = ORIENTED_EDGE ( 'NONE', *, *, #2250, .T. ) ;
#6992 = CARTESIAN_POINT ( 'NONE',  ( 78.03203064794003296, 52.35311032234201889, 10.00099999999999945 ) ) ;
#6993 = DIRECTION ( 'NONE',  ( -0.7071067758298704709, 8.703725631700244027E-05, -0.7071067811865484609 ) ) ;
#6994 = EDGE_CURVE ( 'NONE', #6152, #4982, #2359, .T. ) ;
#6995 = LINE ( 'NONE', #1112, #2298 ) ;
#6996 = ORIENTED_EDGE ( 'NONE', *, *, #3893, .T. ) ;
#6997 = ORIENTED_EDGE ( 'NONE', *, *, #5665, .F. ) ;
#6998 = DIRECTION ( 'NONE',  ( -0.000000000000000000, -0.000000000000000000, 1.000000000000000000 ) ) ;
#6999 = VECTOR ( 'NONE', #6708, 1000.000000000000000 ) ;
#7000 = DIRECTION ( 'NONE',  ( -1.000000000000000000, 0.000000000000000000, 0.000000000000000000 ) ) ;
#7001 = CARTESIAN_POINT ( 'NONE',  ( 79.97474980950003953, 54.29582948390102359, 9.600000000000015632 ) ) ;
#7003 = CARTESIAN_POINT ( 'NONE',  ( 11.67195935263212903, 59.57470916941908712, 1.000000000000000888 ) ) ;
#7002 = CARTESIAN_POINT ( 'NONE',  ( 65.74807733323545733, 45.95871309031685570, 4.399999999999983480 ) ) ;
#7004 = CARTESIAN_POINT ( 'NONE',  ( 30.21060500309817698, 24.68592075184099954, 1.000000000000000888 ) ) ;
#7005 = CARTESIAN_POINT ( 'NONE',  ( 5.000000000000903277, 54.01736618697488979, 9.600000000000015632 ) ) ;
#7006 = ORIENTED_EDGE ( 'NONE', *, *, #1741, .F. ) ;
#7007 = DIRECTION ( 'NONE',  ( 0.7071067811865412445, -1.334591744878158007E-14, 0.7071067811865537900 ) ) ;
#7008 = EDGE_LOOP ( 'NONE', ( #2533, #6644, #4580, #1353 ) ) ;
#7009 = LINE ( 'NONE', #607, #86 ) ;
#7010 = AXIS2_PLACEMENT_3D ( 'NONE', #2522, #1339, #2443 ) ;
#7011 = DIRECTION ( 'NONE',  ( 0.5000000000001174616, -0.4999999999998824829, 0.7071067811865474617 ) ) ;
#7012 = EDGE_CURVE ( 'NONE', #2785, #6872, #4020, .T. ) ;
#7013 = EDGE_CURVE ( 'NONE', #3890, #7392, #4093, .T. ) ;
#7014 = VERTEX_POINT ( 'NONE', #2293 ) ;
#7015 = CARTESIAN_POINT ( 'NONE',  ( 74.91692151384303600, 8.415085090169998949, 9.600000000000019185 ) ) ;
#7016 = ORIENTED_EDGE ( 'NONE', *, *, #454, .T. ) ;
#7017 = ORIENTED_EDGE ( 'NONE', *, *, #6262, .T. ) ;
#7018 = VECTOR ( 'NONE', #102, 999.9999999999998863 ) ;
#7019 = FACE_OUTER_BOUND ( 'NONE', #2034, .T. ) ;
#7020 = FACE_OUTER_BOUND ( 'NONE', #2324, .T. ) ;
#7021 = DIRECTION ( 'NONE',  ( -1.000000000000000000, 0.000000000000000000, 0.000000000000000000 ) ) ;
#7022 = ORIENTED_EDGE ( 'NONE', *, *, #2940, .T. ) ;
#7023 = EDGE_LOOP ( 'NONE', ( #1167, #1041, #3208, #2109 ) ) ;
#7024 = VECTOR ( 'NONE', #668, 1000.000000000000000 ) ;
#7025 = ADVANCED_FACE ( 'NONE', ( #5829 ), #3989, .F. ) ;
#7026 = CARTESIAN_POINT ( 'NONE',  ( 24.15537245830518742, 49.46624416020436854, 2.291336094549187408 ) ) ;
#7027 = DIRECTION ( 'NONE',  ( 0.7061519002946796686, -0.7080603743397965166, 0.000000000000000000 ) ) ;
#7028 = EDGE_CURVE ( 'NONE', #3643, #227, #4625, .T. ) ;
#7029 = VECTOR ( 'NONE', #2362, 1000.000000000000114 ) ;
#7030 = LINE ( 'NONE', #5826, #117 ) ;
#7031 = ORIENTED_EDGE ( 'NONE', *, *, #6385, .T. ) ;
#7032 = ORIENTED_EDGE ( 'NONE', *, *, #6698, .T. ) ;
#7033 = EDGE_CURVE ( 'NONE', #5164, #6139, #520, .T. ) ;
#7034 = DIRECTION ( 'NONE',  ( -5.782411586589351722E-16, 1.000000000000000000, 0.000000000000000000 ) ) ;
#7035 = DIRECTION ( 'NONE',  ( 0.000000000000000000, -0.000000000000000000, -1.000000000000000000 ) ) ;
#7036 = CARTESIAN_POINT ( 'NONE',  ( 0.000000000000000000, 59.57470916941927186, 10.00000000000000000 ) ) ;
#7038 = CARTESIAN_POINT ( 'NONE',  ( 24.79487291362405088, 54.07207475066783076, 6.000000000000000000 ) ) ;
#7037 = DIRECTION ( 'NONE',  ( 0.000000000000000000, 0.000000000000000000, 1.000000000000000000 ) ) ;
#7039 = LINE ( 'NONE', #1867, #2001 ) ;
#7040 = CARTESIAN_POINT ( 'NONE',  ( 12.07132469877178060, -2.617551292637258512E-15, 4.000000000000000000 ) ) ;
#7041 = ORIENTED_EDGE ( 'NONE', *, *, #1140, .T. ) ;
#7042 = LINE ( 'NONE', #5807, #1720 ) ;
#7043 = ORIENTED_EDGE ( 'NONE', *, *, #1586, .F. ) ;
#7044 = FACE_OUTER_BOUND ( 'NONE', #1995, .T. ) ;
#7045 = VECTOR ( 'NONE', #3009, 1000.000000000000000 ) ;
#7046 = EDGE_CURVE ( 'NONE', #6488, #3922, #1116, .T. ) ;
#7047 = EDGE_CURVE ( 'NONE', #4492, #3429, #6367, .T. ) ;
#7048 = FACE_OUTER_BOUND ( 'NONE', #3731, .T. ) ;
#7049 = CARTESIAN_POINT ( 'NONE',  ( 58.63157658086556978, 31.55317541498460443, 6.199999999999993960 ) ) ;
#7050 = AXIS2_PLACEMENT_3D ( 'NONE', #6822, #6754, #7350 ) ;
#7051 = ORIENTED_EDGE ( 'NONE', *, *, #4046, .F. ) ;
#7052 = DIRECTION ( 'NONE',  ( -0.000000000000000000, -0.000000000000000000, -1.000000000000000000 ) ) ;
#7053 = EDGE_CURVE ( 'NONE', #990, #6802, #700, .T. ) ;
#7054 = EDGE_LOOP ( 'NONE', ( #4340, #637, #2375, #1907 ) ) ;
#7055 = VECTOR ( 'NONE', #7027, 1000.000000000000000 ) ;
#7056 = ORIENTED_EDGE ( 'NONE', *, *, #6675, .T. ) ;
#7057 = VECTOR ( 'NONE', #1868, 1000.000000000000000 ) ;
#7058 = CONICAL_SURFACE ( 'NONE', #3801, 1.650000000000012568, 0.7853981633974610466 ) ;
#7059 = EDGE_CURVE ( 'NONE', #2441, #873, #2995, .T. ) ;
#7060 = CARTESIAN_POINT ( 'NONE',  ( 23.99487291362402175, 59.75339717067414824, 4.000000000000000000 ) ) ;
#7061 = CARTESIAN_POINT ( 'NONE',  ( 63.49024130048304215, 35.03617221234399182, 4.000000000000000000 ) ) ;
#7062 = VECTOR ( 'NONE', #2169, 999.9999999999998863 ) ;
#7063 = DIRECTION ( 'NONE',  ( 0.000000000000000000, 0.000000000000000000, -1.000000000000000000 ) ) ;
#7064 = ORIENTED_EDGE ( 'NONE', *, *, #3937, .T. ) ;
#7065 = VERTEX_POINT ( 'NONE', #4880 ) ;
#7066 = CARTESIAN_POINT ( 'NONE',  ( 30.36384666122887666, 28.00073866860863703, 1.000000000000000888 ) ) ;
#7067 = FACE_OUTER_BOUND ( 'NONE', #2788, .T. ) ;
#7068 = ADVANCED_FACE ( 'NONE', ( #7113 ), #1898, .F. ) ;
#7069 = DIRECTION ( 'NONE',  ( -0.7071067811865440200, 0.000000000000000000, -0.7071067811865511255 ) ) ;
#7070 = ORIENTED_EDGE ( 'NONE', *, *, #175, .T. ) ;
#7071 = ORIENTED_EDGE ( 'NONE', *, *, #4827, .F. ) ;
#7072 = ADVANCED_FACE ( 'NONE', ( #6586 ), #2509, .T. ) ;
#7073 = PLANE ( 'NONE',  #1661 ) ;
#7074 = DIRECTION ( 'NONE',  ( 0.7071067811865474617, 0.7071067811865474617, 0.000000000000000000 ) ) ;
#7075 = DIRECTION ( 'NONE',  ( -0.000000000000000000, -0.000000000000000000, 1.000000000000000000 ) ) ;
#7077 = LINE ( 'NONE', #4628, #5103 ) ;
#7076 = CARTESIAN_POINT ( 'NONE',  ( 54.61482092964090640, 59.34967741935614782, 9.600000000000019185 ) ) ;
#7078 = DIRECTION ( 'NONE',  ( 0.7071067811867248754, -0.7071067811863702701, 0.000000000000000000 ) ) ;
#7079 = EDGE_CURVE ( 'NONE', #5888, #6389, #4201, .T. ) ;
#7080 = DIRECTION ( 'NONE',  ( 1.000000000000000000, -3.469446951953610639E-15, 0.000000000000000000 ) ) ;
#7081 = ADVANCED_FACE ( 'NONE', ( #3071 ), #5302, .T. ) ;
#7082 = ORIENTED_EDGE ( 'NONE', *, *, #585, .T. ) ;
#7083 = DIRECTION ( 'NONE',  ( 0.4999999999999927836, -0.4999999999999856781, 0.7071067811865627828 ) ) ;
#7084 = EDGE_LOOP ( 'NONE', ( #6117, #2894, #6595, #609 ) ) ;
#7085 = EDGE_CURVE ( 'NONE', #75, #4312, #5336, .T. ) ;
#7086 = VECTOR ( 'NONE', #7253, 1000.000000000000114 ) ;
#7087 = CARTESIAN_POINT ( 'NONE',  ( 78.03203064794003296, 52.35311032234201889, 10.00099999999999945 ) ) ;
#7088 = LINE ( 'NONE', #4779, #509 ) ;
#7089 = VECTOR ( 'NONE', #327, 1000.000000000000000 ) ;
#7090 = LINE ( 'NONE', #5385, #6860 ) ;
#7091 = AXIS2_PLACEMENT_3D ( 'NONE', #3137, #3247, #3778 ) ;
#7092 = ORIENTED_EDGE ( 'NONE', *, *, #7413, .T. ) ;
#7093 = DIRECTION ( 'NONE',  ( 8.459549885149580644E-16, 0.7071067811865414665, -0.7071067811865536790 ) ) ;
#7094 = EDGE_CURVE ( 'NONE', #2813, #3172, #3635, .T. ) ;
#7095 = VECTOR ( 'NONE', #3377, 1000.000000000000000 ) ;
#7096 = EDGE_CURVE ( 'NONE', #3037, #3276, #5372, .T. ) ;
#7097 = ORIENTED_EDGE ( 'NONE', *, *, #4310, .T. ) ;
#7098 = ORIENTED_EDGE ( 'NONE', *, *, #502, .T. ) ;
#7099 = EDGE_LOOP ( 'NONE', ( #5283, #6940, #3641, #5839 ) ) ;
#7100 = VECTOR ( 'NONE', #1340, 1000.000000000000114 ) ;
#7101 = ORIENTED_EDGE ( 'NONE', *, *, #4547, .T. ) ;
#7102 = CARTESIAN_POINT ( 'NONE',  ( 61.49646495961755477, 61.94978567811628523, 28.07828484988066009 ) ) ;
#7103 = CARTESIAN_POINT ( 'NONE',  ( 0.000000000000000000, 24.68592075184099954, 3.600000000000002309 ) ) ;
#7104 = CARTESIAN_POINT ( 'NONE',  ( 25.52610449534172687, 52.77490806565516834, 6.000000000000000000 ) ) ;
#7105 = ORIENTED_EDGE ( 'NONE', *, *, #6740, .T. ) ;
#7106 = ORIENTED_EDGE ( 'NONE', *, *, #4140, .F. ) ;
#7107 = DIRECTION ( 'NONE',  ( -0.7870447919190708408, -0.6168958546732719039, 0.000000000000000000 ) ) ;
#7108 = LINE ( 'NONE', #5363, #1516 ) ;
#7109 = EDGE_CURVE ( 'NONE', #5916, #1893, #6545, .T. ) ;
#7110 = DIRECTION ( 'NONE',  ( -2.168404344971008868E-16, -1.000000000000000000, 0.000000000000000000 ) ) ;
#7111 = ORIENTED_EDGE ( 'NONE', *, *, #5958, .T. ) ;
#7112 = LINE ( 'NONE', #6544, #3102 ) ;
#7113 = FACE_OUTER_BOUND ( 'NONE', #2286, .T. ) ;
#7114 = DIRECTION ( 'NONE',  ( -0.5000000000000065503, 0.5000000000000049960, 0.7071067811865394681 ) ) ;
#7116 = PLANE ( 'NONE',  #1239 ) ;
#7115 = CARTESIAN_POINT ( 'NONE',  ( 0.000000000000000000, 34.88980021391638076, -17.00997182357270887 ) ) ;
#7117 = DIRECTION ( 'NONE',  ( -0.5000000000001086908, 0.4999999999998738232, 0.7071067811865598962 ) ) ;
#7118 = CARTESIAN_POINT ( 'NONE',  ( 12.01402484566508733, 19.96343870725182512, 10.00099999999999945 ) ) ;
#7119 = EDGE_LOOP ( 'NONE', ( #1953, #481, #5994, #101 ) ) ;
#7120 = DIRECTION ( 'NONE',  ( 0.000000000000000000, 0.000000000000000000, 1.000000000000000000 ) ) ;
#7121 = ORIENTED_EDGE ( 'NONE', *, *, #90, .T. ) ;
#7122 = DIRECTION ( 'NONE',  ( -0.3444812404952704576, 0.6175213963474008860, -0.7071067811865446862 ) ) ;
#7123 = AXIS2_PLACEMENT_3D ( 'NONE', #7412, #2810, #4014 ) ;
#7124 = EDGE_CURVE ( 'NONE', #3172, #4108, #769, .T. ) ;
#7125 = DIRECTION ( 'NONE',  ( -1.000000000000000000, 0.000000000000000000, 0.000000000000000000 ) ) ;
#7126 = CARTESIAN_POINT ( 'NONE',  ( 74.57992486567026447, 5.400000000000021672, 10.00000000000000000 ) ) ;
#7127 = PLANE ( 'NONE',  #6192 ) ;
#7128 = ORIENTED_EDGE ( 'NONE', *, *, #1088, .F. ) ;
#7129 = LINE ( 'NONE', #751, #5478 ) ;
#7130 = VECTOR ( 'NONE', #3599, 1000.000000000000000 ) ;
#7131 = LINE ( 'NONE', #5618, #2764 ) ;
#7132 = ORIENTED_EDGE ( 'NONE', *, *, #5143, .F. ) ;
#7133 = EDGE_LOOP ( 'NONE', ( #5095, #5619, #3168, #4990 ) ) ;
#7134 = AXIS2_PLACEMENT_3D ( 'NONE', #3681, #1945, #4243 ) ;
#7135 = VERTEX_POINT ( 'NONE', #4802 ) ;
#7136 = ORIENTED_EDGE ( 'NONE', *, *, #2043, .T. ) ;
#7137 = CARTESIAN_POINT ( 'NONE',  ( -3.126387544042333211, 61.34820352588740633, 1.473612455957062917 ) ) ;
#7138 = DIRECTION ( 'NONE',  ( -8.260587980841936807E-16, -1.000000000000000000, 0.000000000000000000 ) ) ;
#7139 = CARTESIAN_POINT ( 'NONE',  ( 9.709359025140567923, 53.53706121412302110, 1.000000000000000888 ) ) ;
#7140 = ORIENTED_EDGE ( 'NONE', *, *, #675, .F. ) ;
#7141 = ORIENTED_EDGE ( 'NONE', *, *, #1231, .F. ) ;
#7142 = DIRECTION ( 'NONE',  ( 5.782411586589351722E-16, -1.000000000000000000, 0.000000000000000000 ) ) ;
#7143 = FACE_OUTER_BOUND ( 'NONE', #6311, .T. ) ;
#7144 = CARTESIAN_POINT ( 'NONE',  ( 55.42884860408193504, 24.35317541498460869, 9.600000000000015632 ) ) ;
#7145 = ORIENTED_EDGE ( 'NONE', *, *, #256, .T. ) ;
#7146 = DIRECTION ( 'NONE',  ( -0.000000000000000000, 0.7071067811865475727, 0.7071067811865475727 ) ) ;
#7147 = DIRECTION ( 'NONE',  ( -1.000000000000000000, 0.000000000000000000, 0.000000000000000000 ) ) ;
#7148 = LINE ( 'NONE', #3710, #5134 ) ;
#7149 = VECTOR ( 'NONE', #3147, 1000.000000000000114 ) ;
#7151 = DIRECTION ( 'NONE',  ( -0.000000000000000000, -0.000000000000000000, -1.000000000000000000 ) ) ;
#7150 = DIRECTION ( 'NONE',  ( 0.7071067811865474617, -0.7071067811865474617, 0.000000000000000000 ) ) ;
#7152 = DIRECTION ( 'NONE',  ( 0.000000000000000000, 0.000000000000000000, -1.000000000000000000 ) ) ;
#7153 = LINE ( 'NONE', #1978, #1636 ) ;
#7154 = ORIENTED_EDGE ( 'NONE', *, *, #7446, .F. ) ;
#7155 = CARTESIAN_POINT ( 'NONE',  ( 36.63180065388673512, 43.69286487643512373, 3.399999999999983036 ) ) ;
#7156 = EDGE_LOOP ( 'NONE', ( #713, #1005, #2531, #1466 ) ) ;
#7157 = DIRECTION ( 'NONE',  ( 0.000000000000000000, -0.7071067811865352493, 0.7071067811865597852 ) ) ;
#7158 = CARTESIAN_POINT ( 'NONE',  ( 11.67132469877178025, 49.93421759231525670, 4.400000000000011902 ) ) ;
#7159 = LINE ( 'NONE', #2483, #1422 ) ;
#7160 = DIRECTION ( 'NONE',  ( -5.782411586589358625E-16, -1.000000000000000000, 0.000000000000000000 ) ) ;
#7161 = ORIENTED_EDGE ( 'NONE', *, *, #2006, .T. ) ;
#7162 = CARTESIAN_POINT ( 'NONE',  ( 73.71952070086389597, -1.726823384434508983E-13, 4.000000000000000000 ) ) ;
#7163 = VECTOR ( 'NONE', #5547, 1000.000000000000000 ) ;
#7164 = EDGE_CURVE ( 'NONE', #2348, #2797, #1862, .T. ) ;
#7165 = DIRECTION ( 'NONE',  ( 0.000000000000000000, 0.000000000000000000, -1.000000000000000000 ) ) ;
#7166 = EDGE_LOOP ( 'NONE', ( #6330, #573, #6795, #385 ) ) ;
#7167 = VECTOR ( 'NONE', #3936, 1000.000000000000000 ) ;
#7168 = ORIENTED_EDGE ( 'NONE', *, *, #3490, .T. ) ;
#7169 = EDGE_LOOP ( 'NONE', ( #5594, #43, #4028, #3960 ) ) ;
#7170 = VECTOR ( 'NONE', #897, 1000.000000000000114 ) ;
#7171 = EDGE_LOOP ( 'NONE', ( #2223, #7359, #6786, #2258, #1878, #493 ) ) ;
#7172 = FACE_OUTER_BOUND ( 'NONE', #1548, .T. ) ;
#7173 = VECTOR ( 'NONE', #7367, 1000.000000000000114 ) ;
#7174 = EDGE_CURVE ( 'NONE', #5090, #5927, #5449, .T. ) ;
#7175 = ADVANCED_FACE ( 'NONE', ( #3108 ), #6977, .F. ) ;
#7176 = CARTESIAN_POINT ( 'NONE',  ( 24.39487291362403099, 59.35339717067414256, 5.599999999999988987 ) ) ;
#7177 = ORIENTED_EDGE ( 'NONE', *, *, #4179, .T. ) ;
#7178 = VERTEX_POINT ( 'NONE', #5867 ) ;
#7179 = ADVANCED_FACE ( 'NONE', ( #3597 ), #5413, .F. ) ;
#7180 = VECTOR ( 'NONE', #4454, 1000.000000000000000 ) ;
#7181 = LINE ( 'NONE', #7256, #1780 ) ;
#7182 = LINE ( 'NONE', #5483, #3666 ) ;
#7183 = AXIS2_PLACEMENT_3D ( 'NONE', #1161, #7428, #5656 ) ;
#7184 = VECTOR ( 'NONE', #4577, 1000.000000000000000 ) ;
#7185 = EDGE_CURVE ( 'NONE', #3340, #4747, #1256, .T. ) ;
#7186 = CARTESIAN_POINT ( 'NONE',  ( 76.16692151384303600, 8.415085090169998949, 9.600000000000019185 ) ) ;
#7187 = VERTEX_POINT ( 'NONE', #1971 ) ;
#7188 = VECTOR ( 'NONE', #5340, 1000.000000000000000 ) ;
#7189 = CARTESIAN_POINT ( 'NONE',  ( 8.888803657608024267, 8.415085090169998949, 10.00000000000000000 ) ) ;
#7190 = DIRECTION ( 'NONE',  ( 0.000000000000000000, 0.000000000000000000, 1.000000000000000000 ) ) ;
#7191 = LINE ( 'NONE', #4922, #6947 ) ;
#7193 = PLANE ( 'NONE',  #6428 ) ;
#7192 = DIRECTION ( 'NONE',  ( 0.000000000000000000, -1.000000000000000000, 0.000000000000000000 ) ) ;
#7194 = LINE ( 'NONE', #2436, #4730 ) ;
#7195 = DIRECTION ( 'NONE',  ( -0.7071067811865475727, 0.000000000000000000, 0.7071067811865475727 ) ) ;
#7196 = ORIENTED_EDGE ( 'NONE', *, *, #915, .F. ) ;
#7197 = DIRECTION ( 'NONE',  ( 0.7071067811865497932, 0.7071067811865453523, -0.000000000000000000 ) ) ;
#7198 = VERTEX_POINT ( 'NONE', #3709 ) ;
#7199 = CARTESIAN_POINT ( 'NONE',  ( 55.82884860408194072, 26.91886083993383494, 10.00000000000000000 ) ) ;
#7200 =( LENGTH_UNIT ( ) NAMED_UNIT ( * ) SI_UNIT ( .MILLI., .METRE. ) );
#7201 = CARTESIAN_POINT ( 'NONE',  ( 55.42884860408194214, 26.75317541498458951, 4.000000000000000000 ) ) ;
#7202 = DIRECTION ( 'NONE',  ( 0.6785983445458454444, -0.2810846377148277786, -0.6785983445458454444 ) ) ;
#7203 = CARTESIAN_POINT ( 'NONE',  ( 41.42884860408194214, 26.75317541498458951, 9.600000000000015632 ) ) ;
#7204 = ORIENTED_EDGE ( 'NONE', *, *, #3484, .T. ) ;
#7205 = AXIS2_PLACEMENT_3D ( 'NONE', #3746, #2010, #5032 ) ;
#7206 = DIRECTION ( 'NONE',  ( -0.6686102372592538368, 0.3254546070717824202, -0.6686102372592538368 ) ) ;
#7207 = CIRCLE ( 'NONE', #1406, 1.250000000000001110 ) ;
#7208 = CARTESIAN_POINT ( 'NONE',  ( 0.000000000000000000, 12.01402484683418415, 1.399999999999984590 ) ) ;
#7209 = VERTEX_POINT ( 'NONE', #4162 ) ;
#7210 = ORIENTED_EDGE ( 'NONE', *, *, #4082, .T. ) ;
#7211 = EDGE_LOOP ( 'NONE', ( #2302, #1324, #6141, #5707 ) ) ;
#7212 = VECTOR ( 'NONE', #3059, 1000.000000000000000 ) ;
#7213 = ADVANCED_FACE ( 'NONE', ( #5903 ), #475, .T. ) ;
#7214 = VERTEX_POINT ( 'NONE', #966 ) ;
#7215 = CARTESIAN_POINT ( 'NONE',  ( 8.888803657608024267, 56.44252476504900073, 10.00000000000000000 ) ) ;
#7216 = VECTOR ( 'NONE', #5462, 999.9999999999998863 ) ;
#7217 = DIRECTION ( 'NONE',  ( -0.7049845209112707289, 0.7092226908915888473, 0.000000000000000000 ) ) ;
#7218 = EDGE_LOOP ( 'NONE', ( #4945, #4703, #5232, #5586 ) ) ;
#7219 = ORIENTED_EDGE ( 'NONE', *, *, #4121, .T. ) ;
#7220 = ADVANCED_FACE ( 'NONE', ( #4962 ), #6054, .T. ) ;
#7221 = CARTESIAN_POINT ( 'NONE',  ( 7.725537539196223769, 6.769550851071016950, -0.3695508510709784034 ) ) ;
#7222 = DIRECTION ( 'NONE',  ( -1.000000000000000000, 0.000000000000000000, 0.000000000000000000 ) ) ;
#7223 = EDGE_CURVE ( 'NONE', #7392, #4622, #6745, .T. ) ;
#7224 = ADVANCED_FACE ( 'NONE', ( #5565 ), #7303, .T. ) ;
#7225 = DIRECTION ( 'NONE',  ( 2.342423510106018633E-15, 1.000000000000000000, 0.000000000000000000 ) ) ;
#7226 = ORIENTED_EDGE ( 'NONE', *, *, #3624, .T. ) ;
#7227 = PLANE ( 'NONE',  #5876 ) ;
#7228 = DIRECTION ( 'NONE',  ( 0.6785983445458627639, -0.2810846377148502606, 0.6785983445458189101 ) ) ;
#7229 = LINE ( 'NONE', #2053, #3683 ) ;
#7231 = DIRECTION ( 'NONE',  ( 0.000000000000000000, 1.000000000000000000, 0.000000000000000000 ) ) ;
#7230 = PLANE ( 'NONE',  #5558 ) ;
#7232 = DIRECTION ( 'NONE',  ( -1.000000000000000000, 0.000000000000000000, 0.000000000000000000 ) ) ;
#7233 = DIRECTION ( 'NONE',  ( -0.5000000000000024425, 0.5000000000000019984, 0.7071067811865445751 ) ) ;
#7234 = ORIENTED_EDGE ( 'NONE', *, *, #6528, .F. ) ;
#7235 = VECTOR ( 'NONE', #1250, 1000.000000000000000 ) ;
#7236 = DIRECTION ( 'NONE',  ( -1.000000000000000000, 0.000000000000000000, 0.000000000000000000 ) ) ;
#7237 = VERTEX_POINT ( 'NONE', #2626 ) ;
#7238 = CARTESIAN_POINT ( 'NONE',  ( 5.400000000000900968, 54.01736618697488979, 10.00000000000000000 ) ) ;
#7239 = CARTESIAN_POINT ( 'NONE',  ( 5.000000000000030198, 6.992565577373023977, 1.399999999999984590 ) ) ;
#7240 = LINE ( 'NONE', #4409, #379 ) ;
#7241 = LINE ( 'NONE', #823, #7170 ) ;
#7242 = ORIENTED_EDGE ( 'NONE', *, *, #2194, .T. ) ;
#7243 = CARTESIAN_POINT ( 'NONE',  ( 62.89024130048304073, 35.63617221234400034, 2.000000000000000000 ) ) ;
#7244 = FACE_OUTER_BOUND ( 'NONE', #240, .T. ) ;
#7245 = ORIENTED_EDGE ( 'NONE', *, *, #4179, .F. ) ;
#7246 = AXIS2_PLACEMENT_3D ( 'NONE', #4619, #2320, #3943 ) ;
#7247 = VERTEX_POINT ( 'NONE', #2052 ) ;
#7248 = ORIENTED_EDGE ( 'NONE', *, *, #5143, .T. ) ;
#7249 = EDGE_CURVE ( 'NONE', #5697, #2441, #1565, .T. ) ;
#7250 = VECTOR ( 'NONE', #5084, 1000.000000000000000 ) ;
#7251 = ORIENTED_EDGE ( 'NONE', *, *, #1826, .T. ) ;
#7252 = DIRECTION ( 'NONE',  ( -1.000000000000000000, 0.000000000000000000, 0.000000000000000000 ) ) ;
#7253 = DIRECTION ( 'NONE',  ( 9.324293839476711010E-05, 0.9999999956528771161, 0.000000000000000000 ) ) ;
#7254 = ORIENTED_EDGE ( 'NONE', *, *, #1171, .T. ) ;
#7255 = VERTEX_POINT ( 'NONE', #4440 ) ;
#7256 = CARTESIAN_POINT ( 'NONE',  ( 60.81393707745743882, 39.58069509803522834, 2.361847888487184743 ) ) ;
#7257 = LINE ( 'NONE', #2007, #3193 ) ;
#7258 = PLANE ( 'NONE',  #1133 ) ;
#7259 = EDGE_LOOP ( 'NONE', ( #2525, #5776, #5018, #2096 ) ) ;
#7260 = AXIS2_PLACEMENT_3D ( 'NONE', #2590, #7197, #5343 ) ;
#7261 = LINE ( 'NONE', #3217, #807 ) ;
#7262 = ADVANCED_FACE ( 'NONE', ( #400 ), #4921, .F. ) ;
#7263 = DIRECTION ( 'NONE',  ( 0.000000000000000000, -0.000000000000000000, 1.000000000000000000 ) ) ;
#7264 = CARTESIAN_POINT ( 'NONE',  ( 35.04993203123253664, 22.99320014261090961, -10.49660007130545480 ) ) ;
#7265 = LINE ( 'NONE', #1410, #6158 ) ;
#7266 = LINE ( 'NONE', #2665, #2958 ) ;
#7267 = VERTEX_POINT ( 'NONE', #6706 ) ;
#7268 = EDGE_CURVE ( 'NONE', #1509, #5468, #4474, .T. ) ;
#7269 = DIRECTION ( 'NONE',  ( -0.7071067811865474617, -0.7071067811865474617, 0.000000000000000000 ) ) ;
#7270 = ORIENTED_EDGE ( 'NONE', *, *, #3093, .T. ) ;
#7271 = PLANE ( 'NONE',  #661 ) ;
#7272 =( NAMED_UNIT ( * ) SI_UNIT ( $, .STERADIAN. ) SOLID_ANGLE_UNIT ( ) );
#7273 = CARTESIAN_POINT ( 'NONE',  ( 22.62655949004234301, 50.96211759432548405, 11.95460013741021399 ) ) ;
#7274 = FACE_OUTER_BOUND ( 'NONE', #265, .T. ) ;
#7276 = DIRECTION ( 'NONE',  ( -0.5773502691896258421, -0.5773502691896258421, -0.5773502691896258421 ) ) ;
#7275 = DIRECTION ( 'NONE',  ( -0.000000000000000000, -0.7071067811865474617, 0.7071067811865474617 ) ) ;
#7277 = VERTEX_POINT ( 'NONE', #438 ) ;
#7278 = FACE_OUTER_BOUND ( 'NONE', #5926, .T. ) ;
#7279 = LINE ( 'NONE', #6646, #1666 ) ;
#7280 = ORIENTED_EDGE ( 'NONE', *, *, #1389, .F. ) ;
#7281 = VECTOR ( 'NONE', #6933, 1000.000000000000000 ) ;
#7283 = EDGE_LOOP ( 'NONE', ( #1397, #6292, #724, #6151 ) ) ;
#7282 = ADVANCED_FACE ( 'NONE', ( #6780 ), #5639, .T. ) ;
#7284 = ORIENTED_EDGE ( 'NONE', *, *, #5529, .F. ) ;
#7285 = EDGE_CURVE ( 'NONE', #2679, #679, #5071, .T. ) ;
#7286 = ADVANCED_FACE ( 'NONE', ( #998 ), #3901, .T. ) ;
#7287 = ORIENTED_EDGE ( 'NONE', *, *, #2305, .T. ) ;
#7288 = LINE ( 'NONE', #6043, #6943 ) ;
#7289 = VECTOR ( 'NONE', #1708, 1000.000000000000000 ) ;
#7290 = DIRECTION ( 'NONE',  ( -0.000000000000000000, 1.000000000000000000, 0.000000000000000000 ) ) ;
#7291 = ORIENTED_EDGE ( 'NONE', *, *, #5275, .F. ) ;
#7292 = EDGE_LOOP ( 'NONE', ( #4600, #766, #2021, #5820, #1756, #5125 ) ) ;
#7293 = EDGE_CURVE ( 'NONE', #5999, #5989, #1486, .T. ) ;
#7294 = CARTESIAN_POINT ( 'NONE',  ( 77.62714841342992145, -0.007238183448740162680, 10.00000000000000000 ) ) ;
#7295 = AXIS2_PLACEMENT_3D ( 'NONE', #3779, #317, #7222 ) ;
#7296 = DIRECTION ( 'NONE',  ( 0.2810846377148323305, 0.6785983445458563246, -0.6785983445458327878 ) ) ;
#7297 = DIRECTION ( 'NONE',  ( 0.7070197385735585982, -0.7071938130861842309, 0.000000000000000000 ) ) ;
#7298 = ORIENTED_EDGE ( 'NONE', *, *, #6162, .T. ) ;
#7299 = AXIS2_PLACEMENT_3D ( 'NONE', #2749, #1391, #5048 ) ;
#7300 = VECTOR ( 'NONE', #5076, 1000.000000000000000 ) ;
#7301 = LINE ( 'NONE', #2127, #3696 ) ;
#7302 = VECTOR ( 'NONE', #4986, 1000.000000000000000 ) ;
#7303 = PLANE ( 'NONE',  #4680 ) ;
#7304 = CARTESIAN_POINT ( 'NONE',  ( 5.875044450089777825, 53.13706121412302252, 9.600000000000015632 ) ) ;
#7305 = ADVANCED_FACE ( 'NONE', ( #3220 ), #5598, .F. ) ;
#7306 = LINE ( 'NONE', #7345, #1815 ) ;
#7307 = CARTESIAN_POINT ( 'NONE',  ( 11.27132469877176568, 34.33421759231526948, 6.000000000000000000 ) ) ;
#7308 = ORIENTED_EDGE ( 'NONE', *, *, #1174, .F. ) ;
#7309 = VECTOR ( 'NONE', #1144, 1000.000000000000000 ) ;
#7310 = DIRECTION ( 'NONE',  ( 1.887397745837881465E-14, 1.000000000000000000, 0.000000000000000000 ) ) ;
#7311 = ORIENTED_EDGE ( 'NONE', *, *, #4155, .T. ) ;
#7312 = ORIENTED_EDGE ( 'NONE', *, *, #2239, .T. ) ;
#7313 = CARTESIAN_POINT ( 'NONE',  ( 18.21060500309819474, 0.000000000000000000, 4.000000000000000000 ) ) ;
#7314 = EDGE_CURVE ( 'NONE', #3262, #1396, #5535, .T. ) ;
#7315 = CARTESIAN_POINT ( 'NONE',  ( 41.43180065388673938, 44.29286487643512515, 4.000000000000000000 ) ) ;
#7316 = DIRECTION ( 'NONE',  ( -0.7071067811865352493, 0.000000000000000000, 0.7071067811865597852 ) ) ;
#7317 = EDGE_CURVE ( 'NONE', #1424, #3078, #4392, .T. ) ;
#7319 = DIRECTION ( 'NONE',  ( 0.000000000000000000, -1.000000000000000000, 0.000000000000000000 ) ) ;
#7318 = DIRECTION ( 'NONE',  ( 0.000000000000000000, 1.000000000000000000, 0.000000000000000000 ) ) ;
#7320 = CARTESIAN_POINT ( 'NONE',  ( 31.56435473502533640, 19.50762284640371291, -11.78217736751266820 ) ) ;
#7321 = LINE ( 'NONE', #3845, #6581 ) ;
#7322 = EDGE_CURVE ( 'NONE', #6114, #4312, #1529, .T. ) ;
#7323 = PLANE ( 'NONE',  #482 ) ;
#7324 = EDGE_LOOP ( 'NONE', ( #5837, #5660, #7254, #1373 ) ) ;
#7325 = ORIENTED_EDGE ( 'NONE', *, *, #2976, .T. ) ;
#7326 = ORIENTED_EDGE ( 'NONE', *, *, #1964, .T. ) ;
#7327 = EDGE_CURVE ( 'NONE', #1438, #4092, #4509, .T. ) ;
#7328 = EDGE_LOOP ( 'NONE', ( #749, #2263, #3530, #2430 ) ) ;
#7329 = EDGE_CURVE ( 'NONE', #6973, #2598, #5679, .T. ) ;
#7330 = CARTESIAN_POINT ( 'NONE',  ( 76.16692151384303600, 56.44252476504900073, 1.000000000000000888 ) ) ;
#7331 = ORIENTED_EDGE ( 'NONE', *, *, #4950, .T. ) ;
#7332 = ORIENTED_EDGE ( 'NONE', *, *, #5657, .F. ) ;
#7333 = CIRCLE ( 'NONE', #2980, 1.649999999999971045 ) ;
#7334 = ORIENTED_EDGE ( 'NONE', *, *, #6861, .T. ) ;
#7335 = DIRECTION ( 'NONE',  ( 1.000000000000000000, 0.000000000000000000, 0.000000000000000000 ) ) ;
#7336 = LINE ( 'NONE', #6885, #1025 ) ;
#7337 = CARTESIAN_POINT ( 'NONE',  ( 58.63157658086556978, 31.35317541498459804, 6.399999999999999467 ) ) ;
#7338 = VERTEX_POINT ( 'NONE', #6814 ) ;
#7339 = VECTOR ( 'NONE', #1499, 1000.000000000000000 ) ;
#7340 = CIRCLE ( 'NONE', #2402, 1.250000000000001110 ) ;
#7341 = DIRECTION ( 'NONE',  ( -0.4999999999999962252, 0.4999999999999962252, 0.7071067811865529018 ) ) ;
#7342 = ADVANCED_FACE ( 'NONE', ( #6247 ), #1641, .F. ) ;
#7343 = CARTESIAN_POINT ( 'NONE',  ( 57.83157658086553710, 23.35317541498460869, 5.999999999999986677 ) ) ;
#7344 = CARTESIAN_POINT ( 'NONE',  ( 32.34140011945461168, 34.54047736040834593, 1.000000000000000888 ) ) ;
#7345 = CARTESIAN_POINT ( 'NONE',  ( 12.07132469877179126, 50.33421759231526948, 4.000000000000000000 ) ) ;
#7346 = DIRECTION ( 'NONE',  ( -0.5006742921851532468, -0.4993247972461326012, 0.7071067811865506814 ) ) ;
#7347 = ORIENTED_EDGE ( 'NONE', *, *, #6579, .T. ) ;
#7348 = CARTESIAN_POINT ( 'NONE',  ( 36.63180065388673512, 43.69286487643512373, -6.830045703262805468 ) ) ;
#7349 = ORIENTED_EDGE ( 'NONE', *, *, #7079, .T. ) ;
#7350 = DIRECTION ( 'NONE',  ( 1.000000000000000000, 0.000000000000000000, 0.000000000000000000 ) ) ;
#7351 = DIRECTION ( 'NONE',  ( 2.453269466693396254E-15, 0.7071067811865475727, -0.7071067811865475727 ) ) ;
#7353 = DIRECTION ( 'NONE',  ( 0.7071067811865565655, 8.659560562355043792E-17, -0.7071067811865385799 ) ) ;
#7352 = LINE ( 'NONE', #3654, #674 ) ;
#7354 = ORIENTED_EDGE ( 'NONE', *, *, #5529, .T. ) ;
#7355 = CARTESIAN_POINT ( 'NONE',  ( 0.000000000000000000, 50.73421759231527517, 4.000000000000000000 ) ) ;
#7356 = CARTESIAN_POINT ( 'NONE',  ( 72.94807733323547438, 40.95871309031685570, 4.399999999999997691 ) ) ;
#7357 = ORIENTED_EDGE ( 'NONE', *, *, #3617, .F. ) ;
#7358 = VERTEX_POINT ( 'NONE', #5991 ) ;
#7359 = ORIENTED_EDGE ( 'NONE', *, *, #3291, .T. ) ;
#7360 = EDGE_CURVE ( 'NONE', #6880, #5549, #1712, .T. ) ;
#7361 = EDGE_LOOP ( 'NONE', ( #3555, #2147, #3091, #867 ) ) ;
#7362 = CYLINDRICAL_SURFACE ( 'NONE', #6694, 1.250000000000000222 ) ;
#7363 = ADVANCED_FACE ( 'NONE', ( #7048 ), #4743, .T. ) ;
#7364 = ORIENTED_EDGE ( 'NONE', *, *, #6570, .T. ) ;
#7365 = VECTOR ( 'NONE', #3421, 1000.000000000000000 ) ;
#7366 = LINE ( 'NONE', #2162, #3584 ) ;
#7367 = DIRECTION ( 'NONE',  ( -0.7071067811865474617, -0.7071067811865474617, 0.000000000000000000 ) ) ;
#7368 = CARTESIAN_POINT ( 'NONE',  ( 65.34807733323546586, 41.35871309031685428, 5.000000000000000000 ) ) ;
#7369 = PLANE ( 'NONE',  #773 ) ;
#7370 = VERTEX_POINT ( 'NONE', #3083 ) ;
#7371 = EDGE_CURVE ( 'NONE', #4861, #6593, #5914, .T. ) ;
#7372 = EDGE_CURVE ( 'NONE', #446, #7267, #218, .T. ) ;
#7373 = CARTESIAN_POINT ( 'NONE',  ( 55.01482092661072443, 59.34962818364881088, 4.000000000000000000 ) ) ;
#7374 = DIRECTION ( 'NONE',  ( -0.000000000000000000, -0.000000000000000000, -1.000000000000000000 ) ) ;
#7375 = DIRECTION ( 'NONE',  ( -0.7049845209112707289, 0.7092226908915888473, 0.000000000000000000 ) ) ;
#7376 = PLANE ( 'NONE',  #7246 ) ;
#7377 = CARTESIAN_POINT ( 'NONE',  ( 0.000000000000000000, 59.57470916941908712, 10.00000000000000000 ) ) ;
#7378 = VERTEX_POINT ( 'NONE', #4812 ) ;
#7379 = LINE ( 'NONE', #5605, #6739 ) ;
#7380 = ORIENTED_EDGE ( 'NONE', *, *, #630, .F. ) ;
#7381 = DIRECTION ( 'NONE',  ( -1.000000000000000000, 0.000000000000000000, 0.000000000000000000 ) ) ;
#7382 = CARTESIAN_POINT ( 'NONE',  ( 54.61415088855444111, 53.90613964737286068, 6.000000000000000000 ) ) ;
#7383 = CARTESIAN_POINT ( 'NONE',  ( 8.888803657608024267, 56.44252476504900073, 1.000000000000000888 ) ) ;
#7385 = CARTESIAN_POINT ( 'NONE',  ( 7.158251002323207324, 5.400000000000020783, 10.00000000000000000 ) ) ;
#7384 = FACE_OUTER_BOUND ( 'NONE', #6398, .T. ) ;
#7386 = VERTEX_POINT ( 'NONE', #3571 ) ;
#7387 = DIRECTION ( 'NONE',  ( 0.000000000000000000, 0.000000000000000000, 1.000000000000000000 ) ) ;
#7388 = CARTESIAN_POINT ( 'NONE',  ( -1.793010517040539931, 2.287549152101669314, -14.99112027467291597 ) ) ;
#7389 = VERTEX_POINT ( 'NONE', #1419 ) ;
#7390 = AXIS2_PLACEMENT_3D ( 'NONE', #5773, #601, #23 ) ;
#7391 = VERTEX_POINT ( 'NONE', #747 ) ;
#7392 = VERTEX_POINT ( 'NONE', #255 ) ;
#7393 = EDGE_CURVE ( 'NONE', #3402, #2659, #4136, .T. ) ;
#7394 = VECTOR ( 'NONE', #6336, 1000.000000000000000 ) ;
#7395 = DIRECTION ( 'NONE',  ( -0.000000000000000000, -0.000000000000000000, -1.000000000000000000 ) ) ;
#7396 = ORIENTED_EDGE ( 'NONE', *, *, #2835, .F. ) ;
#7397 = EDGE_CURVE ( 'NONE', #2159, #970, #5461, .T. ) ;
#7398 = EDGE_LOOP ( 'NONE', ( #357, #1164, #5005, #7364, #1658, #3695, #144, #5756, #214 ) ) ;
#7399 = LINE ( 'NONE', #5881, #6487 ) ;
#7400 = ADVANCED_FACE ( 'NONE', ( #5347 ), #5384, .F. ) ;
#7401 = CARTESIAN_POINT ( 'NONE',  ( 18.21060500309819474, 24.28592075184100096, 4.000000000000000000 ) ) ;
#7402 = LINE ( 'NONE', #506, #437 ) ;
#7403 = ADVANCED_FACE ( 'NONE', ( #182 ), #2482, .T. ) ;
#7404 = EDGE_CURVE ( 'NONE', #3719, #7187, #6448, .T. ) ;
#7406 = CARTESIAN_POINT ( 'NONE',  ( 67.63157658086555557, 31.75317541498461082, 6.399999999999999467 ) ) ;
#7405 = VECTOR ( 'NONE', #7395, 1000.000000000000000 ) ;
#7407 = EDGE_LOOP ( 'NONE', ( #2126, #4010, #500, #419 ) ) ;
#7408 = DIRECTION ( 'NONE',  ( -0.5773502691896257311, -0.5773502691896257311, 0.5773502691896257311 ) ) ;
#7409 = VECTOR ( 'NONE', #3191, 1000.000000000000000 ) ;
#7410 = DIRECTION ( 'NONE',  ( -0.7071067811865492381, 0.7071067811865457964, 0.000000000000000000 ) ) ;
#7411 = CARTESIAN_POINT ( 'NONE',  ( 42.42884860408194214, 27.75317541498460372, 9.600000000000017408 ) ) ;
#7412 = CARTESIAN_POINT ( 'NONE',  ( 67.63157658086555557, 31.75317541498461082, 4.400000000000011902 ) ) ;
#7413 = EDGE_CURVE ( 'NONE', #3643, #2455, #7088, .T. ) ;
#7414 = FACE_OUTER_BOUND ( 'NONE', #5455, .T. ) ;
#7415 = AXIS2_PLACEMENT_3D ( 'NONE', #3249, #1400, #238 ) ;
#7416 = ORIENTED_EDGE ( 'NONE', *, *, #1467, .T. ) ;
#7417 = LINE ( 'NONE', #3261, #1897 ) ;
#7418 = ORIENTED_EDGE ( 'NONE', *, *, #758, .T. ) ;
#7419 = EDGE_CURVE ( 'NONE', #4251, #5104, #1909, .T. ) ;
#7420 = CARTESIAN_POINT ( 'NONE',  ( 8.888803657608024267, 56.44252476504900073, 9.599999999999996092 ) ) ;
#7421 = AXIS2_PLACEMENT_3D ( 'NONE', #2588, #6633, #3754 ) ;
#7422 = PLANE ( 'NONE',  #6133 ) ;
#7423 = CARTESIAN_POINT ( 'NONE',  ( 73.15243468099103552, 6.261804759730023484, 9.600000000000015632 ) ) ;
#7425 = CARTESIAN_POINT ( 'NONE',  ( 60.17578496594467907, 40.21884720954799519, 1.000000000000000888 ) ) ;
#7424 = DIRECTION ( 'NONE',  ( -0.7071067811865474617, 0.000000000000000000, 0.7071067811865474617 ) ) ;
#7426 = ORIENTED_EDGE ( 'NONE', *, *, #2619, .F. ) ;
#7427 = CIRCLE ( 'NONE', #5623, 1.650000000000012568 ) ;
#7428 = DIRECTION ( 'NONE',  ( -0.7071067811865489050, 5.841117777841435712E-16, 0.7071067811865462405 ) ) ;
#7429 = ORIENTED_EDGE ( 'NONE', *, *, #1080, .T. ) ;
#7430 = CARTESIAN_POINT ( 'NONE',  ( 5.000000000000030198, 6.992565577373023977, 1.399999999999984590 ) ) ;
#7431 = EDGE_LOOP ( 'NONE', ( #6991, #3130, #407, #2893 ) ) ;
#7432 = CARTESIAN_POINT ( 'NONE',  ( 79.97474980949952794, 57.98214359204602175, 10.00099999999999945 ) ) ;
#7433 = VERTEX_POINT ( 'NONE', #294 ) ;
#7434 = ORIENTED_EDGE ( 'NONE', *, *, #5658, .T. ) ;
#7435 = DIRECTION ( 'NONE',  ( -0.5773502691896257311, -0.5773502691896257311, 0.5773502691896257311 ) ) ;
#7436 = ORIENTED_EDGE ( 'NONE', *, *, #6434, .F. ) ;
#7437 = EDGE_CURVE ( 'NONE', #5164, #497, #3120, .T. ) ;
#7438 = LINE ( 'NONE', #6449, #6246 ) ;
#7439 = LINE ( 'NONE', #6199, #1629 ) ;
#7440 = CARTESIAN_POINT ( 'NONE',  ( 60.89824324753222129, 26.41984208165129644, 7.066666666666672647 ) ) ;
#7441 = AXIS2_PLACEMENT_3D ( 'NONE', #4234, #737, #5868 ) ;
#7442 = VECTOR ( 'NONE', #759, 1000.000000000000000 ) ;
#7443 = LINE ( 'NONE', #6, #3057 ) ;
#7444 = ORIENTED_EDGE ( 'NONE', *, *, #2647, .T. ) ;
#7445 = VERTEX_POINT ( 'NONE', #4853 ) ;
#7446 = EDGE_CURVE ( 'NONE', #3262, #1771, #4286, .T. ) ;
#7447 = CARTESIAN_POINT ( 'NONE',  ( 6.293389235082327845E-14, 38.09286487643519337, 4.000000000000000000 ) ) ;
#7448 = AXIS2_PLACEMENT_3D ( 'NONE', #6277, #4467, #6197 ) ;
#7449 = EDGE_CURVE ( 'NONE', #453, #3426, #3722, .T. ) ;
#7450 = CARTESIAN_POINT ( 'NONE',  ( 30.21060500309818053, 27.88062588133819375, 1.000000000000000888 ) ) ;
#7451 = AXIS2_PLACEMENT_3D ( 'NONE', #3642, #3080, #213 ) ;
#7452 = CARTESIAN_POINT ( 'NONE',  ( 79.57474980950001964, 7.158251002322260526, 1.000000000000000888 ) ) ;
#7453 = DIRECTION ( 'NONE',  ( 0.000000000000000000, 0.7071067811865352493, 0.7071067811865597852 ) ) ;
#7454 = VERTEX_POINT ( 'NONE', #6029 ) ;
#7455 = DIRECTION ( 'NONE',  ( -0.2810846377148241704, -0.6785983445458522167, -0.6785983445458403374 ) ) ;
#7456 = ORIENTED_EDGE ( 'NONE', *, *, #1268, .T. ) ;
#7457 = VECTOR ( 'NONE', #2961, 1000.000000000000000 ) ;
#7458 = LINE ( 'NONE', #6715, #4752 ) ;
#7459 = CARTESIAN_POINT ( 'NONE',  ( 54.42884860408192793, 27.75317541498460372, 9.600000000000015632 ) ) ;
#7460 = LINE ( 'NONE', #597, #6400 ) ;
#7462 = DIRECTION ( 'NONE',  ( 0.7071067811865474617, -0.000000000000000000, -0.7071067811865474617 ) ) ;
#7461 = CARTESIAN_POINT ( 'NONE',  ( 5.400000000000107825, 11.61402484683419445, 1.000000000000000888 ) ) ;
#7463 = PLANE ( 'NONE',  #1841 ) ;
#7464 = PLANE ( 'NONE',  #5129 ) ;
#7465 = ORIENTED_EDGE ( 'NONE', *, *, #332, .T. ) ;
#7466 = FACE_OUTER_BOUND ( 'NONE', #4399, .T. ) ;
#7467 = ORIENTED_EDGE ( 'NONE', *, *, #2960, .T. ) ;
#7468 = CARTESIAN_POINT ( 'NONE',  ( 73.71952070086400965, 54.05016659718972960, 1.400000000000000133 ) ) ;
#7469 = ORIENTED_EDGE ( 'NONE', *, *, #1253, .T. ) ;
ENDSEC;
END-ISO-10303-21;
