ISO-10303-21;
HEADER;
FILE_DESCRIPTION (( 'STEP AP214' ),
    '1' );
FILE_NAME ('½ÓÊÕ¶Ëµ×°å.STEP',
    '2026-05-06T15:17:31',
    ( '' ),
    ( '' ),
    'SwSTEP 2.0',
    'SolidWorks 2024',
    '' );
FILE_SCHEMA (( 'AUTOMOTIVE_DESIGN' ));
ENDSEC;

DATA;
#1 = VECTOR ( 'NONE', #5350, 1000.000000000000000 ) ;
#2 = AXIS2_PLACEMENT_3D ( 'NONE', #3960, #3985, #5531 ) ;
#3 = DIRECTION ( 'NONE',  ( 0.7071067811865469066, 0.7071067811865482389, -0.000000000000000000 ) ) ;
#4 = ORIENTED_EDGE ( 'NONE', *, *, #2189, .T. ) ;
#5 = DIRECTION ( 'NONE',  ( -0.000000000000000000, -0.000000000000000000, 1.000000000000000000 ) ) ;
#6 = PLANE ( 'NONE',  #1041 ) ;
#7 = VECTOR ( 'NONE', #880, 1000.000000000000114 ) ;
#8 = VECTOR ( 'NONE', #213, 1000.000000000000000 ) ;
#9 = FACE_OUTER_BOUND ( 'NONE', #1186, .T. ) ;
#10 = ORIENTED_EDGE ( 'NONE', *, *, #5747, .F. ) ;
#11 = VECTOR ( 'NONE', #5971, 1000.000000000000000 ) ;
#12 = DIRECTION ( 'NONE',  ( 0.000000000000000000, 0.000000000000000000, 1.000000000000000000 ) ) ;
#13 = CARTESIAN_POINT ( 'NONE',  ( 16.99999999999997868, -8.852281976497732074, -42.42640687119285303 ) ) ;
#14 = AXIS2_PLACEMENT_3D ( 'NONE', #4444, #6368, #3919 ) ;
#15 = CARTESIAN_POINT ( 'NONE',  ( 68.31952070086400397, 0.7747091694188932287, 15.60000000000000497 ) ) ;
#16 = DIRECTION ( 'NONE',  ( 0.7071067811865469066, 0.7071067811865482389, -0.000000000000000000 ) ) ;
#17 = VECTOR ( 'NONE', #4980, 1000.000000000000227 ) ;
#18 = EDGE_LOOP ( 'NONE', ( #821, #3055, #2349, #4090, #5036, #1971 ) ) ;
#19 = DIRECTION ( 'NONE',  ( 0.000000000000000000, 1.000000000000000000, 0.000000000000000000 ) ) ;
#20 = DIRECTION ( 'NONE',  ( 0.7071067811865474617, 0.7071067811865474617, 0.000000000000000000 ) ) ;
#21 = AXIS2_PLACEMENT_3D ( 'NONE', #4904, #902, #1908 ) ;
#22 = DIRECTION ( 'NONE',  ( -1.000000000000000000, 0.000000000000000000, 0.000000000000000000 ) ) ;
#23 = EDGE_CURVE ( 'NONE', #2090, #6338, #2858, .T. ) ;
#24 = AXIS2_PLACEMENT_3D ( 'NONE', #1584, #2595, #6137 ) ;
#25 = EDGE_LOOP ( 'NONE', ( #5544, #1199, #2961, #3402 ) ) ;
#26 = PLANE ( 'NONE',  #5149 ) ;
#27 = CARTESIAN_POINT ( 'NONE',  ( 50.27347893229741516, -2.250214950957904136, 5.000000000000000000 ) ) ;
#28 = AXIS2_PLACEMENT_3D ( 'NONE', #484, #457, #427 ) ;
#29 = CARTESIAN_POINT ( 'NONE',  ( 52.00000000000000711, 17.66230093957095448, 41.99999999999999289 ) ) ;
#30 = ORIENTED_EDGE ( 'NONE', *, *, #4492, .F. ) ;
#31 = ORIENTED_EDGE ( 'NONE', *, *, #4057, .T. ) ;
#32 = PRODUCT_DEFINITION_FORMATION_WITH_SPECIFIED_SOURCE ( 'ä»', '', #5790, .NOT_KNOWN. ) ;
#33 = CARTESIAN_POINT ( 'NONE',  ( 72.86692151384301042, -51.58491490983000460, 7.600000000000000533 ) ) ;
#34 = FACE_OUTER_BOUND ( 'NONE', #2186, .T. ) ;
#35 = EDGE_CURVE ( 'NONE', #4920, #6206, #4787, .T. ) ;
#36 = VERTEX_POINT ( 'NONE', #980 ) ;
#37 = CARTESIAN_POINT ( 'NONE',  ( -1.199999999999971978, 0.000000000000000000, 16.00000000000000000 ) ) ;
#38 = ADVANCED_FACE ( 'NONE', ( #2951, #4911, #3846, #3873, #5809, #5353, #1417 ), #482, .F. ) ;
#39 = DIRECTION ( 'NONE',  ( -1.146174137548107193E-17, 1.000000000000000000, 0.000000000000000000 ) ) ;
#40 = CARTESIAN_POINT ( 'NONE',  ( 66.31952070086401818, -5.625102115043186579, 20.01838090617253485 ) ) ;
#41 = EDGE_LOOP ( 'NONE', ( #971, #5966, #4648, #2687 ) ) ;
#42 = LINE ( 'NONE', #4888, #5198 ) ;
#43 = PLANE ( 'NONE',  #3794 ) ;
#44 = LINE ( 'NONE', #1365, #3696 ) ;
#45 = CARTESIAN_POINT ( 'NONE',  ( 50.70311946457120911, -55.80000000000088534, 9.999999999999998224 ) ) ;
#46 = ORIENTED_EDGE ( 'NONE', *, *, #1821, .T. ) ;
#47 = ADVANCED_FACE ( 'NONE', ( #5840 ), #3359, .F. ) ;
#48 = DIRECTION ( 'NONE',  ( 0.000000000000000000, -1.000000000000000000, 0.000000000000000000 ) ) ;
#49 = DIRECTION ( 'NONE',  ( -1.000000000000000000, 0.000000000000000000, -0.000000000000000000 ) ) ;
#50 = CARTESIAN_POINT ( 'NONE',  ( 65.79026276864753697, 2.555483355901315257, 15.07074206778352199 ) ) ;
#51 = ORIENTED_EDGE ( 'NONE', *, *, #1670, .T. ) ;
#52 = ADVANCED_FACE ( 'NONE', ( #9 ), #2889, .F. ) ;
#53 = DIRECTION ( 'NONE',  ( -1.000000000000000000, 0.000000000000000000, 0.000000000000000000 ) ) ;
#54 = CARTESIAN_POINT ( 'NONE',  ( 66.31952070086401818, -5.625102115043186579, 10.00000000000000000 ) ) ;
#55 = EDGE_CURVE ( 'NONE', #2468, #4067, #949, .T. ) ;
#56 = CARTESIAN_POINT ( 'NONE',  ( -3.438522412644323429E-17, 3.000000000000001776, 16.00000000000000000 ) ) ;
#57 = EDGE_LOOP ( 'NONE', ( #5632, #4176, #2901, #4809 ) ) ;
#58 = ORIENTED_EDGE ( 'NONE', *, *, #1108, .T. ) ;
#59 = DIRECTION ( 'NONE',  ( 0.9999999924245159821, -0.0001230892683154107155, -0.000000000000000000 ) ) ;
#60 = LINE ( 'NONE', #4977, #4435 ) ;
#61 = VERTEX_POINT ( 'NONE', #4401 ) ;
#62 = PLANE ( 'NONE',  #99 ) ;
#63 = LINE ( 'NONE', #2619, #5804 ) ;
#64 = ADVANCED_FACE ( 'NONE', ( #6385 ), #3515, .F. ) ;
#65 = CARTESIAN_POINT ( 'NONE',  ( -27.35224534873713509, -27.35224534875087699, 16.00000000000000000 ) ) ;
#66 = VERTEX_POINT ( 'NONE', #2036 ) ;
#67 = LINE ( 'NONE', #4375, #5308 ) ;
#68 = CARTESIAN_POINT ( 'NONE',  ( 66.99999999999997158, -8.852281976497117455, -42.42640687119285303 ) ) ;
#69 = PLANE ( 'NONE',  #3196 ) ;
#70 = DIRECTION ( 'NONE',  ( -0.000000000000000000, -0.000000000000000000, 1.000000000000000000 ) ) ;
#71 = ORIENTED_EDGE ( 'NONE', *, *, #3928, .T. ) ;
#72 = LINE ( 'NONE', #4618, #6198 ) ;
#73 = CARTESIAN_POINT ( 'NONE',  ( 36.39619915974623865, 3.200000000000005063, 9.600000000000001421 ) ) ;
#74 = CARTESIAN_POINT ( 'NONE',  ( 28.58914325646263066, -53.40018871553937174, 10.00000000000000000 ) ) ;
#75 = EDGE_CURVE ( 'NONE', #4151, #6165, #5512, .T. ) ;
#76 = ORIENTED_EDGE ( 'NONE', *, *, #1075, .F. ) ;
#77 = LINE ( 'NONE', #2607, #2354 ) ;
#78 = VECTOR ( 'NONE', #4628, 1000.000000000000000 ) ;
#79 = CARTESIAN_POINT ( 'NONE',  ( -25.67583028905752940, -25.67583028905751519, 16.00000000000000000 ) ) ;
#80 = CARTESIAN_POINT ( 'NONE',  ( 8.999999999999980460, -55.80000000000038796, -13.91866057222030229 ) ) ;
#81 = ADVANCED_FACE ( 'NONE', ( #1511 ), #3939, .F. ) ;
#82 = VECTOR ( 'NONE', #4819, 1000.000000000000000 ) ;
#83 = ORIENTED_EDGE ( 'NONE', *, *, #3797, .T. ) ;
#84 = ORIENTED_EDGE ( 'NONE', *, *, #4161, .T. ) ;
#85 = CARTESIAN_POINT ( 'NONE',  ( 35.39619915974623154, 3.200000000000005063, 11.80000000000000782 ) ) ;
#86 = LINE ( 'NONE', #1118, #2475 ) ;
#87 = VECTOR ( 'NONE', #1939, 1000.000000000000000 ) ;
#88 = ORIENTED_EDGE ( 'NONE', *, *, #235, .T. ) ;
#89 = CARTESIAN_POINT ( 'NONE',  ( 6.641434295410469701, 6.641434295410435951, 9.199999999999999289 ) ) ;
#90 = ADVANCED_FACE ( 'NONE', ( #1485 ), #1039, .F. ) ;
#91 = CARTESIAN_POINT ( 'NONE',  ( 0.000000000000000000, -56.20000000000088392, 16.00000000000000000 ) ) ;
#92 = AXIS2_PLACEMENT_3D ( 'NONE', #5846, #2463, #954 ) ;
#93 = VECTOR ( 'NONE', #3166, 1000.000000000000000 ) ;
#94 = ORIENTED_EDGE ( 'NONE', *, *, #2679, .T. ) ;
#95 = CARTESIAN_POINT ( 'NONE',  ( 0.000000000000000000, 0.000000000000000000, 12.00000000000000000 ) ) ;
#96 = FACE_BOUND ( 'NONE', #3649, .T. ) ;
#97 = CARTESIAN_POINT ( 'NONE',  ( 2.188803657608005881, -51.58491490983000460, 7.600000000000000533 ) ) ;
#98 = LINE ( 'NONE', #5044, #5786 ) ;
#99 = AXIS2_PLACEMENT_3D ( 'NONE', #37, #2032, #574 ) ;
#100 = EDGE_CURVE ( 'NONE', #1136, #4920, #5997, .T. ) ;
#101 = AXIS2_PLACEMENT_3D ( 'NONE', #4081, #4672, #3598 ) ;
#102 = DIRECTION ( 'NONE',  ( 0.000000000000000000, 0.000000000000000000, -1.000000000000000000 ) ) ;
#103 = CARTESIAN_POINT ( 'NONE',  ( 65.31962946484092924, -4.451887246208707793, 7.087300939013892354 ) ) ;
#104 = VECTOR ( 'NONE', #820, 1000.000000000000114 ) ;
#105 = AXIS2_PLACEMENT_3D ( 'NONE', #2534, #2047, #6009 ) ;
#106 = VERTEX_POINT ( 'NONE', #3044 ) ;
#107 = CARTESIAN_POINT ( 'NONE',  ( 66.58578643762680827, -66.58578643762695037, 16.00000000000000000 ) ) ;
#108 = PLANE ( 'NONE',  #293 ) ;
#109 = PLANE ( 'NONE',  #3310 ) ;
#110 = CARTESIAN_POINT ( 'NONE',  ( 0.9899215315246241431, -27.80966039065545203, 10.00000000000000000 ) ) ;
#111 = AXIS2_PLACEMENT_3D ( 'NONE', #6156, #1219, #5182 ) ;
#112 = ORIENTED_EDGE ( 'NONE', *, *, #5817, .F. ) ;
#113 = VECTOR ( 'NONE', #3253, 999.9999999999998863 ) ;
#114 = CARTESIAN_POINT ( 'NONE',  ( 35.39619915974623154, 3.200000000000005063, 9.799999999999993605 ) ) ;
#115 = CARTESIAN_POINT ( 'NONE',  ( 38.99999999999998579, -8.852281976497424765, -42.42640687119285303 ) ) ;
#116 = ORIENTED_EDGE ( 'NONE', *, *, #5869, .F. ) ;
#117 = DIRECTION ( 'NONE',  ( 1.000000000000000000, 0.000000000000000000, 0.000000000000000000 ) ) ;
#118 = AXIS2_PLACEMENT_3D ( 'NONE', #5409, #3827, #1342 ) ;
#119 = ORIENTED_EDGE ( 'NONE', *, *, #2447, .T. ) ;
#120 = PLANE ( 'NONE',  #101 ) ;
#121 = AXIS2_PLACEMENT_3D ( 'NONE', #4342, #884, #5842 ) ;
#122 = PLANE ( 'NONE',  #2572 ) ;
#123 = ORIENTED_EDGE ( 'NONE', *, *, #5993, .T. ) ;
#124 = DIRECTION ( 'NONE',  ( 0.7071067811865456854, -0.7071067811865493491, 0.000000000000000000 ) ) ;
#125 = ORIENTED_EDGE ( 'NONE', *, *, #4741, .T. ) ;
#126 = PLANE ( 'NONE',  #5699 ) ;
#127 = ORIENTED_EDGE ( 'NONE', *, *, #6029, .T. ) ;
#128 = ORIENTED_EDGE ( 'NONE', *, *, #851, .T. ) ;
#129 = PLANE ( 'NONE',  #2774 ) ;
#130 = ORIENTED_EDGE ( 'NONE', *, *, #4800, .T. ) ;
#131 = DIRECTION ( 'NONE',  ( 0.7071067811865451302, 0.7071067811865500152, 0.000000000000000000 ) ) ;
#132 = CARTESIAN_POINT ( 'NONE',  ( -3.400000000000006573, -6.312601124913162387, 15.60000000000000320 ) ) ;
#133 = DIRECTION ( 'NONE',  ( -0.000000000000000000, -0.000000000000000000, 1.000000000000000000 ) ) ;
#134 = PLANE ( 'NONE',  #2069 ) ;
#135 = CARTESIAN_POINT ( 'NONE',  ( 5.999999999999983125, -8.852281976497886617, 5.000000000000000000 ) ) ;
#136 = EDGE_LOOP ( 'NONE', ( #2645, #987, #2140, #5102 ) ) ;
#137 = CARTESIAN_POINT ( 'NONE',  ( -0.01547010933201067168, -54.51885214806360835, -13.91866057222030229 ) ) ;
#138 = ADVANCED_FACE ( 'NONE', ( #2009 ), #2526, .T. ) ;
#139 = LINE ( 'NONE', #585, #2048 ) ;
#140 = CARTESIAN_POINT ( 'NONE',  ( 50.15567906901740969, -2.367031637243527165, 10.00000000000000000 ) ) ;
#141 = CARTESIAN_POINT ( 'NONE',  ( 36.59619915974623439, 0.3512798780564213019, 11.80000000000000426 ) ) ;
#142 = ADVANCED_FACE ( 'NONE', ( #1070 ), #4549, .T. ) ;
#143 = ORIENTED_EDGE ( 'NONE', *, *, #4562, .T. ) ;
#144 = LINE ( 'NONE', #4501, #6193 ) ;
#145 = DIRECTION ( 'NONE',  ( -5.385296291631732159E-14, -1.000000000000000000, 0.000000000000000000 ) ) ;
#146 = ORIENTED_EDGE ( 'NONE', *, *, #5496, .T. ) ;
#147 = DIRECTION ( 'NONE',  ( -1.000000000000000000, 2.255836171106191928E-16, 0.000000000000000000 ) ) ;
#148 = VERTEX_POINT ( 'NONE', #577 ) ;
#149 = ADVANCED_FACE ( 'NONE', ( #1607 ), #129, .T. ) ;
#150 = PLANE ( 'NONE',  #509 ) ;
#151 = DIRECTION ( 'NONE',  ( 0.9999999597409671148, -0.0002837570509955884899, 0.000000000000000000 ) ) ;
#152 = ORIENTED_EDGE ( 'NONE', *, *, #2592, .T. ) ;
#153 = FACE_OUTER_BOUND ( 'NONE', #703, .T. ) ;
#154 = CARTESIAN_POINT ( 'NONE',  ( 5.588803657608005793, -51.58491490983000460, 10.00000000000000000 ) ) ;
#155 = ORIENTED_EDGE ( 'NONE', *, *, #2643, .F. ) ;
#156 = PLANE ( 'NONE',  #5462 ) ;
#157 = ORIENTED_EDGE ( 'NONE', *, *, #1063, .F. ) ;
#158 = CARTESIAN_POINT ( 'NONE',  ( 36.59619915974623439, 3.200000000000005063, 9.799999999999993605 ) ) ;
#159 = DIRECTION ( 'NONE',  ( -0.000000000000000000, -0.000000000000000000, -1.000000000000000000 ) ) ;
#160 = CARTESIAN_POINT ( 'NONE',  ( -0.8000000000014093615, 0.000000000000000000, 12.00000000000000000 ) ) ;
#161 = DIRECTION ( 'NONE',  ( 1.000000000000000000, 0.000000000000000000, 0.000000000000000000 ) ) ;
#162 = DIRECTION ( 'NONE',  ( 0.7071067811865477948, -0.7071067811865473507, -0.000000000000000000 ) ) ;
#163 = ORIENTED_EDGE ( 'NONE', *, *, #3852, .F. ) ;
#164 = ADVANCED_FACE ( 'NONE', ( #2103 ), #1005, .T. ) ;
#165 = EDGE_LOOP ( 'NONE', ( #5939, #6127, #4388, #1757, #1107, #6259, #2428, #3665, #1154, #4373, #3143 ) ) ;
#166 = EDGE_CURVE ( 'NONE', #3955, #5137, #5965, .T. ) ;
#167 = DIRECTION ( 'NONE',  ( 0.000000000000000000, 1.000000000000000000, 0.000000000000000000 ) ) ;
#168 = DIRECTION ( 'NONE',  ( -1.000000000000000000, 0.000000000000000000, 0.000000000000000000 ) ) ;
#169 = DIRECTION ( 'NONE',  ( -2.409338161078898687E-16, 1.000000000000000000, 0.000000000000000000 ) ) ;
#170 = DIRECTION ( 'NONE',  ( 0.000000000000000000, 0.7071067811865530128, -0.7071067811865421326 ) ) ;
#171 = EDGE_CURVE ( 'NONE', #3282, #1480, #1578, .T. ) ;
#172 = ORIENTED_EDGE ( 'NONE', *, *, #4822, .T. ) ;
#173 = VERTEX_POINT ( 'NONE', #5537 ) ;
#174 = DIRECTION ( 'NONE',  ( -0.000000000000000000, -0.000000000000000000, 1.000000000000000000 ) ) ;
#175 = LINE ( 'NONE', #2153, #414 ) ;
#176 = EDGE_CURVE ( 'NONE', #3924, #3234, #1094, .T. ) ;
#177 = CARTESIAN_POINT ( 'NONE',  ( 11.73305320750796632, -55.80000000000053717, 9.999999999999996447 ) ) ;
#178 = EDGE_CURVE ( 'NONE', #3072, #5949, #4059, .T. ) ;
#179 = ORIENTED_EDGE ( 'NONE', *, *, #6355, .T. ) ;
#180 = FACE_OUTER_BOUND ( 'NONE', #3144, .T. ) ;
#181 = ORIENTED_EDGE ( 'NONE', *, *, #5754, .F. ) ;
#182 = DIRECTION ( 'NONE',  ( -0.000000000000000000, -0.000000000000000000, 1.000000000000000000 ) ) ;
#183 = ORIENTED_EDGE ( 'NONE', *, *, #1466, .T. ) ;
#184 = DIRECTION ( 'NONE',  ( -0.7071067811865467956, -0.7071067811865483499, 0.000000000000000000 ) ) ;
#185 = VECTOR ( 'NONE', #3406, 1000.000000000000000 ) ;
#186 = DIRECTION ( 'NONE',  ( 0.000000000000000000, 0.000000000000000000, -1.000000000000000000 ) ) ;
#187 = ORIENTED_EDGE ( 'NONE', *, *, #2836, .F. ) ;
#188 = AXIS2_PLACEMENT_3D ( 'NONE', #1827, #3782, #6302 ) ;
#189 = DIRECTION ( 'NONE',  ( -1.000000000000000000, -2.962157971162378387E-14, 0.000000000000000000 ) ) ;
#190 = VERTEX_POINT ( 'NONE', #6060 ) ;
#191 = CARTESIAN_POINT ( 'NONE',  ( 54.23615939370861838, -55.80000000000088534, 9.999999999999996447 ) ) ;
#192 = LINE ( 'NONE', #4235, #3904 ) ;
#193 = CARTESIAN_POINT ( 'NONE',  ( 69.46692151384301894, -3.557475234951000598, 7.600000000000000533 ) ) ;
#194 = DIRECTION ( 'NONE',  ( 0.000000000000000000, -1.000000000000000000, 0.000000000000000000 ) ) ;
#195 = CIRCLE ( 'NONE', #6307, 3.000000000000002665 ) ;
#196 = LINE ( 'NONE', #3079, #6019 ) ;
#197 = VECTOR ( 'NONE', #4334, 1000.000000000000000 ) ;
#198 = ORIENTED_EDGE ( 'NONE', *, *, #5511, .T. ) ;
#199 = ORIENTED_EDGE ( 'NONE', *, *, #298, .F. ) ;
#200 = CIRCLE ( 'NONE', #2275, 3.100000000000000089 ) ;
#201 = CARTESIAN_POINT ( 'NONE',  ( -3.026536515897027770E-12, -56.19999999999990337, 16.00000000000000000 ) ) ;
#202 = DIRECTION ( 'NONE',  ( 1.000000000000000000, 0.000000000000000000, 0.000000000000000000 ) ) ;
#203 = AXIS2_PLACEMENT_3D ( 'NONE', #3139, #3599, #2259 ) ;
#204 = LINE ( 'NONE', #624, #4345 ) ;
#205 = DIRECTION ( 'NONE',  ( -0.000000000000000000, -0.000000000000000000, 1.000000000000000000 ) ) ;
#206 = EDGE_CURVE ( 'NONE', #5302, #3631, #519, .T. ) ;
#207 = VECTOR ( 'NONE', #5743, 1000.000000000000000 ) ;
#208 = VECTOR ( 'NONE', #5373, 1000.000000000000000 ) ;
#209 = ORIENTED_EDGE ( 'NONE', *, *, #2440, .F. ) ;
#210 = VERTEX_POINT ( 'NONE', #1128 ) ;
#211 = ORIENTED_EDGE ( 'NONE', *, *, #1017, .T. ) ;
#212 = CARTESIAN_POINT ( 'NONE',  ( 75.28938799701681717, -54.04880062128692941, 18.71061200298316507 ) ) ;
#213 = DIRECTION ( 'NONE',  ( 1.000000000000000000, 2.962157971162378387E-14, -0.000000000000000000 ) ) ;
#214 = VECTOR ( 'NONE', #3903, 1000.000000000000000 ) ;
#215 = EDGE_CURVE ( 'NONE', #1806, #1608, #3112, .T. ) ;
#216 = CIRCLE ( 'NONE', #3505, 3.000000000000002665 ) ;
#217 = LINE ( 'NONE', #3728, #6015 ) ;
#218 = VECTOR ( 'NONE', #4633, 1000.000000000000000 ) ;
#219 = ORIENTED_EDGE ( 'NONE', *, *, #2638, .T. ) ;
#220 = CARTESIAN_POINT ( 'NONE',  ( -0.1642283553386714723, -26.46908149434949209, 9.999999999999994671 ) ) ;
#221 = ORIENTED_EDGE ( 'NONE', *, *, #3958, .T. ) ;
#222 = EDGE_CURVE ( 'NONE', #1356, #1492, #4199, .T. ) ;
#223 = DIRECTION ( 'NONE',  ( -0.000000000000000000, -0.000000000000000000, 1.000000000000000000 ) ) ;
#224 = ORIENTED_EDGE ( 'NONE', *, *, #5614, .T. ) ;
#225 = VERTEX_POINT ( 'NONE', #3238 ) ;
#226 = VECTOR ( 'NONE', #2631, 1000.000000000000000 ) ;
#227 = DIRECTION ( 'NONE',  ( -3.854941057726238097E-16, 1.000000000000000000, 0.000000000000000000 ) ) ;
#228 = VERTEX_POINT ( 'NONE', #3706 ) ;
#229 = ORIENTED_EDGE ( 'NONE', *, *, #2513, .F. ) ;
#230 = AXIS2_PLACEMENT_3D ( 'NONE', #4985, #12, #3992 ) ;
#231 = EDGE_CURVE ( 'NONE', #5725, #6365, #3348, .T. ) ;
#232 = FACE_OUTER_BOUND ( 'NONE', #4664, .T. ) ;
#233 = ORIENTED_EDGE ( 'NONE', *, *, #784, .F. ) ;
#234 = CARTESIAN_POINT ( 'NONE',  ( 2.474878816186600883, -6.746422458603144712, 5.000000000000000000 ) ) ;
#235 = EDGE_CURVE ( 'NONE', #5645, #4755, #898, .T. ) ;
#236 = CARTESIAN_POINT ( 'NONE',  ( 69.43211764624986415, -8.737699060429038767, 10.00000000000000000 ) ) ;
#237 = DIRECTION ( 'NONE',  ( -0.2810846377148046860, 0.6785983445458502183, 0.6785983445458502183 ) ) ;
#238 = DIRECTION ( 'NONE',  ( -0.7071067811865463515, 0.7071067811865487940, 0.000000000000000000 ) ) ;
#239 = ORIENTED_EDGE ( 'NONE', *, *, #215, .F. ) ;
#240 = DIRECTION ( 'NONE',  ( 1.146174137548107193E-17, -1.000000000000000000, 0.000000000000000000 ) ) ;
#241 = LINE ( 'NONE', #2213, #82 ) ;
#242 = CARTESIAN_POINT ( 'NONE',  ( 0.000000000000000000, -58.40000000000000568, 15.60000000000000320 ) ) ;
#243 = LINE ( 'NONE', #1695, #2485 ) ;
#244 = EDGE_LOOP ( 'NONE', ( #3179, #3355, #6337, #3865 ) ) ;
#245 = ADVANCED_FACE ( 'NONE', ( #6189 ), #3173, .F. ) ;
#246 = ORIENTED_EDGE ( 'NONE', *, *, #3529, .T. ) ;
#247 = ORIENTED_EDGE ( 'NONE', *, *, #1483, .T. ) ;
#248 = DIRECTION ( 'NONE',  ( 0.4999999999999973910, -0.4999999999999991118, -0.7071067811865500152 ) ) ;
#249 = LINE ( 'NONE', #2673, #8 ) ;
#250 = LINE ( 'NONE', #6114, #1878 ) ;
#251 = ORIENTED_EDGE ( 'NONE', *, *, #1248, .T. ) ;
#252 = EDGE_LOOP ( 'NONE', ( #5079, #3111, #5021, #4430 ) ) ;
#253 = ADVANCED_FACE ( 'NONE', ( #5604 ), #1163, .T. ) ;
#254 = LINE ( 'NONE', #5596, #2700 ) ;
#255 = FACE_OUTER_BOUND ( 'NONE', #4783, .T. ) ;
#256 = ORIENTED_EDGE ( 'NONE', *, *, #1597, .T. ) ;
#257 = ORIENTED_EDGE ( 'NONE', *, *, #2801, .T. ) ;
#258 = CARTESIAN_POINT ( 'NONE',  ( -1.868629150101517089, 1.868629150101523528, 15.60000000000000320 ) ) ;
#259 = VERTEX_POINT ( 'NONE', #5146 ) ;
#260 = FACE_OUTER_BOUND ( 'NONE', #3146, .T. ) ;
#261 = CARTESIAN_POINT ( 'NONE',  ( 76.17474980949904761, -48.99559659518045152, 16.00000000000000000 ) ) ;
#262 = DIRECTION ( 'NONE',  ( 0.7071067811865493491, 0.7071067811865456854, 0.000000000000000000 ) ) ;
#263 = LINE ( 'NONE', #3241, #2894 ) ;
#264 = CARTESIAN_POINT ( 'NONE',  ( 2.188803657608005437, -3.557475234951000598, 10.00000000000000000 ) ) ;
#265 = ORIENTED_EDGE ( 'NONE', *, *, #5007, .F. ) ;
#266 = ADVANCED_FACE ( 'NONE', ( #2694 ), #4089, .T. ) ;
#267 = ORIENTED_EDGE ( 'NONE', *, *, #4973, .T. ) ;
#268 = DIRECTION ( 'NONE',  ( 0.000000000000000000, 0.000000000000000000, -1.000000000000000000 ) ) ;
#269 = CARTESIAN_POINT ( 'NONE',  ( 2.127902282689264180, -2.127902282689160707, 16.00000000000000000 ) ) ;
#270 = CARTESIAN_POINT ( 'NONE',  ( 35.19620848081667219, 0.1514522018860542663, 11.99999067892957250 ) ) ;
#271 = DIRECTION ( 'NONE',  ( 1.000000000000000000, 0.000000000000000000, 0.000000000000000000 ) ) ;
#272 = EDGE_LOOP ( 'NONE', ( #3298, #4169, #1062, #4908 ) ) ;
#273 = ORIENTED_EDGE ( 'NONE', *, *, #4678, .T. ) ;
#274 = DIRECTION ( 'NONE',  ( -0.4999999999999962252, -0.4999999999999939493, -0.7071067811865545671 ) ) ;
#275 = DIRECTION ( 'NONE',  ( -1.000000000000000000, 0.000000000000000000, 0.000000000000000000 ) ) ;
#276 = FACE_OUTER_BOUND ( 'NONE', #4972, .T. ) ;
#277 = ORIENTED_EDGE ( 'NONE', *, *, #2230, .F. ) ;
#278 = CARTESIAN_POINT ( 'NONE',  ( 3.888803657608006059, -3.557475234951000598, 10.00000000000000000 ) ) ;
#279 = ORIENTED_EDGE ( 'NONE', *, *, #979, .F. ) ;
#280 = LINE ( 'NONE', #4164, #1750 ) ;
#281 = ORIENTED_EDGE ( 'NONE', *, *, #5130, .F. ) ;
#282 = VERTEX_POINT ( 'NONE', #6159 ) ;
#283 = ADVANCED_FACE ( 'NONE', ( #232 ), #751, .T. ) ;
#284 = FACE_OUTER_BOUND ( 'NONE', #491, .T. ) ;
#285 = VECTOR ( 'NONE', #1918, 1000.000000000000000 ) ;
#286 = EDGE_LOOP ( 'NONE', ( #4759, #6108, #119, #1360 ) ) ;
#287 = ORIENTED_EDGE ( 'NONE', *, *, #5656, .T. ) ;
#288 = CARTESIAN_POINT ( 'NONE',  ( 76.17474980949904761, 0.000000000000000000, 16.00000000000000000 ) ) ;
#289 = CARTESIAN_POINT ( 'NONE',  ( 36.59619915974623439, -2.248531424585400895, 9.799999999999993605 ) ) ;
#290 = VECTOR ( 'NONE', #1222, 1000.000000000000000 ) ;
#291 = LINE ( 'NONE', #4236, #2271 ) ;
#292 = DIRECTION ( 'NONE',  ( 1.000000000000000000, 0.000000000000000000, -0.000000000000000000 ) ) ;
#293 = AXIS2_PLACEMENT_3D ( 'NONE', #2084, #3155, #202 ) ;
#294 = ORIENTED_EDGE ( 'NONE', *, *, #3423, .F. ) ;
#295 = CARTESIAN_POINT ( 'NONE',  ( 73.83203064446132657, -7.646964272009746821, 11.99999999999999645 ) ) ;
#296 = DIRECTION ( 'NONE',  ( 1.000000000000000000, 0.000000000000000000, 0.000000000000000000 ) ) ;
#297 = EDGE_LOOP ( 'NONE', ( #4990, #4905, #3914, #5261 ) ) ;
#298 = EDGE_CURVE ( 'NONE', #3164, #1737, #4322, .T. ) ;
#299 = DIRECTION ( 'NONE',  ( -0.000000000000000000, -0.000000000000000000, -1.000000000000000000 ) ) ;
#300 = EDGE_CURVE ( 'NONE', #1720, #5436, #2728, .T. ) ;
#301 = VECTOR ( 'NONE', #3708, 999.9999999999998863 ) ;
#302 = LINE ( 'NONE', #3339, #3209 ) ;
#303 = ORIENTED_EDGE ( 'NONE', *, *, #2514, .F. ) ;
#304 = VECTOR ( 'NONE', #6354, 1000.000000000000000 ) ;
#305 = VECTOR ( 'NONE', #999, 1000.000000000000000 ) ;
#306 = ORIENTED_EDGE ( 'NONE', *, *, #4161, .F. ) ;
#307 = ORIENTED_EDGE ( 'NONE', *, *, #4591, .F. ) ;
#308 = DIRECTION ( 'NONE',  ( -0.000000000000000000, 0.000000000000000000, 1.000000000000000000 ) ) ;
#309 = LINE ( 'NONE', #5236, #4447 ) ;
#310 = CARTESIAN_POINT ( 'NONE',  ( 49.28545308029354288, 0.1497179670640490234, 11.99999999999999645 ) ) ;
#311 = AXIS2_PLACEMENT_3D ( 'NONE', #4053, #6056, #5599 ) ;
#312 = VECTOR ( 'NONE', #3952, 1000.000000000000000 ) ;
#313 = CARTESIAN_POINT ( 'NONE',  ( 55.04350520700997862, -53.73447548895195069, 9.999999999999994671 ) ) ;
#314 = EDGE_LOOP ( 'NONE', ( #3780, #273, #763, #6080 ) ) ;
#315 = VECTOR ( 'NONE', #2433, 1000.000000000000000 ) ;
#316 = AXIS2_PLACEMENT_3D ( 'NONE', #3407, #2438, #5492 ) ;
#317 = DIRECTION ( 'NONE',  ( 1.000000000000000000, 0.000000000000000000, -0.000000000000000000 ) ) ;
#318 = LINE ( 'NONE', #701, #3198 ) ;
#319 = ORIENTED_EDGE ( 'NONE', *, *, #5338, .T. ) ;
#320 = LINE ( 'NONE', #258, #4960 ) ;
#321 = AXIS2_PLACEMENT_3D ( 'NONE', #2887, #3357, #1980 ) ;
#322 = ORIENTED_EDGE ( 'NONE', *, *, #5518, .F. ) ;
#323 = EDGE_LOOP ( 'NONE', ( #251, #3292, #1060, #2622, #1614, #883, #3140, #4155, #221, #3506 ) ) ;
#324 = EDGE_LOOP ( 'NONE', ( #4025, #1336, #4299, #5538 ) ) ;
#325 = AXIS2_PLACEMENT_3D ( 'NONE', #1803, #5171, #3756 ) ;
#326 =( NAMED_UNIT ( * ) SI_UNIT ( $, .STERADIAN. ) SOLID_ANGLE_UNIT ( ) );
#327 = DIRECTION ( 'NONE',  ( 0.000000000000000000, 1.000000000000000000, -0.000000000000000000 ) ) ;
#328 = ORIENTED_EDGE ( 'NONE', *, *, #2137, .T. ) ;
#329 = LINE ( 'NONE', #5641, #6013 ) ;
#330 = CARTESIAN_POINT ( 'NONE',  ( 1.661194727475412414, 0.7747091694185748167, 9.999999999999996447 ) ) ;
#331 = VECTOR ( 'NONE', #162, 999.9999999999998863 ) ;
#332 = ADVANCED_FACE ( 'NONE', ( #4170 ), #2875, .F. ) ;
#333 = ORIENTED_EDGE ( 'NONE', *, *, #3905, .T. ) ;
#334 = CARTESIAN_POINT ( 'NONE',  ( -0.8000000000014093615, -1.686485558055820899, 9.999999999999996447 ) ) ;
#335 = LINE ( 'NONE', #2244, #3479 ) ;
#336 = EDGE_CURVE ( 'NONE', #1242, #3955, #3831, .T. ) ;
#337 = DIRECTION ( 'NONE',  ( 0.0001230892683154107155, 0.9999999924245159821, -0.000000000000000000 ) ) ;
#338 = VECTOR ( 'NONE', #1354, 1000.000000000000114 ) ;
#339 = DIRECTION ( 'NONE',  ( -0.000000000000000000, -0.000000000000000000, -1.000000000000000000 ) ) ;
#340 = ORIENTED_EDGE ( 'NONE', *, *, #3168, .T. ) ;
#341 = ORIENTED_EDGE ( 'NONE', *, *, #1320, .F. ) ;
#342 = LINE ( 'NONE', #3689, #4511 ) ;
#343 = LINE ( 'NONE', #1768, #4238 ) ;
#344 = LINE ( 'NONE', #6342, #3595 ) ;
#345 = CARTESIAN_POINT ( 'NONE',  ( 35.59619915974622728, -2.048408333801061243, 9.600000000000001421 ) ) ;
#346 = ADVANCED_FACE ( 'NONE', ( #260 ), #6131, .T. ) ;
#347 = VERTEX_POINT ( 'NONE', #778 ) ;
#348 = PLANE ( 'NONE',  #6216 ) ;
#349 = DIRECTION ( 'NONE',  ( 6.938893903907318308E-15, -1.000000000000000000, 0.000000000000000000 ) ) ;
#350 = ORIENTED_EDGE ( 'NONE', *, *, #4477, .F. ) ;
#351 = DIRECTION ( 'NONE',  ( -0.2810846377148077391, -0.6785983445458495522, -0.6785983445458497743 ) ) ;
#352 = ORIENTED_EDGE ( 'NONE', *, *, #3528, .F. ) ;
#353 = EDGE_LOOP ( 'NONE', ( #1904, #5508, #2748, #5201, #1244 ) ) ;
#354 =( NAMED_UNIT ( * ) PLANE_ANGLE_UNIT ( ) SI_UNIT ( $, .RADIAN. ) );
#355 = CARTESIAN_POINT ( 'NONE',  ( 75.33725830020301828, -58.39999999999998437, 15.60000000000000320 ) ) ;
#356 = ORIENTED_EDGE ( 'NONE', *, *, #1552, .T. ) ;
#357 = CARTESIAN_POINT ( 'NONE',  ( 35.39619915974623154, -4.931739154187178009, 9.799999999999993605 ) ) ;
#358 = LINE ( 'NONE', #1816, #521 ) ;
#359 = ADVANCED_FACE ( 'NONE', ( #2755, #3607 ), #156, .T. ) ;
#360 = ORIENTED_EDGE ( 'NONE', *, *, #2912, .T. ) ;
#361 = LINE ( 'NONE', #5739, #4152 ) ;
#362 = PLANE ( 'NONE',  #5709 ) ;
#363 = CARTESIAN_POINT ( 'NONE',  ( 71.16692151384302178, -3.557475234951000598, 3.600000000000000533 ) ) ;
#364 = LINE ( 'NONE', #2766, #3214 ) ;
#365 = CARTESIAN_POINT ( 'NONE',  ( 3.888803657608006059, -51.58491490983000460, 7.600000000000000533 ) ) ;
#366 = ORIENTED_EDGE ( 'NONE', *, *, #6311, .F. ) ;
#367 = ORIENTED_EDGE ( 'NONE', *, *, #2122, .F. ) ;
#368 = PLANE ( 'NONE',  #4728 ) ;
#369 = CARTESIAN_POINT ( 'NONE',  ( 71.43211764624986415, -8.737699060429038767, 5.000000000000000000 ) ) ;
#370 = ADVANCED_FACE ( 'NONE', ( #3642 ), #1378, .T. ) ;
#371 = CARTESIAN_POINT ( 'NONE',  ( 5.001456590916575351, 2.210544745207659201, 17.03583557578898322 ) ) ;
#372 = LINE ( 'NONE', #3375, #2193 ) ;
#373 = EDGE_LOOP ( 'NONE', ( #4825, #2000, #4680, #5718 ) ) ;
#374 = CARTESIAN_POINT ( 'NONE',  ( 36.79619915823114695, -2.248556042439064040, 9.799999999999993605 ) ) ;
#375 = ORIENTED_EDGE ( 'NONE', *, *, #5338, .F. ) ;
#376 = FACE_OUTER_BOUND ( 'NONE', #18, .T. ) ;
#377 = ADVANCED_FACE ( 'NONE', ( #5925 ), #1436, .T. ) ;
#378 = CARTESIAN_POINT ( 'NONE',  ( 54.10311946457120769, -55.80000000000088534, 9.999999999999998224 ) ) ;
#379 = ORIENTED_EDGE ( 'NONE', *, *, #1723, .F. ) ;
#380 = ORIENTED_EDGE ( 'NONE', *, *, #2453, .T. ) ;
#381 = PRODUCT_CONTEXT ( 'NONE', #5922, 'mechanical' ) ;
#382 = FACE_OUTER_BOUND ( 'NONE', #353, .T. ) ;
#383 = ORIENTED_EDGE ( 'NONE', *, *, #4077, .F. ) ;
#384 = CARTESIAN_POINT ( 'NONE',  ( 73.31355508202469196, 0.7747091694188932287, 15.60000000000000320 ) ) ;
#385 = CARTESIAN_POINT ( 'NONE',  ( 68.31952070086400397, 0.7747091694188932287, 11.99999999999999645 ) ) ;
#386 = AXIS2_PLACEMENT_3D ( 'NONE', #5526, #1083, #3093 ) ;
#387 = ORIENTED_EDGE ( 'NONE', *, *, #1331, .T. ) ;
#388 = DIRECTION ( 'NONE',  ( -0.000000000000000000, -0.000000000000000000, -1.000000000000000000 ) ) ;
#389 = PLANE ( 'NONE',  #4976 ) ;
#390 = DIRECTION ( 'NONE',  ( -0.000000000000000000, -0.000000000000000000, -1.000000000000000000 ) ) ;
#391 = DIRECTION ( 'NONE',  ( 0.7071067811865491270, 0.7071067811865459074, -0.000000000000000000 ) ) ;
#392 = EDGE_CURVE ( 'NONE', #557, #5110, #2970, .T. ) ;
#393 = CARTESIAN_POINT ( 'NONE',  ( 77.51871377667515617, 10.92686032197079449, 25.75215115255191023 ) ) ;
#394 = VECTOR ( 'NONE', #2706, 1000.000000000000000 ) ;
#395 = MANIFOLD_SOLID_BREP ( '\X2\501289d2\X0\6', #1942 ) ;
#396 = EDGE_LOOP ( 'NONE', ( #1851, #4438, #2678, #2326 ) ) ;
#397 = ORIENTED_EDGE ( 'NONE', *, *, #3065, .F. ) ;
#398 = EDGE_CURVE ( 'NONE', #2404, #432, #1011, .T. ) ;
#399 = CARTESIAN_POINT ( 'NONE',  ( 21.49809957987311648, 3.399999999999999911, -5.498099579873117371 ) ) ;
#400 = VECTOR ( 'NONE', #3, 1000.000000000000000 ) ;
#401 = FACE_OUTER_BOUND ( 'NONE', #3394, .T. ) ;
#402 = LINE ( 'NONE', #2378, #4232 ) ;
#403 = DIRECTION ( 'NONE',  ( -0.7086689616036375705, -0.7055411418617784092, -0.000000000000000000 ) ) ;
#404 = VECTOR ( 'NONE', #5082, 1000.000000000000000 ) ;
#405 = VERTEX_POINT ( 'NONE', #5437 ) ;
#406 = LINE ( 'NONE', #2384, #497 ) ;
#407 = LINE ( 'NONE', #5791, #2175 ) ;
#408 = AXIS2_PLACEMENT_3D ( 'NONE', #1525, #2508, #438 ) ;
#409 = FACE_OUTER_BOUND ( 'NONE', #2248, .T. ) ;
#410 = VECTOR ( 'NONE', #4668, 1000.000000000000000 ) ;
#411 = LINE ( 'NONE', #5313, #4868 ) ;
#412 = ORIENTED_EDGE ( 'NONE', *, *, #1085, .F. ) ;
#413 = AXIS2_PLACEMENT_3D ( 'NONE', #1760, #5715, #1422 ) ;
#414 = VECTOR ( 'NONE', #6111, 1000.000000000000000 ) ;
#415 = ORIENTED_EDGE ( 'NONE', *, *, #5730, .T. ) ;
#416 = ADVANCED_FACE ( 'NONE', ( #6403 ), #1964, .F. ) ;
#417 = DIRECTION ( 'NONE',  ( -1.000000000000000000, 0.000000000000000000, 0.000000000000000000 ) ) ;
#418 = EDGE_LOOP ( 'NONE', ( #3037, #506, #4739, #2769 ) ) ;
#419 = CARTESIAN_POINT ( 'NONE',  ( 73.21941294640096487, 0.8688513050426650564, 9.999999999999996447 ) ) ;
#420 = AXIS2_PLACEMENT_3D ( 'NONE', #4055, #2649, #4604 ) ;
#421 = VECTOR ( 'NONE', #6203, 1000.000000000000000 ) ;
#422 = CARTESIAN_POINT ( 'NONE',  ( 7.196199159746238472, -1.884260107005824747E-15, 16.00000000000000000 ) ) ;
#423 = EDGE_CURVE ( 'NONE', #1655, #425, #4451, .T. ) ;
#424 = VECTOR ( 'NONE', #5205, 1000.000000000000000 ) ;
#425 = VERTEX_POINT ( 'NONE', #3979 ) ;
#426 = ORIENTED_EDGE ( 'NONE', *, *, #6067, .T. ) ;
#427 = DIRECTION ( 'NONE',  ( -1.000000000000000000, 0.000000000000000000, -0.000000000000000000 ) ) ;
#428 = PLANE ( 'NONE',  #1019 ) ;
#429 = CARTESIAN_POINT ( 'NONE',  ( 8.999999999999980460, 0.000000000000000000, 9.199999999999999289 ) ) ;
#430 = DIRECTION ( 'NONE',  ( -0.000000000000000000, -0.000000000000000000, 1.000000000000000000 ) ) ;
#431 = CIRCLE ( 'NONE', #118, 3.100000000000005418 ) ;
#432 = VERTEX_POINT ( 'NONE', #4390 ) ;
#433 = VERTEX_POINT ( 'NONE', #5980 ) ;
#434 = VECTOR ( 'NONE', #131, 1000.000000000000114 ) ;
#435 = VERTEX_POINT ( 'NONE', #2479 ) ;
#436 = LINE ( 'NONE', #3371, #596 ) ;
#437 = CARTESIAN_POINT ( 'NONE',  ( 1.661194727475645783, -55.79999999999999716, 15.60000000000000142 ) ) ;
#438 = DIRECTION ( 'NONE',  ( -1.000000000000000000, 5.385296291631732790E-14, 0.000000000000000000 ) ) ;
#439 = LINE ( 'NONE', #468, #5816 ) ;
#440 = ORIENTED_EDGE ( 'NONE', *, *, #5728, .T. ) ;
#441 = ORIENTED_EDGE ( 'NONE', *, *, #336, .T. ) ;
#442 = PLANE ( 'NONE',  #1733 ) ;
#443 = DIRECTION ( 'NONE',  ( 0.000000000000000000, 0.000000000000000000, -1.000000000000000000 ) ) ;
#444 = CARTESIAN_POINT ( 'NONE',  ( 8.599999999999981881, -58.00000000000000711, 16.00000000000000000 ) ) ;
#445 = CARTESIAN_POINT ( 'NONE',  ( 2.471004894415359310, -26.32857702776471953, 5.000000000000000000 ) ) ;
#446 = B_SPLINE_CURVE_WITH_KNOTS ( 'NONE', 1,
 ( #5432, #961 ),
 .UNSPECIFIED., .F., .F.,
 ( 2, 2 ),
 ( 0.000000000000000000, 0.0005657028337398177032 ),
 .UNSPECIFIED. ) ;
#447 = ORIENTED_EDGE ( 'NONE', *, *, #453, .T. ) ;
#448 = ORIENTED_EDGE ( 'NONE', *, *, #5642, .F. ) ;
#449 = ADVANCED_FACE ( 'NONE', ( #1058 ), #26, .F. ) ;
#450 = CARTESIAN_POINT ( 'NONE',  ( 7.596199159746239715, 2.774709169418827504, 15.60000000000000320 ) ) ;
#451 = ORIENTED_EDGE ( 'NONE', *, *, #1897, .T. ) ;
#452 = PLANE ( 'NONE',  #2373 ) ;
#453 = EDGE_CURVE ( 'NONE', #36, #5969, #3466, .T. ) ;
#454 = DIRECTION ( 'NONE',  ( -1.146174137548107193E-17, 1.000000000000000000, 0.000000000000000000 ) ) ;
#455 = DIRECTION ( 'NONE',  ( 0.7049845209112678424, -0.7092226908915915118, 0.000000000000000000 ) ) ;
#456 = ORIENTED_EDGE ( 'NONE', *, *, #3928, .F. ) ;
#457 = DIRECTION ( 'NONE',  ( 0.000000000000000000, 0.000000000000000000, -1.000000000000000000 ) ) ;
#458 = DIRECTION ( 'NONE',  ( 0.000000000000000000, 0.000000000000000000, -1.000000000000000000 ) ) ;
#459 = DIRECTION ( 'NONE',  ( 1.000000000000000000, 0.000000000000000000, 0.000000000000000000 ) ) ;
#460 = EDGE_CURVE ( 'NONE', #3658, #1284, #1021, .T. ) ;
#461 = CARTESIAN_POINT ( 'NONE',  ( 0.000000000000000000, -6.312601124913162387, 16.00000000000000000 ) ) ;
#462 = ADVANCED_FACE ( 'NONE', ( #1528 ), #5860, .T. ) ;
#463 = ORIENTED_EDGE ( 'NONE', *, *, #3493, .F. ) ;
#464 = EDGE_LOOP ( 'NONE', ( #2560, #4182, #5273, #2418 ) ) ;
#465 = PLANE ( 'NONE',  #3389 ) ;
#466 = DIRECTION ( 'NONE',  ( 0.5773502691896224004, -0.5773502691896227335, 0.5773502691896321704 ) ) ;
#467 = LINE ( 'NONE', #4412, #5687 ) ;
#468 = CARTESIAN_POINT ( 'NONE',  ( 19.01078962915377701, 0.8688513050422661532, 9.999999999999996447 ) ) ;
#469 = EDGE_CURVE ( 'NONE', #190, #2411, #406, .T. ) ;
#470 = ORIENTED_EDGE ( 'NONE', *, *, #4964, .T. ) ;
#471 = CARTESIAN_POINT ( 'NONE',  ( -1.199999999999970424, -53.50449069747489972, 16.00000000000000000 ) ) ;
#472 = ORIENTED_EDGE ( 'NONE', *, *, #6067, .F. ) ;
#473 = CARTESIAN_POINT ( 'NONE',  ( 49.78276359031411147, 0.7747091694188932287, 11.99999999999999645 ) ) ;
#474 = ORIENTED_EDGE ( 'NONE', *, *, #3123, .T. ) ;
#475 = VERTEX_POINT ( 'NONE', #1905 ) ;
#476 = ADVANCED_FACE ( 'NONE', ( #930 ), #442, .F. ) ;
#477 = CARTESIAN_POINT ( 'NONE',  ( 7.014024846834671756, -49.40018871553893121, 10.00000000000000000 ) ) ;
#478 = EDGE_LOOP ( 'NONE', ( #1751, #788, #4115, #5868 ) ) ;
#479 = DIRECTION ( 'NONE',  ( 0.000000000000000000, 1.000000000000000000, 0.000000000000000000 ) ) ;
#480 = CARTESIAN_POINT ( 'NONE',  ( 18.11089738361745916, -1.625102115043313145, 5.000000000000000000 ) ) ;
#481 = ADVANCED_FACE ( 'NONE', ( #2569 ), #2671, .F. ) ;
#482 = PLANE ( 'NONE',  #1620 ) ;
#483 = ORIENTED_EDGE ( 'NONE', *, *, #864, .F. ) ;
#484 = CARTESIAN_POINT ( 'NONE',  ( 71.16692151384302178, -51.58491490983000460, 7.600000000000000533 ) ) ;
#485 = EDGE_CURVE ( 'NONE', #6099, #5673, #3895, .T. ) ;
#486 = CARTESIAN_POINT ( 'NONE',  ( 0.07132471442414657636, -25.66562414433728634, 11.99999999999999645 ) ) ;
#487 = DIRECTION ( 'NONE',  ( 0.7071938130861762373, 0.7070197385735665918, -0.000000000000000000 ) ) ;
#488 = DIRECTION ( 'NONE',  ( -0.000000000000000000, -0.000000000000000000, -1.000000000000000000 ) ) ;
#489 = ORIENTED_EDGE ( 'NONE', *, *, #4772, .T. ) ;
#490 = AXIS2_PLACEMENT_3D ( 'NONE', #610, #3019, #5938 ) ;
#491 = EDGE_LOOP ( 'NONE', ( #4058, #3635, #4733, #3940 ) ) ;
#492 = EDGE_CURVE ( 'NONE', #1100, #5732, #6016, .T. ) ;
#493 = ORIENTED_EDGE ( 'NONE', *, *, #2615, .T. ) ;
#494 = ORIENTED_EDGE ( 'NONE', *, *, #3418, .T. ) ;
#495 = LINE ( 'NONE', #2904, #1016 ) ;
#496 = LINE ( 'NONE', #5365, #5591 ) ;
#497 = VECTOR ( 'NONE', #6346, 1000.000000000000000 ) ;
#498 = CARTESIAN_POINT ( 'NONE',  ( 1.528057642485550094, 0.7747091694185666011, 9.999999999999996447 ) ) ;
#499 = DIRECTION ( 'NONE',  ( 0.7071067811865451302, -0.7071067811865500152, 0.000000000000000000 ) ) ;
#500 = AXIS2_PLACEMENT_3D ( 'NONE', #3884, #2965, #5945 ) ;
#501 = ORIENTED_EDGE ( 'NONE', *, *, #684, .F. ) ;
#502 = DIRECTION ( 'NONE',  ( -0.7071067811865302533, -0.7071067811865647812, -0.000000000000000000 ) ) ;
#503 = DIRECTION ( 'NONE',  ( -0.000000000000000000, -0.000000000000000000, -1.000000000000000000 ) ) ;
#504 = AXIS2_PLACEMENT_3D ( 'NONE', #1514, #2498, #4946 ) ;
#505 = FACE_OUTER_BOUND ( 'NONE', #673, .T. ) ;
#506 = ORIENTED_EDGE ( 'NONE', *, *, #4416, .T. ) ;
#507 = ORIENTED_EDGE ( 'NONE', *, *, #1002, .F. ) ;
#508 = VECTOR ( 'NONE', #3786, 1000.000000000000000 ) ;
#509 = AXIS2_PLACEMENT_3D ( 'NONE', #2124, #4163, #2644 ) ;
#510 = CARTESIAN_POINT ( 'NONE',  ( 3.888803657608006059, -51.58491490983000460, 7.600000000000000533 ) ) ;
#511 = CARTESIAN_POINT ( 'NONE',  ( 68.06692151384301326, -3.557475234951000598, 7.600000000000000533 ) ) ;
#512 = VERTEX_POINT ( 'NONE', #4109 ) ;
#513 = DIRECTION ( 'NONE',  ( 0.000000000000000000, 0.000000000000000000, -1.000000000000000000 ) ) ;
#514 = B_SPLINE_SURFACE_WITH_KNOTS ( 'NONE', 1, 1, ( 
 ( #3637, #895 ),
 ( #2163, #1829 ) ),
 .UNSPECIFIED., .F., .F., .F.,
 ( 2, 2 ),
 ( 2, 2 ),
 ( 0.000000000000000000, 1.000000000000000000 ),
 ( 0.000000000000000000, 1.000000000000000000 ),
 .UNSPECIFIED. ) ;
#515 = DIRECTION ( 'NONE',  ( 0.7071067811865475727, -1.595117053835085415E-16, -0.7071067811865475727 ) ) ;
#516 = AXIS2_PLACEMENT_3D ( 'NONE', #5609, #70, #5118 ) ;
#517 = AXIS2_PLACEMENT_3D ( 'NONE', #79, #539, #4452 ) ;
#518 = EDGE_CURVE ( 'NONE', #890, #1953, #667, .T. ) ;
#519 = LINE ( 'NONE', #4465, #2660 ) ;
#520 = VERTEX_POINT ( 'NONE', #2053 ) ;
#521 = VECTOR ( 'NONE', #3806, 1000.000000000000000 ) ;
#522 = LINE ( 'NONE', #3021, #3429 ) ;
#523 = FACE_OUTER_BOUND ( 'NONE', #6068, .T. ) ;
#524 = VECTOR ( 'NONE', #2773, 1000.000000000000114 ) ;
#525 = LINE ( 'NONE', #429, #2571 ) ;
#526 = CARTESIAN_POINT ( 'NONE',  ( -0.8941421356251817443, -26.29987839218171430, 11.99999999999999645 ) ) ;
#527 = VECTOR ( 'NONE', #2783, 1000.000000000000000 ) ;
#528 = EDGE_CURVE ( 'NONE', #3261, #36, #4156, .T. ) ;
#529 = VERTEX_POINT ( 'NONE', #3161 ) ;
#530 = EDGE_CURVE ( 'NONE', #2711, #4326, #3532, .T. ) ;
#531 = DIRECTION ( 'NONE',  ( -1.000000000000000000, 0.000000000000000000, 0.000000000000000000 ) ) ;
#532 = CARTESIAN_POINT ( 'NONE',  ( 36.39617454189257728, -2.248506803701357804, 9.400000000000009237 ) ) ;
#533 = CIRCLE ( 'NONE', #3721, 3.000000000000002665 ) ;
#534 = CARTESIAN_POINT ( 'NONE',  ( 35.19619915974624291, 4.034097321689356679E-16, 12.00000000000000000 ) ) ;
#535 = EDGE_CURVE ( 'NONE', #106, #5661, #1109, .T. ) ;
#536 = AXIS2_PLACEMENT_3D ( 'NONE', #4038, #2561, #2705 ) ;
#537 = ORIENTED_EDGE ( 'NONE', *, *, #178, .T. ) ;
#538 = DIRECTION ( 'NONE',  ( 0.000000000000000000, -1.000000000000000000, 0.000000000000000000 ) ) ;
#539 = DIRECTION ( 'NONE',  ( 0.4999999999999980016, 0.4999999999999977240, 0.7071067811865505703 ) ) ;
#540 = VECTOR ( 'NONE', #2310, 1000.000000000000000 ) ;
#541 = EDGE_CURVE ( 'NONE', #1909, #405, #144, .T. ) ;
#542 = LINE ( 'NONE', #1999, #1553 ) ;
#543 = ORIENTED_EDGE ( 'NONE', *, *, #3958, .F. ) ;
#544 = ORIENTED_EDGE ( 'NONE', *, *, #4380, .F. ) ;
#545 = CARTESIAN_POINT ( 'NONE',  ( 38.99999999999998579, -44.85228197649742299, -42.42640687119285303 ) ) ;
#546 = DIRECTION ( 'NONE',  ( 1.000000000000000000, 0.000000000000000000, 0.000000000000000000 ) ) ;
#547 = EDGE_LOOP ( 'NONE', ( #2682, #3625, #4350, #2454 ) ) ;
#548 = CARTESIAN_POINT ( 'NONE',  ( 55.99999999999998579, -44.85228197649726667, 5.000000000000000000 ) ) ;
#549 = LINE ( 'NONE', #4544, #17 ) ;
#550 = DIRECTION ( 'NONE',  ( -0.7071067811865471286, 0.7071067811865479058, 0.000000000000000000 ) ) ;
#551 = ORIENTED_EDGE ( 'NONE', *, *, #4087, .F. ) ;
#552 = DIRECTION ( 'NONE',  ( 0.000000000000000000, 1.000000000000000000, 0.000000000000000000 ) ) ;
#553 = FACE_OUTER_BOUND ( 'NONE', #3593, .T. ) ;
#554 = PLANE ( 'NONE',  #1328 ) ;
#555 = DIRECTION ( 'NONE',  ( -1.146174137548107193E-17, 1.000000000000000000, 0.000000000000000000 ) ) ;
#556 = EDGE_CURVE ( 'NONE', #4639, #3471, #4566, .T. ) ;
#557 = VERTEX_POINT ( 'NONE', #1565 ) ;
#558 = CARTESIAN_POINT ( 'NONE',  ( 34.43516777616380864, -3.009203158169957426, 10.76103138358246802 ) ) ;
#559 = DIRECTION ( 'NONE',  ( -0.5773502691896287287, 0.5773502691896198469, 0.5773502691896287287 ) ) ;
#560 = EDGE_CURVE ( 'NONE', #1790, #6020, #77, .T. ) ;
#561 = DIRECTION ( 'NONE',  ( 0.000000000000000000, 0.000000000000000000, -1.000000000000000000 ) ) ;
#562 = EDGE_CURVE ( 'NONE', #1591, #4545, #3558, .T. ) ;
#563 = ORIENTED_EDGE ( 'NONE', *, *, #3120, .F. ) ;
#564 = DIRECTION ( 'NONE',  ( 1.000000000000000000, 0.000000000000000000, 0.000000000000000000 ) ) ;
#565 = LINE ( 'NONE', #1405, #1756 ) ;
#566 = EDGE_CURVE ( 'NONE', #3860, #5830, #1665, .T. ) ;
#567 = DIRECTION ( 'NONE',  ( -0.000000000000000000, -0.000000000000000000, 1.000000000000000000 ) ) ;
#568 = VERTEX_POINT ( 'NONE', #6075 ) ;
#569 = ORIENTED_EDGE ( 'NONE', *, *, #4351, .T. ) ;
#570 = CARTESIAN_POINT ( 'NONE',  ( 0.000000000000000000, -45.86976616585294408, 16.00000000000000000 ) ) ;
#571 = CARTESIAN_POINT ( 'NONE',  ( 74.23274302622409948, -0.006921679114958180154, 16.00000000000000000 ) ) ;
#572 = EDGE_CURVE ( 'NONE', #665, #3745, #3627, .T. ) ;
#573 = ORIENTED_EDGE ( 'NONE', *, *, #5026, .T. ) ;
#574 = DIRECTION ( 'NONE',  ( 0.000000000000000000, -1.000000000000000000, 0.000000000000000000 ) ) ;
#575 = DIRECTION ( 'NONE',  ( 0.000000000000000000, 0.000000000000000000, -1.000000000000000000 ) ) ;
#576 = ORIENTED_EDGE ( 'NONE', *, *, #1715, .F. ) ;
#577 = CARTESIAN_POINT ( 'NONE',  ( 67.42844382976137751, -52.13817845388540206, 10.00000000000000000 ) ) ;
#578 = CARTESIAN_POINT ( 'NONE',  ( 71.43211764624986415, -8.737699060429038767, 5.000000000000000000 ) ) ;
#579 = CARTESIAN_POINT ( 'NONE',  ( 54.50067622644385068, -52.01726056422681665, 10.00000000000000000 ) ) ;
#580 = EDGE_CURVE ( 'NONE', #3282, #4073, #3587, .T. ) ;
#581 = LINE ( 'NONE', #2557, #4331 ) ;
#582 = DIRECTION ( 'NONE',  ( 0.7086689616036460082, 0.7055411418617698605, 0.000000000000000000 ) ) ;
#583 = EDGE_LOOP ( 'NONE', ( #6322, #130, #2031, #731 ) ) ;
#584 = LINE ( 'NONE', #107, #1359 ) ;
#585 = CARTESIAN_POINT ( 'NONE',  ( 74.11484246301850476, -8.261134137427221802, 16.00000000000000000 ) ) ;
#586 = EDGE_CURVE ( 'NONE', #2132, #6117, #4009, .T. ) ;
#587 = DIRECTION ( 'NONE',  ( 1.000000000000000000, 1.927470528863119295E-16, 0.000000000000000000 ) ) ;
#588 = CARTESIAN_POINT ( 'NONE',  ( 22.99999999999999289, -44.85228197649772852, 5.000000000000000000 ) ) ;
#589 = VECTOR ( 'NONE', #5078, 1000.000000000000114 ) ;
#590 = ADVANCED_FACE ( 'NONE', ( #4045 ), #1148, .F. ) ;
#591 = ORIENTED_EDGE ( 'NONE', *, *, #6046, .F. ) ;
#592 = CARTESIAN_POINT ( 'NONE',  ( 73.83203064446132657, -7.646964272009746821, 9.999999999999996447 ) ) ;
#593 = VECTOR ( 'NONE', #5166, 1000.000000000000000 ) ;
#594 = LINE ( 'NONE', #115, #3496 ) ;
#595 = CARTESIAN_POINT ( 'NONE',  ( -1.200000000001410161, -4.146915699963922286, 16.00000000000000000 ) ) ;
#596 = VECTOR ( 'NONE', #1427, 1000.000000000000000 ) ;
#597 = ADVANCED_FACE ( 'NONE', ( #5060 ), #3133, .F. ) ;
#598 = ORIENTED_EDGE ( 'NONE', *, *, #3408, .F. ) ;
#599 = LINE ( 'NONE', #699, #927 ) ;
#600 = CARTESIAN_POINT ( 'NONE',  ( 30.99999999999997868, -8.852281976497579308, -42.42640687119285303 ) ) ;
#601 = AXIS2_PLACEMENT_3D ( 'NONE', #3993, #1610, #3046 ) ;
#602 = ORIENTED_EDGE ( 'NONE', *, *, #6199, .T. ) ;
#603 = PLANE ( 'NONE',  #3202 ) ;
#604 = CARTESIAN_POINT ( 'NONE',  ( 75.17157287525377285, -58.00000000000000711, 16.00000000000000000 ) ) ;
#605 = ADVANCED_FACE ( 'NONE', ( #4767 ), #2839, .F. ) ;
#606 = AXIS2_PLACEMENT_3D ( 'NONE', #1815, #2789, #4749 ) ;
#607 = EDGE_CURVE ( 'NONE', #3450, #1910, #342, .T. ) ;
#608 = VECTOR ( 'NONE', #1630, 1000.000000000000114 ) ;
#609 = ORIENTED_EDGE ( 'NONE', *, *, #4194, .T. ) ;
#610 = CARTESIAN_POINT ( 'NONE',  ( 3.888803657608006059, -3.557475234951000598, 7.600000000000000533 ) ) ;
#611 = DIRECTION ( 'NONE',  ( 1.000000000000000000, 0.000000000000000000, 0.000000000000000000 ) ) ;
#612 = DIRECTION ( 'NONE',  ( -0.000000000000000000, 0.000000000000000000, 1.000000000000000000 ) ) ;
#613 = DIRECTION ( 'NONE',  ( -0.5000000000000078826, 0.5000000000000097700, 0.7071067811865352493 ) ) ;
#614 = VECTOR ( 'NONE', #3316, 1000.000000000000000 ) ;
#615 = VECTOR ( 'NONE', #1283, 1000.000000000000000 ) ;
#616 = DIRECTION ( 'NONE',  ( 0.000000000000000000, -0.000000000000000000, -1.000000000000000000 ) ) ;
#617 = DIRECTION ( 'NONE',  ( -0.000000000000000000, -0.000000000000000000, 1.000000000000000000 ) ) ;
#618 = EDGE_CURVE ( 'NONE', #1591, #5849, #3275, .T. ) ;
#619 = VECTOR ( 'NONE', #1175, 1000.000000000000000 ) ;
#620 = AXIS2_PLACEMENT_3D ( 'NONE', #5976, #49, #3030 ) ;
#621 = ORIENTED_EDGE ( 'NONE', *, *, #5454, .F. ) ;
#622 = DIRECTION ( 'NONE',  ( -0.000000000000000000, -0.000000000000000000, -1.000000000000000000 ) ) ;
#623 = FACE_OUTER_BOUND ( 'NONE', #6184, .T. ) ;
#624 = CARTESIAN_POINT ( 'NONE',  ( 27.40642141585103531, -52.21746687492775152, 10.00000000000000000 ) ) ;
#625 = DIRECTION ( 'NONE',  ( 0.7071067811865462405, -0.7071067811865489050, 0.000000000000000000 ) ) ;
#626 = VECTOR ( 'NONE', #1604, 1000.000000000000000 ) ;
#627 = ADVANCED_FACE ( 'NONE', ( #795 ), #1800, .T. ) ;
#628 = ORIENTED_EDGE ( 'NONE', *, *, #6164, .T. ) ;
#629 = EDGE_LOOP ( 'NONE', ( #6145, #116, #2668, #5944 ) ) ;
#630 = AXIS2_PLACEMENT_3D ( 'NONE', #5415, #1349, #937 ) ;
#631 = DIRECTION ( 'NONE',  ( 9.324293839476709654E-05, 0.9999999956528771161, 0.000000000000000000 ) ) ;
#632 = CARTESIAN_POINT ( 'NONE',  ( 30.99510887530267667, -55.80000000000088534, 9.199999999999999289 ) ) ;
#633 = ORIENTED_EDGE ( 'NONE', *, *, #6408, .T. ) ;
#634 = EDGE_CURVE ( 'NONE', #887, #5653, #3726, .T. ) ;
#635 = LINE ( 'NONE', #5464, #5406 ) ;
#636 = AXIS2_PLACEMENT_3D ( 'NONE', #510, #1362, #2488 ) ;
#637 = ORIENTED_EDGE ( 'NONE', *, *, #1839, .T. ) ;
#638 = FACE_OUTER_BOUND ( 'NONE', #5228, .T. ) ;
#639 = ORIENTED_EDGE ( 'NONE', *, *, #1725, .F. ) ;
#640 = AXIS2_PLACEMENT_3D ( 'NONE', #1852, #388, #3335 ) ;
#641 = FACE_OUTER_BOUND ( 'NONE', #2946, .T. ) ;
#642 = ORIENTED_EDGE ( 'NONE', *, *, #2477, .F. ) ;
#643 = DIRECTION ( 'NONE',  ( 1.000000000000000000, -5.385296291631732790E-14, 0.000000000000000000 ) ) ;
#644 = FACE_OUTER_BOUND ( 'NONE', #1924, .T. ) ;
#645 = EDGE_LOOP ( 'NONE', ( #5104, #5556, #3008, #94 ) ) ;
#646 = ADVANCED_FACE ( 'NONE', ( #2714 ), #4727, .F. ) ;
#647 = VERTEX_POINT ( 'NONE', #4696 ) ;
#648 = CARTESIAN_POINT ( 'NONE',  ( -14.10244556234917823, -14.10244556234925817, 9.199999999999999289 ) ) ;
#649 = ORIENTED_EDGE ( 'NONE', *, *, #5250, .F. ) ;
#650 = LINE ( 'NONE', #191, #1888 ) ;
#651 = CARTESIAN_POINT ( 'NONE',  ( 7.014024846834672644, -53.40018871553893831, 20.01838090617253485 ) ) ;
#652 = EDGE_CURVE ( 'NONE', #2255, #568, #3313, .T. ) ;
#653 = CARTESIAN_POINT ( 'NONE',  ( 35.39619915974623154, -2.048408330771434027, 9.799999999999981171 ) ) ;
#654 = EDGE_CURVE ( 'NONE', #3700, #2026, #2776, .T. ) ;
#655 = CARTESIAN_POINT ( 'NONE',  ( 66.99999999999997158, -44.85228197649711035, 5.000000000000000000 ) ) ;
#656 = DIRECTION ( 'NONE',  ( 0.000000000000000000, 0.000000000000000000, 1.000000000000000000 ) ) ;
#657 = ORIENTED_EDGE ( 'NONE', *, *, #4964, .F. ) ;
#658 = ORIENTED_EDGE ( 'NONE', *, *, #5221, .T. ) ;
#659 = CARTESIAN_POINT ( 'NONE',  ( 78.39999999999999147, -8.737699060429038767, 16.00000000000000000 ) ) ;
#660 = CARTESIAN_POINT ( 'NONE',  ( 49.05151099495649447, -0.08227159922996607477, 11.99999999999999645 ) ) ;
#661 = EDGE_CURVE ( 'NONE', #5957, #5645, #5304, .T. ) ;
#662 = CARTESIAN_POINT ( 'NONE',  ( 76.17474980949853602, 0.000000000000000000, 16.00000000000000000 ) ) ;
#663 = ADVANCED_FACE ( 'NONE', ( #2808 ), #2741, .F. ) ;
#664 = DIRECTION ( 'NONE',  ( -0.000000000000000000, -0.000000000000000000, 1.000000000000000000 ) ) ;
#665 = VERTEX_POINT ( 'NONE', #1864 ) ;
#666 = ORIENTED_EDGE ( 'NONE', *, *, #4188, .F. ) ;
#667 = LINE ( 'NONE', #212, #2880 ) ;
#668 = CARTESIAN_POINT ( 'NONE',  ( 1.599811284461573280, -47.98597515316583895, 5.000000000000000000 ) ) ;
#669 = DIRECTION ( 'NONE',  ( 1.927470528863118802E-16, -1.000000000000000000, 0.000000000000000000 ) ) ;
#670 = ORIENTED_EDGE ( 'NONE', *, *, #4147, .T. ) ;
#671 = CARTESIAN_POINT ( 'NONE',  ( 60.99999999999997158, -44.85228197649711035, 4.999999999999997335 ) ) ;
#672 = CARTESIAN_POINT ( 'NONE',  ( 63.99999999999997158, -44.85228197649711035, 5.000000000000000000 ) ) ;
#673 = EDGE_LOOP ( 'NONE', ( #2203, #1919, #1217, #5834 ) ) ;
#674 = LINE ( 'NONE', #5824, #3807 ) ;
#675 = LINE ( 'NONE', #3071, #626 ) ;
#676 = ORIENTED_EDGE ( 'NONE', *, *, #5396, .F. ) ;
#677 = DIRECTION ( 'NONE',  ( -1.000000000000000000, 0.000000000000000000, -0.000000000000000000 ) ) ;
#678 = ORIENTED_EDGE ( 'NONE', *, *, #1160, .T. ) ;
#679 = CARTESIAN_POINT ( 'NONE',  ( 5.999999999999983125, -44.85228197649788484, 3.599999999999999201 ) ) ;
#680 = CARTESIAN_POINT ( 'NONE',  ( -0.8000000000014093615, -1.686485558055820899, 15.60000000000000320 ) ) ;
#681 = DIRECTION ( 'NONE',  ( -0.5773502691896122974, 0.5773502691896127414, -0.5773502691896522654 ) ) ;
#682 = LINE ( 'NONE', #2593, #4117 ) ;
#683 = CARTESIAN_POINT ( 'NONE',  ( 71.16692151384302178, -51.58491490983000460, 7.600000000000000533 ) ) ;
#684 = EDGE_CURVE ( 'NONE', #1823, #5788, #2251, .T. ) ;
#685 = ORIENTED_EDGE ( 'NONE', *, *, #5172, .T. ) ;
#686 = FACE_OUTER_BOUND ( 'NONE', #3669, .T. ) ;
#687 = CARTESIAN_POINT ( 'NONE',  ( 35.39619915974623154, -4.931739154187178009, 9.600000000000001421 ) ) ;
#688 = CARTESIAN_POINT ( 'NONE',  ( 73.83192894114422700, -8.737699060429038767, 15.60000000000000320 ) ) ;
#689 = DIRECTION ( 'NONE',  ( 0.000000000000000000, 1.000000000000000000, 0.000000000000000000 ) ) ;
#690 = ORIENTED_EDGE ( 'NONE', *, *, #3872, .F. ) ;
#691 = ADVANCED_FACE ( 'NONE', ( #827 ), #368, .F. ) ;
#692 = ORIENTED_EDGE ( 'NONE', *, *, #5298, .T. ) ;
#693 = ORIENTED_EDGE ( 'NONE', *, *, #5839, .F. ) ;
#694 = DIRECTION ( 'NONE',  ( 0.9999999956528772271, -9.324293839476711010E-05, 0.000000000000000000 ) ) ;
#695 = FACE_OUTER_BOUND ( 'NONE', #5014, .T. ) ;
#696 = CARTESIAN_POINT ( 'NONE',  ( 30.99510887530267667, -55.80000000000088534, -13.91866057222030229 ) ) ;
#697 = EDGE_CURVE ( 'NONE', #3360, #5529, #3068, .T. ) ;
#698 = ORIENTED_EDGE ( 'NONE', *, *, #469, .F. ) ;
#699 = CARTESIAN_POINT ( 'NONE',  ( 75.33725830020306091, 3.400000000000000355, 16.00000000000000000 ) ) ;
#700 = VERTEX_POINT ( 'NONE', #6212 ) ;
#701 = CARTESIAN_POINT ( 'NONE',  ( 75.77474980949905614, -49.16096590200427841, 15.60000000000000320 ) ) ;
#702 = EDGE_LOOP ( 'NONE', ( #2568, #3893, #1804, #1254, #322, #2587, #5192, #5598, #2882, #1275, #1781, #2763, #998, #2435, #2611, #4687, #633, #791, #4578, #1602, #5246, #2620 ) ) ;
#703 = EDGE_LOOP ( 'NONE', ( #3186, #3426, #1033, #1502 ) ) ;
#704 = DIRECTION ( 'NONE',  ( 1.000000000000000000, 0.000000000000000000, -0.000000000000000000 ) ) ;
#705 = AXIS2_PLACEMENT_3D ( 'NONE', #5124, #5617, #1141 ) ;
#706 = CARTESIAN_POINT ( 'NONE',  ( 73.44669216701436198, -55.80000000000100613, 9.999999999999996447 ) ) ;
#707 = ADVANCED_FACE ( 'NONE', ( #4255 ), #5203, .F. ) ;
#708 = EDGE_LOOP ( 'NONE', ( #4906, #4184, #6151, #1149 ) ) ;
#709 = DIRECTION ( 'NONE',  ( -1.000000000000000000, 0.000000000000000000, 0.000000000000000000 ) ) ;
#710 = VERTEX_POINT ( 'NONE', #5235 ) ;
#711 = DIRECTION ( 'NONE',  ( 0.7071067811865487940, 0.7071067811865463515, 0.000000000000000000 ) ) ;
#712 = DIRECTION ( 'NONE',  ( -1.000000000000000000, 0.000000000000000000, 0.000000000000000000 ) ) ;
#713 = CARTESIAN_POINT ( 'NONE',  ( 66.99999999999997158, -8.852281976497117455, 3.599999999999999201 ) ) ;
#714 = CARTESIAN_POINT ( 'NONE',  ( 35.59619915974622728, 3.200000000000005063, 9.600000000000001421 ) ) ;
#715 = AXIS2_PLACEMENT_3D ( 'NONE', #3771, #1225, #1292 ) ;
#716 = ADVANCED_FACE ( 'NONE', ( #1302 ), #5264, .F. ) ;
#717 = CIRCLE ( 'NONE', #2, 3.100000000000000089 ) ;
#718 = EDGE_LOOP ( 'NONE', ( #5216, #6055 ) ) ;
#719 = ORIENTED_EDGE ( 'NONE', *, *, #5385, .F. ) ;
#720 = EDGE_LOOP ( 'NONE', ( #3737, #1793, #3656, #5652 ) ) ;
#721 = CIRCLE ( 'NONE', #4338, 3.000000000000002665 ) ;
#722 = LINE ( 'NONE', #2181, #2501 ) ;
#723 = PLANE ( 'NONE',  #1524 ) ;
#724 = CIRCLE ( 'NONE', #2062, 2.999999999999999112 ) ;
#725 = LINE ( 'NONE', #2800, #2583 ) ;
#726 = DIRECTION ( 'NONE',  ( 0.7071067811865489050, 0.7071067811865462405, 0.000000000000000000 ) ) ;
#727 = VECTOR ( 'NONE', #790, 1000.000000000000114 ) ;
#728 = VECTOR ( 'NONE', #866, 1000.000000000000000 ) ;
#729 = EDGE_CURVE ( 'NONE', #3519, #5200, #1337, .T. ) ;
#730 = ORIENTED_EDGE ( 'NONE', *, *, #4753, .F. ) ;
#731 = ORIENTED_EDGE ( 'NONE', *, *, #3123, .F. ) ;
#732 = EDGE_LOOP ( 'NONE', ( #4616, #4229, #3382, #6409, #4374, #1093, #3061, #2650, #3020, #904, #3367, #4214 ) ) ;
#733 = CARTESIAN_POINT ( 'NONE',  ( 16.99999999999998224, -8.852281976497732074, 5.000000000000000000 ) ) ;
#734 = CARTESIAN_POINT ( 'NONE',  ( 71.16692151384302178, -51.58491490983000460, 7.600000000000000533 ) ) ;
#735 = VECTOR ( 'NONE', #2362, 1000.000000000000000 ) ;
#736 = VECTOR ( 'NONE', #1747, 1000.000000000000000 ) ;
#737 = EDGE_CURVE ( 'NONE', #1608, #3585, #3438, .T. ) ;
#738 = CARTESIAN_POINT ( 'NONE',  ( 8.999999999999980460, -55.80000000000038796, 9.999999999999998224 ) ) ;
#739 = VECTOR ( 'NONE', #5064, 1000.000000000000000 ) ;
#740 = ORIENTED_EDGE ( 'NONE', *, *, #1917, .F. ) ;
#741 = DIRECTION ( 'NONE',  ( 1.000000000000000000, -5.385296291631731528E-14, 0.000000000000000000 ) ) ;
#742 = CARTESIAN_POINT ( 'NONE',  ( 36.39619915974623865, -2.048506805216459448, 9.600000000000001421 ) ) ;
#743 = ORIENTED_EDGE ( 'NONE', *, *, #4396, .F. ) ;
#744 = ORIENTED_EDGE ( 'NONE', *, *, #5682, .T. ) ;
#745 = VECTOR ( 'NONE', #167, 1000.000000000000000 ) ;
#746 = EDGE_CURVE ( 'NONE', #5849, #3041, #2376, .T. ) ;
#747 = CARTESIAN_POINT ( 'NONE',  ( 69.43211764624986415, -8.737699060429038767, 20.01838090617253485 ) ) ;
#748 = ORIENTED_EDGE ( 'NONE', *, *, #3368, .F. ) ;
#749 = ORIENTED_EDGE ( 'NONE', *, *, #3783, .F. ) ;
#750 = AXIS2_PLACEMENT_3D ( 'NONE', #3216, #6201, #6331 ) ;
#751 = PLANE ( 'NONE',  #4098 ) ;
#752 = DIRECTION ( 'NONE',  ( -0.000000000000000000, -0.000000000000000000, 1.000000000000000000 ) ) ;
#753 = FACE_BOUND ( 'NONE', #1208, .T. ) ;
#754 = LINE ( 'NONE', #3242, #6012 ) ;
#755 = VERTEX_POINT ( 'NONE', #2869 ) ;
#756 = ORIENTED_EDGE ( 'NONE', *, *, #1711, .T. ) ;
#757 = DIRECTION ( 'NONE',  ( 2.255836171106191928E-16, 1.000000000000000000, 0.000000000000000000 ) ) ;
#758 = DIRECTION ( 'NONE',  ( 0.7071067811865302533, 0.7071067811865647812, 0.000000000000000000 ) ) ;
#759 = LINE ( 'NONE', #4276, #939 ) ;
#760 = DIRECTION ( 'NONE',  ( -1.000000000000000000, 2.618410170671638000E-16, 0.000000000000000000 ) ) ;
#761 = VERTEX_POINT ( 'NONE', #5404 ) ;
#762 = ORIENTED_EDGE ( 'NONE', *, *, #4678, .F. ) ;
#763 = ORIENTED_EDGE ( 'NONE', *, *, #4873, .T. ) ;
#764 = EDGE_CURVE ( 'NONE', #2711, #958, #446, .T. ) ;
#765 = DIRECTION ( 'NONE',  ( 0.000000000000000000, 1.000000000000000000, 0.000000000000000000 ) ) ;
#766 = DIRECTION ( 'NONE',  ( 1.000000000000000000, 0.000000000000000000, -0.000000000000000000 ) ) ;
#767 = CARTESIAN_POINT ( 'NONE',  ( 18.47373951890134336, 18.47373951890133270, 12.00000000000000000 ) ) ;
#768 = ORIENTED_EDGE ( 'NONE', *, *, #5932, .T. ) ;
#769 = LINE ( 'NONE', #4837, #1133 ) ;
#770 = ORIENTED_EDGE ( 'NONE', *, *, #2116, .T. ) ;
#771 = DIRECTION ( 'NONE',  ( 0.000000000000000000, 0.000000000000000000, 1.000000000000000000 ) ) ;
#772 = ORIENTED_EDGE ( 'NONE', *, *, #6169, .F. ) ;
#773 = ORIENTED_EDGE ( 'NONE', *, *, #4899, .T. ) ;
#774 = PLANE ( 'NONE',  #111 ) ;
#775 = ORIENTED_EDGE ( 'NONE', *, *, #2744, .T. ) ;
#776 = EDGE_CURVE ( 'NONE', #2204, #1977, #4354, .T. ) ;
#777 = VERTEX_POINT ( 'NONE', #1956 ) ;
#778 = CARTESIAN_POINT ( 'NONE',  ( 8.599999999999981881, -56.20000000000036522, 16.00000000000000000 ) ) ;
#779 = CARTESIAN_POINT ( 'NONE',  ( 27.40642141585103531, -52.21746687492775862, 5.000000000000000000 ) ) ;
#780 = CARTESIAN_POINT ( 'NONE',  ( 1.599811284461573280, -27.19977063771850112, 10.00000000000000000 ) ) ;
#781 = CARTESIAN_POINT ( 'NONE',  ( 35.39619915974623154, 3.200000000000005063, 9.799999999999993605 ) ) ;
#782 = FACE_OUTER_BOUND ( 'NONE', #3760, .T. ) ;
#783 = VERTEX_POINT ( 'NONE', #4828 ) ;
#784 = EDGE_CURVE ( 'NONE', #3585, #2449, #1397, .T. ) ;
#785 = EDGE_LOOP ( 'NONE', ( #3455, #256, #762, #6007 ) ) ;
#786 = CARTESIAN_POINT ( 'NONE',  ( -30.08578643762692195, -30.08578643762661997, 16.00000000000000000 ) ) ;
#787 = FACE_OUTER_BOUND ( 'NONE', #1476, .T. ) ;
#788 = ORIENTED_EDGE ( 'NONE', *, *, #1056, .F. ) ;
#789 = FACE_OUTER_BOUND ( 'NONE', #57, .T. ) ;
#790 = DIRECTION ( 'NONE',  ( -0.7071067811865302533, -0.7071067811865647812, -0.000000000000000000 ) ) ;
#791 = ORIENTED_EDGE ( 'NONE', *, *, #6244, .T. ) ;
#792 = EDGE_CURVE ( 'NONE', #4233, #3204, #1013, .T. ) ;
#793 = ORIENTED_EDGE ( 'NONE', *, *, #6045, .F. ) ;
#794 = ORIENTED_EDGE ( 'NONE', *, *, #876, .F. ) ;
#795 = FACE_OUTER_BOUND ( 'NONE', #165, .T. ) ;
#796 = DIRECTION ( 'NONE',  ( -0.7071067811865474617, -0.7071067811865474617, -0.000000000000000000 ) ) ;
#797 = LINE ( 'NONE', #313, #1454 ) ;
#798 = EDGE_CURVE ( 'NONE', #2920, #529, #1628, .T. ) ;
#799 = EDGE_LOOP ( 'NONE', ( #1115, #2328, #3972, #2532 ) ) ;
#800 = EDGE_CURVE ( 'NONE', #3510, #3907, #6340, .T. ) ;
#801 = CARTESIAN_POINT ( 'NONE',  ( 75.77474980949905614, -53.33880527252648562, 15.60000000000000320 ) ) ;
#802 = CARTESIAN_POINT ( 'NONE',  ( 26.41212815256435675, -54.61701927726256400, 9.199999999999999289 ) ) ;
#803 = ORIENTED_EDGE ( 'NONE', *, *, #3192, .F. ) ;
#804 = DIRECTION ( 'NONE',  ( 0.000000000000000000, 0.000000000000000000, -1.000000000000000000 ) ) ;
#805 = VERTEX_POINT ( 'NONE', #4957 ) ;
#806 = ORIENTED_EDGE ( 'NONE', *, *, #2801, .F. ) ;
#807 = DIRECTION ( 'NONE',  ( -0.9999999924245159821, 0.0001230892683155269149, 0.000000000000000000 ) ) ;
#808 = VECTOR ( 'NONE', #2637, 1000.000000000000000 ) ;
#809 = LINE ( 'NONE', #4271, #4523 ) ;
#810 = EDGE_CURVE ( 'NONE', #6378, #3770, #3461, .T. ) ;
#811 = CARTESIAN_POINT ( 'NONE',  ( 0.000000000000000000, -55.80000000000088534, 10.00000000000000000 ) ) ;
#812 = CIRCLE ( 'NONE', #3690, 3.000000000000002665 ) ;
#813 = VERTEX_POINT ( 'NONE', #5364 ) ;
#814 = FACE_OUTER_BOUND ( 'NONE', #297, .T. ) ;
#815 = CYLINDRICAL_SURFACE ( 'NONE', #2884, 3.100000000000000089 ) ;
#816 = ORIENTED_EDGE ( 'NONE', *, *, #4982, .F. ) ;
#817 = CARTESIAN_POINT ( 'NONE',  ( 19.39497138503848461, 0.1533971646133859557, 9.999999999999996447 ) ) ;
#818 = ADVANCED_FACE ( 'NONE', ( #1493 ), #465, .F. ) ;
#819 = AXIS2_PLACEMENT_3D ( 'NONE', #1714, #1195, #1745 ) ;
#820 = DIRECTION ( 'NONE',  ( -9.324293839476709654E-05, -0.9999999956528771161, -0.000000000000000000 ) ) ;
#821 = ORIENTED_EDGE ( 'NONE', *, *, #5993, .F. ) ;
#822 = AXIS2_PLACEMENT_3D ( 'NONE', #974, #1481, #4425 ) ;
#823 = VECTOR ( 'NONE', #5727, 1000.000000000000000 ) ;
#824 = ORIENTED_EDGE ( 'NONE', *, *, #4492, .T. ) ;
#825 = EDGE_LOOP ( 'NONE', ( #2410, #5070, #163, #2227 ) ) ;
#826 = ORIENTED_EDGE ( 'NONE', *, *, #4736, .F. ) ;
#827 = FACE_OUTER_BOUND ( 'NONE', #1000, .T. ) ;
#828 = LINE ( 'NONE', #5204, #6220 ) ;
#829 = LINE ( 'NONE', #6124, #5904 ) ;
#830 = VECTOR ( 'NONE', #4814, 1000.000000000000000 ) ;
#831 = AXIS2_PLACEMENT_3D ( 'NONE', #5413, #503, #967 ) ;
#832 = DIRECTION ( 'NONE',  ( 0.7071067811865474617, 8.104675050809088363E-18, 0.7071067811865474617 ) ) ;
#833 = EDGE_CURVE ( 'NONE', #2819, #2710, #495, .T. ) ;
#834 = ORIENTED_EDGE ( 'NONE', *, *, #4899, .F. ) ;
#835 = VECTOR ( 'NONE', #1659, 1000.000000000000000 ) ;
#836 = CIRCLE ( 'NONE', #5290, 2.999999999999999112 ) ;
#837 = CARTESIAN_POINT ( 'NONE',  ( 0.1604000665534557057, -0.1604000665535356973, 16.00000000000000000 ) ) ;
#838 = LINE ( 'NONE', #5831, #4847 ) ;
#839 = ORIENTED_EDGE ( 'NONE', *, *, #1821, .F. ) ;
#840 = DIRECTION ( 'NONE',  ( -0.6785983445458436680, -0.2810846377148366604, 0.6785983445458436680 ) ) ;
#841 = VECTOR ( 'NONE', #4785, 1000.000000000000000 ) ;
#842 = EDGE_LOOP ( 'NONE', ( #5214, #997, #281, #2962 ) ) ;
#843 = VERTEX_POINT ( 'NONE', #3343 ) ;
#844 = AXIS2_PLACEMENT_3D ( 'NONE', #1568, #4568, #2058 ) ;
#845 = LINE ( 'NONE', #1264, #4555 ) ;
#846 = ADVANCED_FACE ( 'NONE', ( #4895 ), #2469, .F. ) ;
#847 = LINE ( 'NONE', #2826, #400 ) ;
#848 = ORIENTED_EDGE ( 'NONE', *, *, #1460, .F. ) ;
#849 = DIRECTION ( 'NONE',  ( 2.255836171106191435E-16, 1.000000000000000000, 0.000000000000000000 ) ) ;
#850 = CARTESIAN_POINT ( 'NONE',  ( 0.000000000000000000, 0.000000000000000000, 10.00000000000000000 ) ) ;
#851 = EDGE_CURVE ( 'NONE', #890, #1591, #436, .T. ) ;
#852 = VECTOR ( 'NONE', #3923, 1000.000000000000000 ) ;
#853 = ADVANCED_FACE ( 'NONE', ( #1991 ), #5917, .T. ) ;
#854 = DIRECTION ( 'NONE',  ( 0.000000000000000000, 0.000000000000000000, -1.000000000000000000 ) ) ;
#855 = DIRECTION ( 'NONE',  ( -0.000000000000000000, -0.000000000000000000, -1.000000000000000000 ) ) ;
#856 = DIRECTION ( 'NONE',  ( -0.000000000000000000, -0.000000000000000000, -1.000000000000000000 ) ) ;
#857 = ORIENTED_EDGE ( 'NONE', *, *, #4954, .F. ) ;
#858 = DIRECTION ( 'NONE',  ( 0.000000000000000000, 0.7071067811865475727, -0.7071067811865475727 ) ) ;
#859 = AXIS2_PLACEMENT_3D ( 'NONE', #4945, #3875, #4490 ) ;
#860 = DIRECTION ( 'NONE',  ( 0.2810846377148239483, -0.6785983445458462215, 0.6785983445458462215 ) ) ;
#861 = ORIENTED_EDGE ( 'NONE', *, *, #3738, .F. ) ;
#862 = EDGE_CURVE ( 'NONE', #3557, #4311, #4383, .T. ) ;
#863 = ORIENTED_EDGE ( 'NONE', *, *, #5716, .F. ) ;
#864 = EDGE_CURVE ( 'NONE', #761, #2149, #2017, .T. ) ;
#865 = DIRECTION ( 'NONE',  ( 1.000000000000000000, 0.000000000000000000, 0.000000000000000000 ) ) ;
#866 = DIRECTION ( 'NONE',  ( -0.7071067811865440200, 0.7071067811865511255, -0.000000000000000000 ) ) ;
#867 = CARTESIAN_POINT ( 'NONE',  ( -0.8941421356251817443, -26.29987839218171430, 9.999999999999996447 ) ) ;
#868 = LINE ( 'NONE', #925, #3620 ) ;
#869 = EDGE_LOOP ( 'NONE', ( #6379, #1317 ) ) ;
#870 = CARTESIAN_POINT ( 'NONE',  ( -3.400000000000006573, -6.312601124913162387, 16.00000000000000000 ) ) ;
#871 = LINE ( 'NONE', #6314, #1125 ) ;
#872 = EDGE_LOOP ( 'NONE', ( #4934, #1026, #5651, #4250 ) ) ;
#873 = LINE ( 'NONE', #4418, #6230 ) ;
#874 = ORIENTED_EDGE ( 'NONE', *, *, #1474, .F. ) ;
#875 = ORIENTED_EDGE ( 'NONE', *, *, #1290, .T. ) ;
#876 = EDGE_CURVE ( 'NONE', #2690, #6365, #5333, .T. ) ;
#877 = DIRECTION ( 'NONE',  ( 1.000000000000000000, 0.000000000000000000, 0.000000000000000000 ) ) ;
#878 = PLANE ( 'NONE',  #1024 ) ;
#879 = ORIENTED_EDGE ( 'NONE', *, *, #4188, .T. ) ;
#880 = DIRECTION ( 'NONE',  ( -0.7071067811865500152, -0.7071067811865451302, 0.000000000000000000 ) ) ;
#881 = CARTESIAN_POINT ( 'NONE',  ( 29.19903300939954960, -54.01007846847625160, 10.00000000000000000 ) ) ;
#882 = EDGE_CURVE ( 'NONE', #3763, #5139, #6070, .T. ) ;
#883 = ORIENTED_EDGE ( 'NONE', *, *, #166, .T. ) ;
#884 = DIRECTION ( 'NONE',  ( -0.000000000000000000, -0.000000000000000000, -1.000000000000000000 ) ) ;
#885 = CARTESIAN_POINT ( 'NONE',  ( 9.005637557604181609, -49.27717720844976412, 5.794362442395846635 ) ) ;
#886 = LINE ( 'NONE', #5845, #6204 ) ;
#887 = VERTEX_POINT ( 'NONE', #5520 ) ;
#888 = CARTESIAN_POINT ( 'NONE',  ( 1.528057642485550094, 0.7747091694185666011, 9.999999999999996447 ) ) ;
#889 = CARTESIAN_POINT ( 'NONE',  ( -0.7999999999999742872, -29.61728517063269805, 9.999999999999996447 ) ) ;
#890 = VERTEX_POINT ( 'NONE', #4101 ) ;
#891 = ORIENTED_EDGE ( 'NONE', *, *, #528, .F. ) ;
#892 = ORIENTED_EDGE ( 'NONE', *, *, #3063, .F. ) ;
#893 = CARTESIAN_POINT ( 'NONE',  ( 0.7888036576080060813, -3.557475234951000598, 7.600000000000000533 ) ) ;
#894 = FACE_OUTER_BOUND ( 'NONE', #5758, .T. ) ;
#895 = CARTESIAN_POINT ( 'NONE',  ( 36.59619915974623439, -2.048506802185684261, 9.799999999999993605 ) ) ;
#896 = LINE ( 'NONE', #6399, #852 ) ;
#897 = ORIENTED_EDGE ( 'NONE', *, *, #2350, .T. ) ;
#898 = LINE ( 'NONE', #3205, #4316 ) ;
#899 = DIRECTION ( 'NONE',  ( 1.000000000000000000, 0.000000000000000000, 0.000000000000000000 ) ) ;
#900 = DIRECTION ( 'NONE',  ( -0.2810846377148384923, -0.6785983445458433350, 0.6785983445458432239 ) ) ;
#901 = ORIENTED_EDGE ( 'NONE', *, *, #1321, .T. ) ;
#902 = DIRECTION ( 'NONE',  ( 0.000000000000000000, 0.000000000000000000, -1.000000000000000000 ) ) ;
#903 = ADVANCED_FACE ( 'NONE', ( #2144 ), #6102, .F. ) ;
#904 = ORIENTED_EDGE ( 'NONE', *, *, #5443, .F. ) ;
#905 = ORIENTED_EDGE ( 'NONE', *, *, #3586, .T. ) ;
#906 = DIRECTION ( 'NONE',  ( -0.000000000000000000, -0.000000000000000000, -1.000000000000000000 ) ) ;
#907 = CARTESIAN_POINT ( 'NONE',  ( 69.17701072644530313, -55.89414213562474032, 9.999999999999996447 ) ) ;
#908 = LINE ( 'NONE', #5962, #2383 ) ;
#909 = AXIS2_PLACEMENT_3D ( 'NONE', #6089, #4647, #5340 ) ;
#910 = ORIENTED_EDGE ( 'NONE', *, *, #1002, .T. ) ;
#911 = EDGE_LOOP ( 'NONE', ( #3982, #5637, #5441, #277 ) ) ;
#912 = CARTESIAN_POINT ( 'NONE',  ( 55.99999999999997868, -8.852281976497271998, 3.599999999999999201 ) ) ;
#913 = CARTESIAN_POINT ( 'NONE',  ( 36.59619915974623439, -4.931739154187178009, 11.80000000000000426 ) ) ;
#914 = DIRECTION ( 'NONE',  ( 0.000000000000000000, 0.000000000000000000, 1.000000000000000000 ) ) ;
#915 = DIRECTION ( 'NONE',  ( -0.000000000000000000, -0.000000000000000000, 1.000000000000000000 ) ) ;
#916 = LINE ( 'NONE', #3486, #1239 ) ;
#917 = VECTOR ( 'NONE', #48, 1000.000000000000000 ) ;
#918 = ORIENTED_EDGE ( 'NONE', *, *, #1715, .T. ) ;
#919 = ORIENTED_EDGE ( 'NONE', *, *, #6252, .F. ) ;
#920 = ORIENTED_EDGE ( 'NONE', *, *, #6084, .T. ) ;
#921 = CARTESIAN_POINT ( 'NONE',  ( 36.79622378063064048, 0.1512552571720147399, 9.999999999999996447 ) ) ;
#922 = CIRCLE ( 'NONE', #4521, 1.700000000000000178 ) ;
#923 = DIRECTION ( 'NONE',  ( 2.618410170671638000E-16, 1.000000000000000000, 0.000000000000000000 ) ) ;
#924 = DIRECTION ( 'NONE',  ( 0.7071067811865476838, 8.104675050809094525E-18, 0.7071067811865473507 ) ) ;
#925 = CARTESIAN_POINT ( 'NONE',  ( 11.91884943977545497, -52.09621316891439591, 10.00000000000000000 ) ) ;
#926 = VECTOR ( 'NONE', #4201, 1000.000000000000114 ) ;
#927 = VECTOR ( 'NONE', #2613, 1000.000000000000000 ) ;
#928 = ORIENTED_EDGE ( 'NONE', *, *, #2990, .T. ) ;
#929 = ADVANCED_FACE ( 'NONE', ( #2112 ), #3552, .F. ) ;
#930 = FACE_OUTER_BOUND ( 'NONE', #2752, .T. ) ;
#931 = CARTESIAN_POINT ( 'NONE',  ( 19.99999999999998224, -8.852281976497732074, 5.000000000000000000 ) ) ;
#932 = ORIENTED_EDGE ( 'NONE', *, *, #5213, .T. ) ;
#933 = VECTOR ( 'NONE', #3826, 1000.000000000000000 ) ;
#934 = EDGE_CURVE ( 'NONE', #4160, #4044, #139, .T. ) ;
#935 = CARTESIAN_POINT ( 'NONE',  ( 10.60909308149352981, -53.40018871553894542, 10.00000000000000000 ) ) ;
#936 = VECTOR ( 'NONE', #5341, 1000.000000000000114 ) ;
#937 = DIRECTION ( 'NONE',  ( 1.000000000000000000, 0.000000000000000000, -0.000000000000000000 ) ) ;
#938 = ORIENTED_EDGE ( 'NONE', *, *, #23, .F. ) ;
#939 = VECTOR ( 'NONE', #1794, 1000.000000000000000 ) ;
#940 = VERTEX_POINT ( 'NONE', #2663 ) ;
#941 = EDGE_CURVE ( 'NONE', #4395, #3699, #72, .T. ) ;
#942 = ADVANCED_FACE ( 'NONE', ( #6008 ), #5577, .F. ) ;
#943 = DIRECTION ( 'NONE',  ( -0.000000000000000000, -0.000000000000000000, 1.000000000000000000 ) ) ;
#944 = ORIENTED_EDGE ( 'NONE', *, *, #4757, .F. ) ;
#945 = DIRECTION ( 'NONE',  ( -0.000000000000000000, -0.000000000000000000, -1.000000000000000000 ) ) ;
#946 = AXIS2_PLACEMENT_3D ( 'NONE', #3171, #1312, #3736 ) ;
#947 = DIRECTION ( 'NONE',  ( 0.7071067811865452413, -1.851495587609734414E-16, 0.7071067811865497932 ) ) ;
#948 = VECTOR ( 'NONE', #6306, 1000.000000000000114 ) ;
#949 = LINE ( 'NONE', #2927, #4605 ) ;
#950 = VERTEX_POINT ( 'NONE', #2562 ) ;
#951 = PLANE ( 'NONE',  #859 ) ;
#952 = PLANE ( 'NONE',  #1329 ) ;
#953 = ADVANCED_FACE ( 'NONE', ( #4525 ), #4588, .F. ) ;
#954 = DIRECTION ( 'NONE',  ( 0.000000000000000000, -0.000000000000000000, 1.000000000000000000 ) ) ;
#955 = APPLICATION_CONTEXT ( 'automotive_design' ) ;
#956 = DIRECTION ( 'NONE',  ( 0.000000000000000000, -0.000000000000000000, -1.000000000000000000 ) ) ;
#957 = VECTOR ( 'NONE', #1537, 1000.000000000000000 ) ;
#958 = VERTEX_POINT ( 'NONE', #3051 ) ;
#959 = ORIENTED_EDGE ( 'NONE', *, *, #3056, .F. ) ;
#960 = AXIS2_PLACEMENT_3D ( 'NONE', #3482, #2497, #4857 ) ;
#961 = CARTESIAN_POINT ( 'NONE',  ( 36.79619915823114695, -2.248556042439064040, 9.799999999999993605 ) ) ;
#962 = ADVANCED_FACE ( 'NONE', ( #4559 ), #2632, .T. ) ;
#963 = PLANE ( 'NONE',  #14 ) ;
#964 = LINE ( 'NONE', #50, #3099 ) ;
#965 = DIRECTION ( 'NONE',  ( -0.000000000000000000, -0.000000000000000000, 1.000000000000000000 ) ) ;
#966 = ORIENTED_EDGE ( 'NONE', *, *, #231, .T. ) ;
#967 = DIRECTION ( 'NONE',  ( -1.000000000000000000, 0.000000000000000000, 0.000000000000000000 ) ) ;
#968 = EDGE_LOOP ( 'NONE', ( #4144, #5797, #3822, #172 ) ) ;
#969 = FACE_BOUND ( 'NONE', #869, .T. ) ;
#970 = ORIENTED_EDGE ( 'NONE', *, *, #566, .T. ) ;
#971 = ORIENTED_EDGE ( 'NONE', *, *, #5174, .T. ) ;
#972 = DIRECTION ( 'NONE',  ( 0.5773502691896196248, 0.5773502691896283956, 0.5773502691896293948 ) ) ;
#973 = ORIENTED_EDGE ( 'NONE', *, *, #1108, .F. ) ;
#974 = CARTESIAN_POINT ( 'NONE',  ( 71.16692151384302178, -51.58491490983000460, 10.00000000000000000 ) ) ;
#975 = LINE ( 'NONE', #2949, #1452 ) ;
#976 = ADVANCED_FACE ( 'NONE', ( #1617 ), #5017, .F. ) ;
#977 = ADVANCED_FACE ( 'NONE', ( #5052 ), #108, .T. ) ;
#978 = EDGE_CURVE ( 'NONE', #148, #2478, #4039, .T. ) ;
#979 = EDGE_CURVE ( 'NONE', #5549, #3360, #5975, .T. ) ;
#980 = CARTESIAN_POINT ( 'NONE',  ( 73.82834173625566621, -47.20929738934638209, 15.60000000000000320 ) ) ;
#981 = ORIENTED_EDGE ( 'NONE', *, *, #5221, .F. ) ;
#982 = CARTESIAN_POINT ( 'NONE',  ( 27.57267827376750802, -52.21751017649979332, 10.00000000000000000 ) ) ;
#983 = DIRECTION ( 'NONE',  ( 0.7071067811865453523, 0.7071067811865496822, -0.000000000000000000 ) ) ;
#984 = PLANE ( 'NONE',  #4941 ) ;
#985 = CARTESIAN_POINT ( 'NONE',  ( 49.99999999999997868, -44.85228197649726667, 4.999999999999997335 ) ) ;
#986 = ORIENTED_EDGE ( 'NONE', *, *, #5973, .F. ) ;
#987 = ORIENTED_EDGE ( 'NONE', *, *, #4168, .T. ) ;
#988 = VERTEX_POINT ( 'NONE', #6041 ) ;
#989 = CARTESIAN_POINT ( 'NONE',  ( 27.59510887530268519, -55.80000000000088534, -13.91866057222030229 ) ) ;
#990 = PLANE ( 'NONE',  #3819 ) ;
#991 = DIRECTION ( 'NONE',  ( -0.0002837570509955884899, -0.9999999597409672258, 0.000000000000000000 ) ) ;
#992 = LINE ( 'NONE', #2968, #3018 ) ;
#993 = EDGE_LOOP ( 'NONE', ( #4742, #51 ) ) ;
#994 = CARTESIAN_POINT ( 'NONE',  ( 11.91884943977545497, -52.09621316891439591, 10.00000000000000000 ) ) ;
#995 = DIRECTION ( 'NONE',  ( -1.000000000000000000, 0.000000000000000000, 0.000000000000000000 ) ) ;
#996 = CARTESIAN_POINT ( 'NONE',  ( 26.41212815256435675, -54.61701927726255690, -13.91866057222030229 ) ) ;
#997 = ORIENTED_EDGE ( 'NONE', *, *, #423, .F. ) ;
#998 = ORIENTED_EDGE ( 'NONE', *, *, #5417, .T. ) ;
#999 = DIRECTION ( 'NONE',  ( -0.000000000000000000, -0.000000000000000000, -1.000000000000000000 ) ) ;
#1000 = EDGE_LOOP ( 'NONE', ( #6014, #6028, #2391, #1621 ) ) ;
#1001 = PLANE ( 'NONE',  #4434 ) ;
#1002 = EDGE_CURVE ( 'NONE', #3082, #6261, #5490, .T. ) ;
#1003 = DIRECTION ( 'NONE',  ( 0.000000000000000000, 1.000000000000000000, 0.000000000000000000 ) ) ;
#1004 = ADVANCED_FACE ( 'NONE', ( #623, #3029 ), #4991, .T. ) ;
#1005 = PLANE ( 'NONE',  #3379 ) ;
#1006 = ORIENTED_EDGE ( 'NONE', *, *, #6275, .F. ) ;
#1007 = CARTESIAN_POINT ( 'NONE',  ( 74.22834173451683171, -47.20933468652174980, 16.00000000000000000 ) ) ;
#1008 = DIRECTION ( 'NONE',  ( -0.5006742921851498052, -0.4993247972461318240, 0.7071067811865536790 ) ) ;
#1009 = CARTESIAN_POINT ( 'NONE',  ( 71.16692151384302178, -3.557475234951000598, 7.600000000000000533 ) ) ;
#1010 = LINE ( 'NONE', #3944, #3005 ) ;
#1011 = CIRCLE ( 'NONE', #5776, 3.100000000000005418 ) ;
#1012 = EDGE_LOOP ( 'NONE', ( #5319, #1682 ) ) ;
#1013 = LINE ( 'NONE', #2506, #2989 ) ;
#1014 = PLANE ( 'NONE',  #5693 ) ;
#1015 = EDGE_CURVE ( 'NONE', #2740, #61, #335, .T. ) ;
#1016 = VECTOR ( 'NONE', #2935, 1000.000000000000114 ) ;
#1017 = EDGE_CURVE ( 'NONE', #3648, #1720, #2359, .T. ) ;
#1018 = CARTESIAN_POINT ( 'NONE',  ( 5.596199159746183760, 1.174709169418687527, 16.00000000000000000 ) ) ;
#1019 = AXIS2_PLACEMENT_3D ( 'NONE', #5451, #1488, #2986 ) ;
#1020 = ORIENTED_EDGE ( 'NONE', *, *, #460, .T. ) ;
#1021 = LINE ( 'NONE', #3002, #3184 ) ;
#1022 = CARTESIAN_POINT ( 'NONE',  ( 0.000000000000000000, 0.000000000000000000, 10.00000000000000000 ) ) ;
#1023 = AXIS2_PLACEMENT_3D ( 'NONE', #4948, #391, #5328 ) ;
#1024 = AXIS2_PLACEMENT_3D ( 'NONE', #3425, #6323, #4368 ) ;
#1025 = CARTESIAN_POINT ( 'NONE',  ( 35.39619915974623154, 3.200000000000005063, 12.00000000000000000 ) ) ;
#1026 = ORIENTED_EDGE ( 'NONE', *, *, #2836, .T. ) ;
#1027 = ORIENTED_EDGE ( 'NONE', *, *, #2960, .T. ) ;
#1028 = VECTOR ( 'NONE', #3409, 1000.000000000000000 ) ;
#1029 = VECTOR ( 'NONE', #182, 1000.000000000000000 ) ;
#1030 = CARTESIAN_POINT ( 'NONE',  ( 1.661194727475646893, -55.79999999999999716, 9.999999999999996447 ) ) ;
#1031 = PLANE ( 'NONE',  #1861 ) ;
#1032 = EDGE_CURVE ( 'NONE', #347, #3199, #6140, .T. ) ;
#1033 = ORIENTED_EDGE ( 'NONE', *, *, #5480, .F. ) ;
#1034 = PLANE ( 'NONE',  #5483 ) ;
#1035 = CARTESIAN_POINT ( 'NONE',  ( -0.8000000000006908252, -26.20573625655823236, 11.99999999999999645 ) ) ;
#1036 = VECTOR ( 'NONE', #4792, 999.9999999999998863 ) ;
#1037 = VECTOR ( 'NONE', #4391, 1000.000000000000114 ) ;
#1038 = ADVANCED_FACE ( 'NONE', ( #4659 ), #2831, .F. ) ;
#1039 = PLANE ( 'NONE',  #1212 ) ;
#1040 = ORIENTED_EDGE ( 'NONE', *, *, #398, .F. ) ;
#1041 = AXIS2_PLACEMENT_3D ( 'NONE', #422, #947, #1887 ) ;
#1042 = FACE_OUTER_BOUND ( 'NONE', #2342, .T. ) ;
#1043 = CARTESIAN_POINT ( 'NONE',  ( 19.10493176477762134, 0.7747091694188102950, 11.99999999999999645 ) ) ;
#1044 = AXIS2_PLACEMENT_3D ( 'NONE', #4619, #6042, #2145 ) ;
#1045 = CARTESIAN_POINT ( 'NONE',  ( 41.18798830022271318, -41.18798830022287660, 16.00000000000000000 ) ) ;
#1046 = CARTESIAN_POINT ( 'NONE',  ( 76.17474980949853602, -1.520800133107570451, 16.00000000000000000 ) ) ;
#1047 = AXIS2_PLACEMENT_3D ( 'NONE', #4480, #147, #3135 ) ;
#1048 = ADVANCED_FACE ( 'NONE', ( #3181 ), #723, .T. ) ;
#1049 = ORIENTED_EDGE ( 'NONE', *, *, #1032, .T. ) ;
#1050 = CARTESIAN_POINT ( 'NONE',  ( 71.42844382976133488, -48.13817845388538785, 5.000000000000000000 ) ) ;
#1051 = DIRECTION ( 'NONE',  ( 0.000000000000000000, 1.000000000000000000, 0.000000000000000000 ) ) ;
#1052 = AXIS2_PLACEMENT_3D ( 'NONE', #6101, #1656, #5616 ) ;
#1053 = CARTESIAN_POINT ( 'NONE',  ( -3.438522412644319731E-17, 2.999999999999998668, 16.00000000000000000 ) ) ;
#1054 = VECTOR ( 'NONE', #855, 1000.000000000000000 ) ;
#1055 = EDGE_CURVE ( 'NONE', #1309, #425, #2765, .T. ) ;
#1056 = EDGE_CURVE ( 'NONE', #4441, #5284, #6266, .T. ) ;
#1057 = ORIENTED_EDGE ( 'NONE', *, *, #3478, .F. ) ;
#1058 = FACE_OUTER_BOUND ( 'NONE', #2010, .T. ) ;
#1059 = DIRECTION ( 'NONE',  ( 0.000000000000000000, 0.000000000000000000, 1.000000000000000000 ) ) ;
#1060 = ORIENTED_EDGE ( 'NONE', *, *, #1556, .T. ) ;
#1061 = CARTESIAN_POINT ( 'NONE',  ( 0.000000000000000000, -47.98597515316583895, 16.00000000000000000 ) ) ;
#1062 = ORIENTED_EDGE ( 'NONE', *, *, #2440, .T. ) ;
#1063 = EDGE_CURVE ( 'NONE', #529, #405, #5196, .T. ) ;
#1064 = VERTEX_POINT ( 'NONE', #4146 ) ;
#1065 = CARTESIAN_POINT ( 'NONE',  ( 52.99999999999997868, -8.852281976497271998, 5.000000000000000000 ) ) ;
#1066 = CARTESIAN_POINT ( 'NONE',  ( 71.43211764624986415, -8.737699060429038767, 10.00000000000000000 ) ) ;
#1067 = ORIENTED_EDGE ( 'NONE', *, *, #3868, .F. ) ;
#1068 = FACE_BOUND ( 'NONE', #5605, .T. ) ;
#1069 = CARTESIAN_POINT ( 'NONE',  ( 0.000000000000000000, -58.40000000000000568, 16.00000000000000000 ) ) ;
#1070 = FACE_OUTER_BOUND ( 'NONE', #4340, .T. ) ;
#1071 = CARTESIAN_POINT ( 'NONE',  ( 35.59619915974622728, -2.048408333801061243, 9.600000000000001421 ) ) ;
#1072 = DIRECTION ( 'NONE',  ( 1.000000000000000000, 0.000000000000000000, 0.000000000000000000 ) ) ;
#1073 = CARTESIAN_POINT ( 'NONE',  ( 52.99999999999998579, -44.85228197649726667, 5.000000000000000000 ) ) ;
#1074 = CYLINDRICAL_SURFACE ( 'NONE', #1340, 2.999999999999999112 ) ;
#1075 = EDGE_CURVE ( 'NONE', #2194, #5756, #1845, .T. ) ;
#1076 = EDGE_LOOP ( 'NONE', ( #2974, #5615, #4008, #209 ) ) ;
#1077 = DIRECTION ( 'NONE',  ( -0.7071067811865489050, -0.7071067811865462405, 0.000000000000000000 ) ) ;
#1078 = PLANE ( 'NONE',  #3711 ) ;
#1079 = FACE_OUTER_BOUND ( 'NONE', #1652, .T. ) ;
#1080 = EDGE_CURVE ( 'NONE', #210, #2605, #1296, .T. ) ;
#1081 = ADVANCED_BREP_SHAPE_REPRESENTATION ( '\X2\63a565367aef5e95677f\X0\', ( #395, #4158 ), #3333 ) ;
#1082 = EDGE_LOOP ( 'NONE', ( #3321, #2504, #2866, #1183 ) ) ;
#1083 = DIRECTION ( 'NONE',  ( -0.7071067811863711583, 0.7071067811867238762, 0.000000000000000000 ) ) ;
#1084 = CARTESIAN_POINT ( 'NONE',  ( 49.05151099495649447, -0.08227159922996607477, 9.999999999999996447 ) ) ;
#1085 = EDGE_CURVE ( 'NONE', #6330, #1356, #812, .T. ) ;
#1086 = DIRECTION ( 'NONE',  ( -0.000000000000000000, -0.000000000000000000, -1.000000000000000000 ) ) ;
#1087 = ORIENTED_EDGE ( 'NONE', *, *, #1764, .F. ) ;
#1088 = DIRECTION ( 'NONE',  ( 1.000000000000000000, 1.927470528863118802E-16, 0.000000000000000000 ) ) ;
#1089 = CARTESIAN_POINT ( 'NONE',  ( 49.28545308029354288, 0.1497179670640490234, 9.999999999999996447 ) ) ;
#1090 = ORIENTED_EDGE ( 'NONE', *, *, #1547, .F. ) ;
#1091 = LINE ( 'NONE', #4979, #1535 ) ;
#1092 = CARTESIAN_POINT ( 'NONE',  ( 69.08286859082156184, -55.80000000000100613, 9.999999999999996447 ) ) ;
#1093 = ORIENTED_EDGE ( 'NONE', *, *, #4693, .T. ) ;
#1094 = LINE ( 'NONE', #3073, #2141 ) ;
#1095 = DIRECTION ( 'NONE',  ( -1.000000000000000000, -0.000000000000000000, -0.000000000000000000 ) ) ;
#1096 = FACE_OUTER_BOUND ( 'NONE', #1881, .T. ) ;
#1097 = PLANE ( 'NONE',  #2992 ) ;
#1098 = PLANE ( 'NONE',  #4533 ) ;
#1099 = CARTESIAN_POINT ( 'NONE',  ( 18.56585808368380341, -2.246312083078058741, 10.00000000000000000 ) ) ;
#1100 = VERTEX_POINT ( 'NONE', #1755 ) ;
#1101 = EDGE_CURVE ( 'NONE', #2372, #2973, #3775, .T. ) ;
#1102 = DIRECTION ( 'NONE',  ( -0.7071067811865475727, 1.762579805982907941E-16, -0.7071067811865475727 ) ) ;
#1103 = DIRECTION ( 'NONE',  ( -0.9999999597409671148, 0.0002837570509955884357, -0.000000000000000000 ) ) ;
#1104 = DIRECTION ( 'NONE',  ( 0.000000000000000000, 0.000000000000000000, 1.000000000000000000 ) ) ;
#1105 = LINE ( 'NONE', #2565, #6320 ) ;
#1106 = ORIENTED_EDGE ( 'NONE', *, *, #2543, .F. ) ;
#1107 = ORIENTED_EDGE ( 'NONE', *, *, #55, .T. ) ;
#1108 = EDGE_CURVE ( 'NONE', #2478, #4776, #1203, .T. ) ;
#1109 = LINE ( 'NONE', #1700, #4419 ) ;
#1110 = VECTOR ( 'NONE', #4796, 1000.000000000000000 ) ;
#1111 = DIRECTION ( 'NONE',  ( 1.000000000000000000, 1.146174137548107039E-17, 0.000000000000000000 ) ) ;
#1112 = LINE ( 'NONE', #56, #2709 ) ;
#1113 = AXIS2_PLACEMENT_3D ( 'NONE', #6202, #2277, #3268 ) ;
#1114 = EDGE_CURVE ( 'NONE', #1480, #5745, #5675, .T. ) ;
#1115 = ORIENTED_EDGE ( 'NONE', *, *, #4764, .F. ) ;
#1116 = EDGE_CURVE ( 'NONE', #3132, #4602, #4206, .T. ) ;
#1117 = FACE_OUTER_BOUND ( 'NONE', #5760, .T. ) ;
#1118 = CARTESIAN_POINT ( 'NONE',  ( -0.01547010933201067168, -54.51885214806360835, 9.199999999999999289 ) ) ;
#1119 = VECTOR ( 'NONE', #417, 1000.000000000000000 ) ;
#1120 = EDGE_LOOP ( 'NONE', ( #4123, #5309, #507, #1635 ) ) ;
#1121 = DIRECTION ( 'NONE',  ( 0.7071938130862034377, 0.7070197385735393913, -0.000000000000000000 ) ) ;
#1122 = CARTESIAN_POINT ( 'NONE',  ( 69.43211764624986415, -8.737699060429038767, 5.000000000000000000 ) ) ;
#1123 = ORIENTED_EDGE ( 'NONE', *, *, #4780, .F. ) ;
#1124 = VECTOR ( 'NONE', #1893, 1000.000000000000000 ) ;
#1125 = VECTOR ( 'NONE', #2848, 1000.000000000000227 ) ;
#1126 = EDGE_LOOP ( 'NONE', ( #5820, #3352, #1178, #4216, #3167 ) ) ;
#1127 = ADVANCED_FACE ( 'NONE', ( #787 ), #815, .F. ) ;
#1128 = CARTESIAN_POINT ( 'NONE',  ( -3.000000000000005329, 0.1715728752538012158, 16.00000000000000000 ) ) ;
#1129 = CARTESIAN_POINT ( 'NONE',  ( 69.46692151384301894, -51.58491490983000460, 10.00000000000000000 ) ) ;
#1130 = PLANE ( 'NONE',  #3998 ) ;
#1131 = FACE_OUTER_BOUND ( 'NONE', #3014, .T. ) ;
#1132 = AXIS2_PLACEMENT_3D ( 'NONE', #1508, #4462, #4574 ) ;
#1133 = VECTOR ( 'NONE', #2746, 1000.000000000000000 ) ;
#1134 = CARTESIAN_POINT ( 'NONE',  ( -2.799999999999974953, -47.98597515316583895, 12.00000000000000000 ) ) ;
#1135 = CARTESIAN_POINT ( 'NONE',  ( 35.19619915974622870, -2.248359099608454148, 10.00000000000000000 ) ) ;
#1136 = VERTEX_POINT ( 'NONE', #4790 ) ;
#1137 = AXIS2_PLACEMENT_3D ( 'NONE', #110, #3129, #1561 ) ;
#1138 = AXIS2_PLACEMENT_3D ( 'NONE', #5266, #6272, #5749 ) ;
#1139 = ORIENTED_EDGE ( 'NONE', *, *, #6169, .T. ) ;
#1140 = LINE ( 'NONE', #659, #226 ) ;
#1141 = DIRECTION ( 'NONE',  ( -0.7071067811865495711, 0.7071067811865455743, 0.000000000000000000 ) ) ;
#1142 = DIRECTION ( 'NONE',  ( 0.000000000000000000, 0.000000000000000000, -1.000000000000000000 ) ) ;
#1143 = CARTESIAN_POINT ( 'NONE',  ( -0.8000000000014093615, -4.312601124913160611, 11.99999999999999645 ) ) ;
#1144 = AXIS2_PLACEMENT_3D ( 'NONE', #1069, #1541, #4575 ) ;
#1145 = EDGE_LOOP ( 'NONE', ( #4043, #1811, #127, #3713 ) ) ;
#1146 = ORIENTED_EDGE ( 'NONE', *, *, #3003, .T. ) ;
#1147 = CIRCLE ( 'NONE', #21, 3.099999999999999645 ) ;
#1148 = PLANE ( 'NONE',  #386 ) ;
#1149 = ORIENTED_EDGE ( 'NONE', *, *, #5172, .F. ) ;
#1150 = LINE ( 'NONE', #5024, #4751 ) ;
#1151 = DIRECTION ( 'NONE',  ( -1.000000000000000000, 0.000000000000000000, 0.000000000000000000 ) ) ;
#1152 = VECTOR ( 'NONE', #2520, 1000.000000000000000 ) ;
#1153 = EDGE_CURVE ( 'NONE', #6281, #3447, #2182, .T. ) ;
#1154 = ORIENTED_EDGE ( 'NONE', *, *, #2643, .T. ) ;
#1155 = CARTESIAN_POINT ( 'NONE',  ( 2.474878816186600883, -6.746422458603144712, 10.00000000000000000 ) ) ;
#1156 = LINE ( 'NONE', #1185, #823 ) ;
#1157 = ORIENTED_EDGE ( 'NONE', *, *, #2903, .T. ) ;
#1158 = PLANE ( 'NONE',  #5582 ) ;
#1159 = CARTESIAN_POINT ( 'NONE',  ( 22.99999999999998934, -44.85228197649772852, -42.42640687119285303 ) ) ;
#1160 = EDGE_CURVE ( 'NONE', #3917, #1859, #241, .T. ) ;
#1161 = ORIENTED_EDGE ( 'NONE', *, *, #5026, .F. ) ;
#1162 = VERTEX_POINT ( 'NONE', #4914 ) ;
#1163 = PLANE ( 'NONE',  #4611 ) ;
#1164 = CARTESIAN_POINT ( 'NONE',  ( 35.39619915974623154, 3.399999999999999911, 9.799999999999993605 ) ) ;
#1165 = LINE ( 'NONE', #5011, #2161 ) ;
#1166 = CARTESIAN_POINT ( 'NONE',  ( 30.99510887530267667, -58.40000000000000568, 15.60000000000000320 ) ) ;
#1167 = CARTESIAN_POINT ( 'NONE',  ( 8.599999999999981881, -55.80000000000038796, 16.00000000000000000 ) ) ;
#1168 = EDGE_CURVE ( 'NONE', #432, #2404, #4515, .T. ) ;
#1169 = CARTESIAN_POINT ( 'NONE',  ( 69.08286859082157605, -56.20000000000100471, 16.00000000000000000 ) ) ;
#1170 = EDGE_LOOP ( 'NONE', ( #637, #3773, #1840, #621 ) ) ;
#1171 = ORIENTED_EDGE ( 'NONE', *, *, #1558, .F. ) ;
#1172 = CARTESIAN_POINT ( 'NONE',  ( -0.7999999999999742872, -49.98597515316584605, 15.60000000000000320 ) ) ;
#1173 = DIRECTION ( 'NONE',  ( -0.000000000000000000, 0.000000000000000000, 1.000000000000000000 ) ) ;
#1174 = FACE_OUTER_BOUND ( 'NONE', #3229, .T. ) ;
#1175 = DIRECTION ( 'NONE',  ( -0.000000000000000000, -0.000000000000000000, 1.000000000000000000 ) ) ;
#1176 = EDGE_CURVE ( 'NONE', #2255, #2204, #3849, .T. ) ;
#1177 = ORIENTED_EDGE ( 'NONE', *, *, #5440, .T. ) ;
#1178 = ORIENTED_EDGE ( 'NONE', *, *, #4892, .T. ) ;
#1179 = ORIENTED_EDGE ( 'NONE', *, *, #4211, .T. ) ;
#1180 = CARTESIAN_POINT ( 'NONE',  ( 83.18728849794094060, -43.34060193752641510, 24.95858599246895793 ) ) ;
#1181 = DIRECTION ( 'NONE',  ( 0.7100637267678097109, 0.7041374183556851074, -0.000000000000000000 ) ) ;
#1182 = DIRECTION ( 'NONE',  ( -0.000000000000000000, -0.000000000000000000, -1.000000000000000000 ) ) ;
#1183 = ORIENTED_EDGE ( 'NONE', *, *, #4293, .F. ) ;
#1184 = LINE ( 'NONE', #2577, #608 ) ;
#1185 = CARTESIAN_POINT ( 'NONE',  ( 44.99999999999998579, -8.852281976497424765, 3.599999999999999201 ) ) ;
#1186 = EDGE_LOOP ( 'NONE', ( #456, #1243, #970, #2165 ) ) ;
#1187 = VERTEX_POINT ( 'NONE', #3337 ) ;
#1188 = PLANE ( 'NONE',  #2061 ) ;
#1189 = LINE ( 'NONE', #6225, #1660 ) ;
#1190 = ADVANCED_FACE ( 'NONE', ( #3909 ), #952, .T. ) ;
#1191 = ORIENTED_EDGE ( 'NONE', *, *, #2043, .F. ) ;
#1192 = DIRECTION ( 'NONE',  ( 0.000000000000000000, 1.000000000000000000, -0.000000000000000000 ) ) ;
#1193 = ORIENTED_EDGE ( 'NONE', *, *, #2399, .F. ) ;
#1194 = PLANE ( 'NONE',  #5506 ) ;
#1195 = DIRECTION ( 'NONE',  ( 0.000000000000000000, 0.000000000000000000, -1.000000000000000000 ) ) ;
#1196 = DIRECTION ( 'NONE',  ( 0.7071067811865475727, 8.104675050809092985E-18, 0.7071067811865475727 ) ) ;
#1197 = FACE_OUTER_BOUND ( 'NONE', #5449, .T. ) ;
#1198 = FACE_OUTER_BOUND ( 'NONE', #5602, .T. ) ;
#1199 = ORIENTED_EDGE ( 'NONE', *, *, #5403, .T. ) ;
#1200 = ORIENTED_EDGE ( 'NONE', *, *, #6196, .T. ) ;
#1201 = CARTESIAN_POINT ( 'NONE',  ( 69.08286859082156184, 0.000000000000000000, 9.199999999999999289 ) ) ;
#1202 = EDGE_CURVE ( 'NONE', #4253, #5765, #886, .T. ) ;
#1203 = LINE ( 'NONE', #1326, #5985 ) ;
#1204 = DIRECTION ( 'NONE',  ( -1.927470528863119295E-16, 1.000000000000000000, 0.000000000000000000 ) ) ;
#1205 = CARTESIAN_POINT ( 'NONE',  ( -0.8000000000009857004, -1.686485558055996536, 9.999999999999996447 ) ) ;
#1206 = ORIENTED_EDGE ( 'NONE', *, *, #2926, .T. ) ;
#1207 = ORIENTED_EDGE ( 'NONE', *, *, #4278, .T. ) ;
#1208 = EDGE_LOOP ( 'NONE', ( #6301, #3616, #2647, #2850 ) ) ;
#1209 = DIRECTION ( 'NONE',  ( 0.000000000000000000, 0.000000000000000000, 1.000000000000000000 ) ) ;
#1210 = EDGE_CURVE ( 'NONE', #5949, #2918, #4432, .T. ) ;
#1211 = FACE_OUTER_BOUND ( 'NONE', #5121, .T. ) ;
#1212 = AXIS2_PLACEMENT_3D ( 'NONE', #4983, #3990, #3454 ) ;
#1213 = DIRECTION ( 'NONE',  ( 0.000000000000000000, 0.000000000000000000, 1.000000000000000000 ) ) ;
#1214 = VERTEX_POINT ( 'NONE', #2367 ) ;
#1215 = CARTESIAN_POINT ( 'NONE',  ( 22.99999999999997868, -8.852281976497732074, -42.42640687119285303 ) ) ;
#1216 = PLANE ( 'NONE',  #6209 ) ;
#1217 = ORIENTED_EDGE ( 'NONE', *, *, #1348, .F. ) ;
#1218 = ORIENTED_EDGE ( 'NONE', *, *, #5761, .T. ) ;
#1219 = DIRECTION ( 'NONE',  ( -0.9999999804318064900, 0.0001978291858416199040, 0.000000000000000000 ) ) ;
#1220 = ORIENTED_EDGE ( 'NONE', *, *, #392, .T. ) ;
#1221 = AXIS2_PLACEMENT_3D ( 'NONE', #3148, #262, #6232 ) ;
#1222 = DIRECTION ( 'NONE',  ( -2.492664266385966371E-16, -1.000000000000000000, 0.000000000000000000 ) ) ;
#1223 = CARTESIAN_POINT ( 'NONE',  ( 67.42844382976137751, -52.13817845388540206, 5.000000000000000000 ) ) ;
#1224 = CARTESIAN_POINT ( 'NONE',  ( 88.81620192415489612, -38.66666666666667140, 35.33333333333333570 ) ) ;
#1225 = DIRECTION ( 'NONE',  ( 0.000000000000000000, 0.000000000000000000, 1.000000000000000000 ) ) ;
#1226 = DIRECTION ( 'NONE',  ( 0.000000000000000000, 1.000000000000000000, 0.000000000000000000 ) ) ;
#1227 = VECTOR ( 'NONE', #1421, 1000.000000000000114 ) ;
#1228 = VECTOR ( 'NONE', #3834, 1000.000000000000000 ) ;
#1229 = VERTEX_POINT ( 'NONE', #5876 ) ;
#1230 = EDGE_CURVE ( 'NONE', #805, #1313, #1986, .T. ) ;
#1231 = VERTEX_POINT ( 'NONE', #2861 ) ;
#1232 = ADVANCED_FACE ( 'NONE', ( #2430 ), #4344, .F. ) ;
#1233 = CIRCLE ( 'NONE', #4852, 1.700000000000000178 ) ;
#1234 = FACE_OUTER_BOUND ( 'NONE', #41, .T. ) ;
#1235 = CARTESIAN_POINT ( 'NONE',  ( 3.888803657608006059, -3.557475234951000598, 7.600000000000000533 ) ) ;
#1236 = CIRCLE ( 'NONE', #3815, 2.999999999999999112 ) ;
#1237 = DIRECTION ( 'NONE',  ( -0.000000000000000000, -0.000000000000000000, -1.000000000000000000 ) ) ;
#1238 = CARTESIAN_POINT ( 'NONE',  ( 73.83203064446132657, -7.646964272009746821, 9.999999999999996447 ) ) ;
#1239 = VECTOR ( 'NONE', #2015, 1000.000000000000227 ) ;
#1240 = EDGE_CURVE ( 'NONE', #2443, #5293, #3942, .T. ) ;
#1241 = VECTOR ( 'NONE', #4697, 1000.000000000000000 ) ;
#1242 = VERTEX_POINT ( 'NONE', #6388 ) ;
#1243 = ORIENTED_EDGE ( 'NONE', *, *, #2503, .T. ) ;
#1244 = ORIENTED_EDGE ( 'NONE', *, *, #4714, .F. ) ;
#1245 = DIRECTION ( 'NONE',  ( -1.000000000000000000, 0.000000000000000000, 0.000000000000000000 ) ) ;
#1246 = LINE ( 'NONE', #369, #3411 ) ;
#1247 = VECTOR ( 'NONE', #454, 1000.000000000000000 ) ;
#1248 = EDGE_CURVE ( 'NONE', #2973, #777, #1948, .T. ) ;
#1249 = DIRECTION ( 'NONE',  ( 0.5773502691896119643, 0.5773502691896132966, -0.5773502691896521544 ) ) ;
#1250 = EDGE_CURVE ( 'NONE', #5263, #36, #3363, .T. ) ;
#1251 = ADVANCED_FACE ( 'NONE', ( #5326 ), #1921, .T. ) ;
#1252 = ADVANCED_FACE ( 'NONE', ( #4858 ), #428, .F. ) ;
#1253 = VECTOR ( 'NONE', #1770, 1000.000000000000000 ) ;
#1254 = ORIENTED_EDGE ( 'NONE', *, *, #2545, .F. ) ;
#1255 = FACE_OUTER_BOUND ( 'NONE', #1395, .T. ) ;
#1256 = DIRECTION ( 'NONE',  ( 1.000000000000000000, 0.000000000000000000, -0.000000000000000000 ) ) ;
#1257 = EDGE_LOOP ( 'NONE', ( #1763, #1464, #1662, #233 ) ) ;
#1258 = VERTEX_POINT ( 'NONE', #5393 ) ;
#1259 = VECTOR ( 'NONE', #3984, 1000.000000000000114 ) ;
#1260 = CARTESIAN_POINT ( 'NONE',  ( 11.60001972201878750, -55.80000000000054428, 9.199999999999999289 ) ) ;
#1261 = ORIENTED_EDGE ( 'NONE', *, *, #2437, .F. ) ;
#1262 = VECTOR ( 'NONE', #3517, 1000.000000000000000 ) ;
#1263 = DIRECTION ( 'NONE',  ( -0.2810846377148207842, 0.6785983445458491081, 0.6785983445458447783 ) ) ;
#1264 = CARTESIAN_POINT ( 'NONE',  ( -3.896992067663563348E-17, 3.399999999999999467, 12.00000000000000000 ) ) ;
#1265 = DIRECTION ( 'NONE',  ( 2.492664266385966864E-16, 1.000000000000000000, 0.000000000000000000 ) ) ;
#1266 = CARTESIAN_POINT ( 'NONE',  ( 2.188803657608005881, -3.557475234951000598, 12.00000000000000000 ) ) ;
#1267 = PLANE ( 'NONE',  #1979 ) ;
#1268 = ORIENTED_EDGE ( 'NONE', *, *, #4963, .T. ) ;
#1269 = FACE_OUTER_BOUND ( 'NONE', #4864, .T. ) ;
#1270 = DIRECTION ( 'NONE',  ( -0.7071067811865483499, -0.7071067811865466846, 0.000000000000000000 ) ) ;
#1271 = LINE ( 'NONE', #5158, #3010 ) ;
#1272 = CARTESIAN_POINT ( 'NONE',  ( 36.59619915974623439, -4.931739154187178009, 9.600000000000001421 ) ) ;
#1273 = ORIENTED_EDGE ( 'NONE', *, *, #5417, .F. ) ;
#1274 = VERTEX_POINT ( 'NONE', #2930 ) ;
#1275 = ORIENTED_EDGE ( 'NONE', *, *, #3514, .F. ) ;
#1276 = DIRECTION ( 'NONE',  ( 0.7071067811865459074, -0.7071067811865491270, 0.000000000000000000 ) ) ;
#1277 = FACE_OUTER_BOUND ( 'NONE', #3342, .T. ) ;
#1278 = EDGE_CURVE ( 'NONE', #1765, #5436, #4732, .T. ) ;
#1279 = DIRECTION ( 'NONE',  ( -1.000000000000000000, -0.000000000000000000, -0.000000000000000000 ) ) ;
#1280 = ADVANCED_FACE ( 'NONE', ( #4889 ), #4376, .T. ) ;
#1281 = ORIENTED_EDGE ( 'NONE', *, *, #2109, .T. ) ;
#1282 = EDGE_CURVE ( 'NONE', #5753, #4441, #2954, .T. ) ;
#1283 = DIRECTION ( 'NONE',  ( -1.000000000000000000, -1.146174137548107039E-17, 0.000000000000000000 ) ) ;
#1284 = VERTEX_POINT ( 'NONE', #97 ) ;
#1285 = DIRECTION ( 'NONE',  ( -0.000000000000000000, 1.000000000000000000, -0.000000000000000000 ) ) ;
#1286 = EDGE_LOOP ( 'NONE', ( #4538, #1932, #360, #1314 ) ) ;
#1287 = CARTESIAN_POINT ( 'NONE',  ( 67.82096980780006845, -54.53810121697948432, 9.199999999999999289 ) ) ;
#1288 = EDGE_LOOP ( 'NONE', ( #367, #4231, #6179, #1975, #4243, #879, #4584, #2298 ) ) ;
#1289 = ORIENTED_EDGE ( 'NONE', *, *, #3235, .T. ) ;
#1290 = EDGE_CURVE ( 'NONE', #3497, #3735, #3022, .T. ) ;
#1291 = FACE_OUTER_BOUND ( 'NONE', #4995, .T. ) ;
#1292 = DIRECTION ( 'NONE',  ( 1.000000000000000000, 0.000000000000000000, -0.000000000000000000 ) ) ;
#1293 = DIRECTION ( 'NONE',  ( -0.7071067811865511255, -0.7071067811865440200, 0.000000000000000000 ) ) ;
#1294 = ORIENTED_EDGE ( 'NONE', *, *, #5682, .F. ) ;
#1295 = FACE_OUTER_BOUND ( 'NONE', #4267, .T. ) ;
#1296 = LINE ( 'NONE', #4275, #3189 ) ;
#1297 = ORIENTED_EDGE ( 'NONE', *, *, #2233, .F. ) ;
#1298 = PLANE ( 'NONE',  #2703 ) ;
#1299 = FACE_OUTER_BOUND ( 'NONE', #5472, .T. ) ;
#1300 = ORIENTED_EDGE ( 'NONE', *, *, #298, .T. ) ;
#1301 = ORIENTED_EDGE ( 'NONE', *, *, #1634, .F. ) ;
#1302 = FACE_OUTER_BOUND ( 'NONE', #2052, .T. ) ;
#1303 = DIRECTION ( 'NONE',  ( 1.927470528863119049E-16, -1.000000000000000000, 0.000000000000000000 ) ) ;
#1304 = LINE ( 'NONE', #4798, #3702 ) ;
#1305 = CARTESIAN_POINT ( 'NONE',  ( 50.70311946457120911, -55.80000000000088534, 15.60000000000000320 ) ) ;
#1306 = EDGE_CURVE ( 'NONE', #4602, #475, #2105, .T. ) ;
#1307 = ORIENTED_EDGE ( 'NONE', *, *, #4291, .T. ) ;
#1308 = LINE ( 'NONE', #2876, #2482 ) ;
#1309 = VERTEX_POINT ( 'NONE', #5515 ) ;
#1310 = DIRECTION ( 'NONE',  ( -1.146174137548107193E-17, 1.000000000000000000, 0.000000000000000000 ) ) ;
#1311 = ORIENTED_EDGE ( 'NONE', *, *, #6244, .F. ) ;
#1312 = DIRECTION ( 'NONE',  ( 0.7071067811865475727, 0.000000000000000000, -0.7071067811865475727 ) ) ;
#1313 = VERTEX_POINT ( 'NONE', #3116 ) ;
#1314 = ORIENTED_EDGE ( 'NONE', *, *, #1510, .F. ) ;
#1315 = DIRECTION ( 'NONE',  ( 0.000000000000000000, 0.000000000000000000, 1.000000000000000000 ) ) ;
#1316 = LINE ( 'NONE', #3291, #4738 ) ;
#1317 = ORIENTED_EDGE ( 'NONE', *, *, #4005, .T. ) ;
#1318 = FACE_BOUND ( 'NONE', #5658, .T. ) ;
#1319 = CARTESIAN_POINT ( 'NONE',  ( 66.31952070086401818, 2.774709169418908772, 15.60000000000000320 ) ) ;
#1320 = EDGE_CURVE ( 'NONE', #6155, #6110, #2039, .T. ) ;
#1321 = EDGE_CURVE ( 'NONE', #3657, #1909, #3289, .T. ) ;
#1322 = AXIS2_PLACEMENT_3D ( 'NONE', #3947, #1467, #2412 ) ;
#1323 = ADVANCED_FACE ( 'NONE', ( #4092 ), #5607, .T. ) ;
#1324 = ORIENTED_EDGE ( 'NONE', *, *, #4924, .F. ) ;
#1325 = DIRECTION ( 'NONE',  ( -0.000000000000000000, 0.7071067811865475727, 0.7071067811865475727 ) ) ;
#1326 = CARTESIAN_POINT ( 'NONE',  ( 54.50067622644385068, -52.01726056422681665, 10.00000000000000000 ) ) ;
#1327 = CARTESIAN_POINT ( 'NONE',  ( 63.99999999999997158, -44.85228197649711035, 3.599999999999999201 ) ) ;
#1328 = AXIS2_PLACEMENT_3D ( 'NONE', #5516, #2173, #4519 ) ;
#1329 = AXIS2_PLACEMENT_3D ( 'NONE', #3457, #1008, #1458 ) ;
#1330 = LINE ( 'NONE', #3306, #6112 ) ;
#1331 = EDGE_CURVE ( 'NONE', #228, #1846, #3483, .T. ) ;
#1332 = ORIENTED_EDGE ( 'NONE', *, *, #978, .F. ) ;
#1333 = VECTOR ( 'NONE', #2998, 1000.000000000000000 ) ;
#1334 = AXIS2_PLACEMENT_3D ( 'NONE', #3040, #1601, #3508 ) ;
#1335 = ORIENTED_EDGE ( 'NONE', *, *, #4962, .F. ) ;
#1336 = ORIENTED_EDGE ( 'NONE', *, *, #1250, .F. ) ;
#1337 = LINE ( 'NONE', #2994, #2564 ) ;
#1338 = CARTESIAN_POINT ( 'NONE',  ( -30.36862915010154396, -30.36862915010123842, 15.60000000000000142 ) ) ;
#1339 = LINE ( 'NONE', #1678, #4112 ) ;
#1340 = AXIS2_PLACEMENT_3D ( 'NONE', #2626, #2176, #4139 ) ;
#1341 = CIRCLE ( 'NONE', #5170, 3.000000000000002665 ) ;
#1342 = DIRECTION ( 'NONE',  ( -1.000000000000000000, 0.000000000000000000, 0.000000000000000000 ) ) ;
#1343 = EDGE_LOOP ( 'NONE', ( #3421, #4409, #6025, #2628 ) ) ;
#1344 = VECTOR ( 'NONE', #3844, 1000.000000000000000 ) ;
#1345 = VECTOR ( 'NONE', #275, 1000.000000000000000 ) ;
#1346 = CYLINDRICAL_SURFACE ( 'NONE', #3302, 3.099999999999999645 ) ;
#1347 = LINE ( 'NONE', #4325, #1228 ) ;
#1348 = EDGE_CURVE ( 'NONE', #3414, #3699, #5481, .T. ) ;
#1349 = DIRECTION ( 'NONE',  ( 0.000000000000000000, 0.000000000000000000, 1.000000000000000000 ) ) ;
#1350 = VECTOR ( 'NONE', #3787, 1000.000000000000000 ) ;
#1351 = VERTEX_POINT ( 'NONE', #4468 ) ;
#1352 = ORIENTED_EDGE ( 'NONE', *, *, #4994, .F. ) ;
#1353 = VECTOR ( 'NONE', #1432, 1000.000000000000000 ) ;
#1354 = DIRECTION ( 'NONE',  ( -9.324293839476709654E-05, -0.9999999956528771161, -0.000000000000000000 ) ) ;
#1355 = CARTESIAN_POINT ( 'NONE',  ( -2.337258300203059580, -58.40000000000000568, 3.600000000000000533 ) ) ;
#1356 = VERTEX_POINT ( 'NONE', #4580 ) ;
#1357 = DIRECTION ( 'NONE',  ( 0.000000000000000000, -1.000000000000000000, 0.000000000000000000 ) ) ;
#1358 = CARTESIAN_POINT ( 'NONE',  ( 22.99999999999999289, -44.85228197649772852, 3.599999999999999201 ) ) ;
#1359 = VECTOR ( 'NONE', #4558, 1000.000000000000000 ) ;
#1360 = ORIENTED_EDGE ( 'NONE', *, *, #3478, .T. ) ;
#1361 = DIRECTION ( 'NONE',  ( 1.000000000000000000, 0.000000000000000000, 0.000000000000000000 ) ) ;
#1362 = DIRECTION ( 'NONE',  ( -0.000000000000000000, -0.000000000000000000, 1.000000000000000000 ) ) ;
#1363 = DIRECTION ( 'NONE',  ( -0.5773502691896228445, 0.5773502691896315042, 0.5773502691896230665 ) ) ;
#1364 = ADVANCED_FACE ( 'NONE', ( #6000 ), #1645, .F. ) ;
#1365 = CARTESIAN_POINT ( 'NONE',  ( 54.23615939370861838, -55.80000000000088534, 9.999999999999996447 ) ) ;
#1366 = VECTOR ( 'NONE', #5479, 1000.000000000000227 ) ;
#1367 = EDGE_CURVE ( 'NONE', #225, #5662, #1165, .T. ) ;
#1368 = DIRECTION ( 'NONE',  ( -1.146174137548107193E-17, 1.000000000000000000, 0.000000000000000000 ) ) ;
#1369 = ORIENTED_EDGE ( 'NONE', *, *, #4641, .F. ) ;
#1370 = ORIENTED_EDGE ( 'NONE', *, *, #607, .T. ) ;
#1371 = VERTEX_POINT ( 'NONE', #1043 ) ;
#1372 = CARTESIAN_POINT ( 'NONE',  ( 27.40642141585103531, -52.21746687492775862, 5.000000000000000000 ) ) ;
#1373 = CARTESIAN_POINT ( 'NONE',  ( 36.39619915974623865, -2.048506805216459448, 9.600000000000001421 ) ) ;
#1374 = ADVANCED_FACE ( 'NONE', ( #4491 ), #3969, .F. ) ;
#1375 = DIRECTION ( 'NONE',  ( 0.2810846377148394915, -0.6785983445458414476, -0.6785983445458447783 ) ) ;
#1376 = LINE ( 'NONE', #3346, #2602 ) ;
#1377 = VERTEX_POINT ( 'NONE', #132 ) ;
#1378 = PLANE ( 'NONE',  #1944 ) ;
#1379 = DIRECTION ( 'NONE',  ( -1.000000000000000000, 0.000000000000000000, 0.000000000000000000 ) ) ;
#1380 = DIRECTION ( 'NONE',  ( 0.000000000000000000, 0.000000000000000000, 1.000000000000000000 ) ) ;
#1381 = EDGE_LOOP ( 'NONE', ( #4330, #4162, #4321, #1585 ) ) ;
#1382 = CARTESIAN_POINT ( 'NONE',  ( -0.7999999999999742872, -29.61728517063269805, 9.999999999999996447 ) ) ;
#1383 = VERTEX_POINT ( 'NONE', #6032 ) ;
#1384 = ORIENTED_EDGE ( 'NONE', *, *, #5100, .T. ) ;
#1385 = CARTESIAN_POINT ( 'NONE',  ( -3.400000000000016342, -47.98597515316583895, 16.00000000000000000 ) ) ;
#1386 = ORIENTED_EDGE ( 'NONE', *, *, #3639, .F. ) ;
#1387 = DIRECTION ( 'NONE',  ( -0.000000000000000000, -0.000000000000000000, -1.000000000000000000 ) ) ;
#1388 = FACE_OUTER_BOUND ( 'NONE', #2484, .T. ) ;
#1389 = VERTEX_POINT ( 'NONE', #5968 ) ;
#1390 = LINE ( 'NONE', #912, #2505 ) ;
#1391 = DIRECTION ( 'NONE',  ( 0.000000000000000000, 0.000000000000000000, 1.000000000000000000 ) ) ;
#1392 = CARTESIAN_POINT ( 'NONE',  ( 36.79619915974623723, -2.248531424585400895, 10.00000000000000000 ) ) ;
#1393 = LINE ( 'NONE', #2863, #4845 ) ;
#1394 = DIRECTION ( 'NONE',  ( -0.000000000000000000, -0.000000000000000000, -1.000000000000000000 ) ) ;
#1395 = EDGE_LOOP ( 'NONE', ( #5345, #3869, #5076, #5833, #6172, #3666, #4198, #6256 ) ) ;
#1396 = ORIENTED_EDGE ( 'NONE', *, *, #3056, .T. ) ;
#1397 = LINE ( 'NONE', #1928, #5782 ) ;
#1398 = CARTESIAN_POINT ( 'NONE',  ( -0.7999999999999742872, -29.61728517063269805, 11.99999999999999645 ) ) ;
#1399 = CARTESIAN_POINT ( 'NONE',  ( 7.596199159746239715, 3.399999999999999467, 15.60000000000000320 ) ) ;
#1400 = CARTESIAN_POINT ( 'NONE',  ( 19.39497138503848461, 0.1533971646133859557, 11.99999999999999645 ) ) ;
#1401 = ADVANCED_FACE ( 'NONE', ( #1096 ), #3610, .T. ) ;
#1402 = ADVANCED_FACE ( 'NONE', ( #523 ), #43, .F. ) ;
#1403 = VERTEX_POINT ( 'NONE', #2529 ) ;
#1404 = DIRECTION ( 'NONE',  ( 0.000000000000000000, -0.000000000000000000, -1.000000000000000000 ) ) ;
#1405 = CARTESIAN_POINT ( 'NONE',  ( 16.99999999999997868, -8.852281976497732074, -42.42640687119285303 ) ) ;
#1406 = EDGE_LOOP ( 'NONE', ( #2187, #4707, #3640, #1006 ) ) ;
#1407 = DIRECTION ( 'NONE',  ( -0.000000000000000000, -0.000000000000000000, 1.000000000000000000 ) ) ;
#1408 = DIRECTION ( 'NONE',  ( -1.000000000000000000, 0.000000000000000000, 0.000000000000000000 ) ) ;
#1409 = ORIENTED_EDGE ( 'NONE', *, *, #3605, .F. ) ;
#1410 = ORIENTED_EDGE ( 'NONE', *, *, #5869, .T. ) ;
#1411 = DIRECTION ( 'NONE',  ( 1.000000000000000000, 0.000000000000000000, 0.000000000000000000 ) ) ;
#1412 = ORIENTED_EDGE ( 'NONE', *, *, #3564, .T. ) ;
#1413 = LINE ( 'NONE', #419, #3911 ) ;
#1414 = LINE ( 'NONE', #2493, #4862 ) ;
#1415 = EDGE_CURVE ( 'NONE', #4424, #1162, #4986, .T. ) ;
#1416 = AXIS2_PLACEMENT_3D ( 'NONE', #3188, #308, #5685 ) ;
#1417 = FACE_OUTER_BOUND ( 'NONE', #4608, .T. ) ;
#1418 = ORIENTED_EDGE ( 'NONE', *, *, #1519, .T. ) ;
#1419 = CARTESIAN_POINT ( 'NONE',  ( 69.42844382976136330, -48.13817845388539496, 5.000000000000000000 ) ) ;
#1420 = CARTESIAN_POINT ( 'NONE',  ( 7.196199159746239360, 3.399999999999999467, 16.00000000000000000 ) ) ;
#1421 = DIRECTION ( 'NONE',  ( -0.7071067811865474617, -8.104675050809089903E-18, 0.7071067811865474617 ) ) ;
#1422 = DIRECTION ( 'NONE',  ( 0.000000000000000000, -0.000000000000000000, -1.000000000000000000 ) ) ;
#1423 = ADVANCED_FACE ( 'NONE', ( #553 ), #1130, .F. ) ;
#1424 = AXIS2_PLACEMENT_3D ( 'NONE', #2220, #274, #1276 ) ;
#1425 = ORIENTED_EDGE ( 'NONE', *, *, #4211, .F. ) ;
#1426 = ORIENTED_EDGE ( 'NONE', *, *, #4137, .T. ) ;
#1427 = DIRECTION ( 'NONE',  ( -0.7071067811865483499, -0.7071067811865466846, 0.000000000000000000 ) ) ;
#1428 = AXIS2_PLACEMENT_3D ( 'NONE', #4551, #159, #1548 ) ;
#1429 = CARTESIAN_POINT ( 'NONE',  ( 38.35720550382741578, -1.409726466024759706, 13.56100634408121586 ) ) ;
#1430 = DIRECTION ( 'NONE',  ( -0.000000000000000000, -0.000000000000000000, -1.000000000000000000 ) ) ;
#1431 = EDGE_CURVE ( 'NONE', #2652, #761, #5116, .T. ) ;
#1432 = DIRECTION ( 'NONE',  ( 1.000000000000000000, -0.000000000000000000, -0.000000000000000000 ) ) ;
#1433 = VECTOR ( 'NONE', #5608, 1000.000000000000000 ) ;
#1434 = AXIS2_PLACEMENT_3D ( 'NONE', #600, #4540, #546 ) ;
#1435 = ORIENTED_EDGE ( 'NONE', *, *, #2098, .F. ) ;
#1436 = PLANE ( 'NONE',  #5033 ) ;
#1437 = CARTESIAN_POINT ( 'NONE',  ( 19.99999999999998579, -44.85228197649772852, 5.000000000000000000 ) ) ;
#1438 = VECTOR ( 'NONE', #5, 1000.000000000000000 ) ;
#1439 = EDGE_CURVE ( 'NONE', #2265, #2132, #6160, .T. ) ;
#1440 = VECTOR ( 'NONE', #4479, 1000.000000000000000 ) ;
#1441 = VERTEX_POINT ( 'NONE', #680 ) ;
#1442 = ADVANCED_FACE ( 'NONE', ( #1291 ), #5764, .F. ) ;
#1443 = ADVANCED_FACE ( 'NONE', ( #2172 ), #3769, .F. ) ;
#1444 = DIRECTION ( 'NONE',  ( -1.000000000000000000, 0.000000000000000000, 0.000000000000000000 ) ) ;
#1445 = EDGE_LOOP ( 'NONE', ( #5065, #5691, #415, #5710 ) ) ;
#1446 = VECTOR ( 'NONE', #102, 1000.000000000000000 ) ;
#1447 = AXIS2_PLACEMENT_3D ( 'NONE', #3526, #1104, #3748 ) ;
#1448 = ORIENTED_EDGE ( 'NONE', *, *, #171, .T. ) ;
#1449 = LINE ( 'NONE', #1912, #1633 ) ;
#1450 = ORIENTED_EDGE ( 'NONE', *, *, #75, .T. ) ;
#1451 = CARTESIAN_POINT ( 'NONE',  ( 26.74358530329102024, -53.81710557809076789, 9.999999999999994671 ) ) ;
#1452 = VECTOR ( 'NONE', #4910, 1000.000000000000000 ) ;
#1453 = LINE ( 'NONE', #3428, #2492 ) ;
#1454 = VECTOR ( 'NONE', #5625, 999.9999999999998863 ) ;
#1455 = ORIENTED_EDGE ( 'NONE', *, *, #4103, .T. ) ;
#1456 = VERTEX_POINT ( 'NONE', #2654 ) ;
#1457 = DIRECTION ( 'NONE',  ( 0.9999999597409671148, -0.0002837570509959892111, 0.000000000000000000 ) ) ;
#1458 = DIRECTION ( 'NONE',  ( -0.7061519002946815560, 0.7080603743397946293, 0.000000000000000000 ) ) ;
#1459 = PLANE ( 'NONE',  #1023 ) ;
#1460 = EDGE_CURVE ( 'NONE', #2459, #4586, #4200, .T. ) ;
#1461 = CARTESIAN_POINT ( 'NONE',  ( 55.37381035002466945, -54.53456924757627888, 9.199999999999999289 ) ) ;
#1462 = VECTOR ( 'NONE', #6066, 1000.000000000000114 ) ;
#1463 = VERTEX_POINT ( 'NONE', #236 ) ;
#1464 = ORIENTED_EDGE ( 'NONE', *, *, #4764, .T. ) ;
#1465 = AXIS2_PLACEMENT_3D ( 'NONE', #2756, #5704, #5763 ) ;
#1466 = EDGE_CURVE ( 'NONE', #3519, #3132, #3262, .T. ) ;
#1467 = DIRECTION ( 'NONE',  ( 1.000000000000000000, 2.168404344971007142E-16, -0.000000000000000000 ) ) ;
#1468 = CARTESIAN_POINT ( 'NONE',  ( 36.79619915974622302, 3.399999999999999911, 9.799999999999993605 ) ) ;
#1469 = LINE ( 'NONE', #3949, #2474 ) ;
#1470 = CARTESIAN_POINT ( 'NONE',  ( 69.46692151384301894, -51.58491490983000460, 12.00000000000000000 ) ) ;
#1471 = ORIENTED_EDGE ( 'NONE', *, *, #2021, .F. ) ;
#1472 = FILL_AREA_STYLE_COLOUR ( '', #5668 ) ;
#1473 = CARTESIAN_POINT ( 'NONE',  ( 5.430513734796947212, 1.174709169418682642, 16.00000000000000000 ) ) ;
#1474 = EDGE_CURVE ( 'NONE', #5436, #1765, #5787, .T. ) ;
#1475 = DIRECTION ( 'NONE',  ( 0.000000000000000000, 0.000000000000000000, -1.000000000000000000 ) ) ;
#1476 = EDGE_LOOP ( 'NONE', ( #4481, #1384, #5683, #1676 ) ) ;
#1477 = EDGE_CURVE ( 'NONE', #5849, #5680, #5667, .T. ) ;
#1478 = ORIENTED_EDGE ( 'NONE', *, *, #5963, .T. ) ;
#1479 = CARTESIAN_POINT ( 'NONE',  ( -0.8941421356243421936, -1.780627693679905033, 9.999999999999996447 ) ) ;
#1480 = VERTEX_POINT ( 'NONE', #780 ) ;
#1481 = DIRECTION ( 'NONE',  ( -0.000000000000000000, -0.000000000000000000, -1.000000000000000000 ) ) ;
#1482 = FACE_OUTER_BOUND ( 'NONE', #4324, .T. ) ;
#1483 = EDGE_CURVE ( 'NONE', #1953, #5916, #5245, .T. ) ;
#1484 = ADVANCED_FACE ( 'NONE', ( #2729 ), #2757, .F. ) ;
#1485 = FACE_OUTER_BOUND ( 'NONE', #968, .T. ) ;
#1486 = VERTEX_POINT ( 'NONE', #5148 ) ;
#1487 = CYLINDRICAL_SURFACE ( 'NONE', #3729, 3.000000000000002665 ) ;
#1488 = DIRECTION ( 'NONE',  ( -1.000000000000000000, 0.000000000000000000, -0.000000000000000000 ) ) ;
#1489 = DIRECTION ( 'NONE',  ( 0.7071067811865473507, -0.7071067811865477948, -0.000000000000000000 ) ) ;
#1490 = LINE ( 'NONE', #4891, #1653 ) ;
#1491 = EDGE_CURVE ( 'NONE', #148, #1527, #5220, .T. ) ;
#1492 = VERTEX_POINT ( 'NONE', #4711 ) ;
#1493 = FACE_OUTER_BOUND ( 'NONE', #3556, .T. ) ;
#1494 = CARTESIAN_POINT ( 'NONE',  ( 49.99999999999997158, -8.852281976497271998, 5.000000000000000000 ) ) ;
#1495 = CARTESIAN_POINT ( 'NONE',  ( 11.80114060053943525, -52.21340248203724599, 5.000000000000000000 ) ) ;
#1496 = EDGE_CURVE ( 'NONE', #5233, #4099, #4610, .T. ) ;
#1497 = ORIENTED_EDGE ( 'NONE', *, *, #4246, .T. ) ;
#1498 = DIRECTION ( 'NONE',  ( -0.000000000000000000, 0.000000000000000000, -1.000000000000000000 ) ) ;
#1499 = CARTESIAN_POINT ( 'NONE',  ( 6.988803657608006148, -3.557475234951000154, 3.600000000000000533 ) ) ;
#1500 = LINE ( 'NONE', #1025, #4023 ) ;
#1501 = EDGE_CURVE ( 'NONE', #3347, #2016, #192, .T. ) ;
#1502 = ORIENTED_EDGE ( 'NONE', *, *, #1842, .T. ) ;
#1503 = EDGE_LOOP ( 'NONE', ( #1936, #211 ) ) ;
#1504 = EDGE_CURVE ( 'NONE', #3986, #3735, #922, .T. ) ;
#1505 = DIRECTION ( 'NONE',  ( -0.7071067811865535679, -8.104675050809162318E-18, 0.7071067811865415775 ) ) ;
#1506 = LINE ( 'NONE', #4460, #4950 ) ;
#1507 = ORIENTED_EDGE ( 'NONE', *, *, #5296, .F. ) ;
#1508 = CARTESIAN_POINT ( 'NONE',  ( 64.83962025348738223, -64.83962025348738223, 16.00000000000000000 ) ) ;
#1509 = LINE ( 'NONE', #4372, #1247 ) ;
#1510 = EDGE_CURVE ( 'NONE', #1389, #3568, #4651, .T. ) ;
#1511 = FACE_OUTER_BOUND ( 'NONE', #373, .T. ) ;
#1512 = ORIENTED_EDGE ( 'NONE', *, *, #1080, .F. ) ;
#1513 = DIRECTION ( 'NONE',  ( 1.000000000000000000, 6.938893903907318308E-15, 0.000000000000000000 ) ) ;
#1514 = CARTESIAN_POINT ( 'NONE',  ( 0.000000000000000000, 0.000000000000000000, 10.00000000000000000 ) ) ;
#1515 = VECTOR ( 'NONE', #2131, 1000.000000000000000 ) ;
#1516 = CARTESIAN_POINT ( 'NONE',  ( 7.596199159746239715, 3.399999999999999467, 16.00000000000000000 ) ) ;
#1517 = ADVANCED_FACE ( 'NONE', ( #5189 ), #1685, .F. ) ;
#1518 = CARTESIAN_POINT ( 'NONE',  ( 0.7888036576080060813, -3.557475234951000598, 3.600000000000000533 ) ) ;
#1519 = EDGE_CURVE ( 'NONE', #3839, #1995, #3176, .T. ) ;
#1520 = AXIS2_PLACEMENT_3D ( 'NONE', #6109, #174, #564 ) ;
#1521 = EDGE_LOOP ( 'NONE', ( #4489, #1534, #6138, #3169 ) ) ;
#1522 = DIRECTION ( 'NONE',  ( 0.7100637267678097109, 0.7041374183556851074, -0.000000000000000000 ) ) ;
#1523 = DIRECTION ( 'NONE',  ( -1.000000000000000000, 0.000000000000000000, 0.000000000000000000 ) ) ;
#1524 = AXIS2_PLACEMENT_3D ( 'NONE', #3718, #3747, #3245 ) ;
#1525 = CARTESIAN_POINT ( 'NONE',  ( -3.004995330730501646E-12, -55.79999999999990479, -13.91866057222030229 ) ) ;
#1526 = AXIS2_PLACEMENT_3D ( 'NONE', #579, #1581, #6092 ) ;
#1527 = VERTEX_POINT ( 'NONE', #6380 ) ;
#1528 = FACE_OUTER_BOUND ( 'NONE', #6143, .T. ) ;
#1529 = CARTESIAN_POINT ( 'NONE',  ( 74.23274302622409948, -0.006921679114958180154, 16.00000000000000000 ) ) ;
#1530 = VECTOR ( 'NONE', #5197, 1000.000000000000000 ) ;
#1531 = VECTOR ( 'NONE', #2915, 1000.000000000000000 ) ;
#1532 = CARTESIAN_POINT ( 'NONE',  ( 31.39510887530267524, -56.20000000000088392, 16.00000000000000000 ) ) ;
#1533 = EDGE_LOOP ( 'NONE', ( #5128, #2301, #5144, #944 ) ) ;
#1534 = ORIENTED_EDGE ( 'NONE', *, *, #5403, .F. ) ;
#1535 = VECTOR ( 'NONE', #6026, 1000.000000000000000 ) ;
#1536 = AXIS2_PLACEMENT_3D ( 'NONE', #3588, #2715, #1111 ) ;
#1537 = DIRECTION ( 'NONE',  ( 0.000000000000000000, 0.000000000000000000, -1.000000000000000000 ) ) ;
#1538 = CARTESIAN_POINT ( 'NONE',  ( -2.799999999999974953, -47.98597515316583895, 16.00000000000000000 ) ) ;
#1539 = ORIENTED_EDGE ( 'NONE', *, *, #6229, .F. ) ;
#1540 = CARTESIAN_POINT ( 'NONE',  ( 69.46692151384301894, -3.557475234951000598, 10.00000000000000000 ) ) ;
#1541 = DIRECTION ( 'NONE',  ( 0.000000000000000000, -1.000000000000000000, 0.000000000000000000 ) ) ;
#1542 = AXIS2_PLACEMENT_3D ( 'NONE', #4721, #2802, #271 ) ;
#1543 = AXIS2_PLACEMENT_3D ( 'NONE', #5648, #587, #1204 ) ;
#1544 = DIRECTION ( 'NONE',  ( 0.4999999999998787636, 0.5000000000001300071, 0.7071067811865414665 ) ) ;
#1545 = VECTOR ( 'NONE', #575, 1000.000000000000000 ) ;
#1546 = CARTESIAN_POINT ( 'NONE',  ( 35.39619915974623154, -2.048408330771434027, 9.799999999999993605 ) ) ;
#1547 = EDGE_CURVE ( 'NONE', #4189, #6338, #4812, .T. ) ;
#1548 = DIRECTION ( 'NONE',  ( -1.000000000000000000, 0.000000000000000000, 0.000000000000000000 ) ) ;
#1549 = VECTOR ( 'NONE', #237, 1000.000000000000114 ) ;
#1550 = DIRECTION ( 'NONE',  ( 0.000000000000000000, -1.000000000000000000, 0.000000000000000000 ) ) ;
#1551 = LINE ( 'NONE', #3573, #6005 ) ;
#1552 = EDGE_CURVE ( 'NONE', #6239, #2902, #3388, .T. ) ;
#1553 = VECTOR ( 'NONE', #3060, 1000.000000000000000 ) ;
#1554 = ADVANCED_FACE ( 'NONE', ( #4782 ), #3867, .T. ) ;
#1555 = ORIENTED_EDGE ( 'NONE', *, *, #4286, .F. ) ;
#1556 = EDGE_CURVE ( 'NONE', #3757, #210, #4848, .T. ) ;
#1557 = CARTESIAN_POINT ( 'NONE',  ( 33.67408117771032749, -33.82336581845952850, -13.91866057222030229 ) ) ;
#1558 = EDGE_CURVE ( 'NONE', #4279, #5302, #1449, .T. ) ;
#1559 = CARTESIAN_POINT ( 'NONE',  ( 5.474878816186600439, -6.746422458603144712, 10.00000000000000000 ) ) ;
#1560 = CIRCLE ( 'NONE', #640, 3.000000000000002665 ) ;
#1561 = DIRECTION ( 'NONE',  ( -0.7071067811865469066, -0.7071067811865482389, 0.000000000000000000 ) ) ;
#1562 = CIRCLE ( 'NONE', #230, 3.000000000000002665 ) ;
#1563 = EDGE_CURVE ( 'NONE', #6206, #1927, #5900, .T. ) ;
#1564 = ORIENTED_EDGE ( 'NONE', *, *, #1911, .T. ) ;
#1565 = CARTESIAN_POINT ( 'NONE',  ( 55.37381035002466945, -54.53456924757627178, 9.999999999999998224 ) ) ;
#1566 = FACE_OUTER_BOUND ( 'NONE', #5331, .T. ) ;
#1567 = VERTEX_POINT ( 'NONE', #2922 ) ;
#1568 = CARTESIAN_POINT ( 'NONE',  ( 66.31952070086401818, -1.625102115043186579, 20.01838090617253485 ) ) ;
#1569 = ORIENTED_EDGE ( 'NONE', *, *, #6357, .F. ) ;
#1570 = ORIENTED_EDGE ( 'NONE', *, *, #485, .F. ) ;
#1571 = EDGE_CURVE ( 'NONE', #6099, #432, #2395, .T. ) ;
#1572 = CARTESIAN_POINT ( 'NONE',  ( 55.99999999999997868, -8.852281976497271998, 5.000000000000000000 ) ) ;
#1573 = CARTESIAN_POINT ( 'NONE',  ( 35.39619915974623154, -2.048408330771434027, 9.600000000000001421 ) ) ;
#1574 = ORIENTED_EDGE ( 'NONE', *, *, #5649, .T. ) ;
#1575 = CARTESIAN_POINT ( 'NONE',  ( 33.99999999999998579, -44.85228197649757931, 3.599999999999999201 ) ) ;
#1576 = DIRECTION ( 'NONE',  ( -1.000000000000000000, 0.000000000000000000, 0.000000000000000000 ) ) ;
#1577 = ORIENTED_EDGE ( 'NONE', *, *, #1240, .F. ) ;
#1578 = LINE ( 'NONE', #3480, #4203 ) ;
#1579 = EDGE_LOOP ( 'NONE', ( #3109, #3327, #6371, #5622 ) ) ;
#1580 = FACE_OUTER_BOUND ( 'NONE', #314, .T. ) ;
#1581 = DIRECTION ( 'NONE',  ( 0.7056386635215203817, -0.7085718570078567424, 0.000000000000000000 ) ) ;
#1582 = LINE ( 'NONE', #2625, #5475 ) ;
#1583 = CARTESIAN_POINT ( 'NONE',  ( 0.000000000000000000, 0.000000000000000000, 10.00000000000000000 ) ) ;
#1584 = CARTESIAN_POINT ( 'NONE',  ( 69.42844382976136330, -48.13817845388539496, 20.01838090617253485 ) ) ;
#1585 = ORIENTED_EDGE ( 'NONE', *, *, #5360, .T. ) ;
#1586 = EDGE_CURVE ( 'NONE', #2026, #3700, #5159, .T. ) ;
#1587 = DIRECTION ( 'NONE',  ( -2.492664266385966864E-16, -1.000000000000000000, 0.000000000000000000 ) ) ;
#1588 = CARTESIAN_POINT ( 'NONE',  ( 71.16692151384302178, -51.58491490983000460, 7.600000000000000533 ) ) ;
#1589 = FACE_OUTER_BOUND ( 'NONE', #5383, .T. ) ;
#1590 = LINE ( 'NONE', #2215, #2174 ) ;
#1591 = VERTEX_POINT ( 'NONE', #355 ) ;
#1592 = ORIENTED_EDGE ( 'NONE', *, *, #4284, .T. ) ;
#1593 = DIRECTION ( 'NONE',  ( -0.7071067811863236408, 0.7071067811867715047, 0.000000000000000000 ) ) ;
#1594 = CARTESIAN_POINT ( 'NONE',  ( 54.38297283812172367, -52.13447670935892830, 10.00000000000000000 ) ) ;
#1595 = PLANE ( 'NONE',  #6125 ) ;
#1596 = ADVANCED_FACE ( 'NONE', ( #382 ), #878, .T. ) ;
#1597 = EDGE_CURVE ( 'NONE', #2963, #3600, #847, .T. ) ;
#1598 = EDGE_CURVE ( 'NONE', #783, #3082, #3841, .T. ) ;
#1599 = ORIENTED_EDGE ( 'NONE', *, *, #6171, .T. ) ;
#1600 = FACE_OUTER_BOUND ( 'NONE', #4482, .T. ) ;
#1601 = DIRECTION ( 'NONE',  ( 0.000000000000000000, 1.000000000000000000, 0.000000000000000000 ) ) ;
#1602 = ORIENTED_EDGE ( 'NONE', *, *, #2273, .T. ) ;
#1603 = DIRECTION ( 'NONE',  ( 0.5773502691896270633, 0.5773502691896269523, 0.5773502691896232886 ) ) ;
#1604 = DIRECTION ( 'NONE',  ( 0.000000000000000000, -1.000000000000000000, 0.000000000000000000 ) ) ;
#1605 = ORIENTED_EDGE ( 'NONE', *, *, #3744, .F. ) ;
#1606 = VERTEX_POINT ( 'NONE', #3899 ) ;
#1607 = FACE_OUTER_BOUND ( 'NONE', #323, .T. ) ;
#1608 = VERTEX_POINT ( 'NONE', #2329 ) ;
#1609 = DIRECTION ( 'NONE',  ( 0.000000000000000000, 0.000000000000000000, 1.000000000000000000 ) ) ;
#1610 = DIRECTION ( 'NONE',  ( -0.000000000000000000, -0.000000000000000000, -1.000000000000000000 ) ) ;
#1611 = LINE ( 'NONE', #3572, #404 ) ;
#1612 = FACE_OUTER_BOUND ( 'NONE', #6300, .T. ) ;
#1613 = CARTESIAN_POINT ( 'NONE',  ( 71.16692151384302178, -3.557475234951000598, 7.600000000000000533 ) ) ;
#1614 = ORIENTED_EDGE ( 'NONE', *, *, #6150, .T. ) ;
#1615 = ORIENTED_EDGE ( 'NONE', *, *, #460, .F. ) ;
#1616 = CARTESIAN_POINT ( 'NONE',  ( 22.99999999999998224, -8.852281976497732074, 5.000000000000000000 ) ) ;
#1617 = FACE_OUTER_BOUND ( 'NONE', #2125, .T. ) ;
#1618 = CARTESIAN_POINT ( 'NONE',  ( 36.79619915974622302, 0.1512798780564293122, 12.00000000000000000 ) ) ;
#1619 = CARTESIAN_POINT ( 'NONE',  ( 66.99999999999997158, -44.85228197649711035, -42.42640687119285303 ) ) ;
#1620 = AXIS2_PLACEMENT_3D ( 'NONE', #2334, #854, #1945 ) ;
#1621 = ORIENTED_EDGE ( 'NONE', *, *, #3686, .T. ) ;
#1622 = ORIENTED_EDGE ( 'NONE', *, *, #5152, .F. ) ;
#1623 = DIRECTION ( 'NONE',  ( 0.000000000000000000, 0.000000000000000000, -1.000000000000000000 ) ) ;
#1624 = AXIS2_PLACEMENT_3D ( 'NONE', #3498, #5499, #4836 ) ;
#1625 = CARTESIAN_POINT ( 'NONE',  ( 5.588803657608005793, -51.58491490983000460, 12.00000000000000000 ) ) ;
#1626 = EDGE_CURVE ( 'NONE', #1214, #940, #5419, .T. ) ;
#1627 = FACE_OUTER_BOUND ( 'NONE', #1288, .T. ) ;
#1628 = CIRCLE ( 'NONE', #500, 2.999999999999995559 ) ;
#1629 = ORIENTED_EDGE ( 'NONE', *, *, #4371, .F. ) ;
#1630 = DIRECTION ( 'NONE',  ( 0.7061519002946816670, -0.7080603743397945182, 0.000000000000000000 ) ) ;
#1631 = ORIENTED_EDGE ( 'NONE', *, *, #1959, .T. ) ;
#1632 = DIRECTION ( 'NONE',  ( 1.000000000000000000, 0.000000000000000000, 0.000000000000000000 ) ) ;
#1633 = VECTOR ( 'NONE', #943, 1000.000000000000000 ) ;
#1634 = EDGE_CURVE ( 'NONE', #2881, #5549, #2945, .T. ) ;
#1635 = ORIENTED_EDGE ( 'NONE', *, *, #1598, .F. ) ;
#1636 = CARTESIAN_POINT ( 'NONE',  ( 66.99999999999997158, -8.852281976497117455, 5.000000000000000000 ) ) ;
#1637 = LINE ( 'NONE', #1159, #3415 ) ;
#1638 = VECTOR ( 'NONE', #1430, 1000.000000000000000 ) ;
#1639 = AXIS2_PLACEMENT_3D ( 'NONE', #1215, #2096, #5068 ) ;
#1640 = ORIENTED_EDGE ( 'NONE', *, *, #6208, .T. ) ;
#1641 = EDGE_CURVE ( 'NONE', #3280, #228, #4907, .T. ) ;
#1642 = CARTESIAN_POINT ( 'NONE',  ( -2.578775994035350738, -6.846683120438965986, 15.06591800447420226 ) ) ;
#1643 = ORIENTED_EDGE ( 'NONE', *, *, #4072, .T. ) ;
#1644 = LINE ( 'NONE', #5639, #3025 ) ;
#1645 = CYLINDRICAL_SURFACE ( 'NONE', #1428, 3.099999999999999645 ) ;
#1646 = CARTESIAN_POINT ( 'NONE',  ( 35.19619915974624291, 0.1514522030333780023, 11.99999999999999645 ) ) ;
#1647 = AXIS2_PLACEMENT_3D ( 'NONE', #3886, #2937, #3441 ) ;
#1648 = CIRCLE ( 'NONE', #6315, 1.699999999999993072 ) ;
#1649 = DIRECTION ( 'NONE',  ( -0.7071067811865457964, -0.7071067811865492381, 0.000000000000000000 ) ) ;
#1650 = LINE ( 'NONE', #4556, #3424 ) ;
#1651 = EDGE_LOOP ( 'NONE', ( #3731, #6123, #198, #2835 ) ) ;
#1652 = EDGE_LOOP ( 'NONE', ( #5255, #2852, #3256, #4360 ) ) ;
#1653 = VECTOR ( 'NONE', #5485, 1000.000000000000000 ) ;
#1654 = VECTOR ( 'NONE', #3975, 1000.000000000000000 ) ;
#1655 = VERTEX_POINT ( 'NONE', #450 ) ;
#1656 = DIRECTION ( 'NONE',  ( 0.000000000000000000, 1.000000000000000000, -0.000000000000000000 ) ) ;
#1657 = DIRECTION ( 'NONE',  ( -1.000000000000000000, 0.000000000000000000, -0.000000000000000000 ) ) ;
#1658 = LINE ( 'NONE', #2086, #4859 ) ;
#1659 = DIRECTION ( 'NONE',  ( -2.891205793294678819E-16, 1.000000000000000000, 0.000000000000000000 ) ) ;
#1660 = VECTOR ( 'NONE', #804, 1000.000000000000000 ) ;
#1661 = ORIENTED_EDGE ( 'NONE', *, *, #5229, .T. ) ;
#1662 = ORIENTED_EDGE ( 'NONE', *, *, #3624, .F. ) ;
#1663 = ORIENTED_EDGE ( 'NONE', *, *, #3995, .T. ) ;
#1664 = VECTOR ( 'NONE', #1969, 1000.000000000000000 ) ;
#1665 = LINE ( 'NONE', #3057, #6291 ) ;
#1666 = DIRECTION ( 'NONE',  ( -0.000000000000000000, -0.000000000000000000, -1.000000000000000000 ) ) ;
#1667 = LINE ( 'NONE', #3629, #1253 ) ;
#1668 = AXIS2_PLACEMENT_3D ( 'NONE', #1065, #1391, #2063 ) ;
#1669 = ORIENTED_EDGE ( 'NONE', *, *, #5155, .F. ) ;
#1670 = EDGE_CURVE ( 'NONE', #4840, #3658, #4632, .T. ) ;
#1671 = ORIENTED_EDGE ( 'NONE', *, *, #4228, .F. ) ;
#1672 = EDGE_CURVE ( 'NONE', #2060, #5746, #6285, .T. ) ;
#1673 = DIRECTION ( 'NONE',  ( -1.000000000000000000, 0.000000000000000000, 0.000000000000000000 ) ) ;
#1674 = VECTOR ( 'NONE', #1890, 1000.000000000000000 ) ;
#1675 = CARTESIAN_POINT ( 'NONE',  ( 5.599811284461573280, -47.98597515316583895, 5.000000000000000000 ) ) ;
#1676 = ORIENTED_EDGE ( 'NONE', *, *, #862, .F. ) ;
#1677 = EDGE_LOOP ( 'NONE', ( #5588, #4382, #816, #1507 ) ) ;
#1678 = CARTESIAN_POINT ( 'NONE',  ( 66.31952070086401818, -5.625102115043186579, 10.00000000000000000 ) ) ;
#1679 = DIRECTION ( 'NONE',  ( 0.000000000000000000, 0.000000000000000000, 1.000000000000000000 ) ) ;
#1680 = EDGE_CURVE ( 'NONE', #2250, #2459, #1316, .T. ) ;
#1681 = VERTEX_POINT ( 'NONE', #5801 ) ;
#1682 = ORIENTED_EDGE ( 'NONE', *, *, #1586, .T. ) ;
#1683 = DIRECTION ( 'NONE',  ( -0.000000000000000000, -0.000000000000000000, -1.000000000000000000 ) ) ;
#1684 = DIRECTION ( 'NONE',  ( -1.000000000000000000, 0.000000000000000000, -0.000000000000000000 ) ) ;
#1685 = PLANE ( 'NONE',  #4327 ) ;
#1686 = CARTESIAN_POINT ( 'NONE',  ( 69.38496898603820284, -44.02990241057406706, 29.97009758942594004 ) ) ;
#1687 = CARTESIAN_POINT ( 'NONE',  ( 35.19619915974624291, 3.399999999999999911, 12.00000000000000000 ) ) ;
#1688 = CARTESIAN_POINT ( 'NONE',  ( 37.55735545330686875, -3.009899740926458289, 10.76115629356068304 ) ) ;
#1689 = VERTEX_POINT ( 'NONE', #1355 ) ;
#1690 = EDGE_CURVE ( 'NONE', #3234, #5468, #2126, .T. ) ;
#1691 = ORIENTED_EDGE ( 'NONE', *, *, #5634, .F. ) ;
#1692 = DIRECTION ( 'NONE',  ( -0.000000000000000000, 1.000000000000000000, -0.000000000000000000 ) ) ;
#1693 = CARTESIAN_POINT ( 'NONE',  ( 41.99999999999997868, -8.852281976497424765, 3.599999999999999201 ) ) ;
#1694 = FACE_OUTER_BOUND ( 'NONE', #1889, .T. ) ;
#1695 = CARTESIAN_POINT ( 'NONE',  ( 46.32191239388102844, -33.03904380306048694, -7.160956196940515994 ) ) ;
#1696 = ADVANCED_FACE ( 'NONE', ( #2616 ), #2977, .T. ) ;
#1697 = ORIENTED_EDGE ( 'NONE', *, *, #3791, .F. ) ;
#1698 = EDGE_LOOP ( 'NONE', ( #246, #5488, #5536, #2636 ) ) ;
#1699 = VERTEX_POINT ( 'NONE', #1066 ) ;
#1700 = CARTESIAN_POINT ( 'NONE',  ( 5.999999999999983125, -8.852281976497886617, -42.42640687119285303 ) ) ;
#1701 = DIRECTION ( 'NONE',  ( 1.000000000000000000, -5.385296291631732159E-14, 0.000000000000000000 ) ) ;
#1702 = DIRECTION ( 'NONE',  ( 1.000000000000000000, 0.000000000000000000, 0.000000000000000000 ) ) ;
#1703 = ORIENTED_EDGE ( 'NONE', *, *, #1641, .T. ) ;
#1704 = DIRECTION ( 'NONE',  ( -1.000000000000000000, 0.000000000000000000, 0.000000000000000000 ) ) ;
#1705 = LINE ( 'NONE', #4122, #4002 ) ;
#1706 = ORIENTED_EDGE ( 'NONE', *, *, #3632, .F. ) ;
#1707 = ORIENTED_EDGE ( 'NONE', *, *, #3965, .F. ) ;
#1708 = EDGE_CURVE ( 'NONE', #2450, #4504, #3473, .T. ) ;
#1709 = DIRECTION ( 'NONE',  ( -0.7071067811865476838, 0.7071067811865474617, 0.000000000000000000 ) ) ;
#1710 = ORIENTED_EDGE ( 'NONE', *, *, #171, .F. ) ;
#1711 = EDGE_CURVE ( 'NONE', #4281, #5005, #86, .T. ) ;
#1712 = ORIENTED_EDGE ( 'NONE', *, *, #1841, .F. ) ;
#1713 = CARTESIAN_POINT ( 'NONE',  ( 69.08286859082156184, 0.000000000000000000, -13.91866057222030229 ) ) ;
#1714 = CARTESIAN_POINT ( 'NONE',  ( 71.16692151384302178, -3.557475234951000598, 3.600000000000000533 ) ) ;
#1715 = EDGE_CURVE ( 'NONE', #1231, #2920, #5959, .T. ) ;
#1716 = LINE ( 'NONE', #5247, #5995 ) ;
#1717 = ADVANCED_FACE ( 'NONE', ( #2521 ), #4936, .F. ) ;
#1718 = DIRECTION ( 'NONE',  ( 1.000000000000000000, -0.000000000000000000, -0.000000000000000000 ) ) ;
#1719 = ORIENTED_EDGE ( 'NONE', *, *, #1626, .F. ) ;
#1720 = VERTEX_POINT ( 'NONE', #511 ) ;
#1721 = LINE ( 'NONE', #3650, #4548 ) ;
#1722 = DIRECTION ( 'NONE',  ( -1.000000000000000000, 5.385296291631731528E-14, 0.000000000000000000 ) ) ;
#1723 = EDGE_CURVE ( 'NONE', #710, #529, #4051, .T. ) ;
#1724 = LINE ( 'NONE', #3719, #1530 ) ;
#1725 = EDGE_CURVE ( 'NONE', #2652, #5789, #4508, .T. ) ;
#1726 = CARTESIAN_POINT ( 'NONE',  ( 5.474878816186600439, -6.746422458603144712, 5.000000000000000000 ) ) ;
#1727 = ORIENTED_EDGE ( 'NONE', *, *, #5217, .T. ) ;
#1728 = ORIENTED_EDGE ( 'NONE', *, *, #5251, .T. ) ;
#1729 = ORIENTED_EDGE ( 'NONE', *, *, #2679, .F. ) ;
#1730 = CARTESIAN_POINT ( 'NONE',  ( 78.39999999999999147, -1.954248784846597453E-14, 15.60000000000000320 ) ) ;
#1731 = CARTESIAN_POINT ( 'NONE',  ( 73.82834173625566621, -47.20929738934638209, 9.999999999999996447 ) ) ;
#1732 = LINE ( 'NONE', #767, #113 ) ;
#1733 = AXIS2_PLACEMENT_3D ( 'NONE', #592, #694, #631 ) ;
#1734 = ORIENTED_EDGE ( 'NONE', *, *, #1176, .F. ) ;
#1735 = DIRECTION ( 'NONE',  ( 2.255836171106191928E-16, 1.000000000000000000, 0.000000000000000000 ) ) ;
#1736 = CARTESIAN_POINT ( 'NONE',  ( 33.99999999999998579, -44.85228197649757931, 5.000000000000000000 ) ) ;
#1737 = VERTEX_POINT ( 'NONE', #4484 ) ;
#1738 = ORIENTED_EDGE ( 'NONE', *, *, #3168, .F. ) ;
#1739 = AXIS2_PLACEMENT_3D ( 'NONE', #1892, #6295, #2337 ) ;
#1740 = LINE ( 'NONE', #5759, #527 ) ;
#1741 = ORIENTED_EDGE ( 'NONE', *, *, #4954, .T. ) ;
#1742 = VECTOR ( 'NONE', #4136, 1000.000000000000000 ) ;
#1743 = DIRECTION ( 'NONE',  ( -1.000000000000000000, 0.000000000000000000, -0.000000000000000000 ) ) ;
#1744 = DIRECTION ( 'NONE',  ( 0.000000000000000000, 1.000000000000000000, 0.000000000000000000 ) ) ;
#1745 = DIRECTION ( 'NONE',  ( -1.000000000000000000, 0.000000000000000000, 0.000000000000000000 ) ) ;
#1746 = EDGE_CURVE ( 'NONE', #4639, #5529, #60, .T. ) ;
#1747 = DIRECTION ( 'NONE',  ( -0.000000000000000000, -0.000000000000000000, -1.000000000000000000 ) ) ;
#1748 = CARTESIAN_POINT ( 'NONE',  ( 49.99999999999997158, -8.852281976497271998, 5.000000000000000000 ) ) ;
#1749 = CIRCLE ( 'NONE', #5898, 1.699999999999993072 ) ;
#1750 = VECTOR ( 'NONE', #6081, 999.9999999999998863 ) ;
#1751 = ORIENTED_EDGE ( 'NONE', *, *, #1841, .T. ) ;
#1752 = EDGE_LOOP ( 'NONE', ( #3138, #3739, #2551, #1090 ) ) ;
#1753 = VECTOR ( 'NONE', #6369, 1000.000000000000000 ) ;
#1754 = CARTESIAN_POINT ( 'NONE',  ( 78.39999999999999147, 0.3372583002030429822, 15.60000000000000320 ) ) ;
#1755 = CARTESIAN_POINT ( 'NONE',  ( 73.83199975054387210, -7.978291424952627331, 15.60000000000000320 ) ) ;
#1756 = VECTOR ( 'NONE', #2639, 1000.000000000000000 ) ;
#1757 = ORIENTED_EDGE ( 'NONE', *, *, #5352, .T. ) ;
#1758 = ADVANCED_FACE ( 'NONE', ( #34 ), #3563, .F. ) ;
#1759 = DIRECTION ( 'NONE',  ( 1.000000000000000000, 0.000000000000000000, 0.000000000000000000 ) ) ;
#1760 = CARTESIAN_POINT ( 'NONE',  ( 53.97257100209129987, -53.40018871553937174, 10.00000000000000000 ) ) ;
#1761 = VECTOR ( 'NONE', #3178, 1000.000000000000000 ) ;
#1762 = VECTOR ( 'NONE', #4247, 1000.000000000000000 ) ;
#1763 = ORIENTED_EDGE ( 'NONE', *, *, #5634, .T. ) ;
#1764 = EDGE_CURVE ( 'NONE', #435, #4514, #4020, .T. ) ;
#1765 = VERTEX_POINT ( 'NONE', #5933 ) ;
#1766 = ORIENTED_EDGE ( 'NONE', *, *, #3413, .T. ) ;
#1767 = DIRECTION ( 'NONE',  ( -1.000000000000000000, 0.000000000000000000, 0.000000000000000000 ) ) ;
#1768 = CARTESIAN_POINT ( 'NONE',  ( 36.79622378063064048, 0.1512552571720147399, 10.00000000000000000 ) ) ;
#1769 = AXIS2_PLACEMENT_3D ( 'NONE', #3017, #2550, #3541 ) ;
#1770 = DIRECTION ( 'NONE',  ( -2.255836171106191928E-16, -1.000000000000000000, 0.000000000000000000 ) ) ;
#1771 = EDGE_CURVE ( 'NONE', #4088, #4640, #5558, .T. ) ;
#1772 = VECTOR ( 'NONE', #2916, 1000.000000000000000 ) ;
#1773 = ADVANCED_FACE ( 'NONE', ( #641 ), #1031, .F. ) ;
#1774 = EDGE_CURVE ( 'NONE', #5969, #5574, #2030, .T. ) ;
#1775 = ORIENTED_EDGE ( 'NONE', *, *, #1641, .F. ) ;
#1776 = CARTESIAN_POINT ( 'NONE',  ( 11.99999999999998934, -44.85228197649788484, 5.000000000000000000 ) ) ;
#1777 = CARTESIAN_POINT ( 'NONE',  ( 11.33718165700862279, -55.16346271398801804, 9.999999999999994671 ) ) ;
#1778 = ORIENTED_EDGE ( 'NONE', *, *, #4284, .F. ) ;
#1779 = AXIS2_PLACEMENT_3D ( 'NONE', #5122, #1102, #1587 ) ;
#1780 = FACE_OUTER_BOUND ( 'NONE', #396, .T. ) ;
#1781 = ORIENTED_EDGE ( 'NONE', *, *, #4662, .F. ) ;
#1782 = EDGE_CURVE ( 'NONE', #3204, #3519, #1506, .T. ) ;
#1783 = ORIENTED_EDGE ( 'NONE', *, *, #300, .F. ) ;
#1784 = CIRCLE ( 'NONE', #5414, 3.000000000000002665 ) ;
#1785 = APPLICATION_PROTOCOL_DEFINITION ( 'draft international standard', 'automotive_design', 1998, #5922 ) ;
#1786 = DIRECTION ( 'NONE',  ( -1.000000000000000000, 0.000000000000000000, 0.000000000000000000 ) ) ;
#1787 = DIRECTION ( 'NONE',  ( 1.000000000000000000, 1.146174137548107039E-17, 0.000000000000000000 ) ) ;
#1788 = CARTESIAN_POINT ( 'NONE',  ( 54.10311946457120769, -55.80000000000089244, 9.199999999999999289 ) ) ;
#1789 = EDGE_CURVE ( 'NONE', #2360, #4311, #717, .T. ) ;
#1790 = VERTEX_POINT ( 'NONE', #1089 ) ;
#1791 = LINE ( 'NONE', #3746, #1054 ) ;
#1792 = CARTESIAN_POINT ( 'NONE',  ( 1.661194727475621802, -56.19999999999999574, 16.00000000000000000 ) ) ;
#1793 = ORIENTED_EDGE ( 'NONE', *, *, #2304, .T. ) ;
#1794 = DIRECTION ( 'NONE',  ( 0.000000000000000000, -1.000000000000000000, 0.000000000000000000 ) ) ;
#1795 = LINE ( 'NONE', #889, #5062 ) ;
#1796 = ADVANCED_FACE ( 'NONE', ( #5030 ), #122, .T. ) ;
#1797 = ORIENTED_EDGE ( 'NONE', *, *, #5963, .F. ) ;
#1798 = ORIENTED_EDGE ( 'NONE', *, *, #1278, .T. ) ;
#1799 = ORIENTED_EDGE ( 'NONE', *, *, #634, .T. ) ;
#1800 = PLANE ( 'NONE',  #1416 ) ;
#1801 = PLANE ( 'NONE',  #2070 ) ;
#1802 = CARTESIAN_POINT ( 'NONE',  ( -0.1715728752537982182, 2.999999999999998668, 16.00000000000000000 ) ) ;
#1803 = CARTESIAN_POINT ( 'NONE',  ( 71.16692151384302178, -51.58491490983000460, 10.00000000000000000 ) ) ;
#1804 = ORIENTED_EDGE ( 'NONE', *, *, #3688, .F. ) ;
#1805 = CYLINDRICAL_SURFACE ( 'NONE', #3100, 1.699999999999993072 ) ;
#1806 = VERTEX_POINT ( 'NONE', #802 ) ;
#1807 = CARTESIAN_POINT ( 'NONE',  ( 77.99999999999998579, -55.17157287525380127, 16.00000000000000000 ) ) ;
#1808 = VERTEX_POINT ( 'NONE', #3197 ) ;
#1809 = EDGE_CURVE ( 'NONE', #2026, #2330, #5106, .T. ) ;
#1810 = FACE_OUTER_BOUND ( 'NONE', #799, .T. ) ;
#1811 = ORIENTED_EDGE ( 'NONE', *, *, #4786, .F. ) ;
#1812 = EDGE_LOOP ( 'NONE', ( #5620, #3311, #6059, #4623 ) ) ;
#1813 = CARTESIAN_POINT ( 'NONE',  ( 0.000000000000000000, -58.00000000000000711, 16.00000000000000000 ) ) ;
#1814 = ORIENTED_EDGE ( 'NONE', *, *, #1116, .T. ) ;
#1815 = CARTESIAN_POINT ( 'NONE',  ( 35.39655406985473007, -2.048383759632837364, 9.600000000000001421 ) ) ;
#1816 = CARTESIAN_POINT ( 'NONE',  ( 49.99999999999997868, -44.85228197649726667, -42.42640687119285303 ) ) ;
#1817 = EDGE_LOOP ( 'NONE', ( #4918, #2642, #3584, #3516 ) ) ;
#1818 = LINE ( 'NONE', #3774, #2824 ) ;
#1819 = DIRECTION ( 'NONE',  ( -0.000000000000000000, -0.000000000000000000, -1.000000000000000000 ) ) ;
#1820 = CARTESIAN_POINT ( 'NONE',  ( 35.59617454189255881, -2.248408332285959599, 9.400000000000009237 ) ) ;
#1821 = EDGE_CURVE ( 'NONE', #6351, #2726, #3231, .T. ) ;
#1822 = LINE ( 'NONE', #4761, #2803 ) ;
#1823 = VERTEX_POINT ( 'NONE', #4225 ) ;
#1824 = VERTEX_POINT ( 'NONE', #1736 ) ;
#1825 = VERTEX_POINT ( 'NONE', #5630 ) ;
#1826 = EDGE_CURVE ( 'NONE', #1356, #843, #1156, .T. ) ;
#1827 = CARTESIAN_POINT ( 'NONE',  ( 30.99999999999998579, -44.85228197649757931, -42.42640687119285303 ) ) ;
#1828 = DIRECTION ( 'NONE',  ( 0.9999999924245159821, -0.0001230892683154107155, -0.000000000000000000 ) ) ;
#1829 = CARTESIAN_POINT ( 'NONE',  ( 36.79619915823114695, -2.248556042439064040, 9.799999999999993605 ) ) ;
#1830 = LINE ( 'NONE', #2842, #2299 ) ;
#1831 = ORIENTED_EDGE ( 'NONE', *, *, #1680, .T. ) ;
#1832 = VERTEX_POINT ( 'NONE', #3697 ) ;
#1833 = VECTOR ( 'NONE', #3569, 1000.000000000000000 ) ;
#1834 = DIRECTION ( 'NONE',  ( -0.000000000000000000, -0.000000000000000000, -1.000000000000000000 ) ) ;
#1835 = LINE ( 'NONE', #4363, #3698 ) ;
#1836 = DIRECTION ( 'NONE',  ( -1.000000000000000000, 0.000000000000000000, -0.000000000000000000 ) ) ;
#1837 = VECTOR ( 'NONE', #5372, 1000.000000000000114 ) ;
#1838 = EDGE_LOOP ( 'NONE', ( #4049, #3687, #4855, #4627 ) ) ;
#1839 = EDGE_CURVE ( 'NONE', #4813, #1441, #5240, .T. ) ;
#1840 = ORIENTED_EDGE ( 'NONE', *, *, #1367, .F. ) ;
#1841 = EDGE_CURVE ( 'NONE', #3471, #5284, #280, .T. ) ;
#1842 = EDGE_CURVE ( 'NONE', #843, #3750, #1857, .T. ) ;
#1843 = DIRECTION ( 'NONE',  ( -0.000000000000000000, -0.000000000000000000, -1.000000000000000000 ) ) ;
#1844 = CARTESIAN_POINT ( 'NONE',  ( 27.57267827376750802, -52.21751017649979332, 10.00000000000000000 ) ) ;
#1845 = CIRCLE ( 'NONE', #2782, 3.099999999999999645 ) ;
#1846 = VERTEX_POINT ( 'NONE', #4701 ) ;
#1847 = DIRECTION ( 'NONE',  ( 0.7071067811865475727, -0.000000000000000000, 0.7071067811865475727 ) ) ;
#1848 = PLANE ( 'NONE',  #2178 ) ;
#1849 = ADVANCED_FACE ( 'NONE', ( #255 ), #3257, .F. ) ;
#1850 = VECTOR ( 'NONE', #2134, 1000.000000000000000 ) ;
#1851 = ORIENTED_EDGE ( 'NONE', *, *, #4892, .F. ) ;
#1852 = CARTESIAN_POINT ( 'NONE',  ( 8.999999999999987566, -44.85228197649788484, 3.599999999999999201 ) ) ;
#1853 = CARTESIAN_POINT ( 'NONE',  ( -0.1661505839996911538, 2.986909430915194896, 16.01309056908480599 ) ) ;
#1854 = DIRECTION ( 'NONE',  ( -0.7071067811865496822, 0.7071067811865453523, 0.000000000000000000 ) ) ;
#1855 = CARTESIAN_POINT ( 'NONE',  ( 35.19619916126134740, -2.248359099608640665, 9.799999999999993605 ) ) ;
#1856 = VECTOR ( 'NONE', #1489, 1000.000000000000000 ) ;
#1857 = CIRCLE ( 'NONE', #3809, 3.000000000000002665 ) ;
#1858 = CARTESIAN_POINT ( 'NONE',  ( 7.014024846834671756, -49.40018871553893121, 5.000000000000000000 ) ) ;
#1859 = VERTEX_POINT ( 'NONE', #1675 ) ;
#1860 = VECTOR ( 'NONE', #561, 1000.000000000000000 ) ;
#1861 = AXIS2_PLACEMENT_3D ( 'NONE', #1573, #3449, #3013 ) ;
#1862 = VERTEX_POINT ( 'NONE', #5597 ) ;
#1863 = EDGE_LOOP ( 'NONE', ( #181, #2910, #670, #1297 ) ) ;
#1864 = CARTESIAN_POINT ( 'NONE',  ( 50.90385297342779580, -1.625102115043186135, 10.00000000000000000 ) ) ;
#1865 = FACE_OUTER_BOUND ( 'NONE', #6197, .T. ) ;
#1866 = DIRECTION ( 'NONE',  ( 1.000000000000000000, 0.000000000000000000, -0.000000000000000000 ) ) ;
#1867 = AXIS2_PLACEMENT_3D ( 'NONE', #365, #2340, #3681 ) ;
#1868 = VECTOR ( 'NONE', #4969, 1000.000000000000114 ) ;
#1869 = CARTESIAN_POINT ( 'NONE',  ( 6.988803657608005260, -51.58491490983000460, 7.600000000000000533 ) ) ;
#1870 = EDGE_CURVE ( 'NONE', #2095, #4395, #5053, .T. ) ;
#1871 = EDGE_LOOP ( 'NONE', ( #3249, #6324, #5027, #4080 ) ) ;
#1872 = AXIS2_PLACEMENT_3D ( 'NONE', #5903, #3963, #6383 ) ;
#1873 = CARTESIAN_POINT ( 'NONE',  ( 68.06692151384301326, -3.557475234951000598, 7.600000000000000533 ) ) ;
#1874 = VECTOR ( 'NONE', #5742, 1000.000000000000114 ) ;
#1875 = DIRECTION ( 'NONE',  ( -0.7071067811865440200, 0.7071067811865511255, 0.000000000000000000 ) ) ;
#1876 = DIRECTION ( 'NONE',  ( -1.000000000000000000, 0.000000000000000000, 0.000000000000000000 ) ) ;
#1877 = LINE ( 'NONE', #3838, #5600 ) ;
#1878 = VECTOR ( 'NONE', #6177, 999.9999999999998863 ) ;
#1879 = EDGE_CURVE ( 'NONE', #755, #988, #4128, .T. ) ;
#1880 = ORIENTED_EDGE ( 'NONE', *, *, #4585, .T. ) ;
#1881 = EDGE_LOOP ( 'NONE', ( #2421, #6227, #5260, #6122, #3159 ) ) ;
#1882 = VECTOR ( 'NONE', #965, 1000.000000000000000 ) ;
#1883 = CARTESIAN_POINT ( 'NONE',  ( 71.16692151384302178, -3.557475234951000598, 10.00000000000000000 ) ) ;
#1884 = ORIENTED_EDGE ( 'NONE', *, *, #1789, .F. ) ;
#1885 = DIRECTION ( 'NONE',  ( 0.7071067811862996599, -0.7071067811867953745, -0.000000000000000000 ) ) ;
#1886 = EDGE_CURVE ( 'NONE', #2710, #1351, #2159, .T. ) ;
#1887 = DIRECTION ( 'NONE',  ( -2.618410170671638000E-16, -1.000000000000000000, 0.000000000000000000 ) ) ;
#1888 = VECTOR ( 'NONE', #1095, 1000.000000000000000 ) ;
#1889 = EDGE_LOOP ( 'NONE', ( #1200, #4921, #4887, #5075 ) ) ;
#1890 = DIRECTION ( 'NONE',  ( 0.000000000000000000, 0.000000000000000000, -1.000000000000000000 ) ) ;
#1891 = FACE_OUTER_BOUND ( 'NONE', #5277, .T. ) ;
#1892 = CARTESIAN_POINT ( 'NONE',  ( 71.16692151384302178, -51.58491490983000460, 3.600000000000000533 ) ) ;
#1893 = DIRECTION ( 'NONE',  ( 1.000000000000000000, 2.962157971162378387E-14, -0.000000000000000000 ) ) ;
#1894 = EDGE_CURVE ( 'NONE', #2001, #1927, #6223, .T. ) ;
#1895 = PLANE ( 'NONE',  #2907 ) ;
#1896 = EDGE_CURVE ( 'NONE', #2204, #5263, #318, .T. ) ;
#1897 = EDGE_CURVE ( 'NONE', #5680, #4835, #4638, .T. ) ;
#1898 = ORIENTED_EDGE ( 'NONE', *, *, #4181, .T. ) ;
#1899 = ORIENTED_EDGE ( 'NONE', *, *, #6252, .T. ) ;
#1900 = DIRECTION ( 'NONE',  ( -0.7071067811865495711, 0.7071067811865454633, -0.000000000000000000 ) ) ;
#1901 = DIRECTION ( 'NONE',  ( -1.000000000000000000, 0.000000000000000000, 0.000000000000000000 ) ) ;
#1902 = CARTESIAN_POINT ( 'NONE',  ( 0.000000000000000000, 0.000000000000000000, 10.00000000000000000 ) ) ;
#1903 = DIRECTION ( 'NONE',  ( -0.000000000000000000, -0.000000000000000000, -1.000000000000000000 ) ) ;
#1904 = ORIENTED_EDGE ( 'NONE', *, *, #1879, .F. ) ;
#1905 = CARTESIAN_POINT ( 'NONE',  ( 66.31952070086401818, 3.400000000000000355, 15.60000000000000320 ) ) ;
#1906 = DIRECTION ( 'NONE',  ( 0.000000000000000000, 0.000000000000000000, -1.000000000000000000 ) ) ;
#1907 = CARTESIAN_POINT ( 'NONE',  ( 52.99999999999998579, -44.85228197649726667, -42.42640687119285303 ) ) ;
#1908 = DIRECTION ( 'NONE',  ( -1.000000000000000000, 0.000000000000000000, 0.000000000000000000 ) ) ;
#1909 = VERTEX_POINT ( 'NONE', #6153 ) ;
#1910 = VERTEX_POINT ( 'NONE', #5179 ) ;
#1911 = EDGE_CURVE ( 'NONE', #1274, #2249, #2646, .T. ) ;
#1912 = CARTESIAN_POINT ( 'NONE',  ( 50.70311946457120911, -55.80000000000088534, -13.91866057222030229 ) ) ;
#1913 = ORIENTED_EDGE ( 'NONE', *, *, #2160, .T. ) ;
#1914 = CARTESIAN_POINT ( 'NONE',  ( 0.07139025090989453703, -25.33434600564663342, 9.999999999999996447 ) ) ;
#1915 = CARTESIAN_POINT ( 'NONE',  ( 54.38297283812173077, -52.13447670935893541, 10.00000000000000000 ) ) ;
#1916 = EDGE_CURVE ( 'NONE', #435, #4279, #1705, .T. ) ;
#1917 = EDGE_CURVE ( 'NONE', #3657, #1824, #2199, .T. ) ;
#1918 = DIRECTION ( 'NONE',  ( -0.5773502691896257311, 0.5773502691896258421, -0.5773502691896258421 ) ) ;
#1919 = ORIENTED_EDGE ( 'NONE', *, *, #941, .T. ) ;
#1920 = CARTESIAN_POINT ( 'NONE',  ( 7.596199159746238827, -4.625102115043496553, 10.00000000000000000 ) ) ;
#1921 = PLANE ( 'NONE',  #4942 ) ;
#1922 = CARTESIAN_POINT ( 'NONE',  ( -0.7999999999999742872, -49.98597515316584605, 11.99999999999999645 ) ) ;
#1923 = DIRECTION ( 'NONE',  ( -1.146174137548107193E-17, 1.000000000000000000, 0.000000000000000000 ) ) ;
#1924 = EDGE_LOOP ( 'NONE', ( #5880, #3326, #1738, #5836 ) ) ;
#1925 = ADVANCED_FACE ( 'NONE', ( #5660 ), #1216, .F. ) ;
#1926 = ADVANCED_FACE ( 'NONE', ( #3283 ), #2818, .T. ) ;
#1927 = VERTEX_POINT ( 'NONE', #6279 ) ;
#1928 = CARTESIAN_POINT ( 'NONE',  ( 27.68925101092641228, -55.89414213562461242, 9.999999999999996447 ) ) ;
#1929 = CARTESIAN_POINT ( 'NONE',  ( 34.82995764761653845, 34.82995764761605528, 16.00000000000000000 ) ) ;
#1930 = LINE ( 'NONE', #5886, #1028 ) ;
#1931 = DIRECTION ( 'NONE',  ( -0.7071067811865457964, -0.7071067811865492381, 0.000000000000000000 ) ) ;
#1932 = ORIENTED_EDGE ( 'NONE', *, *, #1306, .T. ) ;
#1933 = FILL_AREA_STYLE ('',( #1472 ) ) ;
#1934 = CARTESIAN_POINT ( 'NONE',  ( 67.42844382976137751, -50.13817845388540206, 10.00000000000000000 ) ) ;
#1935 = LINE ( 'NONE', #3894, #5072 ) ;
#1936 = ORIENTED_EDGE ( 'NONE', *, *, #5584, .T. ) ;
#1937 = ORIENTED_EDGE ( 'NONE', *, *, #1842, .F. ) ;
#1938 = EDGE_CURVE ( 'NONE', #5398, #5789, #2324, .T. ) ;
#1939 = DIRECTION ( 'NONE',  ( -0.000000000000000000, -0.000000000000000000, -1.000000000000000000 ) ) ;
#1940 = ORIENTED_EDGE ( 'NONE', *, *, #2392, .T. ) ;
#1941 = CARTESIAN_POINT ( 'NONE',  ( 69.48286859082156752, 0.000000000000000000, 16.00000000000000000 ) ) ;
#1942 = CLOSED_SHELL ( 'NONE', ( #5978, #976, #2247, #1127, #2439, #2050, #2195, #245, #3107, #1484, #2240, #1401, #3630, #962, #4120, #4242, #4833, #597, #5206, #5843, #2339, #3977, #164, #977, #4197, #4333, #149, #5004, #5161, #627, #5169, #5722, #3212, #3376, #3946, #6130, #4723, #2217, #5375, #1251, #4631, #3788, #4387, #2357, #4866, #2537, #5074, #1004, #3767, #3851, #6284, #5115, #818, #52, #2078, #2004, #2034, #590, #3897, #5019, #2985, #4879, #5946, #2871, #1849, #4965, #4014, #2762, #476, #942, #691, #1374, #2843, #4207, #4998, #846, #6178, #4903, #416, #2462, #646, #4947, #4036, #853, #1280, #2996, #377, #6144, #5487, #1717, #64, #5145, #449, #5594, #1925, #6182, #5035, #47, #2727, #4040, #2865, #2018, #5768, #3232, #5770, #3675, #1252, #1758, #2950, #716, #2333, #1443, #2035, #5851, #1232, #4427, #2790, #481, #90, #266, #2721, #5627, #4560, #38, #1554, #138, #4552, #5173, #4653, #3059, #359, #81, #6286, #1364, #6065, #5535, #3705, #2993, #2844, #1423, #3888, #929, #1517, #953, #4033, #4437, #4669, #332, #5887, #1442, #253, #5028, #1796, #2675, #2071, #1323, #2467, #5983, #663, #2812, #707, #3296, #283, #1696, #3555, #2832, #2241, #2753, #346, #2115, #5750, #605, #4681, #2466, #3654, #2285, #142, #5956, #5951, #4679, #3535, #2760, #3305, #5861, #2056, #1038, #2289, #1402, #1190, #2540, #370, #6392, #3671, #4885, #462, #4989, #2958, #4153, #4705, #903, #3655, #5805, #2515, #3714, #3067, #1596, #3777, #2851, #3464, #2719, #6344, #1048, #3485, #1773, #1926, #4266, #3964, #4592 ) ) ;
#1943 = LINE ( 'NONE', #6328, #214 ) ;
#1944 = AXIS2_PLACEMENT_3D ( 'NONE', #288, #5638, #1192 ) ;
#1945 = DIRECTION ( 'NONE',  ( -1.000000000000000000, 0.000000000000000000, -0.000000000000000000 ) ) ;
#1946 = EDGE_LOOP ( 'NONE', ( #4849, #1937, #4765, #412 ) ) ;
#1947 = CARTESIAN_POINT ( 'NONE',  ( 2.470972002794558087, -26.49483975598964847, 10.00000000000000000 ) ) ;
#1948 = LINE ( 'NONE', #1420, #6097 ) ;
#1949 = CARTESIAN_POINT ( 'NONE',  ( 66.73699590210202359, -2.291981124164330197, 6.562246092603492009 ) ) ;
#1950 = LINE ( 'NONE', #3401, #4011 ) ;
#1951 = VECTOR ( 'NONE', #5740, 1000.000000000000000 ) ;
#1952 = ORIENTED_EDGE ( 'NONE', *, *, #4194, .F. ) ;
#1953 = VERTEX_POINT ( 'NONE', #1807 ) ;
#1954 = ORIENTED_EDGE ( 'NONE', *, *, #2596, .F. ) ;
#1955 = EDGE_CURVE ( 'NONE', #5916, #5901, #4804, .T. ) ;
#1956 = CARTESIAN_POINT ( 'NONE',  ( 7.196199159746239360, 2.999999999999998668, 16.00000000000000000 ) ) ;
#1957 = CARTESIAN_POINT ( 'NONE',  ( 73.31355508202469196, 1.174709169418890697, 16.00000000000000000 ) ) ;
#1958 = FACE_OUTER_BOUND ( 'NONE', #4398, .T. ) ;
#1959 = EDGE_CURVE ( 'NONE', #2522, #1823, #3096, .T. ) ;
#1960 = LINE ( 'NONE', #5921, #4254 ) ;
#1961 = CIRCLE ( 'NONE', #4224, 1.700000000000000178 ) ;
#1962 = VECTOR ( 'NONE', #2547, 1000.000000000000000 ) ;
#1963 = ORIENTED_EDGE ( 'NONE', *, *, #4378, .T. ) ;
#1964 = PLANE ( 'NONE',  #3081 ) ;
#1965 = LINE ( 'NONE', #3926, #1037 ) ;
#1966 = VECTOR ( 'NONE', #124, 1000.000000000000000 ) ;
#1967 = AXIS2_PLACEMENT_3D ( 'NONE', #4599, #4121, #1673 ) ;
#1968 = ORIENTED_EDGE ( 'NONE', *, *, #607, .F. ) ;
#1969 = DIRECTION ( 'NONE',  ( 0.000000000000000000, -1.000000000000000000, 0.000000000000000000 ) ) ;
#1970 = EDGE_CURVE ( 'NONE', #2680, #3347, #1347, .T. ) ;
#1971 = ORIENTED_EDGE ( 'NONE', *, *, #5443, .T. ) ;
#1972 = EDGE_CURVE ( 'NONE', #1351, #259, #3323, .T. ) ;
#1973 = VECTOR ( 'NONE', #4951, 1000.000000000000000 ) ;
#1974 = AXIS2_PLACEMENT_3D ( 'NONE', #1929, #6341, #2377 ) ;
#1975 = ORIENTED_EDGE ( 'NONE', *, *, #3453, .F. ) ;
#1976 = DIRECTION ( 'NONE',  ( 1.000000000000000000, 0.000000000000000000, 0.000000000000000000 ) ) ;
#1977 = VERTEX_POINT ( 'NONE', #4875 ) ;
#1978 = LINE ( 'NONE', #3356, #4349 ) ;
#1979 = AXIS2_PLACEMENT_3D ( 'NONE', #5670, #1226, #3211 ) ;
#1980 = DIRECTION ( 'NONE',  ( 1.146174137548107193E-17, -1.000000000000000000, 0.000000000000000000 ) ) ;
#1981 = EDGE_CURVE ( 'NONE', #61, #2001, #1835, .T. ) ;
#1982 = VECTOR ( 'NONE', #1182, 1000.000000000000000 ) ;
#1983 = DIRECTION ( 'NONE',  ( 0.7071067811865479058, 0.7071067811865471286, -0.000000000000000000 ) ) ;
#1984 = ORIENTED_EDGE ( 'NONE', *, *, #5259, .T. ) ;
#1985 = PLANE ( 'NONE',  #960 ) ;
#1986 = LINE ( 'NONE', #486, #3801 ) ;
#1987 = LINE ( 'NONE', #5942, #1856 ) ;
#1988 = CARTESIAN_POINT ( 'NONE',  ( 35.39619915974623154, -4.931739154187178009, 9.799999999999981171 ) ) ;
#1989 = VECTOR ( 'NONE', #2108, 1000.000000000000114 ) ;
#1990 = ORIENTED_EDGE ( 'NONE', *, *, #5730, .F. ) ;
#1991 = FACE_OUTER_BOUND ( 'NONE', #2733, .T. ) ;
#1992 = LINE ( 'NONE', #3372, #2282 ) ;
#1993 = PLANE ( 'NONE',  #408 ) ;
#1994 = EDGE_CURVE ( 'NONE', #1862, #3471, #838, .T. ) ;
#1995 = VERTEX_POINT ( 'NONE', #444 ) ;
#1996 = SURFACE_SIDE_STYLE ('',( #3890 ) ) ;
#1997 = CARTESIAN_POINT ( 'NONE',  ( 73.83192894114422700, -8.737699060429038767, 15.60000000000000320 ) ) ;
#1998 = EDGE_CURVE ( 'NONE', #2807, #1832, #5275, .T. ) ;
#1999 = CARTESIAN_POINT ( 'NONE',  ( 16.99999999999997868, -44.85228197649772852, -42.42640687119285303 ) ) ;
#2000 = ORIENTED_EDGE ( 'NONE', *, *, #3878, .F. ) ;
#2001 = VERTEX_POINT ( 'NONE', #5311 ) ;
#2002 = EDGE_CURVE ( 'NONE', #6338, #5089, #871, .T. ) ;
#2003 = LINE ( 'NONE', #5988, #4766 ) ;
#2004 = ADVANCED_FACE ( 'NONE', ( #376 ), #2419, .F. ) ;
#2005 = DIRECTION ( 'NONE',  ( -0.7071067811862996599, 0.7071067811867953745, 0.000000000000000000 ) ) ;
#2006 = ORIENTED_EDGE ( 'NONE', *, *, #2085, .F. ) ;
#2007 = CARTESIAN_POINT ( 'NONE',  ( 5.588803657608005793, -3.557475234951000598, 7.600000000000000533 ) ) ;
#2008 = DIRECTION ( 'NONE',  ( 2.255836171106191928E-16, 1.000000000000000000, 0.000000000000000000 ) ) ;
#2009 = FACE_OUTER_BOUND ( 'NONE', #4193, .T. ) ;
#2010 = EDGE_LOOP ( 'NONE', ( #6222, #2403, #3460, #5974 ) ) ;
#2011 = DIRECTION ( 'NONE',  ( -2.409338161078898687E-16, 1.000000000000000000, 0.000000000000000000 ) ) ;
#2012 = DIRECTION ( 'NONE',  ( -0.000000000000000000, -0.000000000000000000, -1.000000000000000000 ) ) ;
#2013 = EDGE_CURVE ( 'NONE', #3751, #4067, #4262, .T. ) ;
#2014 = CARTESIAN_POINT ( 'NONE',  ( 36.59619915974623439, 3.200000000000005063, 9.600000000000001421 ) ) ;
#2015 = DIRECTION ( 'NONE',  ( 0.6785983445458486640, -0.2810846377148222830, 0.6785983445458444452 ) ) ;
#2016 = VERTEX_POINT ( 'NONE', #4839 ) ;
#2017 = LINE ( 'NONE', #4472, #917 ) ;
#2018 = ADVANCED_FACE ( 'NONE', ( #409 ), #6348, .F. ) ;
#2019 = FACE_OUTER_BOUND ( 'NONE', #4778, .T. ) ;
#2020 = CARTESIAN_POINT ( 'NONE',  ( 68.98154090953224227, -52.13861915615041198, 10.00000000000000000 ) ) ;
#2021 = EDGE_CURVE ( 'NONE', #3751, #5873, #599, .T. ) ;
#2022 = ORIENTED_EDGE ( 'NONE', *, *, #2067, .F. ) ;
#2023 = DIRECTION ( 'NONE',  ( 0.7055411418617784092, -0.7086689616036375705, 0.000000000000000000 ) ) ;
#2024 = LINE ( 'NONE', #3980, #5583 ) ;
#2025 = LINE ( 'NONE', #5752, #4249 ) ;
#2026 = VERTEX_POINT ( 'NONE', #5136 ) ;
#2027 = ORIENTED_EDGE ( 'NONE', *, *, #6363, .F. ) ;
#2028 = EDGE_CURVE ( 'NONE', #3261, #6374, #1184, .T. ) ;
#2029 = FACE_OUTER_BOUND ( 'NONE', #2612, .T. ) ;
#2030 = LINE ( 'NONE', #5444, #305 ) ;
#2031 = ORIENTED_EDGE ( 'NONE', *, *, #697, .F. ) ;
#2032 = DIRECTION ( 'NONE',  ( 0.7071067811865475727, 0.000000000000000000, 0.7071067811865475727 ) ) ;
#2033 = DIRECTION ( 'NONE',  ( -0.000000000000000000, -0.000000000000000000, 1.000000000000000000 ) ) ;
#2034 = ADVANCED_FACE ( 'NONE', ( #1117 ), #5178, .F. ) ;
#2035 = ADVANCED_FACE ( 'NONE', ( #180 ), #3165, .F. ) ;
#2036 = CARTESIAN_POINT ( 'NONE',  ( 66.31952070086401818, -5.625102115043186579, 5.000000000000000000 ) ) ;
#2037 = EDGE_LOOP ( 'NONE', ( #4795, #76 ) ) ;
#2038 = DIRECTION ( 'NONE',  ( -9.324293839476709654E-05, -0.9999999956528771161, 0.000000000000000000 ) ) ;
#2039 = LINE ( 'NONE', #6062, #2051 ) ;
#2040 = AXIS2_PLACEMENT_3D ( 'NONE', #65, #1544, #5009 ) ;
#2041 = CARTESIAN_POINT ( 'NONE',  ( 38.99999999999998579, -44.85228197649742299, 4.999999999999997335 ) ) ;
#2042 = CARTESIAN_POINT ( 'NONE',  ( 19.72628455067811259, 0.1533563835179342083, 11.99999999999999645 ) ) ;
#2043 = EDGE_CURVE ( 'NONE', #2963, #1480, #4539, .T. ) ;
#2044 = STYLED_ITEM ( 'NONE', ( #5891 ), #395 ) ;
#2045 = ORIENTED_EDGE ( 'NONE', *, *, #6001, .F. ) ;
#2046 = DIRECTION ( 'NONE',  ( 1.000000000000000000, 0.000000000000000000, 0.000000000000000000 ) ) ;
#2047 = DIRECTION ( 'NONE',  ( 0.7071067811867953745, 0.7071067811862996599, -0.000000000000000000 ) ) ;
#2048 = VECTOR ( 'NONE', #1077, 1000.000000000000000 ) ;
#2049 = CARTESIAN_POINT ( 'NONE',  ( 0.000000000000000000, 0.000000000000000000, 12.00000000000000000 ) ) ;
#2050 = ADVANCED_FACE ( 'NONE', ( #638 ), #3101, .F. ) ;
#2051 = VECTOR ( 'NONE', #1072, 1000.000000000000000 ) ;
#2052 = EDGE_LOOP ( 'NONE', ( #4056, #4827, #740, #901 ) ) ;
#2053 = CARTESIAN_POINT ( 'NONE',  ( 75.77474980949854455, -1.686485558056698197, 9.999999999999996447 ) ) ;
#2054 = FACE_OUTER_BOUND ( 'NONE', #6174, .T. ) ;
#2055 = VECTOR ( 'NONE', #3910, 1000.000000000000114 ) ;
#2056 = ADVANCED_FACE ( 'NONE', ( #2196 ), #150, .F. ) ;
#2057 = VECTOR ( 'NONE', #900, 1000.000000000000114 ) ;
#2058 = DIRECTION ( 'NONE',  ( -0.000000000000000000, 0.000000000000000000, -1.000000000000000000 ) ) ;
#2059 = ORIENTED_EDGE ( 'NONE', *, *, #580, .T. ) ;
#2060 = VERTEX_POINT ( 'NONE', #6079 ) ;
#2061 = AXIS2_PLACEMENT_3D ( 'NONE', #5784, #6305, #1866 ) ;
#2062 = AXIS2_PLACEMENT_3D ( 'NONE', #3633, #3663, #2225 ) ;
#2063 = DIRECTION ( 'NONE',  ( 1.000000000000000000, 0.000000000000000000, 0.000000000000000000 ) ) ;
#2064 = DIRECTION ( 'NONE',  ( 1.146174137548107193E-17, -1.000000000000000000, 0.000000000000000000 ) ) ;
#2065 = ORIENTED_EDGE ( 'NONE', *, *, #798, .T. ) ;
#2066 = CARTESIAN_POINT ( 'NONE',  ( 75.77474980949853034, -6.035541365997982410, 15.60000000000000320 ) ) ;
#2067 = EDGE_CURVE ( 'NONE', #5901, #890, #3137, .T. ) ;
#2068 = DIRECTION ( 'NONE',  ( 0.000000000000000000, 1.000000000000000000, 0.000000000000000000 ) ) ;
#2069 = AXIS2_PLACEMENT_3D ( 'NONE', #1583, #5084, #3612 ) ;
#2070 = AXIS2_PLACEMENT_3D ( 'NONE', #5823, #4315, #766 ) ;
#2071 = ADVANCED_FACE ( 'NONE', ( #2720 ), #120, .F. ) ;
#2072 = ORIENTED_EDGE ( 'NONE', *, *, #4741, .F. ) ;
#2073 = DIRECTION ( 'NONE',  ( -0.000000000000000000, 0.000000000000000000, 1.000000000000000000 ) ) ;
#2074 = CIRCLE ( 'NONE', #1872, 2.999999999999995559 ) ;
#2075 = LINE ( 'NONE', #158, #2400 ) ;
#2076 = DIRECTION ( 'NONE',  ( 0.000000000000000000, 0.000000000000000000, -1.000000000000000000 ) ) ;
#2077 = DIRECTION ( 'NONE',  ( -1.000000000000000000, -2.962157971162378387E-14, -0.000000000000000000 ) ) ;
#2078 = ADVANCED_FACE ( 'NONE', ( #1600 ), #6152, .F. ) ;
#2079 = DIRECTION ( 'NONE',  ( 0.000000000000000000, 0.000000000000000000, 1.000000000000000000 ) ) ;
#2080 = CARTESIAN_POINT ( 'NONE',  ( 16.99999999999997868, -44.85228197649772852, 4.999999999999997335 ) ) ;
#2081 = VECTOR ( 'NONE', #6251, 1000.000000000000000 ) ;
#2082 = VERTEX_POINT ( 'NONE', #3064 ) ;
#2083 = CARTESIAN_POINT ( 'NONE',  ( 75.33725830020306091, 3.400000000000000355, 3.600000000000000533 ) ) ;
#2084 = CARTESIAN_POINT ( 'NONE',  ( 0.000000000000000000, 0.000000000000000000, 12.00000000000000000 ) ) ;
#2085 = EDGE_CURVE ( 'NONE', #4021, #2881, #254, .T. ) ;
#2086 = CARTESIAN_POINT ( 'NONE',  ( 19.10493176477773503, 0.7747091694190871847, 9.999999999999996447 ) ) ;
#2087 = CIRCLE ( 'NONE', #1668, 3.000000000000002665 ) ;
#2088 = PLANE ( 'NONE',  #2899 ) ;
#2089 = VECTOR ( 'NONE', #3643, 1000.000000000000114 ) ;
#2090 = VERTEX_POINT ( 'NONE', #1155 ) ;
#2091 = VERTEX_POINT ( 'NONE', #6119 ) ;
#2092 = CARTESIAN_POINT ( 'NONE',  ( 18.73212781767186286, -2.246332549098110309, 5.000000000000000000 ) ) ;
#2093 = DIRECTION ( 'NONE',  ( -0.000000000000000000, -0.000000000000000000, 1.000000000000000000 ) ) ;
#2094 = LINE ( 'NONE', #4503, #3420 ) ;
#2095 = VERTEX_POINT ( 'NONE', #671 ) ;
#2096 = DIRECTION ( 'NONE',  ( 1.000000000000000000, 2.891205793294678326E-16, 0.000000000000000000 ) ) ;
#2097 = CARTESIAN_POINT ( 'NONE',  ( 0.000000000000000000, 0.000000000000000000, 9.199999999999999289 ) ) ;
#2098 = EDGE_CURVE ( 'NONE', #5504, #5431, #2900, .T. ) ;
#2099 = ORIENTED_EDGE ( 'NONE', *, *, #3065, .T. ) ;
#2100 = CYLINDRICAL_SURFACE ( 'NONE', #311, 3.000000000000002665 ) ;
#2101 = FACE_OUTER_BOUND ( 'NONE', #5287, .T. ) ;
#2102 = ORIENTED_EDGE ( 'NONE', *, *, #3905, .F. ) ;
#2103 = FACE_OUTER_BOUND ( 'NONE', #1698, .T. ) ;
#2104 = CARTESIAN_POINT ( 'NONE',  ( 71.42844382976133488, -48.13817845388538785, 10.00000000000000000 ) ) ;
#2105 = LINE ( 'NONE', #4062, #1850 ) ;
#2106 = CARTESIAN_POINT ( 'NONE',  ( 41.99999999999997868, -8.852281976497424765, -42.42640687119285303 ) ) ;
#2107 = DIRECTION ( 'NONE',  ( 0.000000000000000000, -1.000000000000000000, 0.000000000000000000 ) ) ;
#2108 = DIRECTION ( 'NONE',  ( -0.5773028862760910540, 0.5774450233524771603, -0.5773028862761311331 ) ) ;
#2109 = EDGE_CURVE ( 'NONE', #1910, #2761, #724, .T. ) ;
#2110 = ORIENTED_EDGE ( 'NONE', *, *, #556, .T. ) ;
#2111 = CARTESIAN_POINT ( 'NONE',  ( 78.39999999999997726, -45.86976616585294408, 15.60000000000000320 ) ) ;
#2112 = FACE_OUTER_BOUND ( 'NONE', #286, .T. ) ;
#2113 = CARTESIAN_POINT ( 'NONE',  ( 75.77474980949854455, -1.686485558056698197, 9.999999999999996447 ) ) ;
#2114 = DIRECTION ( 'NONE',  ( 1.000000000000000000, 0.000000000000000000, 0.000000000000000000 ) ) ;
#2115 = ADVANCED_FACE ( 'NONE', ( #5629 ), #3195, .F. ) ;
#2116 = EDGE_CURVE ( 'NONE', #3745, #2265, #3695, .T. ) ;
#2117 = ORIENTED_EDGE ( 'NONE', *, *, #2942, .T. ) ;
#2118 = ORIENTED_EDGE ( 'NONE', *, *, #1711, .F. ) ;
#2119 = DIRECTION ( 'NONE',  ( -0.000000000000000000, -0.000000000000000000, -1.000000000000000000 ) ) ;
#2120 = DIRECTION ( 'NONE',  ( -0.000000000000000000, -0.000000000000000000, -1.000000000000000000 ) ) ;
#2121 = CYLINDRICAL_SURFACE ( 'NONE', #5919, 1.699999999999993072 ) ;
#2122 = EDGE_CURVE ( 'NONE', #1377, #2001, #3230, .T. ) ;
#2123 = EDGE_LOOP ( 'NONE', ( #4204, #5935, #3194, #1161 ) ) ;
#2124 = CARTESIAN_POINT ( 'NONE',  ( 0.000000000000000000, -45.86976616585294408, 15.60000000000000320 ) ) ;
#2125 = EDGE_LOOP ( 'NONE', ( #4634, #494, #2952, #3050 ) ) ;
#2126 = LINE ( 'NONE', #5989, #2167 ) ;
#2127 = ORIENTED_EDGE ( 'NONE', *, *, #3523, .T. ) ;
#2128 = FACE_OUTER_BOUND ( 'NONE', #4952, .T. ) ;
#2129 = CARTESIAN_POINT ( 'NONE',  ( 49.05151099495649447, -0.08227159922996607477, 9.999999999999996447 ) ) ;
#2130 = ORIENTED_EDGE ( 'NONE', *, *, #2513, .T. ) ;
#2131 = DIRECTION ( 'NONE',  ( -0.000000000000000000, -0.000000000000000000, 1.000000000000000000 ) ) ;
#2132 = VERTEX_POINT ( 'NONE', #3349 ) ;
#2133 = DIRECTION ( 'NONE',  ( 0.000000000000000000, 0.000000000000000000, -1.000000000000000000 ) ) ;
#2134 = DIRECTION ( 'NONE',  ( 0.000000000000000000, 1.000000000000000000, 0.000000000000000000 ) ) ;
#2135 = LINE ( 'NONE', #1266, #736 ) ;
#2136 = DIRECTION ( 'NONE',  ( -0.000000000000000000, 0.000000000000000000, -1.000000000000000000 ) ) ;
#2137 = EDGE_CURVE ( 'NONE', #3839, #3694, #407, .T. ) ;
#2138 = CARTESIAN_POINT ( 'NONE',  ( 1.661194727475412414, 0.7747091694185748167, 15.60000000000000142 ) ) ;
#2139 = EDGE_LOOP ( 'NONE', ( #2261, #5154, #6224, #3448 ) ) ;
#2140 = ORIENTED_EDGE ( 'NONE', *, *, #1708, .T. ) ;
#2141 = VECTOR ( 'NONE', #4943, 999.9999999999998863 ) ;
#2142 = ORIENTED_EDGE ( 'NONE', *, *, #1202, .T. ) ;
#2143 = FACE_OUTER_BOUND ( 'NONE', #4280, .T. ) ;
#2144 = FACE_OUTER_BOUND ( 'NONE', #2218, .T. ) ;
#2145 = DIRECTION ( 'NONE',  ( -0.000000000000000000, 0.000000000000000000, 1.000000000000000000 ) ) ;
#2146 = LINE ( 'NONE', #5650, #2281 ) ;
#2147 = EDGE_CURVE ( 'NONE', #4522, #3497, #4119, .T. ) ;
#2148 = VECTOR ( 'NONE', #3145, 999.9999999999998863 ) ;
#2149 = VERTEX_POINT ( 'NONE', #5209 ) ;
#2150 = ORIENTED_EDGE ( 'NONE', *, *, #4057, .F. ) ;
#2151 = CARTESIAN_POINT ( 'NONE',  ( 71.16692151384302178, -3.557475234951000598, 12.00000000000000000 ) ) ;
#2152 = AXIS2_PLACEMENT_3D ( 'NONE', #5218, #3670, #4682 ) ;
#2153 = CARTESIAN_POINT ( 'NONE',  ( 0.07497917025898508114, -7.192840425492466494, 9.999999999999996447 ) ) ;
#2154 = CARTESIAN_POINT ( 'NONE',  ( 7.596199159746238827, -1.625102115043496331, 20.01838090617253485 ) ) ;
#2155 = VECTOR ( 'NONE', #19, 1000.000000000000000 ) ;
#2156 = EDGE_LOOP ( 'NONE', ( #5113, #287, #4084 ) ) ;
#2157 = CARTESIAN_POINT ( 'NONE',  ( 78.39999999999999147, -1.954248784846597453E-14, 15.60000000000000320 ) ) ;
#2158 = AXIS2_PLACEMENT_3D ( 'NONE', #2106, #6002, #3611 ) ;
#2159 = LINE ( 'NONE', #1777, #3400 ) ;
#2160 = EDGE_CURVE ( 'NONE', #5281, #5873, #6254, .T. ) ;
#2161 = VECTOR ( 'NONE', #5569, 999.9999999999998863 ) ;
#2162 = EDGE_LOOP ( 'NONE', ( #470, #5467, #1952, #155 ) ) ;
#2163 = CARTESIAN_POINT ( 'NONE',  ( 36.39617454189257728, -2.248506803701357804, 9.400000000000009237 ) ) ;
#2164 = CARTESIAN_POINT ( 'NONE',  ( -3.000000000000018652, -48.38597515316583753, 16.00000000000000000 ) ) ;
#2165 = ORIENTED_EDGE ( 'NONE', *, *, #5022, .F. ) ;
#2166 = VECTOR ( 'NONE', #1375, 1000.000000000000000 ) ;
#2167 = VECTOR ( 'NONE', #2578, 1000.000000000000000 ) ;
#2168 = ORIENTED_EDGE ( 'NONE', *, *, #5250, .T. ) ;
#2169 = CARTESIAN_POINT ( 'NONE',  ( 0.000000000000000000, -8.337699060429040188, 16.00000000000000000 ) ) ;
#2170 = ORIENTED_EDGE ( 'NONE', *, *, #1477, .F. ) ;
#2171 = CARTESIAN_POINT ( 'NONE',  ( 73.31355508202452143, -55.80000000000100613, 15.60000000000000320 ) ) ;
#2172 = FACE_OUTER_BOUND ( 'NONE', #3250, .T. ) ;
#2173 = DIRECTION ( 'NONE',  ( 0.000000000000000000, 0.7071067811865475727, -0.7071067811865475727 ) ) ;
#2174 = VECTOR ( 'NONE', #170, 999.9999999999998863 ) ;
#2175 = VECTOR ( 'NONE', #3255, 1000.000000000000114 ) ;
#2176 = DIRECTION ( 'NONE',  ( -0.000000000000000000, -0.000000000000000000, 1.000000000000000000 ) ) ;
#2177 = FACE_OUTER_BOUND ( 'NONE', #2228, .T. ) ;
#2178 = AXIS2_PLACEMENT_3D ( 'NONE', #4654, #238, #2209 ) ;
#2179 = VECTOR ( 'NONE', #2870, 1000.000000000000114 ) ;
#2180 = EDGE_LOOP ( 'NONE', ( #5636, #6154, #1629, #5907 ) ) ;
#2181 = CARTESIAN_POINT ( 'NONE',  ( -0.3372583002030360433, 3.399999999999999467, 16.00000000000000000 ) ) ;
#2182 = LINE ( 'NONE', #3651, #4834 ) ;
#2183 = DIRECTION ( 'NONE',  ( 1.000000000000000000, 0.000000000000000000, 0.000000000000000000 ) ) ;
#2184 = CARTESIAN_POINT ( 'NONE',  ( 1.599811284461573280, -47.98597515316583895, 5.000000000000000000 ) ) ;
#2185 = AXIS2_PLACEMENT_3D ( 'NONE', #2483, #6280, #1408 ) ;
#2186 = EDGE_LOOP ( 'NONE', ( #918, #2065, #379, #6228 ) ) ;
#2187 = ORIENTED_EDGE ( 'NONE', *, *, #2210, .F. ) ;
#2188 = AXIS2_PLACEMENT_3D ( 'NONE', #137, #3083, #5051 ) ;
#2189 = EDGE_CURVE ( 'NONE', #5725, #4639, #2296, .T. ) ;
#2190 = CARTESIAN_POINT ( 'NONE',  ( 73.83199975054387210, -7.978291424952627331, 9.999999999999996447 ) ) ;
#2191 = DIRECTION ( 'NONE',  ( -1.000000000000000000, 0.000000000000000000, 0.000000000000000000 ) ) ;
#2192 = CARTESIAN_POINT ( 'NONE',  ( 35.19619915974624291, 3.399999999999999911, 9.799999999999993605 ) ) ;
#2193 = VECTOR ( 'NONE', #4318, 1000.000000000000000 ) ;
#2194 = VERTEX_POINT ( 'NONE', #4773 ) ;
#2195 = ADVANCED_FACE ( 'NONE', ( #4700 ), #1805, .F. ) ;
#2196 = FACE_OUTER_BOUND ( 'NONE', #4141, .T. ) ;
#2197 = ORIENTED_EDGE ( 'NONE', *, *, #4174, .T. ) ;
#2198 = VECTOR ( 'NONE', #6061, 1000.000000000000000 ) ;
#2199 = LINE ( 'NONE', #2722, #4625 ) ;
#2200 = ORIENTED_EDGE ( 'NONE', *, *, #6094, .T. ) ;
#2201 = VERTEX_POINT ( 'NONE', #2847 ) ;
#2202 = FACE_OUTER_BOUND ( 'NONE', #4726, .T. ) ;
#2203 = ORIENTED_EDGE ( 'NONE', *, *, #4066, .T. ) ;
#2204 = VERTEX_POINT ( 'NONE', #801 ) ;
#2205 = CARTESIAN_POINT ( 'NONE',  ( 78.39999999999999147, -1.954248784846597453E-14, 3.600000000000000533 ) ) ;
#2206 = FACE_OUTER_BOUND ( 'NONE', #583, .T. ) ;
#2207 = CARTESIAN_POINT ( 'NONE',  ( 68.31952070086400397, 0.7747091694188932287, 15.60000000000000320 ) ) ;
#2208 = DIRECTION ( 'NONE',  ( 1.146174137548107193E-17, -1.000000000000000000, 0.000000000000000000 ) ) ;
#2209 = DIRECTION ( 'NONE',  ( -0.7071067811865487940, -0.7071067811865463515, 0.000000000000000000 ) ) ;
#2210 = EDGE_CURVE ( 'NONE', #1187, #1064, #769, .T. ) ;
#2211 = ORIENTED_EDGE ( 'NONE', *, *, #1055, .F. ) ;
#2212 = CYLINDRICAL_SURFACE ( 'NONE', #536, 3.000000000000006217 ) ;
#2213 = CARTESIAN_POINT ( 'NONE',  ( 5.599811284461573280, -47.98597515316583895, 20.01838090617253485 ) ) ;
#2214 = CARTESIAN_POINT ( 'NONE',  ( -0.7999999999999742872, -53.33880527252560455, 15.60000000000000497 ) ) ;
#2215 = CARTESIAN_POINT ( 'NONE',  ( 35.59619915974622728, 3.200000000000005063, 9.600000000000001421 ) ) ;
#2216 = ORIENTED_EDGE ( 'NONE', *, *, #4846, .F. ) ;
#2217 = ADVANCED_FACE ( 'NONE', ( #4261 ), #348, .T. ) ;
#2218 = EDGE_LOOP ( 'NONE', ( #4, #4882, #6236, #5301 ) ) ;
#2219 = ORIENTED_EDGE ( 'NONE', *, *, #800, .F. ) ;
#2220 = CARTESIAN_POINT ( 'NONE',  ( 39.36862915010170383, 39.36862915010151909, 15.60000000000000320 ) ) ;
#2221 = LINE ( 'NONE', #1731, #5806 ) ;
#2222 = CARTESIAN_POINT ( 'NONE',  ( 11.60001972201878750, -55.80000000000053006, -13.91866057222030229 ) ) ;
#2223 = ORIENTED_EDGE ( 'NONE', *, *, #2386, .F. ) ;
#2224 = ORIENTED_EDGE ( 'NONE', *, *, #652, .T. ) ;
#2225 = DIRECTION ( 'NONE',  ( 1.000000000000000000, 0.000000000000000000, 0.000000000000000000 ) ) ;
#2226 = DIRECTION ( 'NONE',  ( 1.000000000000000000, 0.000000000000000000, 0.000000000000000000 ) ) ;
#2227 = ORIENTED_EDGE ( 'NONE', *, *, #5723, .F. ) ;
#2228 = EDGE_LOOP ( 'NONE', ( #4573, #905, #6276, #5729 ) ) ;
#2229 = FACE_OUTER_BOUND ( 'NONE', #872, .T. ) ;
#2230 = EDGE_CURVE ( 'NONE', #1859, #700, #1308, .T. ) ;
#2231 = ORIENTED_EDGE ( 'NONE', *, *, #1504, .F. ) ;
#2232 = ORIENTED_EDGE ( 'NONE', *, *, #6384, .T. ) ;
#2233 = EDGE_CURVE ( 'NONE', #1689, #813, #3862, .T. ) ;
#2234 = DIRECTION ( 'NONE',  ( 2.094561988354695664E-14, -0.7071067811865449082, 0.7071067811865501263 ) ) ;
#2235 = DIRECTION ( 'NONE',  ( 1.000000000000000000, 0.000000000000000000, 0.000000000000000000 ) ) ;
#2236 = DIRECTION ( 'NONE',  ( 1.000000000000000000, 0.000000000000000000, 0.000000000000000000 ) ) ;
#2237 = LINE ( 'NONE', #3263, #926 ) ;
#2238 = EDGE_CURVE ( 'NONE', #405, #1824, #1341, .T. ) ;
#2239 = PLANE ( 'NONE',  #2811 ) ;
#2240 = ADVANCED_FACE ( 'NONE', ( #1255 ), #2323, .T. ) ;
#2241 = ADVANCED_FACE ( 'NONE', ( #3281 ), #4223, .T. ) ;
#2242 = ORIENTED_EDGE ( 'NONE', *, *, #2799, .T. ) ;
#2243 = DIRECTION ( 'NONE',  ( 0.000000000000000000, -1.000000000000000000, 0.000000000000000000 ) ) ;
#2244 = CARTESIAN_POINT ( 'NONE',  ( -0.8000000000014093615, -4.312601124913160611, 12.00000000000000000 ) ) ;
#2245 = CARTESIAN_POINT ( 'NONE',  ( 27.59999999999978115, -37.20000000000157314, -2.999999999999797939 ) ) ;
#2246 = FACE_OUTER_BOUND ( 'NONE', #645, .T. ) ;
#2247 = ADVANCED_FACE ( 'NONE', ( #3792 ), #1346, .F. ) ;
#2248 = EDGE_LOOP ( 'NONE', ( #5315, #5361, #1555, #1663 ) ) ;
#2249 = VERTEX_POINT ( 'NONE', #1776 ) ;
#2250 = VERTEX_POINT ( 'NONE', #4323 ) ;
#2251 = LINE ( 'NONE', #5781, #5466 ) ;
#2252 = LINE ( 'NONE', #3691, #3922 ) ;
#2253 = CARTESIAN_POINT ( 'NONE',  ( 49.91570446414629458, 0.7747091694188944500, 9.999999999999996447 ) ) ;
#2254 = AXIS2_PLACEMENT_3D ( 'NONE', #4607, #2234, #189 ) ;
#2255 = VERTEX_POINT ( 'NONE', #3732 ) ;
#2256 = CARTESIAN_POINT ( 'NONE',  ( 30.99999999999998579, -44.85228197649757931, 5.000000000000000000 ) ) ;
#2257 = ORIENTED_EDGE ( 'NONE', *, *, #1116, .F. ) ;
#2258 = EDGE_CURVE ( 'NONE', #958, #755, #5310, .T. ) ;
#2259 = DIRECTION ( 'NONE',  ( 0.000000000000000000, 0.000000000000000000, -1.000000000000000000 ) ) ;
#2260 = ORIENTED_EDGE ( 'NONE', *, *, #5037, .F. ) ;
#2261 = ORIENTED_EDGE ( 'NONE', *, *, #4079, .T. ) ;
#2262 = AXIS2_PLACEMENT_3D ( 'NONE', #687, #3579, #1657 ) ;
#2263 = CARTESIAN_POINT ( 'NONE',  ( 72.24567518903340613, 10.25328458272995213, 25.07857541331106077 ) ) ;
#2264 = ORIENTED_EDGE ( 'NONE', *, *, #4708, .T. ) ;
#2265 = VERTEX_POINT ( 'NONE', #27 ) ;
#2266 = VECTOR ( 'NONE', #1363, 999.9999999999998863 ) ;
#2267 = CARTESIAN_POINT ( 'NONE',  ( 71.16692151384302178, -3.557475234951000598, 12.00000000000000000 ) ) ;
#2268 = DIRECTION ( 'NONE',  ( 1.146174137548107193E-17, -1.000000000000000000, 0.000000000000000000 ) ) ;
#2269 = PLANE ( 'NONE',  #606 ) ;
#2270 = CARTESIAN_POINT ( 'NONE',  ( 26.74337694342612792, -54.61710555095711328, 9.999999999999996447 ) ) ;
#2271 = VECTOR ( 'NONE', #1787, 1000.000000000000000 ) ;
#2272 = AXIS2_PLACEMENT_3D ( 'NONE', #571, #3538, #5507 ) ;
#2273 = EDGE_CURVE ( 'NONE', #4984, #148, #2417, .T. ) ;
#2274 = ORIENTED_EDGE ( 'NONE', *, *, #1483, .F. ) ;
#2275 = AXIS2_PLACEMENT_3D ( 'NONE', #3755, #4357, #5335 ) ;
#2276 = LINE ( 'NONE', #4716, #4661 ) ;
#2277 = DIRECTION ( 'NONE',  ( 0.000000000000000000, 0.000000000000000000, -1.000000000000000000 ) ) ;
#2278 = AXIS2_PLACEMENT_3D ( 'NONE', #3380, #443, #4502 ) ;
#2279 = DIRECTION ( 'NONE',  ( -1.000000000000000000, 0.000000000000000000, 0.000000000000000000 ) ) ;
#2280 = DIRECTION ( 'NONE',  ( 1.000000000000000000, 0.000000000000000000, 0.000000000000000000 ) ) ;
#2281 = VECTOR ( 'NONE', #5548, 1000.000000000000000 ) ;
#2282 = VECTOR ( 'NONE', #4355, 1000.000000000000227 ) ;
#2283 = ORIENTED_EDGE ( 'NONE', *, *, #2067, .T. ) ;
#2284 = EDGE_LOOP ( 'NONE', ( #874, #4312 ) ) ;
#2285 = ADVANCED_FACE ( 'NONE', ( #3892 ), #2539, .T. ) ;
#2286 = ORIENTED_EDGE ( 'NONE', *, *, #392, .F. ) ;
#2287 = EDGE_CURVE ( 'NONE', #5906, #887, #1236, .T. ) ;
#2288 = CARTESIAN_POINT ( 'NONE',  ( 73.59639779449912567, -56.08284271247563879, 16.00000000000000000 ) ) ;
#2289 = ADVANCED_FACE ( 'NONE', ( #2054 ), #2971, .T. ) ;
#2290 = LINE ( 'NONE', #1373, #2179 ) ;
#2291 = VECTOR ( 'NONE', #4302, 1000.000000000000114 ) ;
#2292 = FACE_OUTER_BOUND ( 'NONE', #3840, .T. ) ;
#2293 = CARTESIAN_POINT ( 'NONE',  ( 36.79619915974624433, -2.248556042439250557, 10.00000000000000000 ) ) ;
#2294 = VECTOR ( 'NONE', #3981, 1000.000000000000000 ) ;
#2295 = ORIENTED_EDGE ( 'NONE', *, *, #4786, .T. ) ;
#2296 = LINE ( 'NONE', #4734, #615 ) ;
#2297 = CARTESIAN_POINT ( 'NONE',  ( -0.8000000000014093615, -6.445597856101884737, 9.999999999999996447 ) ) ;
#2298 = ORIENTED_EDGE ( 'NONE', *, *, #1894, .F. ) ;
#2299 = VECTOR ( 'NONE', #3859, 1000.000000000000000 ) ;
#2300 = PLANE ( 'NONE',  #3009 ) ;
#2301 = ORIENTED_EDGE ( 'NONE', *, *, #1321, .F. ) ;
#2302 = ORIENTED_EDGE ( 'NONE', *, *, #5584, .F. ) ;
#2303 = VECTOR ( 'NONE', #1744, 1000.000000000000000 ) ;
#2304 = EDGE_CURVE ( 'NONE', #1681, #2807, #4929, .T. ) ;
#2305 = DIRECTION ( 'NONE',  ( 0.0002604498311030193584, 0.9999999660829421710, 0.000000000000000000 ) ) ;
#2306 = CARTESIAN_POINT ( 'NONE',  ( -2.800000000001424905, -6.312601124913162387, 16.00000000000000000 ) ) ;
#2307 = DIRECTION ( 'NONE',  ( 0.000000000000000000, 0.000000000000000000, 1.000000000000000000 ) ) ;
#2308 = EDGE_CURVE ( 'NONE', #4514, #4281, #1965, .T. ) ;
#2309 = ORIENTED_EDGE ( 'NONE', *, *, #4982, .T. ) ;
#2310 = DIRECTION ( 'NONE',  ( 0.000000000000000000, 0.000000000000000000, -1.000000000000000000 ) ) ;
#2311 = CARTESIAN_POINT ( 'NONE',  ( 27.99999999999997868, -8.852281976497579308, 5.000000000000000000 ) ) ;
#2312 = CYLINDRICAL_SURFACE ( 'NONE', #4735, 3.100000000000005418 ) ;
#2313 = CARTESIAN_POINT ( 'NONE',  ( 76.17474980949853602, -6.201226790947191425, 16.00000000000000000 ) ) ;
#2314 = ORIENTED_EDGE ( 'NONE', *, *, #776, .F. ) ;
#2315 = ORIENTED_EDGE ( 'NONE', *, *, #1055, .T. ) ;
#2316 = CARTESIAN_POINT ( 'NONE',  ( 0.000000000000000000, -58.40000000000000568, 15.60000000000000320 ) ) ;
#2317 = LINE ( 'NONE', #3727, #4012 ) ;
#2318 = CARTESIAN_POINT ( 'NONE',  ( 0.07497917025898478971, -7.192840425492467382, 9.999999999999996447 ) ) ;
#2319 = FACE_OUTER_BOUND ( 'NONE', #5802, .T. ) ;
#2320 = EDGE_CURVE ( 'NONE', #5431, #5504, #3006, .T. ) ;
#2321 = EDGE_CURVE ( 'NONE', #5653, #3636, #4853, .T. ) ;
#2322 = ORIENTED_EDGE ( 'NONE', *, *, #4278, .F. ) ;
#2323 = PLANE ( 'NONE',  #5283 ) ;
#2324 = LINE ( 'NONE', #3381, #4332 ) ;
#2325 = LINE ( 'NONE', #4167, #5399 ) ;
#2326 = ORIENTED_EDGE ( 'NONE', *, *, #3688, .T. ) ;
#2327 = EDGE_CURVE ( 'NONE', #3303, #2330, #5688, .T. ) ;
#2328 = ORIENTED_EDGE ( 'NONE', *, *, #3965, .T. ) ;
#2329 = CARTESIAN_POINT ( 'NONE',  ( 27.59510887530268519, -55.80000000000088534, 9.199999999999999289 ) ) ;
#2330 = VERTEX_POINT ( 'NONE', #5500 ) ;
#2331 = CARTESIAN_POINT ( 'NONE',  ( 19.39497138503848461, 0.1533971646133859557, 9.999999999999996447 ) ) ;
#2332 = CARTESIAN_POINT ( 'NONE',  ( 35.19622377457027085, 0.1514522000035573024, 9.999999999999996447 ) ) ;
#2333 = ADVANCED_FACE ( 'NONE', ( #5926 ), #3499, .F. ) ;
#2334 = CARTESIAN_POINT ( 'NONE',  ( 0.000000000000000000, 0.000000000000000000, 5.000000000000000000 ) ) ;
#2335 = CARTESIAN_POINT ( 'NONE',  ( 3.888803657608006059, -3.557475234951000598, 3.600000000000000533 ) ) ;
#2336 = PLANE ( 'NONE',  #3933 ) ;
#2337 = DIRECTION ( 'NONE',  ( -1.000000000000000000, 0.000000000000000000, 0.000000000000000000 ) ) ;
#2338 = FACE_OUTER_BOUND ( 'NONE', #2928, .T. ) ;
#2339 = ADVANCED_FACE ( 'NONE', ( #5862 ), #5463, .F. ) ;
#2340 = DIRECTION ( 'NONE',  ( -0.000000000000000000, -0.000000000000000000, 1.000000000000000000 ) ) ;
#2341 = VERTEX_POINT ( 'NONE', #471 ) ;
#2342 = EDGE_LOOP ( 'NONE', ( #2102, #2635, #4414, #2745 ) ) ;
#2343 = CARTESIAN_POINT ( 'NONE',  ( 73.59475919609288042, -46.97508355977528538, 9.999999999999996447 ) ) ;
#2344 = LINE ( 'NONE', #5334, #524 ) ;
#2345 = CARTESIAN_POINT ( 'NONE',  ( 50.90385297342779580, -1.625102115043187245, 5.000000000000000000 ) ) ;
#2346 = LINE ( 'NONE', #1400, #1350 ) ;
#2347 = VERTEX_POINT ( 'NONE', #54 ) ;
#2348 = DIRECTION ( 'NONE',  ( -1.000000000000000000, 0.000000000000000000, 0.000000000000000000 ) ) ;
#2349 = ORIENTED_EDGE ( 'NONE', *, *, #4029, .T. ) ;
#2350 = EDGE_CURVE ( 'NONE', #2939, #1808, #2445, .T. ) ;
#2351 = DIRECTION ( 'NONE',  ( -0.000000000000000000, -0.000000000000000000, -1.000000000000000000 ) ) ;
#2352 = ORIENTED_EDGE ( 'NONE', *, *, #618, .F. ) ;
#2353 = LINE ( 'NONE', #4328, #4762 ) ;
#2354 = VECTOR ( 'NONE', #5550, 1000.000000000000000 ) ;
#2355 = ORIENTED_EDGE ( 'NONE', *, *, #5796, .F. ) ;
#2356 = ORIENTED_EDGE ( 'NONE', *, *, #2552, .T. ) ;
#2357 = ADVANCED_FACE ( 'NONE', ( #2480 ), #5953, .T. ) ;
#2358 = CARTESIAN_POINT ( 'NONE',  ( 5.474878816186600439, -6.746422458603144712, 5.000000000000000000 ) ) ;
#2359 = CIRCLE ( 'NONE', #1113, 3.100000000000005418 ) ;
#2360 = VERTEX_POINT ( 'NONE', #1499 ) ;
#2361 = CARTESIAN_POINT ( 'NONE',  ( 60.99999999999997158, -44.85228197649711035, -42.42640687119285303 ) ) ;
#2362 = DIRECTION ( 'NONE',  ( -1.000000000000000000, -3.278993685883010850E-15, 0.000000000000000000 ) ) ;
#2363 = VECTOR ( 'NONE', #807, 1000.000000000000114 ) ;
#2364 = ORIENTED_EDGE ( 'NONE', *, *, #5123, .F. ) ;
#2365 = CARTESIAN_POINT ( 'NONE',  ( 78.39999999999997726, -45.86976616585294408, 16.00000000000000000 ) ) ;
#2366 = CARTESIAN_POINT ( 'NONE',  ( 36.39619915974623865, 3.200000000000005063, 9.600000000000001421 ) ) ;
#2367 = CARTESIAN_POINT ( 'NONE',  ( 36.59619915974623439, 3.200000000000005063, 11.80000000000000426 ) ) ;
#2368 = LINE ( 'NONE', #3434, #5380 ) ;
#2369 = VECTOR ( 'NONE', #5766, 1000.000000000000000 ) ;
#2370 = AXIS2_PLACEMENT_3D ( 'NONE', #2297, #1876, #1380 ) ;
#2371 = LINE ( 'NONE', #4309, #1036 ) ;
#2372 = VERTEX_POINT ( 'NONE', #1473 ) ;
#2373 = AXIS2_PLACEMENT_3D ( 'NONE', #3805, #2425, #1357 ) ;
#2374 = AXIS2_PLACEMENT_3D ( 'NONE', #5029, #4050, #5557 ) ;
#2375 = EDGE_LOOP ( 'NONE', ( #5700, #5780 ) ) ;
#2376 = LINE ( 'NONE', #6395, #2155 ) ;
#2377 = DIRECTION ( 'NONE',  ( 0.7071067811865425767, -0.7071067811865525687, 0.000000000000000000 ) ) ;
#2378 = CARTESIAN_POINT ( 'NONE',  ( 0.9899215315246241431, -27.80966039065545203, 10.00000000000000000 ) ) ;
#2379 = VECTOR ( 'NONE', #6004, 1000.000000000000114 ) ;
#2380 = AXIS2_PLACEMENT_3D ( 'NONE', #4384, #4473, #5405 ) ;
#2381 = LINE ( 'NONE', #1470, #4656 ) ;
#2382 = ORIENTED_EDGE ( 'NONE', *, *, #634, .F. ) ;
#2383 = VECTOR ( 'NONE', #3871, 1000.000000000000000 ) ;
#2384 = CARTESIAN_POINT ( 'NONE',  ( 78.39999999999999147, -1.954248784846597769E-14, 12.00000000000000000 ) ) ;
#2385 = VECTOR ( 'NONE', #5803, 1000.000000000000114 ) ;
#2386 = EDGE_CURVE ( 'NONE', #2091, #5969, #3004, .T. ) ;
#2387 = DIRECTION ( 'NONE',  ( 0.000000000000000000, 0.000000000000000000, 1.000000000000000000 ) ) ;
#2388 = CARTESIAN_POINT ( 'NONE',  ( 93.68992205528429906, -30.57984411056863649, 0.3100779447156899460 ) ) ;
#2389 = PLANE ( 'NONE',  #2494 ) ;
#2390 = VECTOR ( 'NONE', #5592, 1000.000000000000114 ) ;
#2391 = ORIENTED_EDGE ( 'NONE', *, *, #2596, .T. ) ;
#2392 = EDGE_CURVE ( 'NONE', #1403, #1862, #2024, .T. ) ;
#2393 = ORIENTED_EDGE ( 'NONE', *, *, #1415, .T. ) ;
#2394 = VECTOR ( 'NONE', #5088, 1000.000000000000000 ) ;
#2395 = LINE ( 'NONE', #5318, #5269 ) ;
#2396 = ORIENTED_EDGE ( 'NONE', *, *, #3509, .F. ) ;
#2397 = CARTESIAN_POINT ( 'NONE',  ( 0.7888036576080060813, -3.557475234951000598, 7.600000000000000533 ) ) ;
#2398 = DIRECTION ( 'NONE',  ( 0.000000000000000000, 0.000000000000000000, -1.000000000000000000 ) ) ;
#2399 = EDGE_CURVE ( 'NONE', #1910, #887, #565, .T. ) ;
#2400 = VECTOR ( 'NONE', #5010, 999.9999999999998863 ) ;
#2401 = EDGE_CURVE ( 'NONE', #4984, #1383, #6017, .T. ) ;
#2402 = EDGE_CURVE ( 'NONE', #3542, #557, #3094, .T. ) ;
#2403 = ORIENTED_EDGE ( 'NONE', *, *, #2401, .T. ) ;
#2404 = VERTEX_POINT ( 'NONE', #3134 ) ;
#2405 = PLANE ( 'NONE',  #28 ) ;
#2406 = DIRECTION ( 'NONE',  ( -1.000000000000000000, 0.000000000000000000, 0.000000000000000000 ) ) ;
#2407 = DIRECTION ( 'NONE',  ( -1.927470528863118802E-16, 1.000000000000000000, 0.000000000000000000 ) ) ;
#2408 = CARTESIAN_POINT ( 'NONE',  ( 35.19619915974622870, 0.1514275851795284233, 10.00000000000000000 ) ) ;
#2409 = VERTEX_POINT ( 'NONE', #3559 ) ;
#2410 = ORIENTED_EDGE ( 'NONE', *, *, #1672, .F. ) ;
#2411 = VERTEX_POINT ( 'NONE', #5624 ) ;
#2412 = DIRECTION ( 'NONE',  ( -2.168404344971007142E-16, 1.000000000000000000, 0.000000000000000000 ) ) ;
#2413 = PLANE ( 'NONE',  #2380 ) ;
#2414 = DIRECTION ( 'NONE',  ( -2.962157971162378387E-14, 1.000000000000000000, 0.000000000000000000 ) ) ;
#2415 = DIRECTION ( 'NONE',  ( 0.7071067811865477948, -0.7071067811865473507, -0.000000000000000000 ) ) ;
#2416 = ORIENTED_EDGE ( 'NONE', *, *, #2453, .F. ) ;
#2417 = LINE ( 'NONE', #1934, #6003 ) ;
#2418 = ORIENTED_EDGE ( 'NONE', *, *, #1306, .F. ) ;
#2419 = PLANE ( 'NONE',  #2370 ) ;
#2420 = DIRECTION ( 'NONE',  ( 0.7100637267678097109, 0.7041374183556851074, -0.000000000000000000 ) ) ;
#2421 = ORIENTED_EDGE ( 'NONE', *, *, #2524, .T. ) ;
#2422 = VERTEX_POINT ( 'NONE', #632 ) ;
#2423 = CARTESIAN_POINT ( 'NONE',  ( 5.999999999999984013, -44.85228197649788484, -42.42640687119285303 ) ) ;
#2424 = ORIENTED_EDGE ( 'NONE', *, *, #1597, .F. ) ;
#2425 = DIRECTION ( 'NONE',  ( 0.7071067811865449082, 0.000000000000000000, 0.7071067811865502373 ) ) ;
#2426 = CARTESIAN_POINT ( 'NONE',  ( 71.43229665471818635, -6.817891827453896880, 10.00000000000000000 ) ) ;
#2427 = CARTESIAN_POINT ( 'NONE',  ( 63.99999999999997158, -44.85228197649711035, -42.42640687119285303 ) ) ;
#2428 = ORIENTED_EDGE ( 'NONE', *, *, #1970, .T. ) ;
#2429 = LINE ( 'NONE', #5355, #6339 ) ;
#2430 = FACE_OUTER_BOUND ( 'NONE', #3842, .T. ) ;
#2431 = EDGE_CURVE ( 'NONE', #4840, #4718, #5133, .T. ) ;
#2432 = DIRECTION ( 'NONE',  ( 1.000000000000000000, 0.000000000000000000, 0.000000000000000000 ) ) ;
#2433 = DIRECTION ( 'NONE',  ( 1.000000000000000000, 0.000000000000000000, 0.000000000000000000 ) ) ;
#2434 = ORIENTED_EDGE ( 'NONE', *, *, #1331, .F. ) ;
#2435 = ORIENTED_EDGE ( 'NONE', *, *, #3589, .T. ) ;
#2436 = DIRECTION ( 'NONE',  ( -0.6785983445458768637, -0.2810846377146763997, -0.6785983445458768637 ) ) ;
#2437 = EDGE_CURVE ( 'NONE', #1309, #1371, #249, .T. ) ;
#2438 = DIRECTION ( 'NONE',  ( 0.4999999999999991118, 0.4999999999999941158, -0.7071067811865523467 ) ) ;
#2439 = ADVANCED_FACE ( 'NONE', ( #695 ), #3660, .F. ) ;
#2440 = EDGE_CURVE ( 'NONE', #1790, #5312, #5655, .T. ) ;
#2441 = FACE_OUTER_BOUND ( 'NONE', #5800, .T. ) ;
#2442 = CARTESIAN_POINT ( 'NONE',  ( 50.04526237357385554, -1.625102115043172812, 10.00000000000000000 ) ) ;
#2443 = VERTEX_POINT ( 'NONE', #4110 ) ;
#2444 = CARTESIAN_POINT ( 'NONE',  ( 71.16692151384302178, -51.58491490983000460, 3.600000000000000533 ) ) ;
#2445 = LINE ( 'NONE', #4417, #312 ) ;
#2446 = ORIENTED_EDGE ( 'NONE', *, *, #1886, .F. ) ;
#2447 = EDGE_CURVE ( 'NONE', #5000, #173, #2608, .T. ) ;
#2448 = DIRECTION ( 'NONE',  ( 1.000000000000000000, -0.000000000000000000, -0.000000000000000000 ) ) ;
#2449 = VERTEX_POINT ( 'NONE', #4629 ) ;
#2450 = VERTEX_POINT ( 'NONE', #3533 ) ;
#2451 = EDGE_CURVE ( 'NONE', #5765, #5059, #1648, .T. ) ;
#2452 = CARTESIAN_POINT ( 'NONE',  ( 3.888803657608006059, -51.58491490983000460, 10.00000000000000000 ) ) ;
#2453 = EDGE_CURVE ( 'NONE', #6330, #3626, #594, .T. ) ;
#2454 = ORIENTED_EDGE ( 'NONE', *, *, #3089, .F. ) ;
#2455 = CARTESIAN_POINT ( 'NONE',  ( 0.000000000000000000, -45.86976616585294408, 12.00000000000000000 ) ) ;
#2456 = DIRECTION ( 'NONE',  ( 9.324293839476709654E-05, 0.9999999956528771161, 0.000000000000000000 ) ) ;
#2457 = VECTOR ( 'NONE', #5654, 1000.000000000000000 ) ;
#2458 = DIRECTION ( 'NONE',  ( -0.000000000000000000, -0.000000000000000000, 1.000000000000000000 ) ) ;
#2459 = VERTEX_POINT ( 'NONE', #5551 ) ;
#2460 = DIRECTION ( 'NONE',  ( 0.9999999660829421710, -0.0002604498311030194126, 0.000000000000000000 ) ) ;
#2461 = CARTESIAN_POINT ( 'NONE',  ( 73.11707431616366648, -52.23796003880033822, 12.94232450666461709 ) ) ;
#2462 = ADVANCED_FACE ( 'NONE', ( #6076 ), #4157, .F. ) ;
#2463 = DIRECTION ( 'NONE',  ( 0.000000000000000000, 1.000000000000000000, 0.000000000000000000 ) ) ;
#2464 = LINE ( 'NONE', #2408, #4750 ) ;
#2465 = VECTOR ( 'NONE', #5227, 999.9999999999998863 ) ;
#2466 = ADVANCED_FACE ( 'NONE', ( #1211 ), #3190, .F. ) ;
#2467 = ADVANCED_FACE ( 'NONE', ( #1566 ), #5589, .F. ) ;
#2468 = VERTEX_POINT ( 'NONE', #3162 ) ;
#2469 = PLANE ( 'NONE',  #2672 ) ;
#2470 = AXIS2_PLACEMENT_3D ( 'NONE', #363, #458, #2406 ) ;
#2471 = CARTESIAN_POINT ( 'NONE',  ( -0.8000000000014093615, -4.312601124913160611, 12.00000000000000000 ) ) ;
#2472 = DIRECTION ( 'NONE',  ( 2.409338161078898811E-17, -1.000000000000000000, 0.000000000000000000 ) ) ;
#2473 = LINE ( 'NONE', #103, #1462 ) ;
#2474 = VECTOR ( 'NONE', #5977, 1000.000000000000114 ) ;
#2475 = VECTOR ( 'NONE', #151, 1000.000000000000114 ) ;
#2476 = PRODUCT_RELATED_PRODUCT_CATEGORY ( 'part', '', ( #5790 ) ) ;
#2477 = EDGE_CURVE ( 'NONE', #4514, #5110, #1150, .T. ) ;
#2478 = VERTEX_POINT ( 'NONE', #1594 ) ;
#2479 = CARTESIAN_POINT ( 'NONE',  ( 50.70311946457120911, -55.80000000000088534, 9.199999999999999289 ) ) ;
#2480 = FACE_OUTER_BOUND ( 'NONE', #1257, .T. ) ;
#2481 = AXIS2_PLACEMENT_3D ( 'NONE', #1272, #6243, #1368 ) ;
#2482 = VECTOR ( 'NONE', #4803, 1000.000000000000000 ) ;
#2483 = CARTESIAN_POINT ( 'NONE',  ( 3.888803657608006059, -3.557475234951000598, 7.600000000000000533 ) ) ;
#2484 = EDGE_LOOP ( 'NONE', ( #4449, #666, #5390, #719 ) ) ;
#2485 = VECTOR ( 'NONE', #6142, 999.9999999999998863 ) ;
#2486 = VECTOR ( 'NONE', #5054, 1000.000000000000000 ) ;
#2487 = EDGE_LOOP ( 'NONE', ( #3385, #3158, #756, #1727 ) ) ;
#2488 = DIRECTION ( 'NONE',  ( -1.000000000000000000, 0.000000000000000000, 0.000000000000000000 ) ) ;
#2489 = DIRECTION ( 'NONE',  ( 0.000000000000000000, 0.000000000000000000, -1.000000000000000000 ) ) ;
#2490 = ORIENTED_EDGE ( 'NONE', *, *, #2013, .F. ) ;
#2491 = CARTESIAN_POINT ( 'NONE',  ( 36.59619915974623439, -2.048506802185684261, 9.600000000000001421 ) ) ;
#2492 = VECTOR ( 'NONE', #5422, 1000.000000000000114 ) ;
#2493 = CARTESIAN_POINT ( 'NONE',  ( 60.99999999999997868, -8.852281976497117455, -42.42640687119285303 ) ) ;
#2494 = AXIS2_PLACEMENT_3D ( 'NONE', #1382, #1444, #3864 ) ;
#2495 = DIRECTION ( 'NONE',  ( -1.000000000000000000, 0.000000000000000000, -0.000000000000000000 ) ) ;
#2496 = EDGE_LOOP ( 'NONE', ( #380, #658, #2548, #5424 ) ) ;
#2497 = DIRECTION ( 'NONE',  ( 0.000000000000000000, 1.000000000000000000, -0.000000000000000000 ) ) ;
#2498 = DIRECTION ( 'NONE',  ( 0.000000000000000000, 0.000000000000000000, 1.000000000000000000 ) ) ;
#2499 = DIRECTION ( 'NONE',  ( 0.000000000000000000, 1.000000000000000000, 0.000000000000000000 ) ) ;
#2500 = LINE ( 'NONE', #3024, #5289 ) ;
#2501 = VECTOR ( 'NONE', #622, 1000.000000000000000 ) ;
#2502 = EDGE_CURVE ( 'NONE', #4073, #1859, #5098, .T. ) ;
#2503 = EDGE_CURVE ( 'NONE', #1313, #3860, #175, .T. ) ;
#2504 = ORIENTED_EDGE ( 'NONE', *, *, #1114, .T. ) ;
#2505 = VECTOR ( 'NONE', #3432, 1000.000000000000000 ) ;
#2506 = CARTESIAN_POINT ( 'NONE',  ( 76.46483265588611289, -1.400643883922105815, 16.29008284638757331 ) ) ;
#2507 = CARTESIAN_POINT ( 'NONE',  ( 11.60001972201878750, -55.80000000000053006, 9.999999999999998224 ) ) ;
#2508 = DIRECTION ( 'NONE',  ( 5.385296291631732790E-14, 1.000000000000000000, 0.000000000000000000 ) ) ;
#2509 = EDGE_CURVE ( 'NONE', #1231, #3657, #828, .T. ) ;
#2510 = ORIENTED_EDGE ( 'NONE', *, *, #2509, .T. ) ;
#2511 =( LENGTH_UNIT ( ) NAMED_UNIT ( * ) SI_UNIT ( .MILLI., .METRE. ) );
#2512 = DIRECTION ( 'NONE',  ( 0.000000000000000000, 0.000000000000000000, 1.000000000000000000 ) ) ;
#2513 = EDGE_CURVE ( 'NONE', #6261, #3340, #1246, .T. ) ;
#2514 = EDGE_CURVE ( 'NONE', #647, #4233, #2344, .T. ) ;
#2515 = ADVANCED_FACE ( 'NONE', ( #894 ), #3754, .T. ) ;
#2516 = EDGE_CURVE ( 'NONE', #6319, #2201, #2252, .T. ) ;
#2517 = CARTESIAN_POINT ( 'NONE',  ( -0.01422320132031760012, -54.61013653828232606, 9.199999999999999289 ) ) ;
#2518 = ORIENTED_EDGE ( 'NONE', *, *, #3418, .F. ) ;
#2519 = ORIENTED_EDGE ( 'NONE', *, *, #1439, .F. ) ;
#2520 = DIRECTION ( 'NONE',  ( -0.000000000000000000, -0.000000000000000000, 1.000000000000000000 ) ) ;
#2521 = FACE_OUTER_BOUND ( 'NONE', #3662, .T. ) ;
#2522 = VERTEX_POINT ( 'NONE', #6214 ) ;
#2523 = LINE ( 'NONE', #3070, #3403 ) ;
#2524 = EDGE_CURVE ( 'NONE', #3907, #2443, #343, .T. ) ;
#2525 = PLANE ( 'NONE',  #6115 ) ;
#2526 = PLANE ( 'NONE',  #3891 ) ;
#2527 = ORIENTED_EDGE ( 'NONE', *, *, #1460, .T. ) ;
#2528 = CARTESIAN_POINT ( 'NONE',  ( -3.400000000000017675, -57.33725830020303249, 15.60000000000000320 ) ) ;
#2529 = CARTESIAN_POINT ( 'NONE',  ( 35.39619915974623154, 0.3514275851795233274, 11.80000000000000782 ) ) ;
#2530 = CYLINDRICAL_SURFACE ( 'NONE', #2158, 3.000000000000002665 ) ;
#2531 = CARTESIAN_POINT ( 'NONE',  ( 66.31952070086401818, -5.625102115043186579, 5.000000000000000000 ) ) ;
#2532 = ORIENTED_EDGE ( 'NONE', *, *, #2857, .F. ) ;
#2533 = CARTESIAN_POINT ( 'NONE',  ( 0.000000000000000000, 0.000000000000000000, 10.00000000000000000 ) ) ;
#2534 = CARTESIAN_POINT ( 'NONE',  ( 73.21941294640096487, 0.8688513050426650564, 9.999999999999996447 ) ) ;
#2535 = FACE_OUTER_BOUND ( 'NONE', #3874, .T. ) ;
#2536 = EDGE_LOOP ( 'NONE', ( #1220, #642, #4880, #493 ) ) ;
#2537 = ADVANCED_FACE ( 'NONE', ( #1277 ), #1801, .T. ) ;
#2538 = DIRECTION ( 'NONE',  ( -0.6785983445458501073, 0.2810846377148056296, 0.6785983445458501073 ) ) ;
#2539 = PLANE ( 'NONE',  #517 ) ;
#2540 = ADVANCED_FACE ( 'NONE', ( #1865 ), #5686, .F. ) ;
#2541 = LINE ( 'NONE', #2517, #2390 ) ;
#2542 = EDGE_LOOP ( 'NONE', ( #5186, #112, #1719, #749 ) ) ;
#2543 = EDGE_CURVE ( 'NONE', #3510, #3763, #309, .T. ) ;
#2544 = ORIENTED_EDGE ( 'NONE', *, *, #4808, .F. ) ;
#2545 = EDGE_CURVE ( 'NONE', #1977, #3447, #6304, .T. ) ;
#2546 = CARTESIAN_POINT ( 'NONE',  ( 19.39497138503848461, 0.1533971646133859557, 9.999999999999996447 ) ) ;
#2547 = DIRECTION ( 'NONE',  ( -0.000000000000000000, -0.000000000000000000, 1.000000000000000000 ) ) ;
#2548 = ORIENTED_EDGE ( 'NONE', *, *, #5814, .F. ) ;
#2549 = FACE_OUTER_BOUND ( 'NONE', #2156, .T. ) ;
#2550 = DIRECTION ( 'NONE',  ( 0.000000000000000000, 0.000000000000000000, 1.000000000000000000 ) ) ;
#2551 = ORIENTED_EDGE ( 'NONE', *, *, #23, .T. ) ;
#2552 = EDGE_CURVE ( 'NONE', #2711, #988, #2290, .T. ) ;
#2553 = DIRECTION ( 'NONE',  ( -0.000000000000000000, 0.000000000000000000, 1.000000000000000000 ) ) ;
#2554 = ORIENTED_EDGE ( 'NONE', *, *, #4753, .T. ) ;
#2555 = CARTESIAN_POINT ( 'NONE',  ( 35.59617454189255881, -2.248408332285959599, 9.400000000000009237 ) ) ;
#2556 = CARTESIAN_POINT ( 'NONE',  ( 0.000000000000000000, -58.40000000000000568, 15.60000000000000320 ) ) ;
#2557 = CARTESIAN_POINT ( 'NONE',  ( 1.661194727475413968, 0.7747091694185704869, 15.60000000000000320 ) ) ;
#2558 = DIRECTION ( 'NONE',  ( -0.000000000000000000, 1.000000000000000000, -0.000000000000000000 ) ) ;
#2559 = AXIS2_PLACEMENT_3D ( 'NONE', #2151, #5623, #1767 ) ;
#2560 = ORIENTED_EDGE ( 'NONE', *, *, #3927, .T. ) ;
#2561 = DIRECTION ( 'NONE',  ( -0.000000000000000000, -0.000000000000000000, 1.000000000000000000 ) ) ;
#2562 = CARTESIAN_POINT ( 'NONE',  ( 69.08286859082157605, -55.80000000000099902, 9.999999999999998224 ) ) ;
#2563 = DIRECTION ( 'NONE',  ( -0.7041374183556852184, 0.7100637267678097109, 0.000000000000000000 ) ) ;
#2564 = VECTOR ( 'NONE', #5822, 1000.000000000000000 ) ;
#2565 = CARTESIAN_POINT ( 'NONE',  ( 69.42844382976136330, -48.13817845388539496, 20.01838090617253485 ) ) ;
#2566 = VECTOR ( 'NONE', #5357, 1000.000000000000000 ) ;
#2567 = EDGE_CURVE ( 'NONE', #3488, #5137, #5305, .T. ) ;
#2568 = ORIENTED_EDGE ( 'NONE', *, *, #2402, .F. ) ;
#2569 = FACE_OUTER_BOUND ( 'NONE', #3185, .T. ) ;
#2570 = DIRECTION ( 'NONE',  ( -1.000000000000000000, 0.000000000000000000, 0.000000000000000000 ) ) ;
#2571 = VECTOR ( 'NONE', #2499, 1000.000000000000000 ) ;
#2572 = AXIS2_PLACEMENT_3D ( 'NONE', #2097, #771, #1256 ) ;
#2573 = CARTESIAN_POINT ( 'NONE',  ( 73.31355508202469196, 0.7747091694188842359, 9.999999999999996447 ) ) ;
#2574 = EDGE_LOOP ( 'NONE', ( #1106, #4142, #1766, #2396 ) ) ;
#2575 = AXIS2_PLACEMENT_3D ( 'NONE', #6104, #689, #5020 ) ;
#2576 = VECTOR ( 'NONE', #2120, 1000.000000000000000 ) ;
#2577 = CARTESIAN_POINT ( 'NONE',  ( 76.05797395923495685, -48.87850514188642137, 16.00000000000000000 ) ) ;
#2578 = DIRECTION ( 'NONE',  ( 0.000000000000000000, 1.000000000000000000, 0.000000000000000000 ) ) ;
#2579 = ORIENTED_EDGE ( 'NONE', *, *, #530, .F. ) ;
#2580 = CARTESIAN_POINT ( 'NONE',  ( 36.79622378063064048, 0.1512552571720147399, 9.999999999999996447 ) ) ;
#2581 = PLANE ( 'NONE',  #1144 ) ;
#2582 = VECTOR ( 'NONE', #4032, 1000.000000000000000 ) ;
#2583 = VECTOR ( 'NONE', #3816, 1000.000000000000000 ) ;
#2584 = ORIENTED_EDGE ( 'NONE', *, *, #4455, .T. ) ;
#2585 = ORIENTED_EDGE ( 'NONE', *, *, #1896, .F. ) ;
#2586 = DIRECTION ( 'NONE',  ( 0.7071067811865483499, 0.7071067811865466846, 0.000000000000000000 ) ) ;
#2587 = ORIENTED_EDGE ( 'NONE', *, *, #3686, .F. ) ;
#2588 = VECTOR ( 'NONE', #186, 1000.000000000000000 ) ;
#2589 = LINE ( 'NONE', #2104, #2198 ) ;
#2590 = DIRECTION ( 'NONE',  ( -0.000000000000000000, -0.000000000000000000, 1.000000000000000000 ) ) ;
#2591 = DIRECTION ( 'NONE',  ( 0.000000000000000000, 0.000000000000000000, 1.000000000000000000 ) ) ;
#2592 = EDGE_CURVE ( 'NONE', #2149, #3694, #2810, .T. ) ;
#2593 = CARTESIAN_POINT ( 'NONE',  ( 36.79619915823114695, -2.248556042439064040, 10.00000000000000000 ) ) ;
#2594 = EDGE_CURVE ( 'NONE', #1463, #1699, #2317, .T. ) ;
#2595 = DIRECTION ( 'NONE',  ( 0.7071067811865500152, -0.7071067811865450192, 0.000000000000000000 ) ) ;
#2596 = EDGE_CURVE ( 'NONE', #36, #5924, #2221, .T. ) ;
#2597 = CIRCLE ( 'NONE', #2185, 1.700000000000000178 ) ;
#2598 = ORIENTED_EDGE ( 'NONE', *, *, #3997, .T. ) ;
#2599 = CARTESIAN_POINT ( 'NONE',  ( -0.7999999999999742872, -29.61728517063269805, 9.999999999999996447 ) ) ;
#2600 = DIRECTION ( 'NONE',  ( -0.7086689616036376815, -0.7055411418617782981, 0.000000000000000000 ) ) ;
#2601 = LINE ( 'NONE', #3553, #5394 ) ;
#2602 = VECTOR ( 'NONE', #4898, 1000.000000000000000 ) ;
#2603 = FACE_OUTER_BOUND ( 'NONE', #1082, .T. ) ;
#2604 = VECTOR ( 'NONE', #6231, 1000.000000000000000 ) ;
#2605 = VERTEX_POINT ( 'NONE', #4256 ) ;
#2606 = ORIENTED_EDGE ( 'NONE', *, *, #5352, .F. ) ;
#2607 = CARTESIAN_POINT ( 'NONE',  ( 45.23389145840145176, 9.991035465034800112, 10.00000000000001776 ) ) ;
#2608 = LINE ( 'NONE', #4076, #5484 ) ;
#2609 = DIRECTION ( 'NONE',  ( -0.7071067811865497932, -0.7071067811865453523, 0.000000000000000000 ) ) ;
#2610 = EDGE_CURVE ( 'NONE', #4844, #2963, #4186, .T. ) ;
#2611 = ORIENTED_EDGE ( 'NONE', *, *, #3828, .T. ) ;
#2612 = EDGE_LOOP ( 'NONE', ( #4900, #1179, #4645, #4674 ) ) ;
#2613 = DIRECTION ( 'NONE',  ( -0.000000000000000000, -0.000000000000000000, -1.000000000000000000 ) ) ;
#2614 = ORIENTED_EDGE ( 'NONE', *, *, #5015, .F. ) ;
#2615 = EDGE_CURVE ( 'NONE', #4281, #557, #6176, .T. ) ;
#2616 = FACE_OUTER_BOUND ( 'NONE', #1145, .T. ) ;
#2617 = ORIENTED_EDGE ( 'NONE', *, *, #3868, .T. ) ;
#2618 = CARTESIAN_POINT ( 'NONE',  ( -3.004995330730501646E-12, -55.79999999999990479, 9.199999999999999289 ) ) ;
#2619 = CARTESIAN_POINT ( 'NONE',  ( 69.46692151384301894, -3.557475234951000598, 12.00000000000000000 ) ) ;
#2620 = ORIENTED_EDGE ( 'NONE', *, *, #5270, .F. ) ;
#2621 = DIRECTION ( 'NONE',  ( 0.7071067811865495711, -0.7071067811865455743, 0.000000000000000000 ) ) ;
#2622 = ORIENTED_EDGE ( 'NONE', *, *, #1080, .T. ) ;
#2623 = CARTESIAN_POINT ( 'NONE',  ( 0.07132471442414657636, -25.66562414433728634, 9.999999999999996447 ) ) ;
#2624 = CARTESIAN_POINT ( 'NONE',  ( 5.588803657608005793, -3.557475234951000598, 12.00000000000000000 ) ) ;
#2625 = CARTESIAN_POINT ( 'NONE',  ( 12.46155956311777580, -53.81338582677275184, 9.999999999999994671 ) ) ;
#2626 = CARTESIAN_POINT ( 'NONE',  ( 8.999999999999982236, -8.852281976497886617, -42.42640687119285303 ) ) ;
#2627 = LINE ( 'NONE', #4583, #331 ) ;
#2628 = ORIENTED_EDGE ( 'NONE', *, *, #2676, .F. ) ;
#2629 = EDGE_CURVE ( 'NONE', #3694, #6120, #5783, .T. ) ;
#2630 = ORIENTED_EDGE ( 'NONE', *, *, #1839, .F. ) ;
#2631 = DIRECTION ( 'NONE',  ( 0.000000000000000000, 0.000000000000000000, -1.000000000000000000 ) ) ;
#2632 = PLANE ( 'NONE',  #5153 ) ;
#2633 = DIRECTION ( 'NONE',  ( -0.7071067811865475727, 0.000000000000000000, 0.7071067811865475727 ) ) ;
#2634 = CARTESIAN_POINT ( 'NONE',  ( 3.888803657608006059, -3.557475234951000598, 10.00000000000000000 ) ) ;
#2635 = ORIENTED_EDGE ( 'NONE', *, *, #5408, .T. ) ;
#2636 = ORIENTED_EDGE ( 'NONE', *, *, #5973, .T. ) ;
#2637 = DIRECTION ( 'NONE',  ( -0.9999999924245159821, 0.0001230892683154107155, 0.000000000000000000 ) ) ;
#2638 = EDGE_CURVE ( 'NONE', #5865, #2522, #2840, .T. ) ;
#2639 = DIRECTION ( 'NONE',  ( -0.000000000000000000, -0.000000000000000000, 1.000000000000000000 ) ) ;
#2640 = CARTESIAN_POINT ( 'NONE',  ( 54.38297283812173788, -52.13447670935892830, 5.000000000000000000 ) ) ;
#2641 = ORIENTED_EDGE ( 'NONE', *, *, #3235, .F. ) ;
#2642 = ORIENTED_EDGE ( 'NONE', *, *, #941, .F. ) ;
#2643 = EDGE_CURVE ( 'NONE', #2016, #647, #5856, .T. ) ;
#2644 = DIRECTION ( 'NONE',  ( 1.000000000000000000, -0.000000000000000000, 0.000000000000000000 ) ) ;
#2645 = ORIENTED_EDGE ( 'NONE', *, *, #1563, .F. ) ;
#2646 = LINE ( 'NONE', #4601, #1029 ) ;
#2647 = ORIENTED_EDGE ( 'NONE', *, *, #2886, .F. ) ;
#2648 = FACE_OUTER_BOUND ( 'NONE', #2712, .T. ) ;
#2649 = DIRECTION ( 'NONE',  ( -2.962157971162378387E-14, 1.000000000000000000, 0.000000000000000000 ) ) ;
#2650 = ORIENTED_EDGE ( 'NONE', *, *, #3027, .F. ) ;
#2651 = CARTESIAN_POINT ( 'NONE',  ( 36.39619915974623865, 3.399999999999999911, 9.400000000000009237 ) ) ;
#2652 = VERTEX_POINT ( 'NONE', #437 ) ;
#2653 = LINE ( 'NONE', #5114, #1262 ) ;
#2654 = CARTESIAN_POINT ( 'NONE',  ( 55.99999999999998579, -44.85228197649726667, 3.599999999999999201 ) ) ;
#2655 = CARTESIAN_POINT ( 'NONE',  ( 74.22835715607301665, -47.04394354401404144, 16.00000000000000000 ) ) ;
#2656 = CARTESIAN_POINT ( 'NONE',  ( 11.99999999999998046, -8.852281976497886617, 3.599999999999999201 ) ) ;
#2657 = PLANE ( 'NONE',  #24 ) ;
#2658 = ORIENTED_EDGE ( 'NONE', *, *, #4208, .F. ) ;
#2659 = ORIENTED_EDGE ( 'NONE', *, *, #3678, .F. ) ;
#2660 = VECTOR ( 'NONE', #5566, 999.9999999999998863 ) ;
#2661 = ORIENTED_EDGE ( 'NONE', *, *, #2308, .F. ) ;
#2662 = PLANE ( 'NONE',  #4359 ) ;
#2663 = CARTESIAN_POINT ( 'NONE',  ( 36.79619915974622302, 3.399999999999999911, 12.00000000000000000 ) ) ;
#2664 = FACE_OUTER_BOUND ( 'NONE', #5664, .T. ) ;
#2665 = CARTESIAN_POINT ( 'NONE',  ( 0.000000000000000000, -8.737699060429038767, 12.00000000000000000 ) ) ;
#2666 = VECTOR ( 'NONE', #5097, 999.9999999999998863 ) ;
#2667 = EDGE_CURVE ( 'NONE', #3312, #4984, #1992, .T. ) ;
#2668 = ORIENTED_EDGE ( 'NONE', *, *, #3439, .F. ) ;
#2669 = EDGE_LOOP ( 'NONE', ( #5893, #265, #5442, #157 ) ) ;
#2670 = VERTEX_POINT ( 'NONE', #4896 ) ;
#2671 = CYLINDRICAL_SURFACE ( 'NONE', #1520, 3.000000000000002665 ) ;
#2672 = AXIS2_PLACEMENT_3D ( 'NONE', #5456, #4865, #4443 ) ;
#2673 = CARTESIAN_POINT ( 'NONE',  ( 1.528057642485550094, 0.7747091694185666011, 11.99999999999999645 ) ) ;
#2674 = DIRECTION ( 'NONE',  ( 0.000000000000000000, 0.000000000000000000, 1.000000000000000000 ) ) ;
#2675 = ADVANCED_FACE ( 'NONE', ( #2019 ), #3948, .F. ) ;
#2676 = EDGE_CURVE ( 'NONE', #4564, #4296, #5947, .T. ) ;
#2677 = VECTOR ( 'NONE', #1265, 1000.000000000000000 ) ;
#2678 = ORIENTED_EDGE ( 'NONE', *, *, #1153, .T. ) ;
#2679 = EDGE_CURVE ( 'NONE', #5478, #3258, #496, .T. ) ;
#2680 = VERTEX_POINT ( 'NONE', #4867 ) ;
#2681 = DIRECTION ( 'NONE',  ( -5.385296291631731528E-14, -1.000000000000000000, 0.000000000000000000 ) ) ;
#2682 = ORIENTED_EDGE ( 'NONE', *, *, #1809, .F. ) ;
#2683 = VECTOR ( 'NONE', #1550, 1000.000000000000000 ) ;
#2684 = DIRECTION ( 'NONE',  ( -0.3816615243879873942, 0.9243021588213661266, -2.004260817254284227E-15 ) ) ;
#2685 = VECTOR ( 'NONE', #5069, 1000.000000000000000 ) ;
#2686 = ORIENTED_EDGE ( 'NONE', *, *, #5152, .T. ) ;
#2687 = ORIENTED_EDGE ( 'NONE', *, *, #6401, .T. ) ;
#2688 = LINE ( 'NONE', #4730, #1753 ) ;
#2689 = CARTESIAN_POINT ( 'NONE',  ( 78.33567014786429183, 0.3106120029829634310, 15.66432985213571705 ) ) ;
#2690 = VERTEX_POINT ( 'NONE', #1468 ) ;
#2691 = VECTOR ( 'NONE', #3987, 1000.000000000000000 ) ;
#2692 = VECTOR ( 'NONE', #6053, 1000.000000000000000 ) ;
#2693 = ORIENTED_EDGE ( 'NONE', *, *, #746, .F. ) ;
#2694 = FACE_OUTER_BOUND ( 'NONE', #3866, .T. ) ;
#2695 = ORIENTED_EDGE ( 'NONE', *, *, #5048, .T. ) ;
#2696 = FACE_OUTER_BOUND ( 'NONE', #2375, .T. ) ;
#2697 = CARTESIAN_POINT ( 'NONE',  ( 67.42844382976137751, -52.13817845388540206, 20.01838090617253485 ) ) ;
#2698 = LINE ( 'NONE', #1686, #1549 ) ;
#2699 = VECTOR ( 'NONE', #3971, 1000.000000000000000 ) ;
#2700 = VECTOR ( 'NONE', #5103, 999.9999999999998863 ) ;
#2701 = DIRECTION ( 'NONE',  ( -0.7071067811865477948, -0.7071067811865473507, -0.000000000000000000 ) ) ;
#2702 = VECTOR ( 'NONE', #5807, 1000.000000000000000 ) ;
#2703 = AXIS2_PLACEMENT_3D ( 'NONE', #4760, #3304, #5676 ) ;
#2704 = VERTEX_POINT ( 'NONE', #1398 ) ;
#2705 = DIRECTION ( 'NONE',  ( 1.000000000000000000, 0.000000000000000000, 0.000000000000000000 ) ) ;
#2706 = DIRECTION ( 'NONE',  ( 0.000000000000000000, 0.000000000000000000, -1.000000000000000000 ) ) ;
#2707 = CARTESIAN_POINT ( 'NONE',  ( 33.99999999999997158, -8.852281976497579308, 5.000000000000000000 ) ) ;
#2708 = CARTESIAN_POINT ( 'NONE',  ( 75.17157287525380127, 3.000000000000002220, 16.00000000000000000 ) ) ;
#2709 = VECTOR ( 'NONE', #6051, 1000.000000000000000 ) ;
#2710 = VERTEX_POINT ( 'NONE', #2507 ) ;
#2711 = VERTEX_POINT ( 'NONE', #532 ) ;
#2712 = EDGE_LOOP ( 'NONE', ( #5455, #58, #3266, #2286 ) ) ;
#2713 = AXIS2_PLACEMENT_3D ( 'NONE', #4524, #3154, #4145 ) ;
#2714 = FACE_OUTER_BOUND ( 'NONE', #5111, .T. ) ;
#2715 = DIRECTION ( 'NONE',  ( 8.104675050809062170E-18, -0.7071067811865449082, -0.7071067811865502373 ) ) ;
#2716 = CARTESIAN_POINT ( 'NONE',  ( 5.474878816186600439, -6.746422458603144712, 20.01838090617253485 ) ) ;
#2717 = AXIS2_PLACEMENT_3D ( 'NONE', #2335, #268, #4205 ) ;
#2718 = EDGE_LOOP ( 'NONE', ( #2216, #4166, #2211, #2854 ) ) ;
#2719 = ADVANCED_FACE ( 'NONE', ( #4411 ), #2413, .T. ) ;
#2720 = FACE_OUTER_BOUND ( 'NONE', #464, .T. ) ;
#2721 = ADVANCED_FACE ( 'NONE', ( #2997 ), #963, .F. ) ;
#2722 = CARTESIAN_POINT ( 'NONE',  ( 33.99999999999998579, -44.85228197649757931, -42.42640687119285303 ) ) ;
#2723 = ORIENTED_EDGE ( 'NONE', *, *, #6199, .F. ) ;
#2724 = ORIENTED_EDGE ( 'NONE', *, *, #1955, .F. ) ;
#2725 = CARTESIAN_POINT ( 'NONE',  ( 29.19903300939954960, -54.01007846847625160, 10.00000000000000000 ) ) ;
#2726 = VERTEX_POINT ( 'NONE', #3462 ) ;
#2727 = ADVANCED_FACE ( 'NONE', ( #6396 ), #5457, .F. ) ;
#2728 = LINE ( 'NONE', #1873, #3384 ) ;
#2729 = FACE_OUTER_BOUND ( 'NONE', #4695, .T. ) ;
#2730 = FACE_BOUND ( 'NONE', #1533, .T. ) ;
#2731 = FACE_OUTER_BOUND ( 'NONE', #1863, .T. ) ;
#2732 = ORIENTED_EDGE ( 'NONE', *, *, #4916, .F. ) ;
#2733 = EDGE_LOOP ( 'NONE', ( #2732, #1703, #387, #6098 ) ) ;
#2734 = PLANE ( 'NONE',  #3328 ) ;
#2735 = CARTESIAN_POINT ( 'NONE',  ( 66.86862915010141251, -66.86862915010156883, 15.60000000000000320 ) ) ;
#2736 = LINE ( 'NONE', #3270, #1874 ) ;
#2737 = DIRECTION ( 'NONE',  ( -2.618410170671638000E-16, -1.000000000000000000, 0.000000000000000000 ) ) ;
#2738 = ORIENTED_EDGE ( 'NONE', *, *, #6118, .T. ) ;
#2739 = ORIENTED_EDGE ( 'NONE', *, *, #5130, .T. ) ;
#2740 = VERTEX_POINT ( 'NONE', #2471 ) ;
#2741 = PLANE ( 'NONE',  #1424 ) ;
#2742 = DIRECTION ( 'NONE',  ( 0.000000000000000000, 0.000000000000000000, -1.000000000000000000 ) ) ;
#2743 = CARTESIAN_POINT ( 'NONE',  ( 78.00000000000000000, -1.944278127781054311E-14, 16.00000000000000000 ) ) ;
#2744 = EDGE_CURVE ( 'NONE', #1242, #1377, #5918, .T. ) ;
#2745 = ORIENTED_EDGE ( 'NONE', *, *, #4513, .F. ) ;
#2746 = DIRECTION ( 'NONE',  ( -0.000000000000000000, -0.000000000000000000, -1.000000000000000000 ) ) ;
#2747 = CARTESIAN_POINT ( 'NONE',  ( 41.99999999999998579, -44.85228197649742299, 3.599999999999999201 ) ) ;
#2748 = ORIENTED_EDGE ( 'NONE', *, *, #1496, .F. ) ;
#2749 = ORIENTED_EDGE ( 'NONE', *, *, #6034, .F. ) ;
#2750 = PLANE ( 'NONE',  #946 ) ;
#2751 = EDGE_CURVE ( 'NONE', #4017, #2770, #5884, .T. ) ;
#2752 = EDGE_LOOP ( 'NONE', ( #6247, #2295, #3883, #4569, #1954, #447, #5225, #986 ) ) ;
#2753 = ADVANCED_FACE ( 'NONE', ( #2966 ), #1014, .F. ) ;
#2754 = ORIENTED_EDGE ( 'NONE', *, *, #6318, .T. ) ;
#2755 = FACE_OUTER_BOUND ( 'NONE', #3991, .T. ) ;
#2756 = CARTESIAN_POINT ( 'NONE',  ( 0.000000000000000000, -56.20000000000100471, 16.00000000000000000 ) ) ;
#2757 = PLANE ( 'NONE',  #2995 ) ;
#2758 = DIRECTION ( 'NONE',  ( 0.7085718570078533007, 0.7056386635215237124, 0.000000000000000000 ) ) ;
#2759 = FACE_BOUND ( 'NONE', #6299, .T. ) ;
#2760 = ADVANCED_FACE ( 'NONE', ( #401 ), #3492, .F. ) ;
#2761 = VERTEX_POINT ( 'NONE', #2936 ) ;
#2762 = ADVANCED_FACE ( 'NONE', ( #3857 ), #990, .F. ) ;
#2763 = ORIENTED_EDGE ( 'NONE', *, *, #5105, .T. ) ;
#2764 = DIRECTION ( 'NONE',  ( 0.7071067811865440200, -0.7071067811865511255, 0.000000000000000000 ) ) ;
#2765 = LINE ( 'NONE', #3679, #3989 ) ;
#2766 = CARTESIAN_POINT ( 'NONE',  ( 44.21301380057600028, 25.50650690028800227, -6.506506900287998718 ) ) ;
#2767 = DIRECTION ( 'NONE',  ( -0.2810846377149334718, -0.6785983445458234620, -0.6785983445458236840 ) ) ;
#2768 = ORIENTED_EDGE ( 'NONE', *, *, #4378, .F. ) ;
#2769 = ORIENTED_EDGE ( 'NONE', *, *, #5579, .T. ) ;
#2770 = VERTEX_POINT ( 'NONE', #1618 ) ;
#2771 = ORIENTED_EDGE ( 'NONE', *, *, #3564, .F. ) ;
#2772 = CARTESIAN_POINT ( 'NONE',  ( 1.599811284461571947, -53.20728525152132704, 10.00000000000000000 ) ) ;
#2773 = DIRECTION ( 'NONE',  ( 0.7071067811862996599, -0.7071067811867953745, 0.000000000000000000 ) ) ;
#2774 = AXIS2_PLACEMENT_3D ( 'NONE', #3966, #2553, #4027 ) ;
#2775 = LINE ( 'NONE', #2716, #218 ) ;
#2776 = CIRCLE ( 'NONE', #6397, 1.699999999999993072 ) ;
#2777 = ORIENTED_EDGE ( 'NONE', *, *, #2043, .T. ) ;
#2778 = DIRECTION ( 'NONE',  ( 0.000000000000000000, 0.000000000000000000, 1.000000000000000000 ) ) ;
#2779 = DIRECTION ( 'NONE',  ( 0.000000000000000000, 0.000000000000000000, 1.000000000000000000 ) ) ;
#2780 = ORIENTED_EDGE ( 'NONE', *, *, #6376, .T. ) ;
#2781 = EDGE_CURVE ( 'NONE', #3204, #520, #5125, .T. ) ;
#2782 = AXIS2_PLACEMENT_3D ( 'NONE', #5773, #5254, #4717 ) ;
#2783 = DIRECTION ( 'NONE',  ( 0.000000000000000000, 0.000000000000000000, -1.000000000000000000 ) ) ;
#2784 = ORIENTED_EDGE ( 'NONE', *, *, #2592, .F. ) ;
#2785 = ORIENTED_EDGE ( 'NONE', *, *, #2327, .F. ) ;
#2786 = VECTOR ( 'NONE', #2268, 1000.000000000000000 ) ;
#2787 = CARTESIAN_POINT ( 'NONE',  ( 18.56585808368380341, -2.246312083078058741, 10.00000000000000000 ) ) ;
#2788 = ORIENTED_EDGE ( 'NONE', *, *, #100, .T. ) ;
#2789 = DIRECTION ( 'NONE',  ( 8.703725631711663386E-05, 0.7071067758298654748, -0.7071067811865534569 ) ) ;
#2790 = ADVANCED_FACE ( 'NONE', ( #1589 ), #3086, .F. ) ;
#2791 = FACE_OUTER_BOUND ( 'NONE', #702, .T. ) ;
#2792 = VECTOR ( 'NONE', #1387, 1000.000000000000000 ) ;
#2793 = VECTOR ( 'NONE', #2489, 1000.000000000000000 ) ;
#2794 = ORIENTED_EDGE ( 'NONE', *, *, #2021, .T. ) ;
#2795 = VECTOR ( 'NONE', #4022, 1000.000000000000000 ) ;
#2796 = FACE_OUTER_BOUND ( 'NONE', #718, .T. ) ;
#2797 = DIRECTION ( 'NONE',  ( -1.000000000000000000, 0.000000000000000000, 0.000000000000000000 ) ) ;
#2798 = VECTOR ( 'NONE', #5167, 1000.000000000000227 ) ;
#2799 = EDGE_CURVE ( 'NONE', #106, #4394, #836, .T. ) ;
#2800 = CARTESIAN_POINT ( 'NONE',  ( 66.31952070086401818, 3.400000000000000355, 16.00000000000000000 ) ) ;
#2801 = EDGE_CURVE ( 'NONE', #6128, #6365, #2601, .T. ) ;
#2802 = DIRECTION ( 'NONE',  ( -0.000000000000000000, 0.000000000000000000, 1.000000000000000000 ) ) ;
#2803 = VECTOR ( 'NONE', #860, 1000.000000000000114 ) ;
#2804 = VECTOR ( 'NONE', #4283, 1000.000000000000000 ) ;
#2805 = ORIENTED_EDGE ( 'NONE', *, *, #572, .F. ) ;
#2806 = ORIENTED_EDGE ( 'NONE', *, *, #5174, .F. ) ;
#2807 = VERTEX_POINT ( 'NONE', #688 ) ;
#2808 = FACE_OUTER_BOUND ( 'NONE', #1677, .T. ) ;
#2809 = EDGE_CURVE ( 'NONE', #6282, #2090, #4148, .T. ) ;
#2810 = LINE ( 'NONE', #4829, #1345 ) ;
#2811 = AXIS2_PLACEMENT_3D ( 'NONE', #5737, #2701, #6234 ) ;
#2812 = ADVANCED_FACE ( 'NONE', ( #2664 ), #1078, .T. ) ;
#2813 = FACE_OUTER_BOUND ( 'NONE', #785, .T. ) ;
#2814 = FACE_OUTER_BOUND ( 'NONE', #5744, .T. ) ;
#2815 = EDGE_LOOP ( 'NONE', ( #4215, #1218, #803, #1631 ) ) ;
#2816 = CARTESIAN_POINT ( 'NONE',  ( 3.888803657608006059, -51.58491490983000460, 7.600000000000000533 ) ) ;
#2817 = EDGE_LOOP ( 'NONE', ( #143, #2585, #1734, #834 ) ) ;
#2818 = PLANE ( 'NONE',  #5476 ) ;
#2819 = VERTEX_POINT ( 'NONE', #4070 ) ;
#2820 = VECTOR ( 'NONE', #3125, 1000.000000000000000 ) ;
#2821 = CARTESIAN_POINT ( 'NONE',  ( 0.000000000000000000, -8.737699060429038767, 16.00000000000000000 ) ) ;
#2822 = ORIENTED_EDGE ( 'NONE', *, *, #934, .F. ) ;
#2823 = ORIENTED_EDGE ( 'NONE', *, *, #2304, .F. ) ;
#2824 = VECTOR ( 'NONE', #5772, 1000.000000000000114 ) ;
#2825 = PLANE ( 'NONE',  #1465 ) ;
#2826 = CARTESIAN_POINT ( 'NONE',  ( -0.8941421356251817443, -26.29987839218171430, 9.999999999999996447 ) ) ;
#2827 = FACE_OUTER_BOUND ( 'NONE', #3062, .T. ) ;
#2828 = LINE ( 'NONE', #330, #841 ) ;
#2829 = VERTEX_POINT ( 'NONE', #5018 ) ;
#2830 = PLANE ( 'NONE',  #750 ) ;
#2831 = PLANE ( 'NONE',  #3581 ) ;
#2832 = ADVANCED_FACE ( 'NONE', ( #4498 ), #3580, .F. ) ;
#2833 = DIRECTION ( 'NONE',  ( -0.3817251255760769624, 0.9242758941484563451, -2.004203864823471666E-15 ) ) ;
#2834 = CARTESIAN_POINT ( 'NONE',  ( 7.596199159746239715, 2.774709169418827504, 12.00000000000000000 ) ) ;
#2835 = ORIENTED_EDGE ( 'NONE', *, *, #2451, .F. ) ;
#2836 = EDGE_CURVE ( 'NONE', #1371, #2409, #1658, .T. ) ;
#2837 = EDGE_LOOP ( 'NONE', ( #2969, #4052 ) ) ;
#2838 = ORIENTED_EDGE ( 'NONE', *, *, #5217, .F. ) ;
#2839 = PLANE ( 'NONE',  #4213 ) ;
#2840 = LINE ( 'NONE', #4797, #4130 ) ;
#2841 = DIRECTION ( 'NONE',  ( -0.7071067811865483499, 0.7071067811865467956, 0.000000000000000000 ) ) ;
#2842 = CARTESIAN_POINT ( 'NONE',  ( 78.39999999999999147, -1.954248784846597453E-14, 15.60000000000000320 ) ) ;
#2843 = ADVANCED_FACE ( 'NONE', ( #5618 ), #4589, .F. ) ;
#2844 = ADVANCED_FACE ( 'NONE', ( #1174 ), #5093, .T. ) ;
#2845 = ORIENTED_EDGE ( 'NONE', *, *, #5934, .T. ) ;
#2846 = PRODUCT_DEFINITION_SHAPE ( 'NONE', 'NONE',  #5931 ) ;
#2847 = CARTESIAN_POINT ( 'NONE',  ( 75.77474980949853034, -6.035541365997982410, 9.999999999999996447 ) ) ;
#2848 = DIRECTION ( 'NONE',  ( -0.0001978291858413074370, -0.9999999804318063790, 0.000000000000000000 ) ) ;
#2849 = FACE_OUTER_BOUND ( 'NONE', #2914, .T. ) ;
#2850 = ORIENTED_EDGE ( 'NONE', *, *, #5360, .F. ) ;
#2851 = ADVANCED_FACE ( 'NONE', ( #1694 ), #109, .T. ) ;
#2852 = ORIENTED_EDGE ( 'NONE', *, *, #3738, .T. ) ;
#2853 = DIRECTION ( 'NONE',  ( 1.000000000000000000, -2.492664266385966864E-16, 0.000000000000000000 ) ) ;
#2854 = ORIENTED_EDGE ( 'NONE', *, *, #4137, .F. ) ;
#2855 = FACE_OUTER_BOUND ( 'NONE', #2574, .T. ) ;
#2856 = DIRECTION ( 'NONE',  ( -0.7071067811865495711, 0.7071067811865454633, -0.000000000000000000 ) ) ;
#2857 = EDGE_CURVE ( 'NONE', #2060, #6378, #204, .T. ) ;
#2858 = LINE ( 'NONE', #6358, #4926 ) ;
#2859 = CARTESIAN_POINT ( 'NONE',  ( 0.000000000000000000, -48.38597515316583753, 16.00000000000000000 ) ) ;
#2860 = CARTESIAN_POINT ( 'NONE',  ( 75.86889194512225743, -5.941399230374254437, 9.999999999999996447 ) ) ;
#2861 = CARTESIAN_POINT ( 'NONE',  ( 33.99999999999997868, -8.852281976497579308, 3.599999999999999201 ) ) ;
#2862 = ORIENTED_EDGE ( 'NONE', *, *, #3586, .F. ) ;
#2863 = CARTESIAN_POINT ( 'NONE',  ( 44.99999999999999289, -44.85228197649742299, 5.000000000000000000 ) ) ;
#2864 = LINE ( 'NONE', #3720, #3811 ) ;
#2865 = ADVANCED_FACE ( 'NONE', ( #4527 ), #4041, .F. ) ;
#2866 = ORIENTED_EDGE ( 'NONE', *, *, #5208, .F. ) ;
#2867 = EDGE_LOOP ( 'NONE', ( #973, #125, #598, #30 ) ) ;
#2868 = ORIENTED_EDGE ( 'NONE', *, *, #453, .F. ) ;
#2869 = CARTESIAN_POINT ( 'NONE',  ( 36.59619915974623439, -2.048506802185684261, 9.799999999999993605 ) ) ;
#2870 = DIRECTION ( 'NONE',  ( 8.703725632499558526E-05, 0.7071067758298779093, 0.7071067811865411334 ) ) ;
#2871 = ADVANCED_FACE ( 'NONE', ( #5547 ), #4992, .F. ) ;
#2872 = DIRECTION ( 'NONE',  ( 0.7071067811865471286, -0.7071067811865479058, 0.000000000000000000 ) ) ;
#2873 = CARTESIAN_POINT ( 'NONE',  ( 44.99999999999999289, -44.85228197649742299, -42.42640687119285303 ) ) ;
#2874 = EDGE_LOOP ( 'NONE', ( #1712, #5621, #1643, #5863 ) ) ;
#2875 = PLANE ( 'NONE',  #2152 ) ;
#2876 = CARTESIAN_POINT ( 'NONE',  ( 5.599811284461573280, -47.98597515316583895, 5.000000000000000000 ) ) ;
#2877 = DIRECTION ( 'NONE',  ( -1.000000000000000000, 5.385296291631732159E-14, -0.000000000000000000 ) ) ;
#2878 = EDGE_CURVE ( 'NONE', #3699, #3957, #4961, .T. ) ;
#2879 = DIRECTION ( 'NONE',  ( -0.000000000000000000, -0.000000000000000000, 1.000000000000000000 ) ) ;
#2880 = VECTOR ( 'NONE', #2538, 1000.000000000000000 ) ;
#2881 = VERTEX_POINT ( 'NONE', #6296 ) ;
#2882 = ORIENTED_EDGE ( 'NONE', *, *, #3837, .F. ) ;
#2883 = CARTESIAN_POINT ( 'NONE',  ( 18.56585808368380341, -2.246312083078058741, 10.00000000000000000 ) ) ;
#2884 = AXIS2_PLACEMENT_3D ( 'NONE', #1235, #856, #2797 ) ;
#2885 = CARTESIAN_POINT ( 'NONE',  ( 36.79622378063064048, 0.1512552571720147399, 11.99999999999999645 ) ) ;
#2886 = EDGE_CURVE ( 'NONE', #3414, #1825, #759, .T. ) ;
#2887 = CARTESIAN_POINT ( 'NONE',  ( 35.39619915974623154, -4.931739154187178009, 9.600000000000001421 ) ) ;
#2888 = AXIS2_PLACEMENT_3D ( 'NONE', #5870, #2853, #6352 ) ;
#2889 = PLANE ( 'NONE',  #5143 ) ;
#2890 = ORIENTED_EDGE ( 'NONE', *, *, #2160, .F. ) ;
#2891 = PLANE ( 'NONE',  #4259 ) ;
#2892 = DIRECTION ( 'NONE',  ( -1.000000000000000000, 0.000000000000000000, -0.000000000000000000 ) ) ;
#2893 = DIRECTION ( 'NONE',  ( -0.000000000000000000, -0.000000000000000000, -1.000000000000000000 ) ) ;
#2894 = VECTOR ( 'NONE', #4712, 1000.000000000000000 ) ;
#2895 = VECTOR ( 'NONE', #4881, 1000.000000000000000 ) ;
#2896 = EDGE_CURVE ( 'NONE', #4755, #3172, #6267, .T. ) ;
#2897 = LINE ( 'NONE', #6364, #5391 ) ;
#2898 = ORIENTED_EDGE ( 'NONE', *, *, #1690, .T. ) ;
#2899 = AXIS2_PLACEMENT_3D ( 'NONE', #5094, #625, #726 ) ;
#2900 = CIRCLE ( 'NONE', #1967, 3.099999999999999645 ) ;
#2901 = ORIENTED_EDGE ( 'NONE', *, *, #176, .T. ) ;
#2902 = VERTEX_POINT ( 'NONE', #5813 ) ;
#2903 = EDGE_CURVE ( 'NONE', #5110, #4776, #1271, .T. ) ;
#2904 = CARTESIAN_POINT ( 'NONE',  ( 13.02599247660718973, -54.38032099605567282, 9.999999999999996447 ) ) ;
#2905 = DIRECTION ( 'NONE',  ( 1.927470528863119542E-16, -1.000000000000000000, 0.000000000000000000 ) ) ;
#2906 = FACE_OUTER_BOUND ( 'NONE', #5401, .T. ) ;
#2907 = AXIS2_PLACEMENT_3D ( 'NONE', #461, #2107, #616 ) ;
#2908 = VECTOR ( 'NONE', #466, 1000.000000000000000 ) ;
#2909 = CARTESIAN_POINT ( 'NONE',  ( 2.471004894415359310, -26.32857702776471953, 10.00000000000000000 ) ) ;
#2910 = ORIENTED_EDGE ( 'NONE', *, *, #2629, .T. ) ;
#2911 = VECTOR ( 'NONE', #5109, 1000.000000000000000 ) ;
#2912 = EDGE_CURVE ( 'NONE', #475, #3568, #725, .T. ) ;
#2913 = DIRECTION ( 'NONE',  ( -1.000000000000000000, 0.000000000000000000, -0.000000000000000000 ) ) ;
#2914 = EDGE_LOOP ( 'NONE', ( #3565, #1478, #848, #3539, #2959 ) ) ;
#2915 = DIRECTION ( 'NONE',  ( 0.000000000000000000, 0.000000000000000000, -1.000000000000000000 ) ) ;
#2916 = DIRECTION ( 'NONE',  ( 1.000000000000000000, 0.000000000000000000, 0.000000000000000000 ) ) ;
#2917 = VECTOR ( 'NONE', #5895, 1000.000000000000114 ) ;
#2918 = VERTEX_POINT ( 'NONE', #2214 ) ;
#2919 = EDGE_CURVE ( 'NONE', #1825, #1258, #216, .T. ) ;
#2920 = VERTEX_POINT ( 'NONE', #2707 ) ;
#2921 = VECTOR ( 'NONE', #240, 1000.000000000000000 ) ;
#2922 = CARTESIAN_POINT ( 'NONE',  ( 53.11199952979897887, -53.40018871553936464, 5.000000000000000000 ) ) ;
#2923 = FACE_OUTER_BOUND ( 'NONE', #3254, .T. ) ;
#2924 = CARTESIAN_POINT ( 'NONE',  ( 5.588803657608005793, -51.58491490983000460, 7.600000000000000533 ) ) ;
#2925 = VECTOR ( 'NONE', #4811, 1000.000000000000000 ) ;
#2926 = EDGE_CURVE ( 'NONE', #3282, #3917, #4660, .T. ) ;
#2927 = CARTESIAN_POINT ( 'NONE',  ( 39.08578643762707827, 39.08578643762689353, 16.00000000000000000 ) ) ;
#2928 = EDGE_LOOP ( 'NONE', ( #5585, #3465, #88, #3821, #6090, #2393 ) ) ;
#2929 = CARTESIAN_POINT ( 'NONE',  ( 54.38297283812173788, -52.13447670935892830, 5.000000000000000000 ) ) ;
#2930 = CARTESIAN_POINT ( 'NONE',  ( 11.99999999999998934, -44.85228197649788484, 3.599999999999999201 ) ) ;
#2931 = LINE ( 'NONE', #4469, #5575 ) ;
#2932 = CARTESIAN_POINT ( 'NONE',  ( 66.31952070086401818, -1.625102115043186579, 5.000000000000000000 ) ) ;
#2933 = ORIENTED_EDGE ( 'NONE', *, *, #541, .F. ) ;
#2934 = ORIENTED_EDGE ( 'NONE', *, *, #1938, .F. ) ;
#2935 = DIRECTION ( 'NONE',  ( -0.7086689616036375705, -0.7055411418617784092, -0.000000000000000000 ) ) ;
#2936 = CARTESIAN_POINT ( 'NONE',  ( 22.99999999999997868, -8.852281976497732074, 3.599999999999999201 ) ) ;
#2937 = DIRECTION ( 'NONE',  ( 0.000000000000000000, 0.000000000000000000, -1.000000000000000000 ) ) ;
#2938 = DIRECTION ( 'NONE',  ( -0.000000000000000000, 0.000000000000000000, -1.000000000000000000 ) ) ;
#2939 = VERTEX_POINT ( 'NONE', #3246 ) ;
#2940 = DIRECTION ( 'NONE',  ( -0.000000000000000000, 0.000000000000000000, 1.000000000000000000 ) ) ;
#2941 = DIRECTION ( 'NONE',  ( 0.000000000000000000, 0.000000000000000000, -1.000000000000000000 ) ) ;
#2942 = EDGE_CURVE ( 'NONE', #1403, #4755, #2736, .T. ) ;
#2943 = ORIENTED_EDGE ( 'NONE', *, *, #5480, .T. ) ;
#2944 = EDGE_LOOP ( 'NONE', ( #2544, #2302, #5819, #5955 ) ) ;
#2945 = LINE ( 'NONE', #2883, #5376 ) ;
#2946 = EDGE_LOOP ( 'NONE', ( #919, #474, #279 ) ) ;
#2947 = CARTESIAN_POINT ( 'NONE',  ( 38.99999999999997868, -8.852281976497424765, 5.000000000000000000 ) ) ;
#2948 = EDGE_CURVE ( 'NONE', #4978, #4326, #3053, .T. ) ;
#2949 = CARTESIAN_POINT ( 'NONE',  ( 35.59617454189255881, -2.248408332285959599, 9.400000000000009237 ) ) ;
#2950 = ADVANCED_FACE ( 'NONE', ( #6240 ), #1298, .F. ) ;
#2951 = FACE_BOUND ( 'NONE', #5930, .T. ) ;
#2952 = ORIENTED_EDGE ( 'NONE', *, *, #398, .T. ) ;
#2953 = DIRECTION ( 'NONE',  ( -0.0002604498311030194126, -0.9999999660829421710, 0.000000000000000000 ) ) ;
#2954 = LINE ( 'NONE', #3814, #2266 ) ;
#2955 = LINE ( 'NONE', #4915, #4624 ) ;
#2956 = EDGE_CURVE ( 'NONE', #2450, #5949, #5256, .T. ) ;
#2957 = LINE ( 'NONE', #4861, #315 ) ;
#2958 = ADVANCED_FACE ( 'NONE', ( #789 ), #3218, .F. ) ;
#2959 = ORIENTED_EDGE ( 'NONE', *, *, #1916, .T. ) ;
#2960 = EDGE_CURVE ( 'NONE', #4394, #1229, #1724, .T. ) ;
#2961 = ORIENTED_EDGE ( 'NONE', *, *, #776, .T. ) ;
#2962 = ORIENTED_EDGE ( 'NONE', *, *, #1101, .F. ) ;
#2963 = VERTEX_POINT ( 'NONE', #4307 ) ;
#2964 = ORIENTED_EDGE ( 'NONE', *, *, #4535, .F. ) ;
#2965 = DIRECTION ( 'NONE',  ( 0.000000000000000000, 0.000000000000000000, 1.000000000000000000 ) ) ;
#2966 = FACE_OUTER_BOUND ( 'NONE', #3641, .T. ) ;
#2967 = DIRECTION ( 'NONE',  ( 0.9999999597409671148, -0.0002837570509955884357, 0.000000000000000000 ) ) ;
#2968 = CARTESIAN_POINT ( 'NONE',  ( 19.59157644881571514, -0.1718011398792061717, 9.999999999999996447 ) ) ;
#2969 = ORIENTED_EDGE ( 'NONE', *, *, #4396, .T. ) ;
#2970 = LINE ( 'NONE', #4361, #5769 ) ;
#2971 = PLANE ( 'NONE',  #5799 ) ;
#2972 = DIRECTION ( 'NONE',  ( 1.000000000000000000, 0.000000000000000000, 0.000000000000000000 ) ) ;
#2973 = VERTEX_POINT ( 'NONE', #5230 ) ;
#2974 = ORIENTED_EDGE ( 'NONE', *, *, #560, .T. ) ;
#2975 = DIRECTION ( 'NONE',  ( -0.7071067811865489050, -0.7071067811865462405, -0.000000000000000000 ) ) ;
#2976 = EDGE_CURVE ( 'NONE', #475, #2680, #364, .T. ) ;
#2977 = PLANE ( 'NONE',  #2272 ) ;
#2978 = ORIENTED_EDGE ( 'NONE', *, *, #4351, .F. ) ;
#2979 = FACE_OUTER_BOUND ( 'NONE', #4557, .T. ) ;
#2980 = LINE ( 'NONE', #4426, #3818 ) ;
#2981 = AXIS2_PLACEMENT_3D ( 'NONE', #2533, #6238, #5157 ) ;
#2982 = CARTESIAN_POINT ( 'NONE',  ( 1.473457849981259837, -1.473457849981270051, 16.00000000000000000 ) ) ;
#2983 = ORIENTED_EDGE ( 'NONE', *, *, #4286, .T. ) ;
#2984 = DIRECTION ( 'NONE',  ( 1.000000000000000000, 0.000000000000000000, 0.000000000000000000 ) ) ;
#2985 = ADVANCED_FACE ( 'NONE', ( #2338 ), #3680, .F. ) ;
#2986 = DIRECTION ( 'NONE',  ( -0.000000000000000000, 0.000000000000000000, 1.000000000000000000 ) ) ;
#2987 = CARTESIAN_POINT ( 'NONE',  ( 69.08286859082156184, -55.80000000000100613, 15.60000000000000142 ) ) ;
#2988 = CARTESIAN_POINT ( 'NONE',  ( 72.86692151384301042, -51.58491490983000460, 10.00000000000000000 ) ) ;
#2989 = VECTOR ( 'NONE', #2436, 1000.000000000000114 ) ;
#2990 = EDGE_CURVE ( 'NONE', #761, #347, #4719, .T. ) ;
#2991 = ORIENTED_EDGE ( 'NONE', *, *, #1917, .T. ) ;
#2992 = AXIS2_PLACEMENT_3D ( 'NONE', #1045, #613, #6063 ) ;
#2993 = ADVANCED_FACE ( 'NONE', ( #5713 ), #2312, .F. ) ;
#2994 = CARTESIAN_POINT ( 'NONE',  ( 73.31355508202469196, 0.7747091694188932287, 9.999999999999996447 ) ) ;
#2995 = AXIS2_PLACEMENT_3D ( 'NONE', #2787, #3240, #5640 ) ;
#2996 = ADVANCED_FACE ( 'NONE', ( #5774 ), #3364, .T. ) ;
#2997 = FACE_OUTER_BOUND ( 'NONE', #2718, .T. ) ;
#2998 = DIRECTION ( 'NONE',  ( 1.000000000000000000, 2.962157971162378387E-14, 0.000000000000000000 ) ) ;
#2999 = VECTOR ( 'NONE', #3902, 1000.000000000000000 ) ;
#3000 = VECTOR ( 'NONE', #3934, 1000.000000000000000 ) ;
#3001 = ORIENTED_EDGE ( 'NONE', *, *, #1168, .T. ) ;
#3002 = CARTESIAN_POINT ( 'NONE',  ( 2.188803657608005881, -51.58491490983000460, 12.00000000000000000 ) ) ;
#3003 = EDGE_CURVE ( 'NONE', #3330, #1492, #1393, .T. ) ;
#3004 = LINE ( 'NONE', #3035, #1868 ) ;
#3005 = VECTOR ( 'NONE', #430, 1000.000000000000000 ) ;
#3006 = CIRCLE ( 'NONE', #2278, 3.099999999999999645 ) ;
#3007 = DIRECTION ( 'NONE',  ( 0.000000000000000000, 0.000000000000000000, 1.000000000000000000 ) ) ;
#3008 = ORIENTED_EDGE ( 'NONE', *, *, #4846, .T. ) ;
#3009 = AXIS2_PLACEMENT_3D ( 'NONE', #2725, #4264, #3764 ) ;
#3010 = VECTOR ( 'NONE', #2833, 999.9999999999998863 ) ;
#3011 = ORIENTED_EDGE ( 'NONE', *, *, #4772, .F. ) ;
#3012 = DIRECTION ( 'NONE',  ( 1.146174137548107193E-17, -1.000000000000000000, 0.000000000000000000 ) ) ;
#3013 = DIRECTION ( 'NONE',  ( 0.000000000000000000, 0.000000000000000000, -1.000000000000000000 ) ) ;
#3014 = EDGE_LOOP ( 'NONE', ( #4509, #1418, #569, #1049, #3935, #1139, #83, #2788, #3437 ) ) ;
#3015 = LINE ( 'NONE', #6083, #2691 ) ;
#3016 = VECTOR ( 'NONE', #117, 1000.000000000000000 ) ;
#3017 = CARTESIAN_POINT ( 'NONE',  ( 0.000000000000000000, 0.000000000000000000, 10.00000000000000000 ) ) ;
#3018 = VECTOR ( 'NONE', #4927, 1000.000000000000000 ) ;
#3019 = DIRECTION ( 'NONE',  ( -0.000000000000000000, -0.000000000000000000, -1.000000000000000000 ) ) ;
#3020 = ORIENTED_EDGE ( 'NONE', *, *, #1771, .F. ) ;
#3021 = CARTESIAN_POINT ( 'NONE',  ( 11.99999999999998934, -44.85228197649788484, 5.000000000000000000 ) ) ;
#3022 = LINE ( 'NONE', #2624, #3393 ) ;
#3023 = CARTESIAN_POINT ( 'NONE',  ( 49.91570446414629458, 0.7747091694188962263, 9.999999999999996447 ) ) ;
#3024 = CARTESIAN_POINT ( 'NONE',  ( 36.59619915974623439, 0.1512798780564309775, 9.799999999999981171 ) ) ;
#3025 = VECTOR ( 'NONE', #5606, 1000.000000000000000 ) ;
#3026 = ORIENTED_EDGE ( 'NONE', *, *, #2676, .T. ) ;
#3027 = EDGE_CURVE ( 'NONE', #4640, #2409, #5877, .T. ) ;
#3028 = VECTOR ( 'NONE', #6360, 1000.000000000000000 ) ;
#3029 = FACE_BOUND ( 'NONE', #993, .T. ) ;
#3030 = DIRECTION ( 'NONE',  ( -0.000000000000000000, 0.000000000000000000, 1.000000000000000000 ) ) ;
#3031 = DIRECTION ( 'NONE',  ( 1.146174137548107193E-17, -1.000000000000000000, 0.000000000000000000 ) ) ;
#3032 = EDGE_CURVE ( 'NONE', #4863, #5398, #2368, .T. ) ;
#3033 = EDGE_LOOP ( 'NONE', ( #3776, #5400, #1324, #857 ) ) ;
#3034 = DIRECTION ( 'NONE',  ( -0.7071067811865474617, -8.104675050809088363E-18, 0.7071067811865474617 ) ) ;
#3035 = CARTESIAN_POINT ( 'NONE',  ( 49.22203721170514967, -21.26104225671458892, -9.008723909138351971 ) ) ;
#3036 = FACE_OUTER_BOUND ( 'NONE', #1651, .T. ) ;
#3037 = ORIENTED_EDGE ( 'NONE', *, *, #4720, .T. ) ;
#3038 = ORIENTED_EDGE ( 'NONE', *, *, #1725, .T. ) ;
#3039 = FACE_OUTER_BOUND ( 'NONE', #842, .T. ) ;
#3040 = CARTESIAN_POINT ( 'NONE',  ( 69.43211764624986415, -8.737699060429038767, 20.01838090617253485 ) ) ;
#3041 = VERTEX_POINT ( 'NONE', #2987 ) ;
#3042 = DIRECTION ( 'NONE',  ( -1.000000000000000000, 0.000000000000000000, -0.000000000000000000 ) ) ;
#3043 = PLANE ( 'NONE',  #1769 ) ;
#3044 = CARTESIAN_POINT ( 'NONE',  ( 5.999999999999983125, -8.852281976497886617, 3.599999999999999201 ) ) ;
#3045 = CARTESIAN_POINT ( 'NONE',  ( 35.19619916126134740, -2.248359099608640665, 9.799999999999993605 ) ) ;
#3046 = DIRECTION ( 'NONE',  ( 1.000000000000000000, 0.000000000000000000, 0.000000000000000000 ) ) ;
#3047 = LINE ( 'NONE', #5012, #6207 ) ;
#3048 = DIRECTION ( 'NONE',  ( 1.000000000000000000, 0.000000000000000000, -0.000000000000000000 ) ) ;
#3049 = EDGE_CURVE ( 'NONE', #6128, #5284, #4377, .T. ) ;
#3050 = ORIENTED_EDGE ( 'NONE', *, *, #1571, .F. ) ;
#3051 = CARTESIAN_POINT ( 'NONE',  ( 36.79619915823114695, -2.248556042439064040, 9.799999999999993605 ) ) ;
#3052 = DIRECTION ( 'NONE',  ( -0.7100637267678097109, -0.7041374183556852184, 0.000000000000000000 ) ) ;
#3053 = B_SPLINE_CURVE_WITH_KNOTS ( 'NONE', 1,
 ( #1855, #1820 ),
 .UNSPECIFIED., .F., .F.,
 ( 2, 2 ),
 ( 0.000000000000000000, 0.0005656680188369549644 ),
 .UNSPECIFIED. ) ;
#3054 = PLANE ( 'NONE',  #2575 ) ;
#3055 = ORIENTED_EDGE ( 'NONE', *, *, #6045, .T. ) ;
#3056 = EDGE_CURVE ( 'NONE', #1229, #5661, #5184, .T. ) ;
#3057 = CARTESIAN_POINT ( 'NONE',  ( 0.3076662973747028573, -7.426926402608002853, 9.999999999999996447 ) ) ;
#3058 = DIRECTION ( 'NONE',  ( 1.000000000000000000, 1.146174137548107039E-17, 0.000000000000000000 ) ) ;
#3059 = ADVANCED_FACE ( 'NONE', ( #4433 ), #1459, .T. ) ;
#3060 = DIRECTION ( 'NONE',  ( -0.000000000000000000, -0.000000000000000000, 1.000000000000000000 ) ) ;
#3061 = ORIENTED_EDGE ( 'NONE', *, *, #5366, .F. ) ;
#3062 = EDGE_LOOP ( 'NONE', ( #2110, #5896, #1539, #6047, #4802 ) ) ;
#3063 = EDGE_CURVE ( 'NONE', #3658, #4840, #1961, .T. ) ;
#3064 = CARTESIAN_POINT ( 'NONE',  ( 69.42844382976136330, -48.13817845388539496, 5.000000000000000000 ) ) ;
#3065 = EDGE_CURVE ( 'NONE', #6353, #4863, #525, .T. ) ;
#3066 = DIRECTION ( 'NONE',  ( 0.7071067811867239872, 0.7071067811863711583, -0.000000000000000000 ) ) ;
#3067 = ADVANCED_FACE ( 'NONE', ( #6362 ), #984, .T. ) ;
#3068 = B_SPLINE_CURVE_WITH_KNOTS ( 'NONE', 1,
 ( #3226, #3823 ),
 .UNSPECIFIED., .F., .F.,
 ( 2, 2 ),
 ( 0.000000000000000000, 0.0002828427124746074692 ),
 .UNSPECIFIED. ) ;
#3069 = EDGE_LOOP ( 'NONE', ( #1087, #4694, #5671, #4500, #5430, #2118, #2661 ) ) ;
#3070 = CARTESIAN_POINT ( 'NONE',  ( -1.295799625028942526, -4.208400749942098784, 17.70420037497105525 ) ) ;
#3071 = CARTESIAN_POINT ( 'NONE',  ( 76.17474980949904761, -53.33880527252649273, 16.00000000000000000 ) ) ;
#3072 = VERTEX_POINT ( 'NONE', #1922 ) ;
#3073 = CARTESIAN_POINT ( 'NONE',  ( 50.72844220863601095, -38.66666666666667140, 35.33333333333333570 ) ) ;
#3074 = ORIENTED_EDGE ( 'NONE', *, *, #5855, .F. ) ;
#3075 = LINE ( 'NONE', #3147, #434 ) ;
#3076 = DIRECTION ( 'NONE',  ( 0.000000000000000000, 0.7071067811865475727, -0.7071067811865475727 ) ) ;
#3077 = FACE_OUTER_BOUND ( 'NONE', #4665, .T. ) ;
#3078 = CARTESIAN_POINT ( 'NONE',  ( 10.60909308149352626, -53.40018871553893831, 5.000000000000000000 ) ) ;
#3079 = CARTESIAN_POINT ( 'NONE',  ( 69.08286859082157605, -55.80000000000099902, -13.91866057222030229 ) ) ;
#3080 = VERTEX_POINT ( 'NONE', #4821 ) ;
#3081 = AXIS2_PLACEMENT_3D ( 'NONE', #994, #2023, #3378 ) ;
#3082 = VERTEX_POINT ( 'NONE', #3850 ) ;
#3083 = DIRECTION ( 'NONE',  ( 0.0002837570509955885441, 0.9999999597409672258, 0.000000000000000000 ) ) ;
#3084 = CARTESIAN_POINT ( 'NONE',  ( 75.77474980949905614, -49.02789204063949313, 9.999999999999996447 ) ) ;
#3085 = EDGE_CURVE ( 'NONE', #4586, #4060, #2931, .T. ) ;
#3086 = PLANE ( 'NONE',  #3604 ) ;
#3087 = AXIS2_PLACEMENT_3D ( 'NONE', #1557, #4497, #2600 ) ;
#3088 = DIRECTION ( 'NONE',  ( 1.000000000000000000, 0.000000000000000000, 0.000000000000000000 ) ) ;
#3089 = EDGE_CURVE ( 'NONE', #2330, #3303, #1749, .T. ) ;
#3090 = AXIS2_PLACEMENT_3D ( 'NONE', #13, #2892, #5910 ) ;
#3091 = ORIENTED_EDGE ( 'NONE', *, *, #6277, .F. ) ;
#3092 = ORIENTED_EDGE ( 'NONE', *, *, #4708, .F. ) ;
#3093 = DIRECTION ( 'NONE',  ( -0.7071067811867238762, -0.7071067811863711583, 0.000000000000000000 ) ) ;
#3094 = LINE ( 'NONE', #5061, #2798 ) ;
#3095 = AXIS2_PLACEMENT_3D ( 'NONE', #4890, #3970, #3943 ) ;
#3096 = CIRCLE ( 'NONE', #3912, 3.000000000000002665 ) ;
#3097 = DIRECTION ( 'NONE',  ( 0.000000000000000000, -1.000000000000000000, 0.000000000000000000 ) ) ;
#3098 = EDGE_LOOP ( 'NONE', ( #2356, #1671, #3395, #2579 ) ) ;
#3099 = VECTOR ( 'NONE', #5920, 1000.000000000000114 ) ;
#3100 = AXIS2_PLACEMENT_3D ( 'NONE', #5755, #1834, #1379 ) ;
#3101 = CYLINDRICAL_SURFACE ( 'NONE', #3916, 1.700000000000000178 ) ;
#3102 = CARTESIAN_POINT ( 'NONE',  ( 33.99999999999997868, -8.852281976497579308, -42.42640687119285303 ) ) ;
#3103 = ORIENTED_EDGE ( 'NONE', *, *, #5952, .F. ) ;
#3104 = LINE ( 'NONE', #2066, #2795 ) ;
#3105 = DIRECTION ( 'NONE',  ( -0.7071067811865471286, 0.7071067811865479058, 0.000000000000000000 ) ) ;
#3106 = AXIS2_PLACEMENT_3D ( 'NONE', #4248, #760, #2737 ) ;
#3107 = ADVANCED_FACE ( 'NONE', ( #3398 ), #4346, .T. ) ;
#3108 = VECTOR ( 'NONE', #1901, 1000.000000000000000 ) ;
#3109 = ORIENTED_EDGE ( 'NONE', *, *, #6318, .F. ) ;
#3110 = EDGE_CURVE ( 'NONE', #4160, #6319, #6334, .T. ) ;
#3111 = ORIENTED_EDGE ( 'NONE', *, *, #5048, .F. ) ;
#3112 = LINE ( 'NONE', #648, #6289 ) ;
#3113 = EDGE_LOOP ( 'NONE', ( #5708, #3733, #4928, #2862 ) ) ;
#3114 = VECTOR ( 'NONE', #4713, 1000.000000000000114 ) ;
#3115 = CARTESIAN_POINT ( 'NONE',  ( 5.474878816186601327, -6.746422458603143824, 10.00000000000000000 ) ) ;
#3116 = CARTESIAN_POINT ( 'NONE',  ( 0.07497917025898478971, -7.192840425492467382, 11.99999999999999645 ) ) ;
#3117 = DIRECTION ( 'NONE',  ( 0.000000000000000000, 0.000000000000000000, -1.000000000000000000 ) ) ;
#3118 = LINE ( 'NONE', #6095, #4016 ) ;
#3119 = DIRECTION ( 'NONE',  ( 0.000000000000000000, 1.000000000000000000, 0.000000000000000000 ) ) ;
#3120 = EDGE_CURVE ( 'NONE', #5110, #4279, #44, .T. ) ;
#3121 = EDGE_LOOP ( 'NONE', ( #2219, #4183, #3961, #2614, #2641, #4872 ) ) ;
#3122 = VECTOR ( 'NONE', #4258, 1000.000000000000114 ) ;
#3123 = EDGE_CURVE ( 'NONE', #4978, #3360, #2955, .T. ) ;
#3124 = ORIENTED_EDGE ( 'NONE', *, *, #3089, .T. ) ;
#3125 = DIRECTION ( 'NONE',  ( -0.2810846377147289687, -0.6785983445458587671, 0.6785983445458729779 ) ) ;
#3126 = DIRECTION ( 'NONE',  ( -0.000000000000000000, -0.000000000000000000, -1.000000000000000000 ) ) ;
#3127 = DIRECTION ( 'NONE',  ( 1.000000000000000000, 1.146174137548107039E-17, 0.000000000000000000 ) ) ;
#3128 = AXIS2_PLACEMENT_3D ( 'NONE', #6274, #4358, #2938 ) ;
#3129 = DIRECTION ( 'NONE',  ( -0.7071067811865482389, 0.7071067811865469066, 0.000000000000000000 ) ) ;
#3130 = AXIS2_PLACEMENT_3D ( 'NONE', #4746, #1843, #4710 ) ;
#3131 = ORIENTED_EDGE ( 'NONE', *, *, #518, .F. ) ;
#3132 = VERTEX_POINT ( 'NONE', #15 ) ;
#3133 = CYLINDRICAL_SURFACE ( 'NONE', #2559, 1.699999999999993072 ) ;
#3134 = CARTESIAN_POINT ( 'NONE',  ( 74.26692151384303031, -51.58491490983000460, 3.600000000000000533 ) ) ;
#3135 = DIRECTION ( 'NONE',  ( -2.255836171106191928E-16, -1.000000000000000000, 0.000000000000000000 ) ) ;
#3136 = ORIENTED_EDGE ( 'NONE', *, *, #4077, .T. ) ;
#3137 = LINE ( 'NONE', #2157, #2692 ) ;
#3138 = ORIENTED_EDGE ( 'NONE', *, *, #5279, .F. ) ;
#3139 = CARTESIAN_POINT ( 'NONE',  ( 75.77474980949854455, -1.553348473066862967, 9.999999999999996447 ) ) ;
#3140 = ORIENTED_EDGE ( 'NONE', *, *, #3877, .T. ) ;
#3141 = CARTESIAN_POINT ( 'NONE',  ( 71.16692151384302178, -3.557475234951000598, 7.600000000000000533 ) ) ;
#3142 = CARTESIAN_POINT ( 'NONE',  ( 7.596199159746239715, 2.774709169418827504, 16.00000000000000000 ) ) ;
#3143 = ORIENTED_EDGE ( 'NONE', *, *, #6058, .T. ) ;
#3144 = EDGE_LOOP ( 'NONE', ( #4593, #3683, #4944, #4125 ) ) ;
#3145 = DIRECTION ( 'NONE',  ( -0.000000000000000000, 0.7071067811865530128, -0.7071067811865421326 ) ) ;
#3146 = EDGE_LOOP ( 'NONE', ( #4912, #5889, #1605, #543 ) ) ;
#3147 = CARTESIAN_POINT ( 'NONE',  ( 67.42844382976137751, -50.13817845388540206, 5.000000000000000000 ) ) ;
#3148 = CARTESIAN_POINT ( 'NONE',  ( 6.641434295410469701, 6.641434295410435951, -13.91866057222030229 ) ) ;
#3149 = EDGE_CURVE ( 'NONE', #4504, #3072, #1987, .T. ) ;
#3150 = DIRECTION ( 'NONE',  ( -0.000000000000000000, 0.000000000000000000, 1.000000000000000000 ) ) ;
#3151 = LINE ( 'NONE', #4094, #2379 ) ;
#3152 = LINE ( 'NONE', #5435, #4026 ) ;
#3153 = EDGE_LOOP ( 'NONE', ( #5278, #861, #448, #2822 ) ) ;
#3154 = DIRECTION ( 'NONE',  ( -0.000000000000000000, -0.000000000000000000, -1.000000000000000000 ) ) ;
#3155 = DIRECTION ( 'NONE',  ( -0.000000000000000000, 0.000000000000000000, 1.000000000000000000 ) ) ;
#3156 = DIRECTION ( 'NONE',  ( 1.000000000000000000, 2.409338161078898687E-16, 0.000000000000000000 ) ) ;
#3157 = DIRECTION ( 'NONE',  ( -0.000000000000000000, -0.000000000000000000, -1.000000000000000000 ) ) ;
#3158 = ORIENTED_EDGE ( 'NONE', *, *, #2615, .F. ) ;
#3159 = ORIENTED_EDGE ( 'NONE', *, *, #3413, .F. ) ;
#3160 = ORIENTED_EDGE ( 'NONE', *, *, #1210, .T. ) ;
#3161 = CARTESIAN_POINT ( 'NONE',  ( 27.99999999999997868, -8.852281976497579308, 5.000000000000000000 ) ) ;
#3162 = CARTESIAN_POINT ( 'NONE',  ( 78.00000000000000000, 0.1715728752537943602, 16.00000000000000000 ) ) ;
#3163 = LINE ( 'NONE', #2222, #2081 ) ;
#3164 = VERTEX_POINT ( 'NONE', #3458 ) ;
#3165 = PLANE ( 'NONE',  #1639 ) ;
#3166 = DIRECTION ( 'NONE',  ( -2.255836171106191928E-16, -1.000000000000000000, 0.000000000000000000 ) ) ;
#3167 = ORIENTED_EDGE ( 'NONE', *, *, #5881, .F. ) ;
#3168 = EDGE_CURVE ( 'NONE', #2819, #5746, #1582, .T. ) ;
#3169 = ORIENTED_EDGE ( 'NONE', *, *, #652, .F. ) ;
#3170 = CARTESIAN_POINT ( 'NONE',  ( 66.31952070086401818, -1.625102115043186579, 10.00000000000000000 ) ) ;
#3171 = CARTESIAN_POINT ( 'NONE',  ( 31.39510887530267524, 0.000000000000000000, 16.00000000000000000 ) ) ;
#3172 = VERTEX_POINT ( 'NONE', #1646 ) ;
#3173 = CYLINDRICAL_SURFACE ( 'NONE', #5981, 1.699999999999993072 ) ;
#3174 = ORIENTED_EDGE ( 'NONE', *, *, #2109, .F. ) ;
#3175 = CARTESIAN_POINT ( 'NONE',  ( 75.77474980949854455, -6.035541365997985075, 15.60000000000000320 ) ) ;
#3176 = LINE ( 'NONE', #1813, #197 ) ;
#3177 = LINE ( 'NONE', #2306, #2369 ) ;
#3178 = DIRECTION ( 'NONE',  ( 1.000000000000000000, -2.829561869369954081E-16, 0.000000000000000000 ) ) ;
#3179 = ORIENTED_EDGE ( 'NONE', *, *, #1708, .F. ) ;
#3180 = CARTESIAN_POINT ( 'NONE',  ( 4.718813060917079305, -48.41825635084256163, 8.218256350842411351 ) ) ;
#3181 = FACE_OUTER_BOUND ( 'NONE', #2874, .T. ) ;
#3182 = DIRECTION ( 'NONE',  ( -0.9999999924245159821, 0.0001230892683154107155, 0.000000000000000000 ) ) ;
#3183 = LINE ( 'NONE', #4105, #5168 ) ;
#3184 = VECTOR ( 'NONE', #4968, 1000.000000000000000 ) ;
#3185 = EDGE_LOOP ( 'NONE', ( #356, #2738, #5564, #3320 ) ) ;
#3186 = ORIENTED_EDGE ( 'NONE', *, *, #5814, .T. ) ;
#3187 = ORIENTED_EDGE ( 'NONE', *, *, #1809, .T. ) ;
#3188 = CARTESIAN_POINT ( 'NONE',  ( 0.000000000000000000, 0.000000000000000000, 16.00000000000000000 ) ) ;
#3189 = VECTOR ( 'NONE', #4245, 1000.000000000000000 ) ;
#3190 = PLANE ( 'NONE',  #1536 ) ;
#3191 = CARTESIAN_POINT ( 'NONE',  ( 75.77474980949905614, -49.16096590200427130, 15.60000000000000142 ) ) ;
#3192 = EDGE_CURVE ( 'NONE', #2522, #4564, #98, .T. ) ;
#3193 = VECTOR ( 'NONE', #2076, 1000.000000000000000 ) ;
#3194 = ORIENTED_EDGE ( 'NONE', *, *, #3368, .T. ) ;
#3195 = PLANE ( 'NONE',  #5388 ) ;
#3196 = AXIS2_PLACEMENT_3D ( 'NONE', #4581, #3150, #6093 ) ;
#3197 = CARTESIAN_POINT ( 'NONE',  ( 7.596199159746238827, -4.625102115043496553, 5.000000000000000000 ) ) ;
#3198 = VECTOR ( 'NONE', #4083, 1000.000000000000000 ) ;
#3199 = VERTEX_POINT ( 'NONE', #3546 ) ;
#3200 = EDGE_LOOP ( 'NONE', ( #2006, #5762, #3536, #1067 ) ) ;
#3201 = DIRECTION ( 'NONE',  ( 0.7071067811865487940, 0.7071067811865463515, 0.000000000000000000 ) ) ;
#3202 = AXIS2_PLACEMENT_3D ( 'NONE', #2491, #1121, #3962 ) ;
#3203 = VECTOR ( 'NONE', #1906, 1000.000000000000000 ) ;
#3204 = VERTEX_POINT ( 'NONE', #4093 ) ;
#3205 = CARTESIAN_POINT ( 'NONE',  ( 35.19622377457027085, 0.1514522000035573024, 9.999999999999996447 ) ) ;
#3206 = CARTESIAN_POINT ( 'NONE',  ( 0.7888036576080065254, -51.58491490983000460, 7.600000000000000533 ) ) ;
#3207 = DIRECTION ( 'NONE',  ( 0.7071067811865425767, -0.7071067811865525687, 0.000000000000000000 ) ) ;
#3208 = LINE ( 'NONE', #6233, #3399 ) ;
#3209 = VECTOR ( 'NONE', #5231, 1000.000000000000114 ) ;
#3210 = VECTOR ( 'NONE', #4596, 1000.000000000000000 ) ;
#3211 = DIRECTION ( 'NONE',  ( 0.000000000000000000, -0.000000000000000000, 1.000000000000000000 ) ) ;
#3212 = ADVANCED_FACE ( 'NONE', ( #1131 ), #69, .T. ) ;
#3213 = VECTOR ( 'NONE', #2068, 1000.000000000000000 ) ;
#3214 = VECTOR ( 'NONE', #4690, 999.9999999999998863 ) ;
#3215 = ORIENTED_EDGE ( 'NONE', *, *, #5132, .T. ) ;
#3216 = CARTESIAN_POINT ( 'NONE',  ( 37.32697483822219908, 37.32697483819602269, 16.00000000000000000 ) ) ;
#3217 = DIRECTION ( 'NONE',  ( 0.000000000000000000, 0.000000000000000000, 1.000000000000000000 ) ) ;
#3218 = PLANE ( 'NONE',  #6321 ) ;
#3219 = PLANE ( 'NONE',  #3106 ) ;
#3220 = CIRCLE ( 'NONE', #325, 1.699999999999993072 ) ;
#3221 = EDGE_CURVE ( 'NONE', #3790, #3258, #4031, .T. ) ;
#3222 = VERTEX_POINT ( 'NONE', #5117 ) ;
#3223 = ORIENTED_EDGE ( 'NONE', *, *, #5796, .T. ) ;
#3224 = ORIENTED_EDGE ( 'NONE', *, *, #6208, .F. ) ;
#3225 = CIRCLE ( 'NONE', #636, 1.700000000000000178 ) ;
#3226 = CARTESIAN_POINT ( 'NONE',  ( 35.39619915974623154, -2.048408330771434027, 9.799999999999981171 ) ) ;
#3227 = DIRECTION ( 'NONE',  ( -0.7071067811865472397, 0.7071067811865479058, -0.000000000000000000 ) ) ;
#3228 = DIRECTION ( 'NONE',  ( -1.000000000000000000, 0.000000000000000000, 0.000000000000000000 ) ) ;
#3229 = EDGE_LOOP ( 'NONE', ( #2598, #2898, #1123, #4097, #3092 ) ) ;
#3230 = LINE ( 'NONE', #870, #3203 ) ;
#3231 = LINE ( 'NONE', #3734, #4526 ) ;
#3232 = ADVANCED_FACE ( 'NONE', ( #3994 ), #2530, .F. ) ;
#3233 = ORIENTED_EDGE ( 'NONE', *, *, #4408, .T. ) ;
#3234 = VERTEX_POINT ( 'NONE', #1166 ) ;
#3235 = EDGE_CURVE ( 'NONE', #2443, #4099, #3047, .T. ) ;
#3236 = LINE ( 'NONE', #4294, #5494 ) ;
#3237 = ORIENTED_EDGE ( 'NONE', *, *, #5496, .F. ) ;
#3238 = CARTESIAN_POINT ( 'NONE',  ( 1.495509302526223383, 1.174709169418566068, 16.00000000000000000 ) ) ;
#3239 = DIRECTION ( 'NONE',  ( 0.5773502691896268413, 0.5773502691896272854, -0.5773502691896230665 ) ) ;
#3240 = DIRECTION ( 'NONE',  ( 0.0001230892683154107155, 0.9999999924245159821, -0.000000000000000000 ) ) ;
#3241 = CARTESIAN_POINT ( 'NONE',  ( 19.39497138503848461, 0.1533971646133859557, 9.999999999999996447 ) ) ;
#3242 = CARTESIAN_POINT ( 'NONE',  ( 0.07139025090989545297, -25.33434600564663342, 9.999999999999996447 ) ) ;
#3243 = ORIENTED_EDGE ( 'NONE', *, *, #3265, .F. ) ;
#3244 = LINE ( 'NONE', #786, #3836 ) ;
#3245 = DIRECTION ( 'NONE',  ( 0.7071067811865475727, 0.000000000000000000, -0.7071067811865475727 ) ) ;
#3246 = CARTESIAN_POINT ( 'NONE',  ( 7.596199159746238827, -1.625102115043347784, 5.000000000000000000 ) ) ;
#3247 = DIRECTION ( 'NONE',  ( 2.255836171106191928E-16, 1.000000000000000000, 0.000000000000000000 ) ) ;
#3248 = VERTEX_POINT ( 'NONE', #2041 ) ;
#3249 = ORIENTED_EDGE ( 'NONE', *, *, #2781, .F. ) ;
#3250 = EDGE_LOOP ( 'NONE', ( #3215, #4457, #1193, #1281 ) ) ;
#3251 = DIRECTION ( 'NONE',  ( -0.7071067811865475727, 1.762579805982907941E-16, -0.7071067811865475727 ) ) ;
#3252 = DIRECTION ( 'NONE',  ( 0.000000000000000000, 0.000000000000000000, -1.000000000000000000 ) ) ;
#3253 = DIRECTION ( 'NONE',  ( 0.7071067811865472397, -0.7071067811865479058, 0.000000000000000000 ) ) ;
#3254 = EDGE_LOOP ( 'NONE', ( #2630, #5859, #5503, #793 ) ) ;
#3255 = DIRECTION ( 'NONE',  ( -0.2810846377148340514, -0.6785983445458441121, -0.6785983445458442231 ) ) ;
#3256 = ORIENTED_EDGE ( 'NONE', *, *, #2516, .T. ) ;
#3257 = PLANE ( 'NONE',  #203 ) ;
#3258 = VERTEX_POINT ( 'NONE', #6035 ) ;
#3259 = CARTESIAN_POINT ( 'NONE',  ( 19.01078962915377701, 0.8688513050422661532, 9.999999999999996447 ) ) ;
#3260 = ORIENTED_EDGE ( 'NONE', *, *, #1439, .T. ) ;
#3261 = VERTEX_POINT ( 'NONE', #2655 ) ;
#3262 = LINE ( 'NONE', #2207, #5677 ) ;
#3263 = CARTESIAN_POINT ( 'NONE',  ( 0.2716018270995825268, -25.41729955844882483, 9.999999999999996447 ) ) ;
#3264 = DIRECTION ( 'NONE',  ( -1.000000000000000000, 0.000000000000000000, 0.000000000000000000 ) ) ;
#3265 = EDGE_CURVE ( 'NONE', #2740, #3222, #4612, .T. ) ;
#3266 = ORIENTED_EDGE ( 'NONE', *, *, #2903, .F. ) ;
#3267 = DIRECTION ( 'NONE',  ( 0.000000000000000000, -1.000000000000000000, 0.000000000000000000 ) ) ;
#3268 = DIRECTION ( 'NONE',  ( -1.000000000000000000, 0.000000000000000000, 0.000000000000000000 ) ) ;
#3269 = ORIENTED_EDGE ( 'NONE', *, *, #4301, .T. ) ;
#3270 = CARTESIAN_POINT ( 'NONE',  ( 35.14572329801973183, 0.1009517234530206836, 12.05047586172651108 ) ) ;
#3271 = LINE ( 'NONE', #1238, #104 ) ;
#3272 = ORIENTED_EDGE ( 'NONE', *, *, #3439, .T. ) ;
#3273 = ORIENTED_EDGE ( 'NONE', *, *, #4072, .F. ) ;
#3274 = ORIENTED_EDGE ( 'NONE', *, *, #1955, .T. ) ;
#3275 = LINE ( 'NONE', #2316, #593 ) ;
#3276 = DIRECTION ( 'NONE',  ( -0.7071067811865719976, -8.104675050809373400E-18, 0.7071067811865231478 ) ) ;
#3277 = CARTESIAN_POINT ( 'NONE',  ( 75.77474980949854455, -1.553348473066862967, 9.999999999999996447 ) ) ;
#3278 = CARTESIAN_POINT ( 'NONE',  ( 53.97257100209129987, -53.40018871553937174, 10.00000000000000000 ) ) ;
#3279 = PRESENTATION_LAYER_ASSIGNMENT (  '', '', ( #2044 ) ) ;
#3280 = VERTEX_POINT ( 'NONE', #5541 ) ;
#3281 = FACE_OUTER_BOUND ( 'NONE', #1170, .T. ) ;
#3282 = VERTEX_POINT ( 'NONE', #3484 ) ;
#3283 = FACE_OUTER_BOUND ( 'NONE', #478, .T. ) ;
#3284 = ORIENTED_EDGE ( 'NONE', *, *, #2431, .T. ) ;
#3285 = VECTOR ( 'NONE', #5092, 1000.000000000000114 ) ;
#3286 = PLANE ( 'NONE',  #3315 ) ;
#3287 = ORIENTED_EDGE ( 'NONE', *, *, #5491, .T. ) ;
#3288 = ORIENTED_EDGE ( 'NONE', *, *, #5839, .T. ) ;
#3289 = CIRCLE ( 'NONE', #601, 3.000000000000002665 ) ;
#3290 = LINE ( 'NONE', #4781, #338 ) ;
#3291 = CARTESIAN_POINT ( 'NONE',  ( 0.000000000000000000, -58.40000000000000568, 9.199999999999999289 ) ) ;
#3292 = ORIENTED_EDGE ( 'NONE', *, *, #3956, .T. ) ;
#3293 = FACE_BOUND ( 'NONE', #2284, .T. ) ;
#3294 = PLANE ( 'NONE',  #5593 ) ;
#3295 = VECTOR ( 'NONE', #3463, 1000.000000000000000 ) ;
#3296 = ADVANCED_FACE ( 'NONE', ( #3520 ), #1097, .T. ) ;
#3297 = AXIS2_PLACEMENT_3D ( 'NONE', #1907, #1407, #3562 ) ;
#3298 = ORIENTED_EDGE ( 'NONE', *, *, #882, .F. ) ;
#3299 = VECTOR ( 'NONE', #4613, 1000.000000000000000 ) ;
#3300 = DIRECTION ( 'NONE',  ( -1.000000000000000000, -4.219871075279662980E-17, 0.000000000000000000 ) ) ;
#3301 = CARTESIAN_POINT ( 'NONE',  ( 1.599811284461571947, -27.19977063771850112, 10.00000000000000000 ) ) ;
#3302 = AXIS2_PLACEMENT_3D ( 'NONE', #2816, #3322, #2348 ) ;
#3303 = VERTEX_POINT ( 'NONE', #193 ) ;
#3304 = DIRECTION ( 'NONE',  ( 1.000000000000000000, 1.927470528863119049E-16, 0.000000000000000000 ) ) ;
#3305 = ADVANCED_FACE ( 'NONE', ( #3077 ), #554, .F. ) ;
#3306 = CARTESIAN_POINT ( 'NONE',  ( -3.400000000000017675, -57.33725830020303249, 16.00000000000000000 ) ) ;
#3307 = EDGE_CURVE ( 'NONE', #4296, #282, #195, .T. ) ;
#3308 = EDGE_CURVE ( 'NONE', #5139, #5312, #5482, .T. ) ;
#3309 = VECTOR ( 'NONE', #840, 1000.000000000000114 ) ;
#3310 = AXIS2_PLACEMENT_3D ( 'NONE', #73, #559, #4102 ) ;
#3311 = ORIENTED_EDGE ( 'NONE', *, *, #3995, .F. ) ;
#3312 = VERTEX_POINT ( 'NONE', #4494 ) ;
#3313 = LINE ( 'NONE', #2288, #5561 ) ;
#3314 = CARTESIAN_POINT ( 'NONE',  ( 75.86889194512278323, -53.24466313690275143, 9.999999999999996447 ) ) ;
#3315 = AXIS2_PLACEMENT_3D ( 'NONE', #706, #5635, #6257 ) ;
#3316 = DIRECTION ( 'NONE',  ( -0.000000000000000000, -1.000000000000000000, -0.000000000000000000 ) ) ;
#3317 = LINE ( 'NONE', #6343, #4143 ) ;
#3318 = EDGE_CURVE ( 'NONE', #425, #5662, #581, .T. ) ;
#3319 = AXIS2_PLACEMENT_3D ( 'NONE', #4670, #2674, #6217 ) ;
#3320 = ORIENTED_EDGE ( 'NONE', *, *, #5952, .T. ) ;
#3321 = ORIENTED_EDGE ( 'NONE', *, *, #3845, .F. ) ;
#3322 = DIRECTION ( 'NONE',  ( -0.000000000000000000, -0.000000000000000000, -1.000000000000000000 ) ) ;
#3323 = LINE ( 'NONE', #935, #1531 ) ;
#3324 = VECTOR ( 'NONE', #5356, 1000.000000000000000 ) ;
#3325 = CARTESIAN_POINT ( 'NONE',  ( 0.000000000000000000, -58.00000000000000711, 16.00000000000000000 ) ) ;
#3326 = ORIENTED_EDGE ( 'NONE', *, *, #1672, .T. ) ;
#3327 = ORIENTED_EDGE ( 'NONE', *, *, #4181, .F. ) ;
#3328 = AXIS2_PLACEMENT_3D ( 'NONE', #2859, #1325, #1361 ) ;
#3329 = DIRECTION ( 'NONE',  ( 0.000000000000000000, 0.000000000000000000, -1.000000000000000000 ) ) ;
#3330 = VERTEX_POINT ( 'NONE', #4553 ) ;
#3331 = LINE ( 'NONE', #907, #2385 ) ;
#3332 = CARTESIAN_POINT ( 'NONE',  ( 75.33725830020301828, -58.39999999999998437, 3.600000000000000533 ) ) ;
#3333 =( GEOMETRIC_REPRESENTATION_CONTEXT ( 3 ) GLOBAL_UNCERTAINTY_ASSIGNED_CONTEXT ( ( #6242 ) ) GLOBAL_UNIT_ASSIGNED_CONTEXT ( ( #3802, #354, #326 ) ) REPRESENTATION_CONTEXT ( 'NONE', 'WORKASPACE' ) );
#3334 = ORIENTED_EDGE ( 'NONE', *, *, #1972, .T. ) ;
#3335 = DIRECTION ( 'NONE',  ( 1.000000000000000000, 0.000000000000000000, 0.000000000000000000 ) ) ;
#3336 = DIRECTION ( 'NONE',  ( -0.000000000000000000, -0.000000000000000000, -1.000000000000000000 ) ) ;
#3337 = CARTESIAN_POINT ( 'NONE',  ( -3.400000000000005240, 0.3372583002030398180, 15.60000000000000320 ) ) ;
#3338 = CARTESIAN_POINT ( 'NONE',  ( 8.999999999999982236, -8.852281976497886617, 5.000000000000000000 ) ) ;
#3339 = CARTESIAN_POINT ( 'NONE',  ( 7.536713332477183336, -52.80712331010414573, 26.53671333247720199 ) ) ;
#3340 = VERTEX_POINT ( 'NONE', #4063 ) ;
#3341 = ORIENTED_EDGE ( 'NONE', *, *, #3374, .T. ) ;
#3342 = EDGE_LOOP ( 'NONE', ( #340, #3287, #2446, #5207 ) ) ;
#3343 = CARTESIAN_POINT ( 'NONE',  ( 44.99999999999999289, -44.85228197649742299, 3.599999999999999201 ) ) ;
#3344 = CARTESIAN_POINT ( 'NONE',  ( -0.4788290147062449487, -4.445634502863148541, 15.27882901470484001 ) ) ;
#3345 = CARTESIAN_POINT ( 'NONE',  ( -25.67583028905752940, -25.67583028905751519, 16.00000000000000000 ) ) ;
#3346 = CARTESIAN_POINT ( 'NONE',  ( -0.8000000000006859402, -1.686485558056295853, 15.60000000000000320 ) ) ;
#3347 = VERTEX_POINT ( 'NONE', #5570 ) ;
#3348 = LINE ( 'NONE', #2651, #2148 ) ;
#3349 = CARTESIAN_POINT ( 'NONE',  ( 18.73212781767186286, -2.246332549098110309, 5.000000000000000000 ) ) ;
#3350 = DIRECTION ( 'NONE',  ( -1.000000000000000000, 0.000000000000000000, 0.000000000000000000 ) ) ;
#3351 = FACE_OUTER_BOUND ( 'NONE', #1579, .T. ) ;
#3352 = ORIENTED_EDGE ( 'NONE', *, *, #746, .T. ) ;
#3353 = ORIENTED_EDGE ( 'NONE', *, *, #5366, .T. ) ;
#3354 = CARTESIAN_POINT ( 'NONE',  ( 35.86286582641290721, 2.466666666666662788, 11.06666666666666110 ) ) ;
#3355 = ORIENTED_EDGE ( 'NONE', *, *, #2956, .T. ) ;
#3356 = CARTESIAN_POINT ( 'NONE',  ( 6.988803657608005260, -51.58491490983000460, 7.600000000000000533 ) ) ;
#3357 = DIRECTION ( 'NONE',  ( -1.000000000000000000, -1.146174137548107193E-17, 0.000000000000000000 ) ) ;
#3358 = EDGE_CURVE ( 'NONE', #1389, #4602, #1611, .T. ) ;
#3359 = CYLINDRICAL_SURFACE ( 'NONE', #4505, 3.000000000000002665 ) ;
#3360 = VERTEX_POINT ( 'NONE', #653 ) ;
#3361 = LINE ( 'NONE', #1007, #4364 ) ;
#3362 = DIRECTION ( 'NONE',  ( 0.000000000000000000, 1.000000000000000000, 0.000000000000000000 ) ) ;
#3363 = LINE ( 'NONE', #5941, #2566 ) ;
#3364 = PLANE ( 'NONE',  #92 ) ;
#3365 = CARTESIAN_POINT ( 'NONE',  ( 54.23615939370861838, -55.80000000000088534, 9.999999999999996447 ) ) ;
#3366 = ORIENTED_EDGE ( 'NONE', *, *, #5679, .F. ) ;
#3367 = ORIENTED_EDGE ( 'NONE', *, *, #566, .F. ) ;
#3368 = EDGE_CURVE ( 'NONE', #4522, #3986, #2135, .T. ) ;
#3369 = ORIENTED_EDGE ( 'NONE', *, *, #4046, .F. ) ;
#3370 = ORIENTED_EDGE ( 'NONE', *, *, #2990, .F. ) ;
#3371 = CARTESIAN_POINT ( 'NONE',  ( 66.86862915010141251, -66.86862915010156883, 15.60000000000000142 ) ) ;
#3372 = CARTESIAN_POINT ( 'NONE',  ( 69.42844382976136330, -48.13817845388539496, 10.00000000000000000 ) ) ;
#3373 = DIRECTION ( 'NONE',  ( 1.000000000000000000, 0.000000000000000000, 0.000000000000000000 ) ) ;
#3374 = EDGE_CURVE ( 'NONE', #61, #1242, #3177, .T. ) ;
#3375 = CARTESIAN_POINT ( 'NONE',  ( 1.378352015000862130, 1.057551881893263213, 16.00000000000000000 ) ) ;
#3376 = ADVANCED_FACE ( 'NONE', ( #1318, #5150, #3742, #3293, #753, #5222, #3673, #2730, #5190, #5669, #6134 ), #3709, .F. ) ;
#3377 = VERTEX_POINT ( 'NONE', #6161 ) ;
#3378 = DIRECTION ( 'NONE',  ( 0.7086689616036375705, 0.7055411418617784092, 0.000000000000000000 ) ) ;
#3379 = AXIS2_PLACEMENT_3D ( 'NONE', #95, #2073, #6030 ) ;
#3380 = CARTESIAN_POINT ( 'NONE',  ( 3.888803657608006059, -51.58491490983000460, 7.600000000000000533 ) ) ;
#3381 = CARTESIAN_POINT ( 'NONE',  ( 11.73305320750796632, -55.80000000000053717, 9.999999999999996447 ) ) ;
#3382 = ORIENTED_EDGE ( 'NONE', *, *, #2809, .F. ) ;
#3383 = LINE ( 'NONE', #3325, #1772 ) ;
#3384 = VECTOR ( 'NONE', #1683, 1000.000000000000000 ) ;
#3385 = ORIENTED_EDGE ( 'NONE', *, *, #2402, .T. ) ;
#3386 = EDGE_CURVE ( 'NONE', #2690, #940, #4685, .T. ) ;
#3387 = ORIENTED_EDGE ( 'NONE', *, *, #1994, .T. ) ;
#3388 = LINE ( 'NONE', #2423, #6303 ) ;
#3389 = AXIS2_PLACEMENT_3D ( 'NONE', #5883, #531, #3856 ) ;
#3390 = ORIENTED_EDGE ( 'NONE', *, *, #3358, .F. ) ;
#3391 = LINE ( 'NONE', #5384, #304 ) ;
#3392 = CARTESIAN_POINT ( 'NONE',  ( -3.400000000000005240, 7.669842981761063598E-16, 15.60000000000000320 ) ) ;
#3393 = VECTOR ( 'NONE', #3518, 1000.000000000000000 ) ;
#3394 = EDGE_LOOP ( 'NONE', ( #5519, #5129, #4471, #5140 ) ) ;
#3395 = ORIENTED_EDGE ( 'NONE', *, *, #4800, .F. ) ;
#3396 = CARTESIAN_POINT ( 'NONE',  ( 78.00000000000000000, -8.337699060429040188, 16.00000000000000000 ) ) ;
#3397 = DIRECTION ( 'NONE',  ( 1.000000000000000000, 0.000000000000000000, -0.000000000000000000 ) ) ;
#3398 = FACE_OUTER_BOUND ( 'NONE', #3474, .T. ) ;
#3399 = VECTOR ( 'NONE', #5288, 1000.000000000000000 ) ;
#3400 = VECTOR ( 'NONE', #2684, 999.9999999999998863 ) ;
#3401 = CARTESIAN_POINT ( 'NONE',  ( 66.31952070086401818, -5.625102115043186579, 20.01838090617253485 ) ) ;
#3402 = ORIENTED_EDGE ( 'NONE', *, *, #2545, .T. ) ;
#3403 = VECTOR ( 'NONE', #1603, 1000.000000000000000 ) ;
#3404 = AXIS2_PLACEMENT_3D ( 'NONE', #278, #5239, #899 ) ;
#3405 = ORIENTED_EDGE ( 'NONE', *, *, #1431, .T. ) ;
#3406 = DIRECTION ( 'NONE',  ( -0.000000000000000000, -0.000000000000000000, 1.000000000000000000 ) ) ;
#3407 = CARTESIAN_POINT ( 'NONE',  ( -30.36862915010154396, -30.36862915010123842, 15.60000000000000320 ) ) ;
#3408 = EDGE_CURVE ( 'NONE', #1567, #5323, #1716, .T. ) ;
#3409 = DIRECTION ( 'NONE',  ( 0.000000000000000000, 1.000000000000000000, 0.000000000000000000 ) ) ;
#3410 = CIRCLE ( 'NONE', #516, 1.699999999999993072 ) ;
#3411 = VECTOR ( 'NONE', #3824, 1000.000000000000000 ) ;
#3412 = LINE ( 'NONE', #5336, #4967 ) ;
#3413 = EDGE_CURVE ( 'NONE', #3907, #1790, #263, .T. ) ;
#3414 = VERTEX_POINT ( 'NONE', #713 ) ;
#3415 = VECTOR ( 'NONE', #2033, 1000.000000000000000 ) ;
#3416 = CARTESIAN_POINT ( 'NONE',  ( 5.474878816186600439, -6.746422458603144712, 20.01838090617253485 ) ) ;
#3417 = CARTESIAN_POINT ( 'NONE',  ( 27.99999999999998224, -8.852281976497579308, -42.42640687119285303 ) ) ;
#3418 = EDGE_CURVE ( 'NONE', #5673, #2404, #3208, .T. ) ;
#3419 = LINE ( 'NONE', #473, #3615 ) ;
#3420 = VECTOR ( 'NONE', #567, 1000.000000000000000 ) ;
#3421 = ORIENTED_EDGE ( 'NONE', *, *, #5761, .F. ) ;
#3422 = VERTEX_POINT ( 'NONE', #5706 ) ;
#3423 = EDGE_CURVE ( 'NONE', #3600, #5513, #2237, .T. ) ;
#3424 = VECTOR ( 'NONE', #4448, 1000.000000000000114 ) ;
#3425 = CARTESIAN_POINT ( 'NONE',  ( 36.39619915974623865, -4.931739154187178009, 9.600000000000001421 ) ) ;
#3426 = ORIENTED_EDGE ( 'NONE', *, *, #5396, .T. ) ;
#3427 = LINE ( 'NONE', #2455, #1 ) ;
#3428 = CARTESIAN_POINT ( 'NONE',  ( 73.83199975054388631, -7.978291424952627331, 15.60000000000000320 ) ) ;
#3429 = VECTOR ( 'NONE', #2011, 1000.000000000000000 ) ;
#3430 = ORIENTED_EDGE ( 'NONE', *, *, #1501, .F. ) ;
#3431 = EDGE_LOOP ( 'NONE', ( #2314, #5303, #1307, #5252 ) ) ;
#3432 = DIRECTION ( 'NONE',  ( 1.927470528863119295E-16, -1.000000000000000000, 0.000000000000000000 ) ) ;
#3433 = CARTESIAN_POINT ( 'NONE',  ( 0.000000000000000000, 0.000000000000000000, 10.00000000000000000 ) ) ;
#3434 = CARTESIAN_POINT ( 'NONE',  ( 8.999999999999980460, -55.80000000000038796, -13.91866057222030229 ) ) ;
#3435 = DIRECTION ( 'NONE',  ( 0.000000000000000000, 0.000000000000000000, -1.000000000000000000 ) ) ;
#3436 = EDGE_LOOP ( 'NONE', ( #4288, #1940, #3387, #6269 ) ) ;
#3437 = ORIENTED_EDGE ( 'NONE', *, *, #5385, .T. ) ;
#3438 = LINE ( 'NONE', #989, #185 ) ;
#3439 = EDGE_CURVE ( 'NONE', #1591, #4835, #2698, .T. ) ;
#3440 = CARTESIAN_POINT ( 'NONE',  ( 75.86889194512278323, -53.24466313690275143, 9.999999999999996447 ) ) ;
#3441 = DIRECTION ( 'NONE',  ( -1.000000000000000000, 0.000000000000000000, 0.000000000000000000 ) ) ;
#3442 = CARTESIAN_POINT ( 'NONE',  ( 0.7888036576080065254, -51.58491490983000460, 7.600000000000000533 ) ) ;
#3443 = ORIENTED_EDGE ( 'NONE', *, *, #2002, .F. ) ;
#3444 = DIRECTION ( 'NONE',  ( -0.7071067781126627594, 6.593271403669887279E-05, 0.7071067811865522357 ) ) ;
#3445 = ORIENTED_EDGE ( 'NONE', *, *, #1063, .T. ) ;
#3446 = PLANE ( 'NONE',  #4356 ) ;
#3447 = VERTEX_POINT ( 'NONE', #6194 ) ;
#3448 = ORIENTED_EDGE ( 'NONE', *, *, #4175, .F. ) ;
#3449 = DIRECTION ( 'NONE',  ( -0.7070197385735665918, 0.7071938130861762373, 0.000000000000000000 ) ) ;
#3450 = VERTEX_POINT ( 'NONE', #3645 ) ;
#3451 = LINE ( 'NONE', #3843, #6215 ) ;
#3452 = CARTESIAN_POINT ( 'NONE',  ( 6.988803657608006148, -3.557475234951000154, 7.600000000000000533 ) ) ;
#3453 = EDGE_CURVE ( 'NONE', #813, #1064, #809, .T. ) ;
#3454 = DIRECTION ( 'NONE',  ( -0.000000000000000000, 0.000000000000000000, 1.000000000000000000 ) ) ;
#3455 = ORIENTED_EDGE ( 'NONE', *, *, #2610, .T. ) ;
#3456 = CARTESIAN_POINT ( 'NONE',  ( 63.99999999999997158, -8.852281976497117455, -42.42640687119285303 ) ) ;
#3457 = CARTESIAN_POINT ( 'NONE',  ( 13.69246318057777856, 13.65555713196834553, 16.00000000000000000 ) ) ;
#3458 = CARTESIAN_POINT ( 'NONE',  ( 78.39999999999999147, 0.3372583002030429822, 3.600000000000000533 ) ) ;
#3459 = DIRECTION ( 'NONE',  ( 0.9999999924245159821, -0.0001230892683154107155, 0.000000000000000000 ) ) ;
#3460 = ORIENTED_EDGE ( 'NONE', *, *, #6400, .F. ) ;
#3461 = LINE ( 'NONE', #1372, #5672 ) ;
#3462 = CARTESIAN_POINT ( 'NONE',  ( -0.7999999999999742872, -29.61728517063269805, 9.999999999999996447 ) ) ;
#3463 = DIRECTION ( 'NONE',  ( -1.000000000000000000, -1.146174137548107039E-17, 0.000000000000000000 ) ) ;
#3464 = ADVANCED_FACE ( 'NONE', ( #4172 ), #2269, .F. ) ;
#3465 = ORIENTED_EDGE ( 'NONE', *, *, #661, .T. ) ;
#3466 = LINE ( 'NONE', #5461, #1837 ) ;
#3467 = CARTESIAN_POINT ( 'NONE',  ( 71.16692151384302178, -3.557475234951000598, 7.600000000000000533 ) ) ;
#3468 = EDGE_LOOP ( 'NONE', ( #6185, #2264, #1990, #239, #5979, #5897, #1386, #397 ) ) ;
#3469 = PLANE ( 'NONE',  #844 ) ;
#3470 = ORIENTED_EDGE ( 'NONE', *, *, #5934, .F. ) ;
#3471 = VERTEX_POINT ( 'NONE', #781 ) ;
#3472 = DIRECTION ( 'NONE',  ( 0.5000000000000103251, -0.4999999999999859557, 0.7071067811865501263 ) ) ;
#3473 = LINE ( 'NONE', #1538, #6308 ) ;
#3474 = EDGE_LOOP ( 'NONE', ( #2771, #4955, #6309, #257, #794, #5107, #2027, #6366, #1268, #2794, #2890, #3606, #3577, #5867 ) ) ;
#3475 = LINE ( 'NONE', #548, #3915 ) ;
#3476 = VECTOR ( 'NONE', #1593, 999.9999999999998863 ) ;
#3477 = CARTESIAN_POINT ( 'NONE',  ( 74.26692151384303031, -3.557475234951000154, 7.600000000000000533 ) ) ;
#3478 = EDGE_CURVE ( 'NONE', #173, #2819, #329, .T. ) ;
#3479 = VECTOR ( 'NONE', #4178, 1000.000000000000114 ) ;
#3480 = CARTESIAN_POINT ( 'NONE',  ( 1.599811284461571947, -53.20728525152132704, 10.00000000000000000 ) ) ;
#3481 = ORIENTED_EDGE ( 'NONE', *, *, #2258, .T. ) ;
#3482 = CARTESIAN_POINT ( 'NONE',  ( 50.04526237357385554, -1.625102115043172812, 10.00000000000000000 ) ) ;
#3483 = LINE ( 'NONE', #651, #5471 ) ;
#3484 = CARTESIAN_POINT ( 'NONE',  ( 1.599811284461573280, -47.98597515316583895, 10.00000000000000000 ) ) ;
#3485 = ADVANCED_FACE ( 'NONE', ( #2827 ), #4784, .T. ) ;
#3486 = CARTESIAN_POINT ( 'NONE',  ( -2.986909430915199781, 0.1661505839996926803, 16.01309056908480599 ) ) ;
#3487 = VECTOR ( 'NONE', #3329, 1000.000000000000000 ) ;
#3488 = VERTEX_POINT ( 'NONE', #4138 ) ;
#3489 = VECTOR ( 'NONE', #3117, 1000.000000000000000 ) ;
#3490 = DIRECTION ( 'NONE',  ( 0.5773976404398981632, 0.5772555150267770774, -0.5773976404399383533 ) ) ;
#3491 = VECTOR ( 'NONE', #5374, 999.9999999999998863 ) ;
#3492 = PLANE ( 'NONE',  #316 ) ;
#3493 = EDGE_CURVE ( 'NONE', #3080, #3790, #291, .T. ) ;
#3494 = PLANE ( 'NONE',  #5282 ) ;
#3495 = AXIS2_PLACEMENT_3D ( 'NONE', #2049, #6011, #3373 ) ;
#3496 = VECTOR ( 'NONE', #4047, 1000.000000000000000 ) ;
#3497 = VERTEX_POINT ( 'NONE', #5421 ) ;
#3498 = CARTESIAN_POINT ( 'NONE',  ( 50.70311946457120911, 0.000000000000000000, 15.60000000000000320 ) ) ;
#3499 = PLANE ( 'NONE',  #5057 ) ;
#3500 = VECTOR ( 'NONE', #4663, 1000.000000000000000 ) ;
#3501 = AXIS2_PLACEMENT_3D ( 'NONE', #4532, #5527, #3058 ) ;
#3502 = DIRECTION ( 'NONE',  ( 0.000000000000000000, -0.000000000000000000, -1.000000000000000000 ) ) ;
#3503 = ORIENTED_EDGE ( 'NONE', *, *, #562, .T. ) ;
#3504 = VECTOR ( 'NONE', #1718, 1000.000000000000000 ) ;
#3505 = AXIS2_PLACEMENT_3D ( 'NONE', #1327, #1237, #1759 ) ;
#3506 = ORIENTED_EDGE ( 'NONE', *, *, #1101, .T. ) ;
#3507 = CARTESIAN_POINT ( 'NONE',  ( 1.599811284461572614, -27.19977063771850112, 5.000000000000000000 ) ) ;
#3508 = DIRECTION ( 'NONE',  ( 0.000000000000000000, -0.000000000000000000, 1.000000000000000000 ) ) ;
#3509 = EDGE_CURVE ( 'NONE', #3763, #1790, #3391, .T. ) ;
#3510 = VERTEX_POINT ( 'NONE', #2885 ) ;
#3511 = DIRECTION ( 'NONE',  ( 0.7061519002946815560, -0.7080603743397946293, -0.000000000000000000 ) ) ;
#3512 = VECTOR ( 'NONE', #2420, 1000.000000000000114 ) ;
#3513 = FACE_OUTER_BOUND ( 'NONE', #4082, .T. ) ;
#3514 = EDGE_CURVE ( 'NONE', #5200, #520, #1413, .T. ) ;
#3515 = PLANE ( 'NONE',  #4310 ) ;
#3516 = ORIENTED_EDGE ( 'NONE', *, *, #4416, .F. ) ;
#3517 = DIRECTION ( 'NONE',  ( 3.129581944639607104E-17, -1.000000000000000000, 0.000000000000000000 ) ) ;
#3518 = DIRECTION ( 'NONE',  ( -0.000000000000000000, -0.000000000000000000, -1.000000000000000000 ) ) ;
#3519 = VERTEX_POINT ( 'NONE', #384 ) ;
#3520 = FACE_OUTER_BOUND ( 'NONE', #3153, .T. ) ;
#3521 = LINE ( 'NONE', #5517, #3299 ) ;
#3522 = VECTOR ( 'NONE', #3847, 1000.000000000000114 ) ;
#3523 = EDGE_CURVE ( 'NONE', #5431, #2194, #1978, .T. ) ;
#3524 = ORIENTED_EDGE ( 'NONE', *, *, #3318, .T. ) ;
#3525 = DIRECTION ( 'NONE',  ( 1.000000000000000000, 0.000000000000000000, 0.000000000000000000 ) ) ;
#3526 = CARTESIAN_POINT ( 'NONE',  ( 63.99999999999997158, -8.852281976497117455, 5.000000000000000000 ) ) ;
#3527 = CARTESIAN_POINT ( 'NONE',  ( 36.59619915974623439, 0.3512798780564213019, 9.799999999999993605 ) ) ;
#3528 = EDGE_CURVE ( 'NONE', #6021, #3164, #4850, .T. ) ;
#3529 = EDGE_CURVE ( 'NONE', #5574, #190, #3427, .T. ) ;
#3530 = EDGE_CURVE ( 'NONE', #6253, #4253, #3590, .T. ) ;
#3531 = ORIENTED_EDGE ( 'NONE', *, *, #1491, .T. ) ;
#3532 = LINE ( 'NONE', #6147, #808 ) ;
#3533 = CARTESIAN_POINT ( 'NONE',  ( -2.799999999999974953, -47.98597515316583895, 15.60000000000000142 ) ) ;
#3534 = DIRECTION ( 'NONE',  ( 0.000000000000000000, 0.000000000000000000, 1.000000000000000000 ) ) ;
#3535 = ADVANCED_FACE ( 'NONE', ( #2979 ), #1001, .T. ) ;
#3536 = ORIENTED_EDGE ( 'NONE', *, *, #586, .F. ) ;
#3537 = LINE ( 'NONE', #885, #3324 ) ;
#3538 = DIRECTION ( 'NONE',  ( -0.7071067781126627594, 6.593271403669887279E-05, 0.7071067811865522357 ) ) ;
#3539 = ORIENTED_EDGE ( 'NONE', *, *, #5120, .T. ) ;
#3540 = LINE ( 'NONE', #371, #2166 ) ;
#3541 = DIRECTION ( 'NONE',  ( 1.000000000000000000, 0.000000000000000000, -0.000000000000000000 ) ) ;
#3542 = VERTEX_POINT ( 'NONE', #4883 ) ;
#3543 = DIRECTION ( 'NONE',  ( -0.000000000000000000, 1.000000000000000000, -0.000000000000000000 ) ) ;
#3544 = CARTESIAN_POINT ( 'NONE',  ( 3.888803657608006059, -51.58491490983000460, 7.600000000000000533 ) ) ;
#3545 = DIRECTION ( 'NONE',  ( 0.000000000000000000, -0.7071067811865476838, 0.7071067811865473507 ) ) ;
#3546 = CARTESIAN_POINT ( 'NONE',  ( 1.495509302526471407, -56.19999999999998863, 16.00000000000000000 ) ) ;
#3547 = DIRECTION ( 'NONE',  ( 0.000000000000000000, 1.000000000000000000, 0.000000000000000000 ) ) ;
#3548 = EDGE_CURVE ( 'NONE', #950, #3542, #3331, .T. ) ;
#3549 = DIRECTION ( 'NONE',  ( 0.000000000000000000, 0.000000000000000000, -1.000000000000000000 ) ) ;
#3550 = ORIENTED_EDGE ( 'NONE', *, *, #5316, .T. ) ;
#3551 = DIRECTION ( 'NONE',  ( 0.000000000000000000, 1.000000000000000000, 0.000000000000000000 ) ) ;
#3552 = PLANE ( 'NONE',  #3087 ) ;
#3553 = CARTESIAN_POINT ( 'NONE',  ( 36.59619915974623439, 3.399999999999999911, 9.400000000000009237 ) ) ;
#3554 = CARTESIAN_POINT ( 'NONE',  ( 30.99510887530267667, -56.20000000000088392, 16.00000000000000000 ) ) ;
#3555 = ADVANCED_FACE ( 'NONE', ( #2923 ), #452, .T. ) ;
#3556 = EDGE_LOOP ( 'NONE', ( #537, #3160, #4745, #46, #1898, #350 ) ) ;
#3557 = VERTEX_POINT ( 'NONE', #2397 ) ;
#3558 = LINE ( 'NONE', #6049, #3682 ) ;
#3559 = CARTESIAN_POINT ( 'NONE',  ( 19.10493176477762134, 0.7747091694188102950, 9.999999999999996447 ) ) ;
#3560 = DIRECTION ( 'NONE',  ( -1.000000000000000000, 0.000000000000000000, 0.000000000000000000 ) ) ;
#3561 = ORIENTED_EDGE ( 'NONE', *, *, #3110, .F. ) ;
#3562 = DIRECTION ( 'NONE',  ( 1.000000000000000000, 0.000000000000000000, 0.000000000000000000 ) ) ;
#3563 = CYLINDRICAL_SURFACE ( 'NONE', #1434, 2.999999999999995559 ) ;
#3564 = EDGE_CURVE ( 'NONE', #4441, #3258, #3451, .T. ) ;
#3565 = ORIENTED_EDGE ( 'NONE', *, *, #1558, .T. ) ;
#3566 = CARTESIAN_POINT ( 'NONE',  ( 22.99999999999999289, -44.85228197649772852, 5.000000000000000000 ) ) ;
#3567 = CARTESIAN_POINT ( 'NONE',  ( 7.014024846834671756, -49.40018871553893121, 20.01838090617253485 ) ) ;
#3568 = VERTEX_POINT ( 'NONE', #4336 ) ;
#3569 = DIRECTION ( 'NONE',  ( 0.000000000000000000, 0.000000000000000000, 1.000000000000000000 ) ) ;
#3570 = CARTESIAN_POINT ( 'NONE',  ( 35.19619916126134740, -2.248359099608640665, 10.00000000000000000 ) ) ;
#3571 = CARTESIAN_POINT ( 'NONE',  ( 0.000000000000000000, 1.174709169418890697, 16.00000000000000000 ) ) ;
#3572 = CARTESIAN_POINT ( 'NONE',  ( 66.31952070086401818, 2.774709169418908772, 16.00000000000000000 ) ) ;
#3573 = CARTESIAN_POINT ( 'NONE',  ( 50.70311946457120911, -55.80000000000088534, 15.60000000000000320 ) ) ;
#3574 = CARTESIAN_POINT ( 'NONE',  ( 35.19622377457027085, 0.1514522000035573024, 9.999975385175959630 ) ) ;
#3575 = ORIENTED_EDGE ( 'NONE', *, *, #1771, .T. ) ;
#3576 = VECTOR ( 'NONE', #3753, 1000.000000000000000 ) ;
#3577 = ORIENTED_EDGE ( 'NONE', *, *, #3493, .T. ) ;
#3578 = CARTESIAN_POINT ( 'NONE',  ( 77.99999999999998579, -46.26976616585294266, 16.00000000000000000 ) ) ;
#3579 = DIRECTION ( 'NONE',  ( 0.000000000000000000, 0.000000000000000000, -1.000000000000000000 ) ) ;
#3580 = PLANE ( 'NONE',  #5495 ) ;
#3581 = AXIS2_PLACEMENT_3D ( 'NONE', #2735, #4758, #1270 ) ;
#3582 = PLANE ( 'NONE',  #1137 ) ;
#3583 = VECTOR ( 'NONE', #5348, 999.9999999999998863 ) ;
#3584 = ORIENTED_EDGE ( 'NONE', *, *, #1870, .F. ) ;
#3585 = VERTEX_POINT ( 'NONE', #4399 ) ;
#3586 = EDGE_CURVE ( 'NONE', #3488, #1242, #5320, .T. ) ;
#3587 = LINE ( 'NONE', #4595, #4932 ) ;
#3588 = CARTESIAN_POINT ( 'NONE',  ( -3.896992067663562732E-17, 3.399999999999999467, 15.60000000000000320 ) ) ;
#3589 = EDGE_CURVE ( 'NONE', #3781, #2347, #5837, .T. ) ;
#3590 = CIRCLE ( 'NONE', #822, 1.699999999999993072 ) ;
#3591 = VECTOR ( 'NONE', #3634, 1000.000000000000000 ) ;
#3592 = CARTESIAN_POINT ( 'NONE',  ( 71.16692151384302178, -51.58491490983000460, 12.00000000000000000 ) ) ;
#3593 = EDGE_LOOP ( 'NONE', ( #2686, #6359, #4938, #2099, #5244 ) ) ;
#3594 = ORIENTED_EDGE ( 'NONE', *, *, #2976, .T. ) ;
#3595 = VECTOR ( 'NONE', #4285, 1000.000000000000000 ) ;
#3596 = EDGE_CURVE ( 'NONE', #1258, #2095, #6382, .T. ) ;
#3597 = AXIS2_PLACEMENT_3D ( 'NONE', #4567, #1666, #2570 ) ;
#3598 = DIRECTION ( 'NONE',  ( 0.000000000000000000, 1.000000000000000000, 0.000000000000000000 ) ) ;
#3599 = DIRECTION ( 'NONE',  ( 1.000000000000000000, 0.000000000000000000, 0.000000000000000000 ) ) ;
#3600 = VERTEX_POINT ( 'NONE', #1914 ) ;
#3601 = CARTESIAN_POINT ( 'NONE',  ( -2.337258300203059580, -58.40000000000000568, 15.60000000000000320 ) ) ;
#3602 = CARTESIAN_POINT ( 'NONE',  ( 0.000000000000000000, -58.40000000000000568, 9.199999999999999289 ) ) ;
#3603 = VECTOR ( 'NONE', #16, 1000.000000000000000 ) ;
#3604 = AXIS2_PLACEMENT_3D ( 'NONE', #6141, #3156, #169 ) ;
#3605 = EDGE_CURVE ( 'NONE', #512, #5680, #3870, .T. ) ;
#3606 = ORIENTED_EDGE ( 'NONE', *, *, #5850, .F. ) ;
#3607 = FACE_BOUND ( 'NONE', #4606, .T. ) ;
#3608 = VECTOR ( 'NONE', #5562, 1000.000000000000000 ) ;
#3609 = CARTESIAN_POINT ( 'NONE',  ( 68.31952070086400397, 0.7747091694188932287, 12.00000000000000000 ) ) ;
#3610 = PLANE ( 'NONE',  #504 ) ;
#3611 = DIRECTION ( 'NONE',  ( 1.000000000000000000, 0.000000000000000000, 0.000000000000000000 ) ) ;
#3612 = DIRECTION ( 'NONE',  ( 1.000000000000000000, 0.000000000000000000, -0.000000000000000000 ) ) ;
#3613 = LINE ( 'NONE', #5611, #3829 ) ;
#3614 = ORIENTED_EDGE ( 'NONE', *, *, #586, .T. ) ;
#3615 = VECTOR ( 'NONE', #2448, 1000.000000000000000 ) ;
#3616 = ORIENTED_EDGE ( 'NONE', *, *, #2919, .F. ) ;
#3617 = CARTESIAN_POINT ( 'NONE',  ( 49.99999999999997868, -44.85228197649726667, 3.599999999999999201 ) ) ;
#3618 = DIRECTION ( 'NONE',  ( 0.000000000000000000, 0.000000000000000000, -1.000000000000000000 ) ) ;
#3619 = DIRECTION ( 'NONE',  ( -0.000000000000000000, -0.000000000000000000, -1.000000000000000000 ) ) ;
#3620 = VECTOR ( 'NONE', #403, 1000.000000000000114 ) ;
#3621 = CARTESIAN_POINT ( 'NONE',  ( 68.31952070086400397, 0.7747091694188932287, 11.99999999999999645 ) ) ;
#3622 = ORIENTED_EDGE ( 'NONE', *, *, #5015, .T. ) ;
#3623 = VECTOR ( 'NONE', #1513, 1000.000000000000000 ) ;
#3624 = EDGE_CURVE ( 'NONE', #2449, #2060, #5902, .T. ) ;
#3625 = ORIENTED_EDGE ( 'NONE', *, *, #654, .F. ) ;
#3626 = VERTEX_POINT ( 'NONE', #2947 ) ;
#3627 = LINE ( 'NONE', #5023, #2457 ) ;
#3628 = CARTESIAN_POINT ( 'NONE',  ( 67.42844382976137751, -50.13817845388540206, 20.01838090617253485 ) ) ;
#3629 = CARTESIAN_POINT ( 'NONE',  ( -3.000000000000007994, 6.767508513318593532E-16, 16.00000000000000000 ) ) ;
#3630 = ADVANCED_FACE ( 'NONE', ( #2855 ), #4939, .F. ) ;
#3631 = VERTEX_POINT ( 'NONE', #6325 ) ;
#3632 = EDGE_CURVE ( 'NONE', #1377, #2605, #2523, .T. ) ;
#3633 = CARTESIAN_POINT ( 'NONE',  ( 19.99999999999998224, -8.852281976497732074, 3.599999999999999201 ) ) ;
#3634 = DIRECTION ( 'NONE',  ( -0.000000000000000000, -0.000000000000000000, -1.000000000000000000 ) ) ;
#3635 = ORIENTED_EDGE ( 'NONE', *, *, #1690, .F. ) ;
#3636 = VERTEX_POINT ( 'NONE', #3566 ) ;
#3637 = CARTESIAN_POINT ( 'NONE',  ( 36.39619915974623865, -2.048506805216459448, 9.600000000000001421 ) ) ;
#3638 = PLANE ( 'NONE',  #4241 ) ;
#3639 = EDGE_CURVE ( 'NONE', #4863, #5000, #5961, .T. ) ;
#3640 = ORIENTED_EDGE ( 'NONE', *, *, #5850, .T. ) ;
#3641 = EDGE_LOOP ( 'NONE', ( #441, #4116, #1706, #3896 ) ) ;
#3642 = FACE_OUTER_BOUND ( 'NONE', #2817, .T. ) ;
#3643 = DIRECTION ( 'NONE',  ( 0.6785983445458454444, 0.2810846377148278896, -0.6785983445458454444 ) ) ;
#3644 = CARTESIAN_POINT ( 'NONE',  ( -0.01422320132031760012, -54.61013653828232606, -13.91866057222030229 ) ) ;
#3645 = CARTESIAN_POINT ( 'NONE',  ( 16.99999999999997868, -44.85228197649772852, 3.599999999999999201 ) ) ;
#3646 = DIRECTION ( 'NONE',  ( 2.891205793294678326E-16, -1.000000000000000000, 0.000000000000000000 ) ) ;
#3647 = CARTESIAN_POINT ( 'NONE',  ( 69.48286859082156752, -58.00000000000000711, 16.00000000000000000 ) ) ;
#3648 = VERTEX_POINT ( 'NONE', #5006 ) ;
#3649 = EDGE_LOOP ( 'NONE', ( #2197, #3999 ) ) ;
#3650 = CARTESIAN_POINT ( 'NONE',  ( 38.99999999999998579, -8.852281976497424765, 3.599999999999999201 ) ) ;
#3651 = CARTESIAN_POINT ( 'NONE',  ( 73.31355508202452143, -55.80000000000100613, 9.999999999999996447 ) ) ;
#3652 = DIRECTION ( 'NONE',  ( 0.000000000000000000, 0.000000000000000000, -1.000000000000000000 ) ) ;
#3653 = CYLINDRICAL_SURFACE ( 'NONE', #5692, 3.000000000000002665 ) ;
#3654 = ADVANCED_FACE ( 'NONE', ( #2128 ), #62, .T. ) ;
#3655 = ADVANCED_FACE ( 'NONE', ( #5071 ), #1034, .F. ) ;
#3656 = ORIENTED_EDGE ( 'NONE', *, *, #1998, .T. ) ;
#3657 = VERTEX_POINT ( 'NONE', #1575 ) ;
#3658 = VERTEX_POINT ( 'NONE', #4486 ) ;
#3659 = DIRECTION ( 'NONE',  ( -0.000000000000000000, -0.000000000000000000, 1.000000000000000000 ) ) ;
#3660 = CYLINDRICAL_SURFACE ( 'NONE', #3597, 1.700000000000000178 ) ;
#3661 = PLANE ( 'NONE',  #3319 ) ;
#3662 = EDGE_LOOP ( 'NONE', ( #6146, #1741, #229, #591 ) ) ;
#3663 = DIRECTION ( 'NONE',  ( -0.000000000000000000, -0.000000000000000000, -1.000000000000000000 ) ) ;
#3664 = DIRECTION ( 'NONE',  ( -0.000000000000000000, -0.000000000000000000, 1.000000000000000000 ) ) ;
#3665 = ORIENTED_EDGE ( 'NONE', *, *, #1501, .T. ) ;
#3666 = ORIENTED_EDGE ( 'NONE', *, *, #6277, .T. ) ;
#3667 = CARTESIAN_POINT ( 'NONE',  ( 35.19619916126134740, -2.248359099608640665, 9.799999999999993605 ) ) ;
#3668 = ORIENTED_EDGE ( 'NONE', *, *, #5087, .T. ) ;
#3669 = EDGE_LOOP ( 'NONE', ( #3288, #5185, #3370, #4598 ) ) ;
#3670 = DIRECTION ( 'NONE',  ( -0.7056386635215204928, 0.7085718570078567424, 0.000000000000000000 ) ) ;
#3671 = ADVANCED_FACE ( 'NONE', ( #5032 ), #4085, .T. ) ;
#3672 = CARTESIAN_POINT ( 'NONE',  ( 19.99999999999998224, -8.852281976497732074, -42.42640687119285303 ) ) ;
#3673 = FACE_BOUND ( 'NONE', #1946, .T. ) ;
#3674 = FACE_OUTER_BOUND ( 'NONE', #5101, .T. ) ;
#3675 = ADVANCED_FACE ( 'NONE', ( #153 ), #2100, .F. ) ;
#3676 = ORIENTED_EDGE ( 'NONE', *, *, #5039, .T. ) ;
#3677 = LINE ( 'NONE', #4068, #2921 ) ;
#3678 = EDGE_CURVE ( 'NONE', #1351, #228, #3015, .T. ) ;
#3679 = CARTESIAN_POINT ( 'NONE',  ( 5.596199159746196194, 0.7747091694186870603, 9.999999999999996447 ) ) ;
#3680 = PLANE ( 'NONE',  #3800 ) ;
#3681 = DIRECTION ( 'NONE',  ( -1.000000000000000000, 0.000000000000000000, 0.000000000000000000 ) ) ;
#3682 = VECTOR ( 'NONE', #2119, 1000.000000000000000 ) ;
#3683 = ORIENTED_EDGE ( 'NONE', *, *, #4046, .T. ) ;
#3684 = EDGE_CURVE ( 'NONE', #282, #5788, #3475, .T. ) ;
#3685 = ORIENTED_EDGE ( 'NONE', *, *, #3758, .T. ) ;
#3686 = EDGE_CURVE ( 'NONE', #5924, #3422, #5473, .T. ) ;
#3687 = ORIENTED_EDGE ( 'NONE', *, *, #1870, .T. ) ;
#3688 = EDGE_CURVE ( 'NONE', #3447, #950, #1091, .T. ) ;
#3689 = CARTESIAN_POINT ( 'NONE',  ( 16.99999999999997868, -8.852281976497732074, 3.599999999999999201 ) ) ;
#3690 = AXIS2_PLACEMENT_3D ( 'NONE', #1693, #1819, #296 ) ;
#3691 = CARTESIAN_POINT ( 'NONE',  ( 75.77474980949854455, -6.035541365997985075, 9.999999999999996447 ) ) ;
#3692 = DIRECTION ( 'NONE',  ( 2.492664266385966864E-16, 1.000000000000000000, 0.000000000000000000 ) ) ;
#3693 = VECTOR ( 'NONE', #972, 1000.000000000000114 ) ;
#3694 = VERTEX_POINT ( 'NONE', #3601 ) ;
#3695 = LINE ( 'NONE', #6312, #936 ) ;
#3696 = VECTOR ( 'NONE', #5912, 1000.000000000000000 ) ;
#3697 = CARTESIAN_POINT ( 'NONE',  ( 73.83192894114419857, -8.737699060429038767, 11.99999999999999645 ) ) ;
#3698 = VECTOR ( 'NONE', #3350, 1000.000000000000000 ) ;
#3699 = VERTEX_POINT ( 'NONE', #1636 ) ;
#3700 = VERTEX_POINT ( 'NONE', #1540 ) ;
#3701 = FACE_OUTER_BOUND ( 'NONE', #720, .T. ) ;
#3702 = VECTOR ( 'NONE', #5633, 1000.000000000000114 ) ;
#3703 = AXIS2_PLACEMENT_3D ( 'NONE', #1022, #1059, #6404 ) ;
#3704 = EDGE_LOOP ( 'NONE', ( #5586, #2142, #743, #4793 ) ) ;
#3705 = ADVANCED_FACE ( 'NONE', ( #5509, #1068 ), #1158, .T. ) ;
#3706 = CARTESIAN_POINT ( 'NONE',  ( 7.014024846834672644, -53.40018871553873225, 10.00000000000000000 ) ) ;
#3707 = APPLICATION_PROTOCOL_DEFINITION ( 'draft international standard', 'automotive_design', 1998, #955 ) ;
#3708 = DIRECTION ( 'NONE',  ( 0.5773502691896257311, 0.5773502691896257311, 0.5773502691896257311 ) ) ;
#3709 = PLANE ( 'NONE',  #715 ) ;
#3710 = VECTOR ( 'NONE', #194, 1000.000000000000000 ) ;
#3711 = AXIS2_PLACEMENT_3D ( 'NONE', #662, #2633, #6103 ) ;
#3712 = DIRECTION ( 'NONE',  ( 0.000000000000000000, 0.000000000000000000, 1.000000000000000000 ) ) ;
#3713 = ORIENTED_EDGE ( 'NONE', *, *, #5085, .F. ) ;
#3714 = ADVANCED_FACE ( 'NONE', ( #2549 ), #603, .F. ) ;
#3715 = VECTOR ( 'NONE', #4230, 1000.000000000000000 ) ;
#3716 = ORIENTED_EDGE ( 'NONE', *, *, #3453, .T. ) ;
#3717 = LINE ( 'NONE', #5711, #5086 ) ;
#3718 = CARTESIAN_POINT ( 'NONE',  ( 35.39619915974623154, 3.200000000000005063, 9.799999999999993605 ) ) ;
#3719 = CARTESIAN_POINT ( 'NONE',  ( 11.99999999999998046, -8.852281976497886617, -42.42640687119285303 ) ) ;
#3720 = CARTESIAN_POINT ( 'NONE',  ( -3.400000000000005240, 7.669842981761063598E-16, 15.60000000000000320 ) ) ;
#3721 = AXIS2_PLACEMENT_3D ( 'NONE', #5657, #1213, #5724 ) ;
#3722 = ORIENTED_EDGE ( 'NONE', *, *, #3852, .T. ) ;
#3723 = ORIENTED_EDGE ( 'NONE', *, *, #6116, .F. ) ;
#3724 = ORIENTED_EDGE ( 'NONE', *, *, #1723, .T. ) ;
#3725 = AXIS2_PLACEMENT_3D ( 'NONE', #1613, #3549, #6037 ) ;
#3726 = LINE ( 'NONE', #733, #1110 ) ;
#3727 = CARTESIAN_POINT ( 'NONE',  ( 69.43211764624986415, -8.737699060429038767, 10.00000000000000000 ) ) ;
#3728 = CARTESIAN_POINT ( 'NONE',  ( 0.000000000000000000, -46.26976616585294266, 16.00000000000000000 ) ) ;
#3729 = AXIS2_PLACEMENT_3D ( 'NONE', #3456, #5450, #611 ) ;
#3730 = EDGE_CURVE ( 'NONE', #5005, #1606, #4510, .T. ) ;
#3731 = ORIENTED_EDGE ( 'NONE', *, *, #1202, .F. ) ;
#3732 = CARTESIAN_POINT ( 'NONE',  ( 76.17474980949904761, -53.50449069747571684, 16.00000000000000000 ) ) ;
#3733 = ORIENTED_EDGE ( 'NONE', *, *, #166, .F. ) ;
#3734 = CARTESIAN_POINT ( 'NONE',  ( -0.7999999999999742872, -53.47194235751546643, 9.999999999999996447 ) ) ;
#3735 = VERTEX_POINT ( 'NONE', #2007 ) ;
#3736 = DIRECTION ( 'NONE',  ( 0.000000000000000000, -1.000000000000000000, 0.000000000000000000 ) ) ;
#3737 = ORIENTED_EDGE ( 'NONE', *, *, #5932, .F. ) ;
#3738 = EDGE_CURVE ( 'NONE', #1100, #6319, #3104, .T. ) ;
#3739 = ORIENTED_EDGE ( 'NONE', *, *, #2809, .T. ) ;
#3740 = FACE_OUTER_BOUND ( 'NONE', #2139, .T. ) ;
#3741 = CARTESIAN_POINT ( 'NONE',  ( 66.31952070086401818, 0.000000000000000000, 12.00000000000000000 ) ) ;
#3742 = FACE_BOUND ( 'NONE', #4196, .T. ) ;
#3743 = DIRECTION ( 'NONE',  ( -0.7071067811865484609, 0.7071067811865466846, 0.000000000000000000 ) ) ;
#3744 = EDGE_CURVE ( 'NONE', #2372, #425, #3540, .T. ) ;
#3745 = VERTEX_POINT ( 'NONE', #2345 ) ;
#3746 = CARTESIAN_POINT ( 'NONE',  ( 71.43211764624986415, -8.737699060429038767, 20.01838090617253485 ) ) ;
#3747 = DIRECTION ( 'NONE',  ( 0.5773502691896287287, 0.5773502691896198469, 0.5773502691896287287 ) ) ;
#3748 = DIRECTION ( 'NONE',  ( 1.000000000000000000, 0.000000000000000000, 0.000000000000000000 ) ) ;
#3749 = DIRECTION ( 'NONE',  ( 0.000000000000000000, 0.000000000000000000, 1.000000000000000000 ) ) ;
#3750 = VERTEX_POINT ( 'NONE', #4257 ) ;
#3751 = VERTEX_POINT ( 'NONE', #4603 ) ;
#3752 = ORIENTED_EDGE ( 'NONE', *, *, #3761, .F. ) ;
#3753 = DIRECTION ( 'NONE',  ( 0.7071067785081848189, -8.703725664678899911E-05, -0.7071067785082341128 ) ) ;
#3754 = PLANE ( 'NONE',  #4644 ) ;
#3755 = CARTESIAN_POINT ( 'NONE',  ( 3.888803657608006059, -3.557475234951000598, 7.600000000000000533 ) ) ;
#3756 = DIRECTION ( 'NONE',  ( 1.000000000000000000, 0.000000000000000000, 0.000000000000000000 ) ) ;
#3757 = VERTEX_POINT ( 'NONE', #1802 ) ;
#3758 = EDGE_CURVE ( 'NONE', #4725, #3557, #200, .T. ) ;
#3759 = DIRECTION ( 'NONE',  ( 1.000000000000000000, 0.000000000000000000, 0.000000000000000000 ) ) ;
#3760 = EDGE_LOOP ( 'NONE', ( #2168, #3945, #2117, #4655 ) ) ;
#3761 = EDGE_CURVE ( 'NONE', #2250, #5849, #344, .T. ) ;
#3762 = DIRECTION ( 'NONE',  ( 1.000000000000000000, 0.000000000000000000, 0.000000000000000000 ) ) ;
#3763 = VERTEX_POINT ( 'NONE', #310 ) ;
#3764 = DIRECTION ( 'NONE',  ( 0.7071067811865495711, -0.7071067811865454633, 0.000000000000000000 ) ) ;
#3765 = ORIENTED_EDGE ( 'NONE', *, *, #6118, .F. ) ;
#3766 = ORIENTED_EDGE ( 'NONE', *, *, #5322, .F. ) ;
#3767 = ADVANCED_FACE ( 'NONE', ( #2292 ), #4126, .T. ) ;
#3768 = CARTESIAN_POINT ( 'NONE',  ( 0.000000000000000000, -58.40000000000000568, 15.60000000000000320 ) ) ;
#3769 = CYLINDRICAL_SURFACE ( 'NONE', #4428, 2.999999999999999112 ) ;
#3770 = VERTEX_POINT ( 'NONE', #6250 ) ;
#3771 = CARTESIAN_POINT ( 'NONE',  ( 0.000000000000000000, 0.000000000000000000, 3.600000000000000533 ) ) ;
#3772 = PLANE ( 'NONE',  #5066 ) ;
#3773 = ORIENTED_EDGE ( 'NONE', *, *, #5489, .F. ) ;
#3774 = CARTESIAN_POINT ( 'NONE',  ( 49.48490112813102826, -33.08245679085707280, -8.744757730428029063 ) ) ;
#3775 = LINE ( 'NONE', #269, #4423 ) ;
#3776 = ORIENTED_EDGE ( 'NONE', *, *, #3828, .F. ) ;
#3777 = ADVANCED_FACE ( 'NONE', ( #6273 ), #514, .T. ) ;
#3778 = CARTESIAN_POINT ( 'NONE',  ( 71.16692151384302178, -3.557475234951000598, 7.600000000000000533 ) ) ;
#3779 = FACE_OUTER_BOUND ( 'NONE', #3854, .T. ) ;
#3780 = ORIENTED_EDGE ( 'NONE', *, *, #1230, .F. ) ;
#3781 = VERTEX_POINT ( 'NONE', #3170 ) ;
#3782 = DIRECTION ( 'NONE',  ( -0.000000000000000000, -0.000000000000000000, 1.000000000000000000 ) ) ;
#3783 = EDGE_CURVE ( 'NONE', #4017, #1214, #5751, .T. ) ;
#3784 = CARTESIAN_POINT ( 'NONE',  ( 36.59619915974623439, -4.931739154187178009, 9.799999999999981171 ) ) ;
#3785 =( GEOMETRIC_REPRESENTATION_CONTEXT ( 3 ) GLOBAL_UNCERTAINTY_ASSIGNED_CONTEXT ( ( #4210 ) ) GLOBAL_UNIT_ASSIGNED_CONTEXT ( ( #2511, #6372, #4901 ) ) REPRESENTATION_CONTEXT ( 'NONE', 'WORKASPACE' ) );
#3786 = DIRECTION ( 'NONE',  ( -1.146174137548107193E-17, 1.000000000000000000, 0.000000000000000000 ) ) ;
#3787 = DIRECTION ( 'NONE',  ( 0.9999999924245159821, -0.0001230892683154107155, -0.000000000000000000 ) ) ;
#3788 = ADVANCED_FACE ( 'NONE', ( #2648 ), #1188, .T. ) ;
#3789 = VECTOR ( 'NONE', #1522, 1000.000000000000114 ) ;
#3790 = VERTEX_POINT ( 'NONE', #1399 ) ;
#3791 = EDGE_CURVE ( 'NONE', #1737, #4545, #1304, .T. ) ;
#3792 = FACE_OUTER_BOUND ( 'NONE', #4594, .T. ) ;
#3793 = DIRECTION ( 'NONE',  ( 1.000000000000000000, 6.938893903907318308E-15, 0.000000000000000000 ) ) ;
#3794 = AXIS2_PLACEMENT_3D ( 'NONE', #2556, #3076, #5043 ) ;
#3795 = ORIENTED_EDGE ( 'NONE', *, *, #3632, .T. ) ;
#3796 = DIRECTION ( 'NONE',  ( -0.000000000000000000, 0.000000000000000000, 1.000000000000000000 ) ) ;
#3797 = EDGE_CURVE ( 'NONE', #1486, #1136, #4317, .T. ) ;
#3798 = ORIENTED_EDGE ( 'NONE', *, *, #5259, .F. ) ;
#3799 = EDGE_LOOP ( 'NONE', ( #3341, #775, #4692, #5058 ) ) ;
#3800 = AXIS2_PLACEMENT_3D ( 'NONE', #817, #337, #3182 ) ;
#3801 = VECTOR ( 'NONE', #5427, 1000.000000000000227 ) ;
#3802 =( LENGTH_UNIT ( ) NAMED_UNIT ( * ) SI_UNIT ( .MILLI., .METRE. ) );
#3803 = DIRECTION ( 'NONE',  ( -1.000000000000000000, 0.000000000000000000, 0.000000000000000000 ) ) ;
#3804 = EDGE_LOOP ( 'NONE', ( #3353, #4724, #1294, #5631 ) ) ;
#3805 = CARTESIAN_POINT ( 'NONE',  ( -1.200000000001409939, 0.000000000000000000, 16.00000000000000000 ) ) ;
#3806 = DIRECTION ( 'NONE',  ( -0.000000000000000000, -0.000000000000000000, 1.000000000000000000 ) ) ;
#3807 = VECTOR ( 'NONE', #5857, 1000.000000000000114 ) ;
#3808 = EDGE_CURVE ( 'NONE', #3199, #2341, #674, .T. ) ;
#3809 = AXIS2_PLACEMENT_3D ( 'NONE', #2747, #5138, #1632 ) ;
#3810 = ORIENTED_EDGE ( 'NONE', *, *, #5229, .F. ) ;
#3811 = VECTOR ( 'NONE', #3247, 1000.000000000000000 ) ;
#3812 = CARTESIAN_POINT ( 'NONE',  ( 35.19619915974622870, 0.1514522030333780023, 9.999999999999996447 ) ) ;
#3813 = CARTESIAN_POINT ( 'NONE',  ( 0.7888036576080065254, -51.58491490983000460, 3.600000000000000533 ) ) ;
#3814 = CARTESIAN_POINT ( 'NONE',  ( 36.12953249307955872, 2.466666666666665009, 11.06666666666667886 ) ) ;
#3815 = AXIS2_PLACEMENT_3D ( 'NONE', #931, #5982, #4874 ) ;
#3816 = DIRECTION ( 'NONE',  ( 0.000000000000000000, 0.000000000000000000, -1.000000000000000000 ) ) ;
#3817 = PLANE ( 'NONE',  #1542 ) ;
#3818 = VECTOR ( 'NONE', #39, 1000.000000000000000 ) ;
#3819 = AXIS2_PLACEMENT_3D ( 'NONE', #3440, #5433, #20 ) ;
#3820 = ORIENTED_EDGE ( 'NONE', *, *, #3997, .F. ) ;
#3821 = ORIENTED_EDGE ( 'NONE', *, *, #2896, .T. ) ;
#3822 = ORIENTED_EDGE ( 'NONE', *, *, #1552, .F. ) ;
#3823 = CARTESIAN_POINT ( 'NONE',  ( 35.59619915974622728, -2.048408333801061243, 9.600000000000001421 ) ) ;
#3824 = DIRECTION ( 'NONE',  ( -1.000000000000000000, 0.000000000000000000, 0.000000000000000000 ) ) ;
#3825 = VECTOR ( 'NONE', #6149, 1000.000000000000000 ) ;
#3826 = DIRECTION ( 'NONE',  ( -0.7071067811865473507, 0.7071067811865477948, 0.000000000000000000 ) ) ;
#3827 = DIRECTION ( 'NONE',  ( 0.000000000000000000, 0.000000000000000000, -1.000000000000000000 ) ) ;
#3828 = EDGE_CURVE ( 'NONE', #2347, #1463, #1339, .T. ) ;
#3829 = VECTOR ( 'NONE', #3119, 1000.000000000000000 ) ;
#3830 = ORIENTED_EDGE ( 'NONE', *, *, #2327, .T. ) ;
#3831 = LINE ( 'NONE', #1642, #6085 ) ;
#3832 = DIRECTION ( 'NONE',  ( 0.4999999999998736011, -0.5000000000001230127, 0.7071067811865500152 ) ) ;
#3833 = ORIENTED_EDGE ( 'NONE', *, *, #3308, .T. ) ;
#3834 = DIRECTION ( 'NONE',  ( 0.000000000000000000, -1.000000000000000000, 0.000000000000000000 ) ) ;
#3835 = ORIENTED_EDGE ( 'NONE', *, *, #5972, .F. ) ;
#3836 = VECTOR ( 'NONE', #2764, 1000.000000000000000 ) ;
#3837 = EDGE_CURVE ( 'NONE', #520, #2201, #4831, .T. ) ;
#3838 = CARTESIAN_POINT ( 'NONE',  ( 22.99999999999997868, -8.852281976497732074, -42.42640687119285303 ) ) ;
#3839 = VERTEX_POINT ( 'NONE', #5108 ) ;
#3840 = EDGE_LOOP ( 'NONE', ( #2777, #4675, #294, #2424 ) ) ;
#3841 = LINE ( 'NONE', #5382, #87 ) ;
#3842 = EDGE_LOOP ( 'NONE', ( #4702, #1799, #2806, #1370 ) ) ;
#3843 = CARTESIAN_POINT ( 'NONE',  ( -3.896992067663563348E-17, 3.399999999999999467, 12.00000000000000000 ) ) ;
#3844 = DIRECTION ( 'NONE',  ( 0.000000000000000000, -0.000000000000000000, -1.000000000000000000 ) ) ;
#3845 = EDGE_CURVE ( 'NONE', #1480, #5513, #402, .T. ) ;
#3846 = FACE_BOUND ( 'NONE', #5127, .T. ) ;
#3847 = DIRECTION ( 'NONE',  ( -9.324293839476709654E-05, -0.9999999956528771161, -0.000000000000000000 ) ) ;
#3848 = DIRECTION ( 'NONE',  ( -0.000000000000000000, 0.000000000000000000, 1.000000000000000000 ) ) ;
#3849 = LINE ( 'NONE', #2461, #5370 ) ;
#3850 = CARTESIAN_POINT ( 'NONE',  ( 71.42844382976133488, -48.13817845388538785, 5.000000000000000000 ) ) ;
#3851 = ADVANCED_FACE ( 'NONE', ( #2813 ), #5141, .F. ) ;
#3852 = EDGE_CURVE ( 'NONE', #3931, #6378, #829, .T. ) ;
#3853 = LINE ( 'NONE', #4436, #1973 ) ;
#3854 = EDGE_LOOP ( 'NONE', ( #5262, #3622, #5497, #685 ) ) ;
#3855 = ORIENTED_EDGE ( 'NONE', *, *, #2233, .T. ) ;
#3856 = DIRECTION ( 'NONE',  ( 0.000000000000000000, 0.000000000000000000, 1.000000000000000000 ) ) ;
#3857 = FACE_OUTER_BOUND ( 'NONE', #25, .T. ) ;
#3858 = CARTESIAN_POINT ( 'NONE',  ( 36.59619915974623439, 3.399999999999999911, 11.80000000000000426 ) ) ;
#3859 = DIRECTION ( 'NONE',  ( -2.492664266385966864E-16, -1.000000000000000000, 0.000000000000000000 ) ) ;
#3860 = VERTEX_POINT ( 'NONE', #2318 ) ;
#3861 = CARTESIAN_POINT ( 'NONE',  ( 7.596199159746239715, 2.774709169418827504, 15.60000000000000320 ) ) ;
#3862 = LINE ( 'NONE', #5829, #4007 ) ;
#3863 = DIRECTION ( 'NONE',  ( 0.7071067811865530128, 0.7071067811865421326, 0.000000000000000000 ) ) ;
#3864 = DIRECTION ( 'NONE',  ( 0.000000000000000000, 0.000000000000000000, 1.000000000000000000 ) ) ;
#3865 = ORIENTED_EDGE ( 'NONE', *, *, #3149, .F. ) ;
#3866 = EDGE_LOOP ( 'NONE', ( #3011, #1814, #3390, #3091 ) ) ;
#3867 = PLANE ( 'NONE',  #2888 ) ;
#3868 = EDGE_CURVE ( 'NONE', #2881, #2132, #2688, .T. ) ;
#3869 = ORIENTED_EDGE ( 'NONE', *, *, #5346, .T. ) ;
#3870 = LINE ( 'NONE', #1941, #2999 ) ;
#3871 = DIRECTION ( 'NONE',  ( 1.000000000000000000, 2.962157971162378387E-14, -0.000000000000000000 ) ) ;
#3872 = EDGE_CURVE ( 'NONE', #5661, #2902, #467, .T. ) ;
#3873 = FACE_BOUND ( 'NONE', #2669, .T. ) ;
#3874 = EDGE_LOOP ( 'NONE', ( #5418, #5049, #6292, #6345, #6407, #2754, #3269, #5733, #71, #3243, #6375 ) ) ;
#3875 = DIRECTION ( 'NONE',  ( 0.7071067811865492381, -0.7071067811865457964, 0.000000000000000000 ) ) ;
#3876 = DIRECTION ( 'NONE',  ( 2.618410170671638000E-16, 1.000000000000000000, 0.000000000000000000 ) ) ;
#3877 = EDGE_CURVE ( 'NONE', #5137, #4813, #1930, .T. ) ;
#3878 = EDGE_CURVE ( 'NONE', #3557, #4725, #4439, .T. ) ;
#3879 = DIRECTION ( 'NONE',  ( -1.000000000000000000, 0.000000000000000000, 0.000000000000000000 ) ) ;
#3880 = LINE ( 'NONE', #526, #3603 ) ;
#3881 = ORIENTED_EDGE ( 'NONE', *, *, #4251, .F. ) ;
#3882 = EDGE_LOOP ( 'NONE', ( #1369, #5164, #123, #3575 ) ) ;
#3883 = ORIENTED_EDGE ( 'NONE', *, *, #492, .T. ) ;
#3884 = CARTESIAN_POINT ( 'NONE',  ( 30.99999999999997868, -8.852281976497579308, 5.000000000000000000 ) ) ;
#3885 = CARTESIAN_POINT ( 'NONE',  ( 0.000000000000000000, -6.312601124913162387, 15.60000000000000320 ) ) ;
#3886 = CARTESIAN_POINT ( 'NONE',  ( 3.888803657608006059, -3.557475234951000598, 7.600000000000000533 ) ) ;
#3887 = CARTESIAN_POINT ( 'NONE',  ( 20.93007258353511446, -45.73496370823332313, 5.534963708232443658 ) ) ;
#3888 = ADVANCED_FACE ( 'NONE', ( #1958 ), #1993, .F. ) ;
#3889 = EDGE_LOOP ( 'NONE', ( #1497, #152, #5915, #5212, #4748, #4320, #3752, #1831, #2527, #2232, #3820, #4626 ) ) ;
#3890 = SURFACE_STYLE_FILL_AREA ( #1933 ) ;
#3891 = AXIS2_PLACEMENT_3D ( 'NONE', #5040, #4488, #2586 ) ;
#3892 = FACE_OUTER_BOUND ( 'NONE', #4657, .T. ) ;
#3893 = ORIENTED_EDGE ( 'NONE', *, *, #3548, .F. ) ;
#3894 = CARTESIAN_POINT ( 'NONE',  ( 50.70311946457120911, 0.000000000000000000, 9.199999999999999289 ) ) ;
#3895 = CIRCLE ( 'NONE', #4830, 3.100000000000005418 ) ;
#3896 = ORIENTED_EDGE ( 'NONE', *, *, #2744, .F. ) ;
#3897 = ADVANCED_FACE ( 'NONE', ( #2441 ), #3494, .F. ) ;
#3898 = ORIENTED_EDGE ( 'NONE', *, *, #4111, .F. ) ;
#3899 = CARTESIAN_POINT ( 'NONE',  ( 69.08286859082156184, -55.80000000000099902, 9.199999999999999289 ) ) ;
#3900 = AXIS2_PLACEMENT_3D ( 'NONE', #1588, #3126, #168 ) ;
#3901 = ORIENTED_EDGE ( 'NONE', *, *, #3120, .T. ) ;
#3902 = DIRECTION ( 'NONE',  ( 0.000000000000000000, -1.000000000000000000, 0.000000000000000000 ) ) ;
#3903 = DIRECTION ( 'NONE',  ( -0.000000000000000000, -0.000000000000000000, 1.000000000000000000 ) ) ;
#3904 = VECTOR ( 'NONE', #3207, 999.9999999999998863 ) ;
#3905 = EDGE_CURVE ( 'NONE', #6165, #1808, #4385, .T. ) ;
#3906 = EDGE_LOOP ( 'NONE', ( #6052, #3187, #2785, #6039 ) ) ;
#3907 = VERTEX_POINT ( 'NONE', #4897 ) ;
#3908 = DIRECTION ( 'NONE',  ( 0.000000000000000000, 1.000000000000000000, 0.000000000000000000 ) ) ;
#3909 = FACE_OUTER_BOUND ( 'NONE', #324, .T. ) ;
#3910 = DIRECTION ( 'NONE',  ( -0.6785983445458533270, 0.2810846377147901420, -0.6785983445458533270 ) ) ;
#3911 = VECTOR ( 'NONE', #1885, 1000.000000000000000 ) ;
#3912 = AXIS2_PLACEMENT_3D ( 'NONE', #4290, #2351, #3762 ) ;
#3913 = DIRECTION ( 'NONE',  ( 0.7071067811865722197, 8.104675050809374941E-18, 0.7071067811865228148 ) ) ;
#3914 = ORIENTED_EDGE ( 'NONE', *, *, #35, .F. ) ;
#3915 = VECTOR ( 'NONE', #5533, 1000.000000000000000 ) ;
#3916 = AXIS2_PLACEMENT_3D ( 'NONE', #5694, #5659, #1704 ) ;
#3917 = VERTEX_POINT ( 'NONE', #5407 ) ;
#3918 = DIRECTION ( 'NONE',  ( 0.7071067811865474617, -0.7071067811865474617, 0.000000000000000000 ) ) ;
#3919 = DIRECTION ( 'NONE',  ( 0.000000000000000000, 0.000000000000000000, -1.000000000000000000 ) ) ;
#3920 = CARTESIAN_POINT ( 'NONE',  ( 31.39510887530267524, -58.00000000000000711, 16.00000000000000000 ) ) ;
#3921 = VECTOR ( 'NONE', #4212, 1000.000000000000000 ) ;
#3922 = VECTOR ( 'NONE', #3252, 1000.000000000000000 ) ;
#3923 = DIRECTION ( 'NONE',  ( 0.2810846377148280562, 0.6785983445458455554, -0.6785983445458454444 ) ) ;
#3924 = VERTEX_POINT ( 'NONE', #3920 ) ;
#3925 = AXIS2_PLACEMENT_3D ( 'NONE', #3392, #515, #2008 ) ;
#3926 = CARTESIAN_POINT ( 'NONE',  ( 54.83910568016063536, -55.06706046196752169, 9.199999999999999289 ) ) ;
#3927 = EDGE_CURVE ( 'NONE', #4602, #3347, #964, .T. ) ;
#3928 = EDGE_CURVE ( 'NONE', #1313, #3222, #1469, .T. ) ;
#3929 = CARTESIAN_POINT ( 'NONE',  ( 69.46692151384301894, -51.58491490983000460, 7.600000000000000533 ) ) ;
#3930 = AXIS2_PLACEMENT_3D ( 'NONE', #4365, #2972, #1475 ) ;
#3931 = VERTEX_POINT ( 'NONE', #1495 ) ;
#3932 = ORIENTED_EDGE ( 'NONE', *, *, #4308, .T. ) ;
#3933 = AXIS2_PLACEMENT_3D ( 'NONE', #913, #1505, #3012 ) ;
#3934 = DIRECTION ( 'NONE',  ( -0.9999999660829421710, 0.0002604498311030194126, -0.000000000000000000 ) ) ;
#3935 = ORIENTED_EDGE ( 'NONE', *, *, #3808, .T. ) ;
#3936 = CARTESIAN_POINT ( 'NONE',  ( 66.31952070086401818, -1.625102115043186579, 10.00000000000000000 ) ) ;
#3937 = CARTESIAN_POINT ( 'NONE',  ( 35.19622377457027085, 0.1514522000035573024, 11.99997538517597384 ) ) ;
#3938 = VECTOR ( 'NONE', #711, 1000.000000000000000 ) ;
#3939 = CYLINDRICAL_SURFACE ( 'NONE', #490, 3.100000000000000089 ) ;
#3940 = ORIENTED_EDGE ( 'NONE', *, *, #5039, .F. ) ;
#3941 = LINE ( 'NONE', #1419, #3623 ) ;
#3942 = LINE ( 'NONE', #1392, #4841 ) ;
#3943 = DIRECTION ( 'NONE',  ( -1.000000000000000000, -1.146174137548107039E-17, 0.000000000000000000 ) ) ;
#3944 = CARTESIAN_POINT ( 'NONE',  ( 8.999999999999980460, -58.40000000000000568, -13.91866057222030229 ) ) ;
#3945 = ORIENTED_EDGE ( 'NONE', *, *, #2392, .F. ) ;
#3946 = ADVANCED_FACE ( 'NONE', ( #2906 ), #5434, .F. ) ;
#3947 = CARTESIAN_POINT ( 'NONE',  ( 7.014024846834671756, -49.40018871553893121, 20.01838090617253485 ) ) ;
#3948 = PLANE ( 'NONE',  #1974 ) ;
#3949 = CARTESIAN_POINT ( 'NONE',  ( 0.3076662973747028573, -7.426926402608002853, 11.99999999999999645 ) ) ;
#3950 = ORIENTED_EDGE ( 'NONE', *, *, #3684, .T. ) ;
#3951 = DIRECTION ( 'NONE',  ( 1.000000000000000000, 0.000000000000000000, -0.000000000000000000 ) ) ;
#3952 = DIRECTION ( 'NONE',  ( 0.000000000000000000, -1.000000000000000000, 0.000000000000000000 ) ) ;
#3953 = EDGE_CURVE ( 'NONE', #4545, #1689, #4925, .T. ) ;
#3954 = DIRECTION ( 'NONE',  ( -0.5773502691896256200, 0.5773502691896258421, 0.5773502691896258421 ) ) ;
#3955 = VERTEX_POINT ( 'NONE', #5948 ) ;
#3956 = EDGE_CURVE ( 'NONE', #777, #3757, #4004, .T. ) ;
#3957 = VERTEX_POINT ( 'NONE', #4475 ) ;
#3958 = EDGE_CURVE ( 'NONE', #225, #2372, #5458, .T. ) ;
#3959 = DIRECTION ( 'NONE',  ( 0.000000000000000000, -0.000000000000000000, 1.000000000000000000 ) ) ;
#3960 = CARTESIAN_POINT ( 'NONE',  ( 3.888803657608006059, -3.557475234951000598, 3.600000000000000533 ) ) ;
#3961 = ORIENTED_EDGE ( 'NONE', *, *, #2751, .F. ) ;
#3962 = DIRECTION ( 'NONE',  ( 0.000000000000000000, 0.000000000000000000, 1.000000000000000000 ) ) ;
#3963 = DIRECTION ( 'NONE',  ( -0.000000000000000000, -0.000000000000000000, -1.000000000000000000 ) ) ;
#3964 = ADVANCED_FACE ( 'NONE', ( #4959 ), #3976, .T. ) ;
#3965 = EDGE_CURVE ( 'NONE', #2829, #3770, #4993, .T. ) ;
#3966 = CARTESIAN_POINT ( 'NONE',  ( 0.000000000000000000, 0.000000000000000000, 16.00000000000000000 ) ) ;
#3967 = ORIENTED_EDGE ( 'NONE', *, *, #3730, .T. ) ;
#3968 = CARTESIAN_POINT ( 'NONE',  ( 74.23196624005858268, -8.337699060429040188, 16.00000000000000000 ) ) ;
#3969 = PLANE ( 'NONE',  #1526 ) ;
#3970 = DIRECTION ( 'NONE',  ( -1.146174137548107039E-17, 1.000000000000000000, 0.000000000000000000 ) ) ;
#3971 = DIRECTION ( 'NONE',  ( -0.000000000000000000, -0.000000000000000000, 1.000000000000000000 ) ) ;
#3972 = ORIENTED_EDGE ( 'NONE', *, *, #810, .F. ) ;
#3973 = ORIENTED_EDGE ( 'NONE', *, *, #6162, .F. ) ;
#3974 = DIRECTION ( 'NONE',  ( 0.000000000000000000, 1.000000000000000000, 0.000000000000000000 ) ) ;
#3975 = DIRECTION ( 'NONE',  ( 1.000000000000000000, 0.000000000000000000, 0.000000000000000000 ) ) ;
#3976 = PLANE ( 'NONE',  #4630 ) ;
#3977 = ADVANCED_FACE ( 'NONE', ( #2535 ), #4499, .T. ) ;
#3978 = ORIENTED_EDGE ( 'NONE', *, *, #3548, .T. ) ;
#3979 = CARTESIAN_POINT ( 'NONE',  ( 5.596199159746196194, 0.7747091694186870603, 15.60000000000000320 ) ) ;
#3980 = CARTESIAN_POINT ( 'NONE',  ( 35.39619915974623154, 0.3514275851795233829, 9.600000000000001421 ) ) ;
#3981 = DIRECTION ( 'NONE',  ( -0.000000000000000000, -0.000000000000000000, 1.000000000000000000 ) ) ;
#3982 = ORIENTED_EDGE ( 'NONE', *, *, #1160, .F. ) ;
#3983 = ORIENTED_EDGE ( 'NONE', *, *, #4308, .F. ) ;
#3984 = DIRECTION ( 'NONE',  ( 0.2810846377148201736, -0.6785983445458495522, 0.6785983445458445562 ) ) ;
#3985 = DIRECTION ( 'NONE',  ( 0.000000000000000000, 0.000000000000000000, -1.000000000000000000 ) ) ;
#3986 = VERTEX_POINT ( 'NONE', #5368 ) ;
#3987 = DIRECTION ( 'NONE',  ( -1.000000000000000000, 5.385296291631732159E-14, -0.000000000000000000 ) ) ;
#3988 = FACE_OUTER_BOUND ( 'NONE', #3889, .T. ) ;
#3989 = VECTOR ( 'NONE', #3217, 1000.000000000000000 ) ;
#3990 = DIRECTION ( 'NONE',  ( -1.000000000000000000, 0.000000000000000000, -0.000000000000000000 ) ) ;
#3991 = EDGE_LOOP ( 'NONE', ( #4165, #3685 ) ) ;
#3992 = DIRECTION ( 'NONE',  ( 1.000000000000000000, 0.000000000000000000, 0.000000000000000000 ) ) ;
#3993 = CARTESIAN_POINT ( 'NONE',  ( 30.99999999999998579, -44.85228197649757931, 3.599999999999999201 ) ) ;
#3994 = FACE_OUTER_BOUND ( 'NONE', #6211, .T. ) ;
#3995 = EDGE_CURVE ( 'NONE', #1456, #5865, #721, .T. ) ;
#3996 = FACE_OUTER_BOUND ( 'NONE', #3468, .T. ) ;
#3997 = EDGE_CURVE ( 'NONE', #3377, #3234, #3183, .T. ) ;
#3998 = AXIS2_PLACEMENT_3D ( 'NONE', #4030, #5540, #612 ) ;
#3999 = ORIENTED_EDGE ( 'NONE', *, *, #5716, .T. ) ;
#4000 = AXIS2_PLACEMENT_3D ( 'NONE', #3338, #6389, #459 ) ;
#4001 = CARTESIAN_POINT ( 'NONE',  ( 68.98154090953224227, -52.13861915615041198, 10.00000000000000000 ) ) ;
#4002 = VECTOR ( 'NONE', #223, 1000.000000000000000 ) ;
#4003 = DIRECTION ( 'NONE',  ( -0.4999999999999964473, 0.4999999999999998890, -0.7071067811865501263 ) ) ;
#4004 = LINE ( 'NONE', #1053, #3295 ) ;
#4005 = EDGE_CURVE ( 'NONE', #3497, #4522, #1233, .T. ) ;
#4006 = AXIS2_PLACEMENT_3D ( 'NONE', #2020, #991, #2967 ) ;
#4007 = VECTOR ( 'NONE', #1875, 1000.000000000000000 ) ;
#4008 = ORIENTED_EDGE ( 'NONE', *, *, #5105, .F. ) ;
#4009 = LINE ( 'NONE', #2092, #3476 ) ;
#4010 = DIRECTION ( 'NONE',  ( -0.000000000000000000, -0.000000000000000000, 1.000000000000000000 ) ) ;
#4011 = VECTOR ( 'NONE', #488, 1000.000000000000000 ) ;
#4012 = VECTOR ( 'NONE', #5721, 1000.000000000000000 ) ;
#4013 = LINE ( 'NONE', #6018, #739 ) ;
#4014 = ADVANCED_FACE ( 'NONE', ( #1079 ), #2088, .F. ) ;
#4015 = ORIENTED_EDGE ( 'NONE', *, *, #222, .T. ) ;
#4016 = VECTOR ( 'NONE', #1649, 1000.000000000000114 ) ;
#4017 = VERTEX_POINT ( 'NONE', #141 ) ;
#4018 = CARTESIAN_POINT ( 'NONE',  ( 11.80114060053943525, -52.21340248203724599, 10.00000000000000000 ) ) ;
#4019 = EDGE_CURVE ( 'NONE', #1832, #2411, #4590, .T. ) ;
#4020 = LINE ( 'NONE', #6024, #2685 ) ;
#4021 = VERTEX_POINT ( 'NONE', #4180 ) ;
#4022 = DIRECTION ( 'NONE',  ( 0.7071067811865489050, 0.7071067811865462405, 0.000000000000000000 ) ) ;
#4023 = VECTOR ( 'NONE', #3007, 1000.000000000000000 ) ;
#4024 = DIRECTION ( 'NONE',  ( -0.000000000000000000, 0.7071067811865475727, 0.7071067811865475727 ) ) ;
#4025 = ORIENTED_EDGE ( 'NONE', *, *, #528, .T. ) ;
#4026 = VECTOR ( 'NONE', #5119, 1000.000000000000000 ) ;
#4027 = DIRECTION ( 'NONE',  ( 1.000000000000000000, 0.000000000000000000, 0.000000000000000000 ) ) ;
#4028 = CARTESIAN_POINT ( 'NONE',  ( 1.661194727475644450, -55.79999999999999716, 15.60000000000000675 ) ) ;
#4029 = EDGE_CURVE ( 'NONE', #3488, #2740, #4042, .T. ) ;
#4030 = CARTESIAN_POINT ( 'NONE',  ( 8.999999999999980460, 0.000000000000000000, -13.91866057222030229 ) ) ;
#4031 = LINE ( 'NONE', #1516, #1433 ) ;
#4032 = DIRECTION ( 'NONE',  ( 0.000000000000000000, 1.000000000000000000, 0.000000000000000000 ) ) ;
#4033 = ADVANCED_FACE ( 'NONE', ( #5055 ), #3054, .F. ) ;
#4034 = VECTOR ( 'NONE', #6132, 1000.000000000000114 ) ;
#4035 = DIRECTION ( 'NONE',  ( 0.9999999924245159821, -0.0001230892683154107155, -0.000000000000000000 ) ) ;
#4036 = ADVANCED_FACE ( 'NONE', ( #2603 ), #3582, .F. ) ;
#4037 = ORIENTED_EDGE ( 'NONE', *, *, #2230, .T. ) ;
#4038 = CARTESIAN_POINT ( 'NONE',  ( 19.99999999999998579, -44.85228197649772852, -42.42640687119285303 ) ) ;
#4039 = LINE ( 'NONE', #4001, #4319 ) ;
#4040 = ADVANCED_FACE ( 'NONE', ( #4563 ), #3653, .F. ) ;
#4041 = PLANE ( 'NONE',  #1543 ) ;
#4042 = LINE ( 'NONE', #1143, #5387 ) ;
#4043 = ORIENTED_EDGE ( 'NONE', *, *, #5642, .T. ) ;
#4044 = VERTEX_POINT ( 'NONE', #5126 ) ;
#4045 = FACE_OUTER_BOUND ( 'NONE', #3882, .T. ) ;
#4046 = EDGE_CURVE ( 'NONE', #3636, #5906, #5522, .T. ) ;
#4047 = DIRECTION ( 'NONE',  ( -0.000000000000000000, -0.000000000000000000, 1.000000000000000000 ) ) ;
#4048 = FACE_OUTER_BOUND ( 'NONE', #4703, .T. ) ;
#4049 = ORIENTED_EDGE ( 'NONE', *, *, #3596, .T. ) ;
#4050 = DIRECTION ( 'NONE',  ( -0.7071067811863699371, -0.7071067811867252084, 0.000000000000000000 ) ) ;
#4051 = LINE ( 'NONE', #5003, #1962 ) ;
#4052 = ORIENTED_EDGE ( 'NONE', *, *, #2451, .T. ) ;
#4053 = CARTESIAN_POINT ( 'NONE',  ( 41.99999999999998579, -44.85228197649742299, -42.42640687119285303 ) ) ;
#4054 = VERTEX_POINT ( 'NONE', #3621 ) ;
#4055 = CARTESIAN_POINT ( 'NONE',  ( 1.792714748479772080, -1.625102115043519646, 10.00000000000000000 ) ) ;
#4056 = ORIENTED_EDGE ( 'NONE', *, *, #541, .T. ) ;
#4057 = EDGE_CURVE ( 'NONE', #3312, #2082, #1105, .T. ) ;
#4058 = ORIENTED_EDGE ( 'NONE', *, *, #5423, .T. ) ;
#4059 = LINE ( 'NONE', #4577, #1833 ) ;
#4060 = VERTEX_POINT ( 'NONE', #6044 ) ;
#4061 = LINE ( 'NONE', #4028, #4034 ) ;
#4062 = CARTESIAN_POINT ( 'NONE',  ( 66.31952070086401818, 0.000000000000000000, 15.60000000000000320 ) ) ;
#4063 = CARTESIAN_POINT ( 'NONE',  ( 69.43211764624986415, -8.737699060429038767, 5.000000000000000000 ) ) ;
#4064 = CARTESIAN_POINT ( 'NONE',  ( 22.99999999999997868, -8.852281976497732074, 3.599999999999999201 ) ) ;
#4065 = CARTESIAN_POINT ( 'NONE',  ( 73.82846663808356880, -45.86976616585295119, 11.99999999999999645 ) ) ;
#4066 = EDGE_CURVE ( 'NONE', #1825, #4395, #6072, .T. ) ;
#4067 = VERTEX_POINT ( 'NONE', #2708 ) ;
#4068 = CARTESIAN_POINT ( 'NONE',  ( 36.79619915974622302, 0.1512798780564306722, 12.00000000000000000 ) ) ;
#4069 = CARTESIAN_POINT ( 'NONE',  ( 0.000000000000000000, 0.000000000000000000, 16.00000000000000000 ) ) ;
#4070 = CARTESIAN_POINT ( 'NONE',  ( 12.79180799628875498, -54.61347186705797441, 9.999999999999998224 ) ) ;
#4071 = DIRECTION ( 'NONE',  ( 1.000000000000000000, 0.000000000000000000, 0.000000000000000000 ) ) ;
#4072 = EDGE_CURVE ( 'NONE', #4639, #6128, #1590, .T. ) ;
#4073 = VERTEX_POINT ( 'NONE', #2184 ) ;
#4074 = EDGE_LOOP ( 'NONE', ( #773, #2224, #4476, #5271, #451, #1410, #247, #1984, #426, #5697 ) ) ;
#4075 = DIRECTION ( 'NONE',  ( -0.000000000000000000, -0.000000000000000000, 1.000000000000000000 ) ) ;
#4076 = CARTESIAN_POINT ( 'NONE',  ( 33.67408117771032749, -33.82336581845952850, 9.199999999999999289 ) ) ;
#4077 = EDGE_CURVE ( 'NONE', #3631, #5162, #4150, .T. ) ;
#4078 = CARTESIAN_POINT ( 'NONE',  ( 49.91570446414629458, 0.7747091694188944500, 11.99999999999999645 ) ) ;
#4079 = EDGE_CURVE ( 'NONE', #3041, #512, #243, .T. ) ;
#4080 = ORIENTED_EDGE ( 'NONE', *, *, #3514, .T. ) ;
#4081 = CARTESIAN_POINT ( 'NONE',  ( 66.31952070086401818, 0.000000000000000000, 15.60000000000000320 ) ) ;
#4082 = EDGE_LOOP ( 'NONE', ( #4763, #383, #4894, #544 ) ) ;
#4083 = DIRECTION ( 'NONE',  ( 0.000000000000000000, 1.000000000000000000, 0.000000000000000000 ) ) ;
#4084 = ORIENTED_EDGE ( 'NONE', *, *, #2258, .F. ) ;
#4085 = PLANE ( 'NONE',  #1132 ) ;
#4086 = DIRECTION ( 'NONE',  ( -0.7100637267678097109, -0.7041374183556851074, 0.000000000000000000 ) ) ;
#4087 = EDGE_CURVE ( 'NONE', #4394, #1274, #2146, .T. ) ;
#4088 = VERTEX_POINT ( 'NONE', #1205 ) ;
#4089 = PLANE ( 'NONE',  #909 ) ;
#4090 = ORIENTED_EDGE ( 'NONE', *, *, #3265, .T. ) ;
#4091 = LINE ( 'NONE', #6091, #2089 ) ;
#4092 = FACE_OUTER_BOUND ( 'NONE', #2162, .T. ) ;
#4093 = CARTESIAN_POINT ( 'NONE',  ( 75.77474980949854455, -1.686485558056698197, 15.60000000000000675 ) ) ;
#4094 = CARTESIAN_POINT ( 'NONE',  ( 1.755336863099390188, -55.89414213562369582, 9.999999999999996447 ) ) ;
#4095 = DIRECTION ( 'NONE',  ( -1.000000000000000000, 0.000000000000000000, 0.000000000000000000 ) ) ;
#4096 = ORIENTED_EDGE ( 'NONE', *, *, #1826, .T. ) ;
#4097 = ORIENTED_EDGE ( 'NONE', *, *, #5337, .F. ) ;
#4098 = AXIS2_PLACEMENT_3D ( 'NONE', #2169, #5702, #677 ) ;
#4099 = VERTEX_POINT ( 'NONE', #3527 ) ;
#4100 = PLANE ( 'NONE',  #1052 ) ;
#4101 = CARTESIAN_POINT ( 'NONE',  ( 78.39999999999996305, -55.33725830020304670, 15.60000000000000142 ) ) ;
#4102 = DIRECTION ( 'NONE',  ( 0.7071067811865475727, 0.000000000000000000, 0.7071067811865475727 ) ) ;
#4103 = EDGE_CURVE ( 'NONE', #700, #1846, #5199, .T. ) ;
#4104 = AXIS2_PLACEMENT_3D ( 'NONE', #3084, #3525, #3618 ) ;
#4105 = CARTESIAN_POINT ( 'NONE',  ( 30.99510887530267667, -58.40000000000000568, -13.91866057222030229 ) ) ;
#4106 = VECTOR ( 'NONE', #4171, 1000.000000000000000 ) ;
#4107 = ORIENTED_EDGE ( 'NONE', *, *, #530, .T. ) ;
#4108 = ORIENTED_EDGE ( 'NONE', *, *, #764, .T. ) ;
#4109 = CARTESIAN_POINT ( 'NONE',  ( 69.48286859082156752, -56.20000000000100471, 16.00000000000000000 ) ) ;
#4110 = CARTESIAN_POINT ( 'NONE',  ( 36.79619915974623723, 0.1512798780564154622, 10.00000000000000000 ) ) ;
#4111 = EDGE_CURVE ( 'NONE', #3917, #3280, #5775, .T. ) ;
#4112 = VECTOR ( 'NONE', #2872, 1000.000000000000114 ) ;
#4113 = VECTOR ( 'NONE', #6054, 1000.000000000000000 ) ;
#4114 = LINE ( 'NONE', #2743, #5498 ) ;
#4115 = ORIENTED_EDGE ( 'NONE', *, *, #1282, .F. ) ;
#4116 = ORIENTED_EDGE ( 'NONE', *, *, #6150, .F. ) ;
#4117 = VECTOR ( 'NONE', #2136, 1000.000000000000000 ) ;
#4118 = EDGE_CURVE ( 'NONE', #5732, #5924, #3271, .T. ) ;
#4119 = CIRCLE ( 'NONE', #3404, 1.700000000000000178 ) ;
#4120 = ADVANCED_FACE ( 'NONE', ( #1299 ), #3817, .T. ) ;
#4121 = DIRECTION ( 'NONE',  ( 0.000000000000000000, 0.000000000000000000, -1.000000000000000000 ) ) ;
#4122 = CARTESIAN_POINT ( 'NONE',  ( 50.70311946457120911, -55.80000000000088534, -13.91866057222030229 ) ) ;
#4123 = ORIENTED_EDGE ( 'NONE', *, *, #6408, .F. ) ;
#4124 = EDGE_CURVE ( 'NONE', #6281, #568, #1822, .T. ) ;
#4125 = ORIENTED_EDGE ( 'NONE', *, *, #4442, .T. ) ;
#4126 = PLANE ( 'NONE',  #4949 ) ;
#4127 = CARTESIAN_POINT ( 'NONE',  ( 5.999999999999983125, -8.852281976497886617, 3.599999999999999201 ) ) ;
#4128 = B_SPLINE_CURVE_WITH_KNOTS ( 'NONE', 1,
 ( #4737, #742 ),
 .UNSPECIFIED., .F., .F.,
 ( 2, 2 ),
 ( 0.000000000000000000, 0.0002828427124746074692 ),
 .UNSPECIFIED. ) ;
#4129 = VECTOR ( 'NONE', #2856, 1000.000000000000000 ) ;
#4130 = VECTOR ( 'NONE', #1051, 1000.000000000000000 ) ;
#4131 = ORIENTED_EDGE ( 'NONE', *, *, #535, .F. ) ;
#4132 = EDGE_CURVE ( 'NONE', #4933, #6120, #302, .T. ) ;
#4133 = DIRECTION ( 'NONE',  ( -1.000000000000000000, 0.000000000000000000, -0.000000000000000000 ) ) ;
#4134 = VECTOR ( 'NONE', #5858, 999.9999999999998863 ) ;
#4135 = DIRECTION ( 'NONE',  ( -0.9999999804318064900, 0.0001978291858416199040, 0.000000000000000000 ) ) ;
#4136 = DIRECTION ( 'NONE',  ( -0.000000000000000000, -0.000000000000000000, -1.000000000000000000 ) ) ;
#4137 = EDGE_CURVE ( 'NONE', #5478, #1309, #5815, .T. ) ;
#4138 = CARTESIAN_POINT ( 'NONE',  ( -0.8000000000014093615, -4.312601124913160611, 15.60000000000000320 ) ) ;
#4139 = DIRECTION ( 'NONE',  ( 1.000000000000000000, 0.000000000000000000, 0.000000000000000000 ) ) ;
#4140 = PLANE ( 'NONE',  #4459 ) ;
#4141 = EDGE_LOOP ( 'NONE', ( #3274, #1425, #2223, #3798 ) ) ;
#4142 = ORIENTED_EDGE ( 'NONE', *, *, #800, .T. ) ;
#4143 = VECTOR ( 'NONE', #1931, 1000.000000000000114 ) ;
#4144 = ORIENTED_EDGE ( 'NONE', *, *, #535, .T. ) ;
#4145 = DIRECTION ( 'NONE',  ( -1.000000000000000000, 0.000000000000000000, 0.000000000000000000 ) ) ;
#4146 = CARTESIAN_POINT ( 'NONE',  ( -3.400000000000005240, 0.3372583002030398180, 3.600000000000000533 ) ) ;
#4147 = EDGE_CURVE ( 'NONE', #6120, #813, #1330, .T. ) ;
#4148 = LINE ( 'NONE', #1559, #2486 ) ;
#4149 = VECTOR ( 'NONE', #1692, 1000.000000000000000 ) ;
#4150 = LINE ( 'NONE', #3554, #3500 ) ;
#4151 = VERTEX_POINT ( 'NONE', #5299 ) ;
#4152 = VECTOR ( 'NONE', #3267, 1000.000000000000000 ) ;
#4153 = ADVANCED_FACE ( 'NONE', ( #3779 ), #5678, .F. ) ;
#4154 = EDGE_LOOP ( 'NONE', ( #1300, #5779, #5314, #3855, #3716, #5165, #1913, #5696 ) ) ;
#4155 = ORIENTED_EDGE ( 'NONE', *, *, #5454, .T. ) ;
#4156 = LINE ( 'NONE', #1180, #2666 ) ;
#4157 = PLANE ( 'NONE',  #4339 ) ;
#4158 = AXIS2_PLACEMENT_3D ( 'NONE', #5317, #4268, #877 ) ;
#4159 = LINE ( 'NONE', #4698, #3122 ) ;
#4160 = VERTEX_POINT ( 'NONE', #2313 ) ;
#4161 = EDGE_CURVE ( 'NONE', #2149, #1995, #2371, .T. ) ;
#4162 = ORIENTED_EDGE ( 'NONE', *, *, #2878, .T. ) ;
#4163 = DIRECTION ( 'NONE',  ( 0.000000000000000000, -0.7071067811865475727, -0.7071067811865475727 ) ) ;
#4164 = CARTESIAN_POINT ( 'NONE',  ( 35.19619915974624291, 3.399999999999999911, 9.799999999999993605 ) ) ;
#4165 = ORIENTED_EDGE ( 'NONE', *, *, #3878, .T. ) ;
#4166 = ORIENTED_EDGE ( 'NONE', *, *, #423, .T. ) ;
#4167 = CARTESIAN_POINT ( 'NONE',  ( 33.99999999999998579, -44.85228197649757931, 5.000000000000000000 ) ) ;
#4168 = EDGE_CURVE ( 'NONE', #6206, #2450, #5329, .T. ) ;
#4169 = ORIENTED_EDGE ( 'NONE', *, *, #3509, .T. ) ;
#4170 = FACE_OUTER_BOUND ( 'NONE', #2536, .T. ) ;
#4171 = DIRECTION ( 'NONE',  ( 1.000000000000000000, -5.385296291631731528E-14, 0.000000000000000000 ) ) ;
#4172 = FACE_OUTER_BOUND ( 'NONE', #3098, .T. ) ;
#4173 = LINE ( 'NONE', #5191, #3504 ) ;
#4174 = EDGE_CURVE ( 'NONE', #1284, #4718, #5590, .T. ) ;
#4175 = EDGE_CURVE ( 'NONE', #3041, #6281, #6268, .T. ) ;
#4176 = ORIENTED_EDGE ( 'NONE', *, *, #5083, .F. ) ;
#4177 = LINE ( 'NONE', #2599, #4149 ) ;
#4178 = DIRECTION ( 'NONE',  ( -0.7071067811865500152, -0.7071067811865451302, 0.000000000000000000 ) ) ;
#4179 = DIRECTION ( 'NONE',  ( 1.000000000000000000, 0.000000000000000000, 0.000000000000000000 ) ) ;
#4180 = CARTESIAN_POINT ( 'NONE',  ( 18.11089738361745916, -1.625102115043312478, 10.00000000000000000 ) ) ;
#4181 = EDGE_CURVE ( 'NONE', #2726, #2704, #1795, .T. ) ;
#4182 = ORIENTED_EDGE ( 'NONE', *, *, #1970, .F. ) ;
#4183 = ORIENTED_EDGE ( 'NONE', *, *, #5346, .F. ) ;
#4184 = ORIENTED_EDGE ( 'NONE', *, *, #3386, .F. ) ;
#4185 = CARTESIAN_POINT ( 'NONE',  ( -1.868629150101517089, 1.868629150101523528, 15.60000000000000320 ) ) ;
#4186 = LINE ( 'NONE', #6249, #1241 ) ;
#4187 = LINE ( 'NONE', #696, #3825 ) ;
#4188 = EDGE_CURVE ( 'NONE', #6120, #6206, #2864, .T. ) ;
#4189 = VERTEX_POINT ( 'NONE', #1726 ) ;
#4190 = CARTESIAN_POINT ( 'NONE',  ( -3.400000000000005240, 7.669842981761063598E-16, 15.60000000000000320 ) ) ;
#4191 = CARTESIAN_POINT ( 'NONE',  ( 0.000000000000000000, -58.00000000000000711, 16.00000000000000000 ) ) ;
#4192 = ORIENTED_EDGE ( 'NONE', *, *, #2437, .T. ) ;
#4193 = EDGE_LOOP ( 'NONE', ( #3366, #128, #3503, #1697 ) ) ;
#4194 = EDGE_CURVE ( 'NONE', #647, #3519, #4823, .T. ) ;
#4195 = LINE ( 'NONE', #4704, #4454 ) ;
#4196 = EDGE_LOOP ( 'NONE', ( #3835, #1884 ) ) ;
#4197 = ADVANCED_FACE ( 'NONE', ( #2246 ), #3219, .F. ) ;
#4198 = ORIENTED_EDGE ( 'NONE', *, *, #1510, .T. ) ;
#4199 = LINE ( 'NONE', #6310, #1515 ) ;
#4200 = LINE ( 'NONE', #6192, #5573 ) ;
#4201 = DIRECTION ( 'NONE',  ( 0.9238416750155084012, -0.3827748156612967301, -2.003426463284674166E-15 ) ) ;
#4202 = LINE ( 'NONE', #811, #4643 ) ;
#4203 = VECTOR ( 'NONE', #3543, 1000.000000000000000 ) ;
#4204 = ORIENTED_EDGE ( 'NONE', *, *, #1290, .F. ) ;
#4205 = DIRECTION ( 'NONE',  ( -1.000000000000000000, 0.000000000000000000, 0.000000000000000000 ) ) ;
#4206 = LINE ( 'NONE', #5295, #2465 ) ;
#4207 = ADVANCED_FACE ( 'NONE', ( #4691 ), #6205, .F. ) ;
#4208 = EDGE_CURVE ( 'NONE', #2347, #66, #1950, .T. ) ;
#4209 = CARTESIAN_POINT ( 'NONE',  ( -2.799999999999974953, -47.98597515316583895, 15.60000000000000142 ) ) ;
#4210 = UNCERTAINTY_MEASURE_WITH_UNIT (LENGTH_MEASURE( 1.000000000000000082E-05 ), #2511, 'distance_accuracy_value', 'NONE');
#4211 = EDGE_CURVE ( 'NONE', #5969, #5901, #2957, .T. ) ;
#4212 = DIRECTION ( 'NONE',  ( 1.000000000000000000, 0.000000000000000000, 0.000000000000000000 ) ) ;
#4213 = AXIS2_PLACEMENT_3D ( 'NONE', #4185, #248, #6248 ) ;
#4214 = ORIENTED_EDGE ( 'NONE', *, *, #4873, .F. ) ;
#4215 = ORIENTED_EDGE ( 'NONE', *, *, #684, .T. ) ;
#4216 = ORIENTED_EDGE ( 'NONE', *, *, #5614, .F. ) ;
#4217 = DIRECTION ( 'NONE',  ( -2.492664266385966864E-16, -1.000000000000000000, 0.000000000000000000 ) ) ;
#4218 = VECTOR ( 'NONE', #4922, 1000.000000000000000 ) ;
#4219 = DIRECTION ( 'NONE',  ( 1.146174137548107193E-17, -1.000000000000000000, 0.000000000000000000 ) ) ;
#4220 = DIRECTION ( 'NONE',  ( -0.000000000000000000, -0.000000000000000000, -1.000000000000000000 ) ) ;
#4221 = AXIS2_PLACEMENT_3D ( 'NONE', #6361, #983, #1854 ) ;
#4222 = ORIENTED_EDGE ( 'NONE', *, *, #1210, .F. ) ;
#4223 = PLANE ( 'NONE',  #6106 ) ;
#4224 = AXIS2_PLACEMENT_3D ( 'NONE', #4860, #2893, #2432 ) ;
#4225 = CARTESIAN_POINT ( 'NONE',  ( 55.99999999999997868, -8.852281976497271998, 3.599999999999999201 ) ) ;
#4226 = AXIS2_PLACEMENT_3D ( 'NONE', #4636, #2681, #741 ) ;
#4227 = EDGE_LOOP ( 'NONE', ( #1177, #2554, #1412, #1729, #1426, #4192, #1574 ) ) ;
#4228 = EDGE_CURVE ( 'NONE', #5529, #988, #4917, .T. ) ;
#4229 = ORIENTED_EDGE ( 'NONE', *, *, #6162, .T. ) ;
#4230 = DIRECTION ( 'NONE',  ( -0.000000000000000000, -0.000000000000000000, -1.000000000000000000 ) ) ;
#4231 = ORIENTED_EDGE ( 'NONE', *, *, #6001, .T. ) ;
#4232 = VECTOR ( 'NONE', #5306, 1000.000000000000000 ) ;
#4233 = VERTEX_POINT ( 'NONE', #1046 ) ;
#4234 = LINE ( 'NONE', #3206, #2925 ) ;
#4235 = CARTESIAN_POINT ( 'NONE',  ( 34.82995764761653845, 34.82995764761605528, 16.00000000000000000 ) ) ;
#4236 = CARTESIAN_POINT ( 'NONE',  ( -3.896992067663562732E-17, 3.399999999999999467, 15.60000000000000320 ) ) ;
#4237 = VECTOR ( 'NONE', #3646, 1000.000000000000000 ) ;
#4238 = VECTOR ( 'NONE', #3227, 999.9999999999998863 ) ;
#4239 = LINE ( 'NONE', #5767, #3114 ) ;
#4240 = ORIENTED_EDGE ( 'NONE', *, *, #6376, .F. ) ;
#4241 = AXIS2_PLACEMENT_3D ( 'NONE', #3259, #5142, #1709 ) ;
#4242 = ADVANCED_FACE ( 'NONE', ( #5453 ), #4406, .F. ) ;
#4243 = ORIENTED_EDGE ( 'NONE', *, *, #4147, .F. ) ;
#4244 = LINE ( 'NONE', #295, #3522 ) ;
#4245 = DIRECTION ( 'NONE',  ( -2.255836171106191928E-16, -1.000000000000000000, 0.000000000000000000 ) ) ;
#4246 = EDGE_CURVE ( 'NONE', #6353, #2149, #1010, .T. ) ;
#4247 = DIRECTION ( 'NONE',  ( -0.7071067785082093549, 8.703725664679202133E-05, 0.7071067785082095769 ) ) ;
#4248 = CARTESIAN_POINT ( 'NONE',  ( 7.596199159746238827, -1.988996513832689793E-15, 16.00000000000000000 ) ) ;
#4249 = VECTOR ( 'NONE', #1249, 1000.000000000000000 ) ;
#4250 = ORIENTED_EDGE ( 'NONE', *, *, #1415, .F. ) ;
#4251 = EDGE_CURVE ( 'NONE', #5549, #5957, #2464, .T. ) ;
#4252 = VERTEX_POINT ( 'NONE', #2932 ) ;
#4253 = VERTEX_POINT ( 'NONE', #2988 ) ;
#4254 = VECTOR ( 'NONE', #832, 1000.000000000000114 ) ;
#4255 = FACE_OUTER_BOUND ( 'NONE', #4715, .T. ) ;
#4256 = CARTESIAN_POINT ( 'NONE',  ( -3.000000000000006661, -5.912601124913162032, 16.00000000000000000 ) ) ;
#4257 = CARTESIAN_POINT ( 'NONE',  ( 38.99999999999998579, -44.85228197649743009, 3.599999999999999201 ) ) ;
#4258 = DIRECTION ( 'NONE',  ( 0.7071067811865459074, -0.7071067811865491270, 0.000000000000000000 ) ) ;
#4259 = AXIS2_PLACEMENT_3D ( 'NONE', #982, #2953, #2460 ) ;
#4260 = ORIENTED_EDGE ( 'NONE', *, *, #1168, .F. ) ;
#4261 = FACE_OUTER_BOUND ( 'NONE', #3804, .T. ) ;
#4262 = LINE ( 'NONE', #5342, #2057 ) ;
#4263 = ORIENTED_EDGE ( 'NONE', *, *, #2552, .F. ) ;
#4264 = DIRECTION ( 'NONE',  ( -0.7071067811865454633, -0.7071067811865495711, 0.000000000000000000 ) ) ;
#4265 = ORIENTED_EDGE ( 'NONE', *, *, #4808, .T. ) ;
#4266 = ADVANCED_FACE ( 'NONE', ( #5878 ), #5429, .T. ) ;
#4267 = EDGE_LOOP ( 'NONE', ( #5425, #4265, #1798, #1783 ) ) ;
#4268 = DIRECTION ( 'NONE',  ( 0.000000000000000000, 0.000000000000000000, 1.000000000000000000 ) ) ;
#4269 = DIRECTION ( 'NONE',  ( -0.9999999660829421710, 0.0002604498311030193584, 0.000000000000000000 ) ) ;
#4270 = EDGE_LOOP ( 'NONE', ( #1880, #1057, #6316, #2695 ) ) ;
#4271 = CARTESIAN_POINT ( 'NONE',  ( -3.400000000000005240, 7.669842981761063598E-16, 3.600000000000000533 ) ) ;
#4272 = LINE ( 'NONE', #5248, #2702 ) ;
#4273 = ORIENTED_EDGE ( 'NONE', *, *, #2002, .T. ) ;
#4274 = CARTESIAN_POINT ( 'NONE',  ( 73.82846663808358301, -45.86976616585294408, 15.60000000000000320 ) ) ;
#4275 = CARTESIAN_POINT ( 'NONE',  ( -3.000000000000005329, 6.767508513318587616E-16, 16.00000000000000000 ) ) ;
#4276 = CARTESIAN_POINT ( 'NONE',  ( 66.99999999999997158, -8.852281976497117455, 3.599999999999999201 ) ) ;
#4277 = CARTESIAN_POINT ( 'NONE',  ( -2.799999999999974953, -47.98597515316583895, 15.60000000000000320 ) ) ;
#4278 = EDGE_CURVE ( 'NONE', #3781, #4252, #5359, .T. ) ;
#4279 = VERTEX_POINT ( 'NONE', #45 ) ;
#4280 = EDGE_LOOP ( 'NONE', ( #6264, #183, #489, #2364, #3833, #5991 ) ) ;
#4281 = VERTEX_POINT ( 'NONE', #1461 ) ;
#4282 = DIRECTION ( 'NONE',  ( -0.7071067811865474617, -0.7071067811865474617, 0.000000000000000000 ) ) ;
#4283 = DIRECTION ( 'NONE',  ( -0.000000000000000000, -0.000000000000000000, 1.000000000000000000 ) ) ;
#4284 = EDGE_CURVE ( 'NONE', #1187, #210, #916, .T. ) ;
#4285 = DIRECTION ( 'NONE',  ( -0.000000000000000000, -0.000000000000000000, 1.000000000000000000 ) ) ;
#4286 = EDGE_CURVE ( 'NONE', #1456, #282, #5913, .T. ) ;
#4287 = CYLINDRICAL_SURFACE ( 'NONE', #6129, 3.100000000000005418 ) ;
#4288 = ORIENTED_EDGE ( 'NONE', *, *, #4622, .T. ) ;
#4289 = DIRECTION ( 'NONE',  ( -0.7071067811867238762, -0.7071067811863711583, 0.000000000000000000 ) ) ;
#4290 = CARTESIAN_POINT ( 'NONE',  ( 52.99999999999997868, -8.852281976497271998, 3.599999999999999201 ) ) ;
#4291 = EDGE_CURVE ( 'NONE', #5263, #3422, #2897, .T. ) ;
#4292 = EDGE_CURVE ( 'NONE', #3790, #1655, #3853, .T. ) ;
#4293 = EDGE_CURVE ( 'NONE', #5513, #5089, #5943, .T. ) ;
#4294 = CARTESIAN_POINT ( 'NONE',  ( 36.59619915974623439, 0.3512798780564213019, 9.600000000000001421 ) ) ;
#4295 = ORIENTED_EDGE ( 'NONE', *, *, #1670, .F. ) ;
#4296 = VERTEX_POINT ( 'NONE', #985 ) ;
#4297 = LINE ( 'NONE', #5285, #5714 ) ;
#4298 = DIRECTION ( 'NONE',  ( 0.9999999924245159821, -0.0001230892683154107155, -0.000000000000000000 ) ) ;
#4299 = ORIENTED_EDGE ( 'NONE', *, *, #4562, .F. ) ;
#4300 = DIRECTION ( 'NONE',  ( 0.0001230892683154107155, 0.9999999924245159821, -0.000000000000000000 ) ) ;
#4301 = EDGE_CURVE ( 'NONE', #4844, #805, #3880, .T. ) ;
#4302 = DIRECTION ( 'NONE',  ( -0.9999999660829421710, 0.0002604498311030193584, -0.000000000000000000 ) ) ;
#4303 = CARTESIAN_POINT ( 'NONE',  ( -2.000000000000012879, -49.38597515316584463, 17.00000000000000711 ) ) ;
#4304 = DIRECTION ( 'NONE',  ( 3.807979526511562659E-14, 0.7071067811865471286, 0.7071067811865479058 ) ) ;
#4305 = CARTESIAN_POINT ( 'NONE',  ( 11.80114060053943170, -52.21340248203724599, 10.00000000000000000 ) ) ;
#4306 = DIRECTION ( 'NONE',  ( -0.6785983445458462215, 0.2810846377148239483, -0.6785983445458462215 ) ) ;
#4307 = CARTESIAN_POINT ( 'NONE',  ( -0.8000000000006908252, -26.20573625655823236, 9.999999999999996447 ) ) ;
#4308 = EDGE_CURVE ( 'NONE', #4060, #3631, #1490, .T. ) ;
#4309 = CARTESIAN_POINT ( 'NONE',  ( -10.46666666666668633, -38.93333333333333712, 35.06666666666666998 ) ) ;
#4310 = AXIS2_PLACEMENT_3D ( 'NONE', #40, #1983, #550 ) ;
#4311 = VERTEX_POINT ( 'NONE', #1518 ) ;
#4312 = ORIENTED_EDGE ( 'NONE', *, *, #1278, .F. ) ;
#4313 = EDGE_CURVE ( 'NONE', #755, #4099, #2500, .T. ) ;
#4314 = DIRECTION ( 'NONE',  ( -0.000000000000000000, -0.000000000000000000, -1.000000000000000000 ) ) ;
#4315 = DIRECTION ( 'NONE',  ( 0.000000000000000000, 0.000000000000000000, 1.000000000000000000 ) ) ;
#4316 = VECTOR ( 'NONE', #5187, 1000.000000000000000 ) ;
#4317 = LINE ( 'NONE', #3345, #933 ) ;
#4318 = DIRECTION ( 'NONE',  ( 0.7071067811867238762, 0.7071067811863711583, 0.000000000000000000 ) ) ;
#4319 = VECTOR ( 'NONE', #1103, 1000.000000000000227 ) ;
#4320 = ORIENTED_EDGE ( 'NONE', *, *, #618, .T. ) ;
#4321 = ORIENTED_EDGE ( 'NONE', *, *, #4720, .F. ) ;
#4322 = LINE ( 'NONE', #2205, #290 ) ;
#4323 = CARTESIAN_POINT ( 'NONE',  ( 69.08286859082156184, -58.40000000000000568, 9.199999999999999289 ) ) ;
#4324 = EDGE_LOOP ( 'NONE', ( #2739, #5563, #4956, #6048 ) ) ;
#4325 = CARTESIAN_POINT ( 'NONE',  ( 66.71952070086400965, 0.000000000000000000, 16.00000000000000000 ) ) ;
#4326 = VERTEX_POINT ( 'NONE', #4347 ) ;
#4327 = AXIS2_PLACEMENT_3D ( 'NONE', #3644, #2305, #4269 ) ;
#4328 = CARTESIAN_POINT ( 'NONE',  ( 5.829015213824201069, 3.506700727027714404, 17.36718394592202941 ) ) ;
#4329 = EDGE_LOOP ( 'NONE', ( #5741, #1206, #678, #5998 ) ) ;
#4330 = ORIENTED_EDGE ( 'NONE', *, *, #1348, .T. ) ;
#4331 = VECTOR ( 'NONE', #2077, 1000.000000000000000 ) ;
#4332 = VECTOR ( 'NONE', #2877, 1000.000000000000000 ) ;
#4333 = ADVANCED_FACE ( 'NONE', ( #6335 ), #1895, .T. ) ;
#4334 = DIRECTION ( 'NONE',  ( 1.000000000000000000, 0.000000000000000000, 0.000000000000000000 ) ) ;
#4335 = ORIENTED_EDGE ( 'NONE', *, *, #3085, .F. ) ;
#4336 = CARTESIAN_POINT ( 'NONE',  ( 66.31952070086401818, 3.400000000000000355, 12.00000000000000000 ) ) ;
#4337 = CARTESIAN_POINT ( 'NONE',  ( 53.11199952979897887, -53.40018871553936464, 10.00000000000000000 ) ) ;
#4338 = AXIS2_PLACEMENT_3D ( 'NONE', #4869, #4528, #2114 ) ;
#4339 = AXIS2_PLACEMENT_3D ( 'NONE', #6148, #145, #1701 ) ;
#4340 = EDGE_LOOP ( 'NONE', ( #3223, #6187, #693, #2723 ) ) ;
#4341 = VECTOR ( 'NONE', #3547, 1000.000000000000000 ) ;
#4342 = CARTESIAN_POINT ( 'NONE',  ( 71.16692151384302178, -3.557475234951000598, 7.600000000000000533 ) ) ;
#4343 = PLANE ( 'NONE',  #5603 ) ;
#4344 = PLANE ( 'NONE',  #3090 ) ;
#4345 = VECTOR ( 'NONE', #3652, 1000.000000000000000 ) ;
#4346 = PLANE ( 'NONE',  #3095 ) ;
#4347 = CARTESIAN_POINT ( 'NONE',  ( 35.59617454189255881, -2.248408332285959599, 9.400000000000009237 ) ) ;
#4348 = VECTOR ( 'NONE', #5447, 1000.000000000000000 ) ;
#4349 = VECTOR ( 'NONE', #945, 1000.000000000000000 ) ;
#4350 = ORIENTED_EDGE ( 'NONE', *, *, #4801, .T. ) ;
#4351 = EDGE_CURVE ( 'NONE', #1995, #347, #5643, .T. ) ;
#4352 = ORIENTED_EDGE ( 'NONE', *, *, #2116, .F. ) ;
#4353 = ORIENTED_EDGE ( 'NONE', *, *, #4455, .F. ) ;
#4354 = LINE ( 'NONE', #5854, #5265 ) ;
#4355 = DIRECTION ( 'NONE',  ( -0.7071067811865450192, -0.7071067811865500152, 0.000000000000000000 ) ) ;
#4356 = AXIS2_PLACEMENT_3D ( 'NONE', #4877, #1836, #3796 ) ;
#4357 = DIRECTION ( 'NONE',  ( 0.000000000000000000, 0.000000000000000000, -1.000000000000000000 ) ) ;
#4358 = DIRECTION ( 'NONE',  ( 1.000000000000000000, 0.000000000000000000, -0.000000000000000000 ) ) ;
#4359 = AXIS2_PLACEMENT_3D ( 'NONE', #201, #4304, #6293 ) ;
#4360 = ORIENTED_EDGE ( 'NONE', *, *, #5690, .T. ) ;
#4361 = CARTESIAN_POINT ( 'NONE',  ( 55.60801613782719244, -54.30133297455824959, 9.999999999999996447 ) ) ;
#4362 = DIRECTION ( 'NONE',  ( 1.000000000000000000, 0.000000000000000000, 0.000000000000000000 ) ) ;
#4363 = CARTESIAN_POINT ( 'NONE',  ( -0.000000000000000000, -6.312601124913162387, 12.00000000000000000 ) ) ;
#4364 = VECTOR ( 'NONE', #2038, 1000.000000000000227 ) ;
#4365 = CARTESIAN_POINT ( 'NONE',  ( 66.99999999999997158, -8.852281976497117455, -42.42640687119285303 ) ) ;
#4366 = ORIENTED_EDGE ( 'NONE', *, *, #6094, .F. ) ;
#4367 = EDGE_LOOP ( 'NONE', ( #1311, #5595, #3723, #2150 ) ) ;
#4368 = DIRECTION ( 'NONE',  ( 1.146174137548107193E-17, -1.000000000000000000, 0.000000000000000000 ) ) ;
#4369 = ORIENTED_EDGE ( 'NONE', *, *, #5316, .F. ) ;
#4370 = CARTESIAN_POINT ( 'NONE',  ( -0.8000000000014093615, -4.312601124913160611, 15.60000000000000320 ) ) ;
#4371 = EDGE_CURVE ( 'NONE', #259, #3931, #4495, .T. ) ;
#4372 = CARTESIAN_POINT ( 'NONE',  ( 36.39619915974623865, 3.399999999999999911, 9.600000000000001421 ) ) ;
#4373 = ORIENTED_EDGE ( 'NONE', *, *, #2514, .T. ) ;
#4374 = ORIENTED_EDGE ( 'NONE', *, *, #75, .F. ) ;
#4375 = CARTESIAN_POINT ( 'NONE',  ( 0.000000000000000000, -5.912601124913162032, 16.00000000000000000 ) ) ;
#4376 = PLANE ( 'NONE',  #4221 ) ;
#4377 = LINE ( 'NONE', #5358, #1227 ) ;
#4378 = EDGE_CURVE ( 'NONE', #5789, #6351, #3151, .T. ) ;
#4379 = CARTESIAN_POINT ( 'NONE',  ( 55.99999999999998579, -44.85228197649726667, -42.42640687119285303 ) ) ;
#4380 = EDGE_CURVE ( 'NONE', #5468, #5302, #1551, .T. ) ;
#4381 = ORIENTED_EDGE ( 'NONE', *, *, #1879, .T. ) ;
#4382 = ORIENTED_EDGE ( 'NONE', *, *, #55, .F. ) ;
#4383 = LINE ( 'NONE', #893, #5038 ) ;
#4384 = CARTESIAN_POINT ( 'NONE',  ( 35.39619915974623154, 3.200000000000005063, 9.600000000000001421 ) ) ;
#4385 = LINE ( 'NONE', #6398, #1638 ) ;
#4386 = CARTESIAN_POINT ( 'NONE',  ( 7.596199159746239715, 2.774709169418827504, 12.00000000000000000 ) ) ;
#4387 = ADVANCED_FACE ( 'NONE', ( #1197 ), #134, .T. ) ;
#4388 = ORIENTED_EDGE ( 'NONE', *, *, #1320, .T. ) ;
#4389 = ORIENTED_EDGE ( 'NONE', *, *, #6357, .T. ) ;
#4390 = CARTESIAN_POINT ( 'NONE',  ( 68.06692151384301326, -51.58491490983000460, 3.600000000000000533 ) ) ;
#4391 = DIRECTION ( 'NONE',  ( 0.7085718570078566314, 0.7056386635215203817, -0.000000000000000000 ) ) ;
#4392 = PLANE ( 'NONE',  #630 ) ;
#4393 = EDGE_CURVE ( 'NONE', #4504, #1927, #3521, .T. ) ;
#4394 = VERTEX_POINT ( 'NONE', #2656 ) ;
#4395 = VERTEX_POINT ( 'NONE', #655 ) ;
#4396 = EDGE_CURVE ( 'NONE', #5059, #5765, #3410, .T. ) ;
#4397 = CARTESIAN_POINT ( 'NONE',  ( -1.585786437626898193, 1.585786437626903300, 16.00000000000000000 ) ) ;
#4398 = EDGE_LOOP ( 'NONE', ( #3550, #4456, #6336, #1728 ) ) ;
#4399 = CARTESIAN_POINT ( 'NONE',  ( 27.59510887530268519, -55.80000000000088534, 9.999999999999998224 ) ) ;
#4400 = PLANE ( 'NONE',  #321 ) ;
#4401 = CARTESIAN_POINT ( 'NONE',  ( -2.800000000001424905, -6.312601124913162387, 12.00000000000000000 ) ) ;
#4402 = ORIENTED_EDGE ( 'NONE', *, *, #4380, .T. ) ;
#4403 = LINE ( 'NONE', #2929, #6241 ) ;
#4404 = DIRECTION ( 'NONE',  ( 0.000000000000000000, -1.000000000000000000, 0.000000000000000000 ) ) ;
#4405 = DIRECTION ( 'NONE',  ( -0.5773502691896257311, 0.5773502691896257311, 0.5773502691896257311 ) ) ;
#4406 = PLANE ( 'NONE',  #4953 ) ;
#4407 = ORIENTED_EDGE ( 'NONE', *, *, #6311, .T. ) ;
#4408 = EDGE_CURVE ( 'NONE', #5293, #958, #682, .T. ) ;
#4409 = ORIENTED_EDGE ( 'NONE', *, *, #3684, .F. ) ;
#4410 = DIRECTION ( 'NONE',  ( 0.000000000000000000, 0.000000000000000000, -1.000000000000000000 ) ) ;
#4411 = FACE_OUTER_BOUND ( 'NONE', #5460, .T. ) ;
#4412 = CARTESIAN_POINT ( 'NONE',  ( 5.999999999999983125, -8.852281976497886617, 5.000000000000000000 ) ) ;
#4413 = DIRECTION ( 'NONE',  ( -0.000000000000000000, 1.000000000000000000, -0.000000000000000000 ) ) ;
#4414 = ORIENTED_EDGE ( 'NONE', *, *, #5279, .T. ) ;
#4415 = DIRECTION ( 'NONE',  ( 0.000000000000000000, 0.000000000000000000, -1.000000000000000000 ) ) ;
#4416 = EDGE_CURVE ( 'NONE', #3957, #2095, #5542, .T. ) ;
#4417 = CARTESIAN_POINT ( 'NONE',  ( 7.596199159746238827, -1.625102115043347784, 5.000000000000000000 ) ) ;
#4418 = CARTESIAN_POINT ( 'NONE',  ( 6.988803657608006148, -3.557475234951000154, 7.600000000000000533 ) ) ;
#4419 = VECTOR ( 'NONE', #3659, 1000.000000000000000 ) ;
#4420 = ORIENTED_EDGE ( 'NONE', *, *, #5728, .F. ) ;
#4421 = ORIENTED_EDGE ( 'NONE', *, *, #6401, .F. ) ;
#4422 = DIRECTION ( 'NONE',  ( -0.000000000000000000, -0.000000000000000000, -1.000000000000000000 ) ) ;
#4423 = VECTOR ( 'NONE', #758, 1000.000000000000114 ) ;
#4424 = VERTEX_POINT ( 'NONE', #2042 ) ;
#4425 = DIRECTION ( 'NONE',  ( 1.000000000000000000, 0.000000000000000000, 0.000000000000000000 ) ) ;
#4426 = CARTESIAN_POINT ( 'NONE',  ( 35.19619915974624291, 3.399999999999999911, 12.00000000000000000 ) ) ;
#4427 = ADVANCED_FACE ( 'NONE', ( #1612 ), #1074, .F. ) ;
#4428 = AXIS2_PLACEMENT_3D ( 'NONE', #3672, #5735, #2236 ) ;
#4429 = DIRECTION ( 'NONE',  ( 1.000000000000000000, 0.000000000000000000, 0.000000000000000000 ) ) ;
#4430 = ORIENTED_EDGE ( 'NONE', *, *, #737, .T. ) ;
#4431 = FACE_OUTER_BOUND ( 'NONE', #1381, .T. ) ;
#4432 = LINE ( 'NONE', #5812, #4620 ) ;
#4433 = FACE_OUTER_BOUND ( 'NONE', #6157, .T. ) ;
#4434 = AXIS2_PLACEMENT_3D ( 'NONE', #4909, #1847, #479 ) ;
#4435 = VECTOR ( 'NONE', #2064, 1000.000000000000000 ) ;
#4436 = CARTESIAN_POINT ( 'NONE',  ( 7.596199159746239715, 2.774709169418827504, 15.60000000000000320 ) ) ;
#4437 = ADVANCED_FACE ( 'NONE', ( #3996 ), #1098, .T. ) ;
#4438 = ORIENTED_EDGE ( 'NONE', *, *, #4175, .T. ) ;
#4439 = CIRCLE ( 'NONE', #1647, 3.100000000000000089 ) ;
#4440 = VECTOR ( 'NONE', #1181, 1000.000000000000114 ) ;
#4441 = VERTEX_POINT ( 'NONE', #1687 ) ;
#4442 = EDGE_CURVE ( 'NONE', #2761, #4576, #5013, .T. ) ;
#4443 = DIRECTION ( 'NONE',  ( -0.7071067811865476838, 0.7071067811865474617, 0.000000000000000000 ) ) ;
#4444 = CARTESIAN_POINT ( 'NONE',  ( 7.596199159746239715, 2.774709169418827504, 16.00000000000000000 ) ) ;
#4445 = DIRECTION ( 'NONE',  ( -1.000000000000000000, -2.962157971162378387E-14, 0.000000000000000000 ) ) ;
#4446 = VECTOR ( 'NONE', #1394, 1000.000000000000000 ) ;
#4447 = VECTOR ( 'NONE', #1828, 1000.000000000000000 ) ;
#4448 = DIRECTION ( 'NONE',  ( 0.3826834323650884495, 0.9238795325112872936, -2.003344392527255072E-15 ) ) ;
#4449 = ORIENTED_EDGE ( 'NONE', *, *, #35, .T. ) ;
#4450 = VECTOR ( 'NONE', #1003, 1000.000000000000000 ) ;
#4451 = LINE ( 'NONE', #3861, #5367 ) ;
#4452 = DIRECTION ( 'NONE',  ( 0.7071067811865473507, -0.7071067811865477948, 0.000000000000000000 ) ) ;
#4453 = LINE ( 'NONE', #29, #5808 ) ;
#4454 = VECTOR ( 'NONE', #2941, 1000.000000000000000 ) ;
#4455 = EDGE_CURVE ( 'NONE', #3770, #1567, #5045, .T. ) ;
#4456 = ORIENTED_EDGE ( 'NONE', *, *, #3032, .F. ) ;
#4457 = ORIENTED_EDGE ( 'NONE', *, *, #2287, .T. ) ;
#4458 = DIRECTION ( 'NONE',  ( 1.000000000000000000, 0.000000000000000000, 0.000000000000000000 ) ) ;
#4459 = AXIS2_PLACEMENT_3D ( 'NONE', #5572, #499, #656 ) ;
#4460 = CARTESIAN_POINT ( 'NONE',  ( 73.31355508202470617, 0.7747091694188623645, 15.60000000000000675 ) ) ;
#4461 = ORIENTED_EDGE ( 'NONE', *, *, #5964, .F. ) ;
#4462 = DIRECTION ( 'NONE',  ( -0.4999999999999989453, 0.4999999999999989453, 0.7071067811865490160 ) ) ;
#4463 = PLANE ( 'NONE',  #6226 ) ;
#4464 = CIRCLE ( 'NONE', #2717, 3.100000000000000089 ) ;
#4465 = CARTESIAN_POINT ( 'NONE',  ( 69.30311946457149475, -37.20000000000057838, -3.000000000000287326 ) ) ;
#4466 = ORIENTED_EDGE ( 'NONE', *, *, #5465, .F. ) ;
#4467 = LINE ( 'NONE', #5426, #3028 ) ;
#4468 = CARTESIAN_POINT ( 'NONE',  ( 10.60909308149352448, -53.40018871553893831, 10.00000000000000000 ) ) ;
#4469 = CARTESIAN_POINT ( 'NONE',  ( 31.23645279790454055, -38.93333333333333712, 35.06666666666666998 ) ) ;
#4470 = DIRECTION ( 'NONE',  ( -1.146174137548107193E-17, 1.000000000000000000, 0.000000000000000000 ) ) ;
#4471 = ORIENTED_EDGE ( 'NONE', *, *, #2137, .F. ) ;
#4472 = CARTESIAN_POINT ( 'NONE',  ( 8.999999999999980460, -58.40000000000000568, 15.60000000000000320 ) ) ;
#4473 = DIRECTION ( 'NONE',  ( -8.104675050809031355E-18, 0.7071067811865422437, 0.7071067811865529018 ) ) ;
#4474 = EDGE_CURVE ( 'NONE', #66, #4252, #5151, .T. ) ;
#4475 = CARTESIAN_POINT ( 'NONE',  ( 60.99999999999997158, -8.852281976497117455, 5.000000000000000000 ) ) ;
#4476 = ORIENTED_EDGE ( 'NONE', *, *, #5612, .T. ) ;
#4477 = EDGE_CURVE ( 'NONE', #3072, #2704, #4582, .T. ) ;
#4478 = SURFACE_STYLE_USAGE ( .BOTH. , #1996 ) ;
#4479 = DIRECTION ( 'NONE',  ( -1.000000000000000000, 0.000000000000000000, 0.000000000000000000 ) ) ;
#4480 = CARTESIAN_POINT ( 'NONE',  ( -3.400000000000005240, 7.669842981761063598E-16, 16.00000000000000000 ) ) ;
#4481 = ORIENTED_EDGE ( 'NONE', *, *, #3758, .F. ) ;
#4482 = EDGE_LOOP ( 'NONE', ( #1335, #602, #3038, #1963 ) ) ;
#4483 = LINE ( 'NONE', #4018, #957 ) ;
#4484 = CARTESIAN_POINT ( 'NONE',  ( 78.39999999999996305, -55.33725830020304670, 3.600000000000000533 ) ) ;
#4485 = ORIENTED_EDGE ( 'NONE', *, *, #2896, .F. ) ;
#4486 = CARTESIAN_POINT ( 'NONE',  ( 2.188803657608005437, -51.58491490983000460, 10.00000000000000000 ) ) ;
#4487 = LINE ( 'NONE', #1122, #5183 ) ;
#4488 = DIRECTION ( 'NONE',  ( 0.7071067811865466846, -0.7071067811865483499, 0.000000000000000000 ) ) ;
#4489 = ORIENTED_EDGE ( 'NONE', *, *, #1176, .T. ) ;
#4490 = DIRECTION ( 'NONE',  ( 0.7071067811865457964, 0.7071067811865492381, 0.000000000000000000 ) ) ;
#4491 = FACE_OUTER_BOUND ( 'NONE', #2867, .T. ) ;
#4492 = EDGE_CURVE ( 'NONE', #4776, #1567, #6064, .T. ) ;
#4493 = ORIENTED_EDGE ( 'NONE', *, *, #5007, .T. ) ;
#4494 = CARTESIAN_POINT ( 'NONE',  ( 69.42844382976136330, -48.13817845388539496, 10.00000000000000000 ) ) ;
#4495 = LINE ( 'NONE', #3078, #4856 ) ;
#4496 = ORIENTED_EDGE ( 'NONE', *, *, #4474, .F. ) ;
#4497 = DIRECTION ( 'NONE',  ( -0.7055411418617782981, 0.7086689616036376815, 0.000000000000000000 ) ) ;
#4498 = FACE_OUTER_BOUND ( 'NONE', #3113, .T. ) ;
#4499 = PLANE ( 'NONE',  #3495 ) ;
#4500 = ORIENTED_EDGE ( 'NONE', *, *, #5881, .T. ) ;
#4501 = CARTESIAN_POINT ( 'NONE',  ( 27.99999999999998224, -44.85228197649757931, -42.42640687119285303 ) ) ;
#4502 = DIRECTION ( 'NONE',  ( -1.000000000000000000, 0.000000000000000000, 0.000000000000000000 ) ) ;
#4503 = CARTESIAN_POINT ( 'NONE',  ( 67.82096980780005424, -54.53810121697948432, -13.91866057222030229 ) ) ;
#4504 = VERTEX_POINT ( 'NONE', #1134 ) ;
#4505 = AXIS2_PLACEMENT_3D ( 'NONE', #2427, #2458, #4429 ) ;
#4506 = ORIENTED_EDGE ( 'NONE', *, *, #979, .T. ) ;
#4507 = LINE ( 'NONE', #1853, #1259 ) ;
#4508 = LINE ( 'NONE', #4572, #2793 ) ;
#4509 = ORIENTED_EDGE ( 'NONE', *, *, #6038, .T. ) ;
#4510 = LINE ( 'NONE', #89, #1966 ) ;
#4511 = VECTOR ( 'NONE', #765, 1000.000000000000000 ) ;
#4512 = DIRECTION ( 'NONE',  ( -0.7041374183556852184, 0.7100637267678098219, 0.000000000000000000 ) ) ;
#4513 = EDGE_CURVE ( 'NONE', #1808, #4189, #3118, .T. ) ;
#4514 = VERTEX_POINT ( 'NONE', #1788 ) ;
#4515 = CIRCLE ( 'NONE', #1739, 3.100000000000005418 ) ;
#4516 = DIRECTION ( 'NONE',  ( 0.000000000000000000, -1.000000000000000000, 0.000000000000000000 ) ) ;
#4517 = CARTESIAN_POINT ( 'NONE',  ( 8.999999999999980460, -58.40000000000000568, 9.199999999999999289 ) ) ;
#4518 = CARTESIAN_POINT ( 'NONE',  ( 19.72628455067811259, 0.1533563835179330148, 9.999999999999996447 ) ) ;
#4519 = DIRECTION ( 'NONE',  ( -1.000000000000000000, 0.000000000000000000, 0.000000000000000000 ) ) ;
#4520 = CARTESIAN_POINT ( 'NONE',  ( 53.11199952979897176, -53.40018871553935753, 10.00000000000000000 ) ) ;
#4521 = AXIS2_PLACEMENT_3D ( 'NONE', #4747, #6133, #1786 ) ;
#4522 = VERTEX_POINT ( 'NONE', #264 ) ;
#4523 = VECTOR ( 'NONE', #849, 1000.000000000000000 ) ;
#4524 = CARTESIAN_POINT ( 'NONE',  ( 3.888803657608006059, -51.58491490983000460, 12.00000000000000000 ) ) ;
#4525 = FACE_OUTER_BOUND ( 'NONE', #252, .T. ) ;
#4526 = VECTOR ( 'NONE', #1285, 1000.000000000000000 ) ;
#4527 = FACE_OUTER_BOUND ( 'NONE', #6394, .T. ) ;
#4528 = DIRECTION ( 'NONE',  ( -0.000000000000000000, -0.000000000000000000, -1.000000000000000000 ) ) ;
#4529 = VECTOR ( 'NONE', #5581, 1000.000000000000000 ) ;
#4530 = EDGE_LOOP ( 'NONE', ( #1592, #5339, #4420, #1352 ) ) ;
#4531 = CARTESIAN_POINT ( 'NONE',  ( 71.16692151384302178, -51.58491490983000460, 7.600000000000000533 ) ) ;
#4532 = CARTESIAN_POINT ( 'NONE',  ( -3.896992067663562732E-17, 3.399999999999999467, 15.60000000000000320 ) ) ;
#4533 = AXIS2_PLACEMENT_3D ( 'NONE', #6135, #2079, #3048 ) ;
#4534 = VECTOR ( 'NONE', #796, 1000.000000000000114 ) ;
#4535 = EDGE_CURVE ( 'NONE', #5865, #4296, #358, .T. ) ;
#4536 = CARTESIAN_POINT ( 'NONE',  ( 7.014024846834672644, -53.40018871553893831, 5.000000000000000000 ) ) ;
#4537 = AXIS2_PLACEMENT_3D ( 'NONE', #2821, #4676, #5663 ) ;
#4538 = ORIENTED_EDGE ( 'NONE', *, *, #3358, .T. ) ;
#4539 = LINE ( 'NONE', #220, #5276 ) ;
#4540 = DIRECTION ( 'NONE',  ( -0.000000000000000000, -0.000000000000000000, 1.000000000000000000 ) ) ;
#4541 = EDGE_LOOP ( 'NONE', ( #959, #4366, #3765, #690 ) ) ;
#4542 = DIRECTION ( 'NONE',  ( 0.7071067811865479058, 0.7071067811865472397, 0.000000000000000000 ) ) ;
#4543 = VECTOR ( 'NONE', #2879, 1000.000000000000000 ) ;
#4544 = CARTESIAN_POINT ( 'NONE',  ( 0.07132471442414657636, -25.66562414433728634, 9.999999999999996447 ) ) ;
#4545 = VERTEX_POINT ( 'NONE', #3332 ) ;
#4546 = EDGE_LOOP ( 'NONE', ( #3131, #2022, #2724, #2274 ) ) ;
#4547 = ORIENTED_EDGE ( 'NONE', *, *, #6400, .T. ) ;
#4548 = VECTOR ( 'NONE', #6069, 1000.000000000000000 ) ;
#4549 = PLANE ( 'NONE',  #2040 ) ;
#4550 = CARTESIAN_POINT ( 'NONE',  ( -1.868629150101517089, 1.868629150101523528, 3.600000000000000533 ) ) ;
#4551 = CARTESIAN_POINT ( 'NONE',  ( 3.888803657608006059, -51.58491490983000460, 7.600000000000000533 ) ) ;
#4552 = ADVANCED_FACE ( 'NONE', ( #2731 ), #3772, .T. ) ;
#4553 = CARTESIAN_POINT ( 'NONE',  ( 44.99999999999999289, -44.85228197649742299, 5.000000000000000000 ) ) ;
#4554 = CARTESIAN_POINT ( 'NONE',  ( 60.99999999999997158, -8.852281976497117455, 5.000000000000000000 ) ) ;
#4555 = VECTOR ( 'NONE', #5219, 1000.000000000000000 ) ;
#4556 = CARTESIAN_POINT ( 'NONE',  ( 27.85845411309424335, -55.16422835533811764, 9.999999999999994671 ) ) ;
#4557 = EDGE_LOOP ( 'NONE', ( #928, #2978, #306, #483 ) ) ;
#4558 = DIRECTION ( 'NONE',  ( 0.7071067811865483499, 0.7071067811865466846, 0.000000000000000000 ) ) ;
#4559 = FACE_OUTER_BOUND ( 'NONE', #4074, .T. ) ;
#4560 = ADVANCED_FACE ( 'NONE', ( #4752 ), #2239, .F. ) ;
#4561 = CARTESIAN_POINT ( 'NONE',  ( 1.473457849981259837, -1.473457849981270051, 16.00000000000000000 ) ) ;
#4562 = EDGE_CURVE ( 'NONE', #6374, #5263, #4239, .T. ) ;
#4563 = FACE_OUTER_BOUND ( 'NONE', #2815, .T. ) ;
#4564 = VERTEX_POINT ( 'NONE', #1748 ) ;
#4565 = ORIENTED_EDGE ( 'NONE', *, *, #5213, .F. ) ;
#4566 = LINE ( 'NONE', #114, #5258 ) ;
#4567 = CARTESIAN_POINT ( 'NONE',  ( 3.888803657608006059, -3.557475234951000598, 12.00000000000000000 ) ) ;
#4568 = DIRECTION ( 'NONE',  ( 1.000000000000000000, 0.000000000000000000, -0.000000000000000000 ) ) ;
#4569 = ORIENTED_EDGE ( 'NONE', *, *, #4118, .T. ) ;
#4570 = DIRECTION ( 'NONE',  ( 0.9238795325112869605, -0.3826834323650893377, -2.003344392527254283E-15 ) ) ;
#4571 = ORIENTED_EDGE ( 'NONE', *, *, #1782, .F. ) ;
#4572 = CARTESIAN_POINT ( 'NONE',  ( 1.661194727475645783, -55.79999999999999716, 9.999999999999996447 ) ) ;
#4573 = ORIENTED_EDGE ( 'NONE', *, *, #4029, .F. ) ;
#4574 = DIRECTION ( 'NONE',  ( 0.7071067811865474617, 0.7071067811865474617, 0.000000000000000000 ) ) ;
#4575 = DIRECTION ( 'NONE',  ( 0.000000000000000000, -0.000000000000000000, -1.000000000000000000 ) ) ;
#4576 = VERTEX_POINT ( 'NONE', #1358 ) ;
#4577 = CARTESIAN_POINT ( 'NONE',  ( -0.7999999999999742872, -49.98597515316584605, 9.999999999999996447 ) ) ;
#4578 = ORIENTED_EDGE ( 'NONE', *, *, #2667, .T. ) ;
#4579 = PLANE ( 'NONE',  #5821 ) ;
#4580 = CARTESIAN_POINT ( 'NONE',  ( 44.99999999999998579, -8.852281976497424765, 3.599999999999999201 ) ) ;
#4581 = CARTESIAN_POINT ( 'NONE',  ( 0.000000000000000000, 0.000000000000000000, 16.00000000000000000 ) ) ;
#4582 = LINE ( 'NONE', #5571, #6219 ) ;
#4583 = CARTESIAN_POINT ( 'NONE',  ( 19.01078962915377701, 0.8688513050422661532, 11.99999999999999645 ) ) ;
#4584 = ORIENTED_EDGE ( 'NONE', *, *, #1563, .T. ) ;
#4585 = EDGE_CURVE ( 'NONE', #2449, #2819, #6163, .T. ) ;
#4586 = VERTEX_POINT ( 'NONE', #5223 ) ;
#4587 = LINE ( 'NONE', #4617, #745 ) ;
#4588 = PLANE ( 'NONE',  #705 ) ;
#4589 = PLANE ( 'NONE',  #6113 ) ;
#4590 = LINE ( 'NONE', #2665, #4529 ) ;
#4591 = EDGE_CURVE ( 'NONE', #433, #3585, #4202, .T. ) ;
#4592 = ADVANCED_FACE ( 'NONE', ( #782 ), #6263, .F. ) ;
#4593 = ORIENTED_EDGE ( 'NONE', *, *, #4806, .T. ) ;
#4594 = EDGE_LOOP ( 'NONE', ( #4666, #2127, #5001, #1569 ) ) ;
#4595 = CARTESIAN_POINT ( 'NONE',  ( 1.599811284461573280, -47.98597515316583895, 20.01838090617253485 ) ) ;
#4596 = DIRECTION ( 'NONE',  ( 1.000000000000000000, 0.000000000000000000, 0.000000000000000000 ) ) ;
#4597 = LINE ( 'NONE', #2154, #1982 ) ;
#4598 = ORIENTED_EDGE ( 'NONE', *, *, #1431, .F. ) ;
#4599 = CARTESIAN_POINT ( 'NONE',  ( 3.888803657608006059, -51.58491490983000460, 7.600000000000000533 ) ) ;
#4600 = ORIENTED_EDGE ( 'NONE', *, *, #5656, .F. ) ;
#4601 = CARTESIAN_POINT ( 'NONE',  ( 11.99999999999998934, -44.85228197649788484, -42.42640687119285303 ) ) ;
#4602 = VERTEX_POINT ( 'NONE', #1319 ) ;
#4603 = CARTESIAN_POINT ( 'NONE',  ( 75.33725830020306091, 3.400000000000000355, 15.59999999999999964 ) ) ;
#4604 = DIRECTION ( 'NONE',  ( -1.000000000000000000, -2.962157971162378387E-14, 0.000000000000000000 ) ) ;
#4605 = VECTOR ( 'NONE', #4886, 1000.000000000000114 ) ;
#4606 = EDGE_LOOP ( 'NONE', ( #5882, #573 ) ) ;
#4607 = CARTESIAN_POINT ( 'NONE',  ( -3.479674129990611653E-14, 1.174709169418521881, 16.00000000000000000 ) ) ;
#4608 = EDGE_LOOP ( 'NONE', ( #4547, #5095, #6391, #910, #2130, #6074, #4826, #4919, #770, #3260, #3614, #5327, #897, #6082, #4671, #4273, #5232, #1640, #5626, #4037, #1455, #932, #5960, #3722, #6246, #2584, #5402, #628 ) ) ;
#4609 = LINE ( 'NONE', #3570, #4876 ) ;
#4610 = LINE ( 'NONE', #289, #2786 ) ;
#4611 = AXIS2_PLACEMENT_3D ( 'NONE', #1713, #1743, #5665 ) ;
#4612 = LINE ( 'NONE', #160, #2683 ) ;
#4613 = DIRECTION ( 'NONE',  ( -1.000000000000000000, 0.000000000000000000, 0.000000000000000000 ) ) ;
#4614 = LINE ( 'NONE', #1099, #5502 ) ;
#4615 = VECTOR ( 'NONE', #1722, 1000.000000000000000 ) ;
#4616 = ORIENTED_EDGE ( 'NONE', *, *, #3423, .T. ) ;
#4617 = CARTESIAN_POINT ( 'NONE',  ( 75.77474980949854455, -1.686485558056698197, 15.60000000000000320 ) ) ;
#4618 = CARTESIAN_POINT ( 'NONE',  ( 66.99999999999997158, -44.85228197649711035, 5.000000000000000000 ) ) ;
#4619 = CARTESIAN_POINT ( 'NONE',  ( 30.99510887530267667, 0.000000000000000000, -13.91866057222030229 ) ) ;
#4620 = VECTOR ( 'NONE', #4404, 1000.000000000000000 ) ;
#4621 = CARTESIAN_POINT ( 'NONE',  ( 52.99999999999997868, -8.852281976497271998, -42.42640687119285303 ) ) ;
#4622 = EDGE_CURVE ( 'NONE', #5753, #1403, #4272, .T. ) ;
#4623 = ORIENTED_EDGE ( 'NONE', *, *, #1959, .F. ) ;
#4624 = VECTOR ( 'NONE', #487, 999.9999999999998863 ) ;
#4625 = VECTOR ( 'NONE', #3664, 1000.000000000000000 ) ;
#4626 = ORIENTED_EDGE ( 'NONE', *, *, #4838, .T. ) ;
#4627 = ORIENTED_EDGE ( 'NONE', *, *, #2919, .T. ) ;
#4628 = DIRECTION ( 'NONE',  ( 0.000000000000000000, 0.000000000000000000, -1.000000000000000000 ) ) ;
#4629 = CARTESIAN_POINT ( 'NONE',  ( 26.41212815256435675, -54.61701927726255690, 9.999999999999998224 ) ) ;
#4630 = AXIS2_PLACEMENT_3D ( 'NONE', #534, #924, #3031 ) ;
#4631 = ADVANCED_FACE ( 'NONE', ( #6195, #2759, #2791 ), #3294, .T. ) ;
#4632 = CIRCLE ( 'NONE', #5899, 1.700000000000000178 ) ;
#4633 = DIRECTION ( 'NONE',  ( -0.000000000000000000, -0.000000000000000000, -1.000000000000000000 ) ) ;
#4634 = ORIENTED_EDGE ( 'NONE', *, *, #5459, .F. ) ;
#4635 = AXIS2_PLACEMENT_3D ( 'NONE', #3467, #6373, #995 ) ;
#4636 = CARTESIAN_POINT ( 'NONE',  ( 11.73305320750796632, -55.80000000000053717, 9.999999999999996447 ) ) ;
#4637 = ORIENTED_EDGE ( 'NONE', *, *, #3027, .T. ) ;
#4638 = LINE ( 'NONE', #4191, #5996 ) ;
#4639 = VERTEX_POINT ( 'NONE', #714 ) ;
#4640 = VERTEX_POINT ( 'NONE', #5707 ) ;
#4641 = EDGE_CURVE ( 'NONE', #5662, #4640, #2828, .T. ) ;
#4642 = CARTESIAN_POINT ( 'NONE',  ( 67.42844382976137751, -50.13817845388540206, 10.00000000000000000 ) ) ;
#4643 = VECTOR ( 'NONE', #3264, 1000.000000000000000 ) ;
#4644 = AXIS2_PLACEMENT_3D ( 'NONE', #3784, #3276, #4219 ) ;
#4645 = ORIENTED_EDGE ( 'NONE', *, *, #5964, .T. ) ;
#4646 = ORIENTED_EDGE ( 'NONE', *, *, #5083, .T. ) ;
#4647 = DIRECTION ( 'NONE',  ( -0.7071067811865525687, -0.7071067811865425767, 0.000000000000000000 ) ) ;
#4648 = ORIENTED_EDGE ( 'NONE', *, *, #4806, .F. ) ;
#4649 = AXIS2_PLACEMENT_3D ( 'NONE', #5689, #4220, #1702 ) ;
#4650 = CARTESIAN_POINT ( 'NONE',  ( 38.99999999999998579, -8.852281976497424765, 3.599999999999999201 ) ) ;
#4651 = LINE ( 'NONE', #3741, #6405 ) ;
#4652 = DIRECTION ( 'NONE',  ( 0.000000000000000000, 0.000000000000000000, 1.000000000000000000 ) ) ;
#4653 = ADVANCED_FACE ( 'NONE', ( #6290 ), #1848, .T. ) ;
#4654 = CARTESIAN_POINT ( 'NONE',  ( -1.868629150101517089, 1.868629150101523528, 16.00000000000000000 ) ) ;
#4655 = ORIENTED_EDGE ( 'NONE', *, *, #235, .F. ) ;
#4656 = VECTOR ( 'NONE', #1903, 1000.000000000000000 ) ;
#4657 = EDGE_LOOP ( 'NONE', ( #4407, #5347, #4466, #5532 ) ) ;
#4658 = CARTESIAN_POINT ( 'NONE',  ( -0.8000000000014095836, -6.312601124913162387, 9.999999999999996447 ) ) ;
#4659 = FACE_OUTER_BOUND ( 'NONE', #629, .T. ) ;
#4660 = LINE ( 'NONE', #5297, #6006 ) ;
#4661 = VECTOR ( 'NONE', #5294, 1000.000000000000000 ) ;
#4662 = EDGE_CURVE ( 'NONE', #5312, #5200, #4173, .T. ) ;
#4663 = DIRECTION ( 'NONE',  ( -1.000000000000000000, 0.000000000000000000, -0.000000000000000000 ) ) ;
#4664 = EDGE_LOOP ( 'NONE', ( #1661, #341, #4810, #2823 ) ) ;
#4665 = EDGE_LOOP ( 'NONE', ( #84, #5445, #328, #2784 ) ) ;
#4666 = ORIENTED_EDGE ( 'NONE', *, *, #2320, .F. ) ;
#4667 = CARTESIAN_POINT ( 'NONE',  ( 27.29558521254193337, 0.1524246838307489194, 17.90061394720484600 ) ) ;
#4668 = DIRECTION ( 'NONE',  ( -0.000000000000000000, -0.000000000000000000, -1.000000000000000000 ) ) ;
#4669 = ADVANCED_FACE ( 'NONE', ( #3674 ), #1267, .F. ) ;
#4670 = CARTESIAN_POINT ( 'NONE',  ( 0.000000000000000000, 0.000000000000000000, 10.00000000000000000 ) ) ;
#4671 = ORIENTED_EDGE ( 'NONE', *, *, #1547, .T. ) ;
#4672 = DIRECTION ( 'NONE',  ( 0.7071067811865475727, 0.000000000000000000, -0.7071067811865475727 ) ) ;
#4673 = DIRECTION ( 'NONE',  ( 1.000000000000000000, 0.000000000000000000, 0.000000000000000000 ) ) ;
#4674 = ORIENTED_EDGE ( 'NONE', *, *, #3529, .F. ) ;
#4675 = ORIENTED_EDGE ( 'NONE', *, *, #3845, .T. ) ;
#4676 = DIRECTION ( 'NONE',  ( 0.000000000000000000, 1.000000000000000000, 0.000000000000000000 ) ) ;
#4677 = ORIENTED_EDGE ( 'NONE', *, *, #3192, .T. ) ;
#4678 = EDGE_CURVE ( 'NONE', #805, #3600, #754, .T. ) ;
#4679 = ADVANCED_FACE ( 'NONE', ( #1388 ), #4884, .F. ) ;
#4680 = ORIENTED_EDGE ( 'NONE', *, *, #862, .T. ) ;
#4681 = ADVANCED_FACE ( 'NONE', ( #1482 ), #6, .T. ) ;
#4682 = DIRECTION ( 'NONE',  ( -0.7085718570078566314, -0.7056386635215203817, 0.000000000000000000 ) ) ;
#4683 = CARTESIAN_POINT ( 'NONE',  ( 36.39619915974623865, 3.399999999999999911, 9.400000000000009237 ) ) ;
#4684 = CARTESIAN_POINT ( 'NONE',  ( 50.27347893229741516, -2.250214950957904136, 5.000000000000000000 ) ) ;
#4685 = LINE ( 'NONE', #5736, #5681 ) ;
#4686 = DIRECTION ( 'NONE',  ( 0.7071067811865440200, -0.7071067811865511255, 0.000000000000000000 ) ) ;
#4687 = ORIENTED_EDGE ( 'NONE', *, *, #2594, .T. ) ;
#4688 = LINE ( 'NONE', #6237, #5610 ) ;
#4689 = DIRECTION ( 'NONE',  ( 9.637352644315595243E-17, -1.000000000000000000, 0.000000000000000000 ) ) ;
#4690 = DIRECTION ( 'NONE',  ( 0.5773502691896257311, -0.5773502691896257311, 0.5773502691896257311 ) ) ;
#4691 = FACE_OUTER_BOUND ( 'NONE', #5525, .T. ) ;
#4692 = ORIENTED_EDGE ( 'NONE', *, *, #2122, .T. ) ;
#4693 = EDGE_CURVE ( 'NONE', #4151, #4021, #908, .T. ) ;
#4694 = ORIENTED_EDGE ( 'NONE', *, *, #5120, .F. ) ;
#4695 = EDGE_LOOP ( 'NONE', ( #5202, #3233, #5738, #4107, #5363, #1899, #1301, #2617, #2519, #4805 ) ) ;
#4696 = CARTESIAN_POINT ( 'NONE',  ( 73.47924050697396581, 1.174709169418890697, 16.00000000000000000 ) ) ;
#4697 = DIRECTION ( 'NONE',  ( 0.000000000000000000, 0.000000000000000000, -1.000000000000000000 ) ) ;
#4698 = CARTESIAN_POINT ( 'NONE',  ( 39.36862915010170383, 39.36862915010151909, 15.59999999999999964 ) ) ;
#4699 = ORIENTED_EDGE ( 'NONE', *, *, #2781, .T. ) ;
#4700 = FACE_OUTER_BOUND ( 'NONE', #3704, .T. ) ;
#4701 = CARTESIAN_POINT ( 'NONE',  ( 7.014024846834672644, -53.40018871553893831, 5.000000000000000000 ) ) ;
#4702 = ORIENTED_EDGE ( 'NONE', *, *, #2399, .T. ) ;
#4703 = EDGE_LOOP ( 'NONE', ( #5224, #1207, #4496, #2658 ) ) ;
#4704 = CARTESIAN_POINT ( 'NONE',  ( -0.8000000000014095836, -6.312601124913162387, 9.999999999999996447 ) ) ;
#4705 = ADVANCED_FACE ( 'NONE', ( #5838 ), #4400, .F. ) ;
#4706 = ORIENTED_EDGE ( 'NONE', *, *, #6213, .T. ) ;
#4707 = ORIENTED_EDGE ( 'NONE', *, *, #4994, .T. ) ;
#4708 = EDGE_CURVE ( 'NONE', #3377, #2422, #5386, .T. ) ;
#4709 = DIRECTION ( 'NONE',  ( 0.000000000000000000, 0.000000000000000000, -1.000000000000000000 ) ) ;
#4710 = DIRECTION ( 'NONE',  ( 1.000000000000000000, 0.000000000000000000, 0.000000000000000000 ) ) ;
#4711 = CARTESIAN_POINT ( 'NONE',  ( 44.99999999999998579, -8.852281976497424765, 5.000000000000000000 ) ) ;
#4712 = DIRECTION ( 'NONE',  ( 0.9999999924245159821, -0.0001230892683154107155, -0.000000000000000000 ) ) ;
#4713 = DIRECTION ( 'NONE',  ( -0.6787005645107057061, -0.2805906047352594301, -0.6787005645107057061 ) ) ;
#4714 = EDGE_CURVE ( 'NONE', #988, #5725, #1509, .T. ) ;
#4715 = EDGE_LOOP ( 'NONE', ( #2309, #2606, #3810, #3237 ) ) ;
#4716 = CARTESIAN_POINT ( 'NONE',  ( -0.8000000000014093615, -4.312601124913160611, 15.60000000000000320 ) ) ;
#4717 = DIRECTION ( 'NONE',  ( -1.000000000000000000, 0.000000000000000000, 0.000000000000000000 ) ) ;
#4718 = VERTEX_POINT ( 'NONE', #2924 ) ;
#4719 = LINE ( 'NONE', #2245, #421 ) ;
#4720 = EDGE_CURVE ( 'NONE', #2670, #3957, #1414, .T. ) ;
#4721 = CARTESIAN_POINT ( 'NONE',  ( 0.000000000000000000, 0.000000000000000000, 16.00000000000000000 ) ) ;
#4722 = AXIS2_PLACEMENT_3D ( 'NONE', #2772, #1245, #1209 ) ;
#4723 = ADVANCED_FACE ( 'NONE', ( #5351 ), #4463, .F. ) ;
#4724 = ORIENTED_EDGE ( 'NONE', *, *, #2085, .T. ) ;
#4725 = VERTEX_POINT ( 'NONE', #3452 ) ;
#4726 = EDGE_LOOP ( 'NONE', ( #4966, #3443, #938, #3973 ) ) ;
#4727 = PLANE ( 'NONE',  #4722 ) ;
#4728 = AXIS2_PLACEMENT_3D ( 'NONE', #2343, #6271, #5748 ) ;
#4729 = DIRECTION ( 'NONE',  ( -0.6785983445458491081, 0.2810846377148225050, 0.6785983445458440011 ) ) ;
#4730 = CARTESIAN_POINT ( 'NONE',  ( 18.73212781767186286, -2.246332549098112974, 10.00000000000000000 ) ) ;
#4731 = CARTESIAN_POINT ( 'NONE',  ( -0.3372583002030360433, 3.399999999999999467, 3.600000000000000533 ) ) ;
#4732 = CIRCLE ( 'NONE', #2470, 3.100000000000005418 ) ;
#4733 = ORIENTED_EDGE ( 'NONE', *, *, #176, .F. ) ;
#4734 = CARTESIAN_POINT ( 'NONE',  ( 35.39619915974623154, 3.200000000000005063, 9.600000000000001421 ) ) ;
#4735 = AXIS2_PLACEMENT_3D ( 'NONE', #3778, #299, #2279 ) ;
#4736 = EDGE_CURVE ( 'NONE', #6117, #2939, #5937, .T. ) ;
#4737 = CARTESIAN_POINT ( 'NONE',  ( 36.59619915974623439, -2.048506802185684261, 9.799999999999993605 ) ) ;
#4738 = VECTOR ( 'NONE', #3803, 1000.000000000000000 ) ;
#4739 = ORIENTED_EDGE ( 'NONE', *, *, #3596, .F. ) ;
#4740 = CARTESIAN_POINT ( 'NONE',  ( -3.000000000000020872, -57.17157287525379417, 16.00000000000000000 ) ) ;
#4741 = EDGE_CURVE ( 'NONE', #2478, #5323, #4940, .T. ) ;
#4742 = ORIENTED_EDGE ( 'NONE', *, *, #3063, .T. ) ;
#4743 = VECTOR ( 'NONE', #3511, 1000.000000000000000 ) ;
#4744 = AXIS2_PLACEMENT_3D ( 'NONE', #1437, #2512, #5438 ) ;
#4745 = ORIENTED_EDGE ( 'NONE', *, *, #4962, .T. ) ;
#4746 = CARTESIAN_POINT ( 'NONE',  ( 19.99999999999998579, -44.85228197649772852, 3.599999999999999201 ) ) ;
#4747 = CARTESIAN_POINT ( 'NONE',  ( 3.888803657608006059, -3.557475234951000598, 7.600000000000000533 ) ) ;
#4748 = ORIENTED_EDGE ( 'NONE', *, *, #562, .F. ) ;
#4749 = DIRECTION ( 'NONE',  ( 0.9999999924245159821, -0.0001230892683154107155, 0.000000000000000000 ) ) ;
#4750 = VECTOR ( 'NONE', #4470, 1000.000000000000000 ) ;
#4751 = VECTOR ( 'NONE', #2093, 1000.000000000000000 ) ;
#4752 = FACE_OUTER_BOUND ( 'NONE', #244, .T. ) ;
#4753 = EDGE_CURVE ( 'NONE', #3172, #4441, #2980, .T. ) ;
#4754 = VECTOR ( 'NONE', #1576, 1000.000000000000000 ) ;
#4755 = VERTEX_POINT ( 'NONE', #3937 ) ;
#4756 = LINE ( 'NONE', #2365, #540 ) ;
#4757 = EDGE_CURVE ( 'NONE', #710, #1231, #2074, .T. ) ;
#4758 = DIRECTION ( 'NONE',  ( -0.5000000000000036637, 0.5000000000000048850, -0.7071067811865414665 ) ) ;
#4759 = ORIENTED_EDGE ( 'NONE', *, *, #833, .T. ) ;
#4760 = CARTESIAN_POINT ( 'NONE',  ( 33.99999999999997868, -8.852281976497579308, -42.42640687119285303 ) ) ;
#4761 = CARTESIAN_POINT ( 'NONE',  ( 74.44458844378229401, -58.53055608145300681, 18.33055608145200210 ) ) ;
#4762 = VECTOR ( 'NONE', #6317, 999.9999999999998863 ) ;
#4763 = ORIENTED_EDGE ( 'NONE', *, *, #5423, .F. ) ;
#4764 = EDGE_CURVE ( 'NONE', #2829, #2060, #5321, .T. ) ;
#4765 = ORIENTED_EDGE ( 'NONE', *, *, #1826, .F. ) ;
#4766 = VECTOR ( 'NONE', #4458, 1000.000000000000000 ) ;
#4767 = FACE_OUTER_BOUND ( 'NONE', #4530, .T. ) ;
#4768 = CARTESIAN_POINT ( 'NONE',  ( 55.37381035002466945, -54.53456924757627178, -13.91866057222030229 ) ) ;
#4769 = DIRECTION ( 'NONE',  ( 0.9999999660829421710, -0.0002604498311026680227, 0.000000000000000000 ) ) ;
#4770 = CARTESIAN_POINT ( 'NONE',  ( 75.77474980949905614, -49.02789204063949313, 9.999999999999996447 ) ) ;
#4771 = ORIENTED_EDGE ( 'NONE', *, *, #1634, .T. ) ;
#4772 = EDGE_CURVE ( 'NONE', #3132, #4054, #4815, .T. ) ;
#4773 = CARTESIAN_POINT ( 'NONE',  ( 6.988803657608005260, -51.58491490983000460, 3.600000000000000533 ) ) ;
#4774 = ORIENTED_EDGE ( 'NONE', *, *, #3530, .T. ) ;
#4775 = CARTESIAN_POINT ( 'NONE',  ( 71.42844382976133488, -48.13817845388538785, 20.01838090617253485 ) ) ;
#4776 = VERTEX_POINT ( 'NONE', #4337 ) ;
#4777 = DIRECTION ( 'NONE',  ( 1.000000000000000000, 1.146174137548107039E-17, 0.000000000000000000 ) ) ;
#4778 = EDGE_LOOP ( 'NONE', ( #657, #3430, #5420, #2257 ) ) ;
#4779 = EDGE_LOOP ( 'NONE', ( #5852, #4402, #1171, #4706 ) ) ;
#4780 = EDGE_CURVE ( 'NONE', #433, #5468, #1943, .T. ) ;
#4781 = CARTESIAN_POINT ( 'NONE',  ( 71.43017077228002165, -29.61728517063269805, 10.00000000000000000 ) ) ;
#4782 = FACE_OUTER_BOUND ( 'NONE', #6258, .T. ) ;
#4783 = EDGE_LOOP ( 'NONE', ( #4820, #2845, #4699, #5411 ) ) ;
#4784 = PLANE ( 'NONE',  #5050 ) ;
#4785 = DIRECTION ( 'NONE',  ( 0.000000000000000000, 0.000000000000000000, -1.000000000000000000 ) ) ;
#4786 = EDGE_CURVE ( 'NONE', #2807, #1100, #1453, .T. ) ;
#4787 = LINE ( 'NONE', #4303, #285 ) ;
#4788 = DIRECTION ( 'NONE',  ( 0.7071067811865459074, -0.7071067811865491270, 0.000000000000000000 ) ) ;
#4789 = DIRECTION ( 'NONE',  ( -1.927470528863118802E-16, 1.000000000000000000, 0.000000000000000000 ) ) ;
#4790 = CARTESIAN_POINT ( 'NONE',  ( -2.965685424949215054, -48.38597515316583753, 16.00000000000000000 ) ) ;
#4791 = DIRECTION ( 'NONE',  ( 0.7071067811865473507, -0.7071067811865477948, -0.000000000000000000 ) ) ;
#4792 = DIRECTION ( 'NONE',  ( -0.5773502691896257311, 0.5773502691896257311, 0.5773502691896257311 ) ) ;
#4793 = ORIENTED_EDGE ( 'NONE', *, *, #5511, .F. ) ;
#4794 = ORIENTED_EDGE ( 'NONE', *, *, #572, .T. ) ;
#4795 = ORIENTED_EDGE ( 'NONE', *, *, #5087, .F. ) ;
#4796 = DIRECTION ( 'NONE',  ( -9.637352644315595243E-17, -1.000000000000000000, 0.000000000000000000 ) ) ;
#4797 = CARTESIAN_POINT ( 'NONE',  ( 49.99999999999997868, -8.852281976497271998, 3.599999999999999201 ) ) ;
#4798 = CARTESIAN_POINT ( 'NONE',  ( 66.86862915010141251, -66.86862915010156883, 3.600000000000000533 ) ) ;
#4799 = LINE ( 'NONE', #3887, #4134 ) ;
#4800 = EDGE_CURVE ( 'NONE', #4326, #5529, #975, .T. ) ;
#4801 = EDGE_CURVE ( 'NONE', #3700, #3303, #63, .T. ) ;
#4802 = ORIENTED_EDGE ( 'NONE', *, *, #1746, .F. ) ;
#4803 = DIRECTION ( 'NONE',  ( 0.7071067811865496822, -0.7071067811865453523, 0.000000000000000000 ) ) ;
#4804 = LINE ( 'NONE', #2388, #3491 ) ;
#4805 = ORIENTED_EDGE ( 'NONE', *, *, #4973, .F. ) ;
#4806 = EDGE_CURVE ( 'NONE', #4576, #3636, #1637, .T. ) ;
#4807 = DIRECTION ( 'NONE',  ( -0.000000000000000000, -0.000000000000000000, -1.000000000000000000 ) ) ;
#4808 = EDGE_CURVE ( 'NONE', #3648, #1765, #5008, .T. ) ;
#4809 = ORIENTED_EDGE ( 'NONE', *, *, #6384, .F. ) ;
#4810 = ORIENTED_EDGE ( 'NONE', *, *, #6029, .F. ) ;
#4811 = DIRECTION ( 'NONE',  ( -0.000000000000000000, -0.000000000000000000, -1.000000000000000000 ) ) ;
#4812 = LINE ( 'NONE', #2358, #1119 ) ;
#4813 = VERTEX_POINT ( 'NONE', #5073 ) ;
#4814 = DIRECTION ( 'NONE',  ( 0.000000000000000000, -1.000000000000000000, 0.000000000000000000 ) ) ;
#4815 = LINE ( 'NONE', #385, #1344 ) ;
#4816 = DIRECTION ( 'NONE',  ( -0.000000000000000000, -0.000000000000000000, -1.000000000000000000 ) ) ;
#4817 = LINE ( 'NONE', #334, #1674 ) ;
#4818 = DIRECTION ( 'NONE',  ( -1.000000000000000000, 0.000000000000000000, -0.000000000000000000 ) ) ;
#4819 = DIRECTION ( 'NONE',  ( -0.000000000000000000, -0.000000000000000000, -1.000000000000000000 ) ) ;
#4820 = ORIENTED_EDGE ( 'NONE', *, *, #2516, .F. ) ;
#4821 = CARTESIAN_POINT ( 'NONE',  ( -0.3372583002030360433, 3.399999999999999467, 15.60000000000000320 ) ) ;
#4822 = EDGE_CURVE ( 'NONE', #6239, #106, #5510, .T. ) ;
#4823 = LINE ( 'NONE', #393, #5176 ) ;
#4824 = VECTOR ( 'NONE', #2495, 1000.000000000000000 ) ;
#4825 = ORIENTED_EDGE ( 'NONE', *, *, #5100, .F. ) ;
#4826 = ORIENTED_EDGE ( 'NONE', *, *, #4474, .T. ) ;
#4827 = ORIENTED_EDGE ( 'NONE', *, *, #2238, .T. ) ;
#4828 = CARTESIAN_POINT ( 'NONE',  ( 71.42844382976133488, -48.13817845388538785, 10.00000000000000000 ) ) ;
#4829 = CARTESIAN_POINT ( 'NONE',  ( 0.000000000000000000, -58.40000000000000568, 15.60000000000000320 ) ) ;
#4830 = AXIS2_PLACEMENT_3D ( 'NONE', #4531, #1623, #4996 ) ;
#4831 = LINE ( 'NONE', #3277, #614 ) ;
#4832 = PLANE ( 'NONE',  #3128 ) ;
#4833 = ADVANCED_FACE ( 'NONE', ( #3988 ), #2581, .T. ) ;
#4834 = VECTOR ( 'NONE', #5647, 1000.000000000000000 ) ;
#4835 = VERTEX_POINT ( 'NONE', #604 ) ;
#4836 = DIRECTION ( 'NONE',  ( 0.000000000000000000, 1.000000000000000000, 0.000000000000000000 ) ) ;
#4837 = CARTESIAN_POINT ( 'NONE',  ( -3.400000000000005240, 0.3372583002030398180, 16.00000000000000000 ) ) ;
#4838 = EDGE_CURVE ( 'NONE', #3377, #6353, #5474, .T. ) ;
#4839 = CARTESIAN_POINT ( 'NONE',  ( 68.48520612581322098, 1.174709169418892252, 16.00000000000000000 ) ) ;
#4840 = VERTEX_POINT ( 'NONE', #154 ) ;
#4841 = VECTOR ( 'NONE', #6333, 1000.000000000000000 ) ;
#4842 = CARTESIAN_POINT ( 'NONE',  ( 31.39510887530267524, 0.000000000000000000, 16.00000000000000000 ) ) ;
#4843 = ORIENTED_EDGE ( 'NONE', *, *, #4079, .F. ) ;
#4844 = VERTEX_POINT ( 'NONE', #1035 ) ;
#4845 = VECTOR ( 'NONE', #2407, 1000.000000000000000 ) ;
#4846 = EDGE_CURVE ( 'NONE', #1655, #5478, #5994, .T. ) ;
#4847 = VECTOR ( 'NONE', #1310, 1000.000000000000000 ) ;
#4848 = LINE ( 'NONE', #4397, #3583 ) ;
#4849 = ORIENTED_EDGE ( 'NONE', *, *, #5818, .F. ) ;
#4850 = LINE ( 'NONE', #5936, #2792 ) ;
#4851 = DIRECTION ( 'NONE',  ( 0.9999999956528772271, -9.324293839476711010E-05, 0.000000000000000000 ) ) ;
#4852 = AXIS2_PLACEMENT_3D ( 'NONE', #2634, #3157, #3088 ) ;
#4853 = CIRCLE ( 'NONE', #4744, 3.000000000000006217 ) ;
#4854 = CARTESIAN_POINT ( 'NONE',  ( 0.3076662973747028573, -7.426926402608002853, 9.999999999999996447 ) ) ;
#4855 = ORIENTED_EDGE ( 'NONE', *, *, #4066, .F. ) ;
#4856 = VECTOR ( 'NONE', #582, 1000.000000000000000 ) ;
#4857 = DIRECTION ( 'NONE',  ( 0.000000000000000000, 0.000000000000000000, 1.000000000000000000 ) ) ;
#4858 = FACE_OUTER_BOUND ( 'NONE', #2496, .T. ) ;
#4859 = VECTOR ( 'NONE', #1142, 1000.000000000000000 ) ;
#4860 = CARTESIAN_POINT ( 'NONE',  ( 3.888803657608006059, -51.58491490983000460, 10.00000000000000000 ) ) ;
#4861 = CARTESIAN_POINT ( 'NONE',  ( 0.000000000000000000, -45.86976616585294408, 15.60000000000000320 ) ) ;
#4862 = VECTOR ( 'NONE', #6356, 1000.000000000000000 ) ;
#4863 = VERTEX_POINT ( 'NONE', #5601 ) ;
#4864 = EDGE_LOOP ( 'NONE', ( #609, #4571, #5238, #303 ) ) ;
#4865 = DIRECTION ( 'NONE',  ( 0.7071067811865474617, 0.7071067811865476838, -0.000000000000000000 ) ) ;
#4866 = ADVANCED_FACE ( 'NONE', ( #644 ), #3043, .T. ) ;
#4867 = CARTESIAN_POINT ( 'NONE',  ( 66.71952070086400965, 3.000000000000002665, 16.00000000000000000 ) ) ;
#4868 = VECTOR ( 'NONE', #5344, 1000.000000000000227 ) ;
#4869 = CARTESIAN_POINT ( 'NONE',  ( 52.99999999999998579, -44.85228197649726667, 3.599999999999999201 ) ) ;
#4870 = DIRECTION ( 'NONE',  ( -0.000000000000000000, -1.000000000000000000, -0.000000000000000000 ) ) ;
#4871 = VECTOR ( 'NONE', #59, 1000.000000000000000 ) ;
#4872 = ORIENTED_EDGE ( 'NONE', *, *, #2524, .F. ) ;
#4873 = EDGE_CURVE ( 'NONE', #3600, #3860, #549, .T. ) ;
#4874 = DIRECTION ( 'NONE',  ( 1.000000000000000000, 0.000000000000000000, 0.000000000000000000 ) ) ;
#4875 = CARTESIAN_POINT ( 'NONE',  ( 75.77474980949905614, -53.33880527252647852, 9.999999999999996447 ) ) ;
#4876 = VECTOR ( 'NONE', #1609, 1000.000000000000000 ) ;
#4877 = CARTESIAN_POINT ( 'NONE',  ( 50.70311946457120911, 0.000000000000000000, -13.91866057222030229 ) ) ;
#4878 = EDGE_LOOP ( 'NONE', ( #4506, #5771, #649, #5194, #3881 ) ) ;
#4879 = ADVANCED_FACE ( 'NONE', ( #5534 ), #2525, .F. ) ;
#4880 = ORIENTED_EDGE ( 'NONE', *, *, #2308, .T. ) ;
#4881 = DIRECTION ( 'NONE',  ( 2.168404344971007142E-16, -1.000000000000000000, 0.000000000000000000 ) ) ;
#4882 = ORIENTED_EDGE ( 'NONE', *, *, #1746, .T. ) ;
#4883 = CARTESIAN_POINT ( 'NONE',  ( 67.82096980780005424, -54.53810121697948432, 9.999999999999998224 ) ) ;
#4884 = PLANE ( 'NONE',  #3925 ) ;
#4885 = ADVANCED_FACE ( 'NONE', ( #3513 ), #126, .T. ) ;
#4886 = DIRECTION ( 'NONE',  ( -0.7071067811865459074, 0.7071067811865491270, 0.000000000000000000 ) ) ;
#4887 = ORIENTED_EDGE ( 'NONE', *, *, #231, .F. ) ;
#4888 = CARTESIAN_POINT ( 'NONE',  ( -1.199999999999971978, -49.98597515316584605, 16.00000000000000000 ) ) ;
#4889 = FACE_OUTER_BOUND ( 'NONE', #911, .T. ) ;
#4890 = CARTESIAN_POINT ( 'NONE',  ( -3.896992067663562732E-17, 3.399999999999999467, 16.00000000000000000 ) ) ;
#4891 = CARTESIAN_POINT ( 'NONE',  ( 50.30311946457121053, -55.80000000000088534, 16.00000000000000000 ) ) ;
#4892 = EDGE_CURVE ( 'NONE', #3041, #950, #6086, .T. ) ;
#4893 = ORIENTED_EDGE ( 'NONE', *, *, #1571, .T. ) ;
#4894 = ORIENTED_EDGE ( 'NONE', *, *, #206, .F. ) ;
#4895 = FACE_OUTER_BOUND ( 'NONE', #3200, .T. ) ;
#4896 = CARTESIAN_POINT ( 'NONE',  ( 60.99999999999997868, -8.852281976497117455, 3.599999999999999201 ) ) ;
#4897 = CARTESIAN_POINT ( 'NONE',  ( 36.79622378063064048, 0.1512552571720147399, 9.999999999999996447 ) ) ;
#4898 = DIRECTION ( 'NONE',  ( -0.7071067811867238762, -0.7071067811863711583, -0.000000000000000000 ) ) ;
#4899 = EDGE_CURVE ( 'NONE', #6374, #2255, #675, .T. ) ;
#4900 = ORIENTED_EDGE ( 'NONE', *, *, #1774, .F. ) ;
#4901 =( NAMED_UNIT ( * ) SI_UNIT ( $, .STERADIAN. ) SOLID_ANGLE_UNIT ( ) );
#4902 = DIRECTION ( 'NONE',  ( 9.324293839476709654E-05, 0.9999999956528771161, 0.000000000000000000 ) ) ;
#4903 = ADVANCED_FACE ( 'NONE', ( #2101 ), #5034, .F. ) ;
#4904 = CARTESIAN_POINT ( 'NONE',  ( 3.888803657608006059, -51.58491490983000460, 3.600000000000000533 ) ) ;
#4905 = ORIENTED_EDGE ( 'NONE', *, *, #4168, .F. ) ;
#4906 = ORIENTED_EDGE ( 'NONE', *, *, #1626, .T. ) ;
#4907 = LINE ( 'NONE', #477, #2895 ) ;
#4908 = ORIENTED_EDGE ( 'NONE', *, *, #3308, .F. ) ;
#4909 = CARTESIAN_POINT ( 'NONE',  ( 8.999999999999980460, 0.000000000000000000, 15.60000000000000320 ) ) ;
#4910 = DIRECTION ( 'NONE',  ( 8.703725632499569368E-05, 0.7071067758298770212, 0.7071067811865419106 ) ) ;
#4911 = FACE_BOUND ( 'NONE', #4541, .T. ) ;
#4912 = ORIENTED_EDGE ( 'NONE', *, *, #1367, .T. ) ;
#4913 = CARTESIAN_POINT ( 'NONE',  ( 18.11089738361745916, -1.625102115043313145, 5.000000000000000000 ) ) ;
#4914 = CARTESIAN_POINT ( 'NONE',  ( 19.72628455067811259, 0.1533563835179342083, 9.999999999999996447 ) ) ;
#4915 = CARTESIAN_POINT ( 'NONE',  ( 35.39619915974623154, -2.048408330771434027, 9.799999999999993605 ) ) ;
#4916 = EDGE_CURVE ( 'NONE', #3280, #700, #6057, .T. ) ;
#4917 = LINE ( 'NONE', #6390, #5798 ) ;
#4918 = ORIENTED_EDGE ( 'NONE', *, *, #2878, .F. ) ;
#4919 = ORIENTED_EDGE ( 'NONE', *, *, #6034, .T. ) ;
#4920 = VERTEX_POINT ( 'NONE', #2164 ) ;
#4921 = ORIENTED_EDGE ( 'NONE', *, *, #876, .T. ) ;
#4922 = DIRECTION ( 'NONE',  ( -0.000000000000000000, 0.000000000000000000, -1.000000000000000000 ) ) ;
#4923 = CARTESIAN_POINT ( 'NONE',  ( 0.000000000000000000, -6.312601124913162387, 15.60000000000000320 ) ) ;
#4924 = EDGE_CURVE ( 'NONE', #3340, #66, #4487, .T. ) ;
#4925 = LINE ( 'NONE', #5493, #6100 ) ;
#4926 = VECTOR ( 'NONE', #4816, 1000.000000000000000 ) ;
#4927 = DIRECTION ( 'NONE',  ( -0.3827402914682784818, -0.9238559786496903792, -2.003395459234927395E-15 ) ) ;
#4928 = ORIENTED_EDGE ( 'NONE', *, *, #336, .F. ) ;
#4929 = LINE ( 'NONE', #1997, #1440 ) ;
#4930 = ORIENTED_EDGE ( 'NONE', *, *, #6213, .F. ) ;
#4931 = LINE ( 'NONE', #996, #4543 ) ;
#4932 = VECTOR ( 'NONE', #5587, 1000.000000000000000 ) ;
#4933 = VERTEX_POINT ( 'NONE', #4740 ) ;
#4934 = ORIENTED_EDGE ( 'NONE', *, *, #5649, .F. ) ;
#4935 = CARTESIAN_POINT ( 'NONE',  ( 73.83199975054388631, -7.978291424952627331, 9.999999999999996447 ) ) ;
#4936 = PLANE ( 'NONE',  #1334 ) ;
#4937 = VECTOR ( 'NONE', #3490, 1000.000000000000114 ) ;
#4938 = ORIENTED_EDGE ( 'NONE', *, *, #4246, .F. ) ;
#4939 = PLANE ( 'NONE',  #5274 ) ;
#4940 = LINE ( 'NONE', #1915, #4348 ) ;
#4941 = AXIS2_PLACEMENT_3D ( 'NONE', #2014, #5452, #5395 ) ;
#4942 = AXIS2_PLACEMENT_3D ( 'NONE', #3433, #914, #3397 ) ;
#4943 = DIRECTION ( 'NONE',  ( -0.5773502691896257311, -0.5773502691896257311, -0.5773502691896257311 ) ) ;
#4944 = ORIENTED_EDGE ( 'NONE', *, *, #5132, .F. ) ;
#4945 = CARTESIAN_POINT ( 'NONE',  ( 7.596199159746238827, -4.625102115043496553, 20.01838090617253485 ) ) ;
#4946 = DIRECTION ( 'NONE',  ( 1.000000000000000000, 0.000000000000000000, -0.000000000000000000 ) ) ;
#4947 = ADVANCED_FACE ( 'NONE', ( #2202 ), #774, .F. ) ;
#4948 = CARTESIAN_POINT ( 'NONE',  ( 39.36862915010170383, 39.36862915010151909, 16.00000000000000000 ) ) ;
#4949 = AXIS2_PLACEMENT_3D ( 'NONE', #1902, #5267, #704 ) ;
#4950 = VECTOR ( 'NONE', #2005, 1000.000000000000114 ) ;
#4951 = DIRECTION ( 'NONE',  ( -2.618410170671638000E-16, -1.000000000000000000, -0.000000000000000000 ) ) ;
#4952 = EDGE_LOOP ( 'NONE', ( #2355, #4222, #366, #772 ) ) ;
#4953 = AXIS2_PLACEMENT_3D ( 'NONE', #3365, #4988, #956 ) ;
#4954 = EDGE_CURVE ( 'NONE', #1463, #3340, #5698, .T. ) ;
#4955 = ORIENTED_EDGE ( 'NONE', *, *, #1056, .T. ) ;
#4956 = ORIENTED_EDGE ( 'NONE', *, *, #6355, .F. ) ;
#4957 = CARTESIAN_POINT ( 'NONE',  ( 0.07139025090989632727, -25.33434600564662986, 12.00000000000000000 ) ) ;
#4958 = DIRECTION ( 'NONE',  ( 0.000000000000000000, 0.7071067811865452413, -0.7071067811865497932 ) ) ;
#4959 = FACE_OUTER_BOUND ( 'NONE', #6210, .T. ) ;
#4960 = VECTOR ( 'NONE', #3201, 999.9999999999998863 ) ;
#4961 = CIRCLE ( 'NONE', #1447, 3.000000000000002665 ) ;
#4962 = EDGE_CURVE ( 'NONE', #2918, #6351, #1189, .T. ) ;
#4963 = EDGE_CURVE ( 'NONE', #475, #3751, #6186, .T. ) ;
#4964 = EDGE_CURVE ( 'NONE', #2016, #3132, #5242, .T. ) ;
#4965 = ADVANCED_FACE ( 'NONE', ( #1780 ), #3286, .F. ) ;
#4966 = ORIENTED_EDGE ( 'NONE', *, *, #4293, .T. ) ;
#4967 = VECTOR ( 'NONE', #4413, 1000.000000000000000 ) ;
#4968 = DIRECTION ( 'NONE',  ( -0.000000000000000000, -0.000000000000000000, -1.000000000000000000 ) ) ;
#4969 = DIRECTION ( 'NONE',  ( -0.5773143799658747577, 0.5773682129649231332, -0.5773682129649231332 ) ) ;
#4970 = LINE ( 'NONE', #4999, #5703 ) ;
#4971 = VECTOR ( 'NONE', #3551, 1000.000000000000000 ) ;
#4972 = EDGE_LOOP ( 'NONE', ( #4771, #5841, #10, #744 ) ) ;
#4973 = EDGE_CURVE ( 'NONE', #6020, #2265, #1740, .T. ) ;
#4974 = ORIENTED_EDGE ( 'NONE', *, *, #1916, .F. ) ;
#4975 = LINE ( 'NONE', #545, #1152 ) ;
#4976 = AXIS2_PLACEMENT_3D ( 'NONE', #570, #3362, #3959 ) ;
#4977 = CARTESIAN_POINT ( 'NONE',  ( 35.59619915974622728, -2.248383717462303810, 9.600000000000001421 ) ) ;
#4978 = VERTEX_POINT ( 'NONE', #3667 ) ;
#4979 = CARTESIAN_POINT ( 'NONE',  ( 73.44669216701436198, -55.80000000000100613, 9.999999999999996447 ) ) ;
#4980 = DIRECTION ( 'NONE',  ( 0.0001978291858416198769, 0.9999999804318063790, -0.000000000000000000 ) ) ;
#4981 = VECTOR ( 'NONE', #757, 1000.000000000000000 ) ;
#4982 = EDGE_CURVE ( 'NONE', #6021, #2468, #5215, .T. ) ;
#4983 = CARTESIAN_POINT ( 'NONE',  ( 5.999999999999983125, -8.852281976497886617, -42.42640687119285303 ) ) ;
#4984 = VERTEX_POINT ( 'NONE', #4642 ) ;
#4985 = CARTESIAN_POINT ( 'NONE',  ( 8.999999999999987566, -44.85228197649788484, 5.000000000000000000 ) ) ;
#4986 = LINE ( 'NONE', #4518, #3193 ) ;
#4987 = DIRECTION ( 'NONE',  ( -0.3815411539802059382, 0.9243518528241574383, -2.004153026573396766E-15 ) ) ;
#4988 = DIRECTION ( 'NONE',  ( 0.000000000000000000, -1.000000000000000000, 0.000000000000000000 ) ) ;
#4989 = ADVANCED_FACE ( 'NONE', ( #284 ), #2750, .F. ) ;
#4990 = ORIENTED_EDGE ( 'NONE', *, *, #5465, .T. ) ;
#4991 = PLANE ( 'NONE',  #2981 ) ;
#4992 = PLANE ( 'NONE',  #105 ) ;
#4993 = LINE ( 'NONE', #74, #1860 ) ;
#4994 = EDGE_CURVE ( 'NONE', #1187, #3080, #320, .T. ) ;
#4995 = EDGE_LOOP ( 'NONE', ( #3978, #2838, #3967, #224 ) ) ;
#4996 = DIRECTION ( 'NONE',  ( -1.000000000000000000, 0.000000000000000000, 0.000000000000000000 ) ) ;
#4997 = DIRECTION ( 'NONE',  ( 0.000000000000000000, 0.000000000000000000, -1.000000000000000000 ) ) ;
#4998 = ADVANCED_FACE ( 'NONE', ( #1810 ), #2300, .F. ) ;
#4999 = CARTESIAN_POINT ( 'NONE',  ( 2.471004894415359310, -26.32857702776471953, 5.000000000000000000 ) ) ;
#5000 = VERTEX_POINT ( 'NONE', #1260 ) ;
#5001 = ORIENTED_EDGE ( 'NONE', *, *, #1075, .T. ) ;
#5002 = DIRECTION ( 'NONE',  ( -0.7071067811865302533, -0.7071067811865647812, 0.000000000000000000 ) ) ;
#5003 = CARTESIAN_POINT ( 'NONE',  ( 27.99999999999998224, -8.852281976497579308, -42.42640687119285303 ) ) ;
#5004 = ADVANCED_FACE ( 'NONE', ( #3701 ), #5731, .F. ) ;
#5005 = VERTEX_POINT ( 'NONE', #1287 ) ;
#5006 = CARTESIAN_POINT ( 'NONE',  ( 74.26692151384303031, -3.557475234951000154, 7.600000000000000533 ) ) ;
#5007 = EDGE_CURVE ( 'NONE', #1824, #2920, #2325, .T. ) ;
#5008 = LINE ( 'NONE', #3477, #2911 ) ;
#5009 = DIRECTION ( 'NONE',  ( 0.7071067811867252084, -0.7071067811863699371, 0.000000000000000000 ) ) ;
#5010 = DIRECTION ( 'NONE',  ( 0.7071067811865421326, 0.7071067811865530128, 0.000000000000000000 ) ) ;
#5011 = CARTESIAN_POINT ( 'NONE',  ( 1.377351245789079082, 1.459967952497118304, 16.28525878307855379 ) ) ;
#5012 = CARTESIAN_POINT ( 'NONE',  ( 36.79621557366916562, 0.1512634641334827945, 10.00001641392293372 ) ) ;
#5013 = LINE ( 'NONE', #4064, #4237 ) ;
#5014 = EDGE_LOOP ( 'NONE', ( #6033, #875, #2231, #748 ) ) ;
#5015 = EDGE_CURVE ( 'NONE', #4099, #4017, #3236, .T. ) ;
#5016 = PLANE ( 'NONE',  #1779 ) ;
#5017 = CYLINDRICAL_SURFACE ( 'NONE', #3900, 3.100000000000005418 ) ;
#5018 = CARTESIAN_POINT ( 'NONE',  ( 28.58914325646263421, -53.40018871553935753, 10.00000000000000000 ) ) ;
#5019 = ADVANCED_FACE ( 'NONE', ( #2229 ), #3638, .F. ) ;
#5020 = DIRECTION ( 'NONE',  ( 0.000000000000000000, -0.000000000000000000, 1.000000000000000000 ) ) ;
#5021 = ORIENTED_EDGE ( 'NONE', *, *, #215, .T. ) ;
#5022 = EDGE_CURVE ( 'NONE', #3222, #5830, #4195, .T. ) ;
#5023 = CARTESIAN_POINT ( 'NONE',  ( 50.90385297342778870, -1.625102115043172812, 10.00000000000000000 ) ) ;
#5024 = CARTESIAN_POINT ( 'NONE',  ( 54.10311946457120769, -55.80000000000088534, -13.91866057222030229 ) ) ;
#5025 = PLANE ( 'NONE',  #1047 ) ;
#5026 = EDGE_CURVE ( 'NONE', #3735, #3986, #2597, .T. ) ;
#5027 = ORIENTED_EDGE ( 'NONE', *, *, #729, .T. ) ;
#5028 = ADVANCED_FACE ( 'NONE', ( #2849 ), #3446, .F. ) ;
#5029 = CARTESIAN_POINT ( 'NONE',  ( 1.755336863099390188, -55.89414213562369582, 9.999999999999996447 ) ) ;
#5030 = FACE_OUTER_BOUND ( 'NONE', #3069, .T. ) ;
#5031 = ORIENTED_EDGE ( 'NONE', *, *, #6158, .F. ) ;
#5032 = FACE_OUTER_BOUND ( 'NONE', #1521, .T. ) ;
#5033 = AXIS2_PLACEMENT_3D ( 'NONE', #3416, #538, #1404 ) ;
#5034 = PLANE ( 'NONE',  #420 ) ;
#5035 = ADVANCED_FACE ( 'NONE', ( #505 ), #5928, .F. ) ;
#5036 = ORIENTED_EDGE ( 'NONE', *, *, #5022, .T. ) ;
#5037 = EDGE_CURVE ( 'NONE', #6020, #665, #5439, .T. ) ;
#5038 = VECTOR ( 'NONE', #6367, 1000.000000000000000 ) ;
#5039 = EDGE_CURVE ( 'NONE', #5162, #3924, #6349, .T. ) ;
#5040 = CARTESIAN_POINT ( 'NONE',  ( 66.86862915010141251, -66.86862915010156883, 16.00000000000000000 ) ) ;
#5041 = ORIENTED_EDGE ( 'NONE', *, *, #1897, .F. ) ;
#5042 = CARTESIAN_POINT ( 'NONE',  ( -3.400000000000016342, -47.98597515316583895, 15.60000000000000320 ) ) ;
#5043 = DIRECTION ( 'NONE',  ( -1.000000000000000000, 0.000000000000000000, 0.000000000000000000 ) ) ;
#5044 = CARTESIAN_POINT ( 'NONE',  ( 49.99999999999997868, -8.852281976497271998, -42.42640687119285303 ) ) ;
#5045 = LINE ( 'NONE', #6036, #1761 ) ;
#5046 = DIRECTION ( 'NONE',  ( -0.000000000000000000, -0.000000000000000000, -1.000000000000000000 ) ) ;
#5047 = AXIS2_PLACEMENT_3D ( 'NONE', #3571, #3545, #5081 ) ;
#5048 = EDGE_CURVE ( 'NONE', #1806, #2449, #4931, .T. ) ;
#5049 = ORIENTED_EDGE ( 'NONE', *, *, #1894, .T. ) ;
#5050 = AXIS2_PLACEMENT_3D ( 'NONE', #357, #1196, #2208 ) ;
#5051 = DIRECTION ( 'NONE',  ( -0.9999999597409671148, 0.0002837570509955884899, 0.000000000000000000 ) ) ;
#5052 = FACE_OUTER_BOUND ( 'NONE', #4227, .T. ) ;
#5053 = CIRCLE ( 'NONE', #5381, 3.000000000000002665 ) ;
#5054 = DIRECTION ( 'NONE',  ( -1.000000000000000000, 0.000000000000000000, 0.000000000000000000 ) ) ;
#5055 = FACE_OUTER_BOUND ( 'NONE', #1445, .T. ) ;
#5056 = VECTOR ( 'NONE', #643, 1000.000000000000000 ) ;
#5057 = AXIS2_PLACEMENT_3D ( 'NONE', #3417, #2913, #2940 ) ;
#5058 = ORIENTED_EDGE ( 'NONE', *, *, #1981, .F. ) ;
#5059 = VERTEX_POINT ( 'NONE', #3929 ) ;
#5060 = FACE_OUTER_BOUND ( 'NONE', #547, .T. ) ;
#5061 = CARTESIAN_POINT ( 'NONE',  ( 68.15220767534921720, -54.53819520806373333, 9.999999999999996447 ) ) ;
#5062 = VECTOR ( 'NONE', #3749, 1000.000000000000000 ) ;
#5063 = VECTOR ( 'NONE', #4729, 1000.000000000000227 ) ;
#5064 = DIRECTION ( 'NONE',  ( 0.000000000000000000, -0.000000000000000000, -1.000000000000000000 ) ) ;
#5065 = ORIENTED_EDGE ( 'NONE', *, *, #4591, .T. ) ;
#5066 = AXIS2_PLACEMENT_3D ( 'NONE', #5291, #1293, #4686 ) ;
#5067 = ORIENTED_EDGE ( 'NONE', *, *, #2431, .F. ) ;
#5068 = DIRECTION ( 'NONE',  ( -2.891205793294678326E-16, 1.000000000000000000, 0.000000000000000000 ) ) ;
#5069 = DIRECTION ( 'NONE',  ( 1.000000000000000000, 0.000000000000000000, 0.000000000000000000 ) ) ;
#5070 = ORIENTED_EDGE ( 'NONE', *, *, #2857, .T. ) ;
#5071 = FACE_OUTER_BOUND ( 'NONE', #3121, .T. ) ;
#5072 = VECTOR ( 'NONE', #5866, 1000.000000000000000 ) ;
#5073 = CARTESIAN_POINT ( 'NONE',  ( -1.200000000001409939, -1.520800133107722774, 16.00000000000000000 ) ) ;
#5074 = ADVANCED_FACE ( 'NONE', ( #969, #5795 ), #4392, .T. ) ;
#5075 = ORIENTED_EDGE ( 'NONE', *, *, #5524, .T. ) ;
#5076 = ORIENTED_EDGE ( 'NONE', *, *, #2543, .T. ) ;
#5077 = VECTOR ( 'NONE', #3336, 1000.000000000000000 ) ;
#5078 = DIRECTION ( 'NONE',  ( 0.7071067811865500152, 0.7071067811865451302, 0.000000000000000000 ) ) ;
#5079 = ORIENTED_EDGE ( 'NONE', *, *, #784, .T. ) ;
#5080 = DIRECTION ( 'NONE',  ( -0.0001978291858416198769, -0.9999999804318063790, 0.000000000000000000 ) ) ;
#5081 = DIRECTION ( 'NONE',  ( -1.000000000000000000, 0.000000000000000000, 0.000000000000000000 ) ) ;
#5082 = DIRECTION ( 'NONE',  ( 0.000000000000000000, 0.000000000000000000, 1.000000000000000000 ) ) ;
#5083 = EDGE_CURVE ( 'NONE', #3924, #4060, #3383, .T. ) ;
#5084 = DIRECTION ( 'NONE',  ( 0.000000000000000000, 0.000000000000000000, 1.000000000000000000 ) ) ;
#5085 = EDGE_CURVE ( 'NONE', #4044, #6155, #411, .T. ) ;
#5086 = VECTOR ( 'NONE', #3300, 1000.000000000000000 ) ;
#5087 = EDGE_CURVE ( 'NONE', #5756, #2194, #1147, .T. ) ;
#5088 = DIRECTION ( 'NONE',  ( -1.000000000000000000, 0.000000000000000000, -0.000000000000000000 ) ) ;
#5089 = VERTEX_POINT ( 'NONE', #445 ) ;
#5090 = ORIENTED_EDGE ( 'NONE', *, *, #5296, .T. ) ;
#5091 = PLANE ( 'NONE',  #2188 ) ;
#5092 = DIRECTION ( 'NONE',  ( -0.7071067811865474617, -8.104675050809089903E-18, -0.7071067811865474617 ) ) ;
#5093 = PLANE ( 'NONE',  #1044 ) ;
#5094 = CARTESIAN_POINT ( 'NONE',  ( 75.86889194512225743, -5.941399230374254437, 9.999999999999996447 ) ) ;
#5095 = ORIENTED_EDGE ( 'NONE', *, *, #6191, .T. ) ;
#5096 = ORIENTED_EDGE ( 'NONE', *, *, #2350, .F. ) ;
#5097 = DIRECTION ( 'NONE',  ( -0.6787196716083955250, -0.2805614534919429470, -0.6786935082835846567 ) ) ;
#5098 = LINE ( 'NONE', #668, #3210 ) ;
#5099 = LINE ( 'NONE', #4536, #3016 ) ;
#5100 = EDGE_CURVE ( 'NONE', #4725, #2360, #873, .T. ) ;
#5101 = EDGE_LOOP ( 'NONE', ( #3901, #4974, #5553, #6287 ) ) ;
#5102 = ORIENTED_EDGE ( 'NONE', *, *, #4393, .T. ) ;
#5103 = DIRECTION ( 'NONE',  ( 0.7071067811865477948, -0.7071067811865473507, -0.000000000000000000 ) ) ;
#5104 = ORIENTED_EDGE ( 'NONE', *, *, #3221, .F. ) ;
#5105 = EDGE_CURVE ( 'NONE', #5312, #665, #6406, .T. ) ;
#5106 = LINE ( 'NONE', #6183, #3591 ) ;
#5107 = ORIENTED_EDGE ( 'NONE', *, *, #3386, .T. ) ;
#5108 = CARTESIAN_POINT ( 'NONE',  ( -2.171572875253813706, -58.00000000000000711, 16.00000000000000000 ) ) ;
#5109 = DIRECTION ( 'NONE',  ( -0.000000000000000000, -0.000000000000000000, -1.000000000000000000 ) ) ;
#5110 = VERTEX_POINT ( 'NONE', #378 ) ;
#5111 = EDGE_LOOP ( 'NONE', ( #1710, #2059, #3224, #5416 ) ) ;
#5112 = DIRECTION ( 'NONE',  ( -0.000000000000000000, -0.000000000000000000, -1.000000000000000000 ) ) ;
#5113 = ORIENTED_EDGE ( 'NONE', *, *, #4408, .F. ) ;
#5114 = CARTESIAN_POINT ( 'NONE',  ( 1.599811284461572614, -27.19977063771850112, 5.000000000000000000 ) ) ;
#5115 = ADVANCED_FACE ( 'NONE', ( #3351 ), #2389, .F. ) ;
#5116 = LINE ( 'NONE', #6260, #4106 ) ;
#5117 = CARTESIAN_POINT ( 'NONE',  ( -0.8000000000014095836, -6.312601124913162387, 11.99999999999999645 ) ) ;
#5118 = DIRECTION ( 'NONE',  ( -1.000000000000000000, 0.000000000000000000, 0.000000000000000000 ) ) ;
#5119 = DIRECTION ( 'NONE',  ( -0.000000000000000000, -0.000000000000000000, -1.000000000000000000 ) ) ;
#5120 = EDGE_CURVE ( 'NONE', #2459, #435, #1935, .T. ) ;
#5121 = EDGE_LOOP ( 'NONE', ( #440, #6270, #179, #463 ) ) ;
#5122 = CARTESIAN_POINT ( 'NONE',  ( 78.39999999999999147, -1.954248784846597453E-14, 15.60000000000000320 ) ) ;
#5123 = EDGE_CURVE ( 'NONE', #5139, #4054, #3419, .T. ) ;
#5124 = CARTESIAN_POINT ( 'NONE',  ( -14.10244556234917823, -14.10244556234925817, -13.91866057222030229 ) ) ;
#5125 = LINE ( 'NONE', #2113, #5177 ) ;
#5126 = CARTESIAN_POINT ( 'NONE',  ( 74.23198430184631036, -8.143992298599407320, 16.00000000000000000 ) ) ;
#5127 = EDGE_LOOP ( 'NONE', ( #6180, #3369, #6173, #2382 ) ) ;
#5128 = ORIENTED_EDGE ( 'NONE', *, *, #6084, .F. ) ;
#5129 = ORIENTED_EDGE ( 'NONE', *, *, #2629, .F. ) ;
#5130 = EDGE_CURVE ( 'NONE', #2973, #1655, #2353, .T. ) ;
#5131 = DIRECTION ( 'NONE',  ( -0.7049845209112678424, 0.7092226908915915118, -0.000000000000000000 ) ) ;
#5132 = EDGE_CURVE ( 'NONE', #2761, #5906, #1877, .T. ) ;
#5133 = LINE ( 'NONE', #1625, #2576 ) ;
#5134 = LINE ( 'NONE', #177, #424 ) ;
#5135 = EDGE_LOOP ( 'NONE', ( #1968, #4421, #6218, #3174 ) ) ;
#5136 = CARTESIAN_POINT ( 'NONE',  ( 72.86692151384301042, -3.557475234951000598, 10.00000000000000000 ) ) ;
#5137 = VERTEX_POINT ( 'NONE', #595 ) ;
#5138 = DIRECTION ( 'NONE',  ( -0.000000000000000000, -0.000000000000000000, -1.000000000000000000 ) ) ;
#5139 = VERTEX_POINT ( 'NONE', #4078 ) ;
#5140 = ORIENTED_EDGE ( 'NONE', *, *, #6038, .F. ) ;
#5141 = PLANE ( 'NONE',  #6313 ) ;
#5142 = DIRECTION ( 'NONE',  ( 0.7071067811865474617, 0.7071067811865476838, -0.000000000000000000 ) ) ;
#5143 = AXIS2_PLACEMENT_3D ( 'NONE', #4854, #5389, #455 ) ;
#5144 = ORIENTED_EDGE ( 'NONE', *, *, #2509, .F. ) ;
#5145 = ADVANCED_FACE ( 'NONE', ( #4048 ), #3469, .F. ) ;
#5146 = CARTESIAN_POINT ( 'NONE',  ( 10.60909308149352626, -53.40018871553893831, 5.000000000000000000 ) ) ;
#5147 = LINE ( 'NONE', #4550, #3938 ) ;
#5148 = CARTESIAN_POINT ( 'NONE',  ( -1.199999999999971978, -50.15166057811508438, 16.00000000000000000 ) ) ;
#5149 = AXIS2_PLACEMENT_3D ( 'NONE', #5950, #3951, #1498 ) ;
#5150 = FACE_BOUND ( 'NONE', #2037, .T. ) ;
#5151 = LINE ( 'NONE', #2531, #2582 ) ;
#5152 = EDGE_CURVE ( 'NONE', #5398, #761, #5501, .T. ) ;
#5153 = AXIS2_PLACEMENT_3D ( 'NONE', #4069, #1173, #2046 ) ;
#5154 = ORIENTED_EDGE ( 'NONE', *, *, #5612, .F. ) ;
#5155 = EDGE_CURVE ( 'NONE', #4067, #2680, #1112, .T. ) ;
#5156 = CARTESIAN_POINT ( 'NONE',  ( 69.08286859082156184, -58.40000000000000568, 15.60000000000000320 ) ) ;
#5157 = DIRECTION ( 'NONE',  ( 1.000000000000000000, 0.000000000000000000, -0.000000000000000000 ) ) ;
#5158 = CARTESIAN_POINT ( 'NONE',  ( 53.84024978890874991, -55.16351031609350741, 9.999999999999994671 ) ) ;
#5159 = CIRCLE ( 'NONE', #5990, 1.699999999999993072 ) ;
#5160 = DIRECTION ( 'NONE',  ( 0.000000000000000000, 0.000000000000000000, -1.000000000000000000 ) ) ;
#5161 = ADVANCED_FACE ( 'NONE', ( #5984 ), #5554, .T. ) ;
#5162 = VERTEX_POINT ( 'NONE', #1532 ) ;
#5163 = VECTOR ( 'NONE', #5864, 1000.000000000000000 ) ;
#5164 = ORIENTED_EDGE ( 'NONE', *, *, #5489, .T. ) ;
#5165 = ORIENTED_EDGE ( 'NONE', *, *, #6275, .T. ) ;
#5166 = DIRECTION ( 'NONE',  ( -1.000000000000000000, 0.000000000000000000, 0.000000000000000000 ) ) ;
#5167 = DIRECTION ( 'NONE',  ( -0.9999999597409671148, 0.0002837570509955883815, -0.000000000000000000 ) ) ;
#5168 = VECTOR ( 'NONE', #664, 1000.000000000000000 ) ;
#5169 = ADVANCED_FACE ( 'NONE', ( #5528 ), #1595, .F. ) ;
#5170 = AXIS2_PLACEMENT_3D ( 'NONE', #2256, #2387, #4362 ) ;
#5171 = DIRECTION ( 'NONE',  ( -0.000000000000000000, -0.000000000000000000, -1.000000000000000000 ) ) ;
#5172 = EDGE_CURVE ( 'NONE', #1214, #5233, #4013, .T. ) ;
#5173 = ADVANCED_FACE ( 'NONE', ( #1627 ), #5025, .T. ) ;
#5174 = EDGE_CURVE ( 'NONE', #3450, #5653, #542, .T. ) ;
#5175 = ORIENTED_EDGE ( 'NONE', *, *, #2386, .T. ) ;
#5176 = VECTOR ( 'NONE', #2767, 1000.000000000000000 ) ;
#5177 = VECTOR ( 'NONE', #6071, 1000.000000000000000 ) ;
#5178 = PLANE ( 'NONE',  #4226 ) ;
#5179 = CARTESIAN_POINT ( 'NONE',  ( 16.99999999999997868, -8.852281976497732074, 3.599999999999999201 ) ) ;
#5180 = ORIENTED_EDGE ( 'NONE', *, *, #2189, .F. ) ;
#5181 = ORIENTED_EDGE ( 'NONE', *, *, #2926, .F. ) ;
#5182 = DIRECTION ( 'NONE',  ( -0.0001978291858416198769, -0.9999999804318063790, 0.000000000000000000 ) ) ;
#5183 = VECTOR ( 'NONE', #3105, 1000.000000000000000 ) ;
#5184 = CIRCLE ( 'NONE', #4000, 2.999999999999999112 ) ;
#5185 = ORIENTED_EDGE ( 'NONE', *, *, #1032, .F. ) ;
#5186 = ORIENTED_EDGE ( 'NONE', *, *, #2751, .T. ) ;
#5187 = DIRECTION ( 'NONE',  ( 0.000000000000000000, 0.000000000000000000, 1.000000000000000000 ) ) ;
#5188 = AXIS2_PLACEMENT_3D ( 'NONE', #6077, #1151, #3534 ) ;
#5189 = FACE_OUTER_BOUND ( 'NONE', #4270, .T. ) ;
#5190 = FACE_BOUND ( 'NONE', #5135, .T. ) ;
#5191 = CARTESIAN_POINT ( 'NONE',  ( 49.78276359031411147, 0.7747091694188932287, 9.999999999999996447 ) ) ;
#5192 = ORIENTED_EDGE ( 'NONE', *, *, #4118, .F. ) ;
#5193 = AXIS2_PLACEMENT_3D ( 'NONE', #5469, #1088, #4789 ) ;
#5194 = ORIENTED_EDGE ( 'NONE', *, *, #661, .F. ) ;
#5195 = CARTESIAN_POINT ( 'NONE',  ( -3.400000000000005240, 7.669842981761063598E-16, 15.60000000000000320 ) ) ;
#5196 = LINE ( 'NONE', #2311, #5565 ) ;
#5197 = DIRECTION ( 'NONE',  ( -0.000000000000000000, -0.000000000000000000, 1.000000000000000000 ) ) ;
#5198 = VECTOR ( 'NONE', #3908, 1000.000000000000000 ) ;
#5199 = LINE ( 'NONE', #1858, #5908 ) ;
#5200 = VERTEX_POINT ( 'NONE', #2573 ) ;
#5201 = ORIENTED_EDGE ( 'NONE', *, *, #5524, .F. ) ;
#5202 = ORIENTED_EDGE ( 'NONE', *, *, #5552, .F. ) ;
#5203 = PLANE ( 'NONE',  #6088 ) ;
#5204 = CARTESIAN_POINT ( 'NONE',  ( 33.99999999999997868, -8.852281976497579308, 3.599999999999999201 ) ) ;
#5205 = DIRECTION ( 'NONE',  ( -1.000000000000000000, 5.385296291631732159E-14, -0.000000000000000000 ) ) ;
#5206 = ADVANCED_FACE ( 'NONE', ( #3036 ), #2121, .F. ) ;
#5207 = ORIENTED_EDGE ( 'NONE', *, *, #833, .F. ) ;
#5208 = EDGE_CURVE ( 'NONE', #5089, #5745, #4970, .T. ) ;
#5209 = CARTESIAN_POINT ( 'NONE',  ( 8.999999999999980460, -58.40000000000000568, 15.60000000000000320 ) ) ;
#5210 = EDGE_CURVE ( 'NONE', #173, #1806, #2541, .T. ) ;
#5211 = CARTESIAN_POINT ( 'NONE',  ( -3.400000000000005240, 7.669842981761064584E-16, 12.00000000000000000 ) ) ;
#5212 = ORIENTED_EDGE ( 'NONE', *, *, #3953, .F. ) ;
#5213 = EDGE_CURVE ( 'NONE', #1846, #259, #5099, .T. ) ;
#5214 = ORIENTED_EDGE ( 'NONE', *, *, #3744, .T. ) ;
#5215 = LINE ( 'NONE', #2689, #3309 ) ;
#5216 = ORIENTED_EDGE ( 'NONE', *, *, #485, .T. ) ;
#5217 = EDGE_CURVE ( 'NONE', #5005, #3542, #2094, .T. ) ;
#5218 = CARTESIAN_POINT ( 'NONE',  ( 54.83910568016063536, -55.06706046196752169, -13.91866057222030229 ) ) ;
#5219 = DIRECTION ( 'NONE',  ( -1.000000000000000000, -1.146174137548107039E-17, 0.000000000000000000 ) ) ;
#5220 = LINE ( 'NONE', #2697, #1742 ) ;
#5221 = EDGE_CURVE ( 'NONE', #3626, #3248, #635, .T. ) ;
#5222 = FACE_BOUND ( 'NONE', #1812, .T. ) ;
#5223 = CARTESIAN_POINT ( 'NONE',  ( 50.70311946457120911, -58.40000000000000568, 15.60000000000000320 ) ) ;
#5224 = ORIENTED_EDGE ( 'NONE', *, *, #3589, .F. ) ;
#5225 = ORIENTED_EDGE ( 'NONE', *, *, #1774, .T. ) ;
#5226 = LINE ( 'NONE', #5195, #4981 ) ;
#5227 = DIRECTION ( 'NONE',  ( -0.7071067811865425767, 0.7071067811865525687, -0.000000000000000000 ) ) ;
#5228 = EDGE_LOOP ( 'NONE', ( #4295, #3284, #5628, #1615 ) ) ;
#5229 = EDGE_CURVE ( 'NONE', #1681, #6110, #4453, .T. ) ;
#5230 = CARTESIAN_POINT ( 'NONE',  ( 7.196199159746239360, 2.940394594368060499, 16.00000000000000000 ) ) ;
#5231 = DIRECTION ( 'NONE',  ( -0.6785983445458450003, -0.2810846377148301656, -0.6785983445458448893 ) ) ;
#5232 = ORIENTED_EDGE ( 'NONE', *, *, #5208, .T. ) ;
#5233 = VERTEX_POINT ( 'NONE', #5954 ) ;
#5234 = ORIENTED_EDGE ( 'NONE', *, *, #4313, .F. ) ;
#5235 = CARTESIAN_POINT ( 'NONE',  ( 27.99999999999998224, -8.852281976497579308, 3.599999999999999201 ) ) ;
#5236 = CARTESIAN_POINT ( 'NONE',  ( 19.39497138503848461, 0.1533971646133859557, 11.99999999999999645 ) ) ;
#5237 = LINE ( 'NONE', #5307, #948 ) ;
#5238 = ORIENTED_EDGE ( 'NONE', *, *, #792, .F. ) ;
#5239 = DIRECTION ( 'NONE',  ( -0.000000000000000000, -0.000000000000000000, -1.000000000000000000 ) ) ;
#5240 = LINE ( 'NONE', #6121, #5578 ) ;
#5241 = ORIENTED_EDGE ( 'NONE', *, *, #3528, .T. ) ;
#5242 = LINE ( 'NONE', #2263, #6326 ) ;
#5243 = ORIENTED_EDGE ( 'NONE', *, *, #1938, .T. ) ;
#5244 = ORIENTED_EDGE ( 'NONE', *, *, #3032, .T. ) ;
#5245 = LINE ( 'NONE', #5705, #2677 ) ;
#5246 = ORIENTED_EDGE ( 'NONE', *, *, #978, .T. ) ;
#5247 = CARTESIAN_POINT ( 'NONE',  ( 53.11199952979897887, -53.40018871553936464, 5.000000000000000000 ) ) ;
#5248 = CARTESIAN_POINT ( 'NONE',  ( 35.39619915974623154, 0.1514275851795280903, 11.80000000000000782 ) ) ;
#5249 = EDGE_CURVE ( 'NONE', #3471, #5753, #1500, .T. ) ;
#5250 = EDGE_CURVE ( 'NONE', #5645, #1862, #2025, .T. ) ;
#5251 = EDGE_CURVE ( 'NONE', #5000, #2710, #3163, .T. ) ;
#5252 = ORIENTED_EDGE ( 'NONE', *, *, #5518, .T. ) ;
#5253 = LINE ( 'NONE', #5810, #6023 ) ;
#5254 = DIRECTION ( 'NONE',  ( 0.000000000000000000, 0.000000000000000000, -1.000000000000000000 ) ) ;
#5255 = ORIENTED_EDGE ( 'NONE', *, *, #492, .F. ) ;
#5256 = LINE ( 'NONE', #4209, #6327 ) ;
#5257 = CARTESIAN_POINT ( 'NONE',  ( 5.599811284461573280, -47.98597515316583895, 10.00000000000000000 ) ) ;
#5258 = VECTOR ( 'NONE', #3034, 1000.000000000000114 ) ;
#5259 = EDGE_CURVE ( 'NONE', #5916, #2091, #217, .T. ) ;
#5260 = ORIENTED_EDGE ( 'NONE', *, *, #5552, .T. ) ;
#5261 = ORIENTED_EDGE ( 'NONE', *, *, #100, .F. ) ;
#5262 = ORIENTED_EDGE ( 'NONE', *, *, #1496, .T. ) ;
#5263 = VERTEX_POINT ( 'NONE', #3191 ) ;
#5264 = CYLINDRICAL_SURFACE ( 'NONE', #188, 3.000000000000002665 ) ;
#5265 = VECTOR ( 'NONE', #4410, 1000.000000000000000 ) ;
#5266 = CARTESIAN_POINT ( 'NONE',  ( 69.48286859082156752, 0.000000000000000000, 16.00000000000000000 ) ) ;
#5267 = DIRECTION ( 'NONE',  ( 0.000000000000000000, 0.000000000000000000, 1.000000000000000000 ) ) ;
#5268 = LINE ( 'NONE', #3278, #6329 ) ;
#5269 = VECTOR ( 'NONE', #906, 1000.000000000000000 ) ;
#5270 = EDGE_CURVE ( 'NONE', #557, #2478, #797, .T. ) ;
#5271 = ORIENTED_EDGE ( 'NONE', *, *, #3605, .T. ) ;
#5272 = DIRECTION ( 'NONE',  ( -0.000000000000000000, 0.000000000000000000, 1.000000000000000000 ) ) ;
#5273 = ORIENTED_EDGE ( 'NONE', *, *, #2976, .F. ) ;
#5274 = AXIS2_PLACEMENT_3D ( 'NONE', #2331, #4300, #6288 ) ;
#5275 = LINE ( 'NONE', #5793, #5163 ) ;
#5276 = VECTOR ( 'NONE', #4570, 1000.000000000000000 ) ;
#5277 = EDGE_LOOP ( 'NONE', ( #4677, #3026, #2964, #219 ) ) ;
#5278 = ORIENTED_EDGE ( 'NONE', *, *, #3110, .T. ) ;
#5279 = EDGE_CURVE ( 'NONE', #6282, #4189, #2775, .T. ) ;
#5280 = CARTESIAN_POINT ( 'NONE',  ( -3.896992067663562732E-17, 3.399999999999999467, 15.60000000000000320 ) ) ;
#5281 = VERTEX_POINT ( 'NONE', #4731 ) ;
#5282 = AXIS2_PLACEMENT_3D ( 'NONE', #498, #2414, #4445 ) ;
#5283 = AXIS2_PLACEMENT_3D ( 'NONE', #6347, #5272, #3759 ) ;
#5284 = VERTEX_POINT ( 'NONE', #2192 ) ;
#5285 = CARTESIAN_POINT ( 'NONE',  ( 6.196199159746234031, 1.999999999999992673, 16.99999999999999645 ) ) ;
#5286 = DIRECTION ( 'NONE',  ( -0.000000000000000000, -0.000000000000000000, 1.000000000000000000 ) ) ;
#5287 = EDGE_LOOP ( 'NONE', ( #6386, #319, #826, #5031 ) ) ;
#5288 = DIRECTION ( 'NONE',  ( -0.000000000000000000, -0.000000000000000000, -1.000000000000000000 ) ) ;
#5289 = VECTOR ( 'NONE', #555, 1000.000000000000000 ) ;
#5290 = AXIS2_PLACEMENT_3D ( 'NONE', #5521, #3619, #2183 ) ;
#5291 = CARTESIAN_POINT ( 'NONE',  ( -30.36862915010154396, -30.36862915010123842, 16.00000000000000000 ) ) ;
#5292 = VECTOR ( 'NONE', #4777, 1000.000000000000000 ) ;
#5293 = VERTEX_POINT ( 'NONE', #2293 ) ;
#5294 = DIRECTION ( 'NONE',  ( 0.000000000000000000, -1.000000000000000000, 0.000000000000000000 ) ) ;
#5295 = CARTESIAN_POINT ( 'NONE',  ( 68.31952070086400397, 0.7747091694188932287, 15.60000000000000497 ) ) ;
#5296 = EDGE_CURVE ( 'NONE', #3751, #6021, #4159, .T. ) ;
#5297 = CARTESIAN_POINT ( 'NONE',  ( 1.599811284461573280, -47.98597515316583895, 10.00000000000000000 ) ) ;
#5298 = EDGE_CURVE ( 'NONE', #4253, #6253, #3220, .T. ) ;
#5299 = CARTESIAN_POINT ( 'NONE',  ( 7.596199159746238827, -1.625102115043496331, 10.00000000000000000 ) ) ;
#5300 = CIRCLE ( 'NONE', #4649, 3.000000000000002665 ) ;
#5301 = ORIENTED_EDGE ( 'NONE', *, *, #4714, .T. ) ;
#5302 = VERTEX_POINT ( 'NONE', #1305 ) ;
#5303 = ORIENTED_EDGE ( 'NONE', *, *, #1896, .T. ) ;
#5304 = LINE ( 'NONE', #4667, #3576 ) ;
#5305 = LINE ( 'NONE', #3344, #5063 ) ;
#5306 = DIRECTION ( 'NONE',  ( 0.7071067811865469066, 0.7071067811865482389, -0.000000000000000000 ) ) ;
#5307 = CARTESIAN_POINT ( 'NONE',  ( 75.77474980949905614, -53.33880527252648562, 15.60000000000000142 ) ) ;
#5308 = VECTOR ( 'NONE', #2984, 1000.000000000000000 ) ;
#5309 = ORIENTED_EDGE ( 'NONE', *, *, #6046, .T. ) ;
#5310 = LINE ( 'NONE', #374, #208 ) ;
#5311 = CARTESIAN_POINT ( 'NONE',  ( -3.400000000000006573, -6.312601124913162387, 12.00000000000000000 ) ) ;
#5312 = VERTEX_POINT ( 'NONE', #2253 ) ;
#5313 = CARTESIAN_POINT ( 'NONE',  ( 74.23192893940536408, -8.737736357604397597, 16.00000000000000000 ) ) ;
#5314 = ORIENTED_EDGE ( 'NONE', *, *, #3953, .T. ) ;
#5315 = ORIENTED_EDGE ( 'NONE', *, *, #4535, .T. ) ;
#5316 = EDGE_CURVE ( 'NONE', #2710, #5398, #5134, .T. ) ;
#5317 = CARTESIAN_POINT ( 'NONE',  ( 0.000000000000000000, 0.000000000000000000, 0.000000000000000000 ) ) ;
#5318 = CARTESIAN_POINT ( 'NONE',  ( 68.06692151384301326, -51.58491490983000460, 7.600000000000000533 ) ) ;
#5319 = ORIENTED_EDGE ( 'NONE', *, *, #654, .T. ) ;
#5320 = LINE ( 'NONE', #4370, #7 ) ;
#5321 = LINE ( 'NONE', #881, #4129 ) ;
#5322 = EDGE_CURVE ( 'NONE', #4776, #2829, #5268, .T. ) ;
#5323 = VERTEX_POINT ( 'NONE', #2640 ) ;
#5324 = CYLINDRICAL_SURFACE ( 'NONE', #121, 3.100000000000005418 ) ;
#5325 = CARTESIAN_POINT ( 'NONE',  ( 2.127902282689264180, -2.127902282689160707, 16.00000000000000000 ) ) ;
#5326 = FACE_OUTER_BOUND ( 'NONE', #1076, .T. ) ;
#5327 = ORIENTED_EDGE ( 'NONE', *, *, #4736, .T. ) ;
#5328 = DIRECTION ( 'NONE',  ( -0.7071067811865459074, 0.7071067811865491270, 0.000000000000000000 ) ) ;
#5329 = LINE ( 'NONE', #4277, #6105 ) ;
#5330 = ORIENTED_EDGE ( 'NONE', *, *, #2401, .F. ) ;
#5331 = EDGE_LOOP ( 'NONE', ( #3594, #1669, #2490, #5362 ) ) ;
#5332 = ORIENTED_EDGE ( 'NONE', *, *, #2799, .F. ) ;
#5333 = LINE ( 'NONE', #399, #3285 ) ;
#5334 = CARTESIAN_POINT ( 'NONE',  ( 76.05759252197324827, -1.403642845582200316, 16.00000000000000000 ) ) ;
#5335 = DIRECTION ( 'NONE',  ( -1.000000000000000000, 0.000000000000000000, 0.000000000000000000 ) ) ;
#5336 = CARTESIAN_POINT ( 'NONE',  ( -0.8000000000014093615, -6.445597856101884737, 9.999999999999996447 ) ) ;
#5337 = EDGE_CURVE ( 'NONE', #2422, #433, #4187, .T. ) ;
#5338 = EDGE_CURVE ( 'NONE', #4151, #2939, #4597, .T. ) ;
#5339 = ORIENTED_EDGE ( 'NONE', *, *, #1556, .F. ) ;
#5340 = DIRECTION ( 'NONE',  ( 0.000000000000000000, 0.000000000000000000, 1.000000000000000000 ) ) ;
#5341 = DIRECTION ( 'NONE',  ( -0.7100637267678002740, -0.7041374183556946553, 0.000000000000000000 ) ) ;
#5342 = CARTESIAN_POINT ( 'NONE',  ( 79.35621294417255456, 13.10261480803280953, 5.897385191967192242 ) ) ;
#5343 = ORIENTED_EDGE ( 'NONE', *, *, #1282, .T. ) ;
#5344 = DIRECTION ( 'NONE',  ( -9.324293839476709654E-05, -0.9999999956528771161, 0.000000000000000000 ) ) ;
#5345 = ORIENTED_EDGE ( 'NONE', *, *, #5817, .T. ) ;
#5346 = EDGE_CURVE ( 'NONE', #2770, #3510, #1732, .T. ) ;
#5347 = ORIENTED_EDGE ( 'NONE', *, *, #2956, .F. ) ;
#5348 = DIRECTION ( 'NONE',  ( -0.7071067811865487940, -0.7071067811865463515, 0.000000000000000000 ) ) ;
#5349 = ORIENTED_EDGE ( 'NONE', *, *, #3678, .T. ) ;
#5350 = DIRECTION ( 'NONE',  ( 1.000000000000000000, 0.000000000000000000, 0.000000000000000000 ) ) ;
#5351 = FACE_OUTER_BOUND ( 'NONE', #1120, .T. ) ;
#5352 = EDGE_CURVE ( 'NONE', #6110, #2468, #4114, .T. ) ;
#5353 = FACE_BOUND ( 'NONE', #1817, .T. ) ;
#5354 = ORIENTED_EDGE ( 'NONE', *, *, #1886, .T. ) ;
#5355 = CARTESIAN_POINT ( 'NONE',  ( 27.99999999999998224, -8.852281976497579308, 3.599999999999999201 ) ) ;
#5356 = DIRECTION ( 'NONE',  ( -0.6785983445458312335, -0.2810846377148969455, 0.6785983445458311225 ) ) ;
#5357 = DIRECTION ( 'NONE',  ( -0.7061519002946815560, 0.7080603743397946293, 0.000000000000000000 ) ) ;
#5358 = CARTESIAN_POINT ( 'NONE',  ( 14.49809957987311826, 3.399999999999999467, 30.49809957987312004 ) ) ;
#5359 = LINE ( 'NONE', #5397, #4446 ) ;
#5360 = EDGE_CURVE ( 'NONE', #2670, #3414, #5300, .T. ) ;
#5361 = ORIENTED_EDGE ( 'NONE', *, *, #3307, .T. ) ;
#5362 = ORIENTED_EDGE ( 'NONE', *, *, #4963, .F. ) ;
#5363 = ORIENTED_EDGE ( 'NONE', *, *, #2948, .F. ) ;
#5364 = CARTESIAN_POINT ( 'NONE',  ( -3.400000000000017675, -57.33725830020303249, 3.600000000000000533 ) ) ;
#5365 = CARTESIAN_POINT ( 'NONE',  ( 7.596199159746238827, -1.988996513832689793E-15, 12.00000000000000000 ) ) ;
#5366 = EDGE_CURVE ( 'NONE', #2409, #4021, #250, .T. ) ;
#5367 = VECTOR ( 'NONE', #502, 1000.000000000000114 ) ;
#5368 = CARTESIAN_POINT ( 'NONE',  ( 2.188803657608005881, -3.557475234951000598, 7.600000000000000533 ) ) ;
#5369 = LINE ( 'NONE', #2873, #1882 ) ;
#5370 = VECTOR ( 'NONE', #4306, 1000.000000000000114 ) ;
#5371 = ORIENTED_EDGE ( 'NONE', *, *, #6191, .F. ) ;
#5372 = DIRECTION ( 'NONE',  ( 9.324293839476709654E-05, 0.9999999956528771161, 0.000000000000000000 ) ) ;
#5373 = DIRECTION ( 'NONE',  ( -0.7070197385735393913, 0.7071938130862034377, 0.000000000000000000 ) ) ;
#5374 = DIRECTION ( 'NONE',  ( 0.5773502691896258421, 0.5773502691896257311, -0.5773502691896257311 ) ) ;
#5375 = ADVANCED_FACE ( 'NONE', ( #276 ), #3661, .T. ) ;
#5376 = VECTOR ( 'NONE', #4298, 1000.000000000000000 ) ;
#5377 = CARTESIAN_POINT ( 'NONE',  ( 50.15567906901740969, -2.367031637243527165, 10.00000000000000000 ) ) ;
#5378 = EDGE_LOOP ( 'NONE', ( #2322, #1273, #4794, #2749 ) ) ;
#5379 = EDGE_LOOP ( 'NONE', ( #3795, #1512, #1778, #2045 ) ) ;
#5380 = VECTOR ( 'NONE', #915, 1000.000000000000000 ) ;
#5381 = AXIS2_PLACEMENT_3D ( 'NONE', #672, #2779, #2226 ) ;
#5382 = CARTESIAN_POINT ( 'NONE',  ( 71.42844382976133488, -48.13817845388538785, 20.01838090617253485 ) ) ;
#5383 = EDGE_LOOP ( 'NONE', ( #1564, #2200, #5559, #6350 ) ) ;
#5384 = CARTESIAN_POINT ( 'NONE',  ( 49.28545308029353578, 0.1497179670640501337, 9.999999999999996447 ) ) ;
#5385 = EDGE_CURVE ( 'NONE', #4920, #4933, #1667, .T. ) ;
#5386 = LINE ( 'NONE', #5872, #4450 ) ;
#5387 = VECTOR ( 'NONE', #5160, 1000.000000000000000 ) ;
#5388 = AXIS2_PLACEMENT_3D ( 'NONE', #4190, #6181, #1735 ) ;
#5389 = DIRECTION ( 'NONE',  ( -0.7092226908915916228, -0.7049845209112679534, 0.000000000000000000 ) ) ;
#5390 = ORIENTED_EDGE ( 'NONE', *, *, #4132, .F. ) ;
#5391 = VECTOR ( 'NONE', #3435, 1000.000000000000000 ) ;
#5392 = CARTESIAN_POINT ( 'NONE',  ( 35.59619915974622728, 3.399999999999999911, 9.400000000000009237 ) ) ;
#5393 = CARTESIAN_POINT ( 'NONE',  ( 60.99999999999997868, -44.85228197649711035, 3.599999999999999201 ) ) ;
#5394 = VECTOR ( 'NONE', #3127, 1000.000000000000000 ) ;
#5395 = DIRECTION ( 'NONE',  ( 0.000000000000000000, 0.000000000000000000, 1.000000000000000000 ) ) ;
#5396 = EDGE_CURVE ( 'NONE', #3248, #3330, #533, .T. ) ;
#5397 = CARTESIAN_POINT ( 'NONE',  ( 66.31952070086401818, -1.625102115043186579, 20.01838090617253485 ) ) ;
#5398 = VERTEX_POINT ( 'NONE', #738 ) ;
#5399 = VECTOR ( 'NONE', #227, 1000.000000000000000 ) ;
#5400 = ORIENTED_EDGE ( 'NONE', *, *, #4208, .T. ) ;
#5401 = EDGE_LOOP ( 'NONE', ( #3531, #6200, #2072, #1332 ) ) ;
#5402 = ORIENTED_EDGE ( 'NONE', *, *, #3408, .T. ) ;
#5403 = EDGE_CURVE ( 'NONE', #6281, #2204, #5237, .T. ) ;
#5404 = CARTESIAN_POINT ( 'NONE',  ( 8.999999999999980460, -55.80000000000038796, 15.60000000000000320 ) ) ;
#5405 = DIRECTION ( 'NONE',  ( 1.000000000000000000, 1.146174137548107039E-17, 0.000000000000000000 ) ) ;
#5406 = VECTOR ( 'NONE', #669, 1000.000000000000000 ) ;
#5407 = CARTESIAN_POINT ( 'NONE',  ( 5.599811284461574168, -47.98597515316583895, 10.00000000000000000 ) ) ;
#5408 = EDGE_CURVE ( 'NONE', #6165, #6282, #3317, .T. ) ;
#5409 = CARTESIAN_POINT ( 'NONE',  ( 71.16692151384302178, -51.58491490983000460, 7.600000000000000533 ) ) ;
#5410 = VECTOR ( 'NONE', #4870, 1000.000000000000000 ) ;
#5411 = ORIENTED_EDGE ( 'NONE', *, *, #3837, .T. ) ;
#5412 = DIRECTION ( 'NONE',  ( -0.7085718570078566314, -0.7056386635215203817, -0.000000000000000000 ) ) ;
#5413 = CARTESIAN_POINT ( 'NONE',  ( 3.888803657608006059, -3.557475234951000598, 12.00000000000000000 ) ) ;
#5414 = AXIS2_PLACEMENT_3D ( 'NONE', #6190, #1315, #2235 ) ;
#5415 = CARTESIAN_POINT ( 'NONE',  ( 0.000000000000000000, 0.000000000000000000, 10.00000000000000000 ) ) ;
#5416 = ORIENTED_EDGE ( 'NONE', *, *, #1114, .F. ) ;
#5417 = EDGE_CURVE ( 'NONE', #665, #3781, #6370, .T. ) ;
#5418 = ORIENTED_EDGE ( 'NONE', *, *, #1981, .T. ) ;
#5419 = LINE ( 'NONE', #3354, #3693 ) ;
#5420 = ORIENTED_EDGE ( 'NONE', *, *, #3927, .F. ) ;
#5421 = CARTESIAN_POINT ( 'NONE',  ( 5.588803657608005793, -3.557475234951000598, 10.00000000000000000 ) ) ;
#5422 = DIRECTION ( 'NONE',  ( 9.324293839476709654E-05, 0.9999999956528771161, 0.000000000000000000 ) ) ;
#5423 = EDGE_CURVE ( 'NONE', #5162, #5468, #4799, .T. ) ;
#5424 = ORIENTED_EDGE ( 'NONE', *, *, #5818, .T. ) ;
#5425 = ORIENTED_EDGE ( 'NONE', *, *, #1017, .F. ) ;
#5426 = CARTESIAN_POINT ( 'NONE',  ( 18.11089738361734192, -1.625102115043588924, 10.00000000000000000 ) ) ;
#5427 = DIRECTION ( 'NONE',  ( 0.0001978291858416198769, 0.9999999804318063790, -0.000000000000000000 ) ) ;
#5428 = DIRECTION ( 'NONE',  ( -0.000000000000000000, -0.000000000000000000, 1.000000000000000000 ) ) ;
#5429 = PLANE ( 'NONE',  #5486 ) ;
#5430 = ORIENTED_EDGE ( 'NONE', *, *, #3730, .F. ) ;
#5431 = VERTEX_POINT ( 'NONE', #1869 ) ;
#5432 = CARTESIAN_POINT ( 'NONE',  ( 36.39617454189257728, -2.248506803701357804, 9.400000000000009237 ) ) ;
#5433 = DIRECTION ( 'NONE',  ( 0.7071067811865475727, -0.7071067811865475727, 0.000000000000000000 ) ) ;
#5434 = PLANE ( 'NONE',  #4006 ) ;
#5435 = CARTESIAN_POINT ( 'NONE',  ( 78.39999999999996305, -55.33725830020304670, 16.00000000000000000 ) ) ;
#5436 = VERTEX_POINT ( 'NONE', #5888 ) ;
#5437 = CARTESIAN_POINT ( 'NONE',  ( 27.99999999999998224, -44.85228197649757931, 4.999999999999997335 ) ) ;
#5438 = DIRECTION ( 'NONE',  ( 1.000000000000000000, 0.000000000000000000, 0.000000000000000000 ) ) ;
#5439 = LINE ( 'NONE', #5377, #3512 ) ;
#5440 = EDGE_CURVE ( 'NONE', #4424, #3172, #2346, .T. ) ;
#5441 = ORIENTED_EDGE ( 'NONE', *, *, #4916, .T. ) ;
#5442 = ORIENTED_EDGE ( 'NONE', *, *, #2238, .F. ) ;
#5443 = EDGE_CURVE ( 'NONE', #5830, #4088, #3412, .T. ) ;
#5444 = CARTESIAN_POINT ( 'NONE',  ( 73.82846663808358301, -45.86976616585294408, 16.00000000000000000 ) ) ;
#5445 = ORIENTED_EDGE ( 'NONE', *, *, #1519, .F. ) ;
#5446 = DIRECTION ( 'NONE',  ( -1.000000000000000000, -1.146174137548107039E-17, 0.000000000000000000 ) ) ;
#5447 = DIRECTION ( 'NONE',  ( 0.000000000000000000, 0.000000000000000000, -1.000000000000000000 ) ) ;
#5448 = CARTESIAN_POINT ( 'NONE',  ( -3.400000000000016342, -48.38597515316583753, 16.00000000000000000 ) ) ;
#5449 = EDGE_LOOP ( 'NONE', ( #1157, #5777, #1691, #307, #4930, #563 ) ) ;
#5450 = DIRECTION ( 'NONE',  ( -0.000000000000000000, -0.000000000000000000, 1.000000000000000000 ) ) ;
#5451 = CARTESIAN_POINT ( 'NONE',  ( 38.99999999999998579, -8.852281976497424765, -42.42640687119285303 ) ) ;
#5452 = DIRECTION ( 'NONE',  ( -0.7071067811865530128, 0.7071067811865421326, 0.000000000000000000 ) ) ;
#5453 = FACE_OUTER_BOUND ( 'NONE', #4779, .T. ) ;
#5454 = EDGE_CURVE ( 'NONE', #4813, #225, #372, .T. ) ;
#5455 = ORIENTED_EDGE ( 'NONE', *, *, #5270, .T. ) ;
#5456 = CARTESIAN_POINT ( 'NONE',  ( 17.50100763068020271, -1.015212362106447053, 10.00000000000000000 ) ) ;
#5457 = PLANE ( 'NONE',  #620 ) ;
#5458 = LINE ( 'NONE', #1018, #1333 ) ;
#5459 = EDGE_CURVE ( 'NONE', #5673, #6099, #431, .T. ) ;
#5460 = EDGE_LOOP ( 'NONE', ( #966, #806, #3273, #5180 ) ) ;
#5461 = CARTESIAN_POINT ( 'NONE',  ( 73.82846663808356880, -45.86976616585295119, 15.60000000000000320 ) ) ;
#5462 = AXIS2_PLACEMENT_3D ( 'NONE', #5828, #4709, #4133 ) ;
#5463 = CYLINDRICAL_SURFACE ( 'NONE', #831, 1.700000000000000178 ) ;
#5464 = CARTESIAN_POINT ( 'NONE',  ( 38.99999999999997868, -8.852281976497424765, 5.000000000000000000 ) ) ;
#5465 = EDGE_CURVE ( 'NONE', #1136, #2450, #896, .T. ) ;
#5466 = VECTOR ( 'NONE', #6175, 1000.000000000000000 ) ;
#5467 = ORIENTED_EDGE ( 'NONE', *, *, #1466, .F. ) ;
#5468 = VERTEX_POINT ( 'NONE', #5825 ) ;
#5469 = CARTESIAN_POINT ( 'NONE',  ( 44.99999999999998579, -8.852281976497424765, -42.42640687119285303 ) ) ;
#5470 = DIRECTION ( 'NONE',  ( 0.000000000000000000, 0.000000000000000000, -1.000000000000000000 ) ) ;
#5471 = VECTOR ( 'NONE', #2012, 1000.000000000000000 ) ;
#5472 = EDGE_LOOP ( 'NONE', ( #3676, #4646, #3932, #3136 ) ) ;
#5473 = LINE ( 'NONE', #5992, #4743 ) ;
#5474 = LINE ( 'NONE', #3602, #4754 ) ;
#5475 = VECTOR ( 'NONE', #4987, 1000.000000000000000 ) ;
#5476 = AXIS2_PLACEMENT_3D ( 'NONE', #6255, #3863, #5757 ) ;
#5477 = CARTESIAN_POINT ( 'NONE',  ( 7.596199159746238827, -1.625102115043496331, 10.00000000000000000 ) ) ;
#5478 = VERTEX_POINT ( 'NONE', #4386 ) ;
#5479 = DIRECTION ( 'NONE',  ( 0.0001978291858416198769, 0.9999999804318063790, -0.000000000000000000 ) ) ;
#5480 = EDGE_CURVE ( 'NONE', #843, #3330, #5369, .T. ) ;
#5481 = LINE ( 'NONE', #68, #5894 ) ;
#5482 = LINE ( 'NONE', #3023, #3489 ) ;
#5483 = AXIS2_PLACEMENT_3D ( 'NONE', #2580, #4542, #5560 ) ;
#5484 = VECTOR ( 'NONE', #6050, 1000.000000000000000 ) ;
#5485 = DIRECTION ( 'NONE',  ( 0.000000000000000000, 1.000000000000000000, 0.000000000000000000 ) ) ;
#5486 = AXIS2_PLACEMENT_3D ( 'NONE', #1988, #3913, #1923 ) ;
#5487 = ADVANCED_FACE ( 'NONE', ( #2814 ), #4832, .T. ) ;
#5488 = ORIENTED_EDGE ( 'NONE', *, *, #469, .T. ) ;
#5489 = EDGE_CURVE ( 'NONE', #5662, #1441, #1376, .T. ) ;
#5490 = LINE ( 'NONE', #1050, #6298 ) ;
#5491 = EDGE_CURVE ( 'NONE', #5746, #1351, #868, .T. ) ;
#5492 = DIRECTION ( 'NONE',  ( -0.7071067811865440200, 0.7071067811865511255, -0.000000000000000000 ) ) ;
#5493 = CARTESIAN_POINT ( 'NONE',  ( -0.000000000000000000, -58.40000000000000568, 3.600000000000000533 ) ) ;
#5494 = VECTOR ( 'NONE', #1679, 1000.000000000000000 ) ;
#5495 = AXIS2_PLACEMENT_3D ( 'NONE', #4561, #4003, #5580 ) ;
#5496 = EDGE_CURVE ( 'NONE', #6021, #1681, #1830, .T. ) ;
#5497 = ORIENTED_EDGE ( 'NONE', *, *, #3783, .T. ) ;
#5498 = VECTOR ( 'NONE', #3692, 1000.000000000000000 ) ;
#5499 = DIRECTION ( 'NONE',  ( 0.7071067811865475727, -0.000000000000000000, 0.7071067811865475727 ) ) ;
#5500 = CARTESIAN_POINT ( 'NONE',  ( 72.86692151384301042, -3.557475234951000598, 7.600000000000000533 ) ) ;
#5501 = LINE ( 'NONE', #80, #2294 ) ;
#5502 = VECTOR ( 'NONE', #4035, 1000.000000000000000 ) ;
#5503 = ORIENTED_EDGE ( 'NONE', *, *, #2567, .F. ) ;
#5504 = VERTEX_POINT ( 'NONE', #3442 ) ;
#5505 = LINE ( 'NONE', #6332, #5077 ) ;
#5506 = AXIS2_PLACEMENT_3D ( 'NONE', #2623, #4135, #5080 ) ;
#5507 = DIRECTION ( 'NONE',  ( 9.324293839476709654E-05, 0.9999999956528771161, 0.000000000000000000 ) ) ;
#5508 = ORIENTED_EDGE ( 'NONE', *, *, #4313, .T. ) ;
#5509 = FACE_OUTER_BOUND ( 'NONE', #1503, .T. ) ;
#5510 = LINE ( 'NONE', #4127, #3213 ) ;
#5511 = EDGE_CURVE ( 'NONE', #6253, #5059, #2381, .T. ) ;
#5512 = LINE ( 'NONE', #5477, #5555 ) ;
#5513 = VERTEX_POINT ( 'NONE', #2909 ) ;
#5514 = LINE ( 'NONE', #3609, #5826 ) ;
#5515 = CARTESIAN_POINT ( 'NONE',  ( 5.596199159746196194, 0.7747091694186870603, 11.99999999999999645 ) ) ;
#5516 = CARTESIAN_POINT ( 'NONE',  ( 0.000000000000000000, -58.40000000000000568, 15.60000000000000320 ) ) ;
#5517 = CARTESIAN_POINT ( 'NONE',  ( -0.000000000000000000, -47.98597515316583895, 12.00000000000000000 ) ) ;
#5518 = EDGE_CURVE ( 'NONE', #3422, #1977, #5785, .T. ) ;
#5519 = ORIENTED_EDGE ( 'NONE', *, *, #4132, .T. ) ;
#5520 = CARTESIAN_POINT ( 'NONE',  ( 16.99999999999998224, -8.852281976497732074, 5.000000000000000000 ) ) ;
#5521 = CARTESIAN_POINT ( 'NONE',  ( 8.999999999999982236, -8.852281976497886617, 3.599999999999999201 ) ) ;
#5522 = LINE ( 'NONE', #588, #835 ) ;
#5523 = EDGE_CURVE ( 'NONE', #2409, #1162, #439, .T. ) ;
#5524 = EDGE_CURVE ( 'NONE', #5725, #5233, #1960, .T. ) ;
#5525 = EDGE_LOOP ( 'NONE', ( #3766, #824, #4353, #1707 ) ) ;
#5526 = CARTESIAN_POINT ( 'NONE',  ( -0.8941421356243421936, -1.780627693679905033, 9.999999999999996447 ) ) ;
#5527 = DIRECTION ( 'NONE',  ( 8.104675050809092985E-18, -0.7071067811865475727, -0.7071067811865475727 ) ) ;
#5528 = FACE_OUTER_BOUND ( 'NONE', #136, .T. ) ;
#5529 = VERTEX_POINT ( 'NONE', #345 ) ;
#5530 = LINE ( 'NONE', #2546, #4871 ) ;
#5531 = DIRECTION ( 'NONE',  ( -1.000000000000000000, 0.000000000000000000, 0.000000000000000000 ) ) ;
#5532 = ORIENTED_EDGE ( 'NONE', *, *, #3797, .F. ) ;
#5533 = DIRECTION ( 'NONE',  ( -1.927470528863119542E-16, 1.000000000000000000, 0.000000000000000000 ) ) ;
#5534 = FACE_OUTER_BOUND ( 'NONE', #272, .T. ) ;
#5535 = ADVANCED_FACE ( 'NONE', ( #2319 ), #4287, .F. ) ;
#5536 = ORIENTED_EDGE ( 'NONE', *, *, #4019, .F. ) ;
#5537 = CARTESIAN_POINT ( 'NONE',  ( 12.79180799628875498, -54.61347186705796730, 9.199999999999999289 ) ) ;
#5538 = ORIENTED_EDGE ( 'NONE', *, *, #2028, .F. ) ;
#5539 = DIRECTION ( 'NONE',  ( -0.7071067811865425767, 0.7071067811865525687, -0.000000000000000000 ) ) ;
#5540 = DIRECTION ( 'NONE',  ( -1.000000000000000000, 0.000000000000000000, -0.000000000000000000 ) ) ;
#5541 = CARTESIAN_POINT ( 'NONE',  ( 7.014024846834670868, -49.40018871553893121, 10.00000000000000000 ) ) ;
#5542 = LINE ( 'NONE', #4554, #3710 ) ;
#5543 = LINE ( 'NONE', #1169, #2394 ) ;
#5544 = ORIENTED_EDGE ( 'NONE', *, *, #1153, .F. ) ;
#5545 = FACE_OUTER_BOUND ( 'NONE', #2487, .T. ) ;
#5546 = DIRECTION ( 'NONE',  ( 9.324293838041398095E-05, 0.9999999956528771161, 0.000000000000000000 ) ) ;
#5547 = FACE_OUTER_BOUND ( 'NONE', #1871, .T. ) ;
#5548 = DIRECTION ( 'NONE',  ( 2.409338161078898687E-16, -1.000000000000000000, 0.000000000000000000 ) ) ;
#5549 = VERTEX_POINT ( 'NONE', #1135 ) ;
#5550 = DIRECTION ( 'NONE',  ( 0.3806899045493902234, -0.9247027612017690856, -2.005027861090600747E-15 ) ) ;
#5551 = CARTESIAN_POINT ( 'NONE',  ( 50.70311946457120911, -58.40000000000000568, 9.199999999999999289 ) ) ;
#5552 = EDGE_CURVE ( 'NONE', #5293, #6020, #4614, .T. ) ;
#5553 = ORIENTED_EDGE ( 'NONE', *, *, #1764, .T. ) ;
#5554 = PLANE ( 'NONE',  #5188 ) ;
#5555 = VECTOR ( 'NONE', #4516, 1000.000000000000000 ) ;
#5556 = ORIENTED_EDGE ( 'NONE', *, *, #4292, .T. ) ;
#5557 = DIRECTION ( 'NONE',  ( 0.7071067811867252084, -0.7071067811863699371, 0.000000000000000000 ) ) ;
#5558 = LINE ( 'NONE', #1479, #5794 ) ;
#5559 = ORIENTED_EDGE ( 'NONE', *, *, #2960, .F. ) ;
#5560 = DIRECTION ( 'NONE',  ( 0.000000000000000000, 0.000000000000000000, -1.000000000000000000 ) ) ;
#5561 = VECTOR ( 'NONE', #4282, 1000.000000000000114 ) ;
#5562 = DIRECTION ( 'NONE',  ( -0.000000000000000000, -0.000000000000000000, -1.000000000000000000 ) ) ;
#5563 = ORIENTED_EDGE ( 'NONE', *, *, #4292, .F. ) ;
#5564 = ORIENTED_EDGE ( 'NONE', *, *, #1911, .F. ) ;
#5565 = VECTOR ( 'NONE', #4689, 1000.000000000000000 ) ;
#5566 = DIRECTION ( 'NONE',  ( -0.5773502691896257311, -0.5773502691896257311, 0.5773502691896257311 ) ) ;
#5567 = ORIENTED_EDGE ( 'NONE', *, *, #792, .T. ) ;
#5568 = DIRECTION ( 'NONE',  ( -1.146174137548107193E-17, 1.000000000000000000, 0.000000000000000000 ) ) ;
#5569 = DIRECTION ( 'NONE',  ( 0.2810846377147387387, -0.6785983445458623198, -0.6785983445458656504 ) ) ;
#5570 = CARTESIAN_POINT ( 'NONE',  ( 66.71952070086400965, 2.940394594368135994, 16.00000000000000000 ) ) ;
#5571 = CARTESIAN_POINT ( 'NONE',  ( -0.7999999999999742872, -53.47194235751546643, 11.99999999999999645 ) ) ;
#5572 = CARTESIAN_POINT ( 'NONE',  ( -0.8000000000014093615, -4.312601124913160611, 9.999999999999996447 ) ) ;
#5573 = VECTOR ( 'NONE', #752, 1000.000000000000000 ) ;
#5574 = VERTEX_POINT ( 'NONE', #4065 ) ;
#5575 = VECTOR ( 'NONE', #4405, 999.9999999999998863 ) ;
#5576 = CARTESIAN_POINT ( 'NONE',  ( 73.82834173625568042, -47.20929738934638209, 9.999999999999996447 ) ) ;
#5577 = PLANE ( 'NONE',  #4104 ) ;
#5578 = VECTOR ( 'NONE', #5695, 1000.000000000000000 ) ;
#5579 = EDGE_CURVE ( 'NONE', #1258, #2670, #3613, .T. ) ;
#5580 = DIRECTION ( 'NONE',  ( 0.7071067811865500152, 0.7071067811865451302, 0.000000000000000000 ) ) ;
#5581 = DIRECTION ( 'NONE',  ( 1.000000000000000000, 0.000000000000000000, 0.000000000000000000 ) ) ;
#5582 = AXIS2_PLACEMENT_3D ( 'NONE', #3141, #513, #3042 ) ;
#5583 = VECTOR ( 'NONE', #4997, 1000.000000000000000 ) ;
#5584 = EDGE_CURVE ( 'NONE', #1720, #3648, #5923, .T. ) ;
#5585 = ORIENTED_EDGE ( 'NONE', *, *, #5747, .T. ) ;
#5586 = ORIENTED_EDGE ( 'NONE', *, *, #5298, .F. ) ;
#5587 = DIRECTION ( 'NONE',  ( -0.000000000000000000, -0.000000000000000000, -1.000000000000000000 ) ) ;
#5588 = ORIENTED_EDGE ( 'NONE', *, *, #2013, .T. ) ;
#5589 = PLANE ( 'NONE',  #3501 ) ;
#5590 = CIRCLE ( 'NONE', #1867, 1.700000000000000178 ) ;
#5591 = VECTOR ( 'NONE', #923, 1000.000000000000000 ) ;
#5592 = DIRECTION ( 'NONE',  ( 0.9999999660829421710, -0.0002604498311030193584, 0.000000000000000000 ) ) ;
#5593 = AXIS2_PLACEMENT_3D ( 'NONE', #850, #3712, #292 ) ;
#5594 = ADVANCED_FACE ( 'NONE', ( #1198 ), #2657, .F. ) ;
#5595 = ORIENTED_EDGE ( 'NONE', *, *, #1598, .T. ) ;
#5596 = CARTESIAN_POINT ( 'NONE',  ( 17.50100763068020271, -1.015212362106447053, 10.00000000000000000 ) ) ;
#5597 = CARTESIAN_POINT ( 'NONE',  ( 35.39619915974623154, 0.3514275851795233829, 9.799999999999993605 ) ) ;
#5598 = ORIENTED_EDGE ( 'NONE', *, *, #5690, .F. ) ;
#5599 = DIRECTION ( 'NONE',  ( 1.000000000000000000, 0.000000000000000000, 0.000000000000000000 ) ) ;
#5600 = VECTOR ( 'NONE', #5832, 1000.000000000000000 ) ;
#5601 = CARTESIAN_POINT ( 'NONE',  ( 8.999999999999980460, -55.80000000000038796, 9.199999999999999289 ) ) ;
#5602 = EDGE_LOOP ( 'NONE', ( #5986, #31, #5371, #5330 ) ) ;
#5603 = AXIS2_PLACEMENT_3D ( 'NONE', #5325, #3472, #5002 ) ;
#5604 = FACE_OUTER_BOUND ( 'NONE', #1126, .T. ) ;
#5605 = EDGE_LOOP ( 'NONE', ( #3830, #3124 ) ) ;
#5606 = DIRECTION ( 'NONE',  ( -0.000000000000000000, 1.000000000000000000, -0.000000000000000000 ) ) ;
#5607 = PLANE ( 'NONE',  #5047 ) ;
#5608 = DIRECTION ( 'NONE',  ( 0.000000000000000000, 0.000000000000000000, -1.000000000000000000 ) ) ;
#5609 = CARTESIAN_POINT ( 'NONE',  ( 71.16692151384302178, -51.58491490983000460, 7.600000000000000533 ) ) ;
#5610 = VECTOR ( 'NONE', #4788, 1000.000000000000114 ) ;
#5611 = CARTESIAN_POINT ( 'NONE',  ( 60.99999999999997868, -8.852281976497117455, 3.599999999999999201 ) ) ;
#5612 = EDGE_CURVE ( 'NONE', #568, #512, #5543, .T. ) ;
#5613 = ORIENTED_EDGE ( 'NONE', *, *, #4641, .T. ) ;
#5614 = EDGE_CURVE ( 'NONE', #1606, #950, #196, .T. ) ;
#5615 = ORIENTED_EDGE ( 'NONE', *, *, #5037, .T. ) ;
#5616 = DIRECTION ( 'NONE',  ( 0.000000000000000000, 0.000000000000000000, 1.000000000000000000 ) ) ;
#5617 = DIRECTION ( 'NONE',  ( 0.7071067811865455743, 0.7071067811865495711, 0.000000000000000000 ) ) ;
#5618 = FACE_OUTER_BOUND ( 'NONE', #5987, .T. ) ;
#5619 = DIRECTION ( 'NONE',  ( -0.000000000000000000, -0.000000000000000000, -1.000000000000000000 ) ) ;
#5620 = ORIENTED_EDGE ( 'NONE', *, *, #2638, .F. ) ;
#5621 = ORIENTED_EDGE ( 'NONE', *, *, #556, .F. ) ;
#5622 = ORIENTED_EDGE ( 'NONE', *, *, #2610, .F. ) ;
#5623 = DIRECTION ( 'NONE',  ( -0.000000000000000000, -0.000000000000000000, -1.000000000000000000 ) ) ;
#5624 = CARTESIAN_POINT ( 'NONE',  ( 78.39999999999999147, -8.737699060429038767, 12.00000000000000000 ) ) ;
#5625 = DIRECTION ( 'NONE',  ( -0.3815939868317709260, 0.9243300434443502134, -2.004086406911322851E-15 ) ) ;
#5626 = ORIENTED_EDGE ( 'NONE', *, *, #2502, .T. ) ;
#5627 = ADVANCED_FACE ( 'NONE', ( #2177 ), #4140, .T. ) ;
#5628 = ORIENTED_EDGE ( 'NONE', *, *, #4174, .F. ) ;
#5629 = FACE_OUTER_BOUND ( 'NONE', #5379, .T. ) ;
#5630 = CARTESIAN_POINT ( 'NONE',  ( 66.99999999999997158, -44.85228197649711035, 3.599999999999999201 ) ) ;
#5631 = ORIENTED_EDGE ( 'NONE', *, *, #5523, .F. ) ;
#5632 = ORIENTED_EDGE ( 'NONE', *, *, #3085, .T. ) ;
#5633 = DIRECTION ( 'NONE',  ( -0.7071067811865483499, -0.7071067811865466846, 0.000000000000000000 ) ) ;
#5634 = EDGE_CURVE ( 'NONE', #3585, #2829, #1650, .T. ) ;
#5635 = DIRECTION ( 'NONE',  ( 0.000000000000000000, -1.000000000000000000, 0.000000000000000000 ) ) ;
#5636 = ORIENTED_EDGE ( 'NONE', *, *, #5491, .F. ) ;
#5637 = ORIENTED_EDGE ( 'NONE', *, *, #4111, .T. ) ;
#5638 = DIRECTION ( 'NONE',  ( -0.7071067811865475727, 0.000000000000000000, 0.7071067811865475727 ) ) ;
#5639 = CARTESIAN_POINT ( 'NONE',  ( -0.7999999999999742872, -29.61728517063269805, 11.99999999999999645 ) ) ;
#5640 = DIRECTION ( 'NONE',  ( -0.9999999924245159821, 0.0001230892683154107155, 0.000000000000000000 ) ) ;
#5641 = CARTESIAN_POINT ( 'NONE',  ( 12.79180799628875498, -54.61347186705797441, -13.91866057222030229 ) ) ;
#5642 = EDGE_CURVE ( 'NONE', #4044, #1100, #2473, .T. ) ;
#5643 = LINE ( 'NONE', #1167, #4341 ) ;
#5644 = LINE ( 'NONE', #1688, #1989 ) ;
#5645 = VERTEX_POINT ( 'NONE', #3574 ) ;
#5646 = CYLINDRICAL_SURFACE ( 'NONE', #2713, 1.700000000000000178 ) ;
#5647 = DIRECTION ( 'NONE',  ( 0.000000000000000000, 0.000000000000000000, -1.000000000000000000 ) ) ;
#5648 = CARTESIAN_POINT ( 'NONE',  ( 55.99999999999997868, -8.852281976497271998, -42.42640687119285303 ) ) ;
#5649 = EDGE_CURVE ( 'NONE', #1371, #4424, #2627, .T. ) ;
#5650 = CARTESIAN_POINT ( 'NONE',  ( 11.99999999999998046, -8.852281976497886617, 3.599999999999999201 ) ) ;
#5651 = ORIENTED_EDGE ( 'NONE', *, *, #5523, .T. ) ;
#5652 = ORIENTED_EDGE ( 'NONE', *, *, #4019, .T. ) ;
#5653 = VERTEX_POINT ( 'NONE', #2080 ) ;
#5654 = DIRECTION ( 'NONE',  ( 0.000000000000000000, -0.000000000000000000, -1.000000000000000000 ) ) ;
#5655 = LINE ( 'NONE', #1084, #4440 ) ;
#5656 = EDGE_CURVE ( 'NONE', #5293, #755, #5644, .T. ) ;
#5657 = CARTESIAN_POINT ( 'NONE',  ( 41.99999999999998579, -44.85228197649742299, 5.000000000000000000 ) ) ;
#5658 = EDGE_LOOP ( 'NONE', ( #4260, #1040 ) ) ;
#5659 = DIRECTION ( 'NONE',  ( -0.000000000000000000, -0.000000000000000000, -1.000000000000000000 ) ) ;
#5660 = FACE_OUTER_BOUND ( 'NONE', #4367, .T. ) ;
#5661 = VERTEX_POINT ( 'NONE', #135 ) ;
#5662 = VERTEX_POINT ( 'NONE', #2138 ) ;
#5663 = DIRECTION ( 'NONE',  ( 0.000000000000000000, -0.000000000000000000, 1.000000000000000000 ) ) ;
#5664 = EDGE_LOOP ( 'NONE', ( #5567, #3470, #3561, #6402 ) ) ;
#5665 = DIRECTION ( 'NONE',  ( -0.000000000000000000, 0.000000000000000000, 1.000000000000000000 ) ) ;
#5666 = LINE ( 'NONE', #1223, #2303 ) ;
#5667 = LINE ( 'NONE', #1224, #301 ) ;
#5668 = COLOUR_RGB ( '',0.7921568627450980005, 0.8196078431372548767, 0.9333333333333333481 ) ;
#5669 = FACE_BOUND ( 'NONE', #5890, .T. ) ;
#5670 = CARTESIAN_POINT ( 'NONE',  ( 0.000000000000000000, -55.80000000000088534, -13.91866057222030229 ) ) ;
#5671 = ORIENTED_EDGE ( 'NONE', *, *, #1680, .F. ) ;
#5672 = VECTOR ( 'NONE', #3918, 1000.000000000000114 ) ;
#5673 = VERTEX_POINT ( 'NONE', #6096 ) ;
#5674 = LINE ( 'NONE', #3180, #2820 ) ;
#5675 = LINE ( 'NONE', #3301, #394 ) ;
#5676 = DIRECTION ( 'NONE',  ( -1.927470528863119049E-16, 1.000000000000000000, 0.000000000000000000 ) ) ;
#5677 = VECTOR ( 'NONE', #712, 1000.000000000000000 ) ;
#5678 = PLANE ( 'NONE',  #2481 ) ;
#5679 = EDGE_CURVE ( 'NONE', #890, #1737, #3152, .T. ) ;
#5680 = VERTEX_POINT ( 'NONE', #3647 ) ;
#5681 = VECTOR ( 'NONE', #4652, 1000.000000000000000 ) ;
#5682 = EDGE_CURVE ( 'NONE', #1162, #2881, #992, .T. ) ;
#5683 = ORIENTED_EDGE ( 'NONE', *, *, #1789, .T. ) ;
#5684 = ORIENTED_EDGE ( 'NONE', *, *, #3523, .F. ) ;
#5685 = DIRECTION ( 'NONE',  ( 1.000000000000000000, 0.000000000000000000, 0.000000000000000000 ) ) ;
#5686 = PLANE ( 'NONE',  #1138 ) ;
#5687 = VECTOR ( 'NONE', #2472, 1000.000000000000000 ) ;
#5688 = CIRCLE ( 'NONE', #4635, 1.699999999999993072 ) ;
#5689 = CARTESIAN_POINT ( 'NONE',  ( 63.99999999999997158, -8.852281976497117455, 3.599999999999999201 ) ) ;
#5690 = EDGE_CURVE ( 'NONE', #2201, #5732, #5844, .T. ) ;
#5691 = ORIENTED_EDGE ( 'NONE', *, *, #737, .F. ) ;
#5692 = AXIS2_PLACEMENT_3D ( 'NONE', #4621, #205, #4071 ) ;
#5693 = AXIS2_PLACEMENT_3D ( 'NONE', #4923, #4958, #1523 ) ;
#5694 = CARTESIAN_POINT ( 'NONE',  ( 3.888803657608006059, -51.58491490983000460, 12.00000000000000000 ) ) ;
#5695 = DIRECTION ( 'NONE',  ( 0.6785983445458305674, -0.2810846377149119890, -0.6785983445458254604 ) ) ;
#5696 = ORIENTED_EDGE ( 'NONE', *, *, #6010, .T. ) ;
#5697 = ORIENTED_EDGE ( 'NONE', *, *, #2028, .T. ) ;
#5698 = LINE ( 'NONE', #747, #3715 ) ;
#5699 = AXIS2_PLACEMENT_3D ( 'NONE', #91, #4024, #6027 ) ;
#5700 = ORIENTED_EDGE ( 'NONE', *, *, #2098, .T. ) ;
#5701 = ORIENTED_EDGE ( 'NONE', *, *, #5679, .T. ) ;
#5702 = DIRECTION ( 'NONE',  ( -0.000000000000000000, -0.7071067811865475727, 0.7071067811865475727 ) ) ;
#5703 = VECTOR ( 'NONE', #2609, 1000.000000000000114 ) ;
#5704 = DIRECTION ( 'NONE',  ( -0.000000000000000000, 0.7071067811865475727, 0.7071067811865475727 ) ) ;
#5705 = CARTESIAN_POINT ( 'NONE',  ( 78.00000000000000000, -1.944278127781054311E-14, 16.00000000000000000 ) ) ;
#5706 = CARTESIAN_POINT ( 'NONE',  ( 75.77474980949904193, -49.16096590200427841, 9.999999999999996447 ) ) ;
#5707 = CARTESIAN_POINT ( 'NONE',  ( 1.661194727475413746, 0.7747091694185728183, 9.999999999999996447 ) ) ;
#5708 = ORIENTED_EDGE ( 'NONE', *, *, #2567, .T. ) ;
#5709 = AXIS2_PLACEMENT_3D ( 'NONE', #5958, #4818, #3848 ) ;
#5710 = ORIENTED_EDGE ( 'NONE', *, *, #5337, .T. ) ;
#5711 = CARTESIAN_POINT ( 'NONE',  ( 66.31952070086401818, -1.625102115043186579, 5.000000000000000000 ) ) ;
#5712 = DIRECTION ( 'NONE',  ( -0.7085718570078566314, -0.7056386635215203817, -0.000000000000000000 ) ) ;
#5713 = FACE_OUTER_BOUND ( 'NONE', #2944, .T. ) ;
#5714 = VECTOR ( 'NONE', #3239, 1000.000000000000114 ) ;
#5715 = DIRECTION ( 'NONE',  ( 0.000000000000000000, -1.000000000000000000, 0.000000000000000000 ) ) ;
#5716 = EDGE_CURVE ( 'NONE', #4718, #1284, #3225, .T. ) ;
#5717 = EDGE_LOOP ( 'NONE', ( #5684, #1435, #4389, #3668 ) ) ;
#5718 = ORIENTED_EDGE ( 'NONE', *, *, #5972, .T. ) ;
#5719 = ORIENTED_EDGE ( 'NONE', *, *, #4622, .F. ) ;
#5720 = CARTESIAN_POINT ( 'NONE',  ( 71.16692151384302178, -3.557475234951000598, 10.00000000000000000 ) ) ;
#5721 = DIRECTION ( 'NONE',  ( 1.000000000000000000, 0.000000000000000000, 0.000000000000000000 ) ) ;
#5722 = ADVANCED_FACE ( 'NONE', ( #2029 ), #389, .T. ) ;
#5723 = EDGE_CURVE ( 'NONE', #5746, #3931, #4483, .T. ) ;
#5724 = DIRECTION ( 'NONE',  ( 1.000000000000000000, 0.000000000000000000, 0.000000000000000000 ) ) ;
#5725 = VERTEX_POINT ( 'NONE', #2366 ) ;
#5726 = CARTESIAN_POINT ( 'NONE',  ( 0.000000000000000000, 0.000000000000000000, 10.00000000000000000 ) ) ;
#5727 = DIRECTION ( 'NONE',  ( 1.927470528863118802E-16, -1.000000000000000000, 0.000000000000000000 ) ) ;
#5728 = EDGE_CURVE ( 'NONE', #3080, #3757, #4507, .T. ) ;
#5729 = ORIENTED_EDGE ( 'NONE', *, *, #1015, .F. ) ;
#5730 = EDGE_CURVE ( 'NONE', #1608, #2422, #2003, .T. ) ;
#5731 = PLANE ( 'NONE',  #4537 ) ;
#5732 = VERTEX_POINT ( 'NONE', #4935 ) ;
#5733 = ORIENTED_EDGE ( 'NONE', *, *, #1230, .T. ) ;
#5734 = SHAPE_DEFINITION_REPRESENTATION ( #2846, #1081 ) ;
#5735 = DIRECTION ( 'NONE',  ( -0.000000000000000000, -0.000000000000000000, 1.000000000000000000 ) ) ;
#5736 = CARTESIAN_POINT ( 'NONE',  ( 36.79619915974622302, 3.399999999999999911, 12.00000000000000000 ) ) ;
#5737 = CARTESIAN_POINT ( 'NONE',  ( -2.799999999999974953, -47.98597515316583895, 16.00000000000000000 ) ) ;
#5738 = ORIENTED_EDGE ( 'NONE', *, *, #764, .F. ) ;
#5739 = CARTESIAN_POINT ( 'NONE',  ( 76.17474980949853602, -6.035541365997993957, 16.00000000000000000 ) ) ;
#5740 = DIRECTION ( 'NONE',  ( 0.000000000000000000, 0.000000000000000000, -1.000000000000000000 ) ) ;
#5741 = ORIENTED_EDGE ( 'NONE', *, *, #580, .F. ) ;
#5742 = DIRECTION ( 'NONE',  ( -0.5773502691896251759, -0.5773502691896266192, 0.5773502691896253980 ) ) ;
#5743 = DIRECTION ( 'NONE',  ( 0.7071067811865496822, -0.7071067811865453523, 0.000000000000000000 ) ) ;
#5744 = EDGE_LOOP ( 'NONE', ( #375, #1450, #333, #5096 ) ) ;
#5745 = VERTEX_POINT ( 'NONE', #3507 ) ;
#5746 = VERTEX_POINT ( 'NONE', #4305 ) ;
#5747 = EDGE_CURVE ( 'NONE', #1162, #5957, #5530, .T. ) ;
#5748 = DIRECTION ( 'NONE',  ( -0.7061519002946815560, 0.7080603743397946293, 0.000000000000000000 ) ) ;
#5749 = DIRECTION ( 'NONE',  ( 0.000000000000000000, -1.000000000000000000, 0.000000000000000000 ) ) ;
#5750 = ADVANCED_FACE ( 'NONE', ( #3039 ), #4343, .T. ) ;
#5751 = LINE ( 'NONE', #3858, #508 ) ;
#5752 = CARTESIAN_POINT ( 'NONE',  ( 35.19621556962892583, 0.1514439950622117337, 9.999983590117306420 ) ) ;
#5753 = VERTEX_POINT ( 'NONE', #85 ) ;
#5754 = EDGE_CURVE ( 'NONE', #3694, #1689, #5505, .T. ) ;
#5755 = CARTESIAN_POINT ( 'NONE',  ( 71.16692151384302178, -51.58491490983000460, 12.00000000000000000 ) ) ;
#5756 = VERTEX_POINT ( 'NONE', #3813 ) ;
#5757 = DIRECTION ( 'NONE',  ( 0.000000000000000000, 0.000000000000000000, -1.000000000000000000 ) ) ;
#5758 = EDGE_LOOP ( 'NONE', ( #4600, #1577, #1289, #5234 ) ) ;
#5759 = CARTESIAN_POINT ( 'NONE',  ( 50.27347893229741516, -2.250214950957903692, 10.00000000000000000 ) ) ;
#5760 = EDGE_LOOP ( 'NONE', ( #639, #3405, #1622, #5243 ) ) ;
#5761 = EDGE_CURVE ( 'NONE', #5788, #4564, #2087, .T. ) ;
#5762 = ORIENTED_EDGE ( 'NONE', *, *, #6158, .T. ) ;
#5763 = DIRECTION ( 'NONE',  ( 1.000000000000000000, 0.000000000000000000, 0.000000000000000000 ) ) ;
#5764 = PLANE ( 'NONE',  #1221 ) ;
#5765 = VERTEX_POINT ( 'NONE', #33 ) ;
#5766 = DIRECTION ( 'NONE',  ( 0.000000000000000000, 0.000000000000000000, 1.000000000000000000 ) ) ;
#5767 = CARTESIAN_POINT ( 'NONE',  ( 85.50532432796819649, -45.13811999421121612, 25.33057451846914532 ) ) ;
#5768 = ADVANCED_FACE ( 'NONE', ( #1891 ), #362, .F. ) ;
#5769 = VECTOR ( 'NONE', #5412, 1000.000000000000114 ) ;
#5770 = ADVANCED_FACE ( 'NONE', ( #5811 ), #6022, .F. ) ;
#5771 = ORIENTED_EDGE ( 'NONE', *, *, #6229, .T. ) ;
#5772 = DIRECTION ( 'NONE',  ( 0.5773861584133871405, 0.5773323237411148723, 0.5773323237411148723 ) ) ;
#5773 = CARTESIAN_POINT ( 'NONE',  ( 3.888803657608006059, -51.58491490983000460, 3.600000000000000533 ) ) ;
#5774 = FACE_OUTER_BOUND ( 'NONE', #4329, .T. ) ;
#5775 = LINE ( 'NONE', #5257, #207 ) ;
#5776 = AXIS2_PLACEMENT_3D ( 'NONE', #2444, #4415, #53 ) ;
#5777 = ORIENTED_EDGE ( 'NONE', *, *, #5322, .T. ) ;
#5778 = ORIENTED_EDGE ( 'NONE', *, *, #6010, .F. ) ;
#5779 = ORIENTED_EDGE ( 'NONE', *, *, #3791, .T. ) ;
#5780 = ORIENTED_EDGE ( 'NONE', *, *, #2320, .T. ) ;
#5781 = CARTESIAN_POINT ( 'NONE',  ( 55.99999999999997868, -8.852281976497271998, -42.42640687119285303 ) ) ;
#5782 = VECTOR ( 'NONE', #1900, 1000.000000000000000 ) ;
#5783 = LINE ( 'NONE', #1338, #728 ) ;
#5784 = CARTESIAN_POINT ( 'NONE',  ( 0.000000000000000000, 0.000000000000000000, 10.00000000000000000 ) ) ;
#5785 = LINE ( 'NONE', #4770, #5410 ) ;
#5786 = VECTOR ( 'NONE', #133, 1000.000000000000000 ) ;
#5787 = CIRCLE ( 'NONE', #819, 3.100000000000005418 ) ;
#5788 = VERTEX_POINT ( 'NONE', #1572 ) ;
#5789 = VERTEX_POINT ( 'NONE', #1030 ) ;
#5790 = PRODUCT ( '\X2\63a565367aef5e95677f\X0\', '\X2\63a565367aef5e95677f\X0\', '', ( #381 ) ) ;
#5791 = CARTESIAN_POINT ( 'NONE',  ( 0.7948268171891377243, -50.83847763108524731, 23.16152236891476335 ) ) ;
#5792 = VECTOR ( 'NONE', #5871, 1000.000000000000000 ) ;
#5793 = CARTESIAN_POINT ( 'NONE',  ( 73.83192894114422700, -8.737699060429038767, 16.00000000000000000 ) ) ;
#5794 = VECTOR ( 'NONE', #3066, 1000.000000000000000 ) ;
#5795 = FACE_OUTER_BOUND ( 'NONE', #732, .T. ) ;
#5796 = EDGE_CURVE ( 'NONE', #2918, #2341, #3537, .T. ) ;
#5797 = ORIENTED_EDGE ( 'NONE', *, *, #3872, .T. ) ;
#5798 = VECTOR ( 'NONE', #3459, 1000.000000000000000 ) ;
#5799 = AXIS2_PLACEMENT_3D ( 'NONE', #1529, #3444, #4902 ) ;
#5800 = EDGE_LOOP ( 'NONE', ( #2315, #3524, #5613, #4637, #187, #1261 ) ) ;
#5801 = CARTESIAN_POINT ( 'NONE',  ( 78.39999999999999147, -8.737699060429038767, 15.60000000000000320 ) ) ;
#5802 = EDGE_LOOP ( 'NONE', ( #2518, #1570, #4893, #3001 ) ) ;
#5803 = DIRECTION ( 'NONE',  ( -0.7071067811865455743, 0.7071067811865493491, -0.000000000000000000 ) ) ;
#5804 = VECTOR ( 'NONE', #6126, 1000.000000000000000 ) ;
#5805 = ADVANCED_FACE ( 'NONE', ( #6294 ), #2336, .T. ) ;
#5806 = VECTOR ( 'NONE', #2742, 1000.000000000000000 ) ;
#5807 = DIRECTION ( 'NONE',  ( 1.146174137548107193E-17, -1.000000000000000000, 0.000000000000000000 ) ) ;
#5808 = VECTOR ( 'NONE', #3954, 999.9999999999998863 ) ;
#5809 = FACE_BOUND ( 'NONE', #1343, .T. ) ;
#5810 = CARTESIAN_POINT ( 'NONE',  ( 50.70311946457120911, -58.40000000000000568, 15.60000000000000320 ) ) ;
#5811 = FACE_OUTER_BOUND ( 'NONE', #5853, .T. ) ;
#5812 = CARTESIAN_POINT ( 'NONE',  ( -0.7999999999999742872, -53.33880527252560455, 15.60000000000000320 ) ) ;
#5813 = CARTESIAN_POINT ( 'NONE',  ( 5.999999999999984013, -44.85228197649788484, 4.999999999999997335 ) ) ;
#5814 = EDGE_CURVE ( 'NONE', #3750, #3248, #4975, .T. ) ;
#5815 = LINE ( 'NONE', #2834, #727 ) ;
#5816 = VECTOR ( 'NONE', #2415, 999.9999999999998863 ) ;
#5817 = EDGE_CURVE ( 'NONE', #940, #2770, #3677, .T. ) ;
#5818 = EDGE_CURVE ( 'NONE', #3750, #6330, #1721, .T. ) ;
#5819 = ORIENTED_EDGE ( 'NONE', *, *, #300, .T. ) ;
#5820 = ORIENTED_EDGE ( 'NONE', *, *, #3761, .T. ) ;
#5821 = AXIS2_PLACEMENT_3D ( 'NONE', #3544, #2133, #1684 ) ;
#5822 = DIRECTION ( 'NONE',  ( 0.000000000000000000, 0.000000000000000000, -1.000000000000000000 ) ) ;
#5823 = CARTESIAN_POINT ( 'NONE',  ( 0.000000000000000000, 0.000000000000000000, 10.00000000000000000 ) ) ;
#5824 = CARTESIAN_POINT ( 'NONE',  ( -1.082842712474518132, -53.62164798500029406, 16.00000000000000000 ) ) ;
#5825 = CARTESIAN_POINT ( 'NONE',  ( 30.99510887530267667, -55.80000000000088534, 15.60000000000000320 ) ) ;
#5826 = VECTOR ( 'NONE', #5539, 999.9999999999998863 ) ;
#5827 = ORIENTED_EDGE ( 'NONE', *, *, #3003, .F. ) ;
#5828 = CARTESIAN_POINT ( 'NONE',  ( 3.888803657608006059, -3.557475234951000598, 7.600000000000000533 ) ) ;
#5829 = CARTESIAN_POINT ( 'NONE',  ( -30.36862915010154396, -30.36862915010123842, 3.600000000000000533 ) ) ;
#5830 = VERTEX_POINT ( 'NONE', #4658 ) ;
#5831 = CARTESIAN_POINT ( 'NONE',  ( 35.39619915974623154, 3.399999999999999911, 9.799999999999993605 ) ) ;
#5832 = DIRECTION ( 'NONE',  ( -0.000000000000000000, -0.000000000000000000, 1.000000000000000000 ) ) ;
#5833 = ORIENTED_EDGE ( 'NONE', *, *, #882, .T. ) ;
#5834 = ORIENTED_EDGE ( 'NONE', *, *, #2886, .T. ) ;
#5835 = DIRECTION ( 'NONE',  ( -0.000000000000000000, -0.000000000000000000, -1.000000000000000000 ) ) ;
#5836 = ORIENTED_EDGE ( 'NONE', *, *, #4585, .F. ) ;
#5837 = LINE ( 'NONE', #3936, #830 ) ;
#5838 = FACE_OUTER_BOUND ( 'NONE', #3436, .T. ) ;
#5839 = EDGE_CURVE ( 'NONE', #2652, #3199, #5674, .T. ) ;
#5840 = FACE_OUTER_BOUND ( 'NONE', #1838, .T. ) ;
#5841 = ORIENTED_EDGE ( 'NONE', *, *, #4251, .T. ) ;
#5842 = DIRECTION ( 'NONE',  ( -1.000000000000000000, 0.000000000000000000, 0.000000000000000000 ) ) ;
#5843 = ADVANCED_FACE ( 'NONE', ( #6139 ), #5646, .F. ) ;
#5844 = LINE ( 'NONE', #2860, #6235 ) ;
#5845 = CARTESIAN_POINT ( 'NONE',  ( 72.86692151384301042, -51.58491490983000460, 12.00000000000000000 ) ) ;
#5846 = CARTESIAN_POINT ( 'NONE',  ( 1.599811284461573280, -47.98597515316583895, 20.01838090617253485 ) ) ;
#5847 = CARTESIAN_POINT ( 'NONE',  ( 2.471004894415362418, -26.32857702776471953, 10.00000000000000000 ) ) ;
#5848 = B_SPLINE_SURFACE_WITH_KNOTS ( 'NONE', 1, 1, ( 
 ( #1546, #1071 ),
 ( #3045, #2555 ) ),
 .UNSPECIFIED., .F., .F., .F.,
 ( 2, 2 ),
 ( 2, 2 ),
 ( 0.000000000000000000, 1.000000000000000000 ),
 ( 0.000000000000000000, 1.000000000000000000 ),
 .UNSPECIFIED. ) ;
#5849 = VERTEX_POINT ( 'NONE', #5156 ) ;
#5850 = EDGE_CURVE ( 'NONE', #3080, #5281, #722, .T. ) ;
#5851 = ADVANCED_FACE ( 'NONE', ( #1234 ), #2212, .F. ) ;
#5852 = ORIENTED_EDGE ( 'NONE', *, *, #4780, .T. ) ;
#5853 = EDGE_LOOP ( 'NONE', ( #2943, #1146, #5879, #4096 ) ) ;
#5854 = CARTESIAN_POINT ( 'NONE',  ( 75.77474980949905614, -53.33880527252648562, 9.999999999999996447 ) ) ;
#5855 = EDGE_CURVE ( 'NONE', #2726, #2963, #4177, .T. ) ;
#5856 = LINE ( 'NONE', #1957, #1654 ) ;
#5857 = DIRECTION ( 'NONE',  ( -0.7071067811867252084, 0.7071067811863699371, 0.000000000000000000 ) ) ;
#5858 = DIRECTION ( 'NONE',  ( -0.5773502691896257311, 0.5773502691896257311, -0.5773502691896257311 ) ) ;
#5859 = ORIENTED_EDGE ( 'NONE', *, *, #3877, .F. ) ;
#5860 = PLANE ( 'NONE',  #1624 ) ;
#5861 = ADVANCED_FACE ( 'NONE', ( #6166 ), #5016, .F. ) ;
#5862 = FACE_OUTER_BOUND ( 'NONE', #2123, .T. ) ;
#5863 = ORIENTED_EDGE ( 'NONE', *, *, #3049, .T. ) ;
#5864 = DIRECTION ( 'NONE',  ( -0.000000000000000000, -0.000000000000000000, -1.000000000000000000 ) ) ;
#5865 = VERTEX_POINT ( 'NONE', #3617 ) ;
#5866 = DIRECTION ( 'NONE',  ( 0.000000000000000000, 1.000000000000000000, 0.000000000000000000 ) ) ;
#5867 = ORIENTED_EDGE ( 'NONE', *, *, #3221, .T. ) ;
#5868 = ORIENTED_EDGE ( 'NONE', *, *, #5249, .F. ) ;
#5869 = EDGE_CURVE ( 'NONE', #4835, #1953, #584, .T. ) ;
#5870 = CARTESIAN_POINT ( 'NONE',  ( 78.39999999999999147, -1.954248784846597453E-14, 16.00000000000000000 ) ) ;
#5871 = DIRECTION ( 'NONE',  ( 0.3828037412553356722, 0.9238296897593830659, -2.003452437793275410E-15 ) ) ;
#5872 = CARTESIAN_POINT ( 'NONE',  ( 30.99510887530267667, 0.000000000000000000, 9.199999999999999289 ) ) ;
#5873 = VERTEX_POINT ( 'NONE', #2083 ) ;
#5874 = ORIENTED_EDGE ( 'NONE', *, *, #1085, .T. ) ;
#5875 = FACE_BOUND ( 'NONE', #2837, .T. ) ;
#5876 = CARTESIAN_POINT ( 'NONE',  ( 11.99999999999998046, -8.852281976497886617, 5.000000000000000000 ) ) ;
#5877 = LINE ( 'NONE', #888, #1124 ) ;
#5878 = FACE_OUTER_BOUND ( 'NONE', #4878, .T. ) ;
#5879 = ORIENTED_EDGE ( 'NONE', *, *, #222, .F. ) ;
#5880 = ORIENTED_EDGE ( 'NONE', *, *, #3624, .T. ) ;
#5881 = EDGE_CURVE ( 'NONE', #2250, #1606, #6040, .T. ) ;
#5882 = ORIENTED_EDGE ( 'NONE', *, *, #1504, .T. ) ;
#5883 = CARTESIAN_POINT ( 'NONE',  ( -0.7999999999999742872, -53.47194235751546643, 9.999999999999996447 ) ) ;
#5884 = LINE ( 'NONE', #1429, #2908 ) ;
#5885 = MECHANICAL_DESIGN_GEOMETRIC_PRESENTATION_REPRESENTATION (  '', ( #2044 ), #3785 ) ;
#5886 = CARTESIAN_POINT ( 'NONE',  ( -1.200000000001409939, -1.686485558056296075, 16.00000000000000000 ) ) ;
#5887 = ADVANCED_FACE ( 'NONE', ( #5545 ), #5091, .F. ) ;
#5888 = CARTESIAN_POINT ( 'NONE',  ( 68.06692151384301326, -3.557475234951000598, 3.600000000000000533 ) ) ;
#5889 = ORIENTED_EDGE ( 'NONE', *, *, #3318, .F. ) ;
#5890 = EDGE_LOOP ( 'NONE', ( #6107, #3103, #551, #5332 ) ) ;
#5891 = PRESENTATION_STYLE_ASSIGNMENT (( #4478 ) ) ;
#5892 = DIRECTION ( 'NONE',  ( 0.000000000000000000, -1.000000000000000000, 0.000000000000000000 ) ) ;
#5893 = ORIENTED_EDGE ( 'NONE', *, *, #798, .F. ) ;
#5894 = VECTOR ( 'NONE', #2590, 1000.000000000000000 ) ;
#5895 = DIRECTION ( 'NONE',  ( 0.3807468143216632406, -0.9246793300295540474, -2.005078676940960777E-15 ) ) ;
#5896 = ORIENTED_EDGE ( 'NONE', *, *, #1994, .F. ) ;
#5897 = ORIENTED_EDGE ( 'NONE', *, *, #2447, .F. ) ;
#5898 = AXIS2_PLACEMENT_3D ( 'NONE', #1009, #5428, #3879 ) ;
#5899 = AXIS2_PLACEMENT_3D ( 'NONE', #2452, #4422, #1976 ) ;
#5900 = LINE ( 'NONE', #1385, #3487 ) ;
#5901 = VERTEX_POINT ( 'NONE', #2111 ) ;
#5902 = LINE ( 'NONE', #1451, #5792 ) ;
#5903 = CARTESIAN_POINT ( 'NONE',  ( 30.99999999999997868, -8.852281976497579308, 3.599999999999999201 ) ) ;
#5904 = VECTOR ( 'NONE', #4769, 1000.000000000000114 ) ;
#5905 = VECTOR ( 'NONE', #6221, 1000.000000000000000 ) ;
#5906 = VERTEX_POINT ( 'NONE', #1616 ) ;
#5907 = ORIENTED_EDGE ( 'NONE', *, *, #1972, .F. ) ;
#5908 = VECTOR ( 'NONE', #6297, 1000.000000000000000 ) ;
#5909 = LINE ( 'NONE', #1947, #1366 ) ;
#5910 = DIRECTION ( 'NONE',  ( -0.000000000000000000, 0.000000000000000000, 1.000000000000000000 ) ) ;
#5911 = VECTOR ( 'NONE', #2905, 1000.000000000000000 ) ;
#5912 = DIRECTION ( 'NONE',  ( -1.000000000000000000, -0.000000000000000000, -0.000000000000000000 ) ) ;
#5913 = LINE ( 'NONE', #4379, #2699 ) ;
#5914 = AXIS2_PLACEMENT_3D ( 'NONE', #2332, #3743, #2307 ) ;
#5915 = ORIENTED_EDGE ( 'NONE', *, *, #5754, .T. ) ;
#5916 = VERTEX_POINT ( 'NONE', #3578 ) ;
#5917 = PLANE ( 'NONE',  #1322 ) ;
#5918 = LINE ( 'NONE', #3885, #3108 ) ;
#5919 = AXIS2_PLACEMENT_3D ( 'NONE', #3592, #1086, #3560 ) ;
#5920 = DIRECTION ( 'NONE',  ( 0.6785983445458506624, 0.2810846377148024100, 0.6785983445458506624 ) ) ;
#5921 = CARTESIAN_POINT ( 'NONE',  ( 36.39619915974623865, 3.200000000000005063, 9.600000000000001421 ) ) ;
#5922 = APPLICATION_CONTEXT ( 'automotive_design' ) ;
#5923 = CIRCLE ( 'NONE', #3725, 3.100000000000005418 ) ;
#5924 = VERTEX_POINT ( 'NONE', #5576 ) ;
#5925 = FACE_OUTER_BOUND ( 'NONE', #1752, .T. ) ;
#5926 = FACE_OUTER_BOUND ( 'NONE', #6245, .T. ) ;
#5927 = CIRCLE ( 'NONE', #3130, 3.000000000000006217 ) ;
#5928 = PLANE ( 'NONE',  #3930 ) ;
#5929 = EDGE_LOOP ( 'NONE', ( #3481, #4381, #4263, #4108 ) ) ;
#5930 = EDGE_LOOP ( 'NONE', ( #4240, #5827, #676, #981 ) ) ;
#5931 = PRODUCT_DEFINITION ( 'æœ', '', #32, #6043 ) ;
#5932 = EDGE_CURVE ( 'NONE', #1681, #2411, #1140, .T. ) ;
#5933 = CARTESIAN_POINT ( 'NONE',  ( 74.26692151384303031, -3.557475234951000154, 3.600000000000000533 ) ) ;
#5934 = EDGE_CURVE ( 'NONE', #6319, #3204, #4587, .T. ) ;
#5935 = ORIENTED_EDGE ( 'NONE', *, *, #2147, .F. ) ;
#5936 = CARTESIAN_POINT ( 'NONE',  ( 78.39999999999999147, 0.3372583002030429822, 16.00000000000000000 ) ) ;
#5937 = LINE ( 'NONE', #480, #735 ) ;
#5938 = DIRECTION ( 'NONE',  ( -1.000000000000000000, 0.000000000000000000, 0.000000000000000000 ) ) ;
#5939 = ORIENTED_EDGE ( 'NONE', *, *, #934, .T. ) ;
#5940 = FACE_OUTER_BOUND ( 'NONE', #825, .T. ) ;
#5941 = CARTESIAN_POINT ( 'NONE',  ( 73.82834173625568042, -47.20929738934638209, 15.60000000000000142 ) ) ;
#5942 = CARTESIAN_POINT ( 'NONE',  ( -2.799999999999974953, -47.98597515316583895, 12.00000000000000000 ) ) ;
#5943 = LINE ( 'NONE', #5847, #11 ) ;
#5944 = ORIENTED_EDGE ( 'NONE', *, *, #851, .F. ) ;
#5945 = DIRECTION ( 'NONE',  ( 1.000000000000000000, 0.000000000000000000, 0.000000000000000000 ) ) ;
#5946 = ADVANCED_FACE ( 'NONE', ( #2143 ), #4100, .F. ) ;
#5947 = LINE ( 'NONE', #1494, #5911 ) ;
#5948 = CARTESIAN_POINT ( 'NONE',  ( -2.965685424950662785, -5.912601124913162032, 16.00000000000000000 ) ) ;
#5949 = VERTEX_POINT ( 'NONE', #1172 ) ;
#5950 = CARTESIAN_POINT ( 'NONE',  ( 67.42844382976137751, -50.13817845388540206, 20.01838090617253485 ) ) ;
#5951 = ADVANCED_FACE ( 'NONE', ( #686 ), #2662, .T. ) ;
#5952 = EDGE_CURVE ( 'NONE', #1274, #6239, #1560, .T. ) ;
#5953 = PLANE ( 'NONE',  #3703 ) ;
#5954 = CARTESIAN_POINT ( 'NONE',  ( 36.59619915974623439, 3.200000000000005063, 9.799999999999993605 ) ) ;
#5955 = ORIENTED_EDGE ( 'NONE', *, *, #1474, .T. ) ;
#5956 = ADVANCED_FACE ( 'NONE', ( #814 ), #2734, .T. ) ;
#5957 = VERTEX_POINT ( 'NONE', #3812 ) ;
#5958 = CARTESIAN_POINT ( 'NONE',  ( 49.99999999999997868, -8.852281976497271998, -42.42640687119285303 ) ) ;
#5959 = LINE ( 'NONE', #3102, #4113 ) ;
#5960 = ORIENTED_EDGE ( 'NONE', *, *, #4371, .T. ) ;
#5961 = LINE ( 'NONE', #2618, #5056 ) ;
#5962 = CARTESIAN_POINT ( 'NONE',  ( 1.792714748479772080, -1.625102115043519646, 10.00000000000000000 ) ) ;
#5963 = EDGE_CURVE ( 'NONE', #5302, #4586, #5253, .T. ) ;
#5964 = EDGE_CURVE ( 'NONE', #5901, #190, #4756, .T. ) ;
#5965 = LINE ( 'NONE', #2982, #589 ) ;
#5966 = ORIENTED_EDGE ( 'NONE', *, *, #2321, .T. ) ;
#5967 = CARTESIAN_POINT ( 'NONE',  ( 68.06692151384301326, -51.58491490983000460, 7.600000000000000533 ) ) ;
#5968 = CARTESIAN_POINT ( 'NONE',  ( 66.31952070086401818, 2.774709169418908772, 12.00000000000000000 ) ) ;
#5969 = VERTEX_POINT ( 'NONE', #4274 ) ;
#5970 = DIRECTION ( 'NONE',  ( 1.000000000000000000, 0.000000000000000000, 0.000000000000000000 ) ) ;
#5971 = DIRECTION ( 'NONE',  ( 0.000000000000000000, 0.000000000000000000, -1.000000000000000000 ) ) ;
#5972 = EDGE_CURVE ( 'NONE', #4311, #2360, #4464, .T. ) ;
#5973 = EDGE_CURVE ( 'NONE', #1832, #5574, #4244, .T. ) ;
#5974 = ORIENTED_EDGE ( 'NONE', *, *, #1491, .F. ) ;
#5975 = LINE ( 'NONE', #558, #4937 ) ;
#5976 = CARTESIAN_POINT ( 'NONE',  ( 60.99999999999997868, -8.852281976497117455, -42.42640687119285303 ) ) ;
#5977 = DIRECTION ( 'NONE',  ( -0.7049845209112678424, 0.7092226908915915118, -0.000000000000000000 ) ) ;
#5978 = ADVANCED_FACE ( 'NONE', ( #1295 ), #5324, .F. ) ;
#5979 = ORIENTED_EDGE ( 'NONE', *, *, #5210, .F. ) ;
#5980 = CARTESIAN_POINT ( 'NONE',  ( 30.99510887530267667, -55.80000000000088534, 9.999999999999998224 ) ) ;
#5981 = AXIS2_PLACEMENT_3D ( 'NONE', #2267, #5112, #709 ) ;
#5982 = DIRECTION ( 'NONE',  ( 0.000000000000000000, 0.000000000000000000, 1.000000000000000000 ) ) ;
#5983 = ADVANCED_FACE ( 'NONE', ( #1269 ), #2830, .T. ) ;
#5984 = FACE_OUTER_BOUND ( 'NONE', #1286, .T. ) ;
#5985 = VECTOR ( 'NONE', #5712, 1000.000000000000114 ) ;
#5986 = ORIENTED_EDGE ( 'NONE', *, *, #2667, .F. ) ;
#5987 = EDGE_LOOP ( 'NONE', ( #2260, #267, #4352, #2805 ) ) ;
#5988 = CARTESIAN_POINT ( 'NONE',  ( 0.000000000000000000, -55.80000000000088534, 9.199999999999999289 ) ) ;
#5989 = CARTESIAN_POINT ( 'NONE',  ( 30.99510887530267667, 0.000000000000000000, 15.60000000000000320 ) ) ;
#5990 = AXIS2_PLACEMENT_3D ( 'NONE', #1883, #5835, #1411 ) ;
#5991 = ORIENTED_EDGE ( 'NONE', *, *, #4662, .T. ) ;
#5992 = CARTESIAN_POINT ( 'NONE',  ( 73.59475919609288042, -46.97508355977528538, 9.999999999999996447 ) ) ;
#5993 = EDGE_CURVE ( 'NONE', #1441, #4088, #4817, .T. ) ;
#5994 = LINE ( 'NONE', #3142, #1545 ) ;
#5995 = VECTOR ( 'NONE', #2758, 1000.000000000000114 ) ;
#5996 = VECTOR ( 'NONE', #4673, 1000.000000000000000 ) ;
#5997 = LINE ( 'NONE', #5448, #4824 ) ;
#5998 = ORIENTED_EDGE ( 'NONE', *, *, #2502, .F. ) ;
#5999 = CARTESIAN_POINT ( 'NONE',  ( -0.7999999999999771738, -53.33880527252560455, 9.999999999999996447 ) ) ;
#6000 = FACE_OUTER_BOUND ( 'NONE', #5717, .T. ) ;
#6001 = EDGE_CURVE ( 'NONE', #1377, #1187, #5226, .T. ) ;
#6002 = DIRECTION ( 'NONE',  ( -0.000000000000000000, -0.000000000000000000, 1.000000000000000000 ) ) ;
#6003 = VECTOR ( 'NONE', #5892, 1000.000000000000000 ) ;
#6004 = DIRECTION ( 'NONE',  ( -0.7071067811867252084, 0.7071067811863699371, -0.000000000000000000 ) ) ;
#6005 = VECTOR ( 'NONE', #161, 1000.000000000000000 ) ;
#6006 = VECTOR ( 'NONE', #4179, 1000.000000000000000 ) ;
#6007 = ORIENTED_EDGE ( 'NONE', *, *, #4301, .F. ) ;
#6008 = FACE_OUTER_BOUND ( 'NONE', #3431, .T. ) ;
#6009 = DIRECTION ( 'NONE',  ( -0.7071067811862996599, 0.7071067811867953745, 0.000000000000000000 ) ) ;
#6010 = EDGE_CURVE ( 'NONE', #5873, #3164, #4688, .T. ) ;
#6011 = DIRECTION ( 'NONE',  ( -0.000000000000000000, 0.000000000000000000, 1.000000000000000000 ) ) ;
#6012 = VECTOR ( 'NONE', #2398, 1000.000000000000000 ) ;
#6013 = VECTOR ( 'NONE', #6262, 1000.000000000000000 ) ;
#6014 = ORIENTED_EDGE ( 'NONE', *, *, #4291, .F. ) ;
#6015 = VECTOR ( 'NONE', #3228, 1000.000000000000000 ) ;
#6016 = LINE ( 'NONE', #2190, #78 ) ;
#6017 = LINE ( 'NONE', #3628, #410 ) ;
#6018 = CARTESIAN_POINT ( 'NONE',  ( 36.59619915974623439, 3.200000000000005063, 9.600000000000001421 ) ) ;
#6019 = VECTOR ( 'NONE', #617, 1000.000000000000000 ) ;
#6020 = VERTEX_POINT ( 'NONE', #6265 ) ;
#6021 = VERTEX_POINT ( 'NONE', #1754 ) ;
#6022 = PLANE ( 'NONE',  #5193 ) ;
#6023 = VECTOR ( 'NONE', #2243, 1000.000000000000000 ) ;
#6024 = CARTESIAN_POINT ( 'NONE',  ( 0.000000000000000000, -55.80000000000088534, 9.199999999999999289 ) ) ;
#6025 = ORIENTED_EDGE ( 'NONE', *, *, #3307, .F. ) ;
#6026 = DIRECTION ( 'NONE',  ( -1.000000000000000000, -0.000000000000000000, -0.000000000000000000 ) ) ;
#6027 = DIRECTION ( 'NONE',  ( 1.000000000000000000, 0.000000000000000000, 0.000000000000000000 ) ) ;
#6028 = ORIENTED_EDGE ( 'NONE', *, *, #1250, .T. ) ;
#6029 = EDGE_CURVE ( 'NONE', #2807, #6155, #1818, .T. ) ;
#6030 = DIRECTION ( 'NONE',  ( 1.000000000000000000, 0.000000000000000000, 0.000000000000000000 ) ) ;
#6031 = LINE ( 'NONE', #1164, #6136 ) ;
#6032 = CARTESIAN_POINT ( 'NONE',  ( 67.42844382976137751, -50.13817845388540206, 5.000000000000000000 ) ) ;
#6033 = ORIENTED_EDGE ( 'NONE', *, *, #4005, .F. ) ;
#6034 = EDGE_CURVE ( 'NONE', #4252, #3745, #3717, .T. ) ;
#6035 = CARTESIAN_POINT ( 'NONE',  ( 7.596199159746240603, 3.399999999999999467, 12.00000000000000000 ) ) ;
#6036 = CARTESIAN_POINT ( 'NONE',  ( 28.58914325646263421, -53.40018871553935753, 5.000000000000000000 ) ) ;
#6037 = DIRECTION ( 'NONE',  ( -1.000000000000000000, 0.000000000000000000, 0.000000000000000000 ) ) ;
#6038 = EDGE_CURVE ( 'NONE', #4933, #3839, #3244, .T. ) ;
#6039 = ORIENTED_EDGE ( 'NONE', *, *, #4801, .F. ) ;
#6040 = LINE ( 'NONE', #1201, #4971 ) ;
#6041 = CARTESIAN_POINT ( 'NONE',  ( 36.39619915974623865, -2.048506805216459448, 9.600000000000001421 ) ) ;
#6042 = DIRECTION ( 'NONE',  ( -1.000000000000000000, 0.000000000000000000, -0.000000000000000000 ) ) ;
#6043 = PRODUCT_DEFINITION_CONTEXT ( 'detailed design', #955, 'design' ) ;
#6044 = CARTESIAN_POINT ( 'NONE',  ( 50.30311946457121053, -58.00000000000000711, 16.00000000000000000 ) ) ;
#6045 = EDGE_CURVE ( 'NONE', #1441, #3488, #2276, .T. ) ;
#6046 = EDGE_CURVE ( 'NONE', #1699, #6261, #1791, .T. ) ;
#6047 = ORIENTED_EDGE ( 'NONE', *, *, #697, .T. ) ;
#6048 = ORIENTED_EDGE ( 'NONE', *, *, #1248, .F. ) ;
#6049 = CARTESIAN_POINT ( 'NONE',  ( 75.33725830020301828, -58.39999999999998437, 16.00000000000000000 ) ) ;
#6050 = DIRECTION ( 'NONE',  ( 0.7086689616036376815, 0.7055411418617782981, -0.000000000000000000 ) ) ;
#6051 = DIRECTION ( 'NONE',  ( -1.000000000000000000, -1.146174137548107039E-17, 0.000000000000000000 ) ) ;
#6052 = ORIENTED_EDGE ( 'NONE', *, *, #1586, .F. ) ;
#6053 = DIRECTION ( 'NONE',  ( -2.492664266385966864E-16, -1.000000000000000000, 0.000000000000000000 ) ) ;
#6054 = DIRECTION ( 'NONE',  ( -0.000000000000000000, -0.000000000000000000, 1.000000000000000000 ) ) ;
#6055 = ORIENTED_EDGE ( 'NONE', *, *, #5459, .T. ) ;
#6056 = DIRECTION ( 'NONE',  ( -0.000000000000000000, -0.000000000000000000, 1.000000000000000000 ) ) ;
#6057 = LINE ( 'NONE', #3567, #3608 ) ;
#6058 = EDGE_CURVE ( 'NONE', #4233, #4160, #361, .T. ) ;
#6059 = ORIENTED_EDGE ( 'NONE', *, *, #6171, .F. ) ;
#6060 = CARTESIAN_POINT ( 'NONE',  ( 78.39999999999997726, -45.86976616585294408, 12.00000000000000000 ) ) ;
#6061 = DIRECTION ( 'NONE',  ( -1.000000000000000000, -6.938893903907318308E-15, 0.000000000000000000 ) ) ;
#6062 = CARTESIAN_POINT ( 'NONE',  ( 78.39999999999999147, -8.337699060429040188, 16.00000000000000000 ) ) ;
#6063 = DIRECTION ( 'NONE',  ( 0.7071067811865489050, 0.7071067811865462405, 0.000000000000000000 ) ) ;
#6064 = LINE ( 'NONE', #4520, #1446 ) ;
#6065 = ADVANCED_FACE ( 'NONE', ( #2796, #5875 ), #2405, .T. ) ;
#6066 = DIRECTION ( 'NONE',  ( -0.6785792051055925533, 0.2811137749155694365, -0.6786054140301126525 ) ) ;
#6067 = EDGE_CURVE ( 'NONE', #2091, #3261, #3361, .T. ) ;
#6068 = EDGE_LOOP ( 'NONE', ( #3272, #5041, #2170, #2352 ) ) ;
#6069 = DIRECTION ( 'NONE',  ( 0.000000000000000000, 1.000000000000000000, 0.000000000000000000 ) ) ;
#6070 = LINE ( 'NONE', #660, #3789 ) ;
#6071 = DIRECTION ( 'NONE',  ( 0.000000000000000000, 0.000000000000000000, -1.000000000000000000 ) ) ;
#6072 = LINE ( 'NONE', #1619, #619 ) ;
#6073 = ORIENTED_EDGE ( 'NONE', *, *, #1477, .T. ) ;
#6074 = ORIENTED_EDGE ( 'NONE', *, *, #4924, .T. ) ;
#6075 = CARTESIAN_POINT ( 'NONE',  ( 73.47924050697375264, -56.20000000000100471, 16.00000000000000000 ) ) ;
#6076 = FACE_OUTER_BOUND ( 'NONE', #6087, .T. ) ;
#6077 = CARTESIAN_POINT ( 'NONE',  ( 66.31952070086401818, 0.000000000000000000, 16.00000000000000000 ) ) ;
#6078 = EDGE_LOOP ( 'NONE', ( #5067, #892, #1020, #863 ) ) ;
#6079 = CARTESIAN_POINT ( 'NONE',  ( 27.40642141585103531, -52.21746687492775862, 10.00000000000000000 ) ) ;
#6080 = ORIENTED_EDGE ( 'NONE', *, *, #2503, .F. ) ;
#6081 = DIRECTION ( 'NONE',  ( -0.7071067811865421326, 0.7071067811865530128, -0.000000000000000000 ) ) ;
#6082 = ORIENTED_EDGE ( 'NONE', *, *, #4513, .T. ) ;
#6083 = CARTESIAN_POINT ( 'NONE',  ( 11.46953569602142409, -53.40018871553897384, 10.00000000000000000 ) ) ;
#6084 = EDGE_CURVE ( 'NONE', #1909, #710, #2429, .T. ) ;
#6085 = VECTOR ( 'NONE', #1263, 1000.000000000000000 ) ;
#6086 = LINE ( 'NONE', #1092, #2588 ) ;
#6087 = EDGE_LOOP ( 'NONE', ( #3334, #4565, #2434, #2659 ) ) ;
#6088 = AXIS2_PLACEMENT_3D ( 'NONE', #1730, #3251, #4217 ) ;
#6089 = CARTESIAN_POINT ( 'NONE',  ( 68.31952070086400397, 0.7747091694188932287, 9.999999999999996447 ) ) ;
#6090 = ORIENTED_EDGE ( 'NONE', *, *, #5440, .F. ) ;
#6091 = CARTESIAN_POINT ( 'NONE',  ( 8.366106771599811864, -46.18924941420923602, 6.433893228400216380 ) ) ;
#6092 = DIRECTION ( 'NONE',  ( 0.7085718570078567424, 0.7056386635215203817, 0.000000000000000000 ) ) ;
#6093 = DIRECTION ( 'NONE',  ( 1.000000000000000000, 0.000000000000000000, 0.000000000000000000 ) ) ;
#6094 = EDGE_CURVE ( 'NONE', #2249, #1229, #522, .T. ) ;
#6095 = CARTESIAN_POINT ( 'NONE',  ( 7.596199159746238827, -4.625102115043496553, 5.000000000000000000 ) ) ;
#6096 = CARTESIAN_POINT ( 'NONE',  ( 74.26692151384303031, -51.58491490983000460, 7.600000000000000533 ) ) ;
#6097 = VECTOR ( 'NONE', #3876, 1000.000000000000000 ) ;
#6098 = ORIENTED_EDGE ( 'NONE', *, *, #4103, .F. ) ;
#6099 = VERTEX_POINT ( 'NONE', #5967 ) ;
#6100 = VECTOR ( 'NONE', #22, 1000.000000000000000 ) ;
#6101 = CARTESIAN_POINT ( 'NONE',  ( 49.78276359031411147, 0.7747091694188932287, 9.999999999999996447 ) ) ;
#6102 = PLANE ( 'NONE',  #2262 ) ;
#6103 = DIRECTION ( 'NONE',  ( 0.000000000000000000, 1.000000000000000000, -0.000000000000000000 ) ) ;
#6104 = CARTESIAN_POINT ( 'NONE',  ( 0.000000000000000000, -55.80000000000088534, -13.91866057222030229 ) ) ;
#6105 = VECTOR ( 'NONE', #2280, 1000.000000000000000 ) ;
#6106 = AXIS2_PLACEMENT_3D ( 'NONE', #837, #3832, #4289 ) ;
#6107 = ORIENTED_EDGE ( 'NONE', *, *, #4822, .F. ) ;
#6108 = ORIENTED_EDGE ( 'NONE', *, *, #5251, .F. ) ;
#6109 = CARTESIAN_POINT ( 'NONE',  ( 8.999999999999987566, -44.85228197649788484, -42.42640687119285303 ) ) ;
#6110 = VERTEX_POINT ( 'NONE', #3396 ) ;
#6111 = DIRECTION ( 'NONE',  ( 0.000000000000000000, 0.000000000000000000, -1.000000000000000000 ) ) ;
#6112 = VECTOR ( 'NONE', #339, 1000.000000000000000 ) ;
#6113 = AXIS2_PLACEMENT_3D ( 'NONE', #140, #2563, #3052 ) ;
#6114 = CARTESIAN_POINT ( 'NONE',  ( 16.24801543312461760, -6.122496985023363258, 9.999999999999980460 ) ) ;
#6115 = AXIS2_PLACEMENT_3D ( 'NONE', #2129, #4512, #4086 ) ;
#6116 = EDGE_CURVE ( 'NONE', #2082, #3082, #3941, .T. ) ;
#6117 = VERTEX_POINT ( 'NONE', #4913 ) ;
#6118 = EDGE_CURVE ( 'NONE', #2902, #2249, #1562, .T. ) ;
#6119 = CARTESIAN_POINT ( 'NONE',  ( 74.22842934264689063, -46.26976616585294266, 16.00000000000000000 ) ) ;
#6120 = VERTEX_POINT ( 'NONE', #2528 ) ;
#6121 = CARTESIAN_POINT ( 'NONE',  ( -0.8330291661805633296, -1.672804429471733911, 15.63302916617915628 ) ) ;
#6122 = ORIENTED_EDGE ( 'NONE', *, *, #560, .F. ) ;
#6123 = ORIENTED_EDGE ( 'NONE', *, *, #3530, .F. ) ;
#6124 = CARTESIAN_POINT ( 'NONE',  ( 11.80114060053943525, -52.21340248203724599, 5.000000000000000000 ) ) ;
#6125 = AXIS2_PLACEMENT_3D ( 'NONE', #1061, #3097, #3502 ) ;
#6126 = DIRECTION ( 'NONE',  ( -0.000000000000000000, -0.000000000000000000, -1.000000000000000000 ) ) ;
#6127 = ORIENTED_EDGE ( 'NONE', *, *, #5085, .T. ) ;
#6128 = VERTEX_POINT ( 'NONE', #5392 ) ;
#6129 = AXIS2_PLACEMENT_3D ( 'NONE', #683, #5046, #4095 ) ;
#6130 = ADVANCED_FACE ( 'NONE', ( #6387 ), #1985, .F. ) ;
#6131 = PLANE ( 'NONE',  #2254 ) ;
#6132 = DIRECTION ( 'NONE',  ( 0.7071067811867252084, -0.7071067811863699371, 0.000000000000000000 ) ) ;
#6133 = DIRECTION ( 'NONE',  ( -0.000000000000000000, -0.000000000000000000, 1.000000000000000000 ) ) ;
#6134 = FACE_OUTER_BOUND ( 'NONE', #4154, .T. ) ;
#6135 = CARTESIAN_POINT ( 'NONE',  ( 0.000000000000000000, 0.000000000000000000, 9.199999999999999289 ) ) ;
#6136 = VECTOR ( 'NONE', #5568, 1000.000000000000000 ) ;
#6137 = DIRECTION ( 'NONE',  ( 0.7071067811865450192, 0.7071067811865500152, 0.000000000000000000 ) ) ;
#6138 = ORIENTED_EDGE ( 'NONE', *, *, #4124, .T. ) ;
#6139 = FACE_OUTER_BOUND ( 'NONE', #6078, .T. ) ;
#6140 = LINE ( 'NONE', #1792, #4615 ) ;
#6141 = CARTESIAN_POINT ( 'NONE',  ( 11.99999999999998046, -8.852281976497886617, -42.42640687119285303 ) ) ;
#6142 = DIRECTION ( 'NONE',  ( 0.5773502691896257311, -0.5773502691896257311, 0.5773502691896257311 ) ) ;
#6143 = EDGE_LOOP ( 'NONE', ( #6188, #3983, #4335, #1797 ) ) ;
#6144 = ADVANCED_FACE ( 'NONE', ( #1042 ), #951, .T. ) ;
#6145 = ORIENTED_EDGE ( 'NONE', *, *, #518, .T. ) ;
#6146 = ORIENTED_EDGE ( 'NONE', *, *, #2594, .F. ) ;
#6147 = CARTESIAN_POINT ( 'NONE',  ( 18.56585808368380341, -2.246312083078058741, 9.400000000000009237 ) ) ;
#6148 = CARTESIAN_POINT ( 'NONE',  ( 11.46953569602142409, -53.40018871553897384, 10.00000000000000000 ) ) ;
#6149 = DIRECTION ( 'NONE',  ( -0.000000000000000000, -0.000000000000000000, 1.000000000000000000 ) ) ;
#6150 = EDGE_CURVE ( 'NONE', #2605, #3955, #67, .T. ) ;
#6151 = ORIENTED_EDGE ( 'NONE', *, *, #6196, .F. ) ;
#6152 = PLANE ( 'NONE',  #2374 ) ;
#6153 = CARTESIAN_POINT ( 'NONE',  ( 27.99999999999998224, -44.85228197649757931, 3.599999999999999201 ) ) ;
#6154 = ORIENTED_EDGE ( 'NONE', *, *, #5723, .T. ) ;
#6155 = VERTEX_POINT ( 'NONE', #3968 ) ;
#6156 = CARTESIAN_POINT ( 'NONE',  ( 2.470972002794558087, -26.49483975598964847, 10.00000000000000000 ) ) ;
#6157 = EDGE_LOOP ( 'NONE', ( #1471, #5090, #5241, #5778 ) ) ;
#6158 = EDGE_CURVE ( 'NONE', #4021, #6117, #4467, .T. ) ;
#6159 = CARTESIAN_POINT ( 'NONE',  ( 55.99999999999998579, -44.85228197649726667, 5.000000000000000000 ) ) ;
#6160 = LINE ( 'NONE', #4684, #2363 ) ;
#6161 = CARTESIAN_POINT ( 'NONE',  ( 30.99510887530267667, -58.40000000000000568, 9.199999999999999289 ) ) ;
#6162 = EDGE_CURVE ( 'NONE', #5513, #2090, #5909, .T. ) ;
#6163 = LINE ( 'NONE', #2270, #2291 ) ;
#6164 = EDGE_CURVE ( 'NONE', #5323, #1527, #4403, .T. ) ;
#6165 = VERTEX_POINT ( 'NONE', #1920 ) ;
#6166 = FACE_OUTER_BOUND ( 'NONE', #4546, .T. ) ;
#6167 = CARTESIAN_POINT ( 'NONE',  ( 35.19619915974624291, 3.399999999999999911, 9.600000000000001421 ) ) ;
#6168 = DIRECTION ( 'NONE',  ( -1.000000000000000000, 0.000000000000000000, 0.000000000000000000 ) ) ;
#6169 = EDGE_CURVE ( 'NONE', #2341, #1486, #42, .T. ) ;
#6170 = CARTESIAN_POINT ( 'NONE',  ( 73.31355508202452143, -55.80000000000100613, 15.60000000000000320 ) ) ;
#6171 = EDGE_CURVE ( 'NONE', #1823, #1456, #1390, .T. ) ;
#6172 = ORIENTED_EDGE ( 'NONE', *, *, #5123, .T. ) ;
#6173 = ORIENTED_EDGE ( 'NONE', *, *, #2321, .F. ) ;
#6174 = EDGE_LOOP ( 'NONE', ( #5175, #2868, #891, #472 ) ) ;
#6175 = DIRECTION ( 'NONE',  ( -0.000000000000000000, -0.000000000000000000, 1.000000000000000000 ) ) ;
#6176 = LINE ( 'NONE', #4768, #2804 ) ;
#6177 = DIRECTION ( 'NONE',  ( -0.3826834323650760150, -0.9238795325112925116, -2.003344392527240872E-15 ) ) ;
#6178 = ADVANCED_FACE ( 'NONE', ( #5940 ), #2891, .F. ) ;
#6179 = ORIENTED_EDGE ( 'NONE', *, *, #2210, .T. ) ;
#6180 = ORIENTED_EDGE ( 'NONE', *, *, #2287, .F. ) ;
#6181 = DIRECTION ( 'NONE',  ( 0.7071067811865452413, -1.595117053835079991E-16, -0.7071067811865497932 ) ) ;
#6182 = ADVANCED_FACE ( 'NONE', ( #4431 ), #1487, .F. ) ;
#6183 = CARTESIAN_POINT ( 'NONE',  ( 72.86692151384301042, -3.557475234951000598, 12.00000000000000000 ) ) ;
#6184 = EDGE_LOOP ( 'NONE', ( #3074, #839, #2768, #2934, #4369, #5354, #5349, #1775, #3898, #5181, #1448, #1191 ) ) ;
#6185 = ORIENTED_EDGE ( 'NONE', *, *, #4838, .F. ) ;
#6186 = LINE ( 'NONE', #5280, #5292 ) ;
#6187 = ORIENTED_EDGE ( 'NONE', *, *, #3808, .F. ) ;
#6188 = ORIENTED_EDGE ( 'NONE', *, *, #206, .T. ) ;
#6189 = FACE_OUTER_BOUND ( 'NONE', #3906, .T. ) ;
#6190 = CARTESIAN_POINT ( 'NONE',  ( 41.99999999999997868, -8.852281976497424765, 5.000000000000000000 ) ) ;
#6191 = EDGE_CURVE ( 'NONE', #1383, #2082, #3075, .T. ) ;
#6192 = CARTESIAN_POINT ( 'NONE',  ( 50.70311946457120911, -58.40000000000000568, -13.91866057222030229 ) ) ;
#6193 = VECTOR ( 'NONE', #4075, 1000.000000000000000 ) ;
#6194 = CARTESIAN_POINT ( 'NONE',  ( 73.31355508202452143, -55.80000000000100613, 9.999999999999996447 ) ) ;
#6195 = FACE_BOUND ( 'NONE', #1012, .T. ) ;
#6196 = EDGE_CURVE ( 'NONE', #5233, #2690, #2075, .T. ) ;
#6197 = EDGE_LOOP ( 'NONE', ( #6073, #1409, #4843, #2693 ) ) ;
#6198 = VECTOR ( 'NONE', #3974, 1000.000000000000000 ) ;
#6199 = EDGE_CURVE ( 'NONE', #2918, #2652, #4061, .T. ) ;
#6200 = ORIENTED_EDGE ( 'NONE', *, *, #6164, .F. ) ;
#6201 = DIRECTION ( 'NONE',  ( -0.5000000000001796341, -0.4999999999998290812, 0.7071067811865414665 ) ) ;
#6202 = CARTESIAN_POINT ( 'NONE',  ( 71.16692151384302178, -3.557475234951000598, 7.600000000000000533 ) ) ;
#6203 = DIRECTION ( 'NONE',  ( -0.5773502691896359451, -0.5773502691896054140, 0.5773502691896359451 ) ) ;
#6204 = VECTOR ( 'NONE', #390, 1000.000000000000000 ) ;
#6205 = PLANE ( 'NONE',  #413 ) ;
#6206 = VERTEX_POINT ( 'NONE', #5042 ) ;
#6207 = VECTOR ( 'NONE', #681, 1000.000000000000000 ) ;
#6208 = EDGE_CURVE ( 'NONE', #5745, #4073, #2653, .T. ) ;
#6209 = AXIS2_PLACEMENT_3D ( 'NONE', #4775, #349, #3793 ) ;
#6210 = EDGE_LOOP ( 'NONE', ( #730, #4485, #6381, #5719, #5343 ) ) ;
#6211 = EDGE_LOOP ( 'NONE', ( #4015, #2780, #2416, #5874 ) ) ;
#6212 = CARTESIAN_POINT ( 'NONE',  ( 7.014024846834671756, -49.40018871553893121, 5.000000000000000000 ) ) ;
#6213 = EDGE_CURVE ( 'NONE', #4279, #433, #650, .T. ) ;
#6214 = CARTESIAN_POINT ( 'NONE',  ( 49.99999999999997868, -8.852281976497271998, 3.599999999999999201 ) ) ;
#6215 = VECTOR ( 'NONE', #5446, 1000.000000000000000 ) ;
#6216 = AXIS2_PLACEMENT_3D ( 'NONE', #5726, #2778, #317 ) ;
#6217 = DIRECTION ( 'NONE',  ( 1.000000000000000000, 0.000000000000000000, -0.000000000000000000 ) ) ;
#6218 = ORIENTED_EDGE ( 'NONE', *, *, #4442, .F. ) ;
#6219 = VECTOR ( 'NONE', #2558, 1000.000000000000000 ) ;
#6220 = VECTOR ( 'NONE', #1303, 1000.000000000000000 ) ;
#6221 = DIRECTION ( 'NONE',  ( 1.000000000000000000, 1.146174137548106885E-17, 0.000000000000000000 ) ) ;
#6222 = ORIENTED_EDGE ( 'NONE', *, *, #2273, .F. ) ;
#6223 = LINE ( 'NONE', #5211, #93 ) ;
#6224 = ORIENTED_EDGE ( 'NONE', *, *, #4124, .F. ) ;
#6225 = CARTESIAN_POINT ( 'NONE',  ( -0.7999999999999742872, -53.33880527252560455, 9.999999999999996447 ) ) ;
#6226 = AXIS2_PLACEMENT_3D ( 'NONE', #2426, #4851, #2456 ) ;
#6227 = ORIENTED_EDGE ( 'NONE', *, *, #1240, .T. ) ;
#6228 = ORIENTED_EDGE ( 'NONE', *, *, #4757, .T. ) ;
#6229 = EDGE_CURVE ( 'NONE', #3360, #1862, #6031, .T. ) ;
#6230 = VECTOR ( 'NONE', #4807, 1000.000000000000000 ) ;
#6231 = DIRECTION ( 'NONE',  ( -1.000000000000000000, 0.000000000000000000, 0.000000000000000000 ) ) ;
#6232 = DIRECTION ( 'NONE',  ( -0.7071067811865456854, 0.7071067811865493491, 0.000000000000000000 ) ) ;
#6233 = CARTESIAN_POINT ( 'NONE',  ( 74.26692151384303031, -51.58491490983000460, 7.600000000000000533 ) ) ;
#6234 = DIRECTION ( 'NONE',  ( 0.000000000000000000, 0.000000000000000000, -1.000000000000000000 ) ) ;
#6235 = VECTOR ( 'NONE', #2975, 999.9999999999998863 ) ;
#6236 = ORIENTED_EDGE ( 'NONE', *, *, #4228, .T. ) ;
#6237 = CARTESIAN_POINT ( 'NONE',  ( 39.36862915010170383, 39.36862915010151909, 3.600000000000000533 ) ) ;
#6238 = DIRECTION ( 'NONE',  ( 0.000000000000000000, 0.000000000000000000, 1.000000000000000000 ) ) ;
#6239 = VERTEX_POINT ( 'NONE', #679 ) ;
#6240 = FACE_OUTER_BOUND ( 'NONE', #6393, .T. ) ;
#6241 = VECTOR ( 'NONE', #1457, 1000.000000000000227 ) ;
#6242 = UNCERTAINTY_MEASURE_WITH_UNIT (LENGTH_MEASURE( 1.000000000000000082E-05 ), #3802, 'distance_accuracy_value', 'NONE');
#6243 = DIRECTION ( 'NONE',  ( 1.000000000000000000, 1.146174137548107193E-17, -0.000000000000000000 ) ) ;
#6244 = EDGE_CURVE ( 'NONE', #783, #3312, #2589, .T. ) ;
#6245 = EDGE_LOOP ( 'NONE', ( #3724, #3445, #2933, #920 ) ) ;
#6246 = ORIENTED_EDGE ( 'NONE', *, *, #810, .T. ) ;
#6247 = ORIENTED_EDGE ( 'NONE', *, *, #1998, .F. ) ;
#6248 = DIRECTION ( 'NONE',  ( 0.7071067811865487940, 0.7071067811865463515, 0.000000000000000000 ) ) ;
#6249 = CARTESIAN_POINT ( 'NONE',  ( -0.8000000000014070300, -26.20573625655793748, 9.999999999999996447 ) ) ;
#6250 = CARTESIAN_POINT ( 'NONE',  ( 28.58914325646263421, -53.40018871553935753, 5.000000000000000000 ) ) ;
#6251 = DIRECTION ( 'NONE',  ( -0.000000000000000000, -0.000000000000000000, 1.000000000000000000 ) ) ;
#6252 = EDGE_CURVE ( 'NONE', #4978, #5549, #4609, .T. ) ;
#6253 = VERTEX_POINT ( 'NONE', #1129 ) ;
#6254 = LINE ( 'NONE', #6278, #5905 ) ;
#6255 = CARTESIAN_POINT ( 'NONE',  ( 35.39619915974623154, 3.200000000000005063, 9.600000000000001421 ) ) ;
#6256 = ORIENTED_EDGE ( 'NONE', *, *, #6363, .T. ) ;
#6257 = DIRECTION ( 'NONE',  ( 0.000000000000000000, -0.000000000000000000, -1.000000000000000000 ) ) ;
#6258 = EDGE_LOOP ( 'NONE', ( #352, #146, #768, #698, #4461, #2283, #5701, #199 ) ) ;
#6259 = ORIENTED_EDGE ( 'NONE', *, *, #5155, .T. ) ;
#6260 = CARTESIAN_POINT ( 'NONE',  ( 8.999999999999980460, -55.80000000000038796, 15.60000000000000320 ) ) ;
#6261 = VERTEX_POINT ( 'NONE', #578 ) ;
#6262 = DIRECTION ( 'NONE',  ( -0.000000000000000000, -0.000000000000000000, 1.000000000000000000 ) ) ;
#6263 = PLANE ( 'NONE',  #5914 ) ;
#6264 = ORIENTED_EDGE ( 'NONE', *, *, #729, .F. ) ;
#6265 = CARTESIAN_POINT ( 'NONE',  ( 50.27347893229741516, -2.250214950957904136, 10.00000000000000000 ) ) ;
#6266 = LINE ( 'NONE', #6167, #1951 ) ;
#6267 = LINE ( 'NONE', #270, #1762 ) ;
#6268 = LINE ( 'NONE', #6170, #3921 ) ;
#6269 = ORIENTED_EDGE ( 'NONE', *, *, #5249, .T. ) ;
#6270 = ORIENTED_EDGE ( 'NONE', *, *, #3956, .F. ) ;
#6271 = DIRECTION ( 'NONE',  ( 0.7080603743397946293, 0.7061519002946815560, -0.000000000000000000 ) ) ;
#6272 = DIRECTION ( 'NONE',  ( 0.7071067811865475727, 0.000000000000000000, -0.7071067811865475727 ) ) ;
#6273 = FACE_OUTER_BOUND ( 'NONE', #5929, .T. ) ;
#6274 = CARTESIAN_POINT ( 'NONE',  ( 7.596199159746238827, -1.625102115043496331, 20.01838090617253485 ) ) ;
#6275 = EDGE_CURVE ( 'NONE', #1064, #5281, #5147, .T. ) ;
#6276 = ORIENTED_EDGE ( 'NONE', *, *, #3374, .F. ) ;
#6277 = EDGE_CURVE ( 'NONE', #4054, #1389, #5514, .T. ) ;
#6278 = CARTESIAN_POINT ( 'NONE',  ( -3.896992067663562732E-17, 3.399999999999999467, 3.600000000000000533 ) ) ;
#6279 = CARTESIAN_POINT ( 'NONE',  ( -3.400000000000016342, -47.98597515316583895, 12.00000000000000000 ) ) ;
#6280 = DIRECTION ( 'NONE',  ( -0.000000000000000000, -0.000000000000000000, 1.000000000000000000 ) ) ;
#6281 = VERTEX_POINT ( 'NONE', #2171 ) ;
#6282 = VERTEX_POINT ( 'NONE', #3115 ) ;
#6283 = LINE ( 'NONE', #3768, #2604 ) ;
#6284 = ADVANCED_FACE ( 'NONE', ( #1580 ), #1194, .F. ) ;
#6285 = LINE ( 'NONE', #1844, #3000 ) ;
#6286 = ADVANCED_FACE ( 'NONE', ( #2696, #96 ), #4579, .T. ) ;
#6287 = ORIENTED_EDGE ( 'NONE', *, *, #2477, .T. ) ;
#6288 = DIRECTION ( 'NONE',  ( -0.9999999924245159821, 0.0001230892683154107155, 0.000000000000000000 ) ) ;
#6289 = VECTOR ( 'NONE', #2621, 1000.000000000000114 ) ;
#6290 = FACE_OUTER_BOUND ( 'NONE', #1406, .T. ) ;
#6291 = VECTOR ( 'NONE', #5131, 1000.000000000000114 ) ;
#6292 = ORIENTED_EDGE ( 'NONE', *, *, #4393, .F. ) ;
#6293 = DIRECTION ( 'NONE',  ( 1.000000000000000000, -5.385296291631731528E-14, 0.000000000000000000 ) ) ;
#6294 = FACE_OUTER_BOUND ( 'NONE', #2542, .T. ) ;
#6295 = DIRECTION ( 'NONE',  ( 0.000000000000000000, 0.000000000000000000, -1.000000000000000000 ) ) ;
#6296 = CARTESIAN_POINT ( 'NONE',  ( 18.73212781767186286, -2.246332549098109865, 10.00000000000000000 ) ) ;
#6297 = DIRECTION ( 'NONE',  ( 2.168404344971006896E-16, -1.000000000000000000, 0.000000000000000000 ) ) ;
#6298 = VECTOR ( 'NONE', #5546, 1000.000000000000227 ) ;
#6299 = EDGE_LOOP ( 'NONE', ( #4774, #692 ) ) ;
#6300 = EDGE_LOOP ( 'NONE', ( #1027, #1396, #4131, #2242 ) ) ;
#6301 = ORIENTED_EDGE ( 'NONE', *, *, #5579, .F. ) ;
#6302 = DIRECTION ( 'NONE',  ( 1.000000000000000000, 0.000000000000000000, 0.000000000000000000 ) ) ;
#6303 = VECTOR ( 'NONE', #5286, 1000.000000000000000 ) ;
#6304 = LINE ( 'NONE', #3314, #4534 ) ;
#6305 = DIRECTION ( 'NONE',  ( 0.000000000000000000, 0.000000000000000000, 1.000000000000000000 ) ) ;
#6306 = DIRECTION ( 'NONE',  ( 0.7071067811865474617, 0.7071067811865474617, 0.000000000000000000 ) ) ;
#6307 = AXIS2_PLACEMENT_3D ( 'NONE', #1073, #2591, #5970 ) ;
#6308 = VECTOR ( 'NONE', #5470, 1000.000000000000000 ) ;
#6309 = ORIENTED_EDGE ( 'NONE', *, *, #3049, .F. ) ;
#6310 = CARTESIAN_POINT ( 'NONE',  ( 44.99999999999998579, -8.852281976497424765, -42.42640687119285303 ) ) ;
#6311 = EDGE_CURVE ( 'NONE', #1486, #5949, #4091, .T. ) ;
#6312 = CARTESIAN_POINT ( 'NONE',  ( 50.90385297342779580, -1.625102115043187245, 5.000000000000000000 ) ) ;
#6313 = AXIS2_PLACEMENT_3D ( 'NONE', #867, #2841, #184 ) ;
#6314 = CARTESIAN_POINT ( 'NONE',  ( 2.474878816186600883, -6.746422458603144712, 5.000000000000000000 ) ) ;
#6315 = AXIS2_PLACEMENT_3D ( 'NONE', #734, #4010, #2191 ) ;
#6316 = ORIENTED_EDGE ( 'NONE', *, *, #5210, .T. ) ;
#6317 = DIRECTION ( 'NONE',  ( 0.6785983445458506624, -0.2810846377148132347, -0.6785983445458464436 ) ) ;
#6318 = EDGE_CURVE ( 'NONE', #2704, #4844, #1644, .T. ) ;
#6319 = VERTEX_POINT ( 'NONE', #3175 ) ;
#6320 = VECTOR ( 'NONE', #5619, 1000.000000000000000 ) ;
#6321 = AXIS2_PLACEMENT_3D ( 'NONE', #242, #858, #6168 ) ;
#6322 = ORIENTED_EDGE ( 'NONE', *, *, #2948, .T. ) ;
#6323 = DIRECTION ( 'NONE',  ( -0.7071067811865475727, -8.104675050809092985E-18, 0.7071067811865475727 ) ) ;
#6324 = ORIENTED_EDGE ( 'NONE', *, *, #1782, .T. ) ;
#6325 = CARTESIAN_POINT ( 'NONE',  ( 50.30311946457121053, -56.20000000000088392, 16.00000000000000000 ) ) ;
#6326 = VECTOR ( 'NONE', #351, 1000.000000000000000 ) ;
#6327 = VECTOR ( 'NONE', #4791, 1000.000000000000000 ) ;
#6328 = CARTESIAN_POINT ( 'NONE',  ( 30.99510887530267667, -55.80000000000088534, -13.91866057222030229 ) ) ;
#6329 = VECTOR ( 'NONE', #1279, 1000.000000000000000 ) ;
#6330 = VERTEX_POINT ( 'NONE', #4650 ) ;
#6331 = DIRECTION ( 'NONE',  ( -0.7071067811862996599, 0.7071067811867953745, 0.000000000000000000 ) ) ;
#6332 = CARTESIAN_POINT ( 'NONE',  ( -2.337258300203059580, -58.40000000000000568, 16.00000000000000000 ) ) ;
#6333 = DIRECTION ( 'NONE',  ( 1.146174137548107193E-17, -1.000000000000000000, 0.000000000000000000 ) ) ;
#6334 = LINE ( 'NONE', #1949, #2055 ) ;
#6335 = FACE_OUTER_BOUND ( 'NONE', #3799, .T. ) ;
#6336 = ORIENTED_EDGE ( 'NONE', *, *, #3639, .T. ) ;
#6337 = ORIENTED_EDGE ( 'NONE', *, *, #178, .F. ) ;
#6338 = VERTEX_POINT ( 'NONE', #234 ) ;
#6339 = VECTOR ( 'NONE', #552, 1000.000000000000000 ) ;
#6340 = LINE ( 'NONE', #921, #4218 ) ;
#6341 = DIRECTION ( 'NONE',  ( 0.5000000000000078826, 0.5000000000000007772, -0.7071067811865414665 ) ) ;
#6342 = CARTESIAN_POINT ( 'NONE',  ( 69.08286859082156184, -58.40000000000000568, -13.91866057222030229 ) ) ;
#6343 = CARTESIAN_POINT ( 'NONE',  ( 7.596199159746238827, -4.625102115043496553, 10.00000000000000000 ) ) ;
#6344 = ADVANCED_FACE ( 'NONE', ( #2206 ), #5848, .T. ) ;
#6345 = ORIENTED_EDGE ( 'NONE', *, *, #3149, .T. ) ;
#6346 = DIRECTION ( 'NONE',  ( 2.492664266385966864E-16, 1.000000000000000000, 0.000000000000000000 ) ) ;
#6347 = CARTESIAN_POINT ( 'NONE',  ( 0.000000000000000000, 0.000000000000000000, 12.00000000000000000 ) ) ;
#6348 = CYLINDRICAL_SURFACE ( 'NONE', #3297, 3.000000000000002665 ) ;
#6349 = LINE ( 'NONE', #4842, #1664 ) ;
#6350 = ORIENTED_EDGE ( 'NONE', *, *, #4087, .T. ) ;
#6351 = VERTEX_POINT ( 'NONE', #5999 ) ;
#6352 = DIRECTION ( 'NONE',  ( 2.492664266385966864E-16, 1.000000000000000000, 0.000000000000000000 ) ) ;
#6353 = VERTEX_POINT ( 'NONE', #4517 ) ;
#6354 = DIRECTION ( 'NONE',  ( 0.000000000000000000, 0.000000000000000000, -1.000000000000000000 ) ) ;
#6355 = EDGE_CURVE ( 'NONE', #777, #3790, #4297, .T. ) ;
#6356 = DIRECTION ( 'NONE',  ( -0.000000000000000000, -0.000000000000000000, 1.000000000000000000 ) ) ;
#6357 = EDGE_CURVE ( 'NONE', #5504, #5756, #4234, .T. ) ;
#6358 = CARTESIAN_POINT ( 'NONE',  ( 2.474878816186600883, -6.746422458603144712, 20.01838090617253485 ) ) ;
#6359 = ORIENTED_EDGE ( 'NONE', *, *, #864, .T. ) ;
#6360 = DIRECTION ( 'NONE',  ( -0.000000000000000000, 0.000000000000000000, -1.000000000000000000 ) ) ;
#6361 = CARTESIAN_POINT ( 'NONE',  ( 5.599811284461573280, -47.98597515316583895, 20.01838090617253485 ) ) ;
#6362 = FACE_OUTER_BOUND ( 'NONE', #708, .T. ) ;
#6363 = EDGE_CURVE ( 'NONE', #3568, #940, #845, .T. ) ;
#6364 = CARTESIAN_POINT ( 'NONE',  ( 75.77474980949905614, -49.16096590200427130, 9.999999999999996447 ) ) ;
#6365 = VERTEX_POINT ( 'NONE', #4683 ) ;
#6366 = ORIENTED_EDGE ( 'NONE', *, *, #2912, .F. ) ;
#6367 = DIRECTION ( 'NONE',  ( -0.000000000000000000, -0.000000000000000000, -1.000000000000000000 ) ) ;
#6368 = DIRECTION ( 'NONE',  ( -0.7071067811865647812, 0.7071067811865302533, 0.000000000000000000 ) ) ;
#6369 = DIRECTION ( 'NONE',  ( 0.000000000000000000, 0.000000000000000000, -1.000000000000000000 ) ) ;
#6370 = LINE ( 'NONE', #2442, #1353 ) ;
#6371 = ORIENTED_EDGE ( 'NONE', *, *, #5855, .T. ) ;
#6372 =( NAMED_UNIT ( * ) PLANE_ANGLE_UNIT ( ) SI_UNIT ( $, .RADIAN. ) );
#6373 = DIRECTION ( 'NONE',  ( -0.000000000000000000, -0.000000000000000000, 1.000000000000000000 ) ) ;
#6374 = VERTEX_POINT ( 'NONE', #261 ) ;
#6375 = ORIENTED_EDGE ( 'NONE', *, *, #1015, .T. ) ;
#6376 = EDGE_CURVE ( 'NONE', #1492, #3626, #1784, .T. ) ;
#6377 = CARTESIAN_POINT ( 'NONE',  ( 50.37379502759277017, -0.3378067056126634049, 9.999999999999994671 ) ) ;
#6378 = VERTEX_POINT ( 'NONE', #779 ) ;
#6379 = ORIENTED_EDGE ( 'NONE', *, *, #2147, .T. ) ;
#6380 = CARTESIAN_POINT ( 'NONE',  ( 67.42844382976137751, -52.13817845388540206, 5.000000000000000000 ) ) ;
#6381 = ORIENTED_EDGE ( 'NONE', *, *, #2942, .F. ) ;
#6382 = LINE ( 'NONE', #2361, #1438 ) ;
#6383 = DIRECTION ( 'NONE',  ( 1.000000000000000000, 0.000000000000000000, 0.000000000000000000 ) ) ;
#6384 = EDGE_CURVE ( 'NONE', #4586, #3234, #6283, .T. ) ;
#6385 = FACE_OUTER_BOUND ( 'NONE', #3033, .T. ) ;
#6386 = ORIENTED_EDGE ( 'NONE', *, *, #4693, .F. ) ;
#6387 = FACE_OUTER_BOUND ( 'NONE', #5378, .T. ) ;
#6388 = CARTESIAN_POINT ( 'NONE',  ( -2.800000000001424905, -6.312601124913162387, 15.60000000000000320 ) ) ;
#6389 = DIRECTION ( 'NONE',  ( 0.000000000000000000, 0.000000000000000000, 1.000000000000000000 ) ) ;
#6390 = CARTESIAN_POINT ( 'NONE',  ( 35.39655406985473007, -2.048383759632837364, 9.600000000000001421 ) ) ;
#6391 = ORIENTED_EDGE ( 'NONE', *, *, #6116, .T. ) ;
#6392 = ADVANCED_FACE ( 'NONE', ( #3740 ), #2825, .T. ) ;
#6393 = EDGE_LOOP ( 'NONE', ( #2991, #4493, #576, #2510 ) ) ;
#6394 = EDGE_LOOP ( 'NONE', ( #2983, #3950, #501, #1599 ) ) ;
#6395 = CARTESIAN_POINT ( 'NONE',  ( 69.08286859082156184, 0.000000000000000000, 15.60000000000000320 ) ) ;
#6396 = FACE_OUTER_BOUND ( 'NONE', #418, .T. ) ;
#6397 = AXIS2_PLACEMENT_3D ( 'NONE', #5720, #4314, #865 ) ;
#6398 = CARTESIAN_POINT ( 'NONE',  ( 7.596199159746238827, -4.625102115043496553, 20.01838090617253485 ) ) ;
#6399 = CARTESIAN_POINT ( 'NONE',  ( -0.4281674732379628368, -42.25986489937950807, 9.873889746213670549 ) ) ;
#6400 = EDGE_CURVE ( 'NONE', #1527, #1383, #5666, .T. ) ;
#6401 = EDGE_CURVE ( 'NONE', #4576, #3450, #5927, .T. ) ;
#6402 = ORIENTED_EDGE ( 'NONE', *, *, #6058, .F. ) ;
#6403 = FACE_OUTER_BOUND ( 'NONE', #2180, .T. ) ;
#6404 = DIRECTION ( 'NONE',  ( 1.000000000000000000, 0.000000000000000000, -0.000000000000000000 ) ) ;
#6405 = VECTOR ( 'NONE', #327, 1000.000000000000000 ) ;
#6406 = LINE ( 'NONE', #6377, #2917 ) ;
#6407 = ORIENTED_EDGE ( 'NONE', *, *, #4477, .T. ) ;
#6408 = EDGE_CURVE ( 'NONE', #1699, #783, #3290, .T. ) ;
#6409 = ORIENTED_EDGE ( 'NONE', *, *, #5408, .F. ) ;
ENDSEC;
END-ISO-10303-21;
