ISO-10303-21;
HEADER;
FILE_DESCRIPTION (( 'STEP AP214' ),
    '1' );
FILE_NAME ('接收端散热-半光.STEP',
    '2025-12-25T07:29:03',
    ( '' ),
    ( '' ),
    'SwSTEP 2.0',
    'SolidWorks 2024',
    '' );
FILE_SCHEMA (( 'AUTOMOTIVE_DESIGN' ));
ENDSEC;

DATA;
#1 = CARTESIAN_POINT ( 'NONE',  ( 23.77356091487909495, 59.97470916941908570, 10.00099999999999945 ) ) ;
#2 = EDGE_CURVE ( 'NONE', #3519, #4420, #267, .T. ) ;
#3 = DIRECTION ( 'NONE',  ( -0.000000000000000000, -0.000000000000000000, -1.000000000000000000 ) ) ;
#4 = VECTOR ( 'NONE', #3891, 1000.000000000000114 ) ;
#5 = LINE ( 'NONE', #5262, #5433 ) ;
#6 = FACE_OUTER_BOUND ( 'NONE', #643, .T. ) ;
#7 = AXIS2_PLACEMENT_3D ( 'NONE', #2554, #863, #2147 ) ;
#8 = LINE ( 'NONE', #4434, #1397 ) ;
#9 = DIRECTION ( 'NONE',  ( -0.7071067811865556774, 0.000000000000000000, 0.7071067811865393571 ) ) ;
#10 = VERTEX_POINT ( 'NONE', #641 ) ;
#11 = AXIS2_PLACEMENT_3D ( 'NONE', #4869, #1859, #1392 ) ;
#12 = CARTESIAN_POINT ( 'NONE',  ( 73.15243468099103552, 6.261804759730023484, 0.000000000000000000 ) ) ;
#13 = CARTESIAN_POINT ( 'NONE',  ( 44.16973302350329078, 52.67439564682089781, 10.00000000000000000 ) ) ;
#14 = ADVANCED_FACE ( 'NONE', ( #2890 ), #2367, .F. ) ;
#15 = EDGE_CURVE ( 'NONE', #2223, #2093, #3284, .T. ) ;
#16 = EDGE_LOOP ( 'NONE', ( #4124, #1155, #5320, #237 ) ) ;
#17 = VECTOR ( 'NONE', #3133, 1000.000000000000000 ) ;
#18 = EDGE_LOOP ( 'NONE', ( #1184, #1623, #1167, #2202 ) ) ;
#19 = DIRECTION ( 'NONE',  ( -5.782411586589358625E-16, -1.000000000000000000, 0.000000000000000000 ) ) ;
#20 = ORIENTED_EDGE ( 'NONE', *, *, #2610, .T. ) ;
#21 = DIRECTION ( 'NONE',  ( -1.000000000000000000, 0.000000000000000000, 0.000000000000000000 ) ) ;
#22 = EDGE_LOOP ( 'NONE', ( #2442, #2454, #3419, #1474, #1644, #299 ) ) ;
#23 = AXIS2_PLACEMENT_3D ( 'NONE', #3338, #5056, #2511 ) ;
#24 = VECTOR ( 'NONE', #2391, 1000.000000000000000 ) ;
#25 = ADVANCED_FACE ( 'NONE', ( #3375 ), #1197, .F. ) ;
#26 = ORIENTED_EDGE ( 'NONE', *, *, #5172, .F. ) ;
#27 = VECTOR ( 'NONE', #1046, 1000.000000000000000 ) ;
#28 = VECTOR ( 'NONE', #1148, 1000.000000000000000 ) ;
#29 = ORIENTED_EDGE ( 'NONE', *, *, #4192, .T. ) ;
#30 = CARTESIAN_POINT ( 'NONE',  ( 12.07195935263212583, 55.33397611666537586, 0.000000000000000000 ) ) ;
#31 = VECTOR ( 'NONE', #5004, 999.9999999999998863 ) ;
#32 = DIRECTION ( 'NONE',  ( -0.000000000000000000, -0.000000000000000000, 1.000000000000000000 ) ) ;
#33 = VERTEX_POINT ( 'NONE', #4557 ) ;
#34 = CARTESIAN_POINT ( 'NONE',  ( 0.007098098182035939008, 57.66626307465578805, 4.000000000000000000 ) ) ;
#35 = AXIS2_PLACEMENT_3D ( 'NONE', #1251, #2608, #1700 ) ;
#36 = FACE_BOUND ( 'NONE', #2602, .T. ) ;
#37 = PLANE ( 'NONE',  #386 ) ;
#38 = DIRECTION ( 'NONE',  ( -1.000000000000000000, 0.000000000000000000, 0.000000000000000000 ) ) ;
#39 = EDGE_CURVE ( 'NONE', #4799, #4018, #3773, .T. ) ;
#40 = CARTESIAN_POINT ( 'NONE',  ( 9.714451465470119729E-14, 28.93771831048124454, 0.000000000000000000 ) ) ;
#41 = ORIENTED_EDGE ( 'NONE', *, *, #2240, .T. ) ;
#42 = LINE ( 'NONE', #3520, #169 ) ;
#43 = EDGE_CURVE ( 'NONE', #4471, #5064, #1995, .T. ) ;
#44 = LINE ( 'NONE', #4005, #5432 ) ;
#45 = ORIENTED_EDGE ( 'NONE', *, *, #1099, .F. ) ;
#46 = ORIENTED_EDGE ( 'NONE', *, *, #4077, .T. ) ;
#47 = CARTESIAN_POINT ( 'NONE',  ( 6.447936253778962623, 25.20718193523071449, 7.000000000000000000 ) ) ;
#48 = ORIENTED_EDGE ( 'NONE', *, *, #1874, .T. ) ;
#49 = PLANE ( 'NONE',  #312 ) ;
#50 = ORIENTED_EDGE ( 'NONE', *, *, #3156, .T. ) ;
#51 = ORIENTED_EDGE ( 'NONE', *, *, #2673, .F. ) ;
#52 = ORIENTED_EDGE ( 'NONE', *, *, #4192, .F. ) ;
#53 = FACE_OUTER_BOUND ( 'NONE', #3868, .T. ) ;
#54 = CARTESIAN_POINT ( 'NONE',  ( 66.95613948405447502, 29.20718193523072514, 10.00000000000000000 ) ) ;
#55 = ORIENTED_EDGE ( 'NONE', *, *, #1720, .T. ) ;
#56 = LINE ( 'NONE', #980, #5227 ) ;
#57 = CARTESIAN_POINT ( 'NONE',  ( 7.188803657608024977, 56.44252476504900073, 0.000000000000000000 ) ) ;
#58 = DIRECTION ( 'NONE',  ( -0.000000000000000000, -0.000000000000000000, 1.000000000000000000 ) ) ;
#59 = DIRECTION ( 'NONE',  ( 0.9999999956528772271, -9.324293839476712365E-05, 0.000000000000000000 ) ) ;
#60 = DIRECTION ( 'NONE',  ( -1.000000000000000000, 3.011203194556595896E-16, 0.000000000000000000 ) ) ;
#61 = DIRECTION ( 'NONE',  ( 0.000000000000000000, -1.000000000000000000, 0.000000000000000000 ) ) ;
#62 = ORIENTED_EDGE ( 'NONE', *, *, #4077, .F. ) ;
#63 = DIRECTION ( 'NONE',  ( 1.000000000000000000, 0.000000000000000000, 0.000000000000000000 ) ) ;
#64 = CARTESIAN_POINT ( 'NONE',  ( 65.34807733323546586, 45.95871309031685570, 5.000000000000000000 ) ) ;
#65 = FACE_OUTER_BOUND ( 'NONE', #919, .T. ) ;
#66 = ORIENTED_EDGE ( 'NONE', *, *, #4699, .F. ) ;
#67 = ADVANCED_FACE ( 'NONE', ( #2455 ), #2918, .T. ) ;
#68 = ORIENTED_EDGE ( 'NONE', *, *, #4882, .T. ) ;
#69 = DIRECTION ( 'NONE',  ( 1.000000000000000000, -0.000000000000000000, -0.000000000000000000 ) ) ;
#70 = EDGE_CURVE ( 'NONE', #2717, #4315, #304, .T. ) ;
#71 = VERTEX_POINT ( 'NONE', #5099 ) ;
#72 = ORIENTED_EDGE ( 'NONE', *, *, #4601, .T. ) ;
#73 = ORIENTED_EDGE ( 'NONE', *, *, #4118, .F. ) ;
#74 = VERTEX_POINT ( 'NONE', #732 ) ;
#75 = LINE ( 'NONE', #4908, #3936 ) ;
#76 = CARTESIAN_POINT ( 'NONE',  ( 77.98218423212628636, 59.97470916941927044, 10.00099999999999945 ) ) ;
#77 = ORIENTED_EDGE ( 'NONE', *, *, #4880, .T. ) ;
#78 = ADVANCED_FACE ( 'NONE', ( #2057, #3807 ), #4354, .T. ) ;
#79 = VECTOR ( 'NONE', #3102, 1000.000000000000000 ) ;
#80 = DIRECTION ( 'NONE',  ( -0.000000000000000000, -0.000000000000000000, -1.000000000000000000 ) ) ;
#81 = ADVANCED_FACE ( 'NONE', ( #2595 ), #353, .F. ) ;
#82 = DIRECTION ( 'NONE',  ( 0.000000000000000000, 0.000000000000000000, 1.000000000000000000 ) ) ;
#83 = CARTESIAN_POINT ( 'NONE',  ( 71.31952070086403239, 0.000000000000000000, 0.000000000000000000 ) ) ;
#84 = VECTOR ( 'NONE', #1716, 1000.000000000000000 ) ;
#85 = CARTESIAN_POINT ( 'NONE',  ( 26.30973302350328424, 44.67439564682089070, 7.000000000000000000 ) ) ;
#86 = LINE ( 'NONE', #5230, #1842 ) ;
#87 = VECTOR ( 'NONE', #2173, 1000.000000000000000 ) ;
#88 = CARTESIAN_POINT ( 'NONE',  ( 46.94653210253800779, 0.000000000000000000, 3.399999999999983036 ) ) ;
#89 = VERTEX_POINT ( 'NONE', #1279 ) ;
#90 = LINE ( 'NONE', #1852, #4769 ) ;
#91 = CARTESIAN_POINT ( 'NONE',  ( 5.871324698771779538, 34.33421759231527659, 6.000000000000000000 ) ) ;
#92 = PRESENTATION_LAYER_ASSIGNMENT (  '', '', ( #546 ) ) ;
#93 = PRODUCT ( '\X2\63a565367aef656370ed\X0\-\X2\534a5149\X0\', '\X2\63a565367aef656370ed\X0\-\X2\534a5149\X0\', '', ( #521 ) ) ;
#94 = FACE_OUTER_BOUND ( 'NONE', #2059, .T. ) ;
#95 = ORIENTED_EDGE ( 'NONE', *, *, #2076, .F. ) ;
#96 = ORIENTED_EDGE ( 'NONE', *, *, #2706, .T. ) ;
#97 = DIRECTION ( 'NONE',  ( 1.000000000000000000, 0.000000000000000000, 0.000000000000000000 ) ) ;
#98 = VECTOR ( 'NONE', #354, 1000.000000000000000 ) ;
#99 = VERTEX_POINT ( 'NONE', #850 ) ;
#100 = ORIENTED_EDGE ( 'NONE', *, *, #296, .T. ) ;
#101 = VECTOR ( 'NONE', #1953, 1000.000000000000000 ) ;
#102 = VECTOR ( 'NONE', #4085, 1000.000000000000000 ) ;
#103 = ORIENTED_EDGE ( 'NONE', *, *, #3144, .T. ) ;
#104 = EDGE_CURVE ( 'NONE', #1245, #5276, #2084, .T. ) ;
#105 = AXIS2_PLACEMENT_3D ( 'NONE', #3359, #3241, #1547 ) ;
#106 = VECTOR ( 'NONE', #3213, 1000.000000000000114 ) ;
#107 = ORIENTED_EDGE ( 'NONE', *, *, #116, .T. ) ;
#108 = CARTESIAN_POINT ( 'NONE',  ( 58.02613948405432609, 52.67439564682089781, 7.000000000000000000 ) ) ;
#109 = FACE_OUTER_BOUND ( 'NONE', #741, .T. ) ;
#110 = VERTEX_POINT ( 'NONE', #5233 ) ;
#111 = VECTOR ( 'NONE', #826, 999.9999999999998863 ) ;
#112 = PLANE ( 'NONE',  #2201 ) ;
#113 = DIRECTION ( 'NONE',  ( -1.000000000000000000, 3.011203194556595896E-16, 0.000000000000000000 ) ) ;
#114 = LINE ( 'NONE', #2328, #571 ) ;
#115 = DIRECTION ( 'NONE',  ( -1.000000000000000000, 1.652117596168386770E-15, 0.000000000000000000 ) ) ;
#116 = EDGE_CURVE ( 'NONE', #3607, #2977, #4322, .T. ) ;
#117 = CARTESIAN_POINT ( 'NONE',  ( 46.94653210253800779, 0.000000000000000000, 0.9599999985689978699 ) ) ;
#118 = CARTESIAN_POINT ( 'NONE',  ( 23.73212781767187707, 57.66334277808476827, 0.000000000000000000 ) ) ;
#119 = VECTOR ( 'NONE', #1394, 1000.000000000000114 ) ;
#120 = DIRECTION ( 'NONE',  ( 0.000000000000000000, 0.000000000000000000, 1.000000000000000000 ) ) ;
#121 = EDGE_LOOP ( 'NONE', ( #3430, #3468, #1036, #240 ) ) ;
#122 = LINE ( 'NONE', #1884, #4121 ) ;
#123 = EDGE_CURVE ( 'NONE', #164, #3666, #2567, .T. ) ;
#124 = DIRECTION ( 'NONE',  ( 1.000000000000000000, 0.000000000000000000, 0.000000000000000000 ) ) ;
#125 = DIRECTION ( 'NONE',  ( 0.000000000000000000, -1.000000000000000000, 0.000000000000000000 ) ) ;
#126 = ORIENTED_EDGE ( 'NONE', *, *, #451, .F. ) ;
#127 = VERTEX_POINT ( 'NONE', #821 ) ;
#128 = DIRECTION ( 'NONE',  ( -0.8660254037844381525, 0.5000000000000006661, 0.000000000000000000 ) ) ;
#129 = VERTEX_POINT ( 'NONE', #1682 ) ;
#130 = LINE ( 'NONE', #4153, #1048 ) ;
#131 = EDGE_CURVE ( 'NONE', #3280, #2001, #5647, .T. ) ;
#132 = ORIENTED_EDGE ( 'NONE', *, *, #3858, .T. ) ;
#133 = VERTEX_POINT ( 'NONE', #2947 ) ;
#134 = LINE ( 'NONE', #3638, #542 ) ;
#135 = EDGE_CURVE ( 'NONE', #4665, #3559, #1258, .T. ) ;
#136 = ORIENTED_EDGE ( 'NONE', *, *, #3554, .F. ) ;
#137 = DIRECTION ( 'NONE',  ( -0.0001230892683152483291, -0.9999999924245159821, -0.000000000000000000 ) ) ;
#138 = DIRECTION ( 'NONE',  ( 0.4999999999999999445, -0.8660254037844387076, 0.000000000000000000 ) ) ;
#139 = ORIENTED_EDGE ( 'NONE', *, *, #3554, .T. ) ;
#140 = EDGE_CURVE ( 'NONE', #4797, #3008, #384, .T. ) ;
#141 = LINE ( 'NONE', #4966, #2667 ) ;
#142 = DIRECTION ( 'NONE',  ( 0.8660254037844382635, -0.5000000000000005551, 0.000000000000000000 ) ) ;
#143 = PLANE ( 'NONE',  #4041 ) ;
#144 = EDGE_CURVE ( 'NONE', #5081, #266, #4702, .T. ) ;
#145 = FACE_OUTER_BOUND ( 'NONE', #3769, .T. ) ;
#146 = CARTESIAN_POINT ( 'NONE',  ( 6.447936253778962623, 25.20718193523071449, 7.000000000000000000 ) ) ;
#147 = VERTEX_POINT ( 'NONE', #4269 ) ;
#148 = FACE_OUTER_BOUND ( 'NONE', #3738, .T. ) ;
#149 = FACE_OUTER_BOUND ( 'NONE', #1774, .T. ) ;
#150 = LINE ( 'NONE', #177, #5631 ) ;
#151 = VERTEX_POINT ( 'NONE', #332 ) ;
#152 = EDGE_CURVE ( 'NONE', #2458, #2321, #5588, .T. ) ;
#153 = ORIENTED_EDGE ( 'NONE', *, *, #4690, .F. ) ;
#154 = EDGE_CURVE ( 'NONE', #3238, #2460, #5157, .T. ) ;
#155 = DIRECTION ( 'NONE',  ( 0.0001978291858416224519, 0.9999999804318063790, -0.000000000000000000 ) ) ;
#156 = DIRECTION ( 'NONE',  ( 1.355284293265842525E-13, -1.000000000000000000, 0.000000000000000000 ) ) ;
#157 = VERTEX_POINT ( 'NONE', #719 ) ;
#158 = ORIENTED_EDGE ( 'NONE', *, *, #43, .T. ) ;
#159 = CARTESIAN_POINT ( 'NONE',  ( 66.95613948405447502, 37.20718193523074291, 10.00000000000000000 ) ) ;
#160 = CARTESIAN_POINT ( 'NONE',  ( 18.01060500309818835, 31.28592075184100096, 4.000000000000000000 ) ) ;
#161 = ORIENTED_EDGE ( 'NONE', *, *, #3970, .T. ) ;
#162 = CARTESIAN_POINT ( 'NONE',  ( 20.85129627085182946, 23.35317541498460159, 10.00099999999999945 ) ) ;
#163 = CARTESIAN_POINT ( 'NONE',  ( -3.469446951953614189E-14, 58.33397611666537586, 4.000000000000000000 ) ) ;
#164 = VERTEX_POINT ( 'NONE', #4688 ) ;
#165 = DIRECTION ( 'NONE',  ( 0.000000000000000000, 1.000000000000000000, 0.000000000000000000 ) ) ;
#166 = PLANE ( 'NONE',  #4717 ) ;
#167 = LINE ( 'NONE', #983, #1226 ) ;
#168 = ADVANCED_FACE ( 'NONE', ( #690 ), #1611, .T. ) ;
#169 = VECTOR ( 'NONE', #1820, 999.9999999999998863 ) ;
#170 = FACE_OUTER_BOUND ( 'NONE', #2865, .T. ) ;
#171 = ADVANCED_FACE ( 'NONE', ( #3273 ), #5024, .F. ) ;
#172 = EDGE_CURVE ( 'NONE', #5137, #5085, #3558, .T. ) ;
#173 = AXIS2_PLACEMENT_3D ( 'NONE', #1142, #5118, #762 ) ;
#174 = CARTESIAN_POINT ( 'NONE',  ( 53.09973302350343261, 37.20718193523073580, 7.000000000000000000 ) ) ;
#175 = ORIENTED_EDGE ( 'NONE', *, *, #1297, .T. ) ;
#176 = DIRECTION ( 'NONE',  ( -1.000000000000000000, 1.734723475976805517E-15, 0.000000000000000000 ) ) ;
#177 = CARTESIAN_POINT ( 'NONE',  ( 10.59981128446159460, 12.01402484683418415, 4.000000000000000000 ) ) ;
#178 = VECTOR ( 'NONE', #1325, 1000.000000000000000 ) ;
#179 = VERTEX_POINT ( 'NONE', #54 ) ;
#180 = ORIENTED_EDGE ( 'NONE', *, *, #144, .T. ) ;
#181 = LINE ( 'NONE', #1974, #1121 ) ;
#182 = VECTOR ( 'NONE', #5491, 1000.000000000000227 ) ;
#183 = DIRECTION ( 'NONE',  ( 0.7071067811865524577, -0.7071067811865425767, 0.000000000000000000 ) ) ;
#184 = ORIENTED_EDGE ( 'NONE', *, *, #5599, .F. ) ;
#185 = EDGE_CURVE ( 'NONE', #1830, #164, #3668, .T. ) ;
#186 = ADVANCED_FACE ( 'NONE', ( #3641 ), #4849, .T. ) ;
#187 = VERTEX_POINT ( 'NONE', #2324 ) ;
#188 = CARTESIAN_POINT ( 'NONE',  ( 70.95973302350341783, 29.20718193523073225, 7.000000000000000000 ) ) ;
#189 = ORIENTED_EDGE ( 'NONE', *, *, #2789, .T. ) ;
#190 = AXIS2_PLACEMENT_3D ( 'NONE', #2386, #4168, #4259 ) ;
#191 = AXIS2_PLACEMENT_3D ( 'NONE', #4255, #3792, #4655 ) ;
#192 = CARTESIAN_POINT ( 'NONE',  ( 42.42884860408194214, 27.75317541498460372, 4.000000000000000000 ) ) ;
#193 = VECTOR ( 'NONE', #402, 1000.000000000000000 ) ;
#194 = DIRECTION ( 'NONE',  ( 1.000000000000000000, -3.469446951953610639E-15, 0.000000000000000000 ) ) ;
#195 = PLANE ( 'NONE',  #478 ) ;
#196 = ADVANCED_FACE ( 'NONE', ( #4045 ), #1404, .F. ) ;
#197 = AXIS2_PLACEMENT_3D ( 'NONE', #721, #2477, #2103 ) ;
#198 = VECTOR ( 'NONE', #2016, 1000.000000000000000 ) ;
#199 = DIRECTION ( 'NONE',  ( 0.000000000000000000, -1.000000000000000000, -0.000000000000000000 ) ) ;
#200 = LINE ( 'NONE', #3825, #391 ) ;
#201 = LINE ( 'NONE', #3246, #2655 ) ;
#202 = AXIS2_PLACEMENT_3D ( 'NONE', #2241, #59, #5315 ) ;
#203 = EDGE_CURVE ( 'NONE', #5152, #3954, #1371, .T. ) ;
#204 = VECTOR ( 'NONE', #1876, 1000.000000000000114 ) ;
#205 = CARTESIAN_POINT ( 'NONE',  ( -21.63100838201660636, 21.63100838201653531, 4.000000000000000000 ) ) ;
#206 = FACE_OUTER_BOUND ( 'NONE', #1241, .T. ) ;
#207 = ORIENTED_EDGE ( 'NONE', *, *, #4819, .T. ) ;
#208 = FACE_OUTER_BOUND ( 'NONE', #5073, .T. ) ;
#209 = ADVANCED_FACE ( 'NONE', ( #3589 ), #5341, .F. ) ;
#210 = EDGE_CURVE ( 'NONE', #612, #511, #4421, .T. ) ;
#211 = DIRECTION ( 'NONE',  ( -1.000000000000000000, 0.000000000000000000, 0.000000000000000000 ) ) ;
#212 = VECTOR ( 'NONE', #2370, 1000.000000000000000 ) ;
#213 = CARTESIAN_POINT ( 'NONE',  ( 56.42884860408192083, 23.35317541498460514, 10.00000000000000000 ) ) ;
#214 = ORIENTED_EDGE ( 'NONE', *, *, #2740, .T. ) ;
#215 = VERTEX_POINT ( 'NONE', #4105 ) ;
#216 = FACE_OUTER_BOUND ( 'NONE', #5472, .T. ) ;
#217 = AXIS2_PLACEMENT_3D ( 'NONE', #5502, #2459, #3410 ) ;
#218 = DIRECTION ( 'NONE',  ( -0.000000000000000000, -0.000000000000000000, 1.000000000000000000 ) ) ;
#219 = ORIENTED_EDGE ( 'NONE', *, *, #3235, .T. ) ;
#220 = DIRECTION ( 'NONE',  ( -1.000000000000000000, 1.517883041479704827E-15, 0.000000000000000000 ) ) ;
#221 = ORIENTED_EDGE ( 'NONE', *, *, #1705, .F. ) ;
#222 = VERTEX_POINT ( 'NONE', #2696 ) ;
#223 = EDGE_LOOP ( 'NONE', ( #3536, #3201, #1849, #3381, #5331, #1374 ) ) ;
#224 = CARTESIAN_POINT ( 'NONE',  ( 11.30691806564784763, 11.30691806564793467, 4.000000000000000000 ) ) ;
#225 = CARTESIAN_POINT ( 'NONE',  ( 75.02984732797570189, 13.93771831048098697, 0.000000000000000000 ) ) ;
#226 = ORIENTED_EDGE ( 'NONE', *, *, #1451, .T. ) ;
#227 = ADVANCED_FACE ( 'NONE', ( #1427 ), #3615, .F. ) ;
#228 = ADVANCED_FACE ( 'NONE', ( #4451 ), #2724, .F. ) ;
#229 = CARTESIAN_POINT ( 'NONE',  ( 40.83180065388673796, 38.69286487643512373, 3.399999999999983036 ) ) ;
#230 = CARTESIAN_POINT ( 'NONE',  ( 12.07195935263215958, 6.938893903907228378E-15, 4.000000000000000000 ) ) ;
#231 = LINE ( 'NONE', #2936, #1949 ) ;
#232 = DIRECTION ( 'NONE',  ( -0.000000000000000000, -0.000000000000000000, 1.000000000000000000 ) ) ;
#233 = EDGE_CURVE ( 'NONE', #450, #5081, #514, .T. ) ;
#234 = LINE ( 'NONE', #3277, #848 ) ;
#235 = CARTESIAN_POINT ( 'NONE',  ( 46.94653210253800779, 28.88980021391638431, 3.399999999999983036 ) ) ;
#236 = PLANE ( 'NONE',  #4426 ) ;
#237 = ORIENTED_EDGE ( 'NONE', *, *, #1582, .T. ) ;
#238 = CARTESIAN_POINT ( 'NONE',  ( 5.000000000000030198, 6.992565577373023977, 10.00000000000000000 ) ) ;
#239 = DIRECTION ( 'NONE',  ( -1.000000000000000000, 0.000000000000000000, 0.000000000000000000 ) ) ;
#240 = ORIENTED_EDGE ( 'NONE', *, *, #2860, .T. ) ;
#241 = DIRECTION ( 'NONE',  ( 0.7071067811865462405, -0.7071067811865489050, -0.000000000000000000 ) ) ;
#242 = CARTESIAN_POINT ( 'NONE',  ( 65.74084972657725245, 30.61190122397092495, 1.109997883926998163 ) ) ;
#243 = ORIENTED_EDGE ( 'NONE', *, *, #2821, .F. ) ;
#244 = ORIENTED_EDGE ( 'NONE', *, *, #3044, .F. ) ;
#245 = DIRECTION ( 'NONE',  ( 0.000000000000000000, -1.000000000000000000, 0.000000000000000000 ) ) ;
#246 = ORIENTED_EDGE ( 'NONE', *, *, #3044, .T. ) ;
#247 = VERTEX_POINT ( 'NONE', #2288 ) ;
#248 = EDGE_CURVE ( 'NONE', #1310, #3745, #1457, .T. ) ;
#249 = CARTESIAN_POINT ( 'NONE',  ( 77.98218423212703954, 5.000000000000023093, 10.00099999999999945 ) ) ;
#250 = ORIENTED_EDGE ( 'NONE', *, *, #2207, .T. ) ;
#251 = DIRECTION ( 'NONE',  ( -1.734723475976805517E-15, -1.000000000000000000, 0.000000000000000000 ) ) ;
#252 = ADVANCED_FACE ( 'NONE', ( #109 ), #5427, .F. ) ;
#253 = VERTEX_POINT ( 'NONE', #4962 ) ;
#254 = FACE_OUTER_BOUND ( 'NONE', #3108, .T. ) ;
#255 = LINE ( 'NONE', #3270, #3661 ) ;
#256 = DIRECTION ( 'NONE',  ( 1.000000000000000000, 0.000000000000000000, 0.000000000000000000 ) ) ;
#257 = EDGE_CURVE ( 'NONE', #5510, #3903, #1035, .T. ) ;
#258 = CARTESIAN_POINT ( 'NONE',  ( 40.83180065388673796, 43.69286487643512373, 1.699885383662997906 ) ) ;
#259 = CARTESIAN_POINT ( 'NONE',  ( 23.77356091487909495, 59.97470916941908570, 10.00099999999999945 ) ) ;
#260 = CARTESIAN_POINT ( 'NONE',  ( 77.98218423212703954, 5.000000000000023093, 10.00000000000000000 ) ) ;
#261 = LINE ( 'NONE', #380, #4054 ) ;
#262 = ORIENTED_EDGE ( 'NONE', *, *, #4560, .T. ) ;
#263 = ADVANCED_FACE ( 'NONE', ( #2469 ), #4652, .T. ) ;
#264 = DIRECTION ( 'NONE',  ( -0.8660254037844380415, -0.5000000000000009992, 0.000000000000000000 ) ) ;
#265 = CARTESIAN_POINT ( 'NONE',  ( 36.63180065388673512, 43.69286487643512373, 1.699885383662997906 ) ) ;
#266 = VERTEX_POINT ( 'NONE', #225 ) ;
#267 = LINE ( 'NONE', #1563, #3216 ) ;
#268 = VECTOR ( 'NONE', #4961, 1000.000000000000000 ) ;
#269 = FACE_OUTER_BOUND ( 'NONE', #557, .T. ) ;
#270 = ORIENTED_EDGE ( 'NONE', *, *, #2506, .F. ) ;
#271 = CARTESIAN_POINT ( 'NONE',  ( 31.23613948405447971, 29.20718193523072514, 7.000000000000000000 ) ) ;
#272 = VERTEX_POINT ( 'NONE', #1606 ) ;
#273 = VECTOR ( 'NONE', #2419, 1000.000000000000227 ) ;
#274 = CARTESIAN_POINT ( 'NONE',  ( 79.97474980950003953, 6.992565577373023977, 10.00000000000000000 ) ) ;
#275 = EDGE_LOOP ( 'NONE', ( #475, #4418, #4820, #5419 ) ) ;
#276 = ORIENTED_EDGE ( 'NONE', *, *, #884, .F. ) ;
#277 = FACE_OUTER_BOUND ( 'NONE', #764, .T. ) ;
#278 = LINE ( 'NONE', #650, #3035 ) ;
#279 = VECTOR ( 'NONE', #3438, 1000.000000000000000 ) ;
#280 = EDGE_CURVE ( 'NONE', #1014, #334, #2841, .T. ) ;
#281 = ORIENTED_EDGE ( 'NONE', *, *, #3118, .F. ) ;
#282 = CARTESIAN_POINT ( 'NONE',  ( 73.34807733323548007, 45.95871309031685570, 4.000000000000000000 ) ) ;
#283 = EDGE_CURVE ( 'NONE', #3155, #673, #4191, .T. ) ;
#284 = DIRECTION ( 'NONE',  ( 0.000000000000000000, -1.000000000000000000, 0.000000000000000000 ) ) ;
#285 = VECTOR ( 'NONE', #5287, 1000.000000000000000 ) ;
#286 = CARTESIAN_POINT ( 'NONE',  ( 8.449733023503291918, 44.67439564682089070, 7.000000000000000000 ) ) ;
#287 = EDGE_CURVE ( 'NONE', #3533, #187, #2874, .T. ) ;
#288 = DIRECTION ( 'NONE',  ( 1.000000000000000000, 0.000000000000000000, 0.000000000000000000 ) ) ;
#289 = VECTOR ( 'NONE', #2997, 1000.000000000000000 ) ;
#290 = EDGE_CURVE ( 'NONE', #4158, #5381, #3328, .T. ) ;
#291 = LINE ( 'NONE', #3762, #2878 ) ;
#292 = DIRECTION ( 'NONE',  ( -0.8660254037844385966, 0.4999999999999998890, 0.000000000000000000 ) ) ;
#293 = LINE ( 'NONE', #5553, #3672 ) ;
#294 = VECTOR ( 'NONE', #2350, 1000.000000000000000 ) ;
#295 = VECTOR ( 'NONE', #5550, 1000.000000000000000 ) ;
#296 = EDGE_CURVE ( 'NONE', #5510, #4150, #1578, .T. ) ;
#297 = CARTESIAN_POINT ( 'NONE',  ( 39.16513398722009498, 40.35953154310175961, 1.733333333333304749 ) ) ;
#298 = CARTESIAN_POINT ( 'NONE',  ( 0.000000000000000000, 0.000000000000000000, 0.000000000000000000 ) ) ;
#299 = ORIENTED_EDGE ( 'NONE', *, *, #3527, .F. ) ;
#300 = AXIS2_PLACEMENT_3D ( 'NONE', #3127, #927, #3512 ) ;
#301 = CARTESIAN_POINT ( 'NONE',  ( 69.83157658086554420, 23.35317541498460159, 10.00000000000000000 ) ) ;
#302 = CYLINDRICAL_SURFACE ( 'NONE', #4526, 1.700000000000001066 ) ;
#303 = VECTOR ( 'NONE', #3492, 1000.000000000000000 ) ;
#304 = LINE ( 'NONE', #5536, #381 ) ;
#305 = ORIENTED_EDGE ( 'NONE', *, *, #4845, .T. ) ;
#306 = LINE ( 'NONE', #3349, #4025 ) ;
#307 = ORIENTED_EDGE ( 'NONE', *, *, #3181, .T. ) ;
#308 = AXIS2_PLACEMENT_3D ( 'NONE', #2338, #609, #501 ) ;
#309 = CARTESIAN_POINT ( 'NONE',  ( 77.98218423212703954, 5.000000000000023093, 0.000000000000000000 ) ) ;
#310 = ORIENTED_EDGE ( 'NONE', *, *, #2374, .F. ) ;
#311 = EDGE_LOOP ( 'NONE', ( #2167, #4635, #5380, #972 ) ) ;
#312 = AXIS2_PLACEMENT_3D ( 'NONE', #3147, #4902, #971 ) ;
#313 = LINE ( 'NONE', #1715, #4865 ) ;
#314 = EDGE_CURVE ( 'NONE', #2605, #4799, #2379, .T. ) ;
#315 = ORIENTED_EDGE ( 'NONE', *, *, #4802, .F. ) ;
#316 = CARTESIAN_POINT ( 'NONE',  ( 74.46692151384304736, 8.415085090169998949, 0.000000000000000000 ) ) ;
#317 = PLANE ( 'NONE',  #660 ) ;
#318 = ORIENTED_EDGE ( 'NONE', *, *, #2718, .T. ) ;
#319 = DIRECTION ( 'NONE',  ( -1.000000000000000000, 1.652117596168386770E-15, 0.000000000000000000 ) ) ;
#320 = LINE ( 'NONE', #1216, #2141 ) ;
#321 = DIRECTION ( 'NONE',  ( -0.000000000000000000, -0.000000000000000000, -1.000000000000000000 ) ) ;
#322 = FACE_OUTER_BOUND ( 'NONE', #3056, .T. ) ;
#323 = EDGE_CURVE ( 'NONE', #2377, #3636, #2901, .T. ) ;
#324 = DIRECTION ( 'NONE',  ( -1.000000000000000000, 0.000000000000000000, -0.000000000000000000 ) ) ;
#325 = ADVANCED_FACE ( 'NONE', ( #5083 ), #5512, .F. ) ;
#326 = EDGE_CURVE ( 'NONE', #3470, #1777, #3266, .T. ) ;
#327 = DIRECTION ( 'NONE',  ( -1.000000000000000000, 0.000000000000000000, 0.000000000000000000 ) ) ;
#328 = FACE_OUTER_BOUND ( 'NONE', #4449, .T. ) ;
#329 = ORIENTED_EDGE ( 'NONE', *, *, #5559, .T. ) ;
#330 = CARTESIAN_POINT ( 'NONE',  ( 66.95613948405447502, 29.20718193523072514, 10.00000000000000000 ) ) ;
#331 = CARTESIAN_POINT ( 'NONE',  ( 77.88793625377894614, 41.20718193523075712, 10.00000000000000000 ) ) ;
#332 = CARTESIAN_POINT ( 'NONE',  ( 79.97474980950003953, 6.992565577373023977, 0.000000000000000000 ) ) ;
#333 = LINE ( 'NONE', #1259, #289 ) ;
#334 = VERTEX_POINT ( 'NONE', #4590 ) ;
#335 = EDGE_LOOP ( 'NONE', ( #1656, #5292, #1149, #1862 ) ) ;
#336 = CARTESIAN_POINT ( 'NONE',  ( 5.000000000000030198, 6.992565577373023977, 7.000000000000000000 ) ) ;
#337 = EDGE_CURVE ( 'NONE', #1711, #2552, #4338, .T. ) ;
#338 = ORIENTED_EDGE ( 'NONE', *, *, #2842, .T. ) ;
#339 = EDGE_LOOP ( 'NONE', ( #1458, #4100, #2187, #1796, #3552 ) ) ;
#340 = DIRECTION ( 'NONE',  ( -0.7071067811865474617, 0.7071067811865474617, 0.000000000000000000 ) ) ;
#341 = VERTEX_POINT ( 'NONE', #4681 ) ;
#342 = EDGE_CURVE ( 'NONE', #3287, #4622, #2006, .T. ) ;
#343 = ORIENTED_EDGE ( 'NONE', *, *, #257, .F. ) ;
#344 = CARTESIAN_POINT ( 'NONE',  ( 40.16613948405434087, 44.67439564682088360, 7.000000000000000000 ) ) ;
#345 = CARTESIAN_POINT ( 'NONE',  ( 12.01402484683469041, 10.59981128446109366, 0.000000000000000000 ) ) ;
#346 = CARTESIAN_POINT ( 'NONE',  ( 6.447936253778966176, 41.20718193523075712, 10.00000000000000000 ) ) ;
#347 = CARTESIAN_POINT ( 'NONE',  ( 79.97474980950003953, 10.50829548434902350, 10.00000000000000000 ) ) ;
#348 = CARTESIAN_POINT ( 'NONE',  ( 25.52610449534172687, 52.77490806565516834, 6.000000000000000000 ) ) ;
#349 = CARTESIAN_POINT ( 'NONE',  ( 8.888803657608024267, 8.415085090169998949, 10.00000000000000000 ) ) ;
#350 = ORIENTED_EDGE ( 'NONE', *, *, #3728, .T. ) ;
#351 = DIRECTION ( 'NONE',  ( 0.000000000000000000, -1.000000000000000000, 0.000000000000000000 ) ) ;
#352 = CARTESIAN_POINT ( 'NONE',  ( 18.61060500309818977, 30.68592075184099599, 1.109999999999998099 ) ) ;
#353 = PLANE ( 'NONE',  #3503 ) ;
#354 = DIRECTION ( 'NONE',  ( -0.000000000000000000, -0.000000000000000000, -1.000000000000000000 ) ) ;
#355 = VERTEX_POINT ( 'NONE', #2812 ) ;
#356 = EDGE_CURVE ( 'NONE', #2836, #5473, #4132, .T. ) ;
#357 = DIRECTION ( 'NONE',  ( 1.000000000000000000, 0.000000000000000000, 0.000000000000000000 ) ) ;
#358 = VERTEX_POINT ( 'NONE', #192 ) ;
#359 = LINE ( 'NONE', #1599, #111 ) ;
#360 = AXIS2_PLACEMENT_3D ( 'NONE', #3249, #5003, #1470 ) ;
#361 = EDGE_LOOP ( 'NONE', ( #1598, #3885, #4406, #466, #1800, #437 ) ) ;
#362 = VERTEX_POINT ( 'NONE', #4567 ) ;
#363 = LINE ( 'NONE', #2955, #3114 ) ;
#364 = EDGE_CURVE ( 'NONE', #5174, #3519, #655, .T. ) ;
#365 = VECTOR ( 'NONE', #3334, 1000.000000000000114 ) ;
#366 = ADVANCED_FACE ( 'NONE', ( #746 ), #317, .F. ) ;
#367 = CARTESIAN_POINT ( 'NONE',  ( 73.15243468099103552, 20.03231731485909961, 10.00099999999999945 ) ) ;
#368 = ORIENTED_EDGE ( 'NONE', *, *, #5124, .F. ) ;
#369 = ORIENTED_EDGE ( 'NONE', *, *, #3798, .T. ) ;
#370 = AXIS2_PLACEMENT_3D ( 'NONE', #1179, #1326, #3063 ) ;
#371 = DIRECTION ( 'NONE',  ( 0.000000000000000000, 1.000000000000000000, 0.000000000000000000 ) ) ;
#373 = DIRECTION ( 'NONE',  ( 0.000000000000000000, -1.000000000000000000, 0.000000000000000000 ) ) ;
#372 = VECTOR ( 'NONE', #1614, 1000.000000000000000 ) ;
#374 = DIRECTION ( 'NONE',  ( -0.8660254037844382635, 0.5000000000000006661, 0.000000000000000000 ) ) ;
#375 = CARTESIAN_POINT ( 'NONE',  ( 78.03203064794003296, 52.35311032234201889, 10.00000000000000000 ) ) ;
#376 = ORIENTED_EDGE ( 'NONE', *, *, #4393, .T. ) ;
#377 = CARTESIAN_POINT ( 'NONE',  ( 55.42884860408194214, 26.75317541498458951, 4.000000000000000000 ) ) ;
#378 = LINE ( 'NONE', #3459, #737 ) ;
#379 = AXIS2_PLACEMENT_3D ( 'NONE', #803, #5217, #1289 ) ;
#380 = CARTESIAN_POINT ( 'NONE',  ( 41.43180065388673938, 0.000000000000000000, 4.000000000000000000 ) ) ;
#381 = VECTOR ( 'NONE', #1596, 1000.000000000000000 ) ;
#382 = VECTOR ( 'NONE', #4571, 1000.000000000000000 ) ;
#383 = CARTESIAN_POINT ( 'NONE',  ( 18.61060500309818977, 30.68592075184099599, 1.109999999999998099 ) ) ;
#384 = LINE ( 'NONE', #5669, #3677 ) ;
#385 = VECTOR ( 'NONE', #623, 1000.000000000000000 ) ;
#386 = AXIS2_PLACEMENT_3D ( 'NONE', #4456, #518, #3540 ) ;
#387 = EDGE_CURVE ( 'NONE', #2599, #157, #2731, .T. ) ;
#388 = ORIENTED_EDGE ( 'NONE', *, *, #2551, .T. ) ;
#389 = PLANE ( 'NONE',  #5395 ) ;
#390 = ORIENTED_EDGE ( 'NONE', *, *, #851, .T. ) ;
#391 = VECTOR ( 'NONE', #2447, 1000.000000000000000 ) ;
#392 = DIRECTION ( 'NONE',  ( -1.000000000000000000, 0.000000000000000000, 0.000000000000000000 ) ) ;
#393 = ORIENTED_EDGE ( 'NONE', *, *, #4649, .T. ) ;
#394 = ADVANCED_FACE ( 'NONE', ( #1463 ), #4971, .F. ) ;
#395 = VERTEX_POINT ( 'NONE', #1434 ) ;
#396 = DIRECTION ( 'NONE',  ( 0.5773502691896212902, -0.5773502691896212902, -0.5773502691896347239 ) ) ;
#397 = AXIS2_PLACEMENT_3D ( 'NONE', #64, #1935, #3683 ) ;
#398 = ORIENTED_EDGE ( 'NONE', *, *, #594, .F. ) ;
#399 = ORIENTED_EDGE ( 'NONE', *, *, #3369, .T. ) ;
#400 = VECTOR ( 'NONE', #3528, 1000.000000000000227 ) ;
#401 = CARTESIAN_POINT ( 'NONE',  ( 55.24511320246803336, 59.97470916941927044, 10.00000000000000000 ) ) ;
#402 = DIRECTION ( 'NONE',  ( -0.000000000000000000, -0.000000000000000000, 1.000000000000000000 ) ) ;
#403 = DIRECTION ( 'NONE',  ( 0.000000000000000000, 1.000000000000000000, -0.000000000000000000 ) ) ;
#404 = EDGE_LOOP ( 'NONE', ( #1273, #3081, #2144, #3171, #4732, #4981 ) ) ;
#405 = EDGE_CURVE ( 'NONE', #5503, #4954, #2298, .T. ) ;
#406 = LINE ( 'NONE', #3479, #3939 ) ;
#407 = PLANE ( 'NONE',  #2304 ) ;
#408 = DIRECTION ( 'NONE',  ( 0.000000000000000000, 0.7071067811865556774, 0.7071067811865393571 ) ) ;
#409 = FILL_AREA_STYLE_COLOUR ( '', #3024 ) ;
#410 = CARTESIAN_POINT ( 'NONE',  ( 68.95793625377879721, 40.67439564682086939, 10.00000000000000000 ) ) ;
#411 = CARTESIAN_POINT ( 'NONE',  ( 77.98218423212628636, 59.97470916941927044, 0.000000000000000000 ) ) ;
#412 = EDGE_LOOP ( 'NONE', ( #1954, #3583, #607, #2587 ) ) ;
#413 = CARTESIAN_POINT ( 'NONE',  ( 31.23613948405447971, 29.20718193523072514, 7.000000000000000000 ) ) ;
#414 = ORIENTED_EDGE ( 'NONE', *, *, #1733, .T. ) ;
#415 = DIRECTION ( 'NONE',  ( 1.000000000000000000, 0.000000000000000000, 0.000000000000000000 ) ) ;
#416 = ORIENTED_EDGE ( 'NONE', *, *, #1694, .F. ) ;
#417 = ORIENTED_EDGE ( 'NONE', *, *, #614, .F. ) ;
#418 = DIRECTION ( 'NONE',  ( 1.000000000000000000, -0.000000000000000000, -0.000000000000000000 ) ) ;
#419 = DIRECTION ( 'NONE',  ( 0.000000000000000000, -1.000000000000000000, 0.000000000000000000 ) ) ;
#420 = ORIENTED_EDGE ( 'NONE', *, *, #2229, .T. ) ;
#421 = EDGE_CURVE ( 'NONE', #2460, #4924, #1879, .T. ) ;
#422 = ORIENTED_EDGE ( 'NONE', *, *, #3871, .F. ) ;
#423 = CARTESIAN_POINT ( 'NONE',  ( 5.875044450089777825, 53.13706121412302252, 10.00099999999999945 ) ) ;
#424 = CARTESIAN_POINT ( 'NONE',  ( 75.88613948405432552, 44.67439564682088360, 10.00000000000000000 ) ) ;
#425 = VERTEX_POINT ( 'NONE', #2269 ) ;
#426 = DIRECTION ( 'NONE',  ( 1.000000000000000000, 0.000000000000000000, 0.000000000000000000 ) ) ;
#427 = DIRECTION ( 'NONE',  ( -0.5000000000000014433, 0.8660254037844379305, 0.000000000000000000 ) ) ;
#428 = DIRECTION ( 'NONE',  ( -0.9999999924245159821, 0.0001230892683151790486, 0.000000000000000000 ) ) ;
#429 = EDGE_CURVE ( 'NONE', #3745, #5654, #5464, .T. ) ;
#430 = EDGE_CURVE ( 'NONE', #425, #2434, #2357, .T. ) ;
#431 = DIRECTION ( 'NONE',  ( 0.000000000000000000, 0.000000000000000000, -1.000000000000000000 ) ) ;
#432 = DIRECTION ( 'NONE',  ( -1.000000000000000000, 0.000000000000000000, 0.000000000000000000 ) ) ;
#433 = VERTEX_POINT ( 'NONE', #1077 ) ;
#434 = CARTESIAN_POINT ( 'NONE',  ( 73.34807733323548007, 40.95871309031685570, 5.000000000000000000 ) ) ;
#435 = ORIENTED_EDGE ( 'NONE', *, *, #2811, .T. ) ;
#436 = CARTESIAN_POINT ( 'NONE',  ( 49.09613948405447559, 29.20718193523072514, 10.00000000000000000 ) ) ;
#437 = ORIENTED_EDGE ( 'NONE', *, *, #4822, .F. ) ;
#438 = ORIENTED_EDGE ( 'NONE', *, *, #2071, .T. ) ;
#439 = LINE ( 'NONE', #2685, #3953 ) ;
#440 = ORIENTED_EDGE ( 'NONE', *, *, #817, .T. ) ;
#441 = EDGE_CURVE ( 'NONE', #5478, #2464, #3275, .T. ) ;
#442 = DIRECTION ( 'NONE',  ( -0.5000000000000006661, 0.8660254037844383745, 0.000000000000000000 ) ) ;
#443 = ORIENTED_EDGE ( 'NONE', *, *, #3169, .T. ) ;
#444 = AXIS2_PLACEMENT_3D ( 'NONE', #2393, #3166, #4146 ) ;
#445 = ORIENTED_EDGE ( 'NONE', *, *, #1038, .F. ) ;
#446 = PLANE ( 'NONE',  #3665 ) ;
#447 = EDGE_CURVE ( 'NONE', #824, #1919, #200, .T. ) ;
#448 = VECTOR ( 'NONE', #899, 1000.000000000000000 ) ;
#449 = ADVANCED_FACE ( 'NONE', ( #3763 ), #4631, .T. ) ;
#450 = VERTEX_POINT ( 'NONE', #5580 ) ;
#451 = EDGE_CURVE ( 'NONE', #4955, #2161, #4261, .T. ) ;
#452 = PRODUCT_DEFINITION_CONTEXT ( 'detailed design', #3376, 'design' ) ;
#453 = AXIS2_PLACEMENT_3D ( 'NONE', #3585, #3555, #1294 ) ;
#454 = PLANE ( 'NONE',  #2968 ) ;
#455 = ORIENTED_EDGE ( 'NONE', *, *, #4682, .T. ) ;
#456 = DIRECTION ( 'NONE',  ( -0.000000000000000000, -0.000000000000000000, 1.000000000000000000 ) ) ;
#457 = LINE ( 'NONE', #2180, #3504 ) ;
#458 = AXIS2_PLACEMENT_3D ( 'NONE', #1011, #1962, #2882 ) ;
#459 = CARTESIAN_POINT ( 'NONE',  ( 24.39487291362403099, 59.35339717067414256, 10.00099999999999945 ) ) ;
#460 = ADVANCED_FACE ( 'NONE', ( #2966 ), #5522, .F. ) ;
#461 = LINE ( 'NONE', #1789, #285 ) ;
#462 = AXIS2_PLACEMENT_3D ( 'NONE', #4692, #843, #3855 ) ;
#463 = EDGE_CURVE ( 'NONE', #3785, #553, #785, .T. ) ;
#464 = EDGE_CURVE ( 'NONE', #1559, #2752, #4659, .T. ) ;
#465 = DIRECTION ( 'NONE',  ( -0.000000000000000000, -0.000000000000000000, -1.000000000000000000 ) ) ;
#466 = ORIENTED_EDGE ( 'NONE', *, *, #4780, .F. ) ;
#467 = VECTOR ( 'NONE', #886, 1000.000000000000000 ) ;
#468 = DIRECTION ( 'NONE',  ( 1.000000000000000000, 0.000000000000000000, 0.000000000000000000 ) ) ;
#469 = CARTESIAN_POINT ( 'NONE',  ( 0.000000000000000000, 28.88980021391638431, 3.399999999999983036 ) ) ;
#470 = ORIENTED_EDGE ( 'NONE', *, *, #5484, .T. ) ;
#471 = VECTOR ( 'NONE', #5234, 1000.000000000000000 ) ;
#472 = ORIENTED_EDGE ( 'NONE', *, *, #1314, .T. ) ;
#473 = ADVANCED_FACE ( 'NONE', ( #5552 ), #662, .F. ) ;
#474 = CARTESIAN_POINT ( 'NONE',  ( 70.95973302350341783, 37.20718193523073580, 10.00000000000000000 ) ) ;
#475 = ORIENTED_EDGE ( 'NONE', *, *, #815, .T. ) ;
#476 = ORIENTED_EDGE ( 'NONE', *, *, #4428, .T. ) ;
#477 = AXIS2_PLACEMENT_3D ( 'NONE', #3469, #4409, #2250 ) ;
#478 = AXIS2_PLACEMENT_3D ( 'NONE', #4996, #600, #1495 ) ;
#479 = ORIENTED_EDGE ( 'NONE', *, *, #1854, .F. ) ;
#480 = EDGE_CURVE ( 'NONE', #1919, #5238, #5091, .T. ) ;
#481 = VECTOR ( 'NONE', #4087, 1000.000000000000000 ) ;
#482 = CIRCLE ( 'NONE', #2509, 1.699999999999993072 ) ;
#483 = ORIENTED_EDGE ( 'NONE', *, *, #4616, .F. ) ;
#484 = DIRECTION ( 'NONE',  ( -0.7071067811865497932, -0.7071067811865453523, 0.000000000000000000 ) ) ;
#485 = VECTOR ( 'NONE', #4224, 1000.000000000000000 ) ;
#486 = DIRECTION ( 'NONE',  ( -0.7071067811865462405, 0.7071067811865489050, 0.000000000000000000 ) ) ;
#487 = CARTESIAN_POINT ( 'NONE',  ( 40.83180065388673796, 38.69286487643512373, 1.699885383662997906 ) ) ;
#488 = ORIENTED_EDGE ( 'NONE', *, *, #123, .T. ) ;
#489 = FACE_OUTER_BOUND ( 'NONE', #3632, .T. ) ;
#490 = VECTOR ( 'NONE', #5624, 1000.000000000000000 ) ;
#491 = CARTESIAN_POINT ( 'NONE',  ( 0.000000000000000000, 35.48980021391638928, 4.000000000000000000 ) ) ;
#492 = CARTESIAN_POINT ( 'NONE',  ( 59.74084972657723824, 30.61190122397092495, 1.109997883926998163 ) ) ;
#493 = EDGE_CURVE ( 'NONE', #4843, #5283, #3366, .T. ) ;
#494 = CARTESIAN_POINT ( 'NONE',  ( 17.46155956311902457, 3.469446951953614189E-15, 4.000000000000000000 ) ) ;
#495 = LINE ( 'NONE', #5349, #1472 ) ;
#496 = CARTESIAN_POINT ( 'NONE',  ( 42.16793625377896149, 41.20718193523075712, 7.000000000000000000 ) ) ;
#497 = EDGE_CURVE ( 'NONE', #1243, #5110, #4170, .T. ) ;
#498 = LINE ( 'NONE', #4463, #471 ) ;
#499 = EDGE_LOOP ( 'NONE', ( #1971, #1421, #1977, #5159 ) ) ;
#500 = CARTESIAN_POINT ( 'NONE',  ( 76.16692151384303600, 8.415085090169998949, 10.00000000000000000 ) ) ;
#501 = DIRECTION ( 'NONE',  ( 0.000000000000000000, 0.000000000000000000, -1.000000000000000000 ) ) ;
#502 = EDGE_CURVE ( 'NONE', #2893, #2428, #1670, .T. ) ;
#503 = CARTESIAN_POINT ( 'NONE',  ( 65.74084972657723824, 23.61190122397092495, 1.109997883926998163 ) ) ;
#504 = VERTEX_POINT ( 'NONE', #3796 ) ;
#505 = ORIENTED_EDGE ( 'NONE', *, *, #1546, .T. ) ;
#506 = LINE ( 'NONE', #4840, #4232 ) ;
#507 = EDGE_LOOP ( 'NONE', ( #4986, #4209, #5248, #422 ) ) ;
#508 = ORIENTED_EDGE ( 'NONE', *, *, #5336, .F. ) ;
#509 = VERTEX_POINT ( 'NONE', #1640 ) ;
#510 = DIRECTION ( 'NONE',  ( -0.8660254037844378194, -0.5000000000000013323, 0.000000000000000000 ) ) ;
#511 = VERTEX_POINT ( 'NONE', #2851 ) ;
#512 = CARTESIAN_POINT ( 'NONE',  ( 24.39487291362403099, 59.35339717067414256, 10.00099999999999945 ) ) ;
#513 = EDGE_CURVE ( 'NONE', #673, #3182, #1613, .T. ) ;
#514 = LINE ( 'NONE', #2262, #294 ) ;
#515 = ORIENTED_EDGE ( 'NONE', *, *, #4214, .F. ) ;
#516 = DIRECTION ( 'NONE',  ( 1.000000000000000000, 0.000000000000000000, 0.000000000000000000 ) ) ;
#517 = PLANE ( 'NONE',  #3593 ) ;
#518 = DIRECTION ( 'NONE',  ( -1.000000000000000000, 1.734723475976805517E-15, 0.000000000000000000 ) ) ;
#519 = CARTESIAN_POINT ( 'NONE',  ( 24.30793625377895850, 25.20718193523071449, 7.000000000000000000 ) ) ;
#520 = CARTESIAN_POINT ( 'NONE',  ( 66.95613948405447502, 37.20718193523074291, 10.00000000000000000 ) ) ;
#521 = PRODUCT_CONTEXT ( 'NONE', #4367, 'mechanical' ) ;
#522 = DIRECTION ( 'NONE',  ( 1.000000000000000000, 0.000000000000000000, -0.000000000000000000 ) ) ;
#523 = ORIENTED_EDGE ( 'NONE', *, *, #5414, .T. ) ;
#524 = EDGE_CURVE ( 'NONE', #74, #1559, #231, .T. ) ;
#525 = PLANE ( 'NONE',  #477 ) ;
#526 = ORIENTED_EDGE ( 'NONE', *, *, #1798, .T. ) ;
#527 = ORIENTED_EDGE ( 'NONE', *, *, #568, .T. ) ;
#528 = EDGE_CURVE ( 'NONE', #4759, #215, #1218, .T. ) ;
#529 = CARTESIAN_POINT ( 'NONE',  ( 60.02793625377894671, 25.20718193523071449, 10.00000000000000000 ) ) ;
#530 = VERTEX_POINT ( 'NONE', #4726 ) ;
#531 = ORIENTED_EDGE ( 'NONE', *, *, #3313, .F. ) ;
#532 = EDGE_LOOP ( 'NONE', ( #976, #1125, #3654, #531, #1344, #2017, #4903, #1347, #3101, #219, #5475, #3613, #1973, #523, #184, #4650, #1237, #4235, #2038, #833, #3203, #2663, #2902, #505, #2028, #3920, #5362, #2872, #3659, #2930, #1288, #4877, #2648, #2954, #1922, #2950, #2408, #2106, #3148, #2052, #29, #5077, #2581, #559, #3754, #1002, #3946, #1083, #2325, #5342 ) ) ;
#533 = DIRECTION ( 'NONE',  ( 0.7086689616036382366, 0.7055411418617776320, 0.000000000000000000 ) ) ;
#534 = VERTEX_POINT ( 'NONE', #4194 ) ;
#535 = CARTESIAN_POINT ( 'NONE',  ( 70.95973302350341783, 29.20718193523073225, 10.00000000000000000 ) ) ;
#536 = DIRECTION ( 'NONE',  ( -0.000000000000000000, -0.000000000000000000, 1.000000000000000000 ) ) ;
#537 = ORIENTED_EDGE ( 'NONE', *, *, #560, .T. ) ;
#538 = VECTOR ( 'NONE', #1806, 1000.000000000000000 ) ;
#539 = LINE ( 'NONE', #2635, #4403 ) ;
#540 = CARTESIAN_POINT ( 'NONE',  ( 40.16613948405434087, 52.67439564682089781, 7.000000000000000000 ) ) ;
#541 = FACE_OUTER_BOUND ( 'NONE', #4910, .T. ) ;
#542 = VECTOR ( 'NONE', #5014, 999.9999999999998863 ) ;
#543 = LINE ( 'NONE', #5394, #382 ) ;
#544 = DIRECTION ( 'NONE',  ( 0.000000000000000000, -1.000000000000000000, 0.000000000000000000 ) ) ;
#545 = DIRECTION ( 'NONE',  ( -0.8660254037844385966, 0.4999999999999998890, 0.000000000000000000 ) ) ;
#546 = STYLED_ITEM ( 'NONE', ( #2943 ), #3482 ) ;
#547 = ADVANCED_FACE ( 'NONE', ( #2536 ), #1105, .F. ) ;
#548 = DIRECTION ( 'NONE',  ( -0.7100637267678131526, -0.7041374183556817767, 0.000000000000000000 ) ) ;
#549 = ORIENTED_EDGE ( 'NONE', *, *, #4065, .F. ) ;
#550 = CARTESIAN_POINT ( 'NONE',  ( 59.74084972657723824, 30.61190122397092495, 1.109997883926998163 ) ) ;
#551 = CIRCLE ( 'NONE', #2490, 1.699999999999979305 ) ;
#552 = CARTESIAN_POINT ( 'NONE',  ( 33.23793625377881256, 40.67439564682086939, 10.00000000000000000 ) ) ;
#553 = VERTEX_POINT ( 'NONE', #3302 ) ;
#554 = EDGE_LOOP ( 'NONE', ( #1212, #1114, #3177, #5272 ) ) ;
#555 = LINE ( 'NONE', #2311, #4506 ) ;
#556 = VECTOR ( 'NONE', #613, 1000.000000000000227 ) ;
#557 = EDGE_LOOP ( 'NONE', ( #4340, #3382, #5479, #1713, #3634 ) ) ;
#558 = CARTESIAN_POINT ( 'NONE',  ( 32.14653210253800353, 35.48980021391638928, 4.000000000000000000 ) ) ;
#559 = ORIENTED_EDGE ( 'NONE', *, *, #4873, .T. ) ;
#560 = EDGE_CURVE ( 'NONE', #611, #147, #3733, .T. ) ;
#561 = AXIS2_PLACEMENT_3D ( 'NONE', #4398, #3934, #846 ) ;
#562 = ORIENTED_EDGE ( 'NONE', *, *, #421, .T. ) ;
#563 = ADVANCED_FACE ( 'NONE', ( #4709 ), #2062, .F. ) ;
#564 = VECTOR ( 'NONE', #606, 1000.000000000000000 ) ;
#565 = ORIENTED_EDGE ( 'NONE', *, *, #1904, .F. ) ;
#566 = FACE_OUTER_BOUND ( 'NONE', #3026, .T. ) ;
#567 = CARTESIAN_POINT ( 'NONE',  ( 33.23793625377881256, 40.67439564682086939, 7.000000000000000000 ) ) ;
#568 = EDGE_CURVE ( 'NONE', #2984, #157, #359, .T. ) ;
#569 = ORIENTED_EDGE ( 'NONE', *, *, #342, .F. ) ;
#570 = AXIS2_PLACEMENT_3D ( 'NONE', #602, #632, #2704 ) ;
#571 = VECTOR ( 'NONE', #5461, 1000.000000000000000 ) ;
#572 = CARTESIAN_POINT ( 'NONE',  ( 8.449733023503291918, 44.67439564682089070, 7.000000000000000000 ) ) ;
#573 = CARTESIAN_POINT ( 'NONE',  ( 17.37973302350343019, 29.20718193523073225, 10.00000000000000000 ) ) ;
#574 = AXIS2_PLACEMENT_3D ( 'NONE', #352, #672, #3862 ) ;
#575 = LINE ( 'NONE', #2330, #5530 ) ;
#576 = CARTESIAN_POINT ( 'NONE',  ( 75.02984732797570189, 28.93771831048098520, 0.000000000000000000 ) ) ;
#577 = LINE ( 'NONE', #603, #3863 ) ;
#578 = VECTOR ( 'NONE', #5684, 1000.000000000000114 ) ;
#579 = DIRECTION ( 'NONE',  ( -0.8660254037844378194, -0.5000000000000013323, 0.000000000000000000 ) ) ;
#580 = CARTESIAN_POINT ( 'NONE',  ( 13.37613948405448738, 29.20718193523072514, 7.000000000000000000 ) ) ;
#581 = ORIENTED_EDGE ( 'NONE', *, *, #4127, .T. ) ;
#582 = DIRECTION ( 'NONE',  ( 0.8660254037844382635, -0.5000000000000005551, 0.000000000000000000 ) ) ;
#583 = CARTESIAN_POINT ( 'NONE',  ( 79.97474980950003953, 54.29582948390102359, 10.00000000000000000 ) ) ;
#584 = CARTESIAN_POINT ( 'NONE',  ( 64.56983569344401985, 40.61884720954800088, -8.271542309605473875 ) ) ;
#585 = ORIENTED_EDGE ( 'NONE', *, *, #326, .F. ) ;
#586 = EDGE_LOOP ( 'NONE', ( #4881, #1933, #3925, #3022 ) ) ;
#587 = DIRECTION ( 'NONE',  ( 1.000000000000000000, -0.000000000000000000, -0.000000000000000000 ) ) ;
#588 = LINE ( 'NONE', #645, #4258 ) ;
#589 = EDGE_LOOP ( 'NONE', ( #5387, #3696, #3452, #2528 ) ) ;
#590 = ORIENTED_EDGE ( 'NONE', *, *, #3391, .T. ) ;
#591 = DIRECTION ( 'NONE',  ( 1.000000000000000000, 0.000000000000000000, 0.000000000000000000 ) ) ;
#592 = ORIENTED_EDGE ( 'NONE', *, *, #1512, .F. ) ;
#593 = PLANE ( 'NONE',  #3932 ) ;
#594 = EDGE_CURVE ( 'NONE', #5503, #4589, #1176, .T. ) ;
#595 = ADVANCED_FACE ( 'NONE', ( #5103 ), #2494, .F. ) ;
#596 = CARTESIAN_POINT ( 'NONE',  ( 77.98218423212703954, 5.000000000000023093, 0.000000000000000000 ) ) ;
#597 = ORIENTED_EDGE ( 'NONE', *, *, #5096, .F. ) ;
#598 = EDGE_CURVE ( 'NONE', #3716, #3841, #5595, .T. ) ;
#599 = CARTESIAN_POINT ( 'NONE',  ( 49.09613948405447559, 37.20718193523074291, 7.000000000000000000 ) ) ;
#600 = DIRECTION ( 'NONE',  ( 0.000000000000000000, -1.000000000000000000, 0.000000000000000000 ) ) ;
#601 = CARTESIAN_POINT ( 'NONE',  ( 69.83157658086554420, 23.35317541498460159, 4.000000000000000000 ) ) ;
#602 = CARTESIAN_POINT ( 'NONE',  ( 6.447936253778962623, 25.20718193523071449, 7.000000000000000000 ) ) ;
#603 = CARTESIAN_POINT ( 'NONE',  ( 5.875044450089794701, 53.13706121412302252, 4.000000000000000000 ) ) ;
#604 = EDGE_CURVE ( 'NONE', #1151, #5283, #4673, .T. ) ;
#605 = CARTESIAN_POINT ( 'NONE',  ( 74.43211764624987836, 51.26230093957098433, 4.000000000000000000 ) ) ;
#606 = DIRECTION ( 'NONE',  ( -1.734723475976805517E-15, -1.000000000000000000, 0.000000000000000000 ) ) ;
#607 = ORIENTED_EDGE ( 'NONE', *, *, #3181, .F. ) ;
#608 = FACE_OUTER_BOUND ( 'NONE', #4437, .T. ) ;
#609 = DIRECTION ( 'NONE',  ( 1.000000000000000000, -0.000000000000000000, 0.000000000000000000 ) ) ;
#610 = CARTESIAN_POINT ( 'NONE',  ( 60.02793625377894671, 25.20718193523071449, 7.000000000000000000 ) ) ;
#611 = VERTEX_POINT ( 'NONE', #1236 ) ;
#612 = VERTEX_POINT ( 'NONE', #309 ) ;
#613 = DIRECTION ( 'NONE',  ( -0.8660254037844378194, -0.5000000000000013323, 0.000000000000000000 ) ) ;
#614 = EDGE_CURVE ( 'NONE', #5424, #1633, #3443, .T. ) ;
#615 = PLANE ( 'NONE',  #5449 ) ;
#616 = ORIENTED_EDGE ( 'NONE', *, *, #5156, .T. ) ;
#617 = DIRECTION ( 'NONE',  ( -0.000000000000000000, -0.000000000000000000, 1.000000000000000000 ) ) ;
#618 = ORIENTED_EDGE ( 'NONE', *, *, #1285, .F. ) ;
#619 = CARTESIAN_POINT ( 'NONE',  ( 8.888803657608024267, 56.44252476504900073, 10.00000000000000000 ) ) ;
#620 = EDGE_CURVE ( 'NONE', #3326, #3142, #4248, .T. ) ;
#621 = ORIENTED_EDGE ( 'NONE', *, *, #5239, .T. ) ;
#622 = FACE_OUTER_BOUND ( 'NONE', #5356, .T. ) ;
#623 = DIRECTION ( 'NONE',  ( 1.000000000000000000, -0.000000000000000000, -0.000000000000000000 ) ) ;
#624 = EDGE_LOOP ( 'NONE', ( #1329, #1579, #4026, #2278, #307, #4182 ) ) ;
#625 = ADVANCED_FACE ( 'NONE', ( #3778 ), #799, .F. ) ;
#626 = EDGE_CURVE ( 'NONE', #511, #640, #705, .T. ) ;
#627 = EDGE_CURVE ( 'NONE', #4383, #4843, #3001, .T. ) ;
#628 = FACE_OUTER_BOUND ( 'NONE', #1745, .T. ) ;
#629 = DIRECTION ( 'NONE',  ( 0.000000000000000000, 0.000000000000000000, -1.000000000000000000 ) ) ;
#630 = VECTOR ( 'NONE', #5212, 1000.000000000000000 ) ;
#631 = PLANE ( 'NONE',  #3054 ) ;
#632 = DIRECTION ( 'NONE',  ( 0.5000000000000001110, -0.8660254037844385966, 0.000000000000000000 ) ) ;
#633 = CARTESIAN_POINT ( 'NONE',  ( 65.16983569344401417, 34.90332283157010806, 4.000000000000000000 ) ) ;
#634 = VECTOR ( 'NONE', #3278, 1000.000000000000000 ) ;
#635 = DIRECTION ( 'NONE',  ( -0.000000000000000000, -0.000000000000000000, 1.000000000000000000 ) ) ;
#636 = ORIENTED_EDGE ( 'NONE', *, *, #1023, .T. ) ;
#637 = FACE_OUTER_BOUND ( 'NONE', #1199, .T. ) ;
#638 = DIRECTION ( 'NONE',  ( -0.000000000000000000, -0.000000000000000000, 1.000000000000000000 ) ) ;
#639 = VECTOR ( 'NONE', #80, 1000.000000000000000 ) ;
#640 = VERTEX_POINT ( 'NONE', #3840 ) ;
#641 = CARTESIAN_POINT ( 'NONE',  ( 5.871324698771779538, 34.33421759231527659, 7.000000000000000000 ) ) ;
#642 = CARTESIAN_POINT ( 'NONE',  ( 17.37973302350344440, 37.20718193523073580, 7.000000000000000000 ) ) ;
#643 = EDGE_LOOP ( 'NONE', ( #1686, #399, #5625, #4198, #5015, #388 ) ) ;
#644 = AXIS2_PLACEMENT_3D ( 'NONE', #4276, #1206, #340 ) ;
#645 = CARTESIAN_POINT ( 'NONE',  ( 24.39487291362403099, 57.66326120127521193, 4.000000000000000000 ) ) ;
#646 = ORIENTED_EDGE ( 'NONE', *, *, #1062, .F. ) ;
#647 = CARTESIAN_POINT ( 'NONE',  ( 13.37613948405448738, 37.20718193523074291, 10.00000000000000000 ) ) ;
#648 = ORIENTED_EDGE ( 'NONE', *, *, #1733, .F. ) ;
#649 = VECTOR ( 'NONE', #3496, 1000.000000000000114 ) ;
#650 = CARTESIAN_POINT ( 'NONE',  ( 24.39487291362403454, 53.90641816659306329, 6.000000000000000000 ) ) ;
#651 = ORIENTED_EDGE ( 'NONE', *, *, #123, .F. ) ;
#652 = AXIS2_PLACEMENT_3D ( 'NONE', #1897, #5389, #4909 ) ;
#654 = DIRECTION ( 'NONE',  ( -0.000000000000000000, 1.000000000000000000, -0.000000000000000000 ) ) ;
#653 = VECTOR ( 'NONE', #5508, 1000.000000000000000 ) ;
#655 = LINE ( 'NONE', #2037, #3961 ) ;
#656 = ORIENTED_EDGE ( 'NONE', *, *, #669, .T. ) ;
#657 = VECTOR ( 'NONE', #4399, 1000.000000000000000 ) ;
#658 = CARTESIAN_POINT ( 'NONE',  ( 12.01402484683469041, 5.000000000000022204, 0.000000000000000000 ) ) ;
#659 = LINE ( 'NONE', #83, #2962 ) ;
#660 = AXIS2_PLACEMENT_3D ( 'NONE', #1984, #3727, #5482 ) ;
#661 = DIRECTION ( 'NONE',  ( -0.000000000000000000, -0.000000000000000000, 1.000000000000000000 ) ) ;
#662 = PLANE ( 'NONE',  #1133 ) ;
#663 = DIRECTION ( 'NONE',  ( -0.5000000000000006661, -0.8660254037844383745, 0.000000000000000000 ) ) ;
#664 = CARTESIAN_POINT ( 'NONE',  ( 13.37613948405448738, 37.20718193523074291, 7.000000000000000000 ) ) ;
#665 = VECTOR ( 'NONE', #124, 1000.000000000000000 ) ;
#666 = DIRECTION ( 'NONE',  ( -1.000000000000000000, 0.000000000000000000, 0.000000000000000000 ) ) ;
#667 = PLANE ( 'NONE',  #4145 ) ;
#668 = VERTEX_POINT ( 'NONE', #1569 ) ;
#669 = EDGE_CURVE ( 'NONE', #3087, #5196, #4301, .T. ) ;
#670 = CARTESIAN_POINT ( 'NONE',  ( 7.188803657608023201, 8.415085090169998949, 10.00000000000000000 ) ) ;
#671 = VECTOR ( 'NONE', #32, 1000.000000000000000 ) ;
#672 = DIRECTION ( 'NONE',  ( 1.000000000000000000, 0.000000000000000000, 0.000000000000000000 ) ) ;
#673 = VERTEX_POINT ( 'NONE', #5568 ) ;
#674 = ORIENTED_EDGE ( 'NONE', *, *, #2627, .T. ) ;
#675 = CARTESIAN_POINT ( 'NONE',  ( 58.06984934592702530, 35.50332283157010949, -8.271542309605473875 ) ) ;
#676 = FACE_OUTER_BOUND ( 'NONE', #3836, .T. ) ;
#677 = ORIENTED_EDGE ( 'NONE', *, *, #3562, .T. ) ;
#678 = LINE ( 'NONE', #1373, #4072 ) ;
#679 = ORIENTED_EDGE ( 'NONE', *, *, #4107, .T. ) ;
#680 = ORIENTED_EDGE ( 'NONE', *, *, #2938, .T. ) ;
#681 = LINE ( 'NONE', #4990, #4876 ) ;
#682 = EDGE_CURVE ( 'NONE', #534, #4534, #1627, .T. ) ;
#683 = ORIENTED_EDGE ( 'NONE', *, *, #210, .T. ) ;
#684 = DIRECTION ( 'NONE',  ( 0.7071067811865479058, -0.7071067811865472397, 0.000000000000000000 ) ) ;
#685 = DIRECTION ( 'NONE',  ( 0.000000000000000000, 0.000000000000000000, -1.000000000000000000 ) ) ;
#686 = ORIENTED_EDGE ( 'NONE', *, *, #131, .F. ) ;
#687 = PLANE ( 'NONE',  #191 ) ;
#688 = EDGE_CURVE ( 'NONE', #5540, #3556, #2461, .T. ) ;
#689 = CARTESIAN_POINT ( 'NONE',  ( 0.000000000000000000, 0.000000000000000000, 7.000000000000000000 ) ) ;
#690 = FACE_OUTER_BOUND ( 'NONE', #2682, .T. ) ;
#691 = PLANE ( 'NONE',  #950 ) ;
#692 = DIRECTION ( 'NONE',  ( -0.000000000000000000, -0.000000000000000000, -1.000000000000000000 ) ) ;
#693 = DIRECTION ( 'NONE',  ( 0.8660254037844382635, -0.5000000000000005551, 0.000000000000000000 ) ) ;
#694 = CARTESIAN_POINT ( 'NONE',  ( 84.81613948405446024, 37.20718193523074291, 7.000000000000000000 ) ) ;
#695 = CARTESIAN_POINT ( 'NONE',  ( 11.13621310223726368, 34.33421759231528370, 6.000000000000000000 ) ) ;
#696 = ORIENTED_EDGE ( 'NONE', *, *, #5298, .T. ) ;
#697 = LINE ( 'NONE', #4293, #3968 ) ;
#698 = EDGE_LOOP ( 'NONE', ( #4356, #3700 ) ) ;
#699 = CARTESIAN_POINT ( 'NONE',  ( 0.000000000000000000, 0.000000000000000000, 7.000000000000000000 ) ) ;
#700 = DIRECTION ( 'NONE',  ( -0.000000000000000000, -0.000000000000000000, -1.000000000000000000 ) ) ;
#701 = EDGE_CURVE ( 'NONE', #2348, #4958, #2894, .T. ) ;
#702 = ORIENTED_EDGE ( 'NONE', *, *, #3766, .F. ) ;
#703 = PLANE ( 'NONE',  #217 ) ;
#704 = VERTEX_POINT ( 'NONE', #274 ) ;
#705 = LINE ( 'NONE', #4273, #5162 ) ;
#706 = ORIENTED_EDGE ( 'NONE', *, *, #560, .F. ) ;
#707 = ORIENTED_EDGE ( 'NONE', *, *, #2845, .T. ) ;
#708 = CARTESIAN_POINT ( 'NONE',  ( 42.16793625377896149, 41.20718193523075712, 7.000000000000000000 ) ) ;
#709 = CARTESIAN_POINT ( 'NONE',  ( 60.02793625377894671, 41.20718193523075712, 10.00000000000000000 ) ) ;
#710 = EDGE_CURVE ( 'NONE', #4748, #2868, #2029, .T. ) ;
#711 = ORIENTED_EDGE ( 'NONE', *, *, #2229, .F. ) ;
#712 = CARTESIAN_POINT ( 'NONE',  ( 6.447936253778966176, 41.20718193523075712, 7.000000000000000000 ) ) ;
#713 = DIRECTION ( 'NONE',  ( -0.8660254037844380415, -0.5000000000000012212, 0.000000000000000000 ) ) ;
#714 = ORIENTED_EDGE ( 'NONE', *, *, #2673, .T. ) ;
#715 = ADVANCED_FACE ( 'NONE', ( #3522 ), #3978, .F. ) ;
#716 = DIRECTION ( 'NONE',  ( -1.000000000000000000, 0.000000000000000000, 0.000000000000000000 ) ) ;
#717 = DIRECTION ( 'NONE',  ( -0.000000000000000000, 0.000000000000000000, 1.000000000000000000 ) ) ;
#718 = LINE ( 'NONE', #1100, #273 ) ;
#719 = CARTESIAN_POINT ( 'NONE',  ( 18.01060500309818835, 24.08592075184099457, 4.000000000000000000 ) ) ;
#720 = DIRECTION ( 'NONE',  ( 0.000000000000000000, 1.000000000000000000, 0.000000000000000000 ) ) ;
#721 = CARTESIAN_POINT ( 'NONE',  ( 55.42884860408193504, 23.35317541498460159, -10.67514906227531313 ) ) ;
#722 = CARTESIAN_POINT ( 'NONE',  ( 27.76193449734177676, 27.76193449734167373, 4.000000000000000000 ) ) ;
#723 = CARTESIAN_POINT ( 'NONE',  ( 41.42884860408194214, 25.63389438873801041, -10.67514906227531313 ) ) ;
#724 = EDGE_CURVE ( 'NONE', #1090, #222, #1358, .T. ) ;
#725 = PLANE ( 'NONE',  #5040 ) ;
#726 = FACE_OUTER_BOUND ( 'NONE', #5219, .T. ) ;
#727 = ORIENTED_EDGE ( 'NONE', *, *, #598, .T. ) ;
#728 = CARTESIAN_POINT ( 'NONE',  ( 31.23613948405447971, 37.20718193523074291, 10.00000000000000000 ) ) ;
#729 = LINE ( 'NONE', #265, #2049 ) ;
#730 = EDGE_CURVE ( 'NONE', #2345, #3228, #4866, .T. ) ;
#731 = VERTEX_POINT ( 'NONE', #5214 ) ;
#732 = CARTESIAN_POINT ( 'NONE',  ( 78.03098366803055796, 41.12459347210570826, 10.00000000000000000 ) ) ;
#733 = AXIS2_PLACEMENT_3D ( 'NONE', #1357, #2678, #63 ) ;
#734 = ORIENTED_EDGE ( 'NONE', *, *, #2329, .T. ) ;
#735 = LINE ( 'NONE', #2491, #1286 ) ;
#736 = VERTEX_POINT ( 'NONE', #5270 ) ;
#737 = VECTOR ( 'NONE', #1275, 1000.000000000000114 ) ;
#738 = DIRECTION ( 'NONE',  ( -0.7071067811865475727, 0.7071067811865475727, 0.000000000000000000 ) ) ;
#739 = ORIENTED_EDGE ( 'NONE', *, *, #4429, .F. ) ;
#740 = EDGE_CURVE ( 'NONE', #1779, #5593, #2189, .T. ) ;
#741 = EDGE_LOOP ( 'NONE', ( #3630, #5130, #3149, #4479 ) ) ;
#742 = LINE ( 'NONE', #3874, #747 ) ;
#743 = VECTOR ( 'NONE', #2465, 1000.000000000000227 ) ;
#744 = ORIENTED_EDGE ( 'NONE', *, *, #4118, .T. ) ;
#745 = LINE ( 'NONE', #1128, #3100 ) ;
#746 = FACE_OUTER_BOUND ( 'NONE', #5352, .T. ) ;
#747 = VECTOR ( 'NONE', #1657, 1000.000000000000114 ) ;
#748 = ORIENTED_EDGE ( 'NONE', *, *, #2987, .T. ) ;
#749 = ADVANCED_FACE ( 'NONE', ( #1316 ), #2621, .T. ) ;
#750 = DIRECTION ( 'NONE',  ( 0.000000000000000000, 1.000000000000000000, 0.000000000000000000 ) ) ;
#751 = VECTOR ( 'NONE', #4735, 1000.000000000000000 ) ;
#752 = CARTESIAN_POINT ( 'NONE',  ( 41.42884860408194214, 24.35317541498458738, 10.00000000000000000 ) ) ;
#753 = AXIS2_PLACEMENT_3D ( 'NONE', #1509, #3744, #5009 ) ;
#754 = DIRECTION ( 'NONE',  ( 0.000000000000000000, -1.000000000000000000, 0.000000000000000000 ) ) ;
#755 = DIRECTION ( 'NONE',  ( -0.000000000000000000, -0.000000000000000000, -1.000000000000000000 ) ) ;
#756 = EDGE_CURVE ( 'NONE', #4924, #2345, #44, .T. ) ;
#757 = CARTESIAN_POINT ( 'NONE',  ( 0.000000000000000000, 28.28980021391638289, 4.000000000000000000 ) ) ;
#758 = DIRECTION ( 'NONE',  ( 0.000000000000000000, 0.000000000000000000, 1.000000000000000000 ) ) ;
#759 = CARTESIAN_POINT ( 'NONE',  ( 59.14084972657722261, 31.21190122397094413, 4.000000000000000000 ) ) ;
#760 = AXIS2_PLACEMENT_3D ( 'NONE', #619, #2375, #5455 ) ;
#761 = DIRECTION ( 'NONE',  ( -1.355284293265842525E-13, 1.000000000000000000, 0.000000000000000000 ) ) ;
#762 = DIRECTION ( 'NONE',  ( 0.000000000000000000, -0.000000000000000000, -1.000000000000000000 ) ) ;
#763 = FACE_BOUND ( 'NONE', #1129, .T. ) ;
#764 = EDGE_LOOP ( 'NONE', ( #4040, #1181, #5664, #2712 ) ) ;
#765 = VECTOR ( 'NONE', #692, 1000.000000000000000 ) ;
#766 = AXIS2_PLACEMENT_3D ( 'NONE', #2134, #816, #2970 ) ;
#767 = LINE ( 'NONE', #383, #279 ) ;
#768 = DIRECTION ( 'NONE',  ( -1.982541115402065702E-15, -1.000000000000000000, 0.000000000000000000 ) ) ;
#769 = VECTOR ( 'NONE', #1909, 1000.000000000000000 ) ;
#770 = CARTESIAN_POINT ( 'NONE',  ( 30.54606450874868173, -30.54606450874760171, 0.000000000000000000 ) ) ;
#771 = EDGE_LOOP ( 'NONE', ( #139, #3781, #2195, #3639, #1802, #3975 ) ) ;
#772 = DIRECTION ( 'NONE',  ( 0.000000000000000000, 0.000000000000000000, -1.000000000000000000 ) ) ;
#773 = ORIENTED_EDGE ( 'NONE', *, *, #2359, .T. ) ;
#774 = VECTOR ( 'NONE', #5097, 1000.000000000000000 ) ;
#775 = CARTESIAN_POINT ( 'NONE',  ( 76.16692151384303600, 8.415085090169998949, 10.00099999999999945 ) ) ;
#776 = ORIENTED_EDGE ( 'NONE', *, *, #1574, .T. ) ;
#777 = ORIENTED_EDGE ( 'NONE', *, *, #3082, .T. ) ;
#778 = VECTOR ( 'NONE', #617, 1000.000000000000000 ) ;
#779 = LINE ( 'NONE', #5167, #5148 ) ;
#780 = ORIENTED_EDGE ( 'NONE', *, *, #3858, .F. ) ;
#781 = ORIENTED_EDGE ( 'NONE', *, *, #1040, .F. ) ;
#782 = LINE ( 'NONE', #4341, #2571 ) ;
#783 = DIRECTION ( 'NONE',  ( -0.000000000000000000, -0.000000000000000000, 1.000000000000000000 ) ) ;
#784 = PLANE ( 'NONE',  #4721 ) ;
#785 = LINE ( 'NONE', #2881, #1584 ) ;
#786 = CARTESIAN_POINT ( 'NONE',  ( 73.15243468099103552, 6.261804759730023484, 10.00099999999999945 ) ) ;
#787 = CARTESIAN_POINT ( 'NONE',  ( 0.000000000000000000, 51.26230093957098433, 4.000000000000000000 ) ) ;
#788 = ADVANCED_FACE ( 'NONE', ( #935 ), #4790, .F. ) ;
#789 = LINE ( 'NONE', #694, #3852 ) ;
#790 = DIRECTION ( 'NONE',  ( -0.5000000000000006661, -0.8660254037844383745, 0.000000000000000000 ) ) ;
#791 = VERTEX_POINT ( 'NONE', #5240 ) ;
#792 = SURFACE_SIDE_STYLE ('',( #3832 ) ) ;
#793 = CARTESIAN_POINT ( 'NONE',  ( 44.16973302350329078, 52.67439564682089781, 10.00000000000000000 ) ) ;
#794 = DIRECTION ( 'NONE',  ( -1.000000000000000000, 0.000000000000000000, -0.000000000000000000 ) ) ;
#795 = ADVANCED_FACE ( 'NONE', ( #3078 ), #525, .F. ) ;
#796 = VERTEX_POINT ( 'NONE', #2221 ) ;
#797 = DIRECTION ( 'NONE',  ( 0.8660254037844378194, -0.5000000000000013323, 0.000000000000000000 ) ) ;
#798 = ORIENTED_EDGE ( 'NONE', *, *, #1072, .T. ) ;
#799 = PLANE ( 'NONE',  #4059 ) ;
#800 = EDGE_LOOP ( 'NONE', ( #4381, #5547, #243, #1356 ) ) ;
#801 = VERTEX_POINT ( 'NONE', #5674 ) ;
#802 = CARTESIAN_POINT ( 'NONE',  ( 26.30973302350328424, 44.67439564682089070, 7.000000000000000000 ) ) ;
#803 = CARTESIAN_POINT ( 'NONE',  ( 41.42884860408194214, 27.75317541498460372, -10.67514906227531313 ) ) ;
#804 = VERTEX_POINT ( 'NONE', #1795 ) ;
#805 = CARTESIAN_POINT ( 'NONE',  ( 49.09613948405447559, 27.75317541498460372, 7.000000000000000000 ) ) ;
#806 = ORIENTED_EDGE ( 'NONE', *, *, #820, .F. ) ;
#807 = ORIENTED_EDGE ( 'NONE', *, *, #5131, .T. ) ;
#808 = CARTESIAN_POINT ( 'NONE',  ( 71.31952070086403239, 0.000000000000000000, 4.000000000000000000 ) ) ;
#809 = CARTESIAN_POINT ( 'NONE',  ( 0.000000000000000000, 0.000000000000000000, 6.000000000000000000 ) ) ;
#810 = CARTESIAN_POINT ( 'NONE',  ( 53.09973302350341839, 29.20718193523073225, 7.000000000000000000 ) ) ;
#811 = ADVANCED_FACE ( 'NONE', ( #65 ), #4467, .F. ) ;
#812 = LINE ( 'NONE', #1296, #671 ) ;
#813 = EDGE_LOOP ( 'NONE', ( #4178, #994, #5428, #2409 ) ) ;
#814 = CARTESIAN_POINT ( 'NONE',  ( 70.95973302350341783, 37.20718193523073580, 7.000000000000000000 ) ) ;
#815 = EDGE_CURVE ( 'NONE', #3830, #5615, #2165, .T. ) ;
#816 = DIRECTION ( 'NONE',  ( -0.7071067811865475727, -0.7071067811865475727, 0.000000000000000000 ) ) ;
#817 = EDGE_CURVE ( 'NONE', #1177, #362, #1738, .T. ) ;
#818 = LINE ( 'NONE', #1620, #2939 ) ;
#819 = ORIENTED_EDGE ( 'NONE', *, *, #1607, .T. ) ;
#820 = EDGE_CURVE ( 'NONE', #968, #4982, #1822, .T. ) ;
#821 = CARTESIAN_POINT ( 'NONE',  ( 78.03192893766751581, 51.26230093957098433, 4.000000000000000000 ) ) ;
#822 = ORIENTED_EDGE ( 'NONE', *, *, #4536, .T. ) ;
#823 = DIRECTION ( 'NONE',  ( -0.000000000000000000, -0.000000000000000000, -1.000000000000000000 ) ) ;
#824 = VERTEX_POINT ( 'NONE', #881 ) ;
#825 = EDGE_CURVE ( 'NONE', #4330, #5680, #5324, .T. ) ;
#826 = DIRECTION ( 'NONE',  ( -0.5773502691896212902, -0.5773502691896212902, 0.5773502691896346128 ) ) ;
#827 = VECTOR ( 'NONE', #1034, 1000.000000000000000 ) ;
#828 = ORIENTED_EDGE ( 'NONE', *, *, #2476, .T. ) ;
#829 = ORIENTED_EDGE ( 'NONE', *, *, #2776, .T. ) ;
#830 = CARTESIAN_POINT ( 'NONE',  ( 64.56983569344401985, 40.61884720954800088, 3.399999999999996803 ) ) ;
#831 = VERTEX_POINT ( 'NONE', #1770 ) ;
#832 = VECTOR ( 'NONE', #1577, 1000.000000000000227 ) ;
#833 = ORIENTED_EDGE ( 'NONE', *, *, #730, .F. ) ;
#834 = ADVANCED_FACE ( 'NONE', ( #2645 ), #4896, .F. ) ;
#835 = EDGE_LOOP ( 'NONE', ( #3743, #2066, #5628, #3501 ) ) ;
#836 = VECTOR ( 'NONE', #4758, 1000.000000000000114 ) ;
#837 = LINE ( 'NONE', #286, #3760 ) ;
#839 = FACE_OUTER_BOUND ( 'NONE', #4868, .T. ) ;
#838 = AXIS2_PLACEMENT_3D ( 'NONE', #4573, #3710, #2388 ) ;
#840 = ADVANCED_FACE ( 'NONE', ( #94 ), #1473, .T. ) ;
#841 = FACE_OUTER_BOUND ( 'NONE', #974, .T. ) ;
#842 = ORIENTED_EDGE ( 'NONE', *, *, #387, .T. ) ;
#843 = DIRECTION ( 'NONE',  ( 1.000000000000000000, 0.000000000000000000, -0.000000000000000000 ) ) ;
#844 = CARTESIAN_POINT ( 'NONE',  ( 41.42884860408194214, 27.75317541498460372, 4.000000000000000000 ) ) ;
#845 = VECTOR ( 'NONE', #1413, 1000.000000000000114 ) ;
#846 = DIRECTION ( 'NONE',  ( -1.000000000000000000, 0.000000000000000000, 0.000000000000000000 ) ) ;
#847 = LINE ( 'NONE', #2156, #2132 ) ;
#848 = VECTOR ( 'NONE', #5438, 1000.000000000000000 ) ;
#849 =( NAMED_UNIT ( * ) PLANE_ANGLE_UNIT ( ) SI_UNIT ( $, .RADIAN. ) );
#850 = CARTESIAN_POINT ( 'NONE',  ( 64.56983569344401985, 40.61884720954800088, 0.3999999999999975797 ) ) ;
#851 = EDGE_CURVE ( 'NONE', #1359, #3524, #4527, .T. ) ;
#852 = LINE ( 'NONE', #2025, #98 ) ;
#853 = VECTOR ( 'NONE', #1675, 1000.000000000000000 ) ;
#854 = ORIENTED_EDGE ( 'NONE', *, *, #5290, .F. ) ;
#855 = FACE_OUTER_BOUND ( 'NONE', #499, .T. ) ;
#856 = ORIENTED_EDGE ( 'NONE', *, *, #682, .T. ) ;
#857 = ADVANCED_FACE ( 'NONE', ( #3629 ), #2307, .T. ) ;
#858 = VECTOR ( 'NONE', #1688, 1000.000000000000000 ) ;
#859 = DIRECTION ( 'NONE',  ( -1.000000000000000000, 0.000000000000000000, 0.000000000000000000 ) ) ;
#860 = PLANE ( 'NONE',  #3969 ) ;
#861 = EDGE_LOOP ( 'NONE', ( #674, #4202, #1093, #5569 ) ) ;
#862 = VERTEX_POINT ( 'NONE', #213 ) ;
#863 = DIRECTION ( 'NONE',  ( -0.5000000000000006661, -0.8660254037844383745, 0.000000000000000000 ) ) ;
#864 = AXIS2_PLACEMENT_3D ( 'NONE', #85, #1845, #1902 ) ;
#865 = CARTESIAN_POINT ( 'NONE',  ( 64.56983569344401985, 40.61884720954800088, 0.3999999999999975797 ) ) ;
#866 = ORIENTED_EDGE ( 'NONE', *, *, #3344, .T. ) ;
#867 = ORIENTED_EDGE ( 'NONE', *, *, #1227, .T. ) ;
#868 = AXIS2_PLACEMENT_3D ( 'NONE', #2716, #4010, #3085 ) ;
#869 = CARTESIAN_POINT ( 'NONE',  ( 69.83157658086554420, 23.35317541498460159, 10.00000000000000000 ) ) ;
#870 = EDGE_CURVE ( 'NONE', #1080, #4069, #2798, .T. ) ;
#871 = DIRECTION ( 'NONE',  ( -1.000000000000000000, 0.000000000000000000, 0.000000000000000000 ) ) ;
#872 = ORIENTED_EDGE ( 'NONE', *, *, #4459, .F. ) ;
#873 = CARTESIAN_POINT ( 'NONE',  ( 0.000000000000000000, 24.08592075184099457, 4.000000000000000000 ) ) ;
#874 = DIRECTION ( 'NONE',  ( -1.000000000000000000, -0.000000000000000000, -0.000000000000000000 ) ) ;
#875 = CARTESIAN_POINT ( 'NONE',  ( 8.888803657608024267, 56.44252476504900073, 10.00000000000000000 ) ) ;
#876 = CARTESIAN_POINT ( 'NONE',  ( 6.992565577373027530, 59.97470916941908570, 0.000000000000000000 ) ) ;
#877 = CARTESIAN_POINT ( 'NONE',  ( 5.873484235277212306, 45.25038475940630889, 4.000000000000000000 ) ) ;
#878 = VERTEX_POINT ( 'NONE', #552 ) ;
#879 = DIRECTION ( 'NONE',  ( -0.8660254037844385966, 0.4999999999999998890, 0.000000000000000000 ) ) ;
#880 = EDGE_LOOP ( 'NONE', ( #828, #4825, #999, #2658 ) ) ;
#881 = CARTESIAN_POINT ( 'NONE',  ( 75.88613948405432552, 44.67439564682088360, 7.000000000000000000 ) ) ;
#882 = ORIENTED_EDGE ( 'NONE', *, *, #2389, .F. ) ;
#883 = ORIENTED_EDGE ( 'NONE', *, *, #895, .T. ) ;
#884 = EDGE_CURVE ( 'NONE', #2340, #1947, #150, .T. ) ;
#885 = ADVANCED_FACE ( 'NONE', ( #1111 ), #993, .T. ) ;
#886 = DIRECTION ( 'NONE',  ( 1.000000000000000000, -0.000000000000000000, -0.000000000000000000 ) ) ;
#887 = ORIENTED_EDGE ( 'NONE', *, *, #4474, .T. ) ;
#888 = EDGE_CURVE ( 'NONE', #530, #3264, #5471, .T. ) ;
#889 = ORIENTED_EDGE ( 'NONE', *, *, #528, .F. ) ;
#890 = EDGE_CURVE ( 'NONE', #151, #612, #5379, .T. ) ;
#891 = CARTESIAN_POINT ( 'NONE',  ( 7.188803657608023201, 8.415085090169998949, 0.000000000000000000 ) ) ;
#892 = ORIENTED_EDGE ( 'NONE', *, *, #2938, .F. ) ;
#893 = FACE_OUTER_BOUND ( 'NONE', #4280, .T. ) ;
#894 = DIRECTION ( 'NONE',  ( 0.7071067811865474617, -0.7071067811865474617, -0.000000000000000000 ) ) ;
#895 = EDGE_CURVE ( 'NONE', #1858, #5653, #3195, .T. ) ;
#896 = VERTEX_POINT ( 'NONE', #1444 ) ;
#897 = LINE ( 'NONE', #2292, #1465 ) ;
#898 = FACE_BOUND ( 'NONE', #4464, .T. ) ;
#899 = DIRECTION ( 'NONE',  ( -0.7061519002946796686, 0.7080603743397965166, 0.000000000000000000 ) ) ;
#900 = DIRECTION ( 'NONE',  ( 0.000000000000000000, -1.000000000000000000, 0.000000000000000000 ) ) ;
#901 = ADVANCED_FACE ( 'NONE', ( #1082 ), #2395, .F. ) ;
#902 = CARTESIAN_POINT ( 'NONE',  ( 41.43180065388673938, 44.29286487643512515, 4.000000000000000000 ) ) ;
#903 = FACE_OUTER_BOUND ( 'NONE', #2130, .T. ) ;
#904 = CARTESIAN_POINT ( 'NONE',  ( 55.42884860408194214, 26.75317541498458951, 10.00000000000000000 ) ) ;
#905 = ORIENTED_EDGE ( 'NONE', *, *, #1618, .F. ) ;
#906 = CARTESIAN_POINT ( 'NONE',  ( 68.95793625377879721, 56.67439564682091202, 10.00000000000000000 ) ) ;
#907 = DIRECTION ( 'NONE',  ( -1.734723475976805517E-15, -1.000000000000000000, 0.000000000000000000 ) ) ;
#908 = ORIENTED_EDGE ( 'NONE', *, *, #2719, .F. ) ;
#909 = ORIENTED_EDGE ( 'NONE', *, *, #594, .T. ) ;
#910 = LINE ( 'NONE', #3172, #5328 ) ;
#911 = VERTEX_POINT ( 'NONE', #4578 ) ;
#912 = CARTESIAN_POINT ( 'NONE',  ( 73.34807733323548007, 40.95871309031685570, 4.000000000000000000 ) ) ;
#913 = ORIENTED_EDGE ( 'NONE', *, *, #3822, .F. ) ;
#914 = VECTOR ( 'NONE', #1767, 1000.000000000000000 ) ;
#915 = ADVANCED_FACE ( 'NONE', ( #4607 ), #3282, .F. ) ;
#916 = ORIENTED_EDGE ( 'NONE', *, *, #5637, .T. ) ;
#917 = DIRECTION ( 'NONE',  ( 0.000000000000000000, 1.000000000000000000, 0.000000000000000000 ) ) ;
#918 = VECTOR ( 'NONE', #4349, 1000.000000000000000 ) ;
#919 = EDGE_LOOP ( 'NONE', ( #1944, #3870, #1537, #2623 ) ) ;
#920 = ADVANCED_FACE ( 'NONE', ( #4946 ), #4923, .F. ) ;
#921 = CARTESIAN_POINT ( 'NONE',  ( 11.68769779765030847, 43.83617119703320952, 6.000000000000000000 ) ) ;
#922 = VECTOR ( 'NONE', #4878, 1000.000000000000000 ) ;
#923 = ORIENTED_EDGE ( 'NONE', *, *, #5453, .T. ) ;
#924 = FACE_OUTER_BOUND ( 'NONE', #1084, .T. ) ;
#925 = DIRECTION ( 'NONE',  ( 0.000000000000000000, 1.000000000000000000, -0.000000000000000000 ) ) ;
#926 = AXIS2_PLACEMENT_3D ( 'NONE', #4226, #2047, #3797 ) ;
#927 = DIRECTION ( 'NONE',  ( 0.000000000000000000, 0.000000000000000000, -1.000000000000000000 ) ) ;
#928 = LINE ( 'NONE', #2672, #2295 ) ;
#929 = VECTOR ( 'NONE', #128, 1000.000000000000227 ) ;
#930 = LINE ( 'NONE', #3915, #1936 ) ;
#931 = ORIENTED_EDGE ( 'NONE', *, *, #2604, .F. ) ;
#932 = VECTOR ( 'NONE', #2661, 1000.000000000000000 ) ;
#933 = VECTOR ( 'NONE', #3095, 1000.000000000000114 ) ;
#934 = FACE_OUTER_BOUND ( 'NONE', #4337, .T. ) ;
#935 = FACE_OUTER_BOUND ( 'NONE', #5514, .T. ) ;
#936 = ORIENTED_EDGE ( 'NONE', *, *, #3009, .T. ) ;
#937 = VECTOR ( 'NONE', #2445, 1000.000000000000000 ) ;
#938 = ORIENTED_EDGE ( 'NONE', *, *, #2291, .F. ) ;
#939 = CARTESIAN_POINT ( 'NONE',  ( 30.61060500309818977, 30.68592075184099599, 1.109999999999998099 ) ) ;
#940 = EDGE_CURVE ( 'NONE', #5300, #129, #1017, .T. ) ;
#941 = EDGE_LOOP ( 'NONE', ( #1856, #2957, #1894, #4071 ) ) ;
#942 = FACE_OUTER_BOUND ( 'NONE', #5446, .T. ) ;
#943 = ORIENTED_EDGE ( 'NONE', *, *, #2089, .F. ) ;
#944 = VECTOR ( 'NONE', #1189, 1000.000000000000000 ) ;
#945 = VECTOR ( 'NONE', #4402, 1000.000000000000114 ) ;
#946 = ORIENTED_EDGE ( 'NONE', *, *, #4300, .T. ) ;
#947 = DIRECTION ( 'NONE',  ( -1.734723475976805517E-15, -1.000000000000000000, 0.000000000000000000 ) ) ;
#948 = VECTOR ( 'NONE', #5443, 1000.000000000000000 ) ;
#949 = ORIENTED_EDGE ( 'NONE', *, *, #4089, .F. ) ;
#950 = AXIS2_PLACEMENT_3D ( 'NONE', #230, #1961, #1523 ) ;
#951 = DIRECTION ( 'NONE',  ( -1.000000000000000000, 0.000000000000000000, 0.000000000000000000 ) ) ;
#952 = DIRECTION ( 'NONE',  ( -0.8660254037844383745, 0.5000000000000003331, 0.000000000000000000 ) ) ;
#953 = ORIENTED_EDGE ( 'NONE', *, *, #3169, .F. ) ;
#954 = EDGE_CURVE ( 'NONE', #4388, #1824, #2339, .T. ) ;
#955 = LINE ( 'NONE', #2699, #1561 ) ;
#956 = EDGE_CURVE ( 'NONE', #1080, #4277, #1417, .T. ) ;
#957 = FACE_OUTER_BOUND ( 'NONE', #4844, .T. ) ;
#958 = CARTESIAN_POINT ( 'NONE',  ( 12.01402484683469041, 0.000000000000000000, 0.000000000000000000 ) ) ;
#959 = CARTESIAN_POINT ( 'NONE',  ( 21.03102140169215772, 46.00531091476222656, 14.51551070084607886 ) ) ;
#960 = DIRECTION ( 'NONE',  ( -0.7071067811863814834, -0.7071067811867136621, 0.000000000000000000 ) ) ;
#961 = ADVANCED_FACE ( 'NONE', ( #2766 ), #4979, .F. ) ;
#962 = DIRECTION ( 'NONE',  ( -0.000000000000000000, -0.000000000000000000, -1.000000000000000000 ) ) ;
#963 = EDGE_LOOP ( 'NONE', ( #2155, #270, #1059, #103 ) ) ;
#964 = PLANE ( 'NONE',  #5682 ) ;
#965 = PLANE ( 'NONE',  #3517 ) ;
#966 = CARTESIAN_POINT ( 'NONE',  ( 6.447936253778962623, 25.20718193523071449, 10.00000000000000000 ) ) ;
#967 = ORIENTED_EDGE ( 'NONE', *, *, #497, .T. ) ;
#968 = VERTEX_POINT ( 'NONE', #793 ) ;
#969 = LINE ( 'NONE', #4385, #1478 ) ;
#970 = ORIENTED_EDGE ( 'NONE', *, *, #2845, .F. ) ;
#971 = DIRECTION ( 'NONE',  ( -1.000000000000000000, 0.000000000000000000, 0.000000000000000000 ) ) ;
#972 = ORIENTED_EDGE ( 'NONE', *, *, #4030, .F. ) ;
#973 = EDGE_CURVE ( 'NONE', #3111, #4365, #2519, .T. ) ;
#974 = EDGE_LOOP ( 'NONE', ( #1860, #3810, #4994, #3988 ) ) ;
#975 = CARTESIAN_POINT ( 'NONE',  ( 5.871324698771779538, 34.33421759231527659, 6.000000000000000000 ) ) ;
#976 = ORIENTED_EDGE ( 'NONE', *, *, #604, .T. ) ;
#977 = LINE ( 'NONE', #3239, #1459 ) ;
#978 = DIRECTION ( 'NONE',  ( -0.8660254037844378194, -0.5000000000000013323, 0.000000000000000000 ) ) ;
#979 = VERTEX_POINT ( 'NONE', #2108 ) ;
#980 = CARTESIAN_POINT ( 'NONE',  ( 17.37973302350343019, 29.20718193523073225, 10.00000000000000000 ) ) ;
#981 = CARTESIAN_POINT ( 'NONE',  ( 12.01402484683469041, 5.000000000000022204, 4.000000000000000000 ) ) ;
#982 = LINE ( 'NONE', #3271, #204 ) ;
#983 = CARTESIAN_POINT ( 'NONE',  ( 65.74084972657723824, 23.61190122397092495, 4.000000000000000000 ) ) ;
#984 = CARTESIAN_POINT ( 'NONE',  ( 70.95973302350341783, 37.20718193523073580, 7.000000000000000000 ) ) ;
#985 = DIRECTION ( 'NONE',  ( 1.000000000000000000, -0.000000000000000000, 0.000000000000000000 ) ) ;
#986 = DIRECTION ( 'NONE',  ( 0.7071067811865474617, -0.7071067811865474617, 0.000000000000000000 ) ) ;
#987 = CARTESIAN_POINT ( 'NONE',  ( 53.09973302350341839, 29.20718193523073225, 7.000000000000000000 ) ) ;
#988 = ORIENTED_EDGE ( 'NONE', *, *, #5562, .F. ) ;
#989 = EDGE_CURVE ( 'NONE', #247, #2346, #5186, .T. ) ;
#990 = PLANE ( 'NONE',  #1551 ) ;
#991 = DIRECTION ( 'NONE',  ( -0.000000000000000000, -0.000000000000000000, -1.000000000000000000 ) ) ;
#992 = EDGE_CURVE ( 'NONE', #3106, #2373, #2544, .T. ) ;
#993 = PLANE ( 'NONE',  #3693 ) ;
#994 = ORIENTED_EDGE ( 'NONE', *, *, #1817, .T. ) ;
#995 = EDGE_LOOP ( 'NONE', ( #1018, #2577, #3442, #1517 ) ) ;
#996 = LINE ( 'NONE', #47, #1571 ) ;
#997 = ORIENTED_EDGE ( 'NONE', *, *, #4789, .F. ) ;
#998 = CARTESIAN_POINT ( 'NONE',  ( 58.06984934592702530, 40.61884720954800088, -8.271542309605473875 ) ) ;
#999 = ORIENTED_EDGE ( 'NONE', *, *, #1311, .F. ) ;
#1000 = ORIENTED_EDGE ( 'NONE', *, *, #4030, .T. ) ;
#1001 = ADVANCED_FACE ( 'NONE', ( #4200 ), #4667, .F. ) ;
#1002 = ORIENTED_EDGE ( 'NONE', *, *, #3465, .T. ) ;
#1003 = FACE_OUTER_BOUND ( 'NONE', #2875, .T. ) ;
#1004 = DIRECTION ( 'NONE',  ( 0.7071067811865489050, 0.7071067811865462405, -0.000000000000000000 ) ) ;
#1005 = EDGE_LOOP ( 'NONE', ( #734, #2650, #3663, #727 ) ) ;
#1006 = VECTOR ( 'NONE', #4883, 1000.000000000000000 ) ;
#1007 = DIRECTION ( 'NONE',  ( -0.7071067811865475727, -0.7071067811865475727, -0.000000000000000000 ) ) ;
#1008 = VECTOR ( 'NONE', #754, 1000.000000000000000 ) ;
#1009 = LINE ( 'NONE', #2756, #106 ) ;
#1010 = CARTESIAN_POINT ( 'NONE',  ( 68.95793625377879721, 56.67439564682091202, 7.000000000000000000 ) ) ;
#1011 = CARTESIAN_POINT ( 'NONE',  ( 24.39487291362403099, 59.35339717067414256, 6.000000000000000000 ) ) ;
#1012 = VECTOR ( 'NONE', #716, 1000.000000000000000 ) ;
#1013 = CARTESIAN_POINT ( 'NONE',  ( 6.447936253778962623, 25.20718193523071449, 7.000000000000000000 ) ) ;
#1014 = VERTEX_POINT ( 'NONE', #2083 ) ;
#1015 = CARTESIAN_POINT ( 'NONE',  ( 22.30613948405434499, 44.67439564682088360, 10.00000000000000000 ) ) ;
#1016 = VECTOR ( 'NONE', #5027, 1000.000000000000000 ) ;
#1017 = LINE ( 'NONE', #3605, #1230 ) ;
#1018 = ORIENTED_EDGE ( 'NONE', *, *, #4165, .F. ) ;
#1019 = ORIENTED_EDGE ( 'NONE', *, *, #5251, .T. ) ;
#1020 = CARTESIAN_POINT ( 'NONE',  ( 76.16692151384303600, 56.44252476504900073, 10.00099999999999945 ) ) ;
#1021 = VECTOR ( 'NONE', #1355, 1000.000000000000000 ) ;
#1022 = EDGE_CURVE ( 'NONE', #4277, #179, #2021, .T. ) ;
#1023 = EDGE_CURVE ( 'NONE', #1792, #4360, #697, .T. ) ;
#1024 = ORIENTED_EDGE ( 'NONE', *, *, #2886, .T. ) ;
#1025 = CARTESIAN_POINT ( 'NONE',  ( 8.449733023503291918, 44.67439564682089070, 7.000000000000000000 ) ) ;
#1026 = ORIENTED_EDGE ( 'NONE', *, *, #1874, .F. ) ;
#1027 = VECTOR ( 'NONE', #2441, 1000.000000000000114 ) ;
#1028 = VECTOR ( 'NONE', #2870, 1000.000000000000000 ) ;
#1029 = ORIENTED_EDGE ( 'NONE', *, *, #1081, .F. ) ;
#1030 = CARTESIAN_POINT ( 'NONE',  ( 40.83180065388673796, 43.69286487643512373, 3.399999999999983036 ) ) ;
#1031 = LINE ( 'NONE', #3291, #4492 ) ;
#1032 = AXIS2_PLACEMENT_3D ( 'NONE', #875, #58, #3563 ) ;
#1033 = ORIENTED_EDGE ( 'NONE', *, *, #4350, .F. ) ;
#1034 = DIRECTION ( 'NONE',  ( 0.000000000000000000, -1.000000000000000000, 0.000000000000000000 ) ) ;
#1035 = LINE ( 'NONE', #4016, #4331 ) ;
#1036 = ORIENTED_EDGE ( 'NONE', *, *, #5209, .F. ) ;
#1037 = AXIS2_PLACEMENT_3D ( 'NONE', #4993, #685, #1070 ) ;
#1038 = EDGE_CURVE ( 'NONE', #2030, #5220, #3374, .T. ) ;
#1039 = VECTOR ( 'NONE', #4570, 1000.000000000000000 ) ;
#1040 = EDGE_CURVE ( 'NONE', #2720, #5680, #2453, .T. ) ;
#1041 = DIRECTION ( 'NONE',  ( 0.5773502691896212902, -0.5773502691896212902, -0.5773502691896346128 ) ) ;
#1042 = CARTESIAN_POINT ( 'NONE',  ( 16.26968486712803141, 5.000000000000022204, 10.00000000000000000 ) ) ;
#1043 = VECTOR ( 'NONE', #3740, 1000.000000000000000 ) ;
#1044 = LINE ( 'NONE', #2043, #4243 ) ;
#1045 = LINE ( 'NONE', #1010, #3973 ) ;
#1046 = DIRECTION ( 'NONE',  ( 1.000000000000000000, 0.000000000000000000, -0.000000000000000000 ) ) ;
#1047 = FACE_OUTER_BOUND ( 'NONE', #4841, .T. ) ;
#1048 = VECTOR ( 'NONE', #218, 1000.000000000000000 ) ;
#1049 = LINE ( 'NONE', #2792, #4516 ) ;
#1050 = VERTEX_POINT ( 'NONE', #3345 ) ;
#1051 = CARTESIAN_POINT ( 'NONE',  ( 53.09973302350341839, 29.20718193523073225, 10.00000000000000000 ) ) ;
#1052 = LINE ( 'NONE', #5406, #4861 ) ;
#1053 = DIRECTION ( 'NONE',  ( 0.000000000000000000, -1.000000000000000000, -0.000000000000000000 ) ) ;
#1054 = EDGE_CURVE ( 'NONE', #4150, #4106, #4234, .T. ) ;
#1055 = ORIENTED_EDGE ( 'NONE', *, *, #1546, .F. ) ;
#1056 = DIRECTION ( 'NONE',  ( 0.000000000000000000, 0.000000000000000000, 1.000000000000000000 ) ) ;
#1057 = ORIENTED_EDGE ( 'NONE', *, *, #5266, .F. ) ;
#1058 = LINE ( 'NONE', #1447, #4137 ) ;
#1059 = ORIENTED_EDGE ( 'NONE', *, *, #1364, .F. ) ;
#1060 = CARTESIAN_POINT ( 'NONE',  ( 10.59981128446159460, 12.01402484683418415, 0.000000000000000000 ) ) ;
#1061 = ORIENTED_EDGE ( 'NONE', *, *, #5112, .T. ) ;
#1062 = EDGE_CURVE ( 'NONE', #2161, #1232, #3404, .T. ) ;
#1063 = EDGE_CURVE ( 'NONE', #5037, #1998, #4701, .T. ) ;
#1064 = EDGE_LOOP ( 'NONE', ( #435, #5107, #315, #4715 ) ) ;
#1065 = ADVANCED_FACE ( 'NONE', ( #3439 ), #302, .F. ) ;
#1066 = LINE ( 'NONE', #4648, #653 ) ;
#1067 = ORIENTED_EDGE ( 'NONE', *, *, #3389, .F. ) ;
#1068 = EDGE_CURVE ( 'NONE', #4244, #831, #729, .T. ) ;
#1069 = CARTESIAN_POINT ( 'NONE',  ( 32.14653210253800353, 34.88980021391638076, 3.399999999999983036 ) ) ;
#1070 = DIRECTION ( 'NONE',  ( -1.000000000000000000, 0.000000000000000000, 0.000000000000000000 ) ) ;
#1071 = ORIENTED_EDGE ( 'NONE', *, *, #3581, .F. ) ;
#1072 = EDGE_CURVE ( 'NONE', #1998, #3093, #1993, .T. ) ;
#1073 = DIRECTION ( 'NONE',  ( 0.000000000000000000, 0.000000000000000000, -1.000000000000000000 ) ) ;
#1074 = FACE_BOUND ( 'NONE', #2000, .T. ) ;
#1075 = CARTESIAN_POINT ( 'NONE',  ( 5.000000000000028422, 25.20718193523071449, 10.00000000000000000 ) ) ;
#1076 = CARTESIAN_POINT ( 'NONE',  ( 71.31952070086403239, 0.000000000000000000, 4.000000000000000000 ) ) ;
#1077 = CARTESIAN_POINT ( 'NONE',  ( 5.000000000000903277, 57.98214359204602175, 0.000000000000000000 ) ) ;
#1078 = DIRECTION ( 'NONE',  ( -0.000000000000000000, -0.000000000000000000, 1.000000000000000000 ) ) ;
#1079 = CARTESIAN_POINT ( 'NONE',  ( 22.30613948405434499, 44.67439564682088360, 7.000000000000000000 ) ) ;
#1080 = VERTEX_POINT ( 'NONE', #1560 ) ;
#1081 = EDGE_CURVE ( 'NONE', #1267, #266, #3310, .T. ) ;
#1082 = FACE_OUTER_BOUND ( 'NONE', #3649, .T. ) ;
#1083 = ORIENTED_EDGE ( 'NONE', *, *, #3493, .T. ) ;
#1084 = EDGE_LOOP ( 'NONE', ( #2956, #2889, #1635, #616 ) ) ;
#1085 = LINE ( 'NONE', #4983, #2759 ) ;
#1086 = ORIENTED_EDGE ( 'NONE', *, *, #4152, .F. ) ;
#1087 = CARTESIAN_POINT ( 'NONE',  ( 64.56983569344401985, 35.50332283157010949, 0.3999999999999941380 ) ) ;
#1088 = EDGE_CURVE ( 'NONE', #3283, #611, #1594, .T. ) ;
#1089 = EDGE_LOOP ( 'NONE', ( #4135, #3686, #1318, #4672 ) ) ;
#1090 = VERTEX_POINT ( 'NONE', #1169 ) ;
#1091 = ORIENTED_EDGE ( 'NONE', *, *, #3550, .F. ) ;
#1092 = LINE ( 'NONE', #2003, #2763 ) ;
#1093 = ORIENTED_EDGE ( 'NONE', *, *, #1210, .F. ) ;
#1094 = LINE ( 'NONE', #2873, #5224 ) ;
#1095 = DIRECTION ( 'NONE',  ( 0.000000000000000000, -1.000000000000000000, 0.000000000000000000 ) ) ;
#1096 = PLANE ( 'NONE',  #3400 ) ;
#1097 = EDGE_CURVE ( 'NONE', #1824, #4749, #2055, .T. ) ;
#1098 = LINE ( 'NONE', #4050, #1946 ) ;
#1099 = EDGE_CURVE ( 'NONE', #2734, #2346, #5122, .T. ) ;
#1100 = CARTESIAN_POINT ( 'NONE',  ( 68.95793625377879721, 40.67439564682086939, 7.000000000000000000 ) ) ;
#1101 = LINE ( 'NONE', #2848, #1039 ) ;
#1102 = ADVANCED_FACE ( 'NONE', ( #903 ), #2183, .F. ) ;
#1103 = VECTOR ( 'NONE', #582, 1000.000000000000227 ) ;
#1104 = DIRECTION ( 'NONE',  ( -0.5000000000000014433, 0.8660254037844379305, 0.000000000000000000 ) ) ;
#1105 = PLANE ( 'NONE',  #1315 ) ;
#1106 = CARTESIAN_POINT ( 'NONE',  ( 5.000000000000122569, 12.01402484683418415, 0.000000000000000000 ) ) ;
#1107 = VECTOR ( 'NONE', #5182, 1000.000000000000000 ) ;
#1108 = LINE ( 'NONE', #297, #634 ) ;
#1109 = DIRECTION ( 'NONE',  ( -0.000000000000000000, 0.000000000000000000, -1.000000000000000000 ) ) ;
#1110 = ORIENTED_EDGE ( 'NONE', *, *, #4263, .T. ) ;
#1111 = FACE_OUTER_BOUND ( 'NONE', #2286, .T. ) ;
#1112 = VECTOR ( 'NONE', #510, 1000.000000000000227 ) ;
#1113 = ORIENTED_EDGE ( 'NONE', *, *, #5290, .T. ) ;
#1114 = ORIENTED_EDGE ( 'NONE', *, *, #4147, .F. ) ;
#1115 = DIRECTION ( 'NONE',  ( -0.9999999924245159821, 0.0001230892683151790486, 0.000000000000000000 ) ) ;
#1116 = ORIENTED_EDGE ( 'NONE', *, *, #1574, .F. ) ;
#1117 = CARTESIAN_POINT ( 'NONE',  ( 10.27348423527721799, 45.25038475940630889, 6.000000000000000000 ) ) ;
#1118 = ORIENTED_EDGE ( 'NONE', *, *, #2777, .T. ) ;
#1119 = PLANE ( 'NONE',  #1235 ) ;
#1120 = EDGE_LOOP ( 'NONE', ( #4242, #5008, #4357, #5572 ) ) ;
#1121 = VECTOR ( 'NONE', #2457, 1000.000000000000000 ) ;
#1122 = EDGE_CURVE ( 'NONE', #2396, #3283, #2639, .T. ) ;
#1123 = LINE ( 'NONE', #4621, #1851 ) ;
#1124 = CARTESIAN_POINT ( 'NONE',  ( 77.88793625377893193, 25.20718193523071449, 10.00000000000000000 ) ) ;
#1125 = ORIENTED_EDGE ( 'NONE', *, *, #493, .F. ) ;
#1126 = AXIS2_PLACEMENT_3D ( 'NONE', #699, #4236, #4669 ) ;
#1128 = CARTESIAN_POINT ( 'NONE',  ( 40.83180065388673796, 43.69286487643512373, 1.699885383662997906 ) ) ;
#1127 = AXIS2_PLACEMENT_3D ( 'NONE', #5021, #4136, #194 ) ;
#1129 = EDGE_LOOP ( 'NONE', ( #780, #1595 ) ) ;
#1130 = AXIS2_PLACEMENT_3D ( 'NONE', #1591, #790, #2515 ) ;
#1131 = LINE ( 'NONE', #3392, #4332 ) ;
#1132 = DIRECTION ( 'NONE',  ( 0.000000000000000000, -1.000000000000000000, 0.000000000000000000 ) ) ;
#1133 = AXIS2_PLACEMENT_3D ( 'NONE', #1553, #1586, #2073 ) ;
#1134 = ADVANCED_FACE ( 'NONE', ( #4064 ), #2736, .F. ) ;
#1135 = VECTOR ( 'NONE', #4545, 1000.000000000000000 ) ;
#1136 = LINE ( 'NONE', #2510, #3883 ) ;
#1137 = DIRECTION ( 'NONE',  ( -0.000000000000000000, 0.000000000000000000, 1.000000000000000000 ) ) ;
#1138 = CARTESIAN_POINT ( 'NONE',  ( 71.31952070086403239, 59.97470916941927044, 4.000000000000000000 ) ) ;
#1139 = EDGE_CURVE ( 'NONE', #3918, #2377, #4977, .T. ) ;
#1140 = ADVANCED_FACE ( 'NONE', ( #4466 ), #965, .F. ) ;
#1141 = VECTOR ( 'NONE', #2944, 1000.000000000000114 ) ;
#1142 = CARTESIAN_POINT ( 'NONE',  ( 0.000000000000000000, 53.13706121412302252, 4.000000000000000000 ) ) ;
#1143 = LINE ( 'NONE', #3371, #853 ) ;
#1144 = ORIENTED_EDGE ( 'NONE', *, *, #2987, .F. ) ;
#1145 = VECTOR ( 'NONE', #2833, 1000.000000000000000 ) ;
#1146 = DIRECTION ( 'NONE',  ( 0.000000000000000000, -1.000000000000000000, 0.000000000000000000 ) ) ;
#1147 = VERTEX_POINT ( 'NONE', #583 ) ;
#1148 = DIRECTION ( 'NONE',  ( 1.000000000000000000, 0.000000000000000000, 0.000000000000000000 ) ) ;
#1149 = ORIENTED_EDGE ( 'NONE', *, *, #5018, .F. ) ;
#1150 = CYLINDRICAL_SURFACE ( 'NONE', #5613, 1.699999999999993072 ) ;
#1151 = VERTEX_POINT ( 'NONE', #1908 ) ;
#1152 = ADVANCED_FACE ( 'NONE', ( #149 ), #3603, .F. ) ;
#1153 = DIRECTION ( 'NONE',  ( -1.000000000000000000, 0.000000000000000000, 0.000000000000000000 ) ) ;
#1154 = ORIENTED_EDGE ( 'NONE', *, *, #1081, .T. ) ;
#1155 = ORIENTED_EDGE ( 'NONE', *, *, #3618, .F. ) ;
#1156 = LINE ( 'NONE', #2897, #3315 ) ;
#1157 = ORIENTED_EDGE ( 'NONE', *, *, #4034, .F. ) ;
#1158 = DIRECTION ( 'NONE',  ( 1.000000000000000000, -0.000000000000000000, -0.000000000000000000 ) ) ;
#1159 = CARTESIAN_POINT ( 'NONE',  ( 4.999999999999900524, -9.367506770274758310E-14, 4.000000000000000000 ) ) ;
#1160 = ORIENTED_EDGE ( 'NONE', *, *, #1832, .T. ) ;
#1161 = FACE_OUTER_BOUND ( 'NONE', #1541, .T. ) ;
#1162 = DIRECTION ( 'NONE',  ( 0.7071067811865350272, 0.7071067811865600072, 0.000000000000000000 ) ) ;
#1163 = LINE ( 'NONE', #2072, #4532 ) ;
#1164 = CARTESIAN_POINT ( 'NONE',  ( 76.16692151384303600, 56.44252476504900073, 0.000000000000000000 ) ) ;
#1165 = DIRECTION ( 'NONE',  ( 0.000000000000000000, -1.000000000000000000, 0.000000000000000000 ) ) ;
#1166 = CARTESIAN_POINT ( 'NONE',  ( 40.83180065388673796, 38.69286487643512373, 3.399999999999983036 ) ) ;
#1167 = ORIENTED_EDGE ( 'NONE', *, *, #2551, .F. ) ;
#1168 = EDGE_CURVE ( 'NONE', #222, #2110, #2765, .T. ) ;
#1169 = CARTESIAN_POINT ( 'NONE',  ( 51.09793625377880488, 40.67439564682086939, 7.000000000000000000 ) ) ;
#1170 = ORIENTED_EDGE ( 'NONE', *, *, #3938, .F. ) ;
#1171 = CARTESIAN_POINT ( 'NONE',  ( 74.43211764624987836, 51.26230093957098433, 4.000000000000000000 ) ) ;
#1172 = DIRECTION ( 'NONE',  ( -0.000000000000000000, -0.000000000000000000, -1.000000000000000000 ) ) ;
#1173 = ORIENTED_EDGE ( 'NONE', *, *, #4459, .T. ) ;
#1174 = LINE ( 'NONE', #4642, #5177 ) ;
#1175 = EDGE_LOOP ( 'NONE', ( #1428, #3308, #4047, #4670 ) ) ;
#1176 = LINE ( 'NONE', #336, #1487 ) ;
#1177 = VERTEX_POINT ( 'NONE', #3222 ) ;
#1178 = EDGE_LOOP ( 'NONE', ( #2366, #2302, #5189, #2398 ) ) ;
#1179 = CARTESIAN_POINT ( 'NONE',  ( 49.09613948405447559, 37.20718193523074291, 7.000000000000000000 ) ) ;
#1180 = FACE_OUTER_BOUND ( 'NONE', #2263, .T. ) ;
#1181 = ORIENTED_EDGE ( 'NONE', *, *, #3281, .F. ) ;
#1182 = DIRECTION ( 'NONE',  ( -0.7061519002946796686, 0.7080603743397965166, 0.000000000000000000 ) ) ;
#1183 = CARTESIAN_POINT ( 'NONE',  ( 54.61482092964091350, 59.34967741935614782, 6.000000000000000000 ) ) ;
#1184 = ORIENTED_EDGE ( 'NONE', *, *, #1205, .T. ) ;
#1185 = DIRECTION ( 'NONE',  ( 0.000000000000000000, -0.000000000000000000, 1.000000000000000000 ) ) ;
#1186 = ADVANCED_FACE ( 'NONE', ( #4094 ), #4945, .F. ) ;
#1187 = CARTESIAN_POINT ( 'NONE',  ( 22.30613948405434499, 52.67439564682089781, 7.000000000000000000 ) ) ;
#1188 = DIRECTION ( 'NONE',  ( -0.000000000000000000, -0.000000000000000000, 1.000000000000000000 ) ) ;
#1189 = DIRECTION ( 'NONE',  ( 5.782411586589358625E-16, 1.000000000000000000, 0.000000000000000000 ) ) ;
#1190 = DIRECTION ( 'NONE',  ( 0.000000000000000000, 0.000000000000000000, -1.000000000000000000 ) ) ;
#1191 = DIRECTION ( 'NONE',  ( -0.5000000000000006661, -0.8660254037844382635, 0.000000000000000000 ) ) ;
#1192 = PLANE ( 'NONE',  #766 ) ;
#1193 = ORIENTED_EDGE ( 'NONE', *, *, #451, .T. ) ;
#1194 = AXIS2_PLACEMENT_3D ( 'NONE', #1667, #2607, #5659 ) ;
#1195 = PLANE ( 'NONE',  #4037 ) ;
#1196 = CARTESIAN_POINT ( 'NONE',  ( 66.95613948405447502, 29.20718193523072514, 7.000000000000000000 ) ) ;
#1197 = PLANE ( 'NONE',  #2125 ) ;
#1198 = VECTOR ( 'NONE', #2910, 1000.000000000000000 ) ;
#1199 = EDGE_LOOP ( 'NONE', ( #5391, #68, #1157, #3080 ) ) ;
#1200 = CARTESIAN_POINT ( 'NONE',  ( 65.74084972657725245, 30.61190122397092495, 3.399999999999968825 ) ) ;
#1201 = VERTEX_POINT ( 'NONE', #5354 ) ;
#1202 = AXIS2_PLACEMENT_3D ( 'NONE', #5154, #1228, #1730 ) ;
#1203 = EDGE_CURVE ( 'NONE', #1746, #2868, #4490, .T. ) ;
#1204 = VERTEX_POINT ( 'NONE', #1504 ) ;
#1205 = EDGE_CURVE ( 'NONE', #1283, #4069, #2363, .T. ) ;
#1206 = DIRECTION ( 'NONE',  ( 0.7071067811865475727, 0.7071067811865475727, -0.000000000000000000 ) ) ;
#1207 = VECTOR ( 'NONE', #1078, 1000.000000000000000 ) ;
#1208 = VERTEX_POINT ( 'NONE', #1416 ) ;
#1209 = CARTESIAN_POINT ( 'NONE',  ( 70.95973302350341783, 29.20718193523073225, 7.000000000000000000 ) ) ;
#1210 = EDGE_CURVE ( 'NONE', #2720, #896, #3167, .T. ) ;
#1211 = AXIS2_PLACEMENT_3D ( 'NONE', #5100, #4296, #1280 ) ;
#1212 = ORIENTED_EDGE ( 'NONE', *, *, #441, .T. ) ;
#1213 = DIRECTION ( 'NONE',  ( 0.8660254037844381525, -0.5000000000000006661, 0.000000000000000000 ) ) ;
#1214 = VECTOR ( 'NONE', #986, 1000.000000000000114 ) ;
#1215 = LINE ( 'NONE', #2559, #2505 ) ;
#1216 = CARTESIAN_POINT ( 'NONE',  ( 54.42884860408192793, 27.75317541498460372, 4.000000000000000000 ) ) ;
#1217 = EDGE_CURVE ( 'NONE', #2340, #1893, #2679, .T. ) ;
#1218 = LINE ( 'NONE', #1988, #944 ) ;
#1219 = FACE_OUTER_BOUND ( 'NONE', #4766, .T. ) ;
#1220 = VECTOR ( 'NONE', #874, 1000.000000000000000 ) ;
#1221 = PLANE ( 'NONE',  #4218 ) ;
#1222 = DIRECTION ( 'NONE',  ( 0.000000000000000000, 0.000000000000000000, -1.000000000000000000 ) ) ;
#1223 = FACE_OUTER_BOUND ( 'NONE', #589, .T. ) ;
#1224 = ORIENTED_EDGE ( 'NONE', *, *, #4699, .T. ) ;
#1225 = VECTOR ( 'NONE', #4440, 1000.000000000000114 ) ;
#1226 = VECTOR ( 'NONE', #3185, 1000.000000000000000 ) ;
#1227 = EDGE_CURVE ( 'NONE', #3533, #2340, #4921, .T. ) ;
#1228 = DIRECTION ( 'NONE',  ( 1.000000000000000000, 0.000000000000000000, 0.000000000000000000 ) ) ;
#1229 = CARTESIAN_POINT ( 'NONE',  ( 58.02613948405432609, 44.67439564682088360, 10.00000000000000000 ) ) ;
#1230 = VECTOR ( 'NONE', #5355, 1000.000000000000000 ) ;
#1231 = CARTESIAN_POINT ( 'NONE',  ( 41.42884860408194214, 26.75317541498458951, 7.000000000000000888 ) ) ;
#1232 = VERTEX_POINT ( 'NONE', #1387 ) ;
#1233 = CARTESIAN_POINT ( 'NONE',  ( 35.23973302350344028, 37.20718193523073580, 7.000000000000000000 ) ) ;
#1234 = ORIENTED_EDGE ( 'NONE', *, *, #3684, .F. ) ;
#1235 = AXIS2_PLACEMENT_3D ( 'NONE', #2866, #3121, #4617 ) ;
#1236 = CARTESIAN_POINT ( 'NONE',  ( 11.13621310223726013, 34.33421759231527659, 4.000000000000000000 ) ) ;
#1237 = ORIENTED_EDGE ( 'NONE', *, *, #4134, .F. ) ;
#1238 = VERTEX_POINT ( 'NONE', #3627 ) ;
#1239 = VECTOR ( 'NONE', #357, 1000.000000000000000 ) ;
#1240 = CARTESIAN_POINT ( 'NONE',  ( 5.000000000000030198, 6.992565577373023977, 10.00000000000000000 ) ) ;
#1241 = EDGE_LOOP ( 'NONE', ( #5585, #4062, #872, #2620 ) ) ;
#1242 = LINE ( 'NONE', #3529, #1576 ) ;
#1243 = VERTEX_POINT ( 'NONE', #3571 ) ;
#1244 = EDGE_CURVE ( 'NONE', #1542, #4537, #1885, .T. ) ;
#1245 = VERTEX_POINT ( 'NONE', #4525 ) ;
#1246 = FACE_OUTER_BOUND ( 'NONE', #4936, .T. ) ;
#1247 = ADVANCED_FACE ( 'NONE', ( #5546 ), #3358, .T. ) ;
#1248 = LINE ( 'NONE', #2443, #295 ) ;
#1249 = DIRECTION ( 'NONE',  ( -0.000000000000000000, -0.000000000000000000, -1.000000000000000000 ) ) ;
#1250 = CARTESIAN_POINT ( 'NONE',  ( 84.81613948405446024, 37.20718193523074291, 7.000000000000000000 ) ) ;
#1251 = CARTESIAN_POINT ( 'NONE',  ( 76.16692151384303600, 56.44252476504900073, 10.00000000000000000 ) ) ;
#1252 = ORIENTED_EDGE ( 'NONE', *, *, #4461, .T. ) ;
#1253 = CARTESIAN_POINT ( 'NONE',  ( 6.447936253778962623, 25.20718193523071449, 10.00000000000000000 ) ) ;
#1254 = LINE ( 'NONE', #844, #3204 ) ;
#1255 = CARTESIAN_POINT ( 'NONE',  ( 24.39487291362403454, 53.90641816659306329, 6.000000000000000000 ) ) ;
#1256 = CARTESIAN_POINT ( 'NONE',  ( 40.83180065388673796, 43.69286487643512373, 3.399999999999983036 ) ) ;
#1257 = CARTESIAN_POINT ( 'NONE',  ( 8.888803657608024267, 8.415085090169998949, 10.00099999999999945 ) ) ;
#1258 = LINE ( 'NONE', #1732, #2303 ) ;
#1259 = CARTESIAN_POINT ( 'NONE',  ( 0.000000000000000000, 44.29286487643512515, 4.000000000000000000 ) ) ;
#1260 = ORIENTED_EDGE ( 'NONE', *, *, #2821, .T. ) ;
#1261 = CARTESIAN_POINT ( 'NONE',  ( 60.02793625377894671, 41.20718193523075712, 10.00000000000000000 ) ) ;
#1262 = VERTEX_POINT ( 'NONE', #4938 ) ;
#1263 = DIRECTION ( 'NONE',  ( -5.782411586589358625E-16, -1.000000000000000000, 0.000000000000000000 ) ) ;
#1264 = ORIENTED_EDGE ( 'NONE', *, *, #3298, .T. ) ;
#1265 = VERTEX_POINT ( 'NONE', #4022 ) ;
#1266 = FACE_OUTER_BOUND ( 'NONE', #3318, .T. ) ;
#1267 = VERTEX_POINT ( 'NONE', #576 ) ;
#1268 = ORIENTED_EDGE ( 'NONE', *, *, #15, .F. ) ;
#1269 = ORIENTED_EDGE ( 'NONE', *, *, #140, .F. ) ;
#1270 = CARTESIAN_POINT ( 'NONE',  ( 24.39487291362403099, 59.35339717067414256, 0.000000000000000000 ) ) ;
#1271 = CARTESIAN_POINT ( 'NONE',  ( 31.23613948405447971, 37.20718193523074291, 10.00000000000000000 ) ) ;
#1272 = LINE ( 'NONE', #4804, #1403 ) ;
#1273 = ORIENTED_EDGE ( 'NONE', *, *, #1332, .F. ) ;
#1274 = ADVANCED_FACE ( 'NONE', ( #1433 ), #5396, .F. ) ;
#1275 = DIRECTION ( 'NONE',  ( -0.7070197385735546014, 0.7071938130861881167, 0.000000000000000000 ) ) ;
#1276 = CARTESIAN_POINT ( 'NONE',  ( 41.42884860408194214, 27.75317541498460372, 10.00000000000000000 ) ) ;
#1277 = LINE ( 'NONE', #1333, #657 ) ;
#1278 = EDGE_CURVE ( 'NONE', #5238, #341, #1045, .T. ) ;
#1279 = CARTESIAN_POINT ( 'NONE',  ( 53.09973302350343261, 37.20718193523073580, 10.00000000000000000 ) ) ;
#1280 = DIRECTION ( 'NONE',  ( -0.7071067811865479058, -0.7071067811865471286, 0.000000000000000000 ) ) ;
#1281 = ORIENTED_EDGE ( 'NONE', *, *, #140, .T. ) ;
#1282 = DIRECTION ( 'NONE',  ( 0.8660254037844382635, -0.5000000000000005551, 0.000000000000000000 ) ) ;
#1283 = VERTEX_POINT ( 'NONE', #4998 ) ;
#1284 = DIRECTION ( 'NONE',  ( 0.000000000000000000, 0.000000000000000000, 1.000000000000000000 ) ) ;
#1285 = EDGE_CURVE ( 'NONE', #3772, #395, #1498, .T. ) ;
#1286 = VECTOR ( 'NONE', #5565, 1000.000000000000114 ) ;
#1287 = VERTEX_POINT ( 'NONE', #2730 ) ;
#1288 = ORIENTED_EDGE ( 'NONE', *, *, #3800, .T. ) ;
#1289 = DIRECTION ( 'NONE',  ( 0.000000000000000000, -0.000000000000000000, 1.000000000000000000 ) ) ;
#1290 = VECTOR ( 'NONE', #1981, 1000.000000000000000 ) ;
#1291 = ORIENTED_EDGE ( 'NONE', *, *, #287, .T. ) ;
#1292 = VERTEX_POINT ( 'NONE', #519 ) ;
#1293 = VECTOR ( 'NONE', #3823, 1000.000000000000000 ) ;
#1294 = DIRECTION ( 'NONE',  ( 1.000000000000000000, 0.000000000000000000, 0.000000000000000000 ) ) ;
#1295 = MECHANICAL_DESIGN_GEOMETRIC_PRESENTATION_REPRESENTATION (  '', ( #546 ), #2949 ) ;
#1296 = CARTESIAN_POINT ( 'NONE',  ( 68.95793625377879721, 56.67439564682091202, 7.000000000000000000 ) ) ;
#1297 = EDGE_CURVE ( 'NONE', #3008, #2428, #2297, .T. ) ;
#1298 = ORIENTED_EDGE ( 'NONE', *, *, #4536, .F. ) ;
#1299 = DIRECTION ( 'NONE',  ( -0.000000000000000000, -0.000000000000000000, -1.000000000000000000 ) ) ;
#1300 = AXIS2_PLACEMENT_3D ( 'NONE', #3549, #1361, #3107 ) ;
#1301 = FACE_OUTER_BOUND ( 'NONE', #3878, .T. ) ;
#1302 = CARTESIAN_POINT ( 'NONE',  ( 31.54653210253800211, 35.48980021391638928, 4.000000000000000000 ) ) ;
#1303 = AXIS2_PLACEMENT_3D ( 'NONE', #5492, #1438, #579 ) ;
#1304 = DIRECTION ( 'NONE',  ( 0.5000000000000004441, -0.8660254037844384856, 0.000000000000000000 ) ) ;
#1305 = EDGE_CURVE ( 'NONE', #2416, #3548, #5372, .T. ) ;
#1306 = DIRECTION ( 'NONE',  ( 0.000000000000000000, -1.000000000000000000, -0.000000000000000000 ) ) ;
#1307 = DIRECTION ( 'NONE',  ( -0.000000000000000000, -0.000000000000000000, -1.000000000000000000 ) ) ;
#1308 = CARTESIAN_POINT ( 'NONE',  ( 75.02984732797570189, 13.93771831048098697, 4.000000000000000000 ) ) ;
#1309 = AXIS2_PLACEMENT_3D ( 'NONE', #349, #3829, #5183 ) ;
#1310 = VERTEX_POINT ( 'NONE', #4970 ) ;
#1311 = EDGE_CURVE ( 'NONE', #425, #1287, #2268, .T. ) ;
#1312 = DIRECTION ( 'NONE',  ( -0.000000000000000000, -0.000000000000000000, 1.000000000000000000 ) ) ;
#1313 = ORIENTED_EDGE ( 'NONE', *, *, #5637, .F. ) ;
#1314 = EDGE_CURVE ( 'NONE', #3352, #4498, #2757, .T. ) ;
#1315 = AXIS2_PLACEMENT_3D ( 'NONE', #258, #4598, #1137 ) ;
#1316 = FACE_OUTER_BOUND ( 'NONE', #5241, .T. ) ;
#1317 = ORIENTED_EDGE ( 'NONE', *, *, #954, .F. ) ;
#1318 = ORIENTED_EDGE ( 'NONE', *, *, #429, .T. ) ;
#1319 = CARTESIAN_POINT ( 'NONE',  ( 74.46692151384306158, 56.44252476504900073, 10.00000000000000000 ) ) ;
#1320 = VECTOR ( 'NONE', #4734, 1000.000000000000000 ) ;
#1321 = EDGE_CURVE ( 'NONE', #1292, #5544, #2703, .T. ) ;
#1322 = ORIENTED_EDGE ( 'NONE', *, *, #2996, .F. ) ;
#1323 = EDGE_LOOP ( 'NONE', ( #1608, #368, #4501, #3234 ) ) ;
#1324 = VECTOR ( 'NONE', #4139, 1000.000000000000114 ) ;
#1325 = DIRECTION ( 'NONE',  ( -1.000000000000000000, 3.011203194556595896E-16, 0.000000000000000000 ) ) ;
#1326 = DIRECTION ( 'NONE',  ( 0.5000000000000006661, 0.8660254037844382635, 0.000000000000000000 ) ) ;
#1327 = ORIENTED_EDGE ( 'NONE', *, *, #4474, .F. ) ;
#1328 = LINE ( 'NONE', #3066, #3146 ) ;
#1329 = ORIENTED_EDGE ( 'NONE', *, *, #4930, .T. ) ;
#1330 = CARTESIAN_POINT ( 'NONE',  ( 78.02984732797568768, 28.93771831048097454, 4.000000000000000000 ) ) ;
#1331 = DIRECTION ( 'NONE',  ( 0.5000000000000004441, 0.8660254037844384856, 0.000000000000000000 ) ) ;
#1332 = EDGE_CURVE ( 'NONE', #5244, #5110, #5348, .T. ) ;
#1333 = CARTESIAN_POINT ( 'NONE',  ( 13.37613948405448738, 37.20718193523074291, 7.000000000000000000 ) ) ;
#1334 = DIRECTION ( 'NONE',  ( -0.000000000000000000, -0.000000000000000000, 1.000000000000000000 ) ) ;
#1335 = LINE ( 'NONE', #411, #1214 ) ;
#1336 = EDGE_CURVE ( 'NONE', #1401, #5566, #3245, .T. ) ;
#1337 = ORIENTED_EDGE ( 'NONE', *, *, #2359, .F. ) ;
#1338 = FACE_OUTER_BOUND ( 'NONE', #3601, .T. ) ;
#1339 = CARTESIAN_POINT ( 'NONE',  ( 30.61060500309818977, 30.68592075184099599, 3.399999999999983036 ) ) ;
#1340 = VERTEX_POINT ( 'NONE', #601 ) ;
#1341 = ORIENTED_EDGE ( 'NONE', *, *, #4084, .T. ) ;
#1342 = LINE ( 'NONE', #3083, #649 ) ;
#1343 = ADVANCED_FACE ( 'NONE', ( #2819 ), #2356, .T. ) ;
#1344 = ORIENTED_EDGE ( 'NONE', *, *, #815, .F. ) ;
#1345 = VERTEX_POINT ( 'NONE', #4458 ) ;
#1346 = ORIENTED_EDGE ( 'NONE', *, *, #2405, .T. ) ;
#1347 = ORIENTED_EDGE ( 'NONE', *, *, #4042, .T. ) ;
#1348 = PLANE ( 'NONE',  #1453 ) ;
#1349 = CARTESIAN_POINT ( 'NONE',  ( 22.30613948405434499, 44.67439564682088360, 10.00000000000000000 ) ) ;
#1350 = ORIENTED_EDGE ( 'NONE', *, *, #5184, .T. ) ;
#1351 = CARTESIAN_POINT ( 'NONE',  ( 18.61060500309818977, 24.68592075184099954, 3.399999999999983036 ) ) ;
#1352 = ADVANCED_FACE ( 'NONE', ( #1380 ), #3129, .F. ) ;
#1353 = LINE ( 'NONE', #2669, #5337 ) ;
#1354 = FACE_OUTER_BOUND ( 'NONE', #16, .T. ) ;
#1355 = DIRECTION ( 'NONE',  ( -0.000000000000000000, -0.000000000000000000, -1.000000000000000000 ) ) ;
#1356 = ORIENTED_EDGE ( 'NONE', *, *, #3004, .T. ) ;
#1357 = CARTESIAN_POINT ( 'NONE',  ( 40.83180065388673796, 43.69286487643512373, 3.399999999999983036 ) ) ;
#1358 = LINE ( 'NONE', #3572, #1225 ) ;
#1359 = VERTEX_POINT ( 'NONE', #3160 ) ;
#1360 = ORIENTED_EDGE ( 'NONE', *, *, #154, .F. ) ;
#1361 = DIRECTION ( 'NONE',  ( -0.7071067811865457964, -0.7071067811865492381, 0.000000000000000000 ) ) ;
#1362 = ORIENTED_EDGE ( 'NONE', *, *, #2090, .F. ) ;
#1363 = VERTEX_POINT ( 'NONE', #4915 ) ;
#1364 = EDGE_CURVE ( 'NONE', #3903, #5246, #2332, .T. ) ;
#1365 = VECTOR ( 'NONE', #2273, 1000.000000000000000 ) ;
#1366 = VERTEX_POINT ( 'NONE', #4260 ) ;
#1367 = LINE ( 'NONE', #5335, #4499 ) ;
#1368 = AXIS2_PLACEMENT_3D ( 'NONE', #5493, #3711, #4602 ) ;
#1369 = EDGE_LOOP ( 'NONE', ( #1260, #3625, #5648, #4586 ) ) ;
#1370 = DIRECTION ( 'NONE',  ( -0.7071067811865453523, 0.7071067811865497932, 0.000000000000000000 ) ) ;
#1371 = LINE ( 'NONE', #1836, #932 ) ;
#1372 = AXIS2_PLACEMENT_3D ( 'NONE', #5111, #5086, #2582 ) ;
#1373 = CARTESIAN_POINT ( 'NONE',  ( 79.97474980950003953, 10.50829548434902350, 0.000000000000000000 ) ) ;
#1374 = ORIENTED_EDGE ( 'NONE', *, *, #3970, .F. ) ;
#1375 = PLANE ( 'NONE',  #1649 ) ;
#1376 = CARTESIAN_POINT ( 'NONE',  ( 68.95793625377879721, 56.67439564682091202, 7.000000000000000000 ) ) ;
#1377 = VECTOR ( 'NONE', #693, 1000.000000000000227 ) ;
#1378 = CARTESIAN_POINT ( 'NONE',  ( 77.88793625377894614, 41.20718193523075712, 7.000000000000000000 ) ) ;
#1379 = EDGE_CURVE ( 'NONE', #1398, #433, #1552, .T. ) ;
#1380 = FACE_OUTER_BOUND ( 'NONE', #4184, .T. ) ;
#1381 = LINE ( 'NONE', #4833, #3669 ) ;
#1382 = VECTOR ( 'NONE', #1708, 1000.000000000000114 ) ;
#1383 = DIRECTION ( 'NONE',  ( 0.000000000000000000, -1.000000000000000000, 0.000000000000000000 ) ) ;
#1384 = ORIENTED_EDGE ( 'NONE', *, *, #1811, .T. ) ;
#1385 = VECTOR ( 'NONE', #3207, 1000.000000000000000 ) ;
#1386 = VECTOR ( 'NONE', #755, 1000.000000000000000 ) ;
#1387 = CARTESIAN_POINT ( 'NONE',  ( 25.52610449534172687, 52.77490806565516834, 4.000000000000000000 ) ) ;
#1388 = DIRECTION ( 'NONE',  ( 1.000000000000000000, 0.000000000000000000, 0.000000000000000000 ) ) ;
#1389 = EDGE_LOOP ( 'NONE', ( #3899, #5215, #3076, #3294 ) ) ;
#1390 = VECTOR ( 'NONE', #120, 1000.000000000000000 ) ;
#1391 = ORIENTED_EDGE ( 'NONE', *, *, #992, .T. ) ;
#1392 = DIRECTION ( 'NONE',  ( -0.8660254037844387076, 0.4999999999999999445, 0.000000000000000000 ) ) ;
#1393 = ORIENTED_EDGE ( 'NONE', *, *, #3618, .T. ) ;
#1394 = DIRECTION ( 'NONE',  ( 0.7071067811867293162, 0.7071067811863657182, 0.000000000000000000 ) ) ;
#1395 = ORIENTED_EDGE ( 'NONE', *, *, #3813, .F. ) ;
#1396 = VECTOR ( 'NONE', #3412, 1000.000000000000000 ) ;
#1397 = VECTOR ( 'NONE', #1816, 1000.000000000000000 ) ;
#1398 = VERTEX_POINT ( 'NONE', #2045 ) ;
#1399 = FACE_OUTER_BOUND ( 'NONE', #3057, .T. ) ;
#1400 = VECTOR ( 'NONE', #991, 1000.000000000000000 ) ;
#1401 = VERTEX_POINT ( 'NONE', #2387 ) ;
#1402 = CARTESIAN_POINT ( 'NONE',  ( 46.94653210253800779, 34.88980021391638076, 0.9599999985689978699 ) ) ;
#1403 = VECTOR ( 'NONE', #3535, 1000.000000000000114 ) ;
#1404 = PLANE ( 'NONE',  #5242 ) ;
#1405 = ORIENTED_EDGE ( 'NONE', *, *, #4944, .T. ) ;
#1406 = FACE_OUTER_BOUND ( 'NONE', #1797, .T. ) ;
#1407 = EDGE_CURVE ( 'NONE', #5473, #1151, #1136, .T. ) ;
#1408 = LINE ( 'NONE', #3643, #102 ) ;
#1409 = CARTESIAN_POINT ( 'NONE',  ( 0.000000000000000000, 0.000000000000000000, 4.000000000000000000 ) ) ;
#1410 = DIRECTION ( 'NONE',  ( 0.8660254037844387076, 0.4999999999999999445, 0.000000000000000000 ) ) ;
#1411 = LINE ( 'NONE', #1880, #1749 ) ;
#1412 = EDGE_CURVE ( 'NONE', #4589, #187, #3301, .T. ) ;
#1413 = DIRECTION ( 'NONE',  ( -0.8660254037844383745, 0.5000000000000003331, 0.000000000000000000 ) ) ;
#1414 = ORIENTED_EDGE ( 'NONE', *, *, #3053, .T. ) ;
#1415 = FACE_BOUND ( 'NONE', #698, .T. ) ;
#1416 = CARTESIAN_POINT ( 'NONE',  ( 53.48264078761654616, 52.77490806565516834, 6.000000000000000000 ) ) ;
#1417 = LINE ( 'NONE', #610, #5539 ) ;
#1418 = ORIENTED_EDGE ( 'NONE', *, *, #2604, .T. ) ;
#1419 = ORIENTED_EDGE ( 'NONE', *, *, #2659, .F. ) ;
#1420 = LINE ( 'NONE', #4443, #3587 ) ;
#1421 = ORIENTED_EDGE ( 'NONE', *, *, #4882, .F. ) ;
#1422 = FACE_OUTER_BOUND ( 'NONE', #1740, .T. ) ;
#1423 = ORIENTED_EDGE ( 'NONE', *, *, #4873, .F. ) ;
#1424 = VERTEX_POINT ( 'NONE', #5144 ) ;
#1425 = ORIENTED_EDGE ( 'NONE', *, *, #4134, .T. ) ;
#1426 = CARTESIAN_POINT ( 'NONE',  ( 78.02984732797568768, 28.93771831048097454, 4.000000000000000000 ) ) ;
#1427 = FACE_OUTER_BOUND ( 'NONE', #5673, .T. ) ;
#1428 = ORIENTED_EDGE ( 'NONE', *, *, #3455, .T. ) ;
#1429 = PLANE ( 'NONE',  #5429 ) ;
#1430 = FACE_OUTER_BOUND ( 'NONE', #1967, .T. ) ;
#1431 = PLANE ( 'NONE',  #3420 ) ;
#1432 = EDGE_CURVE ( 'NONE', #5296, #147, #2880, .T. ) ;
#1433 = FACE_OUTER_BOUND ( 'NONE', #2318, .T. ) ;
#1434 = CARTESIAN_POINT ( 'NONE',  ( 79.97474980949952794, 57.98214359204602175, 0.000000000000000000 ) ) ;
#1435 = DIRECTION ( 'NONE',  ( -0.000000000000000000, -0.000000000000000000, -1.000000000000000000 ) ) ;
#1436 = EDGE_CURVE ( 'NONE', #3817, #5444, #320, .T. ) ;
#1437 = EDGE_CURVE ( 'NONE', #4871, #2380, #5551, .T. ) ;
#1438 = DIRECTION ( 'NONE',  ( -0.5000000000000014433, 0.8660254037844379305, 0.000000000000000000 ) ) ;
#1439 = CARTESIAN_POINT ( 'NONE',  ( 36.03180065388673370, 38.09286487643512942, 4.000000000000000000 ) ) ;
#1440 = ORIENTED_EDGE ( 'NONE', *, *, #1217, .T. ) ;
#1441 = LINE ( 'NONE', #4943, #1103 ) ;
#1442 = DIRECTION ( 'NONE',  ( -0.000000000000000000, -0.000000000000000000, -1.000000000000000000 ) ) ;
#1443 = ADVANCED_FACE ( 'NONE', ( #5114 ), #691, .T. ) ;
#1444 = CARTESIAN_POINT ( 'NONE',  ( 47.54653210253800921, 28.28980021391638289, 4.000000000000000000 ) ) ;
#1445 = ORIENTED_EDGE ( 'NONE', *, *, #70, .F. ) ;
#1446 = ORIENTED_EDGE ( 'NONE', *, *, #1803, .F. ) ;
#1447 = CARTESIAN_POINT ( 'NONE',  ( 10.58880365760802356, 56.44252476504900073, 10.00099999999999945 ) ) ;
#1448 = ORIENTED_EDGE ( 'NONE', *, *, #2027, .F. ) ;
#1449 = LINE ( 'NONE', #3200, #2231 ) ;
#1450 = ORIENTED_EDGE ( 'NONE', *, *, #5518, .T. ) ;
#1451 = EDGE_CURVE ( 'NONE', #4324, #3408, #4572, .T. ) ;
#1452 = EDGE_LOOP ( 'NONE', ( #329, #5410, #1883, #2143 ) ) ;
#1453 = AXIS2_PLACEMENT_3D ( 'NONE', #3929, #3091, #4848 ) ;
#1454 = EDGE_LOOP ( 'NONE', ( #1425, #4711, #686, #4523 ) ) ;
#1455 = DIRECTION ( 'NONE',  ( 1.000000000000000000, 0.000000000000000000, -0.000000000000000000 ) ) ;
#1456 = EDGE_CURVE ( 'NONE', #3495, #4410, #3709, .T. ) ;
#1457 = LINE ( 'NONE', #163, #1385 ) ;
#1458 = ORIENTED_EDGE ( 'NONE', *, *, #2382, .T. ) ;
#1459 = VECTOR ( 'NONE', #137, 1000.000000000000000 ) ;
#1460 = DIRECTION ( 'NONE',  ( 0.7071067811865479058, 0.7071067811865471286, 0.000000000000000000 ) ) ;
#1461 = FACE_BOUND ( 'NONE', #1005, .T. ) ;
#1462 = AXIS2_PLACEMENT_3D ( 'NONE', #712, #4566, #2067 ) ;
#1463 = FACE_OUTER_BOUND ( 'NONE', #275, .T. ) ;
#1464 = LINE ( 'NONE', #1138, #1016 ) ;
#1465 = VECTOR ( 'NONE', #456, 1000.000000000000000 ) ;
#1466 = EDGE_CURVE ( 'NONE', #2832, #5300, #3395, .T. ) ;
#1467 = CARTESIAN_POINT ( 'NONE',  ( 26.30973302350329845, 52.67439564682089781, 7.000000000000000000 ) ) ;
#1468 = LINE ( 'NONE', #3279, #3320 ) ;
#1469 = EDGE_LOOP ( 'NONE', ( #4011, #4675, #1939, #3224 ) ) ;
#1470 = DIRECTION ( 'NONE',  ( -1.000000000000000000, 0.000000000000000000, -0.000000000000000000 ) ) ;
#1471 = DIRECTION ( 'NONE',  ( 0.8660254037844378194, -0.5000000000000013323, 0.000000000000000000 ) ) ;
#1472 = VECTOR ( 'NONE', #38, 1000.000000000000000 ) ;
#1473 = PLANE ( 'NONE',  #3424 ) ;
#1474 = ORIENTED_EDGE ( 'NONE', *, *, #2539, .F. ) ;
#1475 = ORIENTED_EDGE ( 'NONE', *, *, #1379, .F. ) ;
#1476 = ADVANCED_FACE ( 'NONE', ( #5463 ), #631, .F. ) ;
#1477 = LINE ( 'NONE', #2863, #2580 ) ;
#1478 = VECTOR ( 'NONE', #19, 1000.000000000000000 ) ;
#1479 = DIRECTION ( 'NONE',  ( 0.7086689616036382366, 0.7055411418617776320, 0.000000000000000000 ) ) ;
#1480 = ORIENTED_EDGE ( 'NONE', *, *, #2462, .F. ) ;
#1481 = ADVANCED_FACE ( 'NONE', ( #3274 ), #2446, .F. ) ;
#1482 = FACE_OUTER_BOUND ( 'NONE', #2990, .T. ) ;
#1483 = AXIS2_PLACEMENT_3D ( 'NONE', #367, #3448, #3006 ) ;
#1484 = ORIENTED_EDGE ( 'NONE', *, *, #2810, .T. ) ;
#1485 = EDGE_CURVE ( 'NONE', #164, #5501, #291, .T. ) ;
#1486 = DIRECTION ( 'NONE',  ( -1.734723475976805517E-15, -1.000000000000000000, 0.000000000000000000 ) ) ;
#1487 = VECTOR ( 'NONE', #4741, 1000.000000000000000 ) ;
#1488 = VECTOR ( 'NONE', #635, 1000.000000000000000 ) ;
#1489 = ORIENTED_EDGE ( 'NONE', *, *, #2539, .T. ) ;
#1490 = LINE ( 'NONE', #1835, #538 ) ;
#1491 = DIRECTION ( 'NONE',  ( 0.000000000000000000, 0.000000000000000000, 1.000000000000000000 ) ) ;
#1492 = ORIENTED_EDGE ( 'NONE', *, *, #2090, .T. ) ;
#1493 = VECTOR ( 'NONE', #4055, 1000.000000000000000 ) ;
#1494 = LINE ( 'NONE', #3671, #3775 ) ;
#1495 = DIRECTION ( 'NONE',  ( 0.000000000000000000, -0.000000000000000000, -1.000000000000000000 ) ) ;
#1496 = AXIS2_PLACEMENT_3D ( 'NONE', #1945, #220, #1976 ) ;
#1497 = DIRECTION ( 'NONE',  ( -1.000000000000000000, 0.000000000000000000, 0.000000000000000000 ) ) ;
#1498 = LINE ( 'NONE', #3597, #1866 ) ;
#1499 = CARTESIAN_POINT ( 'NONE',  ( 40.42884860408197056, 23.35317541498460869, 4.000000000000000000 ) ) ;
#1500 = VECTOR ( 'NONE', #1669, 1000.000000000000000 ) ;
#1501 = FACE_OUTER_BOUND ( 'NONE', #4444, .T. ) ;
#1502 = ORIENTED_EDGE ( 'NONE', *, *, #4165, .T. ) ;
#1503 = DIRECTION ( 'NONE',  ( 0.7071067811865475727, 0.000000000000000000, 0.7071067811865475727 ) ) ;
#1504 = CARTESIAN_POINT ( 'NONE',  ( 24.39487291362403099, 57.66326120127521193, 0.000000000000000000 ) ) ;
#1505 = DIRECTION ( 'NONE',  ( 0.7071067811865492381, -0.7071067811865457964, 0.000000000000000000 ) ) ;
#1506 = ORIENTED_EDGE ( 'NONE', *, *, #4429, .T. ) ;
#1507 = ORIENTED_EDGE ( 'NONE', *, *, #989, .T. ) ;
#1508 = EDGE_CURVE ( 'NONE', #2348, #4963, #4193, .T. ) ;
#1509 = CARTESIAN_POINT ( 'NONE',  ( 76.16692151384303600, 56.44252476504900073, 0.000000000000000000 ) ) ;
#1510 = DIRECTION ( 'NONE',  ( 0.000000000000000000, 1.000000000000000000, 0.000000000000000000 ) ) ;
#1511 = ORIENTED_EDGE ( 'NONE', *, *, #2540, .T. ) ;
#1512 = EDGE_CURVE ( 'NONE', #4330, #896, #3365, .T. ) ;
#1513 = ORIENTED_EDGE ( 'NONE', *, *, #3602, .F. ) ;
#1514 = ORIENTED_EDGE ( 'NONE', *, *, #1650, .T. ) ;
#1515 = LINE ( 'NONE', #2098, #1386 ) ;
#1516 = CARTESIAN_POINT ( 'NONE',  ( -21.63100838201660636, 21.63100838201653531, 0.000000000000000000 ) ) ;
#1517 = ORIENTED_EDGE ( 'NONE', *, *, #2684, .T. ) ;
#1518 = FACE_OUTER_BOUND ( 'NONE', #3498, .T. ) ;
#1519 = DIRECTION ( 'NONE',  ( 1.887397745837881465E-14, 1.000000000000000000, 0.000000000000000000 ) ) ;
#1520 = EDGE_CURVE ( 'NONE', #1208, #2832, #1163, .T. ) ;
#1521 = DIRECTION ( 'NONE',  ( -0.000000000000000000, -0.000000000000000000, 1.000000000000000000 ) ) ;
#1522 = FACE_BOUND ( 'NONE', #3553, .T. ) ;
#1523 = DIRECTION ( 'NONE',  ( -5.782411586589351722E-16, 1.000000000000000000, 0.000000000000000000 ) ) ;
#1524 = EDGE_CURVE ( 'NONE', #3311, #5601, #4597, .T. ) ;
#1525 = DIRECTION ( 'NONE',  ( 5.782411586589351722E-16, -1.000000000000000000, 0.000000000000000000 ) ) ;
#1526 = DIRECTION ( 'NONE',  ( -1.000000000000000000, 0.000000000000000000, 0.000000000000000000 ) ) ;
#1527 = PLANE ( 'NONE',  #173 ) ;
#1528 = DIRECTION ( 'NONE',  ( 0.000000000000000000, 0.000000000000000000, -1.000000000000000000 ) ) ;
#1529 = ORIENTED_EDGE ( 'NONE', *, *, #3514, .F. ) ;
#1530 = DIRECTION ( 'NONE',  ( -1.517883041479704827E-15, -1.000000000000000000, 0.000000000000000000 ) ) ;
#1531 = EDGE_CURVE ( 'NONE', #2738, #704, #2421, .T. ) ;
#1532 = LINE ( 'NONE', #5470, #3578 ) ;
#1533 = CARTESIAN_POINT ( 'NONE',  ( 42.38734786855102499, 32.42898426308398996, 0.3999999999999980793 ) ) ;
#1534 = ORIENTED_EDGE ( 'NONE', *, *, #1621, .T. ) ;
#1535 = DIRECTION ( 'NONE',  ( 0.000000000000000000, 0.000000000000000000, -1.000000000000000000 ) ) ;
#1536 = DIRECTION ( 'NONE',  ( -1.000000000000000000, 0.000000000000000000, 0.000000000000000000 ) ) ;
#1537 = ORIENTED_EDGE ( 'NONE', *, *, #4682, .F. ) ;
#1538 = CARTESIAN_POINT ( 'NONE',  ( 78.02831089662203112, 12.45999491999002373, 10.00099999999999945 ) ) ;
#1539 = ORIENTED_EDGE ( 'NONE', *, *, #5172, .T. ) ;
#1540 = LINE ( 'NONE', #76, #5442 ) ;
#1541 = EDGE_LOOP ( 'NONE', ( #4245, #4423, #2980, #214, #338, #5452 ) ) ;
#1542 = VERTEX_POINT ( 'NONE', #4394 ) ;
#1543 = CARTESIAN_POINT ( 'NONE',  ( 15.37793625377881845, 40.67439564682086939, 10.00000000000000000 ) ) ;
#1544 = EDGE_CURVE ( 'NONE', #2748, #1238, #2153, .T. ) ;
#1545 = ORIENTED_EDGE ( 'NONE', *, *, #4393, .F. ) ;
#1546 = EDGE_CURVE ( 'NONE', #3519, #862, #1750, .T. ) ;
#1547 = DIRECTION ( 'NONE',  ( -1.000000000000000000, 0.000000000000000000, 0.000000000000000000 ) ) ;
#1548 = ADVANCED_FACE ( 'NONE', ( #4314 ), #454, .F. ) ;
#1549 = PLANE ( 'NONE',  #5158 ) ;
#1550 = CARTESIAN_POINT ( 'NONE',  ( 73.34807733323548007, 45.95871309031685570, 5.000000000000000000 ) ) ;
#1551 = AXIS2_PLACEMENT_3D ( 'NONE', #4920, #2794, #4976 ) ;
#1552 = LINE ( 'NONE', #1639, #3427 ) ;
#1553 = CARTESIAN_POINT ( 'NONE',  ( 64.56983569344401985, 40.61884720954800088, -8.271542309605473875 ) ) ;
#1554 = LINE ( 'NONE', #2820, #5323 ) ;
#1555 = AXIS2_PLACEMENT_3D ( 'NONE', #5556, #1557, #666 ) ;
#1556 = PRODUCT_RELATED_PRODUCT_CATEGORY ( 'part', '', ( #93 ) ) ;
#1557 = DIRECTION ( 'NONE',  ( 0.000000000000000000, 0.000000000000000000, -1.000000000000000000 ) ) ;
#1558 = CARTESIAN_POINT ( 'NONE',  ( 11.68769779765030847, 43.83617119703320952, 6.000000000000000000 ) ) ;
#1559 = VERTEX_POINT ( 'NONE', #375 ) ;
#1560 = CARTESIAN_POINT ( 'NONE',  ( 60.02793625377894671, 25.20718193523071449, 7.000000000000000000 ) ) ;
#1561 = VECTOR ( 'NONE', #4853, 1000.000000000000000 ) ;
#1562 = ORIENTED_EDGE ( 'NONE', *, *, #5232, .T. ) ;
#1563 = CARTESIAN_POINT ( 'NONE',  ( 55.42884860408193504, 23.35317541498460159, 10.00000000000000000 ) ) ;
#1564 = CARTESIAN_POINT ( 'NONE',  ( 5.871324698771779538, 34.33421759231527659, 7.000000000000000000 ) ) ;
#1565 = ORIENTED_EDGE ( 'NONE', *, *, #710, .T. ) ;
#1566 = VECTOR ( 'NONE', #3367, 1000.000000000000000 ) ;
#1567 = CARTESIAN_POINT ( 'NONE',  ( 0.000000000000000000, 12.01402484683418415, 0.000000000000000000 ) ) ;
#1568 = EDGE_LOOP ( 'NONE', ( #2092, #854 ) ) ;
#1569 = CARTESIAN_POINT ( 'NONE',  ( 32.14653210253800353, 34.88980021391638076, 0.9599999985689978699 ) ) ;
#1570 = ORIENTED_EDGE ( 'NONE', *, *, #1651, .F. ) ;
#1571 = VECTOR ( 'NONE', #69, 1000.000000000000000 ) ;
#1572 = CARTESIAN_POINT ( 'NONE',  ( 40.83180065388673796, 43.69286487643512373, 3.399999999999983036 ) ) ;
#1573 = CARTESIAN_POINT ( 'NONE',  ( 24.30793625377895850, 41.20718193523075712, 7.000000000000000000 ) ) ;
#1574 = EDGE_CURVE ( 'NONE', #2868, #4576, #3428, .T. ) ;
#1575 = ORIENTED_EDGE ( 'NONE', *, *, #3972, .T. ) ;
#1577 = DIRECTION ( 'NONE',  ( 0.8660254037844382635, -0.5000000000000005551, 0.000000000000000000 ) ) ;
#1576 = VECTOR ( 'NONE', #3418, 1000.000000000000227 ) ;
#1578 = LINE ( 'NONE', #2068, #1759 ) ;
#1579 = ORIENTED_EDGE ( 'NONE', *, *, #3079, .T. ) ;
#1580 = CARTESIAN_POINT ( 'NONE',  ( 65.74084972657723824, 23.61190122397092495, 3.399999999999968825 ) ) ;
#1581 = VECTOR ( 'NONE', #3244, 1000.000000000000227 ) ;
#1582 = EDGE_CURVE ( 'NONE', #1090, #1366, #3037, .T. ) ;
#1583 = LINE ( 'NONE', #5088, #193 ) ;
#1584 = VECTOR ( 'NONE', #758, 1000.000000000000000 ) ;
#1585 = CARTESIAN_POINT ( 'NONE',  ( 65.74084972657725245, 30.61190122397092495, 1.109997883926998163 ) ) ;
#1586 = DIRECTION ( 'NONE',  ( -1.000000000000000000, 0.000000000000000000, -0.000000000000000000 ) ) ;
#1587 = PLANE ( 'NONE',  #4591 ) ;
#1588 = ADVANCED_FACE ( 'NONE', ( #5282 ), #784, .F. ) ;
#1589 = VECTOR ( 'NONE', #3795, 1000.000000000000000 ) ;
#1590 = DIRECTION ( 'NONE',  ( -0.000000000000000000, -1.000000000000000000, -0.000000000000000000 ) ) ;
#1591 = CARTESIAN_POINT ( 'NONE',  ( 44.16973302350327657, 44.67439564682089070, 7.000000000000000000 ) ) ;
#1592 = EDGE_LOOP ( 'NONE', ( #2569, #5633, #4509, #923 ) ) ;
#1593 = AXIS2_PLACEMENT_3D ( 'NONE', #2431, #1510, #2343 ) ;
#1594 = LINE ( 'NONE', #2485, #774 ) ;
#1595 = ORIENTED_EDGE ( 'NONE', *, *, #4282, .F. ) ;
#1596 = DIRECTION ( 'NONE',  ( -1.734723475976805517E-15, -1.000000000000000000, 0.000000000000000000 ) ) ;
#1597 = CARTESIAN_POINT ( 'NONE',  ( 62.84720929291043490, 62.84720929291043490, 4.000000000000000000 ) ) ;
#1598 = ORIENTED_EDGE ( 'NONE', *, *, #3455, .F. ) ;
#1599 = CARTESIAN_POINT ( 'NONE',  ( 22.61060500309813293, 28.68592075184093559, -0.6000000000000458300 ) ) ;
#1600 = EDGE_CURVE ( 'NONE', #5276, #1714, #2102, .T. ) ;
#1601 = ORIENTED_EDGE ( 'NONE', *, *, #4053, .T. ) ;
#1602 = ORIENTED_EDGE ( 'NONE', *, *, #447, .T. ) ;
#1603 = DIRECTION ( 'NONE',  ( -0.000000000000000000, -0.000000000000000000, 1.000000000000000000 ) ) ;
#1604 = EDGE_LOOP ( 'NONE', ( #807, #2799, #4204, #4742 ) ) ;
#1605 = DIRECTION ( 'NONE',  ( -0.7071067811865464625, -0.7071067811865486830, 0.000000000000000000 ) ) ;
#1606 = CARTESIAN_POINT ( 'NONE',  ( 75.02984732797570189, 13.93771831048098697, 4.000000000000000000 ) ) ;
#1607 = EDGE_CURVE ( 'NONE', #668, #5302, #3477, .T. ) ;
#1608 = ORIENTED_EDGE ( 'NONE', *, *, #4020, .T. ) ;
#1609 = DIRECTION ( 'NONE',  ( -0.000000000000000000, 1.000000000000000000, 0.000000000000000000 ) ) ;
#1610 = CARTESIAN_POINT ( 'NONE',  ( -2.595249223493786950, 2.617091902073043208, 4.000000000000000000 ) ) ;
#1611 = PLANE ( 'NONE',  #190 ) ;
#1612 = CARTESIAN_POINT ( 'NONE',  ( 73.15243468099103552, 20.03231731485909961, 10.00000000000000000 ) ) ;
#1613 = LINE ( 'NONE', #5115, #5626 ) ;
#1614 = DIRECTION ( 'NONE',  ( 1.000000000000000000, 0.000000000000000000, 0.000000000000000000 ) ) ;
#1615 = DIRECTION ( 'NONE',  ( -1.000000000000000000, 0.000000000000000000, 0.000000000000000000 ) ) ;
#1616 = CARTESIAN_POINT ( 'NONE',  ( 11.68769779765030847, 35.83617119703320952, 6.000000000000000000 ) ) ;
#1617 = VERTEX_POINT ( 'NONE', #345 ) ;
#1618 = EDGE_CURVE ( 'NONE', #4360, #1772, #1272, .T. ) ;
#1619 = EDGE_CURVE ( 'NONE', #5238, #2170, #812, .T. ) ;
#1620 = CARTESIAN_POINT ( 'NONE',  ( 12.01402484683469041, 5.000000000000022204, 4.000000000000000000 ) ) ;
#1621 = EDGE_CURVE ( 'NONE', #4748, #1014, #5638, .T. ) ;
#1622 = DIRECTION ( 'NONE',  ( -1.000000000000000000, 0.000000000000000000, 0.000000000000000000 ) ) ;
#1623 = ORIENTED_EDGE ( 'NONE', *, *, #870, .F. ) ;
#1624 = ORIENTED_EDGE ( 'NONE', *, *, #3748, .F. ) ;
#1625 = CARTESIAN_POINT ( 'NONE',  ( 58.02613948405432609, 52.67439564682089781, 7.000000000000000000 ) ) ;
#1626 = VERTEX_POINT ( 'NONE', #5225 ) ;
#1627 = LINE ( 'NONE', #4761, #2044 ) ;
#1628 = ORIENTED_EDGE ( 'NONE', *, *, #1600, .T. ) ;
#1629 = VERTEX_POINT ( 'NONE', #5180 ) ;
#1630 = CARTESIAN_POINT ( 'NONE',  ( 35.23973302350344028, 37.20718193523073580, 7.000000000000000000 ) ) ;
#1631 = CARTESIAN_POINT ( 'NONE',  ( 5.875044450089777825, 53.13706121412302252, 10.00099999999999945 ) ) ;
#1632 = VERTEX_POINT ( 'NONE', #2129 ) ;
#1633 = VERTEX_POINT ( 'NONE', #4773 ) ;
#1634 = LINE ( 'NONE', #1209, #4581 ) ;
#1635 = ORIENTED_EDGE ( 'NONE', *, *, #4081, .F. ) ;
#1636 = LINE ( 'NONE', #1697, #1926 ) ;
#1637 = PLANE ( 'NONE',  #3956 ) ;
#1638 = LINE ( 'NONE', #3393, #3039 ) ;
#1639 = CARTESIAN_POINT ( 'NONE',  ( 5.000000000000903277, 54.01736618697488979, 0.000000000000000000 ) ) ;
#1640 = CARTESIAN_POINT ( 'NONE',  ( 40.16613948405434087, 52.67439564682089781, 7.000000000000000000 ) ) ;
#1641 = CARTESIAN_POINT ( 'NONE',  ( 26.30973302350329845, 52.67439564682089781, 10.00000000000000000 ) ) ;
#1642 = LINE ( 'NONE', #3736, #3757 ) ;
#1643 = FACE_OUTER_BOUND ( 'NONE', #4988, .T. ) ;
#1644 = ORIENTED_EDGE ( 'NONE', *, *, #4127, .F. ) ;
#1645 = VECTOR ( 'NONE', #4438, 1000.000000000000114 ) ;
#1646 = DIRECTION ( 'NONE',  ( -1.000000000000000000, 0.000000000000000000, 0.000000000000000000 ) ) ;
#1647 = ADVANCED_FACE ( 'NONE', ( #841 ), #3884, .F. ) ;
#1648 = CARTESIAN_POINT ( 'NONE',  ( 12.07195935263215958, 6.938893903907228378E-15, 0.000000000000000000 ) ) ;
#1649 = AXIS2_PLACEMENT_3D ( 'NONE', #34, #3994, #1786 ) ;
#1650 = EDGE_CURVE ( 'NONE', #4114, #2030, #5260, .T. ) ;
#1651 = EDGE_CURVE ( 'NONE', #2093, #4749, #5257, .T. ) ;
#1652 = ORIENTED_EDGE ( 'NONE', *, *, #1524, .F. ) ;
#1653 = VERTEX_POINT ( 'NONE', #2989 ) ;
#1654 = VECTOR ( 'NONE', #3502, 1000.000000000000227 ) ;
#1655 = ORIENTED_EDGE ( 'NONE', *, *, #1485, .F. ) ;
#1656 = ORIENTED_EDGE ( 'NONE', *, *, #1698, .T. ) ;
#1657 = DIRECTION ( 'NONE',  ( 0.7071067811865474617, -0.7071067811865474617, -0.000000000000000000 ) ) ;
#1658 = VECTOR ( 'NONE', #4714, 1000.000000000000114 ) ;
#1659 = ORIENTED_EDGE ( 'NONE', *, *, #1508, .T. ) ;
#1660 = ORIENTED_EDGE ( 'NONE', *, *, #3602, .T. ) ;
#1661 = DIRECTION ( 'NONE',  ( 0.000000000000000000, -1.000000000000000000, 0.000000000000000000 ) ) ;
#1662 = VECTOR ( 'NONE', #4323, 1000.000000000000000 ) ;
#1663 = ORIENTED_EDGE ( 'NONE', *, *, #4075, .T. ) ;
#1664 = CARTESIAN_POINT ( 'NONE',  ( 65.74084972657723824, 23.61190122397092495, 1.109997883926998163 ) ) ;
#1665 = AXIS2_PLACEMENT_3D ( 'NONE', #4508, #4884, #3180 ) ;
#1666 = VECTOR ( 'NONE', #3290, 1000.000000000000227 ) ;
#1667 = CARTESIAN_POINT ( 'NONE',  ( 0.000000000000000000, 0.000000000000000000, 0.9599999985689978699 ) ) ;
#1668 = CARTESIAN_POINT ( 'NONE',  ( 74.43211764624987836, 51.26230093957098433, 0.000000000000000000 ) ) ;
#1669 = DIRECTION ( 'NONE',  ( -0.000000000000000000, -0.000000000000000000, 1.000000000000000000 ) ) ;
#1670 = LINE ( 'NONE', #4286, #765 ) ;
#1671 = FACE_OUTER_BOUND ( 'NONE', #941, .T. ) ;
#1672 = VECTOR ( 'NONE', #4265, 1000.000000000000000 ) ;
#1673 = DIRECTION ( 'NONE',  ( -0.000000000000000000, -0.000000000000000000, 1.000000000000000000 ) ) ;
#1674 = LINE ( 'NONE', #4831, #448 ) ;
#1675 = DIRECTION ( 'NONE',  ( -1.734723475976805517E-15, -1.000000000000000000, 0.000000000000000000 ) ) ;
#1676 = ORIENTED_EDGE ( 'NONE', *, *, #2706, .F. ) ;
#1677 = VECTOR ( 'NONE', #5075, 1000.000000000000000 ) ;
#1678 = FILL_AREA_STYLE ('',( #409 ) ) ;
#1679 = CARTESIAN_POINT ( 'NONE',  ( 65.74084972657725245, 30.61190122397092495, 1.109997883926998163 ) ) ;
#1680 = EDGE_CURVE ( 'NONE', #4441, #3238, #3456, .T. ) ;
#1681 = VECTOR ( 'NONE', #5561, 1000.000000000000000 ) ;
#1682 = CARTESIAN_POINT ( 'NONE',  ( 24.39487291362403099, 59.35339717067414256, 6.000000000000000000 ) ) ;
#1683 = LINE ( 'NONE', #5590, #4593 ) ;
#1684 = ORIENTED_EDGE ( 'NONE', *, *, #4649, .F. ) ;
#1685 = LINE ( 'NONE', #271, #3656 ) ;
#1686 = ORIENTED_EDGE ( 'NONE', *, *, #956, .T. ) ;
#1687 = VECTOR ( 'NONE', #661, 1000.000000000000000 ) ;
#1688 = DIRECTION ( 'NONE',  ( -0.000000000000000000, -0.000000000000000000, -1.000000000000000000 ) ) ;
#1689 = ORIENTED_EDGE ( 'NONE', *, *, #429, .F. ) ;
#1690 = ORIENTED_EDGE ( 'NONE', *, *, #2277, .F. ) ;
#1691 = CARTESIAN_POINT ( 'NONE',  ( 61.74084972657721693, 28.61190122397095337, 1.399999999999951728 ) ) ;
#1692 = ORIENTED_EDGE ( 'NONE', *, *, #2995, .T. ) ;
#1693 = ORIENTED_EDGE ( 'NONE', *, *, #1778, .T. ) ;
#1694 = EDGE_CURVE ( 'NONE', #3556, #4982, #1328, .T. ) ;
#1695 = ORIENTED_EDGE ( 'NONE', *, *, #1754, .F. ) ;
#1696 = ADVANCED_FACE ( 'NONE', ( #4827 ), #3959, .F. ) ;
#1697 = CARTESIAN_POINT ( 'NONE',  ( 73.15243468099103552, 0.000000000000000000, 4.000000000000000000 ) ) ;
#1698 = EDGE_CURVE ( 'NONE', #1050, #4843, #1808, .T. ) ;
#1699 = CARTESIAN_POINT ( 'NONE',  ( -1.250939572066449346, 1.250939572066456229, 4.000000000000000000 ) ) ;
#1700 = DIRECTION ( 'NONE',  ( -1.000000000000000000, 0.000000000000000000, 0.000000000000000000 ) ) ;
#1701 = ORIENTED_EDGE ( 'NONE', *, *, #3023, .F. ) ;
#1702 = DIRECTION ( 'NONE',  ( -0.000000000000000000, -0.000000000000000000, -1.000000000000000000 ) ) ;
#1703 = CARTESIAN_POINT ( 'NONE',  ( 79.97474980949952794, 57.98214359204602175, 10.00099999999999945 ) ) ;
#1704 = CARTESIAN_POINT ( 'NONE',  ( 5.000000000000028422, 25.20718193523071449, 7.000000000000000000 ) ) ;
#1705 = EDGE_CURVE ( 'NONE', #1292, #2192, #1838, .T. ) ;
#1706 = CARTESIAN_POINT ( 'NONE',  ( 23.77356091487909495, 59.97470916941908570, 10.00000000000000000 ) ) ;
#1707 = CARTESIAN_POINT ( 'NONE',  ( 0.000000000000000000, 0.000000000000000000, 0.000000000000000000 ) ) ;
#1708 = DIRECTION ( 'NONE',  ( -0.7070197385735546014, 0.7071938130861881167, 0.000000000000000000 ) ) ;
#1709 = ORIENTED_EDGE ( 'NONE', *, *, #2693, .T. ) ;
#1710 = PLANE ( 'NONE',  #733 ) ;
#1711 = VERTEX_POINT ( 'NONE', #3258 ) ;
#1712 = DIRECTION ( 'NONE',  ( -1.000000000000000000, 0.000000000000000000, 0.000000000000000000 ) ) ;
#1713 = ORIENTED_EDGE ( 'NONE', *, *, #1122, .T. ) ;
#1714 = VERTEX_POINT ( 'NONE', #4422 ) ;
#1715 = CARTESIAN_POINT ( 'NONE',  ( 0.007098098182035939008, 57.66626307465578805, 0.000000000000000000 ) ) ;
#1716 = DIRECTION ( 'NONE',  ( -0.000000000000000000, -0.000000000000000000, 1.000000000000000000 ) ) ;
#1717 = ORIENTED_EDGE ( 'NONE', *, *, #2071, .F. ) ;
#1718 = ORIENTED_EDGE ( 'NONE', *, *, #4289, .T. ) ;
#1719 = LINE ( 'NONE', #423, #87 ) ;
#1720 = EDGE_CURVE ( 'NONE', #4347, #1267, #2433, .T. ) ;
#1721 = ADVANCED_FACE ( 'NONE', ( #4156 ), #3662, .F. ) ;
#1722 = EDGE_CURVE ( 'NONE', #2346, #151, #678, .T. ) ;
#1723 = DIRECTION ( 'NONE',  ( -1.000000000000000000, 0.000000000000000000, 0.000000000000000000 ) ) ;
#1724 = DIRECTION ( 'NONE',  ( 0.000000000000000000, 1.000000000000000000, 0.000000000000000000 ) ) ;
#1725 = EDGE_LOOP ( 'NONE', ( #5126, #4949, #4839, #1446 ) ) ;
#1726 = LINE ( 'NONE', #2590, #918 ) ;
#1727 = EDGE_CURVE ( 'NONE', #253, #796, #1540, .T. ) ;
#1728 = DIRECTION ( 'NONE',  ( 1.000000000000000000, 0.000000000000000000, 0.000000000000000000 ) ) ;
#1729 = ADVANCED_FACE ( 'NONE', ( #5041 ), #1119, .F. ) ;
#1730 = DIRECTION ( 'NONE',  ( 0.000000000000000000, 0.000000000000000000, -1.000000000000000000 ) ) ;
#1731 = CARTESIAN_POINT ( 'NONE',  ( 0.000000000000000000, 0.000000000000000000, 0.000000000000000000 ) ) ;
#1732 = CARTESIAN_POINT ( 'NONE',  ( 23.73212781767187707, 57.66334277808476827, 4.000000000000000000 ) ) ;
#1733 = EDGE_CURVE ( 'NONE', #1014, #4576, #4185, .T. ) ;
#1734 = DIRECTION ( 'NONE',  ( -1.000000000000000000, 3.469446951953610639E-15, 0.000000000000000000 ) ) ;
#1735 = VERTEX_POINT ( 'NONE', #487 ) ;
#1736 = DIRECTION ( 'NONE',  ( -0.7071067811863702701, -0.7071067811867248754, 0.000000000000000000 ) ) ;
#1737 = ORIENTED_EDGE ( 'NONE', *, *, #1278, .T. ) ;
#1738 = LINE ( 'NONE', #2681, #2871 ) ;
#1739 = AXIS2_PLACEMENT_3D ( 'NONE', #2261, #2749, #4541 ) ;
#1740 = EDGE_LOOP ( 'NONE', ( #5252, #5629, #4128, #4885 ) ) ;
#1741 = ORIENTED_EDGE ( 'NONE', *, *, #2506, .T. ) ;
#1742 = FACE_OUTER_BOUND ( 'NONE', #2698, .T. ) ;
#1743 = VECTOR ( 'NONE', #4693, 1000.000000000000000 ) ;
#1744 = CARTESIAN_POINT ( 'NONE',  ( 65.74084972657723824, 23.61190122397092495, 1.109997883926998163 ) ) ;
#1745 = EDGE_LOOP ( 'NONE', ( #2597, #4763, #5576, #2927 ) ) ;
#1746 = VERTEX_POINT ( 'NONE', #1349 ) ;
#1747 = VECTOR ( 'NONE', #4768, 1000.000000000000000 ) ;
#1748 = CARTESIAN_POINT ( 'NONE',  ( 35.23973302350342607, 29.20718193523073225, 10.00000000000000000 ) ) ;
#1749 = VECTOR ( 'NONE', #3515, 1000.000000000000114 ) ;
#1750 = LINE ( 'NONE', #4285, #2420 ) ;
#1751 = VERTEX_POINT ( 'NONE', #5418 ) ;
#1752 = FACE_OUTER_BOUND ( 'NONE', #3322, .T. ) ;
#1753 = ADVANCED_FACE ( 'NONE', ( #1482 ), #3092, .F. ) ;
#1754 = EDGE_CURVE ( 'NONE', #704, #151, #3233, .T. ) ;
#1755 = VECTOR ( 'NONE', #3312, 1000.000000000000000 ) ;
#1756 = VECTOR ( 'NONE', #61, 1000.000000000000000 ) ;
#1757 = FACE_BOUND ( 'NONE', #3385, .T. ) ;
#1758 = DIRECTION ( 'NONE',  ( 0.0001230892683151790486, 0.9999999924245159821, -0.000000000000000000 ) ) ;
#1759 = VECTOR ( 'NONE', #3821, 1000.000000000000000 ) ;
#1760 = VECTOR ( 'NONE', #1948, 1000.000000000000227 ) ;
#1761 = DIRECTION ( 'NONE',  ( 0.9999999924245159821, -0.0001230892683151790215, 0.000000000000000000 ) ) ;
#1762 =( LENGTH_UNIT ( ) NAMED_UNIT ( * ) SI_UNIT ( .MILLI., .METRE. ) );
#1763 = VECTOR ( 'NONE', #4163, 1000.000000000000000 ) ;
#1764 = CARTESIAN_POINT ( 'NONE',  ( 41.42884860408194214, 25.63389438873801041, 7.000000000000000888 ) ) ;
#1765 = CIRCLE ( 'NONE', #1309, 1.700000000000001066 ) ;
#1766 = VERTEX_POINT ( 'NONE', #2625 ) ;
#1767 = DIRECTION ( 'NONE',  ( -0.000000000000000000, -0.000000000000000000, 1.000000000000000000 ) ) ;
#1768 = ADVANCED_FACE ( 'NONE', ( #942 ), #5218, .F. ) ;
#1769 = VECTOR ( 'NONE', #859, 1000.000000000000000 ) ;
#1770 = CARTESIAN_POINT ( 'NONE',  ( 36.63180065388673512, 43.69286487643512373, 1.699885383662997906 ) ) ;
#1771 = ORIENTED_EDGE ( 'NONE', *, *, #1844, .T. ) ;
#1772 = VERTEX_POINT ( 'NONE', #4387 ) ;
#1773 = CARTESIAN_POINT ( 'NONE',  ( 65.74084972657725245, 30.61190122397092495, 1.109997883926998163 ) ) ;
#1774 = EDGE_LOOP ( 'NONE', ( #1511, #2914, #4488, #4788 ) ) ;
#1775 = VECTOR ( 'NONE', #3912, 1000.000000000000000 ) ;
#1776 = CARTESIAN_POINT ( 'NONE',  ( 60.02793625377894671, 25.20718193523071449, 10.00000000000000000 ) ) ;
#1777 = VERTEX_POINT ( 'NONE', #2197 ) ;
#1778 = EDGE_CURVE ( 'NONE', #3785, #133, #1801, .T. ) ;
#1779 = VERTEX_POINT ( 'NONE', #1744 ) ;
#1780 = VECTOR ( 'NONE', #256, 1000.000000000000000 ) ;
#1781 = CARTESIAN_POINT ( 'NONE',  ( 31.54653210253800211, 0.000000000000000000, 4.000000000000000000 ) ) ;
#1782 = ORIENTED_EDGE ( 'NONE', *, *, #4774, .T. ) ;
#1783 = DIRECTION ( 'NONE',  ( 0.000000000000000000, -1.000000000000000000, 0.000000000000000000 ) ) ;
#1784 = DIRECTION ( 'NONE',  ( -5.782411586589358625E-16, -1.000000000000000000, 0.000000000000000000 ) ) ;
#1785 = ORIENTED_EDGE ( 'NONE', *, *, #4089, .T. ) ;
#1786 = DIRECTION ( 'NONE',  ( 0.9999999924245159821, -0.0001230892683140344564, 0.000000000000000000 ) ) ;
#1787 = CARTESIAN_POINT ( 'NONE',  ( 41.42884860408194214, 24.35317541498458738, 4.000000000000000000 ) ) ;
#1788 = DIRECTION ( 'NONE',  ( -1.000000000000000000, 0.000000000000000000, 0.000000000000000000 ) ) ;
#1789 = CARTESIAN_POINT ( 'NONE',  ( 57.46984934592701677, 0.000000000000000000, 4.000000000000000000 ) ) ;
#1790 = DIRECTION ( 'NONE',  ( 1.000000000000000000, 0.000000000000000000, 0.000000000000000000 ) ) ;
#1791 = CARTESIAN_POINT ( 'NONE',  ( 58.02613948405432609, 52.67439564682089781, 10.00000000000000000 ) ) ;
#1792 = VERTEX_POINT ( 'NONE', #3579 ) ;
#1793 = CARTESIAN_POINT ( 'NONE',  ( 35.23973302350342607, 29.20718193523073225, 7.000000000000000000 ) ) ;
#1794 = ADVANCED_FACE ( 'NONE', ( #3110 ), #5301, .F. ) ;
#1795 = CARTESIAN_POINT ( 'NONE',  ( 78.02984732797568768, 28.93771831048097454, 0.000000000000000000 ) ) ;
#1796 = ORIENTED_EDGE ( 'NONE', *, *, #3030, .F. ) ;
#1797 = EDGE_LOOP ( 'NONE', ( #2452, #5564, #4579, #1992 ) ) ;
#1798 = EDGE_CURVE ( 'NONE', #99, #1830, #4363, .T. ) ;
#1799 = DIRECTION ( 'NONE',  ( -1.982541115402065702E-15, -1.000000000000000000, 0.000000000000000000 ) ) ;
#1800 = ORIENTED_EDGE ( 'NONE', *, *, #2077, .F. ) ;
#1801 = LINE ( 'NONE', #2652, #4723 ) ;
#1802 = ORIENTED_EDGE ( 'NONE', *, *, #1466, .T. ) ;
#1803 = EDGE_CURVE ( 'NONE', #1559, #1147, #2169, .T. ) ;
#1804 = EDGE_CURVE ( 'NONE', #4410, #1245, #4872, .T. ) ;
#1805 = ORIENTED_EDGE ( 'NONE', *, *, #4404, .T. ) ;
#1806 = DIRECTION ( 'NONE',  ( 1.000000000000000000, 0.000000000000000000, 0.000000000000000000 ) ) ;
#1807 = CARTESIAN_POINT ( 'NONE',  ( 60.02793625377894671, 41.20718193523075712, 7.000000000000000000 ) ) ;
#1808 = LINE ( 'NONE', #647, #4620 ) ;
#1809 = ORIENTED_EDGE ( 'NONE', *, *, #152, .T. ) ;
#1810 = DIRECTION ( 'NONE',  ( 0.8660254037844382635, -0.5000000000000005551, 0.000000000000000000 ) ) ;
#1811 = EDGE_CURVE ( 'NONE', #4069, #179, #2688, .T. ) ;
#1812 = FACE_BOUND ( 'NONE', #1568, .T. ) ;
#1813 = DIRECTION ( 'NONE',  ( 0.000000000000000000, 0.000000000000000000, -1.000000000000000000 ) ) ;
#1814 = DIRECTION ( 'NONE',  ( -0.000000000000000000, -0.000000000000000000, -1.000000000000000000 ) ) ;
#1815 = CARTESIAN_POINT ( 'NONE',  ( 46.94653210253800779, 28.88980021391638431, 0.9599999985689978699 ) ) ;
#1816 = DIRECTION ( 'NONE',  ( -0.000000000000000000, -0.000000000000000000, 1.000000000000000000 ) ) ;
#1817 = EDGE_CURVE ( 'NONE', #4563, #4894, #5275, .T. ) ;
#1818 = CARTESIAN_POINT ( 'NONE',  ( 15.37793625377881845, 40.67439564682086939, 7.000000000000000000 ) ) ;
#1819 = ORIENTED_EDGE ( 'NONE', *, *, #5453, .F. ) ;
#1820 = DIRECTION ( 'NONE',  ( -0.7071067811865425767, -0.7071067811865525687, -0.000000000000000000 ) ) ;
#1821 = CARTESIAN_POINT ( 'NONE',  ( 0.000000000000000000, 12.01402484683418415, 4.000000000000000000 ) ) ;
#1822 = LINE ( 'NONE', #13, #4424 ) ;
#1823 = ORIENTED_EDGE ( 'NONE', *, *, #1680, .F. ) ;
#1824 = VERTEX_POINT ( 'NONE', #912 ) ;
#1825 = ADVANCED_FACE ( 'NONE', ( #3983 ), #49, .T. ) ;
#1826 = CARTESIAN_POINT ( 'NONE',  ( 5.000000000000122569, 12.01402484683418415, 4.000000000000000000 ) ) ;
#1827 = ORIENTED_EDGE ( 'NONE', *, *, #4662, .T. ) ;
#1828 = ORIENTED_EDGE ( 'NONE', *, *, #5666, .F. ) ;
#1829 = VECTOR ( 'NONE', #4577, 1000.000000000000114 ) ;
#1830 = VERTEX_POINT ( 'NONE', #1087 ) ;
#1831 = LINE ( 'NONE', #2630, #4588 ) ;
#1832 = EDGE_CURVE ( 'NONE', #3087, #4894, #4613, .T. ) ;
#1833 = AXIS2_PLACEMENT_3D ( 'NONE', #3370, #5150, #4730 ) ;
#1834 = ORIENTED_EDGE ( 'NONE', *, *, #2344, .F. ) ;
#1835 = CARTESIAN_POINT ( 'NONE',  ( 0.000000000000000000, 52.77490806565516834, 4.000000000000000000 ) ) ;
#1836 = CARTESIAN_POINT ( 'NONE',  ( 6.447936253778962623, 25.20718193523071449, 7.000000000000000000 ) ) ;
#1837 = AXIS2_PLACEMENT_3D ( 'NONE', #2504, #3423, #1609 ) ;
#1838 = LINE ( 'NONE', #1999, #3240 ) ;
#1839 = ORIENTED_EDGE ( 'NONE', *, *, #973, .T. ) ;
#1840 = CARTESIAN_POINT ( 'NONE',  ( 58.06984934592702530, 40.61884720954800088, -8.271542309605473875 ) ) ;
#1841 = PLANE ( 'NONE',  #561 ) ;
#1842 = VECTOR ( 'NONE', #3564, 1000.000000000000000 ) ;
#1843 = CARTESIAN_POINT ( 'NONE',  ( 10.58880365760802356, 56.44252476504900073, 10.00000000000000000 ) ) ;
#1844 = EDGE_CURVE ( 'NONE', #1265, #878, #130, .T. ) ;
#1845 = DIRECTION ( 'NONE',  ( -0.5000000000000006661, -0.8660254037844383745, 0.000000000000000000 ) ) ;
#1846 = DIRECTION ( 'NONE',  ( -0.000000000000000000, -0.000000000000000000, -1.000000000000000000 ) ) ;
#1847 = VECTOR ( 'NONE', #4436, 1000.000000000000000 ) ;
#1848 = FACE_OUTER_BOUND ( 'NONE', #861, .T. ) ;
#1849 = ORIENTED_EDGE ( 'NONE', *, *, #1364, .T. ) ;
#1850 = VECTOR ( 'NONE', #951, 1000.000000000000000 ) ;
#1851 = VECTOR ( 'NONE', #1917, 1000.000000000000000 ) ;
#1852 = CARTESIAN_POINT ( 'NONE',  ( 62.02973302350328311, 52.67439564682089781, 7.000000000000000000 ) ) ;
#1853 = DIRECTION ( 'NONE',  ( -0.000000000000000000, -0.000000000000000000, -1.000000000000000000 ) ) ;
#1854 = EDGE_CURVE ( 'NONE', #3155, #247, #1892, .T. ) ;
#1855 = DIRECTION ( 'NONE',  ( 6.313997449038182439E-16, -1.000000000000000000, 0.000000000000000000 ) ) ;
#1856 = ORIENTED_EDGE ( 'NONE', *, *, #2157, .F. ) ;
#1857 = VECTOR ( 'NONE', #5022, 1000.000000000000000 ) ;
#1858 = VERTEX_POINT ( 'NONE', #5038 ) ;
#1859 = DIRECTION ( 'NONE',  ( 0.4999999999999999445, 0.8660254037844387076, 0.000000000000000000 ) ) ;
#1860 = ORIENTED_EDGE ( 'NONE', *, *, #3399, .T. ) ;
#1861 = CARTESIAN_POINT ( 'NONE',  ( 62.02973302350326890, 44.67439564682089070, 10.00000000000000000 ) ) ;
#1862 = ORIENTED_EDGE ( 'NONE', *, *, #5486, .T. ) ;
#1863 = AXIS2_PLACEMENT_3D ( 'NONE', #3685, #1855, #4491 ) ;
#1864 = EDGE_CURVE ( 'NONE', #3666, #2080, #3719, .T. ) ;
#1865 = EDGE_LOOP ( 'NONE', ( #5334, #2924, #2683, #4668 ) ) ;
#1866 = VECTOR ( 'NONE', #1814, 1000.000000000000000 ) ;
#1867 = LINE ( 'NONE', #1516, #1290 ) ;
#1868 = EDGE_LOOP ( 'NONE', ( #1019, #679, #1828, #916 ) ) ;
#1869 = CARTESIAN_POINT ( 'NONE',  ( 12.07195935263212583, 58.33397611666538296, 0.000000000000000000 ) ) ;
#1870 = EDGE_CURVE ( 'NONE', #4799, #1792, #5450, .T. ) ;
#1871 = AXIS2_PLACEMENT_3D ( 'NONE', #4017, #4585, #2406 ) ;
#1872 = ORIENTED_EDGE ( 'NONE', *, *, #1305, .F. ) ;
#1873 = DIRECTION ( 'NONE',  ( 0.0001230892683152483291, 0.9999999924245159821, 0.000000000000000000 ) ) ;
#1874 = EDGE_CURVE ( 'NONE', #1751, #5478, #3691, .T. ) ;
#1875 = LINE ( 'NONE', #3619, #4793 ) ;
#1876 = DIRECTION ( 'NONE',  ( -9.324293839476711010E-05, -0.9999999956528771161, 0.000000000000000000 ) ) ;
#1877 = DIRECTION ( 'NONE',  ( -0.000000000000000000, -0.000000000000000000, -1.000000000000000000 ) ) ;
#1878 = CARTESIAN_POINT ( 'NONE',  ( 31.23613948405447971, 29.20718193523072514, 10.00000000000000000 ) ) ;
#1879 = LINE ( 'NONE', #3675, #27 ) ;
#1880 = CARTESIAN_POINT ( 'NONE',  ( 24.30793625377895850, 25.20718193523071449, 10.00000000000000000 ) ) ;
#1881 = EDGE_CURVE ( 'NONE', #2896, #2552, #5476, .T. ) ;
#1882 = LINE ( 'NONE', #987, #4605 ) ;
#1883 = ORIENTED_EDGE ( 'NONE', *, *, #296, .F. ) ;
#1884 = CARTESIAN_POINT ( 'NONE',  ( 58.06984934592702530, 40.61884720954800088, 3.399999999999996803 ) ) ;
#1885 = LINE ( 'NONE', #5378, #4155 ) ;
#1886 = DIRECTION ( 'NONE',  ( 0.8660254037844385966, 0.4999999999999998890, 0.000000000000000000 ) ) ;
#1887 = ORIENTED_EDGE ( 'NONE', *, *, #730, .T. ) ;
#1888 = ORIENTED_EDGE ( 'NONE', *, *, #1804, .T. ) ;
#1889 = CARTESIAN_POINT ( 'NONE',  ( 77.88793625377894614, 41.20718193523075712, 10.00000000000000000 ) ) ;
#1890 = EDGE_CURVE ( 'NONE', #4955, #1204, #588, .T. ) ;
#1891 = ORIENTED_EDGE ( 'NONE', *, *, #1314, .F. ) ;
#1892 = LINE ( 'NONE', #1538, #4435 ) ;
#1893 = VERTEX_POINT ( 'NONE', #3286 ) ;
#1894 = ORIENTED_EDGE ( 'NONE', *, *, #3260, .T. ) ;
#1895 = ORIENTED_EDGE ( 'NONE', *, *, #3194, .T. ) ;
#1896 = CARTESIAN_POINT ( 'NONE',  ( -3.469446951953614189E-14, 58.33397611666537586, 0.000000000000000000 ) ) ;
#1897 = CARTESIAN_POINT ( 'NONE',  ( 73.15243468099103552, 6.261804759730023484, 10.00099999999999945 ) ) ;
#1898 = ORIENTED_EDGE ( 'NONE', *, *, #1520, .F. ) ;
#1899 = ADVANCED_FACE ( 'NONE', ( #676 ), #4183, .T. ) ;
#1900 = CARTESIAN_POINT ( 'NONE',  ( 77.98218423212703954, 5.000000000000023093, 10.00000000000000000 ) ) ;
#1901 = LINE ( 'NONE', #5393, #1135 ) ;
#1902 = DIRECTION ( 'NONE',  ( 0.8660254037844382635, -0.5000000000000005551, 0.000000000000000000 ) ) ;
#1903 = DIRECTION ( 'NONE',  ( -0.7071067811865455743, 0.7071067811865493491, 0.000000000000000000 ) ) ;
#1904 = EDGE_CURVE ( 'NONE', #395, #5676, #4099, .T. ) ;
#1905 = DIRECTION ( 'NONE',  ( 0.000000000000000000, 0.000000000000000000, -1.000000000000000000 ) ) ;
#1906 = ORIENTED_EDGE ( 'NONE', *, *, #5090, .T. ) ;
#1907 = DIRECTION ( 'NONE',  ( 0.000000000000000000, 1.000000000000000000, 0.000000000000000000 ) ) ;
#1908 = CARTESIAN_POINT ( 'NONE',  ( 5.875044450089780490, 53.13706121412302252, 10.00000000000000000 ) ) ;
#1909 = DIRECTION ( 'NONE',  ( 0.000000000000000000, -1.000000000000000000, 0.000000000000000000 ) ) ;
#1910 = ORIENTED_EDGE ( 'NONE', *, *, #4746, .F. ) ;
#1911 = EDGE_LOOP ( 'NONE', ( #1360, #3586, #4785, #4826 ) ) ;
#1912 = CARTESIAN_POINT ( 'NONE',  ( 66.34084972657718993, -1.315234622136491798E-13, 4.000000000000000000 ) ) ;
#1913 = ORIENTED_EDGE ( 'NONE', *, *, #337, .F. ) ;
#1914 = DIRECTION ( 'NONE',  ( -0.000000000000000000, -0.000000000000000000, -1.000000000000000000 ) ) ;
#1915 = ORIENTED_EDGE ( 'NONE', *, *, #3560, .T. ) ;
#1916 = ORIENTED_EDGE ( 'NONE', *, *, #441, .F. ) ;
#1917 = DIRECTION ( 'NONE',  ( -0.000000000000000000, -0.000000000000000000, 1.000000000000000000 ) ) ;
#1918 = AXIS2_PLACEMENT_3D ( 'NONE', #4933, #2349, #1455 ) ;
#1919 = VERTEX_POINT ( 'NONE', #5416 ) ;
#1920 = LINE ( 'NONE', #1896, #1006 ) ;
#1921 = ADVANCED_FACE ( 'NONE', ( #1422 ), #3174, .T. ) ;
#1922 = ORIENTED_EDGE ( 'NONE', *, *, #2018, .F. ) ;
#1923 = VECTOR ( 'NONE', #4372, 1000.000000000000114 ) ;
#1924 = CARTESIAN_POINT ( 'NONE',  ( 59.74084972657723824, 30.61190122397092495, 1.109997883926998163 ) ) ;
#1925 = CARTESIAN_POINT ( 'NONE',  ( 0.000000000000000000, 0.000000000000000000, 7.000000000000000000 ) ) ;
#1926 = VECTOR ( 'NONE', #371, 1000.000000000000000 ) ;
#1927 = DIRECTION ( 'NONE',  ( -0.8660254037844378194, -0.5000000000000013323, 0.000000000000000000 ) ) ;
#1928 = EDGE_CURVE ( 'NONE', #362, #5048, #5010, .T. ) ;
#1929 = CARTESIAN_POINT ( 'NONE',  ( 18.01060500309818835, 0.000000000000000000, 4.000000000000000000 ) ) ;
#1930 = PLANE ( 'NONE',  #838 ) ;
#1931 = AXIS2_PLACEMENT_3D ( 'NONE', #3816, #2118, #2982 ) ;
#1932 = DIRECTION ( 'NONE',  ( -0.000000000000000000, -0.000000000000000000, 1.000000000000000000 ) ) ;
#1933 = ORIENTED_EDGE ( 'NONE', *, *, #342, .T. ) ;
#1934 = ADVANCED_FACE ( 'NONE', ( #2743 ), #3635, .T. ) ;
#1935 = DIRECTION ( 'NONE',  ( -1.000000000000000000, 0.000000000000000000, 0.000000000000000000 ) ) ;
#1936 = VECTOR ( 'NONE', #2675, 1000.000000000000000 ) ;
#1937 = CARTESIAN_POINT ( 'NONE',  ( 60.02793625377894671, 25.20718193523071449, 7.000000000000000000 ) ) ;
#1938 = VERTEX_POINT ( 'NONE', #1025 ) ;
#1939 = ORIENTED_EDGE ( 'NONE', *, *, #2807, .T. ) ;
#1940 = VECTOR ( 'NONE', #4783, 1000.000000000000000 ) ;
#1941 = LINE ( 'NONE', #675, #4870 ) ;
#1942 = AXIS2_PLACEMENT_3D ( 'NONE', #540, #5430, #4592 ) ;
#1943 = CARTESIAN_POINT ( 'NONE',  ( 46.94653210253800779, 0.000000000000000000, 0.9599999985689978699 ) ) ;
#1944 = ORIENTED_EDGE ( 'NONE', *, *, #2041, .T. ) ;
#1945 = CARTESIAN_POINT ( 'NONE',  ( 8.449733023503304352, 52.67439564682089781, 7.000000000000000000 ) ) ;
#1946 = VECTOR ( 'NONE', #113, 1000.000000000000000 ) ;
#1947 = VERTEX_POINT ( 'NONE', #1060 ) ;
#1948 = DIRECTION ( 'NONE',  ( 0.8660254037844378194, -0.5000000000000013323, 0.000000000000000000 ) ) ;
#1949 = VECTOR ( 'NONE', #5145, 1000.000000000000114 ) ;
#1950 = AXIS2_PLACEMENT_3D ( 'NONE', #298, #2079, #3802 ) ;
#1951 = EDGE_LOOP ( 'NONE', ( #3984, #2256, #4131, #5604 ) ) ;
#1952 = LINE ( 'NONE', #282, #5596 ) ;
#1953 = DIRECTION ( 'NONE',  ( 1.887397745837881465E-14, 1.000000000000000000, 0.000000000000000000 ) ) ;
#1954 = ORIENTED_EDGE ( 'NONE', *, *, #3888, .T. ) ;
#1955 = VECTOR ( 'NONE', #3998, 1000.000000000000000 ) ;
#1956 =( GEOMETRIC_REPRESENTATION_CONTEXT ( 3 ) GLOBAL_UNCERTAINTY_ASSIGNED_CONTEXT ( ( #2632 ) ) GLOBAL_UNIT_ASSIGNED_CONTEXT ( ( #1762, #3565, #2640 ) ) REPRESENTATION_CONTEXT ( 'NONE', 'WORKASPACE' ) );
#1957 = LINE ( 'NONE', #5460, #5525 ) ;
#1958 = DIRECTION ( 'NONE',  ( -1.000000000000000000, 0.000000000000000000, -0.000000000000000000 ) ) ;
#1959 = VECTOR ( 'NONE', #2372, 1000.000000000000000 ) ;
#1960 = DIRECTION ( 'NONE',  ( -0.000000000000000000, -0.000000000000000000, 1.000000000000000000 ) ) ;
#1961 = DIRECTION ( 'NONE',  ( 1.000000000000000000, 5.782411586589351722E-16, -0.000000000000000000 ) ) ;
#1962 = DIRECTION ( 'NONE',  ( -1.000000000000000000, -6.369488388617202940E-16, 0.000000000000000000 ) ) ;
#1963 = VECTOR ( 'NONE', #797, 1000.000000000000227 ) ;
#1964 = ADVANCED_FACE ( 'NONE', ( #4559 ), #615, .F. ) ;
#1965 = CARTESIAN_POINT ( 'NONE',  ( 22.30613948405434499, 44.67439564682088360, 7.000000000000000000 ) ) ;
#1966 = DIRECTION ( 'NONE',  ( -1.734723475976805517E-15, -1.000000000000000000, 0.000000000000000000 ) ) ;
#1967 = EDGE_LOOP ( 'NONE', ( #5007, #2276, #2112, #3027, #943, #856 ) ) ;
#1968 = CARTESIAN_POINT ( 'NONE',  ( 58.06984934592702530, 40.61884720954800088, 3.399999999999996803 ) ) ;
#1969 = LINE ( 'NONE', #2020, #2486 ) ;
#1970 = DIRECTION ( 'NONE',  ( 0.000000000000000000, 0.7071067811865475727, 0.7071067811865475727 ) ) ;
#1971 = ORIENTED_EDGE ( 'NONE', *, *, #4003, .T. ) ;
#1972 = CARTESIAN_POINT ( 'NONE',  ( 12.07195935263212583, 55.33397611666537586, 4.000000000000000000 ) ) ;
#1973 = ORIENTED_EDGE ( 'NONE', *, *, #3451, .F. ) ;
#1974 = CARTESIAN_POINT ( 'NONE',  ( 35.23973302350344028, 37.20718193523073580, 10.00000000000000000 ) ) ;
#1975 = ORIENTED_EDGE ( 'NONE', *, *, #3879, .T. ) ;
#1976 = DIRECTION ( 'NONE',  ( -1.517883041479704827E-15, -1.000000000000000000, 0.000000000000000000 ) ) ;
#1977 = ORIENTED_EDGE ( 'NONE', *, *, #1832, .F. ) ;
#1978 = EDGE_CURVE ( 'NONE', #862, #3105, #1449, .T. ) ;
#1979 = ORIENTED_EDGE ( 'NONE', *, *, #2081, .F. ) ;
#1980 = CARTESIAN_POINT ( 'NONE',  ( 31.21060500309818764, 24.08592075184099457, 4.000000000000000000 ) ) ;
#1981 = DIRECTION ( 'NONE',  ( -0.7071067811865464625, -0.7071067811865486830, 0.000000000000000000 ) ) ;
#1982 = ORIENTED_EDGE ( 'NONE', *, *, #3822, .T. ) ;
#1983 = DIRECTION ( 'NONE',  ( 0.7071067811865449082, 0.7071067811865502373, -0.000000000000000000 ) ) ;
#1984 = CARTESIAN_POINT ( 'NONE',  ( 69.83157658086554420, 23.35317541498460159, 10.00099999999999945 ) ) ;
#1985 = ORIENTED_EDGE ( 'NONE', *, *, #1063, .T. ) ;
#1986 = LINE ( 'NONE', #1550, #4772 ) ;
#1987 = CARTESIAN_POINT ( 'NONE',  ( 24.39487291362403454, 53.90641816659306329, 6.000000000000000000 ) ) ;
#1988 = CARTESIAN_POINT ( 'NONE',  ( 31.21060500309817343, -1.804725639943786835E-14, 4.000000000000000000 ) ) ;
#1989 = DIRECTION ( 'NONE',  ( 0.8660254037844382635, -0.5000000000000005551, 0.000000000000000000 ) ) ;
#1990 = CARTESIAN_POINT ( 'NONE',  ( 18.61060500309818977, 24.68592075184099954, 1.109999999999998099 ) ) ;
#1991 = PLANE ( 'NONE',  #2589 ) ;
#1992 = ORIENTED_EDGE ( 'NONE', *, *, #2493, .T. ) ;
#1993 = LINE ( 'NONE', #5497, #4803 ) ;
#1994 = ORIENTED_EDGE ( 'NONE', *, *, #3493, .F. ) ;
#1995 = LINE ( 'NONE', #1171, #1755 ) ;
#1996 = DIRECTION ( 'NONE',  ( -0.000000000000000000, -0.000000000000000000, -1.000000000000000000 ) ) ;
#1997 = LINE ( 'NONE', #1597, #5310 ) ;
#1998 = VERTEX_POINT ( 'NONE', #1200 ) ;
#1999 = CARTESIAN_POINT ( 'NONE',  ( 24.30793625377895850, 25.20718193523071449, 7.000000000000000000 ) ) ;
#2000 = EDGE_LOOP ( 'NONE', ( #2281, #842, #680, #2086 ) ) ;
#2001 = VERTEX_POINT ( 'NONE', #5160 ) ;
#2002 = LINE ( 'NONE', #4275, #5605 ) ;
#2003 = CARTESIAN_POINT ( 'NONE',  ( 35.23973302350342607, 29.20718193523073225, 7.000000000000000000 ) ) ;
#2004 = ORIENTED_EDGE ( 'NONE', *, *, #2146, .F. ) ;
#2005 = CARTESIAN_POINT ( 'NONE',  ( 79.97474980950003953, 6.992565577373023977, 10.00099999999999945 ) ) ;
#2006 = LINE ( 'NONE', #5019, #4801 ) ;
#2007 = ORIENTED_EDGE ( 'NONE', *, *, #4080, .T. ) ;
#2008 = DIRECTION ( 'NONE',  ( -1.000000000000000000, 0.000000000000000000, 0.000000000000000000 ) ) ;
#2009 = LINE ( 'NONE', #5485, #3297 ) ;
#2010 = CIRCLE ( 'NONE', #3390, 1.699999999999993072 ) ;
#2011 = DIRECTION ( 'NONE',  ( -0.000000000000000000, -0.000000000000000000, -1.000000000000000000 ) ) ;
#2012 = DIRECTION ( 'NONE',  ( 0.3446779346331529381, 0.9387210029487057517, 0.000000000000000000 ) ) ;
#2013 = CARTESIAN_POINT ( 'NONE',  ( 53.48264078761654616, 52.77490806565516834, 6.000000000000000000 ) ) ;
#2014 = AXIS2_PLACEMENT_3D ( 'NONE', #2816, #4257, #3793 ) ;
#2015 = CARTESIAN_POINT ( 'NONE',  ( 17.37973302350344440, 37.20718193523073580, 7.000000000000000000 ) ) ;
#2016 = DIRECTION ( 'NONE',  ( -0.000000000000000000, -0.000000000000000000, -1.000000000000000000 ) ) ;
#2017 = ORIENTED_EDGE ( 'NONE', *, *, #4020, .F. ) ;
#2018 = EDGE_CURVE ( 'NONE', #2463, #5653, #2921, .T. ) ;
#2019 = EDGE_CURVE ( 'NONE', #334, #1938, #1174, .T. ) ;
#2020 = CARTESIAN_POINT ( 'NONE',  ( 42.16793625377896149, 41.20718193523075712, 7.000000000000000000 ) ) ;
#2021 = LINE ( 'NONE', #1196, #2220 ) ;
#2022 = VECTOR ( 'NONE', #5635, 1000.000000000000000 ) ;
#2023 = EDGE_LOOP ( 'NONE', ( #5012, #4014, #4272, #350 ) ) ;
#2024 = ORIENTED_EDGE ( 'NONE', *, *, #1854, .T. ) ;
#2025 = CARTESIAN_POINT ( 'NONE',  ( 77.86692151384302463, 8.415085090169998949, 10.00099999999999945 ) ) ;
#2026 = VECTOR ( 'NONE', #1846, 1000.000000000000000 ) ;
#2027 = EDGE_CURVE ( 'NONE', #433, #3508, #2087, .T. ) ;
#2028 = ORIENTED_EDGE ( 'NONE', *, *, #3193, .F. ) ;
#2029 = LINE ( 'NONE', #5294, #5254 ) ;
#2030 = VERTEX_POINT ( 'NONE', #3838 ) ;
#2031 = VECTOR ( 'NONE', #155, 1000.000000000000114 ) ;
#2032 = ORIENTED_EDGE ( 'NONE', *, *, #1321, .T. ) ;
#2033 = CARTESIAN_POINT ( 'NONE',  ( 23.06165955430742187, 58.33397611666539717, 0.000000000000000000 ) ) ;
#2034 = ORIENTED_EDGE ( 'NONE', *, *, #2530, .T. ) ;
#2036 = CARTESIAN_POINT ( 'NONE',  ( 0.000000000000000000, 34.88980021391638076, 0.9599999985689978699 ) ) ;
#2035 = VECTOR ( 'NONE', #4220, 1000.000000000000000 ) ;
#2037 = CARTESIAN_POINT ( 'NONE',  ( 55.42884860408193504, 24.35317541498459448, -10.67514906227531313 ) ) ;
#2038 = ORIENTED_EDGE ( 'NONE', *, *, #2456, .F. ) ;
#2039 = CARTESIAN_POINT ( 'NONE',  ( 10.58880365760802356, 8.415085090169998949, 0.000000000000000000 ) ) ;
#2040 = LINE ( 'NONE', #2471, #2401 ) ;
#2041 = EDGE_CURVE ( 'NONE', #215, #5424, #2060, .T. ) ;
#2042 = DIRECTION ( 'NONE',  ( -0.8660254037844378194, -0.5000000000000013323, 0.000000000000000000 ) ) ;
#2043 = CARTESIAN_POINT ( 'NONE',  ( 73.15243468099103552, 6.261804759730023484, 10.00000000000000000 ) ) ;
#2044 = VECTOR ( 'NONE', #5627, 1000.000000000000000 ) ;
#2045 = CARTESIAN_POINT ( 'NONE',  ( 5.000000000000896172, 54.01736618697488979, 0.000000000000000000 ) ) ;
#2046 = DIRECTION ( 'NONE',  ( -1.000000000000000000, 0.000000000000000000, 0.000000000000000000 ) ) ;
#2047 = DIRECTION ( 'NONE',  ( -0.5000000000000012212, 0.8660254037844380415, 0.000000000000000000 ) ) ;
#2048 = DIRECTION ( 'NONE',  ( -1.000000000000000000, 0.000000000000000000, -0.000000000000000000 ) ) ;
#2049 = VECTOR ( 'NONE', #4637, 1000.000000000000000 ) ;
#2050 = DIRECTION ( 'NONE',  ( 0.000000000000000000, 1.000000000000000000, 0.000000000000000000 ) ) ;
#2051 = CYLINDRICAL_SURFACE ( 'NONE', #3779, 1.700000000000001066 ) ;
#2052 = ORIENTED_EDGE ( 'NONE', *, *, #1803, .T. ) ;
#2053 = LINE ( 'NONE', #728, #4318 ) ;
#2054 = VECTOR ( 'NONE', #2535, 1000.000000000000000 ) ;
#2055 = LINE ( 'NONE', #3805, #1681 ) ;
#2056 = ADVANCED_FACE ( 'NONE', ( #5592 ), #703, .F. ) ;
#2057 = FACE_BOUND ( 'NONE', #2634, .T. ) ;
#2058 = ADVANCED_FACE ( 'NONE', ( #4205 ), #5188, .F. ) ;
#2059 = EDGE_LOOP ( 'NONE', ( #3590, #2557, #1327, #4712 ) ) ;
#2060 = LINE ( 'NONE', #2548, #490 ) ;
#2061 = EDGE_LOOP ( 'NONE', ( #1384, #2230, #2654, #2500 ) ) ;
#2062 = CYLINDRICAL_SURFACE ( 'NONE', #3043, 1.699999999999993072 ) ;
#2063 = ORIENTED_EDGE ( 'NONE', *, *, #2149, .T. ) ;
#2064 = EDGE_CURVE ( 'NONE', #4706, #4498, #2111, .T. ) ;
#2065 = PLANE ( 'NONE',  #5608 ) ;
#2066 = ORIENTED_EDGE ( 'NONE', *, *, #135, .F. ) ;
#2067 = DIRECTION ( 'NONE',  ( 0.000000000000000000, -0.000000000000000000, 1.000000000000000000 ) ) ;
#2068 = CARTESIAN_POINT ( 'NONE',  ( 77.88793625377894614, 41.20718193523075712, 7.000000000000000000 ) ) ;
#2069 = LINE ( 'NONE', #4219, #4952 ) ;
#2070 = DIRECTION ( 'NONE',  ( -0.000000000000000000, 1.000000000000000000, 0.000000000000000000 ) ) ;
#2071 = EDGE_CURVE ( 'NONE', #3636, #1947, #4739, .T. ) ;
#2072 = CARTESIAN_POINT ( 'NONE',  ( 25.52610449534172687, 52.77490806565516834, 6.000000000000000000 ) ) ;
#2073 = DIRECTION ( 'NONE',  ( -0.000000000000000000, 0.000000000000000000, 1.000000000000000000 ) ) ;
#2074 = DIRECTION ( 'NONE',  ( -1.000000000000000000, 3.469446951953610639E-15, 0.000000000000000000 ) ) ;
#2075 = CARTESIAN_POINT ( 'NONE',  ( 53.09973302350343261, 37.20718193523073580, 7.000000000000000000 ) ) ;
#2076 = EDGE_CURVE ( 'NONE', #2192, #5244, #1685, .T. ) ;
#2077 = EDGE_CURVE ( 'NONE', #4775, #89, #3441, .T. ) ;
#2078 = CARTESIAN_POINT ( 'NONE',  ( 23.77356091487909495, 59.97470916941908570, 10.00000000000000000 ) ) ;
#2079 = DIRECTION ( 'NONE',  ( 0.000000000000000000, 0.000000000000000000, -1.000000000000000000 ) ) ;
#2080 = VERTEX_POINT ( 'NONE', #3746 ) ;
#2081 = EDGE_CURVE ( 'NONE', #1629, #5381, #306, .T. ) ;
#2082 = DIRECTION ( 'NONE',  ( -0.7071067811865556774, 0.000000000000000000, 0.7071067811865393571 ) ) ;
#2083 = CARTESIAN_POINT ( 'NONE',  ( 15.37793625377882201, 56.67439564682091202, 7.000000000000000000 ) ) ;
#2084 = LINE ( 'NONE', #410, #4875 ) ;
#2085 = LINE ( 'NONE', #3774, #3116 ) ;
#2086 = ORIENTED_EDGE ( 'NONE', *, *, #528, .T. ) ;
#2087 = LINE ( 'NONE', #2892, #2691 ) ;
#2088 = ORIENTED_EDGE ( 'NONE', *, *, #4249, .F. ) ;
#2089 = EDGE_CURVE ( 'NONE', #534, #5558, #3317, .T. ) ;
#2090 = EDGE_CURVE ( 'NONE', #4471, #1401, #1997, .T. ) ;
#2091 = DIRECTION ( 'NONE',  ( 0.000000000000000000, 0.000000000000000000, -1.000000000000000000 ) ) ;
#2092 = ORIENTED_EDGE ( 'NONE', *, *, #4944, .F. ) ;
#2093 = VERTEX_POINT ( 'NONE', #4671 ) ;
#2094 = PLANE ( 'NONE',  #7 ) ;
#2095 = ORIENTED_EDGE ( 'NONE', *, *, #447, .F. ) ;
#2096 = ORIENTED_EDGE ( 'NONE', *, *, #4746, .T. ) ;
#2097 = LINE ( 'NONE', #4750, #2849 ) ;
#2098 = CARTESIAN_POINT ( 'NONE',  ( 23.06165955430742187, 58.33397611666539717, 4.000000000000000000 ) ) ;
#2099 = DIRECTION ( 'NONE',  ( 0.000000000000000000, -0.000000000000000000, -1.000000000000000000 ) ) ;
#2100 = CARTESIAN_POINT ( 'NONE',  ( 73.15243468099103552, 12.06030566349624422, 0.000000000000000000 ) ) ;
#2101 = EDGE_CURVE ( 'NONE', #2428, #71, #735, .T. ) ;
#2102 = LINE ( 'NONE', #424, #2227 ) ;
#2103 = DIRECTION ( 'NONE',  ( 1.577021341797097018E-15, 1.000000000000000000, 0.000000000000000000 ) ) ;
#2104 = LINE ( 'NONE', #5611, #3584 ) ;
#2105 = CARTESIAN_POINT ( 'NONE',  ( 5.871324698771779538, 34.33421759231527659, 6.000000000000000000 ) ) ;
#2106 = ORIENTED_EDGE ( 'NONE', *, *, #3964, .F. ) ;
#2107 = AXIS2_PLACEMENT_3D ( 'NONE', #5545, #5082, #4190 ) ;
#2108 = CARTESIAN_POINT ( 'NONE',  ( 13.37613948405448738, 37.20718193523074291, 7.000000000000000000 ) ) ;
#2109 = CIRCLE ( 'NONE', #2843, 1.699999999999999289 ) ;
#2110 = VERTEX_POINT ( 'NONE', #1625 ) ;
#2111 = LINE ( 'NONE', #3378, #3702 ) ;
#2112 = ORIENTED_EDGE ( 'NONE', *, *, #3582, .F. ) ;
#2113 = VECTOR ( 'NONE', #264, 1000.000000000000114 ) ;
#2114 = DIRECTION ( 'NONE',  ( 0.000000000000000000, -1.000000000000000000, 0.000000000000000000 ) ) ;
#2115 = ORIENTED_EDGE ( 'NONE', *, *, #364, .T. ) ;
#2116 = ORIENTED_EDGE ( 'NONE', *, *, #2076, .T. ) ;
#2117 = ADVANCED_FACE ( 'NONE', ( #5127 ), #3917, .T. ) ;
#2118 = DIRECTION ( 'NONE',  ( -0.5000000000000006661, -0.8660254037844383745, 0.000000000000000000 ) ) ;
#2119 = VECTOR ( 'NONE', #2615, 1000.000000000000000 ) ;
#2120 = ORIENTED_EDGE ( 'NONE', *, *, #2887, .T. ) ;
#2121 = VECTOR ( 'NONE', #465, 1000.000000000000000 ) ;
#2122 = VERTEX_POINT ( 'NONE', #5649 ) ;
#2123 = FACE_OUTER_BOUND ( 'NONE', #4476, .T. ) ;
#2124 = ADVANCED_FACE ( 'NONE', ( #1338 ), #964, .F. ) ;
#2125 = AXIS2_PLACEMENT_3D ( 'NONE', #2862, #2429, #4610 ) ;
#2126 = VECTOR ( 'NONE', #3594, 1000.000000000000000 ) ;
#2127 = FACE_OUTER_BOUND ( 'NONE', #4189, .T. ) ;
#2128 = CARTESIAN_POINT ( 'NONE',  ( 53.09973302350343261, 37.20718193523073580, 7.000000000000000000 ) ) ;
#2129 = CARTESIAN_POINT ( 'NONE',  ( 40.83180065388673796, 43.69286487643512373, 1.699885383662997906 ) ) ;
#2130 = EDGE_LOOP ( 'NONE', ( #5538, #3255, #1055, #2524 ) ) ;
#2131 = CARTESIAN_POINT ( 'NONE',  ( 62.84720929291043490, 62.84720929291043490, 0.000000000000000000 ) ) ;
#2132 = VECTOR ( 'NONE', #3996, 1000.000000000000000 ) ;
#2133 = EDGE_CURVE ( 'NONE', #4036, #3898, #4787, .T. ) ;
#2134 = CARTESIAN_POINT ( 'NONE',  ( 62.84720929291043490, 62.84720929291043490, 4.000000000000000000 ) ) ;
#2135 = VECTOR ( 'NONE', #2550, 1000.000000000000000 ) ;
#2136 = CARTESIAN_POINT ( 'NONE',  ( 30.61060500309818977, 30.68592075184099599, 1.109999999999998099 ) ) ;
#2137 = AXIS2_PLACEMENT_3D ( 'NONE', #4517, #4890, #1410 ) ;
#2138 = ORIENTED_EDGE ( 'NONE', *, *, #3247, .T. ) ;
#2139 = CARTESIAN_POINT ( 'NONE',  ( 6.992565577374029395, 5.000000000000023093, 10.00099999999999945 ) ) ;
#2140 = ORIENTED_EDGE ( 'NONE', *, *, #5367, .T. ) ;
#2141 = VECTOR ( 'NONE', #4658, 1000.000000000000114 ) ;
#2142 = DIRECTION ( 'NONE',  ( 0.000000000000000000, 1.000000000000000000, -0.000000000000000000 ) ) ;
#2143 = ORIENTED_EDGE ( 'NONE', *, *, #2666, .F. ) ;
#2144 = ORIENTED_EDGE ( 'NONE', *, *, #2995, .F. ) ;
#2145 = EDGE_CURVE ( 'NONE', #5540, #968, #5293, .T. ) ;
#2146 = EDGE_CURVE ( 'NONE', #2396, #2605, #3467, .T. ) ;
#2147 = DIRECTION ( 'NONE',  ( 0.8660254037844382635, -0.5000000000000005551, 0.000000000000000000 ) ) ;
#2148 = VERTEX_POINT ( 'NONE', #3895 ) ;
#2149 = EDGE_CURVE ( 'NONE', #5081, #640, #3077, .T. ) ;
#2150 = ORIENTED_EDGE ( 'NONE', *, *, #2214, .F. ) ;
#2151 = CARTESIAN_POINT ( 'NONE',  ( 78.02831089662203112, 12.45999491999002373, 10.00000000000000000 ) ) ;
#2152 = CARTESIAN_POINT ( 'NONE',  ( 38.03180065388671949, 40.09286487643510810, 1.999999999999968914 ) ) ;
#2153 = LINE ( 'NONE', #2586, #3697 ) ;
#2154 = PRODUCT_DEFINITION ( '鏈', '', #2222, #452 ) ;
#2155 = ORIENTED_EDGE ( 'NONE', *, *, #4756, .T. ) ;
#2156 = CARTESIAN_POINT ( 'NONE',  ( 40.83180065388673796, 38.69286487643512373, 1.699885383662997906 ) ) ;
#2157 = EDGE_CURVE ( 'NONE', #2001, #4441, #4002, .T. ) ;
#2158 = CARTESIAN_POINT ( 'NONE',  ( 5.872684371738666087, 41.20718193523075712, 7.000000000000000000 ) ) ;
#2159 = CARTESIAN_POINT ( 'NONE',  ( 64.56983569344401985, 35.50332283157010949, 3.399999999999996803 ) ) ;
#2160 = CARTESIAN_POINT ( 'NONE',  ( 40.16613948405434087, 52.67439564682089781, 10.00000000000000000 ) ) ;
#2161 = VERTEX_POINT ( 'NONE', #3489 ) ;
#2162 = CARTESIAN_POINT ( 'NONE',  ( 6.992565577373027530, 59.97470916941908570, 0.000000000000000000 ) ) ;
#2163 = ORIENTED_EDGE ( 'NONE', *, *, #233, .T. ) ;
#2164 = EDGE_CURVE ( 'NONE', #3280, #3408, #4895, .T. ) ;
#2165 = LINE ( 'NONE', #966, #3687 ) ;
#2166 = ORIENTED_EDGE ( 'NONE', *, *, #1864, .F. ) ;
#2167 = ORIENTED_EDGE ( 'NONE', *, *, #3389, .T. ) ;
#2168 = LINE ( 'NONE', #939, #467 ) ;
#2169 = LINE ( 'NONE', #4796, #119 ) ;
#2170 = VERTEX_POINT ( 'NONE', #906 ) ;
#2171 = ADVANCED_FACE ( 'NONE', ( #934 ), #389, .F. ) ;
#2172 = ORIENTED_EDGE ( 'NONE', *, *, #135, .T. ) ;
#2173 = DIRECTION ( 'NONE',  ( -0.000000000000000000, -0.000000000000000000, -1.000000000000000000 ) ) ;
#2174 = ADVANCED_FACE ( 'NONE', ( #855 ), #1710, .F. ) ;
#2175 = DIRECTION ( 'NONE',  ( -1.000000000000000000, 1.887397745837881465E-14, 0.000000000000000000 ) ) ;
#2176 = CARTESIAN_POINT ( 'NONE',  ( 22.30613948405434499, 52.67439564682089781, 10.00000000000000000 ) ) ;
#2177 = ORIENTED_EDGE ( 'NONE', *, *, #1904, .T. ) ;
#2178 = DIRECTION ( 'NONE',  ( -1.000000000000000000, 0.000000000000000000, 0.000000000000000000 ) ) ;
#2179 = EDGE_CURVE ( 'NONE', #358, #3352, #42, .T. ) ;
#2180 = CARTESIAN_POINT ( 'NONE',  ( 5.871324698771779538, 34.33421759231527659, 10.00099999999999945 ) ) ;
#2181 = FACE_OUTER_BOUND ( 'NONE', #835, .T. ) ;
#2182 = LINE ( 'NONE', #5317, #2119 ) ;
#2183 = PLANE ( 'NONE',  #3330 ) ;
#2184 = EDGE_CURVE ( 'NONE', #4982, #1366, #3021, .T. ) ;
#2185 = DIRECTION ( 'NONE',  ( -0.7071067811867293162, -0.7071067811863657182, 0.000000000000000000 ) ) ;
#2186 = VECTOR ( 'NONE', #468, 1000.000000000000000 ) ;
#2187 = ORIENTED_EDGE ( 'NONE', *, *, #992, .F. ) ;
#2188 = LINE ( 'NONE', #2826, #1365 ) ;
#2189 = LINE ( 'NONE', #503, #1769 ) ;
#2190 = VECTOR ( 'NONE', #3341, 1000.000000000000114 ) ;
#2191 = ORIENTED_EDGE ( 'NONE', *, *, #2898, .F. ) ;
#2192 = VERTEX_POINT ( 'NONE', #413 ) ;
#2193 = LINE ( 'NONE', #3576, #2858 ) ;
#2194 = EDGE_CURVE ( 'NONE', #3508, #3106, #4407, .T. ) ;
#2195 = ORIENTED_EDGE ( 'NONE', *, *, #3813, .T. ) ;
#2196 = VECTOR ( 'NONE', #4288, 1000.000000000000000 ) ;
#2197 = CARTESIAN_POINT ( 'NONE',  ( 54.61482092964089929, 59.34967741935614072, 4.000000000000000000 ) ) ;
#2198 = DIRECTION ( 'NONE',  ( -0.8660254037844382635, -0.5000000000000005551, 0.000000000000000000 ) ) ;
#2199 = ORIENTED_EDGE ( 'NONE', *, *, #2693, .F. ) ;
#2200 = ORIENTED_EDGE ( 'NONE', *, *, #356, .F. ) ;
#2201 = AXIS2_PLACEMENT_3D ( 'NONE', #3040, #5459, #3268 ) ;
#2202 = ORIENTED_EDGE ( 'NONE', *, *, #5195, .T. ) ;
#2204 = PLANE ( 'NONE',  #2283 ) ;
#2203 = VECTOR ( 'NONE', #2074, 1000.000000000000000 ) ;
#2205 = DIRECTION ( 'NONE',  ( -0.000000000000000000, -0.000000000000000000, -1.000000000000000000 ) ) ;
#2206 = ORIENTED_EDGE ( 'NONE', *, *, #1432, .T. ) ;
#2207 = EDGE_CURVE ( 'NONE', #2529, #2631, #5237, .T. ) ;
#2208 = FACE_OUTER_BOUND ( 'NONE', #3122, .T. ) ;
#2209 = VECTOR ( 'NONE', #1734, 1000.000000000000000 ) ;
#2210 = EDGE_CURVE ( 'NONE', #2896, #2793, #2010, .T. ) ;
#2211 = FACE_OUTER_BOUND ( 'NONE', #2622, .T. ) ;
#2212 = AXIS2_PLACEMENT_3D ( 'NONE', #491, #3538, #3041 ) ;
#2213 = CARTESIAN_POINT ( 'NONE',  ( 26.30973302350328424, 44.67439564682089070, 7.000000000000000000 ) ) ;
#2214 = EDGE_CURVE ( 'NONE', #509, #3607, #2247, .T. ) ;
#2215 = AXIS2_PLACEMENT_3D ( 'NONE', #3103, #1284, #2711 ) ;
#2216 = CARTESIAN_POINT ( 'NONE',  ( 31.23613948405447971, 37.20718193523074291, 7.000000000000000000 ) ) ;
#2217 = VECTOR ( 'NONE', #3363, 1000.000000000000114 ) ;
#2218 = ORIENTED_EDGE ( 'NONE', *, *, #3281, .T. ) ;
#2219 = CARTESIAN_POINT ( 'NONE',  ( 5.873484235277215859, 45.25038475940630889, 6.000000000000000000 ) ) ;
#2220 = VECTOR ( 'NONE', #5587, 1000.000000000000000 ) ;
#2221 = CARTESIAN_POINT ( 'NONE',  ( 77.98218423212628636, 59.97470916941927044, 0.000000000000000000 ) ) ;
#2222 = PRODUCT_DEFINITION_FORMATION_WITH_SPECIFIED_SOURCE ( '浠', '', #93, .NOT_KNOWN. ) ;
#2223 = VERTEX_POINT ( 'NONE', #434 ) ;
#2224 = ORIENTED_EDGE ( 'NONE', *, *, #1332, .T. ) ;
#2225 = LINE ( 'NONE', #4008, #2660 ) ;
#2226 = ORIENTED_EDGE ( 'NONE', *, *, #3850, .F. ) ;
#2227 = VECTOR ( 'NONE', #5610, 1000.000000000000000 ) ;
#2228 = ORIENTED_EDGE ( 'NONE', *, *, #4241, .T. ) ;
#2229 = EDGE_CURVE ( 'NONE', #824, #5276, #2188, .T. ) ;
#2230 = ORIENTED_EDGE ( 'NONE', *, *, #1022, .F. ) ;
#2231 = VECTOR ( 'NONE', #772, 1000.000000000000000 ) ;
#2232 = CARTESIAN_POINT ( 'NONE',  ( 78.02950710310261684, 25.28891790319714872, 7.000000000000000000 ) ) ;
#2233 = ORIENTED_EDGE ( 'NONE', *, *, #1680, .T. ) ;
#2234 = DIRECTION ( 'NONE',  ( -0.000000000000000000, -0.000000000000000000, -1.000000000000000000 ) ) ;
#2235 = DIRECTION ( 'NONE',  ( 0.5000000000000004441, -0.8660254037844384856, 0.000000000000000000 ) ) ;
#2236 = ORIENTED_EDGE ( 'NONE', *, *, #568, .F. ) ;
#2237 = LINE ( 'NONE', #3933, #5136 ) ;
#2238 = CARTESIAN_POINT ( 'NONE',  ( 10.27348423527721799, 45.25038475940630889, 6.000000000000000000 ) ) ;
#2239 = CARTESIAN_POINT ( 'NONE',  ( 11.68769779765030314, 43.83617119703320952, 4.000000000000000000 ) ) ;
#2240 = EDGE_CURVE ( 'NONE', #4534, #2377, #5469, .T. ) ;
#2241 = CARTESIAN_POINT ( 'NONE',  ( 78.03203064794003296, 52.35311032234201889, 10.00099999999999945 ) ) ;
#2242 = PLANE ( 'NONE',  #5231 ) ;
#2243 = ADVANCED_FACE ( 'NONE', ( #208 ), #990, .F. ) ;
#2244 = CARTESIAN_POINT ( 'NONE',  ( 6.447936253778966176, 41.20718193523075712, 7.000000000000000000 ) ) ;
#2245 = ORIENTED_EDGE ( 'NONE', *, *, #1870, .F. ) ;
#2246 = ADVANCED_FACE ( 'NONE', ( #148 ), #2764, .T. ) ;
#2247 = LINE ( 'NONE', #4815, #4310 ) ;
#2248 = DIRECTION ( 'NONE',  ( 0.000000000000000000, 1.000000000000000000, 0.000000000000000000 ) ) ;
#2249 = EDGE_CURVE ( 'NONE', #341, #355, #90, .T. ) ;
#2250 = DIRECTION ( 'NONE',  ( 2.518321216464164144E-16, -1.000000000000000000, 0.000000000000000000 ) ) ;
#2251 = ORIENTED_EDGE ( 'NONE', *, *, #2145, .F. ) ;
#2252 = ORIENTED_EDGE ( 'NONE', *, *, #5232, .F. ) ;
#2253 = LINE ( 'NONE', #1826, #4786 ) ;
#2254 = EDGE_LOOP ( 'NONE', ( #4475, #5258, #4379, #4308 ) ) ;
#2255 = ADVANCED_FACE ( 'NONE', ( #3682 ), #5353, .F. ) ;
#2256 = ORIENTED_EDGE ( 'NONE', *, *, #4241, .F. ) ;
#2257 = ORIENTED_EDGE ( 'NONE', *, *, #1432, .F. ) ;
#2258 = ADVANCED_FACE ( 'NONE', ( #2735 ), #4115, .T. ) ;
#2259 = ADVANCED_FACE ( 'NONE', ( #1415, #608 ), #2362, .T. ) ;
#2260 = ORIENTED_EDGE ( 'NONE', *, *, #116, .F. ) ;
#2261 = CARTESIAN_POINT ( 'NONE',  ( 53.48264078761654616, 52.77490806565516834, 6.000000000000000000 ) ) ;
#2262 = CARTESIAN_POINT ( 'NONE',  ( 73.15243468099103552, 12.06030566349624422, 4.000000000000000000 ) ) ;
#2263 = EDGE_LOOP ( 'NONE', ( #5255, #244, #4206, #4414, #5483 ) ) ;
#2264 = DIRECTION ( 'NONE',  ( 0.000000000000000000, 0.000000000000000000, -1.000000000000000000 ) ) ;
#2265 = PLANE ( 'NONE',  #4600 ) ;
#2266 = ADVANCED_FACE ( 'NONE', ( #637 ), #3191, .F. ) ;
#2267 = CARTESIAN_POINT ( 'NONE',  ( 36.63180065388673512, 38.69286487643513084, 1.699885383662997906 ) ) ;
#2268 = LINE ( 'NONE', #3674, #1955 ) ;
#2269 = CARTESIAN_POINT ( 'NONE',  ( 65.34807733323546586, 45.95871309031685570, 5.000000000000000000 ) ) ;
#2270 = CARTESIAN_POINT ( 'NONE',  ( 5.000000000000122569, 12.01402484683418415, 4.000000000000000000 ) ) ;
#2271 = CARTESIAN_POINT ( 'NONE',  ( 75.02984732797570189, 28.93771831048098520, 4.000000000000000000 ) ) ;
#2272 = VERTEX_POINT ( 'NONE', #550 ) ;
#2273 = DIRECTION ( 'NONE',  ( -0.000000000000000000, -0.000000000000000000, 1.000000000000000000 ) ) ;
#2274 = CARTESIAN_POINT ( 'NONE',  ( 5.000000000000030198, 6.992565577373023977, 10.00099999999999945 ) ) ;
#2275 = DIRECTION ( 'NONE',  ( 0.000000000000000000, 0.000000000000000000, -1.000000000000000000 ) ) ;
#2276 = ORIENTED_EDGE ( 'NONE', *, *, #3391, .F. ) ;
#2277 = EDGE_CURVE ( 'NONE', #2869, #801, #3714, .T. ) ;
#2278 = ORIENTED_EDGE ( 'NONE', *, *, #3176, .T. ) ;
#2279 = LINE ( 'NONE', #1773, #3031 ) ;
#2280 = EDGE_CURVE ( 'NONE', #5501, #5048, #122, .T. ) ;
#2281 = ORIENTED_EDGE ( 'NONE', *, *, #4284, .T. ) ;
#2282 = ORIENTED_EDGE ( 'NONE', *, *, #4370, .T. ) ;
#2283 = AXIS2_PLACEMENT_3D ( 'NONE', #3958, #1783, #2099 ) ;
#2284 = ORIENTED_EDGE ( 'NONE', *, *, #5518, .F. ) ;
#2285 = AXIS2_PLACEMENT_3D ( 'NONE', #664, #3735, #3304 ) ;
#2286 = EDGE_LOOP ( 'NONE', ( #1601, #526, #3136, #440 ) ) ;
#2287 = FACE_OUTER_BOUND ( 'NONE', #5123, .T. ) ;
#2288 = CARTESIAN_POINT ( 'NONE',  ( 78.02831089662203112, 12.45999491999002373, 0.000000000000000000 ) ) ;
#2289 = VECTOR ( 'NONE', #4292, 1000.000000000000000 ) ;
#2290 = ORIENTED_EDGE ( 'NONE', *, *, #1798, .F. ) ;
#2291 = EDGE_CURVE ( 'NONE', #3490, #1265, #1441, .T. ) ;
#2292 = CARTESIAN_POINT ( 'NONE',  ( 30.61060500309818622, 24.68592075184099954, 1.109999999999998099 ) ) ;
#2293 = EDGE_CURVE ( 'NONE', #341, #3495, #4093, .T. ) ;
#2294 = CARTESIAN_POINT ( 'NONE',  ( 15.37793625377882201, 56.67439564682091202, 10.00000000000000000 ) ) ;
#2295 = VECTOR ( 'NONE', #3276, 1000.000000000000000 ) ;
#2296 = CARTESIAN_POINT ( 'NONE',  ( 24.30793625377895850, 25.20718193523071449, 10.00000000000000000 ) ) ;
#2297 = LINE ( 'NONE', #494, #5347 ) ;
#2298 = LINE ( 'NONE', #4057, #2508 ) ;
#2299 = DIRECTION ( 'NONE',  ( 0.000000000000000000, 0.000000000000000000, 1.000000000000000000 ) ) ;
#2300 = VECTOR ( 'NONE', #1996, 1000.000000000000000 ) ;
#2301 = CARTESIAN_POINT ( 'NONE',  ( 54.61482092964090640, 59.34967741935614782, 10.00099999999999945 ) ) ;
#2302 = ORIENTED_EDGE ( 'NONE', *, *, #5156, .F. ) ;
#2303 = VECTOR ( 'NONE', #3914, 1000.000000000000000 ) ;
#2304 = AXIS2_PLACEMENT_3D ( 'NONE', #1376, #427, #4430 ) ;
#2305 = CARTESIAN_POINT ( 'NONE',  ( 8.449733023503304352, 52.67439564682089781, 10.00000000000000000 ) ) ;
#2306 = CARTESIAN_POINT ( 'NONE',  ( 11.30691806564784763, 11.30691806564793467, 4.000000000000000000 ) ) ;
#2307 = PLANE ( 'NONE',  #1863 ) ;
#2308 = ORIENTED_EDGE ( 'NONE', *, *, #701, .F. ) ;
#2309 = VECTOR ( 'NONE', #1877, 1000.000000000000000 ) ;
#2310 = ORIENTED_EDGE ( 'NONE', *, *, #5131, .F. ) ;
#2311 = CARTESIAN_POINT ( 'NONE',  ( 64.56983569344401985, 40.61884720954800088, 0.3999999999999975797 ) ) ;
#2312 = ORIENTED_EDGE ( 'NONE', *, *, #2184, .F. ) ;
#2313 = DIRECTION ( 'NONE',  ( -0.000000000000000000, 0.000000000000000000, 1.000000000000000000 ) ) ;
#2314 = ORIENTED_EDGE ( 'NONE', *, *, #4543, .F. ) ;
#2315 = VECTOR ( 'NONE', #1525, 1000.000000000000000 ) ;
#2316 = ADVANCED_FACE ( 'NONE', ( #893 ), #4770, .T. ) ;
#2317 = ADVANCED_FACE ( 'NONE', ( #4752 ), #2204, .T. ) ;
#2318 = EDGE_LOOP ( 'NONE', ( #1660, #4931, #938, #3173 ) ) ;
#2319 = AXIS2_PLACEMENT_3D ( 'NONE', #3168, #1970, #4116 ) ;
#2320 = DIRECTION ( 'NONE',  ( -0.7071067811865502373, 0.7071067811865449082, 0.000000000000000000 ) ) ;
#2321 = VERTEX_POINT ( 'NONE', #30 ) ;
#2322 = LINE ( 'NONE', #3614, #827 ) ;
#2323 = VECTOR ( 'NONE', #4985, 1000.000000000000000 ) ;
#2324 = CARTESIAN_POINT ( 'NONE',  ( 5.000000000000532019, 33.46289289354402285, 4.000000000000000000 ) ) ;
#2325 = ORIENTED_EDGE ( 'NONE', *, *, #356, .T. ) ;
#2326 = ADVANCED_FACE ( 'NONE', ( #839 ), #3534, .T. ) ;
#2327 = DIRECTION ( 'NONE',  ( -0.7071067811865456854, 0.7071067811865493491, 0.000000000000000000 ) ) ;
#2328 = CARTESIAN_POINT ( 'NONE',  ( 41.42884860408194214, 23.35317541498460159, 10.00000000000000000 ) ) ;
#2329 = EDGE_CURVE ( 'NONE', #3841, #4036, #5223, .T. ) ;
#2330 = CARTESIAN_POINT ( 'NONE',  ( 13.37613948405448738, 29.20718193523072514, 7.000000000000000000 ) ) ;
#2331 = ADVANCED_FACE ( 'NONE', ( #2127 ), #1348, .F. ) ;
#2332 = LINE ( 'NONE', #984, #4615 ) ;
#2333 = CARTESIAN_POINT ( 'NONE',  ( 12.07195935263212583, 58.33397611666538296, 4.000000000000000000 ) ) ;
#2334 = DIRECTION ( 'NONE',  ( -0.000000000000000000, -0.000000000000000000, 1.000000000000000000 ) ) ;
#2335 = ORIENTED_EDGE ( 'NONE', *, *, #1023, .F. ) ;
#2336 = DIRECTION ( 'NONE',  ( -0.000000000000000000, 1.000000000000000000, 0.000000000000000000 ) ) ;
#2337 = ADVANCED_FACE ( 'NONE', ( #5609 ), #3454, .F. ) ;
#2338 = CARTESIAN_POINT ( 'NONE',  ( 40.16613948405434087, 44.67439564682088360, 7.000000000000000000 ) ) ;
#2339 = LINE ( 'NONE', #4029, #769 ) ;
#2340 = VERTEX_POINT ( 'NONE', #3882 ) ;
#2341 = ORIENTED_EDGE ( 'NONE', *, *, #820, .T. ) ;
#2342 = CARTESIAN_POINT ( 'NONE',  ( 68.95793625377879721, 56.67439564682091202, 10.00000000000000000 ) ) ;
#2343 = DIRECTION ( 'NONE',  ( 0.000000000000000000, -0.000000000000000000, 1.000000000000000000 ) ) ;
#2344 = EDGE_CURVE ( 'NONE', #133, #3008, #5636, .T. ) ;
#2345 = VERTEX_POINT ( 'NONE', #2695 ) ;
#2346 = VERTEX_POINT ( 'NONE', #5364 ) ;
#2347 = DIRECTION ( 'NONE',  ( 0.000000000000000000, -1.000000000000000000, 0.000000000000000000 ) ) ;
#2348 = VERTEX_POINT ( 'NONE', #3557 ) ;
#2349 = DIRECTION ( 'NONE',  ( 0.000000000000000000, 0.000000000000000000, 1.000000000000000000 ) ) ;
#2350 = DIRECTION ( 'NONE',  ( -0.000000000000000000, -0.000000000000000000, -1.000000000000000000 ) ) ;
#2351 = VERTEX_POINT ( 'NONE', #4104 ) ;
#2352 = ADVANCED_FACE ( 'NONE', ( #5339 ), #3117, .T. ) ;
#2353 = DIRECTION ( 'NONE',  ( -0.000000000000000000, -0.000000000000000000, 1.000000000000000000 ) ) ;
#2354 = ADVANCED_FACE ( 'NONE', ( #566 ), #5307, .F. ) ;
#2355 = DIRECTION ( 'NONE',  ( -1.000000000000000000, 0.000000000000000000, 0.000000000000000000 ) ) ;
#2356 = PLANE ( 'NONE',  #202 ) ;
#2357 = LINE ( 'NONE', #5435, #3232 ) ;
#2358 = LINE ( 'NONE', #3215, #1207 ) ;
#2359 = EDGE_CURVE ( 'NONE', #5102, #164, #2322, .T. ) ;
#2360 = FACE_OUTER_BOUND ( 'NONE', #5078, .T. ) ;
#2361 = ORIENTED_EDGE ( 'NONE', *, *, #3344, .F. ) ;
#2362 = PLANE ( 'NONE',  #360 ) ;
#2363 = LINE ( 'NONE', #1051, #4345 ) ;
#2364 = CARTESIAN_POINT ( 'NONE',  ( 65.74084972657725245, 30.61190122397092495, 3.399999999999968825 ) ) ;
#2365 = CARTESIAN_POINT ( 'NONE',  ( 30.61060500309818977, 30.68592075184099599, 1.109999999999998099 ) ) ;
#2366 = ORIENTED_EDGE ( 'NONE', *, *, #5562, .T. ) ;
#2367 = PLANE ( 'NONE',  #4792 ) ;
#2368 = EDGE_CURVE ( 'NONE', #2998, #804, #4044, .T. ) ;
#2369 = CARTESIAN_POINT ( 'NONE',  ( 24.39487291362403454, 53.90641816659306329, 6.000000000000000000 ) ) ;
#2370 = DIRECTION ( 'NONE',  ( -0.000000000000000000, -0.000000000000000000, -1.000000000000000000 ) ) ;
#2371 = ORIENTED_EDGE ( 'NONE', *, *, #2019, .F. ) ;
#2372 = DIRECTION ( 'NONE',  ( -0.000000000000000000, -0.000000000000000000, -1.000000000000000000 ) ) ;
#2373 = VERTEX_POINT ( 'NONE', #4992 ) ;
#2374 = EDGE_CURVE ( 'NONE', #1232, #4158, #1490, .T. ) ;
#2375 = DIRECTION ( 'NONE',  ( -0.000000000000000000, -0.000000000000000000, 1.000000000000000000 ) ) ;
#2376 = AXIS2_PLACEMENT_3D ( 'NONE', #3989, #3667, #3179 ) ;
#2377 = VERTEX_POINT ( 'NONE', #2723 ) ;
#2378 = PLANE ( 'NONE',  #3104 ) ;
#2379 = LINE ( 'NONE', #5575, #385 ) ;
#2380 = VERTEX_POINT ( 'NONE', #5426 ) ;
#2381 = VECTOR ( 'NONE', #4374, 1000.000000000000000 ) ;
#2382 = EDGE_CURVE ( 'NONE', #3637, #129, #3588, .T. ) ;
#2383 = DIRECTION ( 'NONE',  ( -1.000000000000000000, 0.000000000000000000, 0.000000000000000000 ) ) ;
#2384 = FACE_BOUND ( 'NONE', #3248, .T. ) ;
#2385 = AXIS2_PLACEMENT_3D ( 'NONE', #975, #2721, #4366 ) ;
#2386 = CARTESIAN_POINT ( 'NONE',  ( 32.14653210253800353, 0.000000000000000000, 0.9599999985689978699 ) ) ;
#2387 = CARTESIAN_POINT ( 'NONE',  ( 71.31952070086403239, 54.37489788495683740, 4.000000000000000000 ) ) ;
#2388 = DIRECTION ( 'NONE',  ( 0.000000000000000000, -0.000000000000000000, -1.000000000000000000 ) ) ;
#2389 = EDGE_CURVE ( 'NONE', #5174, #3817, #4015, .T. ) ;
#2390 = AXIS2_PLACEMENT_3D ( 'NONE', #3161, #1304, #4058 ) ;
#2391 = DIRECTION ( 'NONE',  ( -0.000000000000000000, -0.000000000000000000, -1.000000000000000000 ) ) ;
#2392 = EDGE_LOOP ( 'NONE', ( #2725, #3803, #5105, #3257 ) ) ;
#2393 = CARTESIAN_POINT ( 'NONE',  ( 40.83180065388673796, 43.69286487643512373, 1.699885383662997906 ) ) ;
#2394 = VECTOR ( 'NONE', #3657, 1000.000000000000000 ) ;
#2395 = PLANE ( 'NONE',  #4889 ) ;
#2396 = VERTEX_POINT ( 'NONE', #3153 ) ;
#2397 = LINE ( 'NONE', #3742, #28 ) ;
#2398 = ORIENTED_EDGE ( 'NONE', *, *, #3581, .T. ) ;
#2399 = AXIS2_PLACEMENT_3D ( 'NONE', #3154, #1491, #3120 ) ;
#2400 = CYLINDRICAL_SURFACE ( 'NONE', #5517, 1.699999999999979305 ) ;
#2401 = VECTOR ( 'NONE', #2008, 1000.000000000000000 ) ;
#2402 = DIRECTION ( 'NONE',  ( -0.000000000000000000, -0.000000000000000000, -1.000000000000000000 ) ) ;
#2403 = ORIENTED_EDGE ( 'NONE', *, *, #2149, .F. ) ;
#2404 = ADVANCED_FACE ( 'NONE', ( #1003 ), #4450, .F. ) ;
#2405 = EDGE_CURVE ( 'NONE', #4791, #2458, #1920, .T. ) ;
#2406 = DIRECTION ( 'NONE',  ( 0.8660254037844387076, 0.4999999999999999445, 0.000000000000000000 ) ) ;
#2407 = AXIS2_PLACEMENT_3D ( 'NONE', #492, #1728, #1813 ) ;
#2408 = ORIENTED_EDGE ( 'NONE', *, *, #1054, .F. ) ;
#2409 = ORIENTED_EDGE ( 'NONE', *, *, #1068, .F. ) ;
#2410 = CARTESIAN_POINT ( 'NONE',  ( 53.09973302350343261, 37.20718193523073580, 10.00000000000000000 ) ) ;
#2411 = AXIS2_PLACEMENT_3D ( 'NONE', #1339, #3546, #415 ) ;
#2412 = VECTOR ( 'NONE', #2817, 1000.000000000000114 ) ;
#2413 = ORIENTED_EDGE ( 'NONE', *, *, #337, .T. ) ;
#2414 = CARTESIAN_POINT ( 'NONE',  ( 78.02714841169105853, -0.007275480624097108162, 4.000000000000000000 ) ) ;
#2415 = DIRECTION ( 'NONE',  ( 0.000000000000000000, 0.000000000000000000, 1.000000000000000000 ) ) ;
#2416 = VERTEX_POINT ( 'NONE', #1402 ) ;
#2417 = VECTOR ( 'NONE', #2788, 1000.000000000000000 ) ;
#2418 = LINE ( 'NONE', #572, #4512 ) ;
#2419 = DIRECTION ( 'NONE',  ( 0.8660254037844385966, 0.4999999999999998890, 0.000000000000000000 ) ) ;
#2420 = VECTOR ( 'NONE', #894, 1000.000000000000114 ) ;
#2421 = LINE ( 'NONE', #5489, #5542 ) ;
#2422 = DIRECTION ( 'NONE',  ( -0.000000000000000000, -0.000000000000000000, 1.000000000000000000 ) ) ;
#2423 = DIRECTION ( 'NONE',  ( 0.8660254037844382635, -0.5000000000000005551, 0.000000000000000000 ) ) ;
#2424 = DIRECTION ( 'NONE',  ( 0.7071067811865486830, -0.7071067811865464625, 0.000000000000000000 ) ) ;
#2425 = CARTESIAN_POINT ( 'NONE',  ( 71.31952070086403239, 54.37489788495683740, 4.000000000000000000 ) ) ;
#2426 = EDGE_LOOP ( 'NONE', ( #1154, #5678, #1676, #55 ) ) ;
#2427 = DIRECTION ( 'NONE',  ( -0.7071067811865607844, 1.401868266681968552E-15, 0.7071067811865342501 ) ) ;
#2428 = VERTEX_POINT ( 'NONE', #2781 ) ;
#2429 = DIRECTION ( 'NONE',  ( -1.000000000000000000, 1.734723475976805517E-15, 0.000000000000000000 ) ) ;
#2430 = CARTESIAN_POINT ( 'NONE',  ( 32.14653210253800353, 34.88980021391638076, 3.399999999999983036 ) ) ;
#2431 = CARTESIAN_POINT ( 'NONE',  ( 0.000000000000000000, 12.01402484683418415, 4.000000000000000000 ) ) ;
#2432 = ORIENTED_EDGE ( 'NONE', *, *, #2807, .F. ) ;
#2433 = LINE ( 'NONE', #2697, #5079 ) ;
#2434 = VERTEX_POINT ( 'NONE', #4480 ) ;
#2435 = ORIENTED_EDGE ( 'NONE', *, *, #2905, .F. ) ;
#2436 = CARTESIAN_POINT ( 'NONE',  ( 8.449733023503291918, 44.67439564682089070, 10.00000000000000000 ) ) ;
#2437 = ADVANCED_FACE ( 'NONE', ( #53 ), #2809, .F. ) ;
#2438 = CARTESIAN_POINT ( 'NONE',  ( 70.95973302350341783, 37.20718193523073580, 10.00000000000000000 ) ) ;
#2439 = ORIENTED_EDGE ( 'NONE', *, *, #4914, .F. ) ;
#2440 = DIRECTION ( 'NONE',  ( 0.000000000000000000, 1.000000000000000000, 0.000000000000000000 ) ) ;
#2441 = DIRECTION ( 'NONE',  ( 9.324293839476711010E-05, 0.9999999956528771161, 0.000000000000000000 ) ) ;
#2442 = ORIENTED_EDGE ( 'NONE', *, *, #1600, .F. ) ;
#2443 = CARTESIAN_POINT ( 'NONE',  ( 74.46692151384306158, 56.44252476504900073, 10.00099999999999945 ) ) ;
#2444 = LINE ( 'NONE', #4221, #1008 ) ;
#2445 = DIRECTION ( 'NONE',  ( -0.000000000000000000, -0.000000000000000000, -1.000000000000000000 ) ) ;
#2446 = PLANE ( 'NONE',  #2782 ) ;
#2447 = DIRECTION ( 'NONE',  ( 0.000000000000000000, 1.000000000000000000, 0.000000000000000000 ) ) ;
#2448 = FACE_OUTER_BOUND ( 'NONE', #339, .T. ) ;
#2449 = CARTESIAN_POINT ( 'NONE',  ( 11.13621310223726368, 34.33421759231528370, 6.000000000000000000 ) ) ;
#2450 = CARTESIAN_POINT ( 'NONE',  ( 28.61060500309822530, 26.68592075184097467, 1.399999999999961497 ) ) ;
#2451 = CARTESIAN_POINT ( 'NONE',  ( 22.30613948405434499, 52.67439564682089781, 7.000000000000000000 ) ) ;
#2452 = ORIENTED_EDGE ( 'NONE', *, *, #4779, .T. ) ;
#2453 = LINE ( 'NONE', #2994, #5169 ) ;
#2454 = ORIENTED_EDGE ( 'NONE', *, *, #104, .F. ) ;
#2455 = FACE_OUTER_BOUND ( 'NONE', #624, .T. ) ;
#2456 = EDGE_CURVE ( 'NONE', #3228, #4324, #75, .T. ) ;
#2457 = DIRECTION ( 'NONE',  ( -1.734723475976805517E-15, -1.000000000000000000, 0.000000000000000000 ) ) ;
#2458 = VERTEX_POINT ( 'NONE', #1869 ) ;
#2459 = DIRECTION ( 'NONE',  ( 1.000000000000000000, 0.000000000000000000, -0.000000000000000000 ) ) ;
#2460 = VERTEX_POINT ( 'NONE', #4079 ) ;
#2461 = LINE ( 'NONE', #3319, #1396 ) ;
#2462 = EDGE_CURVE ( 'NONE', #3470, #1629, #977, .T. ) ;
#2463 = VERTEX_POINT ( 'NONE', #535 ) ;
#2464 = VERTEX_POINT ( 'NONE', #1069 ) ;
#2465 = DIRECTION ( 'NONE',  ( 0.8660254037844381525, -0.5000000000000006661, 0.000000000000000000 ) ) ;
#2466 = ADVANCED_FACE ( 'NONE', ( #2287 ), #593, .F. ) ;
#2467 = DIRECTION ( 'NONE',  ( -0.000000000000000000, -0.000000000000000000, -1.000000000000000000 ) ) ;
#2468 = ORIENTED_EDGE ( 'NONE', *, *, #2470, .F. ) ;
#2469 = FACE_OUTER_BOUND ( 'NONE', #4359, .T. ) ;
#2470 = EDGE_CURVE ( 'NONE', #127, #2998, #3386, .T. ) ;
#2471 = CARTESIAN_POINT ( 'NONE',  ( 30.61060500309818622, 24.68592075184099954, 3.399999999999983036 ) ) ;
#2472 = DIRECTION ( 'NONE',  ( 1.000000000000000000, 0.000000000000000000, -0.000000000000000000 ) ) ;
#2473 = ADVANCED_FACE ( 'NONE', ( #2502 ), #3786, .T. ) ;
#2474 = AXIS2_PLACEMENT_3D ( 'NONE', #2139, #1736, #5269 ) ;
#2475 = CARTESIAN_POINT ( 'NONE',  ( 62.02973302350326890, 44.67439564682089070, 7.000000000000000000 ) ) ;
#2476 = EDGE_CURVE ( 'NONE', #2434, #4388, #1952, .T. ) ;
#2477 = DIRECTION ( 'NONE',  ( 1.000000000000000000, -1.577021341797097018E-15, 0.000000000000000000 ) ) ;
#2478 = LINE ( 'NONE', #5641, #372 ) ;
#2479 = CARTESIAN_POINT ( 'NONE',  ( 77.98218423212628636, 59.97470916941927044, 10.00000000000000000 ) ) ;
#2480 = CIRCLE ( 'NONE', #2014, 1.699999999999979305 ) ;
#2481 = PLANE ( 'NONE',  #1833 ) ;
#2482 = LINE ( 'NONE', #4757, #4969 ) ;
#2483 = EDGE_LOOP ( 'NONE', ( #4291, #398, #1341, #4762, #1173, #4416, #1252, #1086 ) ) ;
#2484 = CARTESIAN_POINT ( 'NONE',  ( 39.89101200953326298, 39.89101200953326298, 4.000000000000000000 ) ) ;
#2485 = CARTESIAN_POINT ( 'NONE',  ( -4.857225732735059864E-14, 34.33421759231526948, 4.000000000000000000 ) ) ;
#2486 = VECTOR ( 'NONE', #5031, 1000.000000000000114 ) ;
#2487 = ORIENTED_EDGE ( 'NONE', *, *, #1727, .F. ) ;
#2488 = CARTESIAN_POINT ( 'NONE',  ( 66.95613948405447502, 29.20718193523072514, 7.000000000000000000 ) ) ;
#2489 = ORIENTED_EDGE ( 'NONE', *, *, #5184, .F. ) ;
#2490 = AXIS2_PLACEMENT_3D ( 'NONE', #1164, #1190, #3431 ) ;
#2491 = CARTESIAN_POINT ( 'NONE',  ( 5.598883276209360105, -5.623704362613318075, 4.000000000000000000 ) ) ;
#2492 = EDGE_LOOP ( 'NONE', ( #4502, #988, #4676, #1690, #4818, #1116 ) ) ;
#2493 = EDGE_CURVE ( 'NONE', #831, #1632, #745, .T. ) ;
#2494 = PLANE ( 'NONE',  #4973 ) ;
#2495 = ORIENTED_EDGE ( 'NONE', *, *, #3539, .F. ) ;
#2496 = VECTOR ( 'NONE', #432, 1000.000000000000000 ) ;
#2497 = ORIENTED_EDGE ( 'NONE', *, *, #2064, .F. ) ;
#2498 = CARTESIAN_POINT ( 'NONE',  ( 40.16613948405434087, 44.67439564682088360, 7.000000000000000000 ) ) ;
#2499 = DIRECTION ( 'NONE',  ( -0.000000000000000000, 1.000000000000000000, 0.000000000000000000 ) ) ;
#2500 = ORIENTED_EDGE ( 'NONE', *, *, #870, .T. ) ;
#2502 = FACE_OUTER_BOUND ( 'NONE', #1868, .T. ) ;
#2501 = VECTOR ( 'NONE', #2347, 1000.000000000000000 ) ;
#2503 = ADVANCED_FACE ( 'NONE', ( #3265 ), #4215, .T. ) ;
#2504 = CARTESIAN_POINT ( 'NONE',  ( 59.74084972657723824, 30.61190122397092495, 3.399999999999968825 ) ) ;
#2505 = VECTOR ( 'NONE', #2534, 1000.000000000000000 ) ;
#2506 = EDGE_CURVE ( 'NONE', #5246, #2463, #1634, .T. ) ;
#2507 = CARTESIAN_POINT ( 'NONE',  ( 25.52610449534172687, 52.77490806565516834, 6.000000000000000000 ) ) ;
#2508 = VECTOR ( 'NONE', #3186, 1000.000000000000000 ) ;
#2509 = AXIS2_PLACEMENT_3D ( 'NONE', #3212, #4967, #2355 ) ;
#2510 = CARTESIAN_POINT ( 'NONE',  ( 5.875044450089777825, 53.13706121412302252, 10.00000000000000000 ) ) ;
#2511 = DIRECTION ( 'NONE',  ( -0.7071067811865350272, -0.7071067811865600072, 0.000000000000000000 ) ) ;
#2512 = DIRECTION ( 'NONE',  ( 0.8660254037844385966, 0.4999999999999998890, 0.000000000000000000 ) ) ;
#2513 = VECTOR ( 'NONE', #2248, 1000.000000000000000 ) ;
#2514 = LINE ( 'NONE', #3306, #4313 ) ;
#2515 = DIRECTION ( 'NONE',  ( 0.8660254037844382635, -0.5000000000000005551, 0.000000000000000000 ) ) ;
#2516 = ORIENTED_EDGE ( 'NONE', *, *, #1727, .T. ) ;
#2517 = CARTESIAN_POINT ( 'NONE',  ( 35.23973302350344028, 37.20718193523073580, 10.00000000000000000 ) ) ;
#2518 = VECTOR ( 'NONE', #403, 1000.000000000000000 ) ;
#2519 = LINE ( 'NONE', #1229, #1043 ) ;
#2520 = DIRECTION ( 'NONE',  ( 0.7071067811865350272, 0.7071067811865600072, 0.000000000000000000 ) ) ;
#2521 = ORIENTED_EDGE ( 'NONE', *, *, #5263, .T. ) ;
#2522 = EDGE_LOOP ( 'NONE', ( #2341, #416, #4043, #2525 ) ) ;
#2523 = CARTESIAN_POINT ( 'NONE',  ( 30.61060500309818977, 30.68592075184099599, 3.399999999999983036 ) ) ;
#2524 = ORIENTED_EDGE ( 'NONE', *, *, #364, .F. ) ;
#2525 = ORIENTED_EDGE ( 'NONE', *, *, #2145, .T. ) ;
#2526 = PLANE ( 'NONE',  #3405 ) ;
#2527 = ADVANCED_FACE ( 'NONE', ( #5457 ), #3755, .F. ) ;
#2528 = ORIENTED_EDGE ( 'NONE', *, *, #1694, .T. ) ;
#2529 = VERTEX_POINT ( 'NONE', #5511 ) ;
#2530 = EDGE_CURVE ( 'NONE', #5654, #1653, #1094, .T. ) ;
#2531 = LINE ( 'NONE', #3847, #3943 ) ;
#2532 = ADVANCED_FACE ( 'NONE', ( #1518 ), #5016, .T. ) ;
#2533 = DIRECTION ( 'NONE',  ( 0.3446779346331528826, 0.9387210029487057517, 0.000000000000000000 ) ) ;
#2534 = DIRECTION ( 'NONE',  ( -0.000000000000000000, -0.000000000000000000, -1.000000000000000000 ) ) ;
#2535 = DIRECTION ( 'NONE',  ( 0.000000000000000000, -1.000000000000000000, 0.000000000000000000 ) ) ;
#2536 = FACE_OUTER_BOUND ( 'NONE', #586, .T. ) ;
#2537 = DIRECTION ( 'NONE',  ( 0.000000000000000000, 1.000000000000000000, 0.000000000000000000 ) ) ;
#2538 = DIRECTION ( 'NONE',  ( 1.000000000000000000, 1.355284293265842525E-13, -0.000000000000000000 ) ) ;
#2539 = EDGE_CURVE ( 'NONE', #355, #4410, #2928, .T. ) ;
#2540 = EDGE_CURVE ( 'NONE', #4749, #2434, #4623, .T. ) ;
#2541 = CARTESIAN_POINT ( 'NONE',  ( 18.61060500309818977, 30.68592075184099599, 3.399999999999983036 ) ) ;
#2542 = LINE ( 'NONE', #2941, #2768 ) ;
#2543 = ORIENTED_EDGE ( 'NONE', *, *, #4755, .T. ) ;
#2544 = LINE ( 'NONE', #2916, #1141 ) ;
#2545 = CARTESIAN_POINT ( 'NONE',  ( 40.83180065388673796, 38.69286487643512373, 1.699885383662997906 ) ) ;
#2546 = PLANE ( 'NONE',  #3409 ) ;
#2547 = ORIENTED_EDGE ( 'NONE', *, *, #3798, .F. ) ;
#2548 = CARTESIAN_POINT ( 'NONE',  ( 30.61060500309818977, 30.68592075184099599, 3.399999999999983036 ) ) ;
#2549 = ORIENTED_EDGE ( 'NONE', *, *, #4042, .F. ) ;
#2550 = DIRECTION ( 'NONE',  ( -0.000000000000000000, -0.000000000000000000, 1.000000000000000000 ) ) ;
#2551 = EDGE_CURVE ( 'NONE', #911, #1080, #4162, .T. ) ;
#2552 = VERTEX_POINT ( 'NONE', #316 ) ;
#2553 = ORIENTED_EDGE ( 'NONE', *, *, #2898, .T. ) ;
#2554 = CARTESIAN_POINT ( 'NONE',  ( 35.23973302350342607, 29.20718193523073225, 7.000000000000000000 ) ) ;
#2555 = PLANE ( 'NONE',  #1483 ) ;
#2556 = EDGE_LOOP ( 'NONE', ( #702, #4278, #2553, #158 ) ) ;
#2557 = ORIENTED_EDGE ( 'NONE', *, *, #2194, .F. ) ;
#2558 = LINE ( 'NONE', #5198, #4687 ) ;
#2559 = CARTESIAN_POINT ( 'NONE',  ( 79.97474980950003953, 54.29582948390102359, 10.00099999999999945 ) ) ;
#2560 = DIRECTION ( 'NONE',  ( -0.8660254037844383745, 0.5000000000000003331, 0.000000000000000000 ) ) ;
#2561 = ORIENTED_EDGE ( 'NONE', *, *, #5340, .T. ) ;
#2562 = LINE ( 'NONE', #786, #4227 ) ;
#2563 = CARTESIAN_POINT ( 'NONE',  ( 22.30613948405434499, 52.67439564682089781, 10.00000000000000000 ) ) ;
#2564 = CARTESIAN_POINT ( 'NONE',  ( 75.88613948405432552, 44.67439564682088360, 10.00000000000000000 ) ) ;
#2565 = VECTOR ( 'NONE', #3809, 1000.000000000000000 ) ;
#2566 = LINE ( 'NONE', #2136, #3299 ) ;
#2567 = LINE ( 'NONE', #2159, #5332 ) ;
#2568 = VECTOR ( 'NONE', #1590, 1000.000000000000000 ) ;
#2569 = ORIENTED_EDGE ( 'NONE', *, *, #3527, .T. ) ;
#2570 = ORIENTED_EDGE ( 'NONE', *, *, #4361, .T. ) ;
#2571 = VECTOR ( 'NONE', #319, 1000.000000000000000 ) ;
#2572 = CARTESIAN_POINT ( 'NONE',  ( 8.888803657608024267, 8.415085090169998949, 0.000000000000000000 ) ) ;
#2573 = EDGE_LOOP ( 'NONE', ( #2769, #1602, #3574, #1737, #2601, #2007 ) ) ;
#2574 = ORIENTED_EDGE ( 'NONE', *, *, #1621, .F. ) ;
#2575 = DIRECTION ( 'NONE',  ( -0.9999999924245159821, 0.0001230892683140344564, 0.000000000000000000 ) ) ;
#2576 = VECTOR ( 'NONE', #2512, 1000.000000000000227 ) ;
#2577 = ORIENTED_EDGE ( 'NONE', *, *, #4906, .T. ) ;
#2578 = ADVANCED_FACE ( 'NONE', ( #3327 ), #4651, .F. ) ;
#2579 = ORIENTED_EDGE ( 'NONE', *, *, #4053, .F. ) ;
#2580 = VECTOR ( 'NONE', #3229, 1000.000000000000000 ) ;
#2581 = ORIENTED_EDGE ( 'NONE', *, *, #3058, .T. ) ;
#2582 = DIRECTION ( 'NONE',  ( -0.000000000000000000, 0.000000000000000000, -1.000000000000000000 ) ) ;
#2583 = VECTOR ( 'NONE', #713, 999.9999999999998863 ) ;
#2584 = VECTOR ( 'NONE', #4172, 1000.000000000000000 ) ;
#2585 = ADVANCED_FACE ( 'NONE', ( #622 ), #2378, .T. ) ;
#2586 = CARTESIAN_POINT ( 'NONE',  ( 6.992565577373027530, 59.97470916941908570, 10.00000000000000000 ) ) ;
#2587 = ORIENTED_EDGE ( 'NONE', *, *, #4472, .T. ) ;
#2588 = LINE ( 'NONE', #722, #1566 ) ;
#2589 = AXIS2_PLACEMENT_3D ( 'NONE', #2301, #3624, #548 ) ;
#2590 = CARTESIAN_POINT ( 'NONE',  ( 65.74084972657725245, 30.61190122397092495, 3.399999999999968825 ) ) ;
#2591 = CARTESIAN_POINT ( 'NONE',  ( 54.42884860408192793, 27.75317541498460372, 4.000000000000000000 ) ) ;
#2592 = AXIS2_PLACEMENT_3D ( 'NONE', #1409, #629, #1958 ) ;
#2593 = CARTESIAN_POINT ( 'NONE',  ( 20.85129627085182946, 23.35317541498460159, 10.00000000000000000 ) ) ;
#2594 = VECTOR ( 'NONE', #1146, 1000.000000000000000 ) ;
#2595 = FACE_OUTER_BOUND ( 'NONE', #2708, .T. ) ;
#2596 = CARTESIAN_POINT ( 'NONE',  ( 42.16793625377896149, 41.20718193523075712, 10.00000000000000000 ) ) ;
#2597 = ORIENTED_EDGE ( 'NONE', *, *, #4350, .T. ) ;
#2598 = CARTESIAN_POINT ( 'NONE',  ( 44.16973302350327657, 44.67439564682089070, 10.00000000000000000 ) ) ;
#2599 = VERTEX_POINT ( 'NONE', #160 ) ;
#2600 = DIRECTION ( 'NONE',  ( -1.000000000000000000, 1.734723475976805517E-15, 0.000000000000000000 ) ) ;
#2601 = ORIENTED_EDGE ( 'NONE', *, *, #2293, .T. ) ;
#2602 = EDGE_LOOP ( 'NONE', ( #2310, #5363, #1513, #4083, #5013, #5402 ) ) ;
#2603 = LINE ( 'NONE', #4362, #3678 ) ;
#2604 = EDGE_CURVE ( 'NONE', #2321, #3986, #1867, .T. ) ;
#2605 = VERTEX_POINT ( 'NONE', #3725 ) ;
#2606 = ORIENTED_EDGE ( 'NONE', *, *, #973, .F. ) ;
#2607 = DIRECTION ( 'NONE',  ( 0.000000000000000000, 0.000000000000000000, -1.000000000000000000 ) ) ;
#2608 = DIRECTION ( 'NONE',  ( -0.000000000000000000, -0.000000000000000000, 1.000000000000000000 ) ) ;
#2609 = ORIENTED_EDGE ( 'NONE', *, *, #4906, .F. ) ;
#2610 = EDGE_CURVE ( 'NONE', #5302, #5680, #1031, .T. ) ;
#2611 = LINE ( 'NONE', #4806, #3491 ) ;
#2612 = EDGE_CURVE ( 'NONE', #5653, #673, #4957, .T. ) ;
#2613 = LINE ( 'NONE', #3015, #2958 ) ;
#2614 = LINE ( 'NONE', #2701, #4710 ) ;
#2615 = DIRECTION ( 'NONE',  ( -0.000000000000000000, -0.000000000000000000, -1.000000000000000000 ) ) ;
#2616 = CARTESIAN_POINT ( 'NONE',  ( 51.09793625377881199, 56.67439564682091202, 7.000000000000000000 ) ) ;
#2617 = LINE ( 'NONE', #4893, #5425 ) ;
#2618 = ORIENTED_EDGE ( 'NONE', *, *, #2179, .T. ) ;
#2619 = DIRECTION ( 'NONE',  ( 0.000000000000000000, -1.000000000000000000, 0.000000000000000000 ) ) ;
#2620 = ORIENTED_EDGE ( 'NONE', *, *, #5005, .T. ) ;
#2621 = PLANE ( 'NONE',  #2215 ) ;
#2622 = EDGE_LOOP ( 'NONE', ( #696, #3979, #1445, #2228 ) ) ;
#2623 = ORIENTED_EDGE ( 'NONE', *, *, #4284, .F. ) ;
#2624 = LINE ( 'NONE', #5299, #3866 ) ;
#2625 = CARTESIAN_POINT ( 'NONE',  ( 71.31952070086403239, 59.97470916941927044, 0.000000000000000000 ) ) ;
#2626 = ORIENTED_EDGE ( 'NONE', *, *, #4472, .F. ) ;
#2627 = EDGE_CURVE ( 'NONE', #3580, #1751, #134, .T. ) ;
#2628 = ADVANCED_FACE ( 'NONE', ( #3401 ), #2481, .F. ) ;
#2629 = ORIENTED_EDGE ( 'NONE', *, *, #283, .F. ) ;
#2630 = CARTESIAN_POINT ( 'NONE',  ( 26.30973302350329845, 52.67439564682089781, 7.000000000000000000 ) ) ;
#2631 = VERTEX_POINT ( 'NONE', #1965 ) ;
#2632 = UNCERTAINTY_MEASURE_WITH_UNIT (LENGTH_MEASURE( 1.000000000000000082E-05 ), #1762, 'distance_accuracy_value', 'NONE');
#2633 = CARTESIAN_POINT ( 'NONE',  ( 30.61060500309818977, 30.68592075184099599, 1.109999999999998099 ) ) ;
#2634 = EDGE_LOOP ( 'NONE', ( #3901, #1913 ) ) ;
#2635 = CARTESIAN_POINT ( 'NONE',  ( 5.875044450089777825, 53.13706121412302252, 0.000000000000000000 ) ) ;
#2636 = LINE ( 'NONE', #3480, #933 ) ;
#2637 = DIRECTION ( 'NONE',  ( 0.7070197385735547124, -0.7071938130861881167, 0.000000000000000000 ) ) ;
#2638 = PLANE ( 'NONE',  #2390 ) ;
#2639 = LINE ( 'NONE', #91, #5256 ) ;
#2640 =( NAMED_UNIT ( * ) SI_UNIT ( $, .STERADIAN. ) SOLID_ANGLE_UNIT ( ) );
#2641 = PLANE ( 'NONE',  #4417 ) ;
#2642 = AXIS2_PLACEMENT_3D ( 'NONE', #2036, #2440, #3295 ) ;
#2643 = ORIENTED_EDGE ( 'NONE', *, *, #5414, .F. ) ;
#2644 = DIRECTION ( 'NONE',  ( 0.8660254037844382635, -0.5000000000000005551, 0.000000000000000000 ) ) ;
#2645 = FACE_OUTER_BOUND ( 'NONE', #2713, .T. ) ;
#2646 = AXIS2_PLACEMENT_3D ( 'NONE', #5049, #3357, #1182 ) ;
#2647 = ORIENTED_EDGE ( 'NONE', *, *, #1531, .F. ) ;
#2648 = ORIENTED_EDGE ( 'NONE', *, *, #283, .T. ) ;
#2649 = CARTESIAN_POINT ( 'NONE',  ( 59.14084972657722261, 23.61190122397092495, 4.000000000000000000 ) ) ;
#2650 = ORIENTED_EDGE ( 'NONE', *, *, #4989, .F. ) ;
#2651 = AXIS2_PLACEMENT_3D ( 'NONE', #1664, #750, #1185 ) ;
#2652 = CARTESIAN_POINT ( 'NONE',  ( 6.938893903907228378E-15, 23.35317541498462290, 4.000000000000000000 ) ) ;
#2653 = ORIENTED_EDGE ( 'NONE', *, *, #5263, .F. ) ;
#2654 = ORIENTED_EDGE ( 'NONE', *, *, #956, .F. ) ;
#2655 = VECTOR ( 'NONE', #232, 1000.000000000000000 ) ;
#2656 = FACE_OUTER_BOUND ( 'NONE', #5120, .T. ) ;
#2657 = EDGE_CURVE ( 'NONE', #2080, #2351, #1642, .T. ) ;
#2658 = ORIENTED_EDGE ( 'NONE', *, *, #430, .T. ) ;
#2659 = EDGE_CURVE ( 'NONE', #4622, #1262, #1108, .T. ) ;
#2660 = VECTOR ( 'NONE', #5245, 1000.000000000000000 ) ;
#2661 = DIRECTION ( 'NONE',  ( 0.8660254037844385966, 0.5000000000000001110, 0.000000000000000000 ) ) ;
#2662 = DIRECTION ( 'NONE',  ( -0.000000000000000000, -0.000000000000000000, -1.000000000000000000 ) ) ;
#2663 = ORIENTED_EDGE ( 'NONE', *, *, #3938, .T. ) ;
#2664 = DIRECTION ( 'NONE',  ( -0.000000000000000000, 0.000000000000000000, -1.000000000000000000 ) ) ;
#2665 = VECTOR ( 'NONE', #2906, 999.9999999999998863 ) ;
#2666 = EDGE_CURVE ( 'NONE', #110, #5510, #789, .T. ) ;
#2667 = VECTOR ( 'NONE', #1041, 999.9999999999998863 ) ;
#2668 = PLANE ( 'NONE',  #2212 ) ;
#2669 = CARTESIAN_POINT ( 'NONE',  ( 40.42884860408197056, 23.35317541498461225, 10.00000000000000000 ) ) ;
#2670 = ADVANCED_FACE ( 'NONE', ( #5028 ), #1527, .T. ) ;
#2671 = VECTOR ( 'NONE', #4634, 1000.000000000000000 ) ;
#2672 = CARTESIAN_POINT ( 'NONE',  ( 15.37793625377881845, 40.67439564682086939, 7.000000000000000000 ) ) ;
#2673 = EDGE_CURVE ( 'NONE', #3142, #3326, #4031, .T. ) ;
#2674 = AXIS2_PLACEMENT_3D ( 'NONE', #469, #5652, #1712 ) ;
#2675 = DIRECTION ( 'NONE',  ( 0.000000000000000000, 1.000000000000000000, 0.000000000000000000 ) ) ;
#2676 = AXIS2_PLACEMENT_3D ( 'NONE', #2884, #3768, #5557 ) ;
#2677 = ORIENTED_EDGE ( 'NONE', *, *, #4307, .F. ) ;
#2678 = DIRECTION ( 'NONE',  ( 0.000000000000000000, -0.7071067811865556774, 0.7071067811865393571 ) ) ;
#2679 = LINE ( 'NONE', #2306, #2680 ) ;
#2680 = VECTOR ( 'NONE', #4004, 1000.000000000000114 ) ;
#2681 = CARTESIAN_POINT ( 'NONE',  ( 58.06984934592702530, 40.61884720954800088, 0.3999999999999975797 ) ) ;
#2682 = EDGE_LOOP ( 'NONE', ( #20, #3980, #3060, #819 ) ) ;
#2683 = ORIENTED_EDGE ( 'NONE', *, *, #5112, .F. ) ;
#2684 = EDGE_CURVE ( 'NONE', #4537, #5481, #2934, .T. ) ;
#2685 = CARTESIAN_POINT ( 'NONE',  ( 64.56983569344401985, 40.61884720954800088, 3.399999999999996803 ) ) ;
#2686 = ORIENTED_EDGE ( 'NONE', *, *, #524, .F. ) ;
#2687 = VECTOR ( 'NONE', #4953, 1000.000000000000000 ) ;
#2688 = LINE ( 'NONE', #1776, #400 ) ;
#2689 = ORIENTED_EDGE ( 'NONE', *, *, #2019, .T. ) ;
#2690 = EDGE_LOOP ( 'NONE', ( #2163, #2063, #2547, #5277, #2813, #2828 ) ) ;
#2691 = VECTOR ( 'NONE', #3867, 999.9999999999998863 ) ;
#2692 = DIRECTION ( 'NONE',  ( 0.000000000000000000, 0.000000000000000000, -1.000000000000000000 ) ) ;
#2693 = EDGE_CURVE ( 'NONE', #2984, #791, #3828, .T. ) ;
#2694 = ORIENTED_EDGE ( 'NONE', *, *, #756, .T. ) ;
#2695 = CARTESIAN_POINT ( 'NONE',  ( 49.09613948405447559, 27.75317541498460372, 10.00000000000000000 ) ) ;
#2696 = CARTESIAN_POINT ( 'NONE',  ( 58.02613948405432609, 44.67439564682088360, 7.000000000000000000 ) ) ;
#2697 = CARTESIAN_POINT ( 'NONE',  ( 75.02984732797570189, 28.93771831048098520, 4.000000000000000000 ) ) ;
#2698 = EDGE_LOOP ( 'NONE', ( #3061, #5468, #2487, #5139 ) ) ;
#2699 = CARTESIAN_POINT ( 'NONE',  ( 11.68769779765031025, 0.000000000000000000, 4.000000000000000000 ) ) ;
#2700 = CARTESIAN_POINT ( 'NONE',  ( 5.000000000000903277, 54.01736618697488979, 10.00099999999999945 ) ) ;
#2701 = CARTESIAN_POINT ( 'NONE',  ( 64.56983569344401985, 35.50332283157010949, 0.3999999999999975797 ) ) ;
#2702 = ADVANCED_FACE ( 'NONE', ( #2883 ), #2856, .F. ) ;
#2703 = LINE ( 'NONE', #4111, #1493 ) ;
#2704 = DIRECTION ( 'NONE',  ( 0.8660254037844385966, 0.5000000000000001110, 0.000000000000000000 ) ) ;
#2705 = PLANE ( 'NONE',  #5050 ) ;
#2706 = EDGE_CURVE ( 'NONE', #4347, #272, #2514, .T. ) ;
#2707 = LINE ( 'NONE', #40, #2209 ) ;
#2708 = EDGE_LOOP ( 'NONE', ( #3032, #4794, #5325, #5161 ) ) ;
#2709 = CARTESIAN_POINT ( 'NONE',  ( 35.23973302350344028, 37.20718193523073580, 7.000000000000000000 ) ) ;
#2710 = ADVANCED_FACE ( 'NONE', ( #4264 ), #725, .T. ) ;
#2711 = DIRECTION ( 'NONE',  ( 1.000000000000000000, 0.000000000000000000, -0.000000000000000000 ) ) ;
#2712 = ORIENTED_EDGE ( 'NONE', *, *, #4690, .T. ) ;
#2713 = EDGE_LOOP ( 'NONE', ( #5280, #592, #5598, #781 ) ) ;
#2714 = DIRECTION ( 'NONE',  ( 1.000000000000000000, 0.000000000000000000, 0.000000000000000000 ) ) ;
#2715 = EDGE_LOOP ( 'NONE', ( #3717, #2629, #2024, #3865, #4765, #2468, #4175, #4951, #3924, #2686, #3141, #161 ) ) ;
#2716 = CARTESIAN_POINT ( 'NONE',  ( 51.09793625377881199, 56.67439564682091202, 7.000000000000000000 ) ) ;
#2717 = VERTEX_POINT ( 'NONE', #2015 ) ;
#2718 = EDGE_CURVE ( 'NONE', #1633, #4759, #4633, .T. ) ;
#2719 = EDGE_CURVE ( 'NONE', #1359, #5137, #4196, .T. ) ;
#2720 = VERTEX_POINT ( 'NONE', #235 ) ;
#2721 = DIRECTION ( 'NONE',  ( 1.317956502048527864E-15, -1.000000000000000000, 0.000000000000000000 ) ) ;
#2722 = VERTEX_POINT ( 'NONE', #1990 ) ;
#2723 = CARTESIAN_POINT ( 'NONE',  ( 5.000000000000030198, 6.992565577373023977, 0.000000000000000000 ) ) ;
#2724 = PLANE ( 'NONE',  #652 ) ;
#2725 = ORIENTED_EDGE ( 'NONE', *, *, #2886, .F. ) ;
#2726 = CARTESIAN_POINT ( 'NONE',  ( 5.000000000000903277, 54.01736618697488979, 10.00099999999999945 ) ) ;
#2727 = FACE_OUTER_BOUND ( 'NONE', #3721, .T. ) ;
#2728 = CARTESIAN_POINT ( 'NONE',  ( 78.03098366803055796, 41.12459347210570826, 10.00099999999999945 ) ) ;
#2729 = EDGE_CURVE ( 'NONE', #5481, #4537, #2109, .T. ) ;
#2730 = CARTESIAN_POINT ( 'NONE',  ( 73.34807733323548007, 45.95871309031685570, 5.000000000000000000 ) ) ;
#2731 = LINE ( 'NONE', #1929, #3225 ) ;
#2732 = LINE ( 'NONE', #4401, #2026 ) ;
#2733 = FACE_OUTER_BOUND ( 'NONE', #2426, .T. ) ;
#2734 = VERTEX_POINT ( 'NONE', #3767 ) ;
#2735 = FACE_OUTER_BOUND ( 'NONE', #1725, .T. ) ;
#2736 = PLANE ( 'NONE',  #308 ) ;
#2737 = DIRECTION ( 'NONE',  ( 0.000000000000000000, -0.000000000000000000, 1.000000000000000000 ) ) ;
#2738 = VERTEX_POINT ( 'NONE', #260 ) ;
#2739 = EDGE_LOOP ( 'NONE', ( #1985, #798, #1529, #62 ) ) ;
#2740 = EDGE_CURVE ( 'NONE', #4018, #5296, #4228, .T. ) ;
#2741 = DIRECTION ( 'NONE',  ( 0.7071067811867248754, -0.7071067811863702701, 0.000000000000000000 ) ) ;
#2742 = ORIENTED_EDGE ( 'NONE', *, *, #3332, .T. ) ;
#2743 = FACE_OUTER_BOUND ( 'NONE', #1911, .T. ) ;
#2744 = ORIENTED_EDGE ( 'NONE', *, *, #3800, .F. ) ;
#2745 = VECTOR ( 'NONE', #2234, 1000.000000000000000 ) ;
#2746 = ORIENTED_EDGE ( 'NONE', *, *, #4254, .F. ) ;
#2747 = AXIS2_PLACEMENT_3D ( 'NONE', #4663, #1191, #2940 ) ;
#2748 = VERTEX_POINT ( 'NONE', #2078 ) ;
#2749 = DIRECTION ( 'NONE',  ( 0.7070197385735585982, -0.7071938130861842309, 0.000000000000000000 ) ) ;
#2750 = CARTESIAN_POINT ( 'NONE',  ( 41.42884860408194214, 23.35317541498460159, -10.67514906227531313 ) ) ;
#2751 = VECTOR ( 'NONE', #4246, 1000.000000000000000 ) ;
#2752 = VERTEX_POINT ( 'NONE', #2912 ) ;
#2753 = FACE_BOUND ( 'NONE', #5357, .T. ) ;
#2754 = AXIS2_PLACEMENT_3D ( 'NONE', #3999, #2299, #4377 ) ;
#2755 = CARTESIAN_POINT ( 'NONE',  ( 44.16973302350327657, 44.67439564682089070, 7.000000000000000000 ) ) ;
#2756 = CARTESIAN_POINT ( 'NONE',  ( 5.000000000000530243, 33.46289289354402285, 7.000000000000000000 ) ) ;
#2757 = LINE ( 'NONE', #3645, #2417 ) ;
#2758 = LINE ( 'NONE', #2852, #5513 ) ;
#2759 = VECTOR ( 'NONE', #4558, 1000.000000000000000 ) ;
#2760 = LINE ( 'NONE', #2425, #24 ) ;
#2761 = EDGE_LOOP ( 'NONE', ( #4867, #3377, #1695, #2647 ) ) ;
#2762 = CLOSED_SHELL ( 'NONE', ( #1794, #4181, #5249, #2337, #4294, #1934, #3500, #5574, #2844, #78, #5285, #2259, #263, #2326, #5555, #1921, #2246, #5135, #228, #4934, #366, #2404, #795, #3647, #4217, #2171, #2437, #2243, #3226, #4707, #3014, #252, #4510, #4546, #4231, #1065, #563, #325, #2117, #4117, #1247, #2503, #3151, #2532, #1343, #2258, #2853, #3990, #5448, #3758, #840, #5295, #4497, #3985, #4719, #3162, #1899, #2585, #3791, #449, #5173, #4587, #2317, #5316, #3051, #2986, #5403, #857, #1443, #2710, #2670, #2056, #595, #1152, #3723, #1825, #2972, #168, #2473, #1964, #2316, #547, #81, #3421, #2266, #2946, #1647, #3806, #1001, #5661, #4519, #473, #1588, #3036, #901, #885, #209, #3069, #5422, #1476, #5390, #460, #4013, #196, #625, #5567, #1102, #3965, #915, #2124, #2255, #4528, #4425, #3230, #834, #2628, #5397, #811, #3904, #3450, #4987, #2174, #171, #961, #788, #3064, #3902, #749, #2058, #2354, #3323, #3507, #1352, #1186, #2855, #4922, #5084, #4343, #4452, #2702, #1721, #3875, #5303, #3047, #2352, #1696, #5076, #5125, #4478, #4046, #14, #3532, #1753, #3927, #5520, #1481, #4496, #920, #186, #2331, #3705, #1140, #4538, #1548, #2527, #4737, #3543, #5279, #715, #1768, #2466, #3188, #2823, #227, #1274, #25, #1729, #4643, #1134, #67, #394, #2837, #5229, #5644, #5207, #2578 ) ) ;
#2763 = VECTOR ( 'NONE', #4160, 1000.000000000000000 ) ;
#2764 = PLANE ( 'NONE',  #5222 ) ;
#2765 = LINE ( 'NONE', #5322, #2964 ) ;
#2766 = FACE_OUTER_BOUND ( 'NONE', #2392, .T. ) ;
#2767 = EDGE_LOOP ( 'NONE', ( #3471, #4303, #5650, #2549 ) ) ;
#2768 = VECTOR ( 'NONE', #5094, 1000.000000000000000 ) ;
#2769 = ORIENTED_EDGE ( 'NONE', *, *, #2814, .T. ) ;
#2770 = EDGE_CURVE ( 'NONE', #896, #1751, #2969, .T. ) ;
#2771 = EDGE_CURVE ( 'NONE', #2734, #3155, #1674, .T. ) ;
#2772 = DIRECTION ( 'NONE',  ( -0.000000000000000000, -0.000000000000000000, -1.000000000000000000 ) ) ;
#2773 = CARTESIAN_POINT ( 'NONE',  ( 74.46692151384304736, 8.415085090169998949, 10.00099999999999945 ) ) ;
#2774 = ORIENTED_EDGE ( 'NONE', *, *, #4328, .T. ) ;
#2775 = VECTOR ( 'NONE', #2046, 1000.000000000000000 ) ;
#2776 = EDGE_CURVE ( 'NONE', #2110, #4365, #3460, .T. ) ;
#2777 = EDGE_CURVE ( 'NONE', #2977, #1626, #5519, .T. ) ;
#2778 = VECTOR ( 'NONE', #3653, 999.9999999999998863 ) ;
#2779 = CARTESIAN_POINT ( 'NONE',  ( 17.46155956311902457, 19.96343870725181802, 10.00000000000000000 ) ) ;
#2780 = ORIENTED_EDGE ( 'NONE', *, *, #4636, .T. ) ;
#2781 = CARTESIAN_POINT ( 'NONE',  ( 17.46155956311903168, 6.186614173228025315, 4.000000000000000000 ) ) ;
#2782 = AXIS2_PLACEMENT_3D ( 'NONE', #5025, #1104, #2850 ) ;
#2783 = DIRECTION ( 'NONE',  ( -0.8660254037844382635, -0.5000000000000005551, 0.000000000000000000 ) ) ;
#2784 = VERTEX_POINT ( 'NONE', #4166 ) ;
#2785 = LINE ( 'NONE', #3210, #4142 ) ;
#2786 = CARTESIAN_POINT ( 'NONE',  ( 13.37613948405448738, 29.20718193523072514, 10.00000000000000000 ) ) ;
#2787 = CARTESIAN_POINT ( 'NONE',  ( 24.39487291362403099, 57.66326120127521193, 4.000000000000000000 ) ) ;
#2788 = DIRECTION ( 'NONE',  ( 0.000000000000000000, -1.000000000000000000, 0.000000000000000000 ) ) ;
#2789 = EDGE_CURVE ( 'NONE', #1777, #1363, #3473, .T. ) ;
#2790 = PLANE ( 'NONE',  #462 ) ;
#2791 = CARTESIAN_POINT ( 'NONE',  ( 5.000000000000903277, 57.98214359204602175, 10.00000000000000000 ) ) ;
#2792 = CARTESIAN_POINT ( 'NONE',  ( 18.61060500309818977, 24.68592075184099954, 1.109999999999998099 ) ) ;
#2793 = VERTEX_POINT ( 'NONE', #2847 ) ;
#2794 = DIRECTION ( 'NONE',  ( 0.9999999924245159821, -0.0001230892683152483562, 0.000000000000000000 ) ) ;
#2795 = CARTESIAN_POINT ( 'NONE',  ( 56.57646550717664979, 19.25986680927773520, 13.02993340463885019 ) ) ;
#2796 = EDGE_CURVE ( 'NONE', #2030, #4114, #2480, .T. ) ;
#2797 = CARTESIAN_POINT ( 'NONE',  ( 41.42884860408194214, 26.75317541498458951, 4.000000000000000000 ) ) ;
#2798 = LINE ( 'NONE', #1937, #948 ) ;
#2799 = ORIENTED_EDGE ( 'NONE', *, *, #4640, .F. ) ;
#2800 = CARTESIAN_POINT ( 'NONE',  ( 77.88793625377893193, 25.20718193523071449, 10.00000000000000000 ) ) ;
#2801 = EDGE_LOOP ( 'NONE', ( #2403, #180, #1029, #1033, #4391, #1507, #5685, #4120, #683, #5191 ) ) ;
#2802 = CARTESIAN_POINT ( 'NONE',  ( 9.875044450089784931, 53.13706121412302252, 4.000000000000000000 ) ) ;
#2803 = DIRECTION ( 'NONE',  ( -0.000000000000000000, -0.000000000000000000, -1.000000000000000000 ) ) ;
#2804 = ORIENTED_EDGE ( 'NONE', *, *, #4368, .T. ) ;
#2805 = ORIENTED_EDGE ( 'NONE', *, *, #3539, .T. ) ;
#2806 = LINE ( 'NONE', #4539, #3872 ) ;
#2807 = EDGE_CURVE ( 'NONE', #450, #272, #255, .T. ) ;
#2808 = EDGE_LOOP ( 'NONE', ( #2677, #3913, #2885, #262 ) ) ;
#2809 = PLANE ( 'NONE',  #1739 ) ;
#2810 = EDGE_CURVE ( 'NONE', #2351, #5048, #3707, .T. ) ;
#2811 = EDGE_CURVE ( 'NONE', #3264, #511, #2009, .T. ) ;
#2812 = CARTESIAN_POINT ( 'NONE',  ( 62.02973302350328311, 52.67439564682089781, 10.00000000000000000 ) ) ;
#2813 = ORIENTED_EDGE ( 'NONE', *, *, #701, .T. ) ;
#2814 = EDGE_CURVE ( 'NONE', #3577, #824, #718, .T. ) ;
#2815 = LINE ( 'NONE', #4164, #3221 ) ;
#2816 = CARTESIAN_POINT ( 'NONE',  ( 76.16692151384303600, 56.44252476504900073, 10.00000000000000000 ) ) ;
#2817 = DIRECTION ( 'NONE',  ( -0.7071067811865474617, -0.7071067811865474617, -0.000000000000000000 ) ) ;
#2818 = CARTESIAN_POINT ( 'NONE',  ( 69.83157658086554420, 23.35317541498460159, 10.00000000000000000 ) ) ;
#2819 = FACE_OUTER_BOUND ( 'NONE', #2715, .T. ) ;
#2820 = CARTESIAN_POINT ( 'NONE',  ( 16.26968486712803141, 5.000000000000023093, 10.00099999999999945 ) ) ;
#2821 = EDGE_CURVE ( 'NONE', #1287, #2223, #1986, .T. ) ;
#2822 = PLANE ( 'NONE',  #1303 ) ;
#2823 = ADVANCED_FACE ( 'NONE', ( #4686 ), #4627, .T. ) ;
#2824 = DIRECTION ( 'NONE',  ( 1.000000000000000000, 0.000000000000000000, -0.000000000000000000 ) ) ;
#2825 = ORIENTED_EDGE ( 'NONE', *, *, #5046, .F. ) ;
#2826 = CARTESIAN_POINT ( 'NONE',  ( 75.88613948405432552, 44.67439564682088360, 7.000000000000000000 ) ) ;
#2827 = DIRECTION ( 'NONE',  ( 0.000000000000000000, 0.000000000000000000, -1.000000000000000000 ) ) ;
#2828 = ORIENTED_EDGE ( 'NONE', *, *, #3053, .F. ) ;
#2829 = ORIENTED_EDGE ( 'NONE', *, *, #1890, .F. ) ;
#2830 = FACE_OUTER_BOUND ( 'NONE', #5591, .T. ) ;
#2831 = EDGE_CURVE ( 'NONE', #1893, #4625, #2444, .T. ) ;
#2832 = VERTEX_POINT ( 'NONE', #2507 ) ;
#2833 = DIRECTION ( 'NONE',  ( 0.000000000000000000, 1.000000000000000000, 0.000000000000000000 ) ) ;
#2834 = ORIENTED_EDGE ( 'NONE', *, *, #1168, .T. ) ;
#2835 = EDGE_LOOP ( 'NONE', ( #4076, #565, #618, #52 ) ) ;
#2836 = VERTEX_POINT ( 'NONE', #2791 ) ;
#2837 = ADVANCED_FACE ( 'NONE', ( #2854 ), #4550, .F. ) ;
#2838 = AXIS2_PLACEMENT_3D ( 'NONE', #4063, #4489, #4553 ) ;
#2839 = ORIENTED_EDGE ( 'NONE', *, *, #4858, .T. ) ;
#2840 = CARTESIAN_POINT ( 'NONE',  ( 62.02973302350328311, 52.67439564682089781, 10.00000000000000000 ) ) ;
#2841 = LINE ( 'NONE', #3756, #2583 ) ;
#2842 = EDGE_CURVE ( 'NONE', #5296, #3220, #5060, .T. ) ;
#2843 = AXIS2_PLACEMENT_3D ( 'NONE', #5093, #1222, #327 ) ;
#2844 = ADVANCED_FACE ( 'NONE', ( #5554, #3799 ), #1221, .T. ) ;
#2845 = EDGE_CURVE ( 'NONE', #2832, #1232, #3013, .T. ) ;
#2846 = FACE_OUTER_BOUND ( 'NONE', #532, .T. ) ;
#2847 = CARTESIAN_POINT ( 'NONE',  ( 77.86692151384302463, 8.415085090169998949, 10.00000000000000000 ) ) ;
#2848 = CARTESIAN_POINT ( 'NONE',  ( 15.37793625377881845, 40.67439564682086939, 10.00000000000000000 ) ) ;
#2849 = VECTOR ( 'NONE', #3453, 1000.000000000000000 ) ;
#2850 = DIRECTION ( 'NONE',  ( -0.8660254037844378194, -0.5000000000000013323, 0.000000000000000000 ) ) ;
#2851 = CARTESIAN_POINT ( 'NONE',  ( 74.41423944072103325, 5.000000000000023093, 0.000000000000000000 ) ) ;
#2852 = CARTESIAN_POINT ( 'NONE',  ( 60.23651146176602111, 37.66998494740910530, 1.233337884160998987 ) ) ;
#2853 = ADVANCED_FACE ( 'NONE', ( #5642 ), #3908, .T. ) ;
#2854 = FACE_OUTER_BOUND ( 'NONE', #335, .T. ) ;
#2855 = ADVANCED_FACE ( 'NONE', ( #3887 ), #3856, .F. ) ;
#2856 = PLANE ( 'NONE',  #2747 ) ;
#2857 = ORIENTED_EDGE ( 'NONE', *, *, #688, .T. ) ;
#2858 = VECTOR ( 'NONE', #3947, 1000.000000000000000 ) ;
#2859 = CARTESIAN_POINT ( 'NONE',  ( 74.41423944072103325, 5.000000000000023093, 10.00000000000000000 ) ) ;
#2860 = EDGE_CURVE ( 'NONE', #5085, #89, #3827, .T. ) ;
#2861 = ORIENTED_EDGE ( 'NONE', *, *, #2027, .T. ) ;
#2862 = CARTESIAN_POINT ( 'NONE',  ( 26.30973302350329845, 52.67439564682089781, 7.000000000000000000 ) ) ;
#2863 = CARTESIAN_POINT ( 'NONE',  ( 59.74084972657723824, 30.61190122397092495, 3.399999999999968825 ) ) ;
#2864 = AXIS2_PLACEMENT_3D ( 'NONE', #3997, #1960, #1497 ) ;
#2865 = EDGE_LOOP ( 'NONE', ( #5623, #1570, #1268, #5657 ) ) ;
#2866 = CARTESIAN_POINT ( 'NONE',  ( 33.23793625377881256, 56.67439564682091202, 7.000000000000000000 ) ) ;
#2867 = VECTOR ( 'NONE', #900, 1000.000000000000000 ) ;
#2868 = VERTEX_POINT ( 'NONE', #2563 ) ;
#2869 = VERTEX_POINT ( 'NONE', #5582 ) ;
#2870 = DIRECTION ( 'NONE',  ( 0.000000000000000000, -1.000000000000000000, 0.000000000000000000 ) ) ;
#2871 = VECTOR ( 'NONE', #3897, 1000.000000000000000 ) ;
#2872 = ORIENTED_EDGE ( 'NONE', *, *, #888, .T. ) ;
#2873 = CARTESIAN_POINT ( 'NONE',  ( -21.63100838201660636, 21.63100838201653531, 4.000000000000000000 ) ) ;
#2874 = LINE ( 'NONE', #1159, #101 ) ;
#2875 = EDGE_LOOP ( 'NONE', ( #1834, #2983, #4481, #1281 ) ) ;
#2876 = VECTOR ( 'NONE', #1505, 1000.000000000000000 ) ;
#2877 = DIRECTION ( 'NONE',  ( -0.8660254037844378194, -0.5000000000000013323, 0.000000000000000000 ) ) ;
#2878 = VECTOR ( 'NONE', #4689, 1000.000000000000000 ) ;
#2879 = CARTESIAN_POINT ( 'NONE',  ( 7.188803657608023201, 8.415085090169998949, 10.00099999999999945 ) ) ;
#2880 = LINE ( 'NONE', #4630, #1589 ) ;
#2881 = CARTESIAN_POINT ( 'NONE',  ( 40.42884860408197056, 23.35317541498461225, 10.00099999999999945 ) ) ;
#2882 = DIRECTION ( 'NONE',  ( 6.369488388617202940E-16, -1.000000000000000000, 0.000000000000000000 ) ) ;
#2883 = FACE_OUTER_BOUND ( 'NONE', #3196, .T. ) ;
#2884 = CARTESIAN_POINT ( 'NONE',  ( 5.000000000000903277, 57.98214359204602175, 10.00099999999999945 ) ) ;
#2885 = ORIENTED_EDGE ( 'NONE', *, *, #1881, .T. ) ;
#2886 = EDGE_CURVE ( 'NONE', #3093, #2784, #3432, .T. ) ;
#2887 = EDGE_CURVE ( 'NONE', #4441, #3259, #5665, .T. ) ;
#2888 = CARTESIAN_POINT ( 'NONE',  ( 77.86692151384301042, 56.44252476504900073, 10.00099999999999945 ) ) ;
#2889 = ORIENTED_EDGE ( 'NONE', *, *, #710, .F. ) ;
#2890 = FACE_OUTER_BOUND ( 'NONE', #1175, .T. ) ;
#2891 = LINE ( 'NONE', #2802, #2300 ) ;
#2892 = CARTESIAN_POINT ( 'NONE',  ( 5.000000000000903277, 57.98214359204602175, 0.000000000000000000 ) ) ;
#2893 = VERTEX_POINT ( 'NONE', #4728 ) ;
#2894 = LINE ( 'NONE', #4645, #858 ) ;
#2895 = ORIENTED_EDGE ( 'NONE', *, *, #1412, .T. ) ;
#2896 = VERTEX_POINT ( 'NONE', #5203 ) ;
#2897 = CARTESIAN_POINT ( 'NONE',  ( 68.95793625377879721, 40.67439564682086939, 7.000000000000000000 ) ) ;
#2898 = EDGE_CURVE ( 'NONE', #127, #4471, #4317, .T. ) ;
#2899 = ORIENTED_EDGE ( 'NONE', *, *, #2382, .F. ) ;
#2900 = CARTESIAN_POINT ( 'NONE',  ( 53.09973302350341839, 29.20718193523073225, 7.000000000000000000 ) ) ;
#2901 = LINE ( 'NONE', #4624, #4515 ) ;
#2902 = ORIENTED_EDGE ( 'NONE', *, *, #2, .F. ) ;
#2903 = LINE ( 'NONE', #5176, #5045 ) ;
#2904 = CARTESIAN_POINT ( 'NONE',  ( 46.94653210253800779, 28.88980021391638431, 0.9599999985689978699 ) ) ;
#2905 = EDGE_CURVE ( 'NONE', #5444, #358, #1254, .T. ) ;
#2906 = DIRECTION ( 'NONE',  ( 0.7071067811865425767, 0.7071067811865525687, -0.000000000000000000 ) ) ;
#2907 = DIRECTION ( 'NONE',  ( -0.000000000000000000, -0.000000000000000000, 1.000000000000000000 ) ) ;
#2908 = DIRECTION ( 'NONE',  ( 6.369488388617203926E-16, -1.000000000000000000, 0.000000000000000000 ) ) ;
#2909 = PLANE ( 'NONE',  #926 ) ;
#2910 = DIRECTION ( 'NONE',  ( -0.3446779346331528826, -0.9387210029487057517, -0.000000000000000000 ) ) ;
#2911 = EDGE_CURVE ( 'NONE', #4665, #1310, #378, .T. ) ;
#2912 = CARTESIAN_POINT ( 'NONE',  ( 78.03203064794003296, 52.35311032234201889, 0.000000000000000000 ) ) ;
#2913 = DIRECTION ( 'NONE',  ( -1.000000000000000000, 1.652117596168386770E-15, 0.000000000000000000 ) ) ;
#2914 = ORIENTED_EDGE ( 'NONE', *, *, #430, .F. ) ;
#2915 = DIRECTION ( 'NONE',  ( -0.000000000000000000, -0.000000000000000000, -1.000000000000000000 ) ) ;
#2916 = CARTESIAN_POINT ( 'NONE',  ( 23.77356091487909495, 59.97470916941908570, 0.000000000000000000 ) ) ;
#2917 = ORIENTED_EDGE ( 'NONE', *, *, #2470, .T. ) ;
#2918 = PLANE ( 'NONE',  #1126 ) ;
#2919 = EDGE_CURVE ( 'NONE', #33, #1998, #1726, .T. ) ;
#2920 = ORIENTED_EDGE ( 'NONE', *, *, #323, .F. ) ;
#2921 = LINE ( 'NONE', #5072, #1963 ) ;
#2922 = ORIENTED_EDGE ( 'NONE', *, *, #5662, .F. ) ;
#2923 = CARTESIAN_POINT ( 'NONE',  ( 73.34807733323548007, 45.95871309031685570, 5.000000000000000000 ) ) ;
#2924 = ORIENTED_EDGE ( 'NONE', *, *, #2963, .F. ) ;
#2925 = EDGE_CURVE ( 'NONE', #5654, #2321, #406, .T. ) ;
#2926 = DIRECTION ( 'NONE',  ( 0.7049845209112707289, -0.7092226908915888473, 0.000000000000000000 ) ) ;
#2927 = ORIENTED_EDGE ( 'NONE', *, *, #2368, .T. ) ;
#2928 = LINE ( 'NONE', #2840, #3019 ) ;
#2929 = DIRECTION ( 'NONE',  ( -0.9999999804318064900, 0.0001978291858416224790, 0.000000000000000000 ) ) ;
#2930 = ORIENTED_EDGE ( 'NONE', *, *, #1531, .T. ) ;
#2931 = EDGE_CURVE ( 'NONE', #3772, #253, #4661, .T. ) ;
#2932 = CARTESIAN_POINT ( 'NONE',  ( 78.03192893766751581, 51.26230093957098433, 4.000000000000000000 ) ) ;
#2933 = VECTOR ( 'NONE', #3976, 1000.000000000000000 ) ;
#2934 = CIRCLE ( 'NONE', #1555, 1.699999999999999289 ) ;
#2935 = DIRECTION ( 'NONE',  ( -0.8660254037844380415, -0.5000000000000009992, 0.000000000000000000 ) ) ;
#2936 = CARTESIAN_POINT ( 'NONE',  ( 78.03203064794003296, 52.35311032234201889, 10.00000000000000000 ) ) ;
#2937 = DIRECTION ( 'NONE',  ( -0.000000000000000000, -0.000000000000000000, 1.000000000000000000 ) ) ;
#2938 = EDGE_CURVE ( 'NONE', #157, #4759, #4397, .T. ) ;
#2939 = VECTOR ( 'NONE', #2915, 1000.000000000000000 ) ;
#2940 = DIRECTION ( 'NONE',  ( 0.8660254037844382635, -0.5000000000000006661, 0.000000000000000000 ) ) ;
#2941 = CARTESIAN_POINT ( 'NONE',  ( 55.24511320246803336, 59.97470916941927044, 0.000000000000000000 ) ) ;
#2942 = ORIENTED_EDGE ( 'NONE', *, *, #4640, .T. ) ;
#2943 = PRESENTATION_STYLE_ASSIGNMENT (( #5206 ) ) ;
#2944 = DIRECTION ( 'NONE',  ( 0.7071067811865455743, -0.7071067811865493491, 0.000000000000000000 ) ) ;
#2945 = VECTOR ( 'NONE', #5645, 1000.000000000000000 ) ;
#2946 = ADVANCED_FACE ( 'NONE', ( #1406 ), #4829, .T. ) ;
#2947 = CARTESIAN_POINT ( 'NONE',  ( 20.85129627085183301, 23.35317541498459804, 4.000000000000000000 ) ) ;
#2948 = ORIENTED_EDGE ( 'NONE', *, *, #1928, .T. ) ;
#2949 =( GEOMETRIC_REPRESENTATION_CONTEXT ( 3 ) GLOBAL_UNCERTAINTY_ASSIGNED_CONTEXT ( ( #3505 ) ) GLOBAL_UNIT_ASSIGNED_CONTEXT ( ( #3911, #849, #5668 ) ) REPRESENTATION_CONTEXT ( 'NONE', 'WORKASPACE' ) );
#2950 = ORIENTED_EDGE ( 'NONE', *, *, #4756, .F. ) ;
#2951 = DIRECTION ( 'NONE',  ( -0.000000000000000000, -0.000000000000000000, -1.000000000000000000 ) ) ;
#2952 = VERTEX_POINT ( 'NONE', #5311 ) ;
#2953 = AXIS2_PLACEMENT_3D ( 'NONE', #2369, #4582, #4122 ) ;
#2954 = ORIENTED_EDGE ( 'NONE', *, *, #2612, .F. ) ;
#2955 = CARTESIAN_POINT ( 'NONE',  ( 54.61482092964090640, 59.34967741935614782, 10.00099999999999945 ) ) ;
#2956 = ORIENTED_EDGE ( 'NONE', *, *, #1203, .T. ) ;
#2957 = ORIENTED_EDGE ( 'NONE', *, *, #4781, .T. ) ;
#2958 = VECTOR ( 'NONE', #4352, 1000.000000000000000 ) ;
#2959 = ORIENTED_EDGE ( 'NONE', *, *, #2796, .F. ) ;
#2960 = LINE ( 'NONE', #344, #1747 ) ;
#2961 = AXIS2_PLACEMENT_3D ( 'NONE', #3055, #4358, #1388 ) ;
#2962 = VECTOR ( 'NONE', #4086, 1000.000000000000000 ) ;
#2963 = EDGE_CURVE ( 'NONE', #5196, #1262, #2237, .T. ) ;
#2964 = VECTOR ( 'NONE', #4028, 1000.000000000000000 ) ;
#2965 = DIRECTION ( 'NONE',  ( -0.000000000000000000, -0.000000000000000000, 1.000000000000000000 ) ) ;
#2966 = FACE_OUTER_BOUND ( 'NONE', #3729, .T. ) ;
#2967 = CARTESIAN_POINT ( 'NONE',  ( 9.714451465470119729E-14, 28.93771831048124454, 4.000000000000000000 ) ) ;
#2968 = AXIS2_PLACEMENT_3D ( 'NONE', #5663, #5201, #3506 ) ;
#2969 = LINE ( 'NONE', #5583, #2381 ) ;
#2970 = DIRECTION ( 'NONE',  ( 0.7071067811865474617, -0.7071067811865474617, 0.000000000000000000 ) ) ;
#2971 = ORIENTED_EDGE ( 'NONE', *, *, #2789, .F. ) ;
#2972 = ADVANCED_FACE ( 'NONE', ( #2208 ), #3617, .F. ) ;
#2973 = FACE_OUTER_BOUND ( 'NONE', #3642, .T. ) ;
#2974 = AXIS2_PLACEMENT_3D ( 'NONE', #1233, #4240, #4298 ) ;
#2975 = CARTESIAN_POINT ( 'NONE',  ( 39.15364747040881355, 39.14400986898357360, 4.000000000000000000 ) ) ;
#2976 = CARTESIAN_POINT ( 'NONE',  ( 17.37973302350343019, 29.20718193523073225, 7.000000000000000000 ) ) ;
#2977 = VERTEX_POINT ( 'NONE', #3094 ) ;
#2978 = ORIENTED_EDGE ( 'NONE', *, *, #463, .T. ) ;
#2979 = DIRECTION ( 'NONE',  ( 0.000000000000000000, 0.000000000000000000, 1.000000000000000000 ) ) ;
#2980 = ORIENTED_EDGE ( 'NONE', *, *, #39, .T. ) ;
#2981 = ORIENTED_EDGE ( 'NONE', *, *, #5336, .T. ) ;
#2982 = DIRECTION ( 'NONE',  ( 0.8660254037844382635, -0.5000000000000005551, 0.000000000000000000 ) ) ;
#2983 = ORIENTED_EDGE ( 'NONE', *, *, #3516, .F. ) ;
#2984 = VERTEX_POINT ( 'NONE', #1351 ) ;
#2985 = LINE ( 'NONE', #401, #1012 ) ;
#2986 = ADVANCED_FACE ( 'NONE', ( #489 ), #1375, .T. ) ;
#2987 = EDGE_CURVE ( 'NONE', #5381, #1777, #4887, .T. ) ;
#2988 = FACE_OUTER_BOUND ( 'NONE', #18, .T. ) ;
#2989 = CARTESIAN_POINT ( 'NONE',  ( 9.875044450089784931, 53.13706121412302252, 4.000000000000000000 ) ) ;
#2990 = EDGE_LOOP ( 'NONE', ( #1915, #95, #221, #2032 ) ) ;
#2991 = DIRECTION ( 'NONE',  ( -1.000000000000000000, 0.000000000000000000, 0.000000000000000000 ) ) ;
#2992 = DIRECTION ( 'NONE',  ( -1.000000000000000000, 0.000000000000000000, 0.000000000000000000 ) ) ;
#2993 = DIRECTION ( 'NONE',  ( -0.8660254037844383745, 0.5000000000000003331, 0.000000000000000000 ) ) ;
#2994 = CARTESIAN_POINT ( 'NONE',  ( 0.000000000000000000, 28.88980021391638431, 3.399999999999983036 ) ) ;
#2995 = EDGE_CURVE ( 'NONE', #5529, #5544, #56, .T. ) ;
#2996 = EDGE_CURVE ( 'NONE', #147, #5440, #955, .T. ) ;
#2997 = DIRECTION ( 'NONE',  ( -1.000000000000000000, 0.000000000000000000, 0.000000000000000000 ) ) ;
#2998 = VERTEX_POINT ( 'NONE', #1330 ) ;
#2999 = DIRECTION ( 'NONE',  ( -0.8660254037844378194, -0.5000000000000013323, 0.000000000000000000 ) ) ;
#3000 = ORIENTED_EDGE ( 'NONE', *, *, #2210, .T. ) ;
#3001 = LINE ( 'NONE', #4329, #2135 ) ;
#3002 = ORIENTED_EDGE ( 'NONE', *, *, #4282, .T. ) ;
#3003 = ORIENTED_EDGE ( 'NONE', *, *, #1817, .F. ) ;
#3004 = EDGE_CURVE ( 'NONE', #1287, #4388, #2611, .T. ) ;
#3005 = LINE ( 'NONE', #3844, #1658 ) ;
#3006 = DIRECTION ( 'NONE',  ( -0.7071067811865457964, 0.7071067811865492381, 0.000000000000000000 ) ) ;
#3007 = ORIENTED_EDGE ( 'NONE', *, *, #3698, .T. ) ;
#3008 = VERTEX_POINT ( 'NONE', #3537 ) ;
#3009 = EDGE_CURVE ( 'NONE', #4038, #1633, #897, .T. ) ;
#3010 = DIRECTION ( 'NONE',  ( -1.734723475976805517E-15, -1.000000000000000000, 0.000000000000000000 ) ) ;
#3011 = CARTESIAN_POINT ( 'NONE',  ( 51.09793625377880488, 40.67439564682086939, 7.000000000000000000 ) ) ;
#3012 = EDGE_LOOP ( 'NONE', ( #3251, #51 ) ) ;
#3013 = LINE ( 'NONE', #348, #1743 ) ;
#3014 = ADVANCED_FACE ( 'NONE', ( #4454 ), #4427, .F. ) ;
#3015 = CARTESIAN_POINT ( 'NONE',  ( 5.000000000000903277, 57.98214359204602175, 10.00099999999999945 ) ) ;
#3016 = FACE_OUTER_BOUND ( 'NONE', #3165, .T. ) ;
#3017 = AXIS2_PLACEMENT_3D ( 'NONE', #3426, #1249, #1723 ) ;
#3018 = CARTESIAN_POINT ( 'NONE',  ( 33.23793625377881256, 56.67439564682091202, 7.000000000000000000 ) ) ;
#3019 = VECTOR ( 'NONE', #251, 1000.000000000000000 ) ;
#3020 = ORIENTED_EDGE ( 'NONE', *, *, #3144, .F. ) ;
#3021 = LINE ( 'NONE', #2598, #4852 ) ;
#3022 = ORIENTED_EDGE ( 'NONE', *, *, #4779, .F. ) ;
#3023 = EDGE_CURVE ( 'NONE', #5473, #1398, #5259, .T. ) ;
#3024 = COLOUR_RGB ( '',0.7921568627450980005, 0.8196078431372548767, 0.9333333333333333481 ) ;
#3025 = DIRECTION ( 'NONE',  ( -0.000000000000000000, -0.000000000000000000, 1.000000000000000000 ) ) ;
#3026 = EDGE_LOOP ( 'NONE', ( #226, #5454, #2361, #2218 ) ) ;
#3027 = ORIENTED_EDGE ( 'NONE', *, *, #3660, .F. ) ;
#3028 = PLANE ( 'NONE',  #644 ) ;
#3029 = ORIENTED_EDGE ( 'NONE', *, *, #2133, .F. ) ;
#3030 = EDGE_CURVE ( 'NONE', #2748, #3106, #4019, .T. ) ;
#3031 = VECTOR ( 'NONE', #1799, 1000.000000000000000 ) ;
#3032 = ORIENTED_EDGE ( 'NONE', *, *, #5405, .T. ) ;
#3033 = LINE ( 'NONE', #4448, #922 ) ;
#3034 = VECTOR ( 'NONE', #241, 1000.000000000000000 ) ;
#3035 = VECTOR ( 'NONE', #2467, 1000.000000000000000 ) ;
#3036 = ADVANCED_FACE ( 'NONE', ( #1752 ), #4048, .F. ) ;
#3037 = LINE ( 'NONE', #3011, #1500 ) ;
#3038 = ORIENTED_EDGE ( 'NONE', *, *, #2374, .T. ) ;
#3039 = VECTOR ( 'NONE', #4657, 1000.000000000000000 ) ;
#3040 = CARTESIAN_POINT ( 'NONE',  ( 22.30613948405434499, 44.67439564682088360, 7.000000000000000000 ) ) ;
#3041 = DIRECTION ( 'NONE',  ( 1.000000000000000000, -0.000000000000000000, 0.000000000000000000 ) ) ;
#3042 = DIRECTION ( 'NONE',  ( -0.000000000000000000, -0.000000000000000000, 1.000000000000000000 ) ) ;
#3043 = AXIS2_PLACEMENT_3D ( 'NONE', #775, #2951, #392 ) ;
#3044 = EDGE_CURVE ( 'NONE', #1345, #1398, #539, .T. ) ;
#3045 = LINE ( 'NONE', #4916, #3765 ) ;
#3046 = VECTOR ( 'NONE', #638, 1000.000000000000000 ) ;
#3047 = ADVANCED_FACE ( 'NONE', ( #924 ), #112, .F. ) ;
#3048 = LINE ( 'NONE', #3600, #2121 ) ;
#3049 = ORIENTED_EDGE ( 'NONE', *, *, #4254, .T. ) ;
#3050 = DIRECTION ( 'NONE',  ( -1.000000000000000000, 0.000000000000000000, 0.000000000000000000 ) ) ;
#3051 = ADVANCED_FACE ( 'NONE', ( #5020 ), #1096, .T. ) ;
#3052 = ORIENTED_EDGE ( 'NONE', *, *, #4980, .F. ) ;
#3053 = EDGE_CURVE ( 'NONE', #450, #4958, #1636, .T. ) ;
#3054 = AXIS2_PLACEMENT_3D ( 'NONE', #1585, #199, #3732 ) ;
#3055 = CARTESIAN_POINT ( 'NONE',  ( 65.74084972657725245, 30.61190122397092495, 3.399999999999968825 ) ) ;
#3056 = EDGE_LOOP ( 'NONE', ( #4230, #4119, #4863, #414 ) ) ;
#3057 = EDGE_LOOP ( 'NONE', ( #3896, #4619, #1057, #2521 ) ) ;
#3058 = EDGE_CURVE ( 'NONE', #253, #2148, #2985, .T. ) ;
#3059 = DIRECTION ( 'NONE',  ( -0.000000000000000000, -0.000000000000000000, 1.000000000000000000 ) ) ;
#3060 = ORIENTED_EDGE ( 'NONE', *, *, #5251, .F. ) ;
#3061 = ORIENTED_EDGE ( 'NONE', *, *, #1285, .T. ) ;
#3062 = ORIENTED_EDGE ( 'NONE', *, *, #497, .F. ) ;
#3063 = DIRECTION ( 'NONE',  ( -0.8660254037844382635, 0.5000000000000006661, 0.000000000000000000 ) ) ;
#3064 = ADVANCED_FACE ( 'NONE', ( #5606 ), #4722, .F. ) ;
#3065 = ORIENTED_EDGE ( 'NONE', *, *, #3336, .T. ) ;
#3066 = CARTESIAN_POINT ( 'NONE',  ( 44.16973302350327657, 44.67439564682089070, 7.000000000000000000 ) ) ;
#3067 = ORIENTED_EDGE ( 'NONE', *, *, #4503, .T. ) ;
#3068 = DIRECTION ( 'NONE',  ( 0.000000000000000000, 0.000000000000000000, -1.000000000000000000 ) ) ;
#3069 = ADVANCED_FACE ( 'NONE', ( #2123 ), #3880, .F. ) ;
#3070 = FACE_BOUND ( 'NONE', #22, .T. ) ;
#3071 = CARTESIAN_POINT ( 'NONE',  ( 40.70065559444936554, 40.69063719969623349, 4.000000000000000000 ) ) ;
#3072 = FACE_OUTER_BOUND ( 'NONE', #3842, .T. ) ;
#3073 = DIRECTION ( 'NONE',  ( 0.7071067811865475727, 0.7071067811865475727, -0.000000000000000000 ) ) ;
#3074 = CARTESIAN_POINT ( 'NONE',  ( 32.14653210253800353, 28.88980021391638431, 3.399999999999983036 ) ) ;
#3075 = CARTESIAN_POINT ( 'NONE',  ( 79.97474980950003953, 54.29582948390102359, 0.000000000000000000 ) ) ;
#3076 = ORIENTED_EDGE ( 'NONE', *, *, #4334, .T. ) ;
#3077 = LINE ( 'NONE', #12, #2933 ) ;
#3078 = FACE_OUTER_BOUND ( 'NONE', #3494, .T. ) ;
#3079 = EDGE_CURVE ( 'NONE', #3311, #509, #2960, .T. ) ;
#3080 = ORIENTED_EDGE ( 'NONE', *, *, #2493, .F. ) ;
#3081 = ORIENTED_EDGE ( 'NONE', *, *, #3560, .F. ) ;
#3082 = EDGE_CURVE ( 'NONE', #1204, #2373, #4253, .T. ) ;
#3083 = CARTESIAN_POINT ( 'NONE',  ( 51.09793625377880488, 40.67439564682086939, 10.00000000000000000 ) ) ;
#3084 = ORIENTED_EDGE ( 'NONE', *, *, #669, .F. ) ;
#3085 = DIRECTION ( 'NONE',  ( -0.8660254037844380415, -0.5000000000000008882, 0.000000000000000000 ) ) ;
#3086 = ORIENTED_EDGE ( 'NONE', *, *, #895, .F. ) ;
#3087 = VERTEX_POINT ( 'NONE', #4309 ) ;
#3088 = CARTESIAN_POINT ( 'NONE',  ( 33.23793625377881256, 56.67439564682091202, 7.000000000000000000 ) ) ;
#3089 = EDGE_CURVE ( 'NONE', #2080, #5102, #2903, .T. ) ;
#3090 = EDGE_LOOP ( 'NONE', ( #2335, #2245, #4306, #2804 ) ) ;
#3091 = DIRECTION ( 'NONE',  ( 0.4999999999999999445, -0.8660254037844387076, 0.000000000000000000 ) ) ;
#3092 = PLANE ( 'NONE',  #4351 ) ;
#3093 = VERTEX_POINT ( 'NONE', #1580 ) ;
#3094 = CARTESIAN_POINT ( 'NONE',  ( 33.23793625377881256, 56.67439564682091202, 10.00000000000000000 ) ) ;
#3095 = DIRECTION ( 'NONE',  ( -0.5773502691896165162, -0.5773502691896237327, -0.5773502691896370553 ) ) ;
#3096 = CARTESIAN_POINT ( 'NONE',  ( 10.58880365760802356, 56.44252476504900073, 0.000000000000000000 ) ) ;
#3097 = CARTESIAN_POINT ( 'NONE',  ( 68.95793625377879721, 40.67439564682086939, 7.000000000000000000 ) ) ;
#3098 = CARTESIAN_POINT ( 'NONE',  ( 71.31952070086403239, 54.37489788495683740, 0.000000000000000000 ) ) ;
#3099 = CARTESIAN_POINT ( 'NONE',  ( 73.34807733323548007, 45.95871309031685570, 4.000000000000000000 ) ) ;
#3100 = VECTOR ( 'NONE', #1158, 1000.000000000000000 ) ;
#3101 = ORIENTED_EDGE ( 'NONE', *, *, #2089, .T. ) ;
#3102 = DIRECTION ( 'NONE',  ( 0.8660254037844385966, 0.5000000000000001110, 0.000000000000000000 ) ) ;
#3103 = CARTESIAN_POINT ( 'NONE',  ( 0.000000000000000000, 0.000000000000000000, 7.000000000000000000 ) ) ;
#3104 = AXIS2_PLACEMENT_3D ( 'NONE', #224, #1983, #2320 ) ;
#3105 = VERTEX_POINT ( 'NONE', #5577 ) ;
#3106 = VERTEX_POINT ( 'NONE', #5141 ) ;
#3107 = DIRECTION ( 'NONE',  ( 0.7071067811865492381, -0.7071067811865457964, 0.000000000000000000 ) ) ;
#3108 = EDGE_LOOP ( 'NONE', ( #706, #2653, #4032, #2206 ) ) ;
#3109 = AXIS2_PLACEMENT_3D ( 'NONE', #1840, #3510, #3068 ) ;
#3110 = FACE_OUTER_BOUND ( 'NONE', #5132, .T. ) ;
#3111 = VERTEX_POINT ( 'NONE', #4653 ) ;
#3112 = EDGE_CURVE ( 'NONE', #1735, #4244, #782, .T. ) ;
#3113 = ORIENTED_EDGE ( 'NONE', *, *, #5534, .T. ) ;
#3114 = VECTOR ( 'NONE', #3900, 1000.000000000000000 ) ;
#3115 = ORIENTED_EDGE ( 'NONE', *, *, #2329, .F. ) ;
#3117 = PLANE ( 'NONE',  #1918 ) ;
#3116 = VECTOR ( 'NONE', #1172, 1000.000000000000000 ) ;
#3118 = EDGE_CURVE ( 'NONE', #1938, #2529, #837, .T. ) ;
#3119 = EDGE_CURVE ( 'NONE', #4576, #2869, #2531, .T. ) ;
#3120 = DIRECTION ( 'NONE',  ( 1.000000000000000000, 0.000000000000000000, -0.000000000000000000 ) ) ;
#3121 = DIRECTION ( 'NONE',  ( -0.5000000000000014433, 0.8660254037844379305, 0.000000000000000000 ) ) ;
#3122 = EDGE_LOOP ( 'NONE', ( #2543, #4445, #3175, #2495 ) ) ;
#3123 = DIRECTION ( 'NONE',  ( 0.000000000000000000, 1.000000000000000000, 0.000000000000000000 ) ) ;
#3124 = AXIS2_PLACEMENT_3D ( 'NONE', #1707, #4295, #794 ) ;
#3125 = VECTOR ( 'NONE', #3262, 1000.000000000000227 ) ;
#3126 = EDGE_CURVE ( 'NONE', #2460, #358, #2069, .T. ) ;
#3127 = CARTESIAN_POINT ( 'NONE',  ( 0.000000000000000000, 0.000000000000000000, 1.109997883926998163 ) ) ;
#3128 = CIRCLE ( 'NONE', #1032, 1.699999999999999289 ) ;
#3129 = PLANE ( 'NONE',  #2137 ) ;
#3130 = PLANE ( 'NONE',  #2754 ) ;
#3131 = LINE ( 'NONE', #2616, #945 ) ;
#3132 = VECTOR ( 'NONE', #5505, 1000.000000000000114 ) ;
#3133 = DIRECTION ( 'NONE',  ( -1.000000000000000000, 0.000000000000000000, 0.000000000000000000 ) ) ;
#3134 = VECTOR ( 'NONE', #142, 1000.000000000000227 ) ;
#3135 = EDGE_CURVE ( 'NONE', #127, #4530, #4281, .T. ) ;
#3136 = ORIENTED_EDGE ( 'NONE', *, *, #5423, .T. ) ;
#3137 = DIRECTION ( 'NONE',  ( 0.0001978291858417484091, 0.9999999804318063790, -0.000000000000000000 ) ) ;
#3138 = CARTESIAN_POINT ( 'NONE',  ( 70.95973302350341783, 29.20718193523073225, 7.000000000000000000 ) ) ;
#3139 = VECTOR ( 'NONE', #5155, 1000.000000000000000 ) ;
#3140 = DIRECTION ( 'NONE',  ( 0.5773502691896212902, 0.5773502691896212902, -0.5773502691896346128 ) ) ;
#3141 = ORIENTED_EDGE ( 'NONE', *, *, #5559, .F. ) ;
#3142 = VERTEX_POINT ( 'NONE', #2039 ) ;
#3143 = DIRECTION ( 'NONE',  ( -0.000000000000000000, -0.000000000000000000, -1.000000000000000000 ) ) ;
#3144 = EDGE_CURVE ( 'NONE', #3903, #4106, #2097, .T. ) ;
#3145 = ORIENTED_EDGE ( 'NONE', *, *, #3631, .F. ) ;
#3146 = VECTOR ( 'NONE', #2965, 1000.000000000000000 ) ;
#3147 = CARTESIAN_POINT ( 'NONE',  ( 0.000000000000000000, 0.000000000000000000, 5.000000000000000000 ) ) ;
#3148 = ORIENTED_EDGE ( 'NONE', *, *, #524, .T. ) ;
#3149 = ORIENTED_EDGE ( 'NONE', *, *, #39, .F. ) ;
#3150 = DIRECTION ( 'NONE',  ( -0.000000000000000000, 1.000000000000000000, -0.000000000000000000 ) ) ;
#3151 = ADVANCED_FACE ( 'NONE', ( #1246 ), #3790, .T. ) ;
#3152 = ORIENTED_EDGE ( 'NONE', *, *, #4334, .F. ) ;
#3153 = CARTESIAN_POINT ( 'NONE',  ( 5.871324698771779538, 34.33421759231527659, 6.000000000000000000 ) ) ;
#3154 = CARTESIAN_POINT ( 'NONE',  ( 0.000000000000000000, 0.000000000000000000, 7.000000000000000000 ) ) ;
#3155 = VERTEX_POINT ( 'NONE', #2151 ) ;
#3156 = EDGE_CURVE ( 'NONE', #4871, #2717, #2558, .T. ) ;
#3157 = CARTESIAN_POINT ( 'NONE',  ( 11.68769779765030847, 35.83617119703320952, 6.000000000000000000 ) ) ;
#3158 = CARTESIAN_POINT ( 'NONE',  ( 5.000000000000530243, 33.46289289354402285, 7.000000000000000000 ) ) ;
#3159 = LINE ( 'NONE', #4051, #2412 ) ;
#3160 = CARTESIAN_POINT ( 'NONE',  ( 66.95613948405447502, 37.20718193523074291, 7.000000000000000000 ) ) ;
#3161 = CARTESIAN_POINT ( 'NONE',  ( 51.09793625377880488, 40.67439564682086939, 7.000000000000000000 ) ) ;
#3162 = ADVANCED_FACE ( 'NONE', ( #1161 ), #4800, .F. ) ;
#3163 = LINE ( 'NONE', #3075, #5052 ) ;
#3164 = LINE ( 'NONE', #4551, #5164 ) ;
#3165 = EDGE_LOOP ( 'NONE', ( #318, #892, #2236, #1910 ) ) ;
#3166 = DIRECTION ( 'NONE',  ( 0.000000000000000000, -1.000000000000000000, -0.000000000000000000 ) ) ;
#3167 = LINE ( 'NONE', #2795, #31 ) ;
#3168 = CARTESIAN_POINT ( 'NONE',  ( 64.56983569344401985, 35.50332283157010949, 3.399999999999996803 ) ) ;
#3169 = EDGE_CURVE ( 'NONE', #1208, #4158, #3033, .T. ) ;
#3170 = ORIENTED_EDGE ( 'NONE', *, *, #2018, .T. ) ;
#3171 = ORIENTED_EDGE ( 'NONE', *, *, #5298, .F. ) ;
#3172 = CARTESIAN_POINT ( 'NONE',  ( 22.30613948405434499, 44.67439564682088360, 7.000000000000000000 ) ) ;
#3173 = ORIENTED_EDGE ( 'NONE', *, *, #3293, .T. ) ;
#3174 = PLANE ( 'NONE',  #4807 ) ;
#3175 = ORIENTED_EDGE ( 'NONE', *, *, #2610, .F. ) ;
#3176 = EDGE_CURVE ( 'NONE', #3607, #2122, #3987, .T. ) ;
#3177 = ORIENTED_EDGE ( 'NONE', *, *, #825, .F. ) ;
#3178 = ORIENTED_EDGE ( 'NONE', *, *, #5090, .F. ) ;
#3179 = DIRECTION ( 'NONE',  ( -0.8660254037844380415, -0.5000000000000008882, 0.000000000000000000 ) ) ;
#3180 = DIRECTION ( 'NONE',  ( -1.982541115402065702E-15, -1.000000000000000000, 0.000000000000000000 ) ) ;
#3181 = EDGE_CURVE ( 'NONE', #2122, #3490, #1831, .T. ) ;
#3182 = VERTEX_POINT ( 'NONE', #2232 ) ;
#3183 = CARTESIAN_POINT ( 'NONE',  ( 0.000000000000000000, 0.000000000000000000, 10.00000000000000000 ) ) ;
#3184 = CARTESIAN_POINT ( 'NONE',  ( 54.42884860408192793, 27.75317541498460372, -10.67514906227531313 ) ) ;
#3185 = DIRECTION ( 'NONE',  ( -1.000000000000000000, 0.000000000000000000, 0.000000000000000000 ) ) ;
#3186 = DIRECTION ( 'NONE',  ( -0.000000000000000000, -0.000000000000000000, 1.000000000000000000 ) ) ;
#3187 = LINE ( 'NONE', #3734, #182 ) ;
#3188 = ADVANCED_FACE ( 'NONE', ( #2656 ), #5658, .F. ) ;
#3189 = CARTESIAN_POINT ( 'NONE',  ( 6.447936253778962623, 25.20718193523071449, 7.000000000000000000 ) ) ;
#3190 = ORIENTED_EDGE ( 'NONE', *, *, #1778, .F. ) ;
#3191 = PLANE ( 'NONE',  #444 ) ;
#3192 = CARTESIAN_POINT ( 'NONE',  ( 62.02973302350328311, 52.67439564682089781, 7.000000000000000000 ) ) ;
#3193 = EDGE_CURVE ( 'NONE', #4963, #862, #5305, .T. ) ;
#3194 = EDGE_CURVE ( 'NONE', #2722, #5033, #1367, .T. ) ;
#3195 = LINE ( 'NONE', #3715, #3046 ) ;
#3196 = EDGE_LOOP ( 'NONE', ( #1264, #1071, #281, #393 ) ) ;
#3197 = ORIENTED_EDGE ( 'NONE', *, *, #1297, .F. ) ;
#3198 = DIRECTION ( 'NONE',  ( -0.000000000000000000, -0.000000000000000000, -1.000000000000000000 ) ) ;
#3199 = ORIENTED_EDGE ( 'NONE', *, *, #1168, .F. ) ;
#3200 = CARTESIAN_POINT ( 'NONE',  ( 56.42884860408192083, 23.35317541498460514, 10.00099999999999945 ) ) ;
#3201 = ORIENTED_EDGE ( 'NONE', *, *, #257, .T. ) ;
#3202 = VECTOR ( 'NONE', #3010, 1000.000000000000000 ) ;
#3203 = ORIENTED_EDGE ( 'NONE', *, *, #4535, .F. ) ;
#3204 = VECTOR ( 'NONE', #2991, 1000.000000000000000 ) ;
#3205 = EDGE_LOOP ( 'NONE', ( #4144, #777, #3052, #4299, #5002, #126 ) ) ;
#3206 = CARTESIAN_POINT ( 'NONE',  ( 55.42884860408193504, 23.35317541498460159, 4.000000000000000000 ) ) ;
#3207 = DIRECTION ( 'NONE',  ( -1.000000000000000000, -6.313997449038182439E-16, 0.000000000000000000 ) ) ;
#3208 = VECTOR ( 'NONE', #4210, 1000.000000000000114 ) ;
#3209 = ORIENTED_EDGE ( 'NONE', *, *, #3550, .T. ) ;
#3210 = CARTESIAN_POINT ( 'NONE',  ( 40.16613948405434087, 52.67439564682089781, 7.000000000000000000 ) ) ;
#3211 = AXIS2_PLACEMENT_3D ( 'NONE', #4247, #5571, #2499 ) ;
#3212 = CARTESIAN_POINT ( 'NONE',  ( 76.16692151384303600, 8.415085090169998949, 10.00000000000000000 ) ) ;
#3213 = DIRECTION ( 'NONE',  ( 0.7071067811865479058, 0.7071067811865471286, -0.000000000000000000 ) ) ;
#3214 = DIRECTION ( 'NONE',  ( 2.518321216464164144E-16, -1.000000000000000000, 0.000000000000000000 ) ) ;
#3215 = CARTESIAN_POINT ( 'NONE',  ( 58.02613948405432609, 44.67439564682088360, 7.000000000000000000 ) ) ;
#3216 = VECTOR ( 'NONE', #5499, 1000.000000000000000 ) ;
#3217 = VECTOR ( 'NONE', #4180, 1000.000000000000000 ) ;
#3218 = CARTESIAN_POINT ( 'NONE',  ( 31.23613948405447971, 37.20718193523074291, 7.000000000000000000 ) ) ;
#3219 = CARTESIAN_POINT ( 'NONE',  ( 75.02984732797570189, 0.000000000000000000, 4.000000000000000000 ) ) ;
#3220 = VERTEX_POINT ( 'NONE', #3955 ) ;
#3221 = VECTOR ( 'NONE', #4483, 1000.000000000000000 ) ;
#3222 = CARTESIAN_POINT ( 'NONE',  ( 58.06984934592702530, 35.50332283157010949, 0.3999999999999941380 ) ) ;
#3223 = CARTESIAN_POINT ( 'NONE',  ( 6.992565577373027530, 59.97470916941908570, 10.00099999999999945 ) ) ;
#3224 = ORIENTED_EDGE ( 'NONE', *, *, #4344, .T. ) ;
#3225 = VECTOR ( 'NONE', #544, 1000.000000000000000 ) ;
#3226 = ADVANCED_FACE ( 'NONE', ( #1399 ), #4905, .F. ) ;
#3227 = AXIS2_PLACEMENT_3D ( 'NONE', #2451, #4197, #3890 ) ;
#3228 = VERTEX_POINT ( 'NONE', #5221 ) ;
#3229 = DIRECTION ( 'NONE',  ( 0.000000000000000000, 1.000000000000000000, 0.000000000000000000 ) ) ;
#3230 = ADVANCED_FACE ( 'NONE', ( #4390 ), #446, .T. ) ;
#3231 = ORIENTED_EDGE ( 'NONE', *, *, #1485, .T. ) ;
#3232 = VECTOR ( 'NONE', #4999, 1000.000000000000000 ) ;
#3233 = LINE ( 'NONE', #4562, #1959 ) ;
#3234 = ORIENTED_EDGE ( 'NONE', *, *, #405, .T. ) ;
#3235 = EDGE_CURVE ( 'NONE', #5558, #2893, #5278, .T. ) ;
#3236 = AXIS2_PLACEMENT_3D ( 'NONE', #3820, #1661, #4279 ) ;
#3237 = LINE ( 'NONE', #159, #1666 ) ;
#3238 = VERTEX_POINT ( 'NONE', #3905 ) ;
#3239 = CARTESIAN_POINT ( 'NONE',  ( 54.61415088855444111, 53.90613964737286068, 6.000000000000000000 ) ) ;
#3240 = VECTOR ( 'NONE', #4126, 1000.000000000000114 ) ;
#3241 = DIRECTION ( 'NONE',  ( -0.000000000000000000, -0.000000000000000000, -1.000000000000000000 ) ) ;
#3242 = ORIENTED_EDGE ( 'NONE', *, *, #3871, .T. ) ;
#3243 = CARTESIAN_POINT ( 'NONE',  ( 36.63180065388673512, 38.69286487643513084, 3.399999999999983036 ) ) ;
#3244 = DIRECTION ( 'NONE',  ( 0.8660254037844385966, 0.4999999999999998890, 0.000000000000000000 ) ) ;
#3245 = LINE ( 'NONE', #1076, #3604 ) ;
#3246 = CARTESIAN_POINT ( 'NONE',  ( 60.02793625377894671, 41.20718193523075712, 7.000000000000000000 ) ) ;
#3247 = EDGE_CURVE ( 'NONE', #1151, #1772, #1719, .T. ) ;
#3248 = EDGE_LOOP ( 'NONE', ( #1317, #4925, #5202, #3611 ) ) ;
#3249 = CARTESIAN_POINT ( 'NONE',  ( 0.000000000000000000, 0.000000000000000000, 0.000000000000000000 ) ) ;
#3250 = CARTESIAN_POINT ( 'NONE',  ( 66.95613948405447502, 37.20718193523074291, 7.000000000000000000 ) ) ;
#3251 = ORIENTED_EDGE ( 'NONE', *, *, #620, .F. ) ;
#3252 = DIRECTION ( 'NONE',  ( 1.000000000000000000, 0.000000000000000000, -0.000000000000000000 ) ) ;
#3253 = ORIENTED_EDGE ( 'NONE', *, *, #3972, .F. ) ;
#3254 = LINE ( 'NONE', #5070, #1662 ) ;
#3255 = ORIENTED_EDGE ( 'NONE', *, *, #1978, .F. ) ;
#3256 = DIRECTION ( 'NONE',  ( 0.7055411418617777430, -0.7086689616036383477, 0.000000000000000000 ) ) ;
#3257 = ORIENTED_EDGE ( 'NONE', *, *, #4256, .F. ) ;
#3258 = CARTESIAN_POINT ( 'NONE',  ( 77.86692151384302463, 8.415085090169998949, 0.000000000000000000 ) ) ;
#3259 = VERTEX_POINT ( 'NONE', #3926 ) ;
#3260 = EDGE_CURVE ( 'NONE', #3845, #3259, #5681, .T. ) ;
#3261 = ORIENTED_EDGE ( 'NONE', *, *, #3194, .F. ) ;
#3262 = DIRECTION ( 'NONE',  ( -0.8660254037844381525, 0.5000000000000006661, 0.000000000000000000 ) ) ;
#3263 = DIRECTION ( 'NONE',  ( 0.8660254037844385966, 0.4999999999999998890, 0.000000000000000000 ) ) ;
#3264 = VERTEX_POINT ( 'NONE', #4744 ) ;
#3265 = FACE_OUTER_BOUND ( 'NONE', #2761, .T. ) ;
#3266 = LINE ( 'NONE', #1183, #1763 ) ;
#3267 = EDGE_LOOP ( 'NONE', ( #4975, #2308, #1659, #3242 ) ) ;
#3268 = DIRECTION ( 'NONE',  ( 0.000000000000000000, 0.000000000000000000, -1.000000000000000000 ) ) ;
#3269 = PLANE ( 'NONE',  #1942 ) ;
#3270 = CARTESIAN_POINT ( 'NONE',  ( 30.54606450874868173, -30.54606450874760171, 4.000000000000000000 ) ) ;
#3271 = CARTESIAN_POINT ( 'NONE',  ( 78.03203064794003296, 52.35311032234201889, 0.000000000000000000 ) ) ;
#3272 = EDGE_CURVE ( 'NONE', #2752, #4530, #3354, .T. ) ;
#3273 = FACE_OUTER_BOUND ( 'NONE', #4718, .T. ) ;
#3274 = FACE_OUTER_BOUND ( 'NONE', #1951, .T. ) ;
#3275 = LINE ( 'NONE', #959, #3325 ) ;
#3276 = DIRECTION ( 'NONE',  ( -0.000000000000000000, -0.000000000000000000, 1.000000000000000000 ) ) ;
#3277 = CARTESIAN_POINT ( 'NONE',  ( 6.992565577373027530, 59.97470916941908570, 10.00099999999999945 ) ) ;
#3278 = DIRECTION ( 'NONE',  ( 0.5773502691896216232, -0.5773502691896207351, 0.5773502691896349459 ) ) ;
#3279 = CARTESIAN_POINT ( 'NONE',  ( 11.30691806564784763, 11.30691806564793467, 0.000000000000000000 ) ) ;
#3280 = VERTEX_POINT ( 'NONE', #1630 ) ;
#3281 = EDGE_CURVE ( 'NONE', #5679, #4324, #5193, .T. ) ;
#3282 = PLANE ( 'NONE',  #2319 ) ;
#3283 = VERTEX_POINT ( 'NONE', #5133 ) ;
#3284 = LINE ( 'NONE', #4639, #5524 ) ;
#3285 = CARTESIAN_POINT ( 'NONE',  ( 24.39487291362403099, 59.35339717067414256, 10.00000000000000000 ) ) ;
#3286 = CARTESIAN_POINT ( 'NONE',  ( 12.01402484683469041, 10.59981128446109366, 4.000000000000000000 ) ) ;
#3287 = VERTEX_POINT ( 'NONE', #1572 ) ;
#3288 = DIRECTION ( 'NONE',  ( -0.000000000000000000, -0.000000000000000000, -1.000000000000000000 ) ) ;
#3289 = ORIENTED_EDGE ( 'NONE', *, *, #5423, .F. ) ;
#3290 = DIRECTION ( 'NONE',  ( -0.8660254037844385966, 0.4999999999999998890, 0.000000000000000000 ) ) ;
#3291 = CARTESIAN_POINT ( 'NONE',  ( 32.14653210253800353, 28.88980021391638431, 0.9599999985689978699 ) ) ;
#3292 = AXIS2_PLACEMENT_3D ( 'NONE', #1968, #1503, #2336 ) ;
#3293 = EDGE_CURVE ( 'NONE', #3490, #1424, #4677, .T. ) ;
#3294 = ORIENTED_EDGE ( 'NONE', *, *, #3621, .T. ) ;
#3295 = DIRECTION ( 'NONE',  ( 0.000000000000000000, -0.000000000000000000, 1.000000000000000000 ) ) ;
#3296 = CARTESIAN_POINT ( 'NONE',  ( 0.3472840214997011121, -0.3473695258972286926, 4.000000000000000000 ) ) ;
#3297 = VECTOR ( 'NONE', #4594, 1000.000000000000000 ) ;
#3298 = EDGE_CURVE ( 'NONE', #801, #4816, #4304, .T. ) ;
#3299 = VECTOR ( 'NONE', #4700, 1000.000000000000000 ) ;
#3300 = DIRECTION ( 'NONE',  ( 1.168223555568299567E-15, 0.7071067811865567876, 0.7071067811865382469 ) ) ;
#3301 = LINE ( 'NONE', #4169, #5074 ) ;
#3302 = CARTESIAN_POINT ( 'NONE',  ( 40.42884860408197056, 23.35317541498461225, 10.00000000000000000 ) ) ;
#3303 = LINE ( 'NONE', #4088, #1377 ) ;
#3304 = DIRECTION ( 'NONE',  ( -0.8660254037844383745, 0.5000000000000003331, 0.000000000000000000 ) ) ;
#3305 = VECTOR ( 'NONE', #1334, 1000.000000000000000 ) ;
#3306 = CARTESIAN_POINT ( 'NONE',  ( 75.02984732797570189, 0.000000000000000000, 4.000000000000000000 ) ) ;
#3307 = DIRECTION ( 'NONE',  ( 0.000000000000000000, 1.000000000000000000, 0.000000000000000000 ) ) ;
#3308 = ORIENTED_EDGE ( 'NONE', *, *, #851, .F. ) ;
#3309 = AXIS2_PLACEMENT_3D ( 'NONE', #5351, #9, #1383 ) ;
#3310 = LINE ( 'NONE', #5066, #2594 ) ;
#3311 = VERTEX_POINT ( 'NONE', #2498 ) ;
#3312 = DIRECTION ( 'NONE',  ( -0.000000000000000000, -0.000000000000000000, -1.000000000000000000 ) ) ;
#3313 = EDGE_CURVE ( 'NONE', #5615, #1050, #2002, .T. ) ;
#3314 = LINE ( 'NONE', #1912, #2394 ) ;
#3315 = VECTOR ( 'NONE', #1603, 1000.000000000000000 ) ;
#3316 = ORIENTED_EDGE ( 'NONE', *, *, #3837, .T. ) ;
#3317 = LINE ( 'NONE', #5537, #2565 ) ;
#3318 = EDGE_LOOP ( 'NONE', ( #4612, #2166, #651, #1337 ) ) ;
#3319 = CARTESIAN_POINT ( 'NONE',  ( 44.16973302350329078, 52.67439564682089781, 7.000000000000000000 ) ) ;
#3320 = VECTOR ( 'NONE', #5029, 1000.000000000000114 ) ;
#3321 = ORIENTED_EDGE ( 'NONE', *, *, #1227, .F. ) ;
#3322 = EDGE_LOOP ( 'NONE', ( #5507, #3680, #3777, #4767 ) ) ;
#3323 = ADVANCED_FACE ( 'NONE', ( #277 ), #3782, .F. ) ;
#3324 = DIRECTION ( 'NONE',  ( -0.000000000000000000, -0.000000000000000000, -1.000000000000000000 ) ) ;
#3325 = VECTOR ( 'NONE', #4140, 999.9999999999998863 ) ;
#3326 = VERTEX_POINT ( 'NONE', #891 ) ;
#3327 = FACE_OUTER_BOUND ( 'NONE', #1120, .T. ) ;
#3328 = LINE ( 'NONE', #3296, #4237 ) ;
#3329 = ORIENTED_EDGE ( 'NONE', *, *, #290, .T. ) ;
#3330 = AXIS2_PLACEMENT_3D ( 'NONE', #5265, #3073, #5288 ) ;
#3331 = DIRECTION ( 'NONE',  ( -0.8660254037844380415, -0.5000000000000012212, 0.000000000000000000 ) ) ;
#3332 = EDGE_CURVE ( 'NONE', #4271, #968, #4199, .T. ) ;
#3333 = LINE ( 'NONE', #2904, #2035 ) ;
#3334 = DIRECTION ( 'NONE',  ( 0.7100637267678131526, 0.7041374183556817767, 0.000000000000000000 ) ) ;
#3335 = VECTOR ( 'NONE', #5247, 1000.000000000000227 ) ;
#3336 = EDGE_CURVE ( 'NONE', #4568, #4534, #3739, .T. ) ;
#3337 = CARTESIAN_POINT ( 'NONE',  ( 42.16793625377896149, 41.20718193523075712, 10.00000000000000000 ) ) ;
#3338 = CARTESIAN_POINT ( 'NONE',  ( 30.54606450874868173, -30.54606450874760171, 4.000000000000000000 ) ) ;
#3339 = LINE ( 'NONE', #2967, #2203 ) ;
#3340 = EDGE_CURVE ( 'NONE', #4797, #2893, #1532, .T. ) ;
#3341 = DIRECTION ( 'NONE',  ( 0.5773502691896191807, -0.5773502691896224004, 0.5773502691896357231 ) ) ;
#3342 = CARTESIAN_POINT ( 'NONE',  ( 32.14653210253800353, 28.88980021391638431, 0.9599999985689978699 ) ) ;
#3343 = ORIENTED_EDGE ( 'NONE', *, *, #1336, .T. ) ;
#3344 = EDGE_CURVE ( 'NONE', #5679, #3280, #1969, .T. ) ;
#3345 = CARTESIAN_POINT ( 'NONE',  ( 13.37613948405448738, 37.20718193523074291, 10.00000000000000000 ) ) ;
#3346 = ORIENTED_EDGE ( 'NONE', *, *, #2530, .F. ) ;
#3347 = DIRECTION ( 'NONE',  ( 1.000000000000000000, -0.000000000000000000, 0.000000000000000000 ) ) ;
#3348 = LINE ( 'NONE', #4270, #1382 ) ;
#3349 = CARTESIAN_POINT ( 'NONE',  ( 54.61415088855444111, 53.90613964737286068, 6.000000000000000000 ) ) ;
#3350 = VERTEX_POINT ( 'NONE', #670 ) ;
#3351 = EDGE_CURVE ( 'NONE', #4955, #4665, #1052, .T. ) ;
#3352 = VERTEX_POINT ( 'NONE', #2797 ) ;
#3353 = ORIENTED_EDGE ( 'NONE', *, *, #3910, .F. ) ;
#3354 = LINE ( 'NONE', #5570, #3208 ) ;
#3355 = LINE ( 'NONE', #1030, #4238 ) ;
#3356 = EDGE_LOOP ( 'NONE', ( #1888, #3846, #4743, #5043 ) ) ;
#3357 = DIRECTION ( 'NONE',  ( 0.7080603743397965166, 0.7061519002946796686, -0.000000000000000000 ) ) ;
#3358 = PLANE ( 'NONE',  #3236 ) ;
#3359 = CARTESIAN_POINT ( 'NONE',  ( 8.888803657608024267, 56.44252476504900073, 10.00099999999999945 ) ) ;
#3360 = EDGE_LOOP ( 'NONE', ( #677, #1110, #483, #2825 ) ) ;
#3361 = DIRECTION ( 'NONE',  ( 0.000000000000000000, 0.000000000000000000, -1.000000000000000000 ) ) ;
#3362 = DIRECTION ( 'NONE',  ( 0.5773502691896257311, -0.5773502691896257311, -0.5773502691896257311 ) ) ;
#3363 = DIRECTION ( 'NONE',  ( -0.8660254037844383745, 0.5000000000000003331, 0.000000000000000000 ) ) ;
#3364 = EDGE_CURVE ( 'NONE', #4954, #3918, #4554, .T. ) ;
#3365 = LINE ( 'NONE', #757, #1780 ) ;
#3366 = LINE ( 'NONE', #346, #2775 ) ;
#3367 = DIRECTION ( 'NONE',  ( -0.7071067811865462405, 0.7071067811865489050, 0.000000000000000000 ) ) ;
#3368 = CARTESIAN_POINT ( 'NONE',  ( 0.000000000000000000, 0.000000000000000000, 0.000000000000000000 ) ) ;
#3369 = EDGE_CURVE ( 'NONE', #4277, #1359, #4320, .T. ) ;
#3370 = CARTESIAN_POINT ( 'NONE',  ( 30.61060500309818977, 30.68592075184099599, 3.399999999999983036 ) ) ;
#3371 = CARTESIAN_POINT ( 'NONE',  ( 17.37973302350344440, 37.20718193523073580, 10.00000000000000000 ) ) ;
#3372 = ORIENTED_EDGE ( 'NONE', *, *, #4446, .T. ) ;
#3373 = LINE ( 'NONE', #301, #4777 ) ;
#3374 = LINE ( 'NONE', #2888, #3139 ) ;
#3375 = FACE_OUTER_BOUND ( 'NONE', #412, .T. ) ;
#3376 = APPLICATION_CONTEXT ( 'automotive_design' ) ;
#3377 = ORIENTED_EDGE ( 'NONE', *, *, #890, .F. ) ;
#3378 = CARTESIAN_POINT ( 'NONE',  ( 41.42884860408194214, 24.35317541498458738, -10.67514906227531313 ) ) ;
#3379 = VERTEX_POINT ( 'NONE', #2158 ) ;
#3380 = CARTESIAN_POINT ( 'NONE',  ( 40.42884860408197056, 23.35317541498461225, 10.00099999999999945 ) ) ;
#3381 = ORIENTED_EDGE ( 'NONE', *, *, #4898, .T. ) ;
#3382 = ORIENTED_EDGE ( 'NONE', *, *, #4997, .T. ) ;
#3383 = EDGE_CURVE ( 'NONE', #5110, #2380, #2053, .T. ) ;
#3384 = DIRECTION ( 'NONE',  ( -0.7092226908915888473, -0.7049845209112707289, 0.000000000000000000 ) ) ;
#3385 = EDGE_LOOP ( 'NONE', ( #2606, #4542, #2312, #806, #3422, #949 ) ) ;
#3386 = LINE ( 'NONE', #2414, #4674 ) ;
#3387 = ORIENTED_EDGE ( 'NONE', *, *, #1063, .F. ) ;
#3388 = DIRECTION ( 'NONE',  ( -1.000000000000000000, 0.000000000000000000, 0.000000000000000000 ) ) ;
#3389 = EDGE_CURVE ( 'NONE', #5033, #791, #767, .T. ) ;
#3390 = AXIS2_PLACEMENT_3D ( 'NONE', #500, #1312, #3050 ) ;
#3391 = EDGE_CURVE ( 'NONE', #4625, #4568, #818, .T. ) ;
#3392 = CARTESIAN_POINT ( 'NONE',  ( 24.30793625377895850, 41.20718193523075712, 10.00000000000000000 ) ) ;
#3393 = CARTESIAN_POINT ( 'NONE',  ( 59.74084972657723824, 30.61190122397092495, 1.109997883926998163 ) ) ;
#3394 = AXIS2_PLACEMENT_3D ( 'NONE', #1703, #2538, #761 ) ;
#3395 = LINE ( 'NONE', #1987, #485 ) ;
#3396 = CARTESIAN_POINT ( 'NONE',  ( 24.39487291362407007, 1.387778780781445676E-14, 4.000000000000000000 ) ) ;
#3397 = DIRECTION ( 'NONE',  ( -1.734723475976805517E-15, -1.000000000000000000, 0.000000000000000000 ) ) ;
#3398 = CARTESIAN_POINT ( 'NONE',  ( 64.59584866854075358, 23.61190122397092495, 2.254998941963440640 ) ) ;
#3399 = EDGE_CURVE ( 'NONE', #4101, #5424, #2566, .T. ) ;
#3400 = AXIS2_PLACEMENT_3D ( 'NONE', #808, #3388, #5548 ) ;
#3401 = FACE_OUTER_BOUND ( 'NONE', #3815, .T. ) ;
#3402 = PLANE ( 'NONE',  #3227 ) ;
#3403 = ORIENTED_EDGE ( 'NONE', *, *, #4822, .T. ) ;
#3404 = LINE ( 'NONE', #2975, #3789 ) ;
#3405 = AXIS2_PLACEMENT_3D ( 'NONE', #830, #5655, #5677 ) ;
#3406 = DIRECTION ( 'NONE',  ( 5.782411586589351722E-16, -1.000000000000000000, 0.000000000000000000 ) ) ;
#3407 = DIRECTION ( 'NONE',  ( -1.000000000000000000, 0.000000000000000000, 0.000000000000000000 ) ) ;
#3408 = VERTEX_POINT ( 'NONE', #2517 ) ;
#3409 = AXIS2_PLACEMENT_3D ( 'NONE', #3864, #5621, #522 ) ;
#3410 = DIRECTION ( 'NONE',  ( -0.000000000000000000, 0.000000000000000000, -1.000000000000000000 ) ) ;
#3411 = ORIENTED_EDGE ( 'NONE', *, *, #2344, .T. ) ;
#3412 = DIRECTION ( 'NONE',  ( -1.734723475976805517E-15, -1.000000000000000000, 0.000000000000000000 ) ) ;
#3413 = VERTEX_POINT ( 'NONE', #5185 ) ;
#3414 = VECTOR ( 'NONE', #3406, 1000.000000000000000 ) ;
#3415 = CIRCLE ( 'NONE', #5617, 1.699999999999993072 ) ;
#3416 = EDGE_LOOP ( 'NONE', ( #2224, #3062, #3609, #2116 ) ) ;
#3417 = LINE ( 'NONE', #3446, #5420 ) ;
#3418 = DIRECTION ( 'NONE',  ( 0.8660254037844385966, 0.4999999999999998890, 0.000000000000000000 ) ) ;
#3419 = ORIENTED_EDGE ( 'NONE', *, *, #1804, .F. ) ;
#3420 = AXIS2_PLACEMENT_3D ( 'NONE', #5487, #3300, #115 ) ;
#3421 = ADVANCED_FACE ( 'NONE', ( #4233 ), #3484, .F. ) ;
#3422 = ORIENTED_EDGE ( 'NONE', *, *, #3332, .F. ) ;
#3423 = DIRECTION ( 'NONE',  ( 0.7071067811865556774, 0.000000000000000000, 0.7071067811865393571 ) ) ;
#3424 = AXIS2_PLACEMENT_3D ( 'NONE', #3223, #4067, #2737 ) ;
#3425 = CARTESIAN_POINT ( 'NONE',  ( 77.88793625377894614, 41.20718193523075712, 7.000000000000000000 ) ) ;
#3426 = CARTESIAN_POINT ( 'NONE',  ( 76.16692151384303600, 56.44252476504900073, 10.00099999999999945 ) ) ;
#3427 = VECTOR ( 'NONE', #720, 1000.000000000000000 ) ;
#3428 = LINE ( 'NONE', #2176, #3889 ) ;
#3429 = EDGE_CURVE ( 'NONE', #3547, #4797, #4267, .T. ) ;
#3430 = ORIENTED_EDGE ( 'NONE', *, *, #4780, .T. ) ;
#3431 = DIRECTION ( 'NONE',  ( -1.000000000000000000, 0.000000000000000000, 0.000000000000000000 ) ) ;
#3432 = LINE ( 'NONE', #3398, #5683 ) ;
#3433 = VECTOR ( 'NONE', #1188, 1000.000000000000000 ) ;
#3434 = CARTESIAN_POINT ( 'NONE',  ( 58.02613948405432609, 52.67439564682089781, 7.000000000000000000 ) ) ;
#3435 = LINE ( 'NONE', #695, #2671 ) ;
#3436 = ORIENTED_EDGE ( 'NONE', *, *, #185, .F. ) ;
#3437 = EDGE_CURVE ( 'NONE', #3105, #5174, #3804, .T. ) ;
#3438 = DIRECTION ( 'NONE',  ( -0.000000000000000000, -0.000000000000000000, 1.000000000000000000 ) ) ;
#3439 = FACE_OUTER_BOUND ( 'NONE', #4824, .T. ) ;
#3440 = ORIENTED_EDGE ( 'NONE', *, *, #4328, .F. ) ;
#3441 = LINE ( 'NONE', #1261, #3753 ) ;
#3442 = ORIENTED_EDGE ( 'NONE', *, *, #1244, .T. ) ;
#3443 = LINE ( 'NONE', #2523, #4886 ) ;
#3444 = ORIENTED_EDGE ( 'NONE', *, *, #513, .T. ) ;
#3445 = ORIENTED_EDGE ( 'NONE', *, *, #3272, .T. ) ;
#3446 = CARTESIAN_POINT ( 'NONE',  ( 84.81613948405446024, 37.20718193523074291, 10.00000000000000000 ) ) ;
#3447 = ORIENTED_EDGE ( 'NONE', *, *, #5239, .F. ) ;
#3448 = DIRECTION ( 'NONE',  ( 0.7071067811865492381, 0.7071067811865457964, -0.000000000000000000 ) ) ;
#3449 = ORIENTED_EDGE ( 'NONE', *, *, #3562, .F. ) ;
#3450 = ADVANCED_FACE ( 'NONE', ( #2973 ), #1195, .F. ) ;
#3451 = EDGE_CURVE ( 'NONE', #553, #3547, #3373, .T. ) ;
#3452 = ORIENTED_EDGE ( 'NONE', *, *, #5607, .F. ) ;
#3453 = DIRECTION ( 'NONE',  ( -0.000000000000000000, -0.000000000000000000, 1.000000000000000000 ) ) ;
#3454 = CYLINDRICAL_SURFACE ( 'NONE', #3017, 1.699999999999979305 ) ;
#3455 = EDGE_CURVE ( 'NONE', #179, #3524, #5586, .T. ) ;
#3456 = LINE ( 'NONE', #4753, #2518 ) ;
#3457 = ORIENTED_EDGE ( 'NONE', *, *, #5662, .T. ) ;
#3458 = LINE ( 'NONE', #5092, #2576 ) ;
#3459 = CARTESIAN_POINT ( 'NONE',  ( 40.70065559444936554, 40.69063719969623349, 4.000000000000000000 ) ) ;
#3460 = LINE ( 'NONE', #3434, #84 ) ;
#3461 = FACE_OUTER_BOUND ( 'NONE', #3360, .T. ) ;
#3462 = DIRECTION ( 'NONE',  ( -0.7071067811865455743, 0.7071067811865493491, 0.000000000000000000 ) ) ;
#3463 = CARTESIAN_POINT ( 'NONE',  ( 79.97474980950003953, 10.50829548434902350, 10.00099999999999945 ) ) ;
#3464 = DIRECTION ( 'NONE',  ( -1.000000000000000000, 1.652117596168386770E-15, 0.000000000000000000 ) ) ;
#3465 = EDGE_CURVE ( 'NONE', #3637, #2748, #5560, .T. ) ;
#3466 = ORIENTED_EDGE ( 'NONE', *, *, #104, .T. ) ;
#3467 = LINE ( 'NONE', #2219, #4396 ) ;
#3468 = ORIENTED_EDGE ( 'NONE', *, *, #5195, .F. ) ;
#3469 = CARTESIAN_POINT ( 'NONE',  ( 17.46155956311902457, 19.96343870725181802, 10.00099999999999945 ) ) ;
#3470 = VERTEX_POINT ( 'NONE', #5121 ) ;
#3471 = ORIENTED_EDGE ( 'NONE', *, *, #1139, .T. ) ;
#3472 = CARTESIAN_POINT ( 'NONE',  ( 70.95973302350341783, 37.20718193523073580, 7.000000000000000000 ) ) ;
#3473 = LINE ( 'NONE', #1610, #365 ) ;
#3474 = ORIENTED_EDGE ( 'NONE', *, *, #2996, .T. ) ;
#3475 = ORIENTED_EDGE ( 'NONE', *, *, #3748, .T. ) ;
#3476 = DIRECTION ( 'NONE',  ( -0.7071067811865556774, 0.000000000000000000, -0.7071067811865393571 ) ) ;
#3477 = LINE ( 'NONE', #3906, #2054 ) ;
#3478 = ORIENTED_EDGE ( 'NONE', *, *, #4065, .T. ) ;
#3479 = CARTESIAN_POINT ( 'NONE',  ( 12.07195935263212583, 55.33397611666537586, 4.000000000000000000 ) ) ;
#3480 = CARTESIAN_POINT ( 'NONE',  ( 65.74084972657725245, 30.61190122397092495, 3.399999999999968825 ) ) ;
#3481 = DIRECTION ( 'NONE',  ( 0.7071067811865474617, 0.7071067811865474617, -0.000000000000000000 ) ) ;
#3482 = MANIFOLD_SOLID_BREP ( '\X2\52079664\X0\-\X2\62c94f38\X0\16', #2762 ) ;
#3483 = AXIS2_PLACEMENT_3D ( 'NONE', #162, #1370, #484 ) ;
#3484 = PLANE ( 'NONE',  #1202 ) ;
#3485 = DIRECTION ( 'NONE',  ( 0.000000000000000000, 0.000000000000000000, 1.000000000000000000 ) ) ;
#3486 = AXIS2_PLACEMENT_3D ( 'NONE', #689, #4656, #2472 ) ;
#3487 = CARTESIAN_POINT ( 'NONE',  ( 30.61060500309818622, 24.68592075184099954, 1.109999999999998099 ) ) ;
#3488 = ORIENTED_EDGE ( 'NONE', *, *, #2081, .T. ) ;
#3489 = CARTESIAN_POINT ( 'NONE',  ( 24.39487291362402033, 53.90641816659306329, 4.000000000000000000 ) ) ;
#3490 = VERTEX_POINT ( 'NONE', #2213 ) ;
#3491 = VECTOR ( 'NONE', #3561, 1000.000000000000000 ) ;
#3492 = DIRECTION ( 'NONE',  ( 0.000000000000000000, 1.000000000000000000, 0.000000000000000000 ) ) ;
#3493 = EDGE_CURVE ( 'NONE', #1238, #2836, #4733, .T. ) ;
#3494 = EDGE_LOOP ( 'NONE', ( #3197, #1269, #4927, #4006 ) ) ;
#3495 = VERTEX_POINT ( 'NONE', #3937 ) ;
#3496 = DIRECTION ( 'NONE',  ( 0.8660254037844383745, 0.5000000000000003331, 0.000000000000000000 ) ) ;
#3497 = VECTOR ( 'NONE', #1989, 1000.000000000000227 ) ;
#3498 = EDGE_LOOP ( 'NONE', ( #5042, #3808, #479, #4618 ) ) ;
#3499 = VECTOR ( 'NONE', #5291, 1000.000000000000000 ) ;
#3500 = ADVANCED_FACE ( 'NONE', ( #4433 ), #2242, .F. ) ;
#3501 = ORIENTED_EDGE ( 'NONE', *, *, #4914, .T. ) ;
#3502 = DIRECTION ( 'NONE',  ( 0.8660254037844382635, -0.5000000000000005551, 0.000000000000000000 ) ) ;
#3503 = AXIS2_PLACEMENT_3D ( 'NONE', #2545, #4812, #3464 ) ;
#3504 = VECTOR ( 'NONE', #3, 1000.000000000000000 ) ;
#3505 = UNCERTAINTY_MEASURE_WITH_UNIT (LENGTH_MEASURE( 1.000000000000000082E-05 ), #3911, 'distance_accuracy_value', 'NONE');
#3506 = DIRECTION ( 'NONE',  ( -0.8660254037844387076, 0.4999999999999999445, 0.000000000000000000 ) ) ;
#3507 = ADVANCED_FACE ( 'NONE', ( #3072 ), #2705, .F. ) ;
#3508 = VERTEX_POINT ( 'NONE', #876 ) ;
#3509 = AXIS2_PLACEMENT_3D ( 'NONE', #3071, #3967, #2637 ) ;
#3510 = DIRECTION ( 'NONE',  ( 1.000000000000000000, 0.000000000000000000, 0.000000000000000000 ) ) ;
#3511 = FACE_OUTER_BOUND ( 'NONE', #5268, .T. ) ;
#3512 = DIRECTION ( 'NONE',  ( -1.000000000000000000, 0.000000000000000000, 0.000000000000000000 ) ) ;
#3513 = VECTOR ( 'NONE', #321, 1000.000000000000000 ) ;
#3514 = EDGE_CURVE ( 'NONE', #1779, #3093, #86, .T. ) ;
#3515 = DIRECTION ( 'NONE',  ( 0.8660254037844383745, 0.5000000000000003331, 0.000000000000000000 ) ) ;
#3516 = EDGE_CURVE ( 'NONE', #3547, #133, #2182, .T. ) ;
#3517 = AXIS2_PLACEMENT_3D ( 'NONE', #3192, #176, #5404 ) ;
#3518 = LINE ( 'NONE', #1308, #3499 ) ;
#3519 = VERTEX_POINT ( 'NONE', #3971 ) ;
#3520 = CARTESIAN_POINT ( 'NONE',  ( 41.42884860408194214, 26.75317541498458951, 4.000000000000000000 ) ) ;
#3521 = VECTOR ( 'NONE', #4073, 999.9999999999998863 ) ;
#3522 = FACE_OUTER_BOUND ( 'NONE', #2522, .T. ) ;
#3523 = ORIENTED_EDGE ( 'NONE', *, *, #2811, .F. ) ;
#3524 = VERTEX_POINT ( 'NONE', #520 ) ;
#3525 = CARTESIAN_POINT ( 'NONE',  ( 30.61060500309818977, 30.68592075184099599, 3.399999999999983036 ) ) ;
#3526 = EDGE_LOOP ( 'NONE', ( #5304, #3231, #515, #3289 ) ) ;
#3527 = EDGE_CURVE ( 'NONE', #1714, #2170, #1381, .T. ) ;
#3528 = DIRECTION ( 'NONE',  ( 0.8660254037844385966, 0.4999999999999998890, 0.000000000000000000 ) ) ;
#3529 = CARTESIAN_POINT ( 'NONE',  ( 33.23793625377881256, 40.67439564682086939, 7.000000000000000000 ) ) ;
#3530 = VERTEX_POINT ( 'NONE', #902 ) ;
#3531 = ORIENTED_EDGE ( 'NONE', *, *, #3082, .F. ) ;
#3532 = ADVANCED_FACE ( 'NONE', ( #6 ), #3130, .T. ) ;
#3533 = VERTEX_POINT ( 'NONE', #2270 ) ;
#3534 = PLANE ( 'NONE',  #4212 ) ;
#3535 = DIRECTION ( 'NONE',  ( 0.0001978291858416224519, 0.9999999804318063790, 0.000000000000000000 ) ) ;
#3536 = ORIENTED_EDGE ( 'NONE', *, *, #2666, .T. ) ;
#3537 = CARTESIAN_POINT ( 'NONE',  ( 17.46155956311902457, 19.96343870725181802, 4.000000000000000000 ) ) ;
#3538 = DIRECTION ( 'NONE',  ( 0.000000000000000000, 0.7071067811865556774, -0.7071067811865393571 ) ) ;
#3539 = EDGE_CURVE ( 'NONE', #3548, #5302, #495, .T. ) ;
#3540 = DIRECTION ( 'NONE',  ( -1.734723475976805517E-15, -1.000000000000000000, 0.000000000000000000 ) ) ;
#3541 = CARTESIAN_POINT ( 'NONE',  ( 59.74084972657723824, 23.61190122397092495, 1.109997883926998163 ) ) ;
#3542 = LINE ( 'NONE', #4378, #1847 ) ;
#3543 = ADVANCED_FACE ( 'NONE', ( #1354 ), #2638, .F. ) ;
#3544 = ORIENTED_EDGE ( 'NONE', *, *, #5534, .F. ) ;
#3545 = DIRECTION ( 'NONE',  ( 1.000000000000000000, 0.000000000000000000, 0.000000000000000000 ) ) ;
#3546 = DIRECTION ( 'NONE',  ( 0.000000000000000000, -0.7071067811865556774, 0.7071067811865393571 ) ) ;
#3547 = VERTEX_POINT ( 'NONE', #4023 ) ;
#3548 = VERTEX_POINT ( 'NONE', #1815 ) ;
#3549 = CARTESIAN_POINT ( 'NONE',  ( 74.41423944072103325, 5.000000000000023093, 10.00099999999999945 ) ) ;
#3550 = EDGE_CURVE ( 'NONE', #2148, #1363, #2732, .T. ) ;
#3551 = EDGE_LOOP ( 'NONE', ( #1823, #2120, #4469, #5541, #1891, #5603 ) ) ;
#3552 = ORIENTED_EDGE ( 'NONE', *, *, #3465, .F. ) ;
#3553 = EDGE_LOOP ( 'NONE', ( #946, #656, #4453, #2140 ) ) ;
#3554 = EDGE_CURVE ( 'NONE', #129, #3470, #3045, .T. ) ;
#3555 = DIRECTION ( 'NONE',  ( -0.000000000000000000, 0.000000000000000000, 1.000000000000000000 ) ) ;
#3556 = VERTEX_POINT ( 'NONE', #3598 ) ;
#3557 = CARTESIAN_POINT ( 'NONE',  ( 73.15243468099103552, 20.03231731485909961, 10.00000000000000000 ) ) ;
#3558 = LINE ( 'NONE', #1807, #3952 ) ;
#3559 = VERTEX_POINT ( 'NONE', #118 ) ;
#3560 = EDGE_CURVE ( 'NONE', #5544, #5244, #1411, .T. ) ;
#3561 = DIRECTION ( 'NONE',  ( -0.000000000000000000, -0.000000000000000000, -1.000000000000000000 ) ) ;
#3562 = EDGE_CURVE ( 'NONE', #5593, #3898, #5264, .T. ) ;
#3563 = DIRECTION ( 'NONE',  ( -1.000000000000000000, 0.000000000000000000, 0.000000000000000000 ) ) ;
#3564 = DIRECTION ( 'NONE',  ( -0.000000000000000000, -0.000000000000000000, 1.000000000000000000 ) ) ;
#3566 = EDGE_CURVE ( 'NONE', #2351, #504, #461, .T. ) ;
#3565 =( NAMED_UNIT ( * ) PLANE_ANGLE_UNIT ( ) SI_UNIT ( $, .RADIAN. ) );
#3567 = CARTESIAN_POINT ( 'NONE',  ( 6.447936253778966176, 41.20718193523075712, 7.000000000000000000 ) ) ;
#3568 = VECTOR ( 'NONE', #1530, 1000.000000000000000 ) ;
#3569 = ORIENTED_EDGE ( 'NONE', *, *, #4930, .F. ) ;
#3570 = CARTESIAN_POINT ( 'NONE',  ( 64.56983569344401985, 40.61884720954800088, 3.399999999999996803 ) ) ;
#3571 = CARTESIAN_POINT ( 'NONE',  ( 31.23613948405447971, 37.20718193523074291, 7.000000000000000000 ) ) ;
#3572 = CARTESIAN_POINT ( 'NONE',  ( 51.09793625377880488, 40.67439564682086939, 7.000000000000000000 ) ) ;
#3573 = VECTOR ( 'NONE', #3362, 999.9999999999998863 ) ;
#3574 = ORIENTED_EDGE ( 'NONE', *, *, #480, .T. ) ;
#3575 = ORIENTED_EDGE ( 'NONE', *, *, #884, .T. ) ;
#3576 = CARTESIAN_POINT ( 'NONE',  ( 8.449733023503304352, 52.67439564682089781, 7.000000000000000000 ) ) ;
#3577 = VERTEX_POINT ( 'NONE', #3097 ) ;
#3578 = VECTOR ( 'NONE', #5496, 1000.000000000000000 ) ;
#3579 = CARTESIAN_POINT ( 'NONE',  ( 10.27348423527721799, 45.25038475940630889, 4.000000000000000000 ) ) ;
#3580 = VERTEX_POINT ( 'NONE', #4859 ) ;
#3581 = EDGE_CURVE ( 'NONE', #2529, #4816, #928, .T. ) ;
#3582 = EDGE_CURVE ( 'NONE', #71, #4625, #5000, .T. ) ;
#3583 = ORIENTED_EDGE ( 'NONE', *, *, #3293, .F. ) ;
#3584 = VECTOR ( 'NONE', #2937, 1000.000000000000000 ) ;
#3585 = CARTESIAN_POINT ( 'NONE',  ( 0.000000000000000000, 0.000000000000000000, 6.000000000000000000 ) ) ;
#3586 = ORIENTED_EDGE ( 'NONE', *, *, #4856, .F. ) ;
#3588 = LINE ( 'NONE', #512, #2745 ) ;
#3587 = VECTOR ( 'NONE', #4926, 1000.000000000000227 ) ;
#3589 = FACE_OUTER_BOUND ( 'NONE', #2739, .T. ) ;
#3590 = ORIENTED_EDGE ( 'NONE', *, *, #3030, .T. ) ;
#3591 = CARTESIAN_POINT ( 'NONE',  ( 0.000000000000000000, 0.000000000000000000, 1.699885383662997906 ) ) ;
#3592 = AXIS2_PLACEMENT_3D ( 'NONE', #921, #1004, #486 ) ;
#3593 = AXIS2_PLACEMENT_3D ( 'NONE', #2700, #5312, #4455 ) ;
#3594 = DIRECTION ( 'NONE',  ( 1.000000000000000000, 0.000000000000000000, 0.000000000000000000 ) ) ;
#3595 = DIRECTION ( 'NONE',  ( 0.000000000000000000, 0.000000000000000000, -1.000000000000000000 ) ) ;
#3596 = AXIS2_PLACEMENT_3D ( 'NONE', #810, #4223, #3761 ) ;
#3597 = CARTESIAN_POINT ( 'NONE',  ( 79.97474980949952794, 57.98214359204602175, 10.00099999999999945 ) ) ;
#3598 = CARTESIAN_POINT ( 'NONE',  ( 44.16973302350327657, 44.67439564682089070, 7.000000000000000000 ) ) ;
#3599 = VECTOR ( 'NONE', #3140, 999.9999999999998863 ) ;
#3600 = CARTESIAN_POINT ( 'NONE',  ( 12.01402484683469041, 10.59981128446109366, 4.000000000000000000 ) ) ;
#3601 = EDGE_LOOP ( 'NONE', ( #4494, #549, #5451, #3951 ) ) ;
#3602 = EDGE_CURVE ( 'NONE', #1424, #878, #4549, .T. ) ;
#3603 = PLANE ( 'NONE',  #397 ) ;
#3604 = VECTOR ( 'NONE', #4547, 1000.000000000000000 ) ;
#3605 = CARTESIAN_POINT ( 'NONE',  ( 24.39487291362403099, 59.35339717067414256, 6.000000000000000000 ) ) ;
#3606 = ORIENTED_EDGE ( 'NONE', *, *, #756, .F. ) ;
#3607 = VERTEX_POINT ( 'NONE', #4939 ) ;
#3608 = CARTESIAN_POINT ( 'NONE',  ( 74.46692151384306158, 56.44252476504900073, 0.000000000000000000 ) ) ;
#3609 = ORIENTED_EDGE ( 'NONE', *, *, #4662, .F. ) ;
#3610 = VECTOR ( 'NONE', #4842, 1000.000000000000000 ) ;
#3611 = ORIENTED_EDGE ( 'NONE', *, *, #1097, .F. ) ;
#3612 = ORIENTED_EDGE ( 'NONE', *, *, #3812, .T. ) ;
#3613 = ORIENTED_EDGE ( 'NONE', *, *, #3429, .F. ) ;
#3614 = CARTESIAN_POINT ( 'NONE',  ( 64.56983569344401985, 40.61884720954800088, 3.399999999999996803 ) ) ;
#3615 = PLANE ( 'NONE',  #5616 ) ;
#3616 = ORIENTED_EDGE ( 'NONE', *, *, #2293, .F. ) ;
#3617 = PLANE ( 'NONE',  #4125 ) ;
#3618 = EDGE_CURVE ( 'NONE', #222, #3111, #2358, .T. ) ;
#3619 = CARTESIAN_POINT ( 'NONE',  ( 31.23613948405447971, 29.20718193523072514, 7.000000000000000000 ) ) ;
#3620 = CARTESIAN_POINT ( 'NONE',  ( 40.16613948405434087, 44.67439564682088360, 10.00000000000000000 ) ) ;
#3621 = EDGE_CURVE ( 'NONE', #1772, #1345, #577, .T. ) ;
#3622 = DIRECTION ( 'NONE',  ( 0.000000000000000000, -1.000000000000000000, 0.000000000000000000 ) ) ;
#3623 = FACE_OUTER_BOUND ( 'NONE', #3205, .T. ) ;
#3624 = DIRECTION ( 'NONE',  ( -0.7041374183556817767, 0.7100637267678131526, 0.000000000000000000 ) ) ;
#3625 = ORIENTED_EDGE ( 'NONE', *, *, #15, .T. ) ;
#3626 = DIRECTION ( 'NONE',  ( 0.000000000000000000, 1.000000000000000000, 0.000000000000000000 ) ) ;
#3627 = CARTESIAN_POINT ( 'NONE',  ( 6.992565577373026642, 59.97470916941908570, 10.00000000000000000 ) ) ;
#3628 = PRODUCT_DEFINITION_SHAPE ( 'NONE', 'NONE',  #2154 ) ;
#3629 = FACE_OUTER_BOUND ( 'NONE', #3751, .T. ) ;
#3630 = ORIENTED_EDGE ( 'NONE', *, *, #3812, .F. ) ;
#3631 = EDGE_CURVE ( 'NONE', #5566, #1766, #1464, .T. ) ;
#3632 = EDGE_LOOP ( 'NONE', ( #3253, #2829, #3931, #2172 ) ) ;
#3633 = LINE ( 'NONE', #3285, #4960 ) ;
#3634 = ORIENTED_EDGE ( 'NONE', *, *, #4636, .F. ) ;
#3635 = PLANE ( 'NONE',  #4439 ) ;
#3636 = VERTEX_POINT ( 'NONE', #1106 ) ;
#3637 = VERTEX_POINT ( 'NONE', #5373 ) ;
#3638 = CARTESIAN_POINT ( 'NONE',  ( 35.31659869789939421, 23.25986680927776362, -8.229933404638899219 ) ) ;
#3639 = ORIENTED_EDGE ( 'NONE', *, *, #1520, .T. ) ;
#3640 = DIRECTION ( 'NONE',  ( -0.000000000000000000, -0.000000000000000000, -1.000000000000000000 ) ) ;
#3641 = FACE_OUTER_BOUND ( 'NONE', #4683, .T. ) ;
#3642 = EDGE_LOOP ( 'NONE', ( #4583, #3982, #1419, #569 ) ) ;
#3643 = CARTESIAN_POINT ( 'NONE',  ( 49.09613948405447559, 29.20718193523072514, 7.000000000000000000 ) ) ;
#3644 = PLANE ( 'NONE',  #2592 ) ;
#3645 = CARTESIAN_POINT ( 'NONE',  ( 41.42884860408194214, 23.35317541498460159, 4.000000000000000000 ) ) ;
#3646 = LINE ( 'NONE', #4112, #4321 ) ;
#3647 = ADVANCED_FACE ( 'NONE', ( #3623 ), #4171, .F. ) ;
#3648 = DIRECTION ( 'NONE',  ( 0.000000000000000000, 1.000000000000000000, 0.000000000000000000 ) ) ;
#3649 = EDGE_LOOP ( 'NONE', ( #2948, #3478, #4033, #2579 ) ) ;
#3650 = CARTESIAN_POINT ( 'NONE',  ( 55.24511320246803336, 59.97470916941927044, 10.00099999999999945 ) ) ;
#3651 = DIRECTION ( 'NONE',  ( -0.5000000000000014433, -0.8660254037844379305, 0.000000000000000000 ) ) ;
#3652 = CARTESIAN_POINT ( 'NONE',  ( 16.26968486712803141, 5.000000000000023093, 0.000000000000000000 ) ) ;
#3653 = DIRECTION ( 'NONE',  ( -0.7071067811865472397, -0.7071067811865479058, 0.000000000000000000 ) ) ;
#3654 = ORIENTED_EDGE ( 'NONE', *, *, #1698, .F. ) ;
#3655 = ORIENTED_EDGE ( 'NONE', *, *, #1038, .T. ) ;
#3656 = VECTOR ( 'NONE', #3776, 1000.000000000000000 ) ;
#3657 = DIRECTION ( 'NONE',  ( 1.982541115402065702E-15, 1.000000000000000000, 0.000000000000000000 ) ) ;
#3658 = CARTESIAN_POINT ( 'NONE',  ( 38.03180065388671238, 42.29286487643514647, 1.999999999999971356 ) ) ;
#3659 = ORIENTED_EDGE ( 'NONE', *, *, #4596, .T. ) ;
#3660 = EDGE_CURVE ( 'NONE', #5558, #71, #1554, .T. ) ;
#3661 = VECTOR ( 'NONE', #1162, 1000.000000000000000 ) ;
#3662 = PLANE ( 'NONE',  #1496 ) ;
#3663 = ORIENTED_EDGE ( 'NONE', *, *, #4256, .T. ) ;
#3664 = LINE ( 'NONE', #188, #1760 ) ;
#3665 = AXIS2_PLACEMENT_3D ( 'NONE', #1781, #3476, #917 ) ;
#3666 = VERTEX_POINT ( 'NONE', #633 ) ;
#3667 = DIRECTION ( 'NONE',  ( -0.5000000000000009992, 0.8660254037844381525, 0.000000000000000000 ) ) ;
#3668 = LINE ( 'NONE', #5308, #4697 ) ;
#3669 = VECTOR ( 'NONE', #545, 1000.000000000000227 ) ;
#3670 = ORIENTED_EDGE ( 'NONE', *, *, #888, .F. ) ;
#3671 = CARTESIAN_POINT ( 'NONE',  ( -14.23144644677175386, 14.23144644677176629, 4.000000000000000000 ) ) ;
#3672 = VECTOR ( 'NONE', #4262, 1000.000000000000000 ) ;
#3673 = CARTESIAN_POINT ( 'NONE',  ( 71.31952070086403239, 59.97470916941927044, 4.000000000000000000 ) ) ;
#3674 = CARTESIAN_POINT ( 'NONE',  ( 73.34807733323548007, 45.95871309031685570, 5.000000000000000000 ) ) ;
#3675 = CARTESIAN_POINT ( 'NONE',  ( 41.42884860408194214, 27.75317541498460372, 7.000000000000000888 ) ) ;
#3676 = DIRECTION ( 'NONE',  ( 0.7071067811865494601, 0.7071067811865456854, -0.000000000000000000 ) ) ;
#3677 = VECTOR ( 'NONE', #1307, 1000.000000000000000 ) ;
#3678 = VECTOR ( 'NONE', #418, 1000.000000000000000 ) ;
#3679 = CARTESIAN_POINT ( 'NONE',  ( 31.23613948405447971, 29.20718193523072514, 10.00000000000000000 ) ) ;
#3680 = ORIENTED_EDGE ( 'NONE', *, *, #2280, .T. ) ;
#3681 = AXIS2_PLACEMENT_3D ( 'NONE', #3218, #1331, #4776 ) ;
#3682 = FACE_OUTER_BOUND ( 'NONE', #4828, .T. ) ;
#3683 = DIRECTION ( 'NONE',  ( 0.000000000000000000, 0.000000000000000000, 1.000000000000000000 ) ) ;
#3684 = EDGE_CURVE ( 'NONE', #5501, #504, #2758, .T. ) ;
#3685 = CARTESIAN_POINT ( 'NONE',  ( -3.469446951953614189E-14, 58.33397611666537586, 4.000000000000000000 ) ) ;
#3686 = ORIENTED_EDGE ( 'NONE', *, *, #4370, .F. ) ;
#3687 = VECTOR ( 'NONE', #3919, 1000.000000000000000 ) ;
#3688 = AXIS2_PLACEMENT_3D ( 'NONE', #3189, #4941, #1905 ) ;
#3689 = ORIENTED_EDGE ( 'NONE', *, *, #3118, .T. ) ;
#3690 = DIRECTION ( 'NONE',  ( -0.000000000000000000, -0.000000000000000000, 1.000000000000000000 ) ) ;
#3691 = LINE ( 'NONE', #558, #2687 ) ;
#3692 = ORIENTED_EDGE ( 'NONE', *, *, #4187, .T. ) ;
#3693 = AXIS2_PLACEMENT_3D ( 'NONE', #1533, #4095, #125 ) ;
#3694 = AXIS2_PLACEMENT_3D ( 'NONE', #1731, #3485, #1790 ) ;
#3695 = ORIENTED_EDGE ( 'NONE', *, *, #1437, .F. ) ;
#3696 = ORIENTED_EDGE ( 'NONE', *, *, #1582, .F. ) ;
#3697 = VECTOR ( 'NONE', #871, 1000.000000000000000 ) ;
#3698 = EDGE_CURVE ( 'NONE', #736, #5679, #3187, .T. ) ;
#3699 = LINE ( 'NONE', #3783, #1028 ) ;
#3700 = ORIENTED_EDGE ( 'NONE', *, *, #2729, .F. ) ;
#3701 = DIRECTION ( 'NONE',  ( 1.000000000000000000, -0.000000000000000000, -0.000000000000000000 ) ) ;
#3702 = VECTOR ( 'NONE', #4326, 1000.000000000000000 ) ;
#3703 = DIRECTION ( 'NONE',  ( 0.7071938130861842309, 0.7070197385735585982, 0.000000000000000000 ) ) ;
#3704 = ORIENTED_EDGE ( 'NONE', *, *, #3831, .T. ) ;
#3705 = ADVANCED_FACE ( 'NONE', ( #5465 ), #4141, .F. ) ;
#3706 = PLANE ( 'NONE',  #1127 ) ;
#3707 = LINE ( 'NONE', #5087, #3573 ) ;
#3708 = LINE ( 'NONE', #2755, #3134 ) ;
#3709 = LINE ( 'NONE', #2475, #3433 ) ;
#3710 = DIRECTION ( 'NONE',  ( 0.000000000000000000, -1.000000000000000000, 0.000000000000000000 ) ) ;
#3711 = DIRECTION ( 'NONE',  ( 0.000000000000000000, 0.000000000000000000, -1.000000000000000000 ) ) ;
#3712 = PLANE ( 'NONE',  #3688 ) ;
#3713 = ORIENTED_EDGE ( 'NONE', *, *, #3910, .T. ) ;
#3714 = LINE ( 'NONE', #2305, #3568 ) ;
#3715 = CARTESIAN_POINT ( 'NONE',  ( 77.88793625377893193, 25.20718193523071449, 7.000000000000000000 ) ) ;
#3716 = VERTEX_POINT ( 'NONE', #4195 ) ;
#3717 = ORIENTED_EDGE ( 'NONE', *, *, #513, .F. ) ;
#3718 = PLANE ( 'NONE',  #2953 ) ;
#3719 = LINE ( 'NONE', #4533, #1145 ) ;
#3720 = EDGE_LOOP ( 'NONE', ( #369, #4556, #3523, #3670 ) ) ;
#3721 = EDGE_LOOP ( 'NONE', ( #4442, #2260, #2150, #2942 ) ) ;
#3722 = EDGE_LOOP ( 'NONE', ( #913, #4493, #1492, #1350 ) ) ;
#3723 = ADVANCED_FACE ( 'NONE', ( #170 ), #1930, .F. ) ;
#3724 = DIRECTION ( 'NONE',  ( 0.000000000000000000, -1.000000000000000000, 0.000000000000000000 ) ) ;
#3725 = CARTESIAN_POINT ( 'NONE',  ( 5.873484235277215859, 45.25038475940630889, 6.000000000000000000 ) ) ;
#3726 = ORIENTED_EDGE ( 'NONE', *, *, #2718, .F. ) ;
#3727 = DIRECTION ( 'NONE',  ( 3.011203194556595896E-16, 1.000000000000000000, -0.000000000000000000 ) ) ;
#3728 = EDGE_CURVE ( 'NONE', #5137, #4775, #201, .T. ) ;
#3729 = EDGE_LOOP ( 'NONE', ( #4647, #4012, #882, #2115 ) ) ;
#3730 = CARTESIAN_POINT ( 'NONE',  ( 44.16973302350327657, 44.67439564682089070, 10.00000000000000000 ) ) ;
#3731 = CARTESIAN_POINT ( 'NONE',  ( 36.63180065388673512, 43.69286487643512373, 3.399999999999983036 ) ) ;
#3732 = DIRECTION ( 'NONE',  ( 0.000000000000000000, 0.000000000000000000, -1.000000000000000000 ) ) ;
#3733 = LINE ( 'NONE', #5490, #4342 ) ;
#3734 = CARTESIAN_POINT ( 'NONE',  ( 49.09613948405447559, 37.20718193523074291, 7.000000000000000000 ) ) ;
#3735 = DIRECTION ( 'NONE',  ( 0.5000000000000004441, 0.8660254037844384856, 0.000000000000000000 ) ) ;
#3736 = CARTESIAN_POINT ( 'NONE',  ( 0.000000000000000000, 41.21884720954800940, 4.000000000000000000 ) ) ;
#3737 = CARTESIAN_POINT ( 'NONE',  ( 53.09973302350343261, 37.20718193523073580, 7.000000000000000000 ) ) ;
#3738 = EDGE_LOOP ( 'NONE', ( #508, #3145, #4208, #1091, #4411, #2516 ) ) ;
#3739 = LINE ( 'NONE', #3652, #3857 ) ;
#3740 = DIRECTION ( 'NONE',  ( 0.000000000000000000, 1.000000000000000000, 0.000000000000000000 ) ) ;
#3741 = ORIENTED_EDGE ( 'NONE', *, *, #4989, .T. ) ;
#3742 = CARTESIAN_POINT ( 'NONE',  ( 0.000000000000000000, 34.90332283157010806, 4.000000000000000000 ) ) ;
#3743 = ORIENTED_EDGE ( 'NONE', *, *, #4289, .F. ) ;
#3744 = DIRECTION ( 'NONE',  ( 0.000000000000000000, 0.000000000000000000, -1.000000000000000000 ) ) ;
#3745 = VERTEX_POINT ( 'NONE', #2333 ) ;
#3746 = CARTESIAN_POINT ( 'NONE',  ( 65.16983569344401417, 41.21884720954800940, 4.000000000000000000 ) ) ;
#3747 = ORIENTED_EDGE ( 'NONE', *, *, #2157, .T. ) ;
#3748 = EDGE_CURVE ( 'NONE', #4315, #1292, #3303, .T. ) ;
#3749 = CARTESIAN_POINT ( 'NONE',  ( 15.37793625377882201, 56.67439564682091202, 7.000000000000000000 ) ) ;
#3750 = ORIENTED_EDGE ( 'NONE', *, *, #724, .T. ) ;
#3751 = EDGE_LOOP ( 'NONE', ( #4384, #2439, #5098, #2282 ) ) ;
#3752 = DIRECTION ( 'NONE',  ( 0.000000000000000000, -0.000000000000000000, 1.000000000000000000 ) ) ;
#3753 = VECTOR ( 'NONE', #2999, 1000.000000000000227 ) ;
#3754 = ORIENTED_EDGE ( 'NONE', *, *, #4249, .T. ) ;
#3755 = PLANE ( 'NONE',  #2107 ) ;
#3756 = CARTESIAN_POINT ( 'NONE',  ( 15.37793625377882201, 56.67439564682091202, 7.000000000000000000 ) ) ;
#3757 = VECTOR ( 'NONE', #1615, 1000.000000000000000 ) ;
#3758 = ADVANCED_FACE ( 'NONE', ( #2448 ), #143, .T. ) ;
#3759 = CARTESIAN_POINT ( 'NONE',  ( 65.34807733323546586, 40.95871309031685570, 4.000000000000000000 ) ) ;
#3760 = VECTOR ( 'NONE', #1213, 1000.000000000000227 ) ;
#3761 = DIRECTION ( 'NONE',  ( 0.8660254037844382635, -0.5000000000000005551, 0.000000000000000000 ) ) ;
#3762 = CARTESIAN_POINT ( 'NONE',  ( 64.56983569344401985, 35.50332283157010949, 3.399999999999996803 ) ) ;
#3763 = FACE_OUTER_BOUND ( 'NONE', #1469, .T. ) ;
#3764 = DIRECTION ( 'NONE',  ( 0.000000000000000000, 1.000000000000000000, 0.000000000000000000 ) ) ;
#3765 = VECTOR ( 'NONE', #1761, 1000.000000000000000 ) ;
#3766 = EDGE_CURVE ( 'NONE', #4530, #5064, #3646, .T. ) ;
#3767 = CARTESIAN_POINT ( 'NONE',  ( 79.97474980950003953, 10.50829548434902350, 10.00000000000000000 ) ) ;
#3768 = DIRECTION ( 'NONE',  ( -0.7071067811867136621, 0.7071067811863814834, 0.000000000000000000 ) ) ;
#3769 = EDGE_LOOP ( 'NONE', ( #4186, #3695, #739, #967 ) ) ;
#3770 = VECTOR ( 'NONE', #4495, 1000.000000000000000 ) ;
#3771 = CARTESIAN_POINT ( 'NONE',  ( 78.02831089662203112, 12.45999491999002373, 0.000000000000000000 ) ) ;
#3772 = VERTEX_POINT ( 'NONE', #4972 ) ;
#3773 = LINE ( 'NONE', #4179, #3034 ) ;
#3774 = CARTESIAN_POINT ( 'NONE',  ( 10.58880365760802356, 8.415085090169998949, 10.00099999999999945 ) ) ;
#3775 = VECTOR ( 'NONE', #1460, 1000.000000000000114 ) ;
#3776 = DIRECTION ( 'NONE',  ( -0.000000000000000000, -0.000000000000000000, 1.000000000000000000 ) ) ;
#3777 = ORIENTED_EDGE ( 'NONE', *, *, #1928, .F. ) ;
#3778 = FACE_OUTER_BOUND ( 'NONE', #5226, .T. ) ;
#3779 = AXIS2_PLACEMENT_3D ( 'NONE', #4229, #4695, #2992 ) ;
#3780 = ORIENTED_EDGE ( 'NONE', *, *, #5589, .T. ) ;
#3781 = ORIENTED_EDGE ( 'NONE', *, *, #2462, .T. ) ;
#3782 = PLANE ( 'NONE',  #370 ) ;
#3783 = CARTESIAN_POINT ( 'NONE',  ( 31.54653210253800211, 28.88980021391638431, 4.000000000000000000 ) ) ;
#3784 = VECTOR ( 'NONE', #2114, 1000.000000000000000 ) ;
#3785 = VERTEX_POINT ( 'NONE', #1499 ) ;
#3786 = PLANE ( 'NONE',  #2642 ) ;
#3787 = CARTESIAN_POINT ( 'NONE',  ( 5.871324698771779538, 34.33421759231527659, 10.00099999999999945 ) ) ;
#3788 = EDGE_LOOP ( 'NONE', ( #3750, #2834, #1782, #3457, #2857, #5326 ) ) ;
#3789 = VECTOR ( 'NONE', #5619, 1000.000000000000114 ) ;
#3790 = PLANE ( 'NONE',  #1372 ) ;
#3791 = ADVANCED_FACE ( 'NONE', ( #1047 ), #2790, .T. ) ;
#3792 = DIRECTION ( 'NONE',  ( 0.000000000000000000, 0.000000000000000000, 1.000000000000000000 ) ) ;
#3793 = DIRECTION ( 'NONE',  ( -1.000000000000000000, 0.000000000000000000, 0.000000000000000000 ) ) ;
#3794 = VECTOR ( 'NONE', #2935, 1000.000000000000114 ) ;
#3795 = DIRECTION ( 'NONE',  ( -0.000000000000000000, -0.000000000000000000, -1.000000000000000000 ) ) ;
#3796 = CARTESIAN_POINT ( 'NONE',  ( 57.46984934592701677, 34.90332283157010806, 4.000000000000000000 ) ) ;
#3797 = DIRECTION ( 'NONE',  ( -0.8660254037844379305, -0.5000000000000011102, 0.000000000000000000 ) ) ;
#3798 = EDGE_CURVE ( 'NONE', #530, #640, #2562, .T. ) ;
#3799 = FACE_OUTER_BOUND ( 'NONE', #4447, .T. ) ;
#3800 = EDGE_CURVE ( 'NONE', #704, #2734, #3826, .T. ) ;
#3801 = CARTESIAN_POINT ( 'NONE',  ( 66.95613948405447502, 37.20718193523074291, 7.000000000000000000 ) ) ;
#3802 = DIRECTION ( 'NONE',  ( -1.000000000000000000, 0.000000000000000000, -0.000000000000000000 ) ) ;
#3803 = ORIENTED_EDGE ( 'NONE', *, *, #1072, .F. ) ;
#3804 = LINE ( 'NONE', #2484, #836 ) ;
#3805 = CARTESIAN_POINT ( 'NONE',  ( 73.34807733323548007, 40.95871309031685570, 4.000000000000000000 ) ) ;
#3806 = ADVANCED_FACE ( 'NONE', ( #1219 ), #1587, .F. ) ;
#3807 = FACE_OUTER_BOUND ( 'NONE', #2801, .T. ) ;
#3808 = ORIENTED_EDGE ( 'NONE', *, *, #989, .F. ) ;
#3809 = DIRECTION ( 'NONE',  ( 1.000000000000000000, 0.000000000000000000, 0.000000000000000000 ) ) ;
#3810 = ORIENTED_EDGE ( 'NONE', *, *, #614, .T. ) ;
#3811 = DIRECTION ( 'NONE',  ( -0.7071067811865492381, 0.7071067811865457964, 0.000000000000000000 ) ) ;
#3812 = EDGE_CURVE ( 'NONE', #5440, #1792, #2588, .T. ) ;
#3813 = EDGE_CURVE ( 'NONE', #1629, #1208, #4348, .T. ) ;
#3814 = VERTEX_POINT ( 'NONE', #5523 ) ;
#3815 = EDGE_LOOP ( 'NONE', ( #4161, #889, #3726, #417 ) ) ;
#3816 = CARTESIAN_POINT ( 'NONE',  ( 17.37973302350343019, 29.20718193523073225, 7.000000000000000000 ) ) ;
#3817 = VERTEX_POINT ( 'NONE', #377 ) ;
#3818 = ORIENTED_EDGE ( 'NONE', *, *, #4081, .T. ) ;
#3819 = DIRECTION ( 'NONE',  ( -0.8660254037844382635, 0.5000000000000006661, 0.000000000000000000 ) ) ;
#3820 = CARTESIAN_POINT ( 'NONE',  ( 77.98218423212703954, 5.000000000000023093, 10.00099999999999945 ) ) ;
#3821 = DIRECTION ( 'NONE',  ( -0.000000000000000000, -0.000000000000000000, 1.000000000000000000 ) ) ;
#3822 = EDGE_CURVE ( 'NONE', #5064, #5671, #4727, .T. ) ;
#3823 = DIRECTION ( 'NONE',  ( -0.000000000000000000, -0.000000000000000000, -1.000000000000000000 ) ) ;
#3824 = CARTESIAN_POINT ( 'NONE',  ( 24.30793625377895850, 41.20718193523075712, 7.000000000000000000 ) ) ;
#3825 = CARTESIAN_POINT ( 'NONE',  ( 75.88613948405432552, 44.67439564682088360, 7.000000000000000000 ) ) ;
#3826 = LINE ( 'NONE', #347, #4694 ) ;
#3827 = LINE ( 'NONE', #2075, #5504 ) ;
#3828 = LINE ( 'NONE', #2541, #5314 ) ;
#3829 = DIRECTION ( 'NONE',  ( -0.000000000000000000, -0.000000000000000000, 1.000000000000000000 ) ) ;
#3830 = VERTEX_POINT ( 'NONE', #1253 ) ;
#3831 = EDGE_CURVE ( 'NONE', #1363, #5566, #2478, .T. ) ;
#3832 = SURFACE_STYLE_FILL_AREA ( #1678 ) ;
#3833 = DIRECTION ( 'NONE',  ( -0.8660254037844382635, -0.5000000000000005551, 0.000000000000000000 ) ) ;
#3834 = CARTESIAN_POINT ( 'NONE',  ( 35.23973302350344028, 37.20718193523073580, 7.000000000000000000 ) ) ;
#3835 = CARTESIAN_POINT ( 'NONE',  ( 31.54653210253800211, 28.28980021391638289, 4.000000000000000000 ) ) ;
#3836 = EDGE_LOOP ( 'NONE', ( #1717, #73, #867, #3575 ) ) ;
#3837 = EDGE_CURVE ( 'NONE', #2998, #4347, #3339, .T. ) ;
#3838 = CARTESIAN_POINT ( 'NONE',  ( 77.86692151384301042, 56.44252476504900073, 10.00000000000000000 ) ) ;
#3839 = ORIENTED_EDGE ( 'NONE', *, *, #387, .F. ) ;
#3840 = CARTESIAN_POINT ( 'NONE',  ( 73.15243468099103552, 6.261804759730023484, 0.000000000000000000 ) ) ;
#3841 = VERTEX_POINT ( 'NONE', #759 ) ;
#3842 = EDGE_LOOP ( 'NONE', ( #1887, #153, #4395, #2694 ) ) ;
#3843 = DIRECTION ( 'NONE',  ( 0.000000000000000000, 1.000000000000000000, 0.000000000000000000 ) ) ;
#3844 = CARTESIAN_POINT ( 'NONE',  ( 78.03203064794003296, 52.35311032234201889, 7.000000000000000000 ) ) ;
#3845 = VERTEX_POINT ( 'NONE', #4287 ) ;
#3846 = ORIENTED_EDGE ( 'NONE', *, *, #4880, .F. ) ;
#3847 = CARTESIAN_POINT ( 'NONE',  ( 15.37793625377882201, 56.67439564682091202, 10.00000000000000000 ) ) ;
#3848 = AXIS2_PLACEMENT_3D ( 'NONE', #2005, #684, #5573 ) ;
#3849 = PLANE ( 'NONE',  #5153 ) ;
#3850 = EDGE_CURVE ( 'NONE', #1858, #3182, #3458, .T. ) ;
#3851 = FACE_OUTER_BOUND ( 'NONE', #1452, .T. ) ;
#3852 = VECTOR ( 'NONE', #5062, 1000.000000000000227 ) ;
#3853 = CARTESIAN_POINT ( 'NONE',  ( 64.56983569344401985, 35.50332283157010949, -8.271542309605473875 ) ) ;
#3854 = CARTESIAN_POINT ( 'NONE',  ( 31.23613948405447971, 37.20718193523074291, 7.000000000000000000 ) ) ;
#3855 = DIRECTION ( 'NONE',  ( -0.000000000000000000, 0.000000000000000000, -1.000000000000000000 ) ) ;
#3856 = PLANE ( 'NONE',  #4400 ) ;
#3857 = VECTOR ( 'NONE', #211, 1000.000000000000000 ) ;
#3858 = EDGE_CURVE ( 'NONE', #4078, #5220, #551, .T. ) ;
#3859 = PLANE ( 'NONE',  #2676 ) ;
#3860 = ORIENTED_EDGE ( 'NONE', *, *, #4152, .T. ) ;
#3861 = CARTESIAN_POINT ( 'NONE',  ( 66.95613948405447502, 29.20718193523072514, 7.000000000000000000 ) ) ;
#3862 = DIRECTION ( 'NONE',  ( 0.000000000000000000, 0.000000000000000000, -1.000000000000000000 ) ) ;
#3863 = VECTOR ( 'NONE', #1435, 1000.000000000000000 ) ;
#3864 = CARTESIAN_POINT ( 'NONE',  ( 0.000000000000000000, 0.000000000000000000, 7.000000000000000000 ) ) ;
#3865 = ORIENTED_EDGE ( 'NONE', *, *, #5594, .F. ) ;
#3866 = VECTOR ( 'NONE', #2741, 1000.000000000000114 ) ;
#3867 = DIRECTION ( 'NONE',  ( 0.7071067811863814834, 0.7071067811867136621, 0.000000000000000000 ) ) ;
#3868 = EDGE_LOOP ( 'NONE', ( #5297, #953, #1395, #3488 ) ) ;
#3869 = CARTESIAN_POINT ( 'NONE',  ( 5.871324698771779538, 34.33421759231527659, 10.00000000000000000 ) ) ;
#3870 = ORIENTED_EDGE ( 'NONE', *, *, #4039, .F. ) ;
#3871 = EDGE_CURVE ( 'NONE', #4963, #1340, #293, .T. ) ;
#3872 = VECTOR ( 'NONE', #5543, 1000.000000000000000 ) ;
#3873 = ORIENTED_EDGE ( 'NONE', *, *, #1754, .T. ) ;
#3874 = CARTESIAN_POINT ( 'NONE',  ( 41.09101200953325872, 41.09101200953325872, 10.00000000000000000 ) ) ;
#3875 = ADVANCED_FACE ( 'NONE', ( #322 ), #2909, .F. ) ;
#3876 = ORIENTED_EDGE ( 'NONE', *, *, #1512, .T. ) ;
#3877 = AXIS2_PLACEMENT_3D ( 'NONE', #1250, #4312, #374 ) ;
#3878 = EDGE_LOOP ( 'NONE', ( #5309, #376, #1895, #1000 ) ) ;
#3879 = EDGE_CURVE ( 'NONE', #99, #5102, #2104, .T. ) ;
#3880 = PLANE ( 'NONE',  #2651 ) ;
#3881 = AXIS2_PLACEMENT_3D ( 'NONE', #4382, #2600, #907 ) ;
#3882 = CARTESIAN_POINT ( 'NONE',  ( 10.59981128446159460, 12.01402484683418415, 4.000000000000000000 ) ) ;
#3883 = VECTOR ( 'NONE', #5089, 999.9999999999998863 ) ;
#3884 = PLANE ( 'NONE',  #4892 ) ;
#3885 = ORIENTED_EDGE ( 'NONE', *, *, #1811, .F. ) ;
#3886 = DIRECTION ( 'NONE',  ( 0.000000000000000000, -0.000000000000000000, 1.000000000000000000 ) ) ;
#3887 = FACE_OUTER_BOUND ( 'NONE', #963, .T. ) ;
#3888 = EDGE_CURVE ( 'NONE', #1626, #1424, #5581, .T. ) ;
#3889 = VECTOR ( 'NONE', #2560, 1000.000000000000114 ) ;
#3890 = DIRECTION ( 'NONE',  ( -0.8660254037844383745, 0.5000000000000003331, 0.000000000000000000 ) ) ;
#3891 = DIRECTION ( 'NONE',  ( -0.7071067811865497932, -0.7071067811865453523, 0.000000000000000000 ) ) ;
#3892 = APPLICATION_PROTOCOL_DEFINITION ( 'draft international standard', 'automotive_design', 1998, #3376 ) ;
#3893 = ORIENTED_EDGE ( 'NONE', *, *, #2249, .T. ) ;
#3894 = ORIENTED_EDGE ( 'NONE', *, *, #2729, .T. ) ;
#3895 = CARTESIAN_POINT ( 'NONE',  ( 55.24511320246803336, 59.97470916941927044, 10.00000000000000000 ) ) ;
#3896 = ORIENTED_EDGE ( 'NONE', *, *, #1088, .F. ) ;
#3897 = DIRECTION ( 'NONE',  ( -0.000000000000000000, 1.000000000000000000, 0.000000000000000000 ) ) ;
#3898 = VERTEX_POINT ( 'NONE', #5146 ) ;
#3899 = ORIENTED_EDGE ( 'NONE', *, *, #4376, .F. ) ;
#3900 = DIRECTION ( 'NONE',  ( -0.000000000000000000, -0.000000000000000000, -1.000000000000000000 ) ) ;
#3901 = ORIENTED_EDGE ( 'NONE', *, *, #4560, .F. ) ;
#3902 = ADVANCED_FACE ( 'NONE', ( #1671 ), #2094, .F. ) ;
#3903 = VERTEX_POINT ( 'NONE', #3472 ) ;
#3904 = ADVANCED_FACE ( 'NONE', ( #4305 ), #3922, .F. ) ;
#3905 = CARTESIAN_POINT ( 'NONE',  ( 41.42884860408194214, 26.75317541498458951, 7.000000000000000888 ) ) ;
#3906 = CARTESIAN_POINT ( 'NONE',  ( 32.14653210253800353, 0.000000000000000000, 0.9599999985689978699 ) ) ;
#3907 = ORIENTED_EDGE ( 'NONE', *, *, #5484, .F. ) ;
#3908 = PLANE ( 'NONE',  #3394 ) ;
#3909 = PLANE ( 'NONE',  #2407 ) ;
#3910 = EDGE_CURVE ( 'NONE', #3841, #33, #5106, .T. ) ;
#3911 =( LENGTH_UNIT ( ) NAMED_UNIT ( * ) SI_UNIT ( .MILLI., .METRE. ) );
#3912 = DIRECTION ( 'NONE',  ( -0.000000000000000000, -0.000000000000000000, -1.000000000000000000 ) ) ;
#3913 = ORIENTED_EDGE ( 'NONE', *, *, #5639, .T. ) ;
#3914 = DIRECTION ( 'NONE',  ( -0.000000000000000000, -0.000000000000000000, -1.000000000000000000 ) ) ;
#3915 = CARTESIAN_POINT ( 'NONE',  ( 13.37613948405448738, 29.20718193523072514, 7.000000000000000000 ) ) ;
#3916 = ORIENTED_EDGE ( 'NONE', *, *, #2133, .T. ) ;
#3917 = PLANE ( 'NONE',  #2474 ) ;
#3918 = VERTEX_POINT ( 'NONE', #1240 ) ;
#3919 = DIRECTION ( 'NONE',  ( 0.8660254037844385966, 0.5000000000000001110, 0.000000000000000000 ) ) ;
#3920 = ORIENTED_EDGE ( 'NONE', *, *, #1508, .F. ) ;
#3921 = ORIENTED_EDGE ( 'NONE', *, *, #1705, .T. ) ;
#3922 = PLANE ( 'NONE',  #3211 ) ;
#3923 = ORIENTED_EDGE ( 'NONE', *, *, #405, .F. ) ;
#3924 = ORIENTED_EDGE ( 'NONE', *, *, #464, .F. ) ;
#3925 = ORIENTED_EDGE ( 'NONE', *, *, #5405, .F. ) ;
#3926 = CARTESIAN_POINT ( 'NONE',  ( 41.42884860408194214, 25.63389438873801041, 10.00000000000000000 ) ) ;
#3927 = ADVANCED_FACE ( 'NONE', ( #4678 ), #5600, .F. ) ;
#3928 = EDGE_CURVE ( 'NONE', #731, #3470, #363, .T. ) ;
#3929 = CARTESIAN_POINT ( 'NONE',  ( 68.95793625377879721, 40.67439564682086939, 7.000000000000000000 ) ) ;
#3930 = CARTESIAN_POINT ( 'NONE',  ( 22.30613948405434499, 52.67439564682089781, 7.000000000000000000 ) ) ;
#3931 = ORIENTED_EDGE ( 'NONE', *, *, #3351, .T. ) ;
#3932 = AXIS2_PLACEMENT_3D ( 'NONE', #108, #5388, #3819 ) ;
#3933 = CARTESIAN_POINT ( 'NONE',  ( 6.293389235082327845E-14, 38.09286487643519337, 4.000000000000000000 ) ) ;
#3934 = DIRECTION ( 'NONE',  ( 0.000000000000000000, 0.000000000000000000, -1.000000000000000000 ) ) ;
#3935 = PLANE ( 'NONE',  #3509 ) ;
#3936 = VECTOR ( 'NONE', #4507, 1000.000000000000227 ) ;
#3937 = CARTESIAN_POINT ( 'NONE',  ( 62.02973302350326890, 44.67439564682089070, 7.000000000000000000 ) ) ;
#3938 = EDGE_CURVE ( 'NONE', #1201, #4420, #742, .T. ) ;
#3939 = VECTOR ( 'NONE', #1299, 1000.000000000000000 ) ;
#3940 = LINE ( 'NONE', #88, #1756 ) ;
#3941 = EDGE_LOOP ( 'NONE', ( #1692, #4747, #1624, #305 ) ) ;
#3942 = CARTESIAN_POINT ( 'NONE',  ( 44.16973302350329078, 52.67439564682089781, 7.000000000000000000 ) ) ;
#3943 = VECTOR ( 'NONE', #3331, 999.9999999999998863 ) ;
#3944 = DIRECTION ( 'NONE',  ( -0.000000000000000000, -0.000000000000000000, 1.000000000000000000 ) ) ;
#3945 = EDGE_LOOP ( 'NONE', ( #207, #3876, #4942, #48 ) ) ;
#3946 = ORIENTED_EDGE ( 'NONE', *, *, #1544, .T. ) ;
#3947 = DIRECTION ( 'NONE',  ( -0.000000000000000000, -0.000000000000000000, 1.000000000000000000 ) ) ;
#3948 = VECTOR ( 'NONE', #960, 999.9999999999998863 ) ;
#3949 = ORIENTED_EDGE ( 'NONE', *, *, #1088, .T. ) ;
#3950 = CARTESIAN_POINT ( 'NONE',  ( 8.888803657608024267, 56.44252476504900073, 10.00099999999999945 ) ) ;
#3951 = ORIENTED_EDGE ( 'NONE', *, *, #2657, .F. ) ;
#3952 = VECTOR ( 'NONE', #978, 1000.000000000000227 ) ;
#3953 = VECTOR ( 'NONE', #2714, 1000.000000000000000 ) ;
#3954 = VERTEX_POINT ( 'NONE', #5630 ) ;
#3955 = CARTESIAN_POINT ( 'NONE',  ( 11.13621310223726368, 34.33421759231528370, 6.000000000000000000 ) ) ;
#3956 = AXIS2_PLACEMENT_3D ( 'NONE', #3425, #442, #2198 ) ;
#3957 = ORIENTED_EDGE ( 'NONE', *, *, #4574, .F. ) ;
#3958 = CARTESIAN_POINT ( 'NONE',  ( 0.000000000000000000, 51.26230093957098433, 4.000000000000000000 ) ) ;
#3959 = PLANE ( 'NONE',  #1871 ) ;
#3960 = ORIENTED_EDGE ( 'NONE', *, *, #1618, .T. ) ;
#3961 = VECTOR ( 'NONE', #2415, 1000.000000000000000 ) ;
#3962 = VECTOR ( 'NONE', #2913, 1000.000000000000000 ) ;
#3963 = DIRECTION ( 'NONE',  ( 0.000000000000000000, -0.000000000000000000, 1.000000000000000000 ) ) ;
#3964 = EDGE_CURVE ( 'NONE', #74, #4150, #3417, .T. ) ;
#3965 = ADVANCED_FACE ( 'NONE', ( #1266 ), #2526, .F. ) ;
#3966 = CARTESIAN_POINT ( 'NONE',  ( 78.03192893766751581, 51.26230093957098433, 0.000000000000000000 ) ) ;
#3967 = DIRECTION ( 'NONE',  ( -0.7071938130861881167, -0.7070197385735547124, 0.000000000000000000 ) ) ;
#3968 = VECTOR ( 'NONE', #1622, 1000.000000000000000 ) ;
#3969 = AXIS2_PLACEMENT_3D ( 'NONE', #2365, #1306, #5289 ) ;
#3970 = EDGE_CURVE ( 'NONE', #110, #3182, #3005, .T. ) ;
#3971 = CARTESIAN_POINT ( 'NONE',  ( 55.42884860408193504, 24.35317541498459448, 10.00000000000000000 ) ) ;
#3972 = EDGE_CURVE ( 'NONE', #1204, #3559, #313, .T. ) ;
#3973 = VECTOR ( 'NONE', #1927, 1000.000000000000227 ) ;
#3974 = DIRECTION ( 'NONE',  ( -0.8660254037844385966, 0.4999999999999998890, 0.000000000000000000 ) ) ;
#3975 = ORIENTED_EDGE ( 'NONE', *, *, #940, .T. ) ;
#3976 = DIRECTION ( 'NONE',  ( -0.000000000000000000, -1.000000000000000000, -0.000000000000000000 ) ) ;
#3977 = AXIS2_PLACEMENT_3D ( 'NONE', #3950, #4415, #21 ) ;
#3978 = PLANE ( 'NONE',  #3881 ) ;
#3979 = ORIENTED_EDGE ( 'NONE', *, *, #4845, .F. ) ;
#3980 = ORIENTED_EDGE ( 'NONE', *, *, #4147, .T. ) ;
#3981 = PLANE ( 'NONE',  #1300 ) ;
#3982 = ORIENTED_EDGE ( 'NONE', *, *, #5367, .F. ) ;
#3983 = FACE_OUTER_BOUND ( 'NONE', #1369, .T. ) ;
#3984 = ORIENTED_EDGE ( 'NONE', *, *, #4729, .T. ) ;
#3985 = ADVANCED_FACE ( 'NONE', ( #1180 ), #2065, .T. ) ;
#3986 = VERTEX_POINT ( 'NONE', #5134 ) ;
#3987 = LINE ( 'NONE', #3088, #1112 ) ;
#3988 = ORIENTED_EDGE ( 'NONE', *, *, #4056, .F. ) ;
#3989 = CARTESIAN_POINT ( 'NONE',  ( 42.16793625377896149, 41.20718193523075712, 7.000000000000000000 ) ) ;
#3990 = ADVANCED_FACE ( 'NONE', ( #1742 ), #3028, .T. ) ;
#3991 = DIRECTION ( 'NONE',  ( -0.000000000000000000, 1.000000000000000000, 0.000000000000000000 ) ) ;
#3992 = DIRECTION ( 'NONE',  ( 0.8660254037844383745, 0.5000000000000003331, 0.000000000000000000 ) ) ;
#3993 = ORIENTED_EDGE ( 'NONE', *, *, #1436, .F. ) ;
#3994 = DIRECTION ( 'NONE',  ( -0.0001230892683140344564, -0.9999999924245159821, 0.000000000000000000 ) ) ;
#3995 = FACE_BOUND ( 'NONE', #2492, .T. ) ;
#3996 = DIRECTION ( 'NONE',  ( -0.000000000000000000, -0.000000000000000000, 1.000000000000000000 ) ) ;
#3997 = CARTESIAN_POINT ( 'NONE',  ( 8.888803657608024267, 8.415085090169998949, 10.00000000000000000 ) ) ;
#3998 = DIRECTION ( 'NONE',  ( 1.000000000000000000, -0.000000000000000000, -0.000000000000000000 ) ) ;
#3999 = CARTESIAN_POINT ( 'NONE',  ( 0.000000000000000000, 0.000000000000000000, 7.000000000000000000 ) ) ;
#4000 = LINE ( 'NONE', #2216, #845 ) ;
#4001 = ORIENTED_EDGE ( 'NONE', *, *, #598, .F. ) ;
#4002 = LINE ( 'NONE', #1793, #4486 ) ;
#4003 = EDGE_CURVE ( 'NONE', #3530, #3287, #779, .T. ) ;
#4004 = DIRECTION ( 'NONE',  ( 0.7071067811865502373, -0.7071067811865449082, 0.000000000000000000 ) ) ;
#4005 = CARTESIAN_POINT ( 'NONE',  ( 49.09613948405447559, 27.75317541498460372, 7.000000000000000000 ) ) ;
#4006 = ORIENTED_EDGE ( 'NONE', *, *, #502, .T. ) ;
#4007 = ORIENTED_EDGE ( 'NONE', *, *, #2210, .F. ) ;
#4008 = CARTESIAN_POINT ( 'NONE',  ( 46.94653210253800779, 34.88980021391638076, 3.399999999999983036 ) ) ;
#4009 = ORIENTED_EDGE ( 'NONE', *, *, #2814, .F. ) ;
#4010 = DIRECTION ( 'NONE',  ( -0.5000000000000009992, 0.8660254037844381525, 0.000000000000000000 ) ) ;
#4011 = ORIENTED_EDGE ( 'NONE', *, *, #144, .F. ) ;
#4012 = ORIENTED_EDGE ( 'NONE', *, *, #4574, .T. ) ;
#4013 = ADVANCED_FACE ( 'NONE', ( #4335 ), #4745, .F. ) ;
#4014 = ORIENTED_EDGE ( 'NONE', *, *, #2860, .F. ) ;
#4015 = LINE ( 'NONE', #3206, #268 ) ;
#4016 = CARTESIAN_POINT ( 'NONE',  ( 77.88793625377894614, 41.20718193523075712, 7.000000000000000000 ) ) ;
#4017 = CARTESIAN_POINT ( 'NONE',  ( 60.02793625377894671, 25.20718193523071449, 7.000000000000000000 ) ) ;
#4018 = VERTEX_POINT ( 'NONE', #4795 ) ;
#4019 = LINE ( 'NONE', #1, #639 ) ;
#4020 = EDGE_CURVE ( 'NONE', #4954, #3830, #2603, .T. ) ;
#4021 = FACE_BOUND ( 'NONE', #3945, .T. ) ;
#4022 = CARTESIAN_POINT ( 'NONE',  ( 33.23793625377881256, 40.67439564682086939, 7.000000000000000000 ) ) ;
#4023 = CARTESIAN_POINT ( 'NONE',  ( 20.85129627085182946, 23.35317541498460159, 10.00000000000000000 ) ) ;
#4024 = LINE ( 'NONE', #3487, #2496 ) ;
#4025 = VECTOR ( 'NONE', #823, 1000.000000000000000 ) ;
#4026 = ORIENTED_EDGE ( 'NONE', *, *, #2214, .T. ) ;
#4027 = DIRECTION ( 'NONE',  ( 0.000000000000000000, -0.000000000000000000, 1.000000000000000000 ) ) ;
#4028 = DIRECTION ( 'NONE',  ( 0.000000000000000000, 1.000000000000000000, 0.000000000000000000 ) ) ;
#4029 = CARTESIAN_POINT ( 'NONE',  ( 73.34807733323548007, 45.95871309031685570, 4.000000000000000000 ) ) ;
#4030 = EDGE_CURVE ( 'NONE', #5033, #4101, #2168, .T. ) ;
#4031 = CIRCLE ( 'NONE', #1368, 1.700000000000001066 ) ;
#4032 = ORIENTED_EDGE ( 'NONE', *, *, #2842, .F. ) ;
#4033 = ORIENTED_EDGE ( 'NONE', *, *, #3879, .F. ) ;
#4034 = EDGE_CURVE ( 'NONE', #1632, #3287, #506, .T. ) ;
#4035 = LINE ( 'NONE', #3525, #3770 ) ;
#4036 = VERTEX_POINT ( 'NONE', #2649 ) ;
#4037 = AXIS2_PLACEMENT_3D ( 'NONE', #1256, #2082, #351 ) ;
#4038 = VERTEX_POINT ( 'NONE', #4900 ) ;
#4039 = EDGE_CURVE ( 'NONE', #791, #5424, #4035, .T. ) ;
#4040 = ORIENTED_EDGE ( 'NONE', *, *, #2456, .T. ) ;
#4041 = AXIS2_PLACEMENT_3D ( 'NONE', #259, #3676, #1903 ) ;
#4042 = EDGE_CURVE ( 'NONE', #3918, #534, #2624, .T. ) ;
#4043 = ORIENTED_EDGE ( 'NONE', *, *, #688, .F. ) ;
#4044 = LINE ( 'NONE', #1426, #5129 ) ;
#4045 = FACE_OUTER_BOUND ( 'NONE', #3551, .T. ) ;
#4046 = ADVANCED_FACE ( 'NONE', ( #4470 ), #4821, .F. ) ;
#4047 = ORIENTED_EDGE ( 'NONE', *, *, #3369, .F. ) ;
#4048 = PLANE ( 'NONE',  #3109 ) ;
#4049 = VECTOR ( 'NONE', #3724, 1000.000000000000000 ) ;
#4050 = CARTESIAN_POINT ( 'NONE',  ( 6.938893903907228378E-15, 23.35317541498462290, 4.000000000000000000 ) ) ;
#4051 = CARTESIAN_POINT ( 'NONE',  ( 8.537836594548677382, -8.537836594548677382, 4.000000000000000000 ) ) ;
#4052 = CARTESIAN_POINT ( 'NONE',  ( 24.39487291362403099, 59.35339717067414256, 6.000000000000000000 ) ) ;
#4053 = EDGE_CURVE ( 'NONE', #362, #99, #555, .T. ) ;
#4054 = VECTOR ( 'NONE', #3307, 1000.000000000000000 ) ;
#4055 = DIRECTION ( 'NONE',  ( -0.000000000000000000, -0.000000000000000000, 1.000000000000000000 ) ) ;
#4056 = EDGE_CURVE ( 'NONE', #4101, #4038, #969, .T. ) ;
#4057 = CARTESIAN_POINT ( 'NONE',  ( 5.000000000000028422, 25.20718193523071449, 7.000000000000000000 ) ) ;
#4058 = DIRECTION ( 'NONE',  ( 0.8660254037844383745, 0.5000000000000003331, 0.000000000000000000 ) ) ;
#4059 = AXIS2_PLACEMENT_3D ( 'NONE', #3380, #738, #2979 ) ;
#4060 = LINE ( 'NONE', #1467, #2584 ) ;
#4061 = LINE ( 'NONE', #1079, #4798 ) ;
#4062 = ORIENTED_EDGE ( 'NONE', *, *, #5486, .F. ) ;
#4063 = CARTESIAN_POINT ( 'NONE',  ( 79.97474980950003953, 54.29582948390102359, 10.00099999999999945 ) ) ;
#4064 = FACE_OUTER_BOUND ( 'NONE', #1604, .T. ) ;
#4065 = EDGE_CURVE ( 'NONE', #5048, #5102, #439, .T. ) ;
#4066 = VECTOR ( 'NONE', #5434, 1000.000000000000000 ) ;
#4067 = DIRECTION ( 'NONE',  ( 0.000000000000000000, 1.000000000000000000, 0.000000000000000000 ) ) ;
#4068 = ORIENTED_EDGE ( 'NONE', *, *, #1619, .T. ) ;
#4069 = VERTEX_POINT ( 'NONE', #529 ) ;
#4070 = CARTESIAN_POINT ( 'NONE',  ( 58.02613948405432609, 52.67439564682089781, 10.00000000000000000 ) ) ;
#4071 = ORIENTED_EDGE ( 'NONE', *, *, #2887, .F. ) ;
#4072 = VECTOR ( 'NONE', #245, 1000.000000000000000 ) ;
#4073 = DIRECTION ( 'NONE',  ( 0.5773502691896212902, -0.5773502691896212902, -0.5773502691896346128 ) ) ;
#4074 = ORIENTED_EDGE ( 'NONE', *, *, #5651, .F. ) ;
#4075 = EDGE_CURVE ( 'NONE', #334, #2869, #2193, .T. ) ;
#4076 = ORIENTED_EDGE ( 'NONE', *, *, #5061, .T. ) ;
#4077 = EDGE_CURVE ( 'NONE', #5037, #1779, #2279, .T. ) ;
#4078 = VERTEX_POINT ( 'NONE', #3608 ) ;
#4079 = CARTESIAN_POINT ( 'NONE',  ( 42.42884860408194214, 27.75317541498460372, 7.000000000000000888 ) ) ;
#4080 = EDGE_CURVE ( 'NONE', #3495, #3577, #1420, .T. ) ;
#4081 = EDGE_CURVE ( 'NONE', #2631, #4748, #910, .T. ) ;
#4082 = DIRECTION ( 'NONE',  ( 0.000000000000000000, 0.000000000000000000, 1.000000000000000000 ) ) ;
#4083 = ORIENTED_EDGE ( 'NONE', *, *, #3888, .F. ) ;
#4084 = EDGE_CURVE ( 'NONE', #5503, #5152, #996, .T. ) ;
#4085 = DIRECTION ( 'NONE',  ( 0.000000000000000000, 1.000000000000000000, 0.000000000000000000 ) ) ;
#4086 = DIRECTION ( 'NONE',  ( 0.000000000000000000, 1.000000000000000000, 0.000000000000000000 ) ) ;
#4087 = DIRECTION ( 'NONE',  ( 0.000000000000000000, -1.000000000000000000, 0.000000000000000000 ) ) ;
#4088 = CARTESIAN_POINT ( 'NONE',  ( 17.37973302350343019, 29.20718193523073225, 7.000000000000000000 ) ) ;
#4089 = EDGE_CURVE ( 'NONE', #4365, #4271, #5273, .T. ) ;
#4090 = EDGE_CURVE ( 'NONE', #1366, #3111, #1342, .T. ) ;
#4091 = DIRECTION ( 'NONE',  ( 1.000000000000000000, -0.000000000000000000, 0.000000000000000000 ) ) ;
#4092 = ORIENTED_EDGE ( 'NONE', *, *, #604, .F. ) ;
#4093 = LINE ( 'NONE', #4392, #3202 ) ;
#4094 = FACE_OUTER_BOUND ( 'NONE', #4991, .T. ) ;
#4095 = DIRECTION ( 'NONE',  ( 0.000000000000000000, 0.000000000000000000, -1.000000000000000000 ) ) ;
#4096 = ORIENTED_EDGE ( 'NONE', *, *, #3451, .T. ) ;
#4097 = ORIENTED_EDGE ( 'NONE', *, *, #3582, .T. ) ;
#4098 = LINE ( 'NONE', #2430, #3217 ) ;
#4099 = LINE ( 'NONE', #5360, #4984 ) ;
#4100 = ORIENTED_EDGE ( 'NONE', *, *, #4980, .T. ) ;
#4101 = VERTEX_POINT ( 'NONE', #4412 ) ;
#4102 = CARTESIAN_POINT ( 'NONE',  ( 58.02613948405432609, 52.67439564682089781, 7.000000000000000000 ) ) ;
#4103 = EDGE_LOOP ( 'NONE', ( #1975, #773, #3436, #2290 ) ) ;
#4104 = CARTESIAN_POINT ( 'NONE',  ( 57.46984934592701677, 41.21884720954800940, 4.000000000000000000 ) ) ;
#4105 = CARTESIAN_POINT ( 'NONE',  ( 31.21060500309819119, 31.28592075184100096, 4.000000000000000000 ) ) ;
#4106 = VERTEX_POINT ( 'NONE', #474 ) ;
#4107 = EDGE_CURVE ( 'NONE', #2464, #3580, #2225, .T. ) ;
#4108 = LINE ( 'NONE', #1900, #2126 ) ;
#4109 = FACE_OUTER_BOUND ( 'NONE', #2483, .T. ) ;
#4110 = CARTESIAN_POINT ( 'NONE',  ( 73.15243468099103552, 20.03231731485909961, 4.000000000000000000 ) ) ;
#4111 = CARTESIAN_POINT ( 'NONE',  ( 24.30793625377895850, 25.20718193523071449, 7.000000000000000000 ) ) ;
#4112 = CARTESIAN_POINT ( 'NONE',  ( 0.000000000000000000, 51.26230093957098433, 0.000000000000000000 ) ) ;
#4113 = CARTESIAN_POINT ( 'NONE',  ( 54.42884860408192793, 27.75317541498460372, 10.00000000000000000 ) ) ;
#4114 = VERTEX_POINT ( 'NONE', #1319 ) ;
#4115 = PLANE ( 'NONE',  #2838 ) ;
#4116 = DIRECTION ( 'NONE',  ( -1.000000000000000000, 0.000000000000000000, 0.000000000000000000 ) ) ;
#4117 = ADVANCED_FACE ( 'NONE', ( #5327 ), #3981, .T. ) ;
#4118 = EDGE_CURVE ( 'NONE', #3533, #3636, #2253, .T. ) ;
#4119 = ORIENTED_EDGE ( 'NONE', *, *, #4075, .F. ) ;
#4120 = ORIENTED_EDGE ( 'NONE', *, *, #890, .T. ) ;
#4121 = VECTOR ( 'NONE', #3626, 1000.000000000000000 ) ;
#4122 = DIRECTION ( 'NONE',  ( 0.7070197385735585982, -0.7071938130861842309, 0.000000000000000000 ) ) ;
#4123 = DIRECTION ( 'NONE',  ( 0.000000000000000000, 0.000000000000000000, -1.000000000000000000 ) ) ;
#4124 = ORIENTED_EDGE ( 'NONE', *, *, #4090, .T. ) ;
#4125 = AXIS2_PLACEMENT_3D ( 'NONE', #5344, #3123, #3963 ) ;
#4126 = DIRECTION ( 'NONE',  ( 0.8660254037844383745, 0.5000000000000003331, 0.000000000000000000 ) ) ;
#4127 = EDGE_CURVE ( 'NONE', #2170, #355, #5036, .T. ) ;
#4128 = ORIENTED_EDGE ( 'NONE', *, *, #502, .F. ) ;
#4129 = LINE ( 'NONE', #2410, #5243 ) ;
#4130 = VECTOR ( 'NONE', #533, 1000.000000000000114 ) ;
#4131 = ORIENTED_EDGE ( 'NONE', *, *, #3156, .F. ) ;
#4132 = LINE ( 'NONE', #4216, #4609 ) ;
#4133 = VECTOR ( 'NONE', #396, 999.9999999999998863 ) ;
#4134 = EDGE_CURVE ( 'NONE', #3408, #3845, #181, .T. ) ;
#4135 = ORIENTED_EDGE ( 'NONE', *, *, #152, .F. ) ;
#4136 = DIRECTION ( 'NONE',  ( -3.469446951953610639E-15, -1.000000000000000000, 0.000000000000000000 ) ) ;
#4137 = VECTOR ( 'NONE', #3198, 1000.000000000000000 ) ;
#4138 = LINE ( 'NONE', #4937, #1581 ) ;
#4139 = DIRECTION ( 'NONE',  ( -0.7071067811865457964, 0.7071067811865492381, 0.000000000000000000 ) ) ;
#4140 = DIRECTION ( 'NONE',  ( 0.5773502691896212902, -0.5773502691896212902, -0.5773502691896346128 ) ) ;
#4141 = PLANE ( 'NONE',  #4504 ) ;
#4142 = VECTOR ( 'NONE', #1521, 1000.000000000000000 ) ;
#4143 = DIRECTION ( 'NONE',  ( -0.000000000000000000, -0.000000000000000000, 1.000000000000000000 ) ) ;
#4144 = ORIENTED_EDGE ( 'NONE', *, *, #1890, .T. ) ;
#4145 = AXIS2_PLACEMENT_3D ( 'NONE', #174, #5401, #1966 ) ;
#4146 = DIRECTION ( 'NONE',  ( 0.000000000000000000, 0.000000000000000000, -1.000000000000000000 ) ) ;
#4147 = EDGE_CURVE ( 'NONE', #5680, #2464, #4098, .T. ) ;
#4148 = DIRECTION ( 'NONE',  ( 1.000000000000000000, -0.000000000000000000, 0.000000000000000000 ) ) ;
#4149 = EDGE_LOOP ( 'NONE', ( #3993, #3957, #1170, #26 ) ) ;
#4150 = VERTEX_POINT ( 'NONE', #1889 ) ;
#4151 = FACE_OUTER_BOUND ( 'NONE', #4638, .T. ) ;
#4152 = EDGE_CURVE ( 'NONE', #10, #3379, #5382, .T. ) ;
#4153 = CARTESIAN_POINT ( 'NONE',  ( 33.23793625377881256, 40.67439564682086939, 7.000000000000000000 ) ) ;
#4154 = EDGE_LOOP ( 'NONE', ( #527, #3839, #455, #2199 ) ) ;
#4155 = VECTOR ( 'NONE', #1442, 1000.000000000000000 ) ;
#4156 = FACE_OUTER_BOUND ( 'NONE', #5413, .T. ) ;
#4157 = ORIENTED_EDGE ( 'NONE', *, *, #3928, .T. ) ;
#4158 = VERTEX_POINT ( 'NONE', #4950 ) ;
#4159 = VECTOR ( 'NONE', #2907, 1000.000000000000000 ) ;
#4160 = DIRECTION ( 'NONE',  ( -0.000000000000000000, -0.000000000000000000, 1.000000000000000000 ) ) ;
#4161 = ORIENTED_EDGE ( 'NONE', *, *, #2041, .F. ) ;
#4162 = LINE ( 'NONE', #2900, #832 ) ;
#4163 = DIRECTION ( 'NONE',  ( -0.000000000000000000, -0.000000000000000000, -1.000000000000000000 ) ) ;
#4164 = CARTESIAN_POINT ( 'NONE',  ( 55.42884860408194214, 26.75317541498458951, 4.000000000000000000 ) ) ;
#4165 = EDGE_CURVE ( 'NONE', #5563, #5481, #1058, .T. ) ;
#4166 = CARTESIAN_POINT ( 'NONE',  ( 66.34084972657723256, 23.61190122397092495, 4.000000000000000000 ) ) ;
#4167 = FACE_OUTER_BOUND ( 'NONE', #5640, .T. ) ;
#4168 = DIRECTION ( 'NONE',  ( -1.000000000000000000, 0.000000000000000000, -0.000000000000000000 ) ) ;
#4169 = CARTESIAN_POINT ( 'NONE',  ( 5.000000000000530243, 33.46289289354402285, 10.00099999999999945 ) ) ;
#4170 = LINE ( 'NONE', #3854, #5343 ) ;
#4171 = PLANE ( 'NONE',  #458 ) ;
#4172 = DIRECTION ( 'NONE',  ( -0.000000000000000000, -0.000000000000000000, 1.000000000000000000 ) ) ;
#4173 = DIRECTION ( 'NONE',  ( 0.7071067811865464625, 0.7071067811865486830, 0.000000000000000000 ) ) ;
#4174 = FACE_OUTER_BOUND ( 'NONE', #1323, .T. ) ;
#4175 = ORIENTED_EDGE ( 'NONE', *, *, #3135, .T. ) ;
#4176 = DIRECTION ( 'NONE',  ( -0.9999999924245159821, 0.0001230892683140344564, 0.000000000000000000 ) ) ;
#4177 = DIRECTION ( 'NONE',  ( -0.000000000000000000, -0.000000000000000000, -1.000000000000000000 ) ) ;
#4178 = ORIENTED_EDGE ( 'NONE', *, *, #5526, .T. ) ;
#4179 = CARTESIAN_POINT ( 'NONE',  ( 11.68769779765030847, 43.83617119703320952, 6.000000000000000000 ) ) ;
#4180 = DIRECTION ( 'NONE',  ( 0.000000000000000000, 1.000000000000000000, 0.000000000000000000 ) ) ;
#4181 = ADVANCED_FACE ( 'NONE', ( #2830 ), #1150, .F. ) ;
#4182 = ORIENTED_EDGE ( 'NONE', *, *, #2291, .T. ) ;
#4183 = PLANE ( 'NONE',  #1593 ) ;
#4184 = EDGE_LOOP ( 'NONE', ( #3444, #2226, #883, #4680 ) ) ;
#4185 = LINE ( 'NONE', #3749, #778 ) ;
#4186 = ORIENTED_EDGE ( 'NONE', *, *, #3383, .T. ) ;
#4187 = EDGE_CURVE ( 'NONE', #1653, #3986, #2891, .T. ) ;
#4188 = CARTESIAN_POINT ( 'NONE',  ( 40.83180065388673796, 43.69286487643512373, 1.699885383662997906 ) ) ;
#4189 = EDGE_LOOP ( 'NONE', ( #3466, #711, #4009, #77 ) ) ;
#4190 = DIRECTION ( 'NONE',  ( 0.000000000000000000, 0.000000000000000000, -1.000000000000000000 ) ) ;
#4191 = LINE ( 'NONE', #5109, #1027 ) ;
#4192 = EDGE_CURVE ( 'NONE', #1147, #3772, #1085, .T. ) ;
#4193 = LINE ( 'NONE', #1612, #1324 ) ;
#4194 = CARTESIAN_POINT ( 'NONE',  ( 6.992565577374029395, 5.000000000000023093, 10.00000000000000000 ) ) ;
#4195 = CARTESIAN_POINT ( 'NONE',  ( 66.34084972657724677, 31.21190122397094413, 4.000000000000000000 ) ) ;
#4196 = LINE ( 'NONE', #3801, #4584 ) ;
#4197 = DIRECTION ( 'NONE',  ( 0.5000000000000004441, 0.8660254037844384856, 0.000000000000000000 ) ) ;
#4198 = ORIENTED_EDGE ( 'NONE', *, *, #172, .T. ) ;
#4199 = LINE ( 'NONE', #4606, #2113 ) ;
#4200 = FACE_OUTER_BOUND ( 'NONE', #5506, .T. ) ;
#4201 = ORIENTED_EDGE ( 'NONE', *, *, #5549, .T. ) ;
#4202 = ORIENTED_EDGE ( 'NONE', *, *, #2770, .F. ) ;
#4203 = CARTESIAN_POINT ( 'NONE',  ( 36.63180065388673512, 38.69286487643513084, 1.699885383662997906 ) ) ;
#4204 = ORIENTED_EDGE ( 'NONE', *, *, #3079, .F. ) ;
#4205 = FACE_OUTER_BOUND ( 'NONE', #1454, .T. ) ;
#4206 = ORIENTED_EDGE ( 'NONE', *, *, #3621, .F. ) ;
#4207 = CARTESIAN_POINT ( 'NONE',  ( 0.000000000000000000, 31.21190122397094413, 4.000000000000000000 ) ) ;
#4208 = ORIENTED_EDGE ( 'NONE', *, *, #3831, .F. ) ;
#4209 = ORIENTED_EDGE ( 'NONE', *, *, #1978, .T. ) ;
#4210 = DIRECTION ( 'NONE',  ( -9.324293839476711010E-05, -0.9999999956528771161, 0.000000000000000000 ) ) ;
#4211 = LINE ( 'NONE', #4102, #3125 ) ;
#4212 = AXIS2_PLACEMENT_3D ( 'NONE', #5281, #2175, #4311 ) ;
#4213 = ORIENTED_EDGE ( 'NONE', *, *, #1607, .F. ) ;
#4214 = EDGE_CURVE ( 'NONE', #1177, #5501, #1941, .T. ) ;
#4215 = PLANE ( 'NONE',  #3848 ) ;
#4216 = CARTESIAN_POINT ( 'NONE',  ( 5.000000000000903277, 54.01736618697488979, 10.00000000000000000 ) ) ;
#4217 = ADVANCED_FACE ( 'NONE', ( #216 ), #3718, .F. ) ;
#4218 = AXIS2_PLACEMENT_3D ( 'NONE', #3368, #5117, #2048 ) ;
#4219 = CARTESIAN_POINT ( 'NONE',  ( 42.42884860408194214, 27.75317541498460372, 4.000000000000000000 ) ) ;
#4220 = DIRECTION ( 'NONE',  ( -0.000000000000000000, -0.000000000000000000, 1.000000000000000000 ) ) ;
#4221 = CARTESIAN_POINT ( 'NONE',  ( 12.01402484683469041, 0.000000000000000000, 4.000000000000000000 ) ) ;
#4222 = VECTOR ( 'NONE', #4482, 1000.000000000000000 ) ;
#4223 = DIRECTION ( 'NONE',  ( -0.5000000000000006661, -0.8660254037844383745, 0.000000000000000000 ) ) ;
#4224 = DIRECTION ( 'NONE',  ( -0.7070197385735585982, 0.7071938130861842309, -0.000000000000000000 ) ) ;
#4225 = CARTESIAN_POINT ( 'NONE',  ( 75.88613948405432552, 52.67439564682089781, 7.000000000000000000 ) ) ;
#4226 = CARTESIAN_POINT ( 'NONE',  ( 15.37793625377882201, 56.67439564682091202, 7.000000000000000000 ) ) ;
#4227 = VECTOR ( 'NONE', #1702, 1000.000000000000000 ) ;
#4228 = LINE ( 'NONE', #5527, #2568 ) ;
#4229 = CARTESIAN_POINT ( 'NONE',  ( 8.888803657608024267, 8.415085090169998949, 10.00099999999999945 ) ) ;
#4230 = ORIENTED_EDGE ( 'NONE', *, *, #3119, .T. ) ;
#4231 = ADVANCED_FACE ( 'NONE', ( #4151 ), #2400, .F. ) ;
#4232 = VECTOR ( 'NONE', #3059, 1000.000000000000000 ) ;
#4233 = FACE_OUTER_BOUND ( 'NONE', #813, .T. ) ;
#4234 = LINE ( 'NONE', #331, #4252 ) ;
#4235 = ORIENTED_EDGE ( 'NONE', *, *, #1451, .F. ) ;
#4236 = DIRECTION ( 'NONE',  ( 0.000000000000000000, 0.000000000000000000, 1.000000000000000000 ) ) ;
#4237 = VECTOR ( 'NONE', #3703, 1000.000000000000114 ) ;
#4238 = VECTOR ( 'NONE', #591, 1000.000000000000000 ) ;
#4239 = ORIENTED_EDGE ( 'NONE', *, *, #1722, .F. ) ;
#4240 = DIRECTION ( 'NONE',  ( -1.000000000000000000, 1.734723475976805517E-15, 0.000000000000000000 ) ) ;
#4241 = EDGE_CURVE ( 'NONE', #2717, #2952, #4531, .T. ) ;
#4242 = ORIENTED_EDGE ( 'NONE', *, *, #493, .T. ) ;
#4243 = VECTOR ( 'NONE', #2070, 1000.000000000000000 ) ;
#4244 = VERTEX_POINT ( 'NONE', #4203 ) ;
#4245 = ORIENTED_EDGE ( 'NONE', *, *, #2146, .T. ) ;
#4246 = DIRECTION ( 'NONE',  ( -0.000000000000000000, -0.000000000000000000, 1.000000000000000000 ) ) ;
#4247 = CARTESIAN_POINT ( 'NONE',  ( 18.61060500309818977, 30.68592075184099599, 3.399999999999983036 ) ) ;
#4248 = CIRCLE ( 'NONE', #4708, 1.700000000000001066 ) ;
#4249 = EDGE_CURVE ( 'NONE', #731, #3637, #3633, .T. ) ;
#4250 = ORIENTED_EDGE ( 'NONE', *, *, #3351, .F. ) ;
#4251 = CARTESIAN_POINT ( 'NONE',  ( 65.34807733323546586, 45.95871309031685570, 4.000000000000000000 ) ) ;
#4252 = VECTOR ( 'NONE', #3833, 1000.000000000000227 ) ;
#4253 = LINE ( 'NONE', #1270, #2022 ) ;
#4254 = EDGE_CURVE ( 'NONE', #2272, #5037, #5474, .T. ) ;
#4255 = CARTESIAN_POINT ( 'NONE',  ( 0.000000000000000000, 0.000000000000000000, 7.000000000000000000 ) ) ;
#4256 = EDGE_CURVE ( 'NONE', #2784, #3716, #3314, .T. ) ;
#4257 = DIRECTION ( 'NONE',  ( -0.000000000000000000, -0.000000000000000000, 1.000000000000000000 ) ) ;
#4258 = VECTOR ( 'NONE', #2402, 1000.000000000000000 ) ;
#4259 = DIRECTION ( 'NONE',  ( -0.000000000000000000, 0.000000000000000000, 1.000000000000000000 ) ) ;
#4260 = CARTESIAN_POINT ( 'NONE',  ( 51.09793625377880488, 40.67439564682086939, 10.00000000000000000 ) ) ;
#4261 = LINE ( 'NONE', #3396, #5533 ) ;
#4262 = DIRECTION ( 'NONE',  ( -0.000000000000000000, -0.000000000000000000, -1.000000000000000000 ) ) ;
#4263 = EDGE_CURVE ( 'NONE', #3898, #33, #1477, .T. ) ;
#4264 = FACE_OUTER_BOUND ( 'NONE', #4874, .T. ) ;
#4265 = DIRECTION ( 'NONE',  ( -1.000000000000000000, -1.317956502048527864E-15, -0.000000000000000000 ) ) ;
#4266 = ORIENTED_EDGE ( 'NONE', *, *, #2831, .T. ) ;
#4267 = LINE ( 'NONE', #2593, #4 ) ;
#4268 = DIRECTION ( 'NONE',  ( 0.7061519002946796686, -0.7080603743397965166, 0.000000000000000000 ) ) ;
#4269 = CARTESIAN_POINT ( 'NONE',  ( 11.68769779765031025, 35.83617119703320952, 4.000000000000000000 ) ) ;
#4270 = CARTESIAN_POINT ( 'NONE',  ( 40.70065559444936554, 40.69063719969623349, 0.000000000000000000 ) ) ;
#4271 = VERTEX_POINT ( 'NONE', #5447 ) ;
#4272 = ORIENTED_EDGE ( 'NONE', *, *, #172, .F. ) ;
#4273 = CARTESIAN_POINT ( 'NONE',  ( 74.41423944072103325, 5.000000000000023093, 0.000000000000000000 ) ) ;
#4274 = ORIENTED_EDGE ( 'NONE', *, *, #740, .F. ) ;
#4275 = CARTESIAN_POINT ( 'NONE',  ( 13.37613948405448738, 29.20718193523072514, 10.00000000000000000 ) ) ;
#4276 = CARTESIAN_POINT ( 'NONE',  ( 77.98218423212628636, 59.97470916941927044, 10.00099999999999945 ) ) ;
#4277 = VERTEX_POINT ( 'NONE', #4611 ) ;
#4278 = ORIENTED_EDGE ( 'NONE', *, *, #3135, .F. ) ;
#4279 = DIRECTION ( 'NONE',  ( 0.000000000000000000, -0.000000000000000000, -1.000000000000000000 ) ) ;
#4280 = EDGE_LOOP ( 'NONE', ( #2805, #4213, #1313, #4505 ) ) ;
#4281 = LINE ( 'NONE', #2932, #1293 ) ;
#4282 = EDGE_CURVE ( 'NONE', #5220, #4078, #5236, .T. ) ;
#4283 = PLANE ( 'NONE',  #3596 ) ;
#4284 = EDGE_CURVE ( 'NONE', #215, #2599, #3254, .T. ) ;
#4285 = CARTESIAN_POINT ( 'NONE',  ( 55.42884860408193504, 24.35317541498459448, 10.00000000000000000 ) ) ;
#4286 = CARTESIAN_POINT ( 'NONE',  ( 17.46155956311902813, 6.186614173228023539, 10.00099999999999945 ) ) ;
#4287 = CARTESIAN_POINT ( 'NONE',  ( 35.23973302350342607, 29.20718193523073225, 10.00000000000000000 ) ) ;
#4288 = DIRECTION ( 'NONE',  ( -1.000000000000000000, 0.000000000000000000, 0.000000000000000000 ) ) ;
#4289 = EDGE_CURVE ( 'NONE', #3559, #4791, #3348, .T. ) ;
#4290 = LINE ( 'NONE', #1558, #198 ) ;
#4291 = ORIENTED_EDGE ( 'NONE', *, *, #4997, .F. ) ;
#4292 = DIRECTION ( 'NONE',  ( 0.000000000000000000, 1.000000000000000000, 0.000000000000000000 ) ) ;
#4293 = CARTESIAN_POINT ( 'NONE',  ( 0.000000000000000000, 45.25038475940630889, 4.000000000000000000 ) ) ;
#4294 = ADVANCED_FACE ( 'NONE', ( #269 ), #5210, .T. ) ;
#4295 = DIRECTION ( 'NONE',  ( 0.000000000000000000, 0.000000000000000000, -1.000000000000000000 ) ) ;
#4296 = DIRECTION ( 'NONE',  ( -0.7071067811865471286, 0.7071067811865479058, 0.000000000000000000 ) ) ;
#4297 = ORIENTED_EDGE ( 'NONE', *, *, #1466, .F. ) ;
#4298 = DIRECTION ( 'NONE',  ( -1.734723475976805517E-15, -1.000000000000000000, 0.000000000000000000 ) ) ;
#4299 = ORIENTED_EDGE ( 'NONE', *, *, #940, .F. ) ;
#4300 = EDGE_CURVE ( 'NONE', #3530, #3087, #333, .T. ) ;
#4301 = LINE ( 'NONE', #5190, #3784 ) ;
#4302 = ORIENTED_EDGE ( 'NONE', *, *, #323, .T. ) ;
#4303 = ORIENTED_EDGE ( 'NONE', *, *, #2240, .F. ) ;
#4304 = LINE ( 'NONE', #2436, #743 ) ;
#4305 = FACE_OUTER_BOUND ( 'NONE', #4154, .T. ) ;
#4306 = ORIENTED_EDGE ( 'NONE', *, *, #314, .F. ) ;
#4307 = EDGE_CURVE ( 'NONE', #2793, #1711, #852, .T. ) ;
#4308 = ORIENTED_EDGE ( 'NONE', *, *, #1864, .T. ) ;
#4309 = CARTESIAN_POINT ( 'NONE',  ( 36.03180065388673370, 44.29286487643512515, 4.000000000000000000 ) ) ;
#4310 = VECTOR ( 'NONE', #879, 1000.000000000000227 ) ;
#4311 = DIRECTION ( 'NONE',  ( -1.887397745837881465E-14, -1.000000000000000000, 0.000000000000000000 ) ) ;
#4312 = DIRECTION ( 'NONE',  ( 0.5000000000000006661, 0.8660254037844382635, 0.000000000000000000 ) ) ;
#4313 = VECTOR ( 'NONE', #1165, 1000.000000000000000 ) ;
#4314 = FACE_OUTER_BOUND ( 'NONE', #1592, .T. ) ;
#4315 = VERTEX_POINT ( 'NONE', #2976 ) ;
#4316 = DIRECTION ( 'NONE',  ( -0.7071938130861842309, -0.7070197385735585982, -0.000000000000000000 ) ) ;
#4317 = LINE ( 'NONE', #787, #2196 ) ;
#4318 = VECTOR ( 'NONE', #2993, 1000.000000000000114 ) ;
#4319 = FACE_OUTER_BOUND ( 'NONE', #4614, .T. ) ;
#4320 = LINE ( 'NONE', #3861, #2945 ) ;
#4321 = VECTOR ( 'NONE', #5398, 1000.000000000000000 ) ;
#4322 = LINE ( 'NONE', #3018, #1940 ) ;
#4323 = DIRECTION ( 'NONE',  ( -1.000000000000000000, 0.000000000000000000, 0.000000000000000000 ) ) ;
#4324 = VERTEX_POINT ( 'NONE', #2596 ) ;
#4325 = VECTOR ( 'NONE', #3690, 1000.000000000000000 ) ;
#4326 = DIRECTION ( 'NONE',  ( 0.000000000000000000, 0.000000000000000000, -1.000000000000000000 ) ) ;
#4327 = ORIENTED_EDGE ( 'NONE', *, *, #1650, .F. ) ;
#4328 = EDGE_CURVE ( 'NONE', #3413, #3142, #2085, .T. ) ;
#4329 = CARTESIAN_POINT ( 'NONE',  ( 6.447936253778966176, 41.20718193523075712, 7.000000000000000000 ) ) ;
#4330 = VERTEX_POINT ( 'NONE', #3835 ) ;
#4331 = VECTOR ( 'NONE', #2783, 1000.000000000000227 ) ;
#4332 = VECTOR ( 'NONE', #2877, 1000.000000000000227 ) ;
#4333 = ORIENTED_EDGE ( 'NONE', *, *, #4898, .F. ) ;
#4334 = EDGE_CURVE ( 'NONE', #1653, #1772, #1683, .T. ) ;
#4335 = FACE_OUTER_BOUND ( 'NONE', #5656, .T. ) ;
#4336 = ORIENTED_EDGE ( 'NONE', *, *, #4376, .T. ) ;
#4337 = EDGE_LOOP ( 'NONE', ( #310, #970, #1898, #443 ) ) ;
#4338 = CIRCLE ( 'NONE', #1037, 1.699999999999993072 ) ;
#4339 = VECTOR ( 'NONE', #5667, 1000.000000000000000 ) ;
#4340 = ORIENTED_EDGE ( 'NONE', *, *, #1412, .F. ) ;
#4341 = CARTESIAN_POINT ( 'NONE',  ( 40.83180065388673796, 38.69286487643512373, 1.699885383662997906 ) ) ;
#4342 = VECTOR ( 'NONE', #2012, 1000.000000000000000 ) ;
#4343 = ADVANCED_FACE ( 'NONE', ( #4736 ), #2546, .T. ) ;
#4344 = EDGE_CURVE ( 'NONE', #272, #266, #3518, .T. ) ;
#4345 = VECTOR ( 'NONE', #5441, 1000.000000000000227 ) ;
#4346 = CARTESIAN_POINT ( 'NONE',  ( 65.34807733323546586, 40.95871309031685570, 5.000000000000000000 ) ) ;
#4347 = VERTEX_POINT ( 'NONE', #2271 ) ;
#4348 = LINE ( 'NONE', #2013, #4956 ) ;
#4349 = DIRECTION ( 'NONE',  ( 1.000000000000000000, 0.000000000000000000, 0.000000000000000000 ) ) ;
#4350 = EDGE_CURVE ( 'NONE', #804, #1267, #2707, .T. ) ;
#4351 = AXIS2_PLACEMENT_3D ( 'NONE', #4850, #2235, #3992 ) ;
#4352 = DIRECTION ( 'NONE',  ( -0.000000000000000000, -0.000000000000000000, -1.000000000000000000 ) ) ;
#4353 = PLANE ( 'NONE',  #4879 ) ;
#4354 = PLANE ( 'NONE',  #3124 ) ;
#4355 = DIRECTION ( 'NONE',  ( 0.8660254037844385966, 0.5000000000000001110, 0.000000000000000000 ) ) ;
#4356 = ORIENTED_EDGE ( 'NONE', *, *, #2684, .F. ) ;
#4357 = ORIENTED_EDGE ( 'NONE', *, *, #4461, .F. ) ;
#4358 = DIRECTION ( 'NONE',  ( 0.000000000000000000, -0.7071067811865556774, 0.7071067811865393571 ) ) ;
#4359 = EDGE_LOOP ( 'NONE', ( #2839, #4092, #2138, #905, #5168, #2004, #2314, #3860 ) ) ;
#4360 = VERTEX_POINT ( 'NONE', #877 ) ;
#4361 = EDGE_CURVE ( 'NONE', #1893, #1617, #3048, .T. ) ;
#4362 = CARTESIAN_POINT ( 'NONE',  ( 6.447936253778962623, 25.20718193523071449, 10.00000000000000000 ) ) ;
#4363 = LINE ( 'NONE', #865, #5350 ) ;
#4364 = EDGE_LOOP ( 'NONE', ( #4760, #476, #4823, #1872 ) ) ;
#4365 = VERTEX_POINT ( 'NONE', #1791 ) ;
#4366 = DIRECTION ( 'NONE',  ( 1.000000000000000000, 1.317956502048527864E-15, 0.000000000000000000 ) ) ;
#4367 = APPLICATION_CONTEXT ( 'automotive_design' ) ;
#4368 = EDGE_CURVE ( 'NONE', #2605, #4360, #2617, .T. ) ;
#4369 = DIRECTION ( 'NONE',  ( 0.000000000000000000, -0.000000000000000000, 1.000000000000000000 ) ) ;
#4370 = EDGE_CURVE ( 'NONE', #3745, #2458, #4813, .T. ) ;
#4371 = EDGE_LOOP ( 'NONE', ( #1489, #4740, #3616, #3893 ) ) ;
#4372 = DIRECTION ( 'NONE',  ( -0.7071067811865474617, 0.7071067811865474617, 0.000000000000000000 ) ) ;
#4373 = CARTESIAN_POINT ( 'NONE',  ( 6.992565577374029395, 5.000000000000023093, 0.000000000000000000 ) ) ;
#4374 = DIRECTION ( 'NONE',  ( 0.000000000000000000, 1.000000000000000000, 0.000000000000000000 ) ) ;
#4375 = LINE ( 'NONE', #4431, #4339 ) ;
#4376 = EDGE_CURVE ( 'NONE', #3986, #1345, #3542, .T. ) ;
#4377 = DIRECTION ( 'NONE',  ( 1.000000000000000000, 0.000000000000000000, -0.000000000000000000 ) ) ;
#4378 = CARTESIAN_POINT ( 'NONE',  ( 0.000000000000000000, 53.13706121412302252, 0.000000000000000000 ) ) ;
#4379 = ORIENTED_EDGE ( 'NONE', *, *, #5651, .T. ) ;
#4380 = CARTESIAN_POINT ( 'NONE',  ( 15.37793625377881845, 40.67439564682086939, 7.000000000000000000 ) ) ;
#4381 = ORIENTED_EDGE ( 'NONE', *, *, #954, .T. ) ;
#4382 = CARTESIAN_POINT ( 'NONE',  ( 44.16973302350329078, 52.67439564682089781, 7.000000000000000000 ) ) ;
#4383 = VERTEX_POINT ( 'NONE', #2244 ) ;
#4384 = ORIENTED_EDGE ( 'NONE', *, *, #2405, .F. ) ;
#4385 = CARTESIAN_POINT ( 'NONE',  ( 30.61060500309818977, 30.68592075184099599, 1.109999999999998099 ) ) ;
#4386 = EDGE_LOOP ( 'NONE', ( #488, #4074, #1234, #1655 ) ) ;
#4387 = CARTESIAN_POINT ( 'NONE',  ( 5.875044450089794701, 53.13706121412302252, 4.000000000000000000 ) ) ;
#4388 = VERTEX_POINT ( 'NONE', #3099 ) ;
#4389 = ORIENTED_EDGE ( 'NONE', *, *, #2389, .T. ) ;
#4390 = FACE_OUTER_BOUND ( 'NONE', #554, .T. ) ;
#4391 = ORIENTED_EDGE ( 'NONE', *, *, #5594, .T. ) ;
#4392 = CARTESIAN_POINT ( 'NONE',  ( 62.02973302350328311, 52.67439564682089781, 7.000000000000000000 ) ) ;
#4393 = EDGE_CURVE ( 'NONE', #4038, #2722, #4024, .T. ) ;
#4394 = CARTESIAN_POINT ( 'NONE',  ( 7.188803657608024977, 56.44252476504900073, 10.00000000000000000 ) ) ;
#4395 = ORIENTED_EDGE ( 'NONE', *, *, #4629, .F. ) ;
#4396 = VECTOR ( 'NONE', #3137, 1000.000000000000227 ) ;
#4397 = LINE ( 'NONE', #873, #4679 ) ;
#4398 = CARTESIAN_POINT ( 'NONE',  ( 0.000000000000000000, 0.000000000000000000, 1.109999999999998099 ) ) ;
#4399 = DIRECTION ( 'NONE',  ( -0.000000000000000000, -0.000000000000000000, 1.000000000000000000 ) ) ;
#4400 = AXIS2_PLACEMENT_3D ( 'NONE', #814, #324, #5612 ) ;
#4401 = CARTESIAN_POINT ( 'NONE',  ( 55.24511320246803336, 59.97470916941927044, 10.00099999999999945 ) ) ;
#4402 = DIRECTION ( 'NONE',  ( -0.8660254037844380415, -0.5000000000000009992, 0.000000000000000000 ) ) ;
#4403 = VECTOR ( 'NONE', #5284, 999.9999999999998863 ) ;
#4404 = EDGE_CURVE ( 'NONE', #5676, #2752, #3163, .T. ) ;
#4405 = LINE ( 'NONE', #2160, #4413 ) ;
#4406 = ORIENTED_EDGE ( 'NONE', *, *, #1205, .F. ) ;
#4407 = LINE ( 'NONE', #2162, #2186 ) ;
#4408 = VECTOR ( 'NONE', #3397, 1000.000000000000000 ) ;
#4409 = DIRECTION ( 'NONE',  ( -1.000000000000000000, -2.518321216464164144E-16, 0.000000000000000000 ) ) ;
#4410 = VERTEX_POINT ( 'NONE', #4862 ) ;
#4411 = ORIENTED_EDGE ( 'NONE', *, *, #3058, .F. ) ;
#4412 = CARTESIAN_POINT ( 'NONE',  ( 30.61060500309818977, 30.68592075184099599, 1.109999999999998099 ) ) ;
#4413 = VECTOR ( 'NONE', #3974, 1000.000000000000227 ) ;
#4414 = ORIENTED_EDGE ( 'NONE', *, *, #3247, .F. ) ;
#4415 = DIRECTION ( 'NONE',  ( -0.000000000000000000, -0.000000000000000000, -1.000000000000000000 ) ) ;
#4416 = ORIENTED_EDGE ( 'NONE', *, *, #5018, .T. ) ;
#4417 = AXIS2_PLACEMENT_3D ( 'NONE', #1818, #5319, #4355 ) ;
#4418 = ORIENTED_EDGE ( 'NONE', *, *, #5005, .F. ) ;
#4419 = VECTOR ( 'NONE', #5345, 1000.000000000000000 ) ;
#4420 = VERTEX_POINT ( 'NONE', #904 ) ;
#4421 = LINE ( 'NONE', #596, #1850 ) ;
#4422 = CARTESIAN_POINT ( 'NONE',  ( 75.88613948405432552, 52.67439564682089781, 10.00000000000000000 ) ) ;
#4423 = ORIENTED_EDGE ( 'NONE', *, *, #314, .T. ) ;
#4424 = VECTOR ( 'NONE', #4817, 1000.000000000000000 ) ;
#4425 = ADVANCED_FACE ( 'NONE', ( #1848 ), #4917, .F. ) ;
#4426 = AXIS2_PLACEMENT_3D ( 'NONE', #3219, #2824, #1109 ) ;
#4427 = PLANE ( 'NONE',  #5140 ) ;
#4428 = EDGE_CURVE ( 'NONE', #3580, #2720, #3940, .T. ) ;
#4429 = EDGE_CURVE ( 'NONE', #1243, #4871, #4000, .T. ) ;
#4430 = DIRECTION ( 'NONE',  ( -0.8660254037844378194, -0.5000000000000013323, 0.000000000000000000 ) ) ;
#4431 = CARTESIAN_POINT ( 'NONE',  ( 73.34807733323548007, 40.95871309031685570, 5.000000000000000000 ) ) ;
#4432 = AXIS2_PLACEMENT_3D ( 'NONE', #2364, #2427, #768 ) ;
#4433 = FACE_OUTER_BOUND ( 'NONE', #507, .T. ) ;
#4434 = CARTESIAN_POINT ( 'NONE',  ( 46.94653210253800779, 34.88980021391638076, 0.9599999985689978699 ) ) ;
#4435 = VECTOR ( 'NONE', #1914, 1000.000000000000000 ) ;
#4436 = DIRECTION ( 'NONE',  ( -1.000000000000000000, 0.000000000000000000, 0.000000000000000000 ) ) ;
#4437 = EDGE_LOOP ( 'NONE', ( #3531, #1575, #1718, #1346, #1809, #1418, #4336, #246, #5030, #2861, #4529, #1391 ) ) ;
#4438 = DIRECTION ( 'NONE',  ( 0.7071067811865392461, 0.000000000000000000, -0.7071067811865556774 ) ) ;
#4439 = AXIS2_PLACEMENT_3D ( 'NONE', #5384, #183, #4123 ) ;
#4440 = DIRECTION ( 'NONE',  ( 0.8660254037844383745, 0.5000000000000003331, 0.000000000000000000 ) ) ;
#4441 = VERTEX_POINT ( 'NONE', #1764 ) ;
#4442 = ORIENTED_EDGE ( 'NONE', *, *, #4457, .T. ) ;
#4443 = CARTESIAN_POINT ( 'NONE',  ( 62.02973302350326890, 44.67439564682089070, 7.000000000000000000 ) ) ;
#4444 = EDGE_LOOP ( 'NONE', ( #1405, #2774, #714, #3178 ) ) ;
#4445 = ORIENTED_EDGE ( 'NONE', *, *, #1040, .T. ) ;
#4446 = EDGE_CURVE ( 'NONE', #796, #395, #1335, .T. ) ;
#4447 = EDGE_LOOP ( 'NONE', ( #4302, #438, #1562, #1450, #3065, #41 ) ) ;
#4448 = CARTESIAN_POINT ( 'NONE',  ( 53.48264078761654616, 52.77490806565516834, 6.000000000000000000 ) ) ;
#4449 = EDGE_LOOP ( 'NONE', ( #3445, #4720, #1982, #3113, #2981, #3372, #2177, #1805 ) ) ;
#4450 = PLANE ( 'NONE',  #3483 ) ;
#4451 = FACE_OUTER_BOUND ( 'NONE', #2690, .T. ) ;
#4452 = ADVANCED_FACE ( 'NONE', ( #4834 ), #2641, .F. ) ;
#4453 = ORIENTED_EDGE ( 'NONE', *, *, #2963, .T. ) ;
#4454 = FACE_OUTER_BOUND ( 'NONE', #5271, .T. ) ;
#4455 = DIRECTION ( 'NONE',  ( 0.000000000000000000, 0.000000000000000000, 1.000000000000000000 ) ) ;
#4456 = CARTESIAN_POINT ( 'NONE',  ( 17.37973302350344440, 37.20718193523073580, 7.000000000000000000 ) ) ;
#4457 = EDGE_CURVE ( 'NONE', #3814, #2977, #4405, .T. ) ;
#4458 = CARTESIAN_POINT ( 'NONE',  ( 5.875044450089794701, 53.13706121412302252, 0.000000000000000000 ) ) ;
#4459 = EDGE_CURVE ( 'NONE', #3954, #979, #930, .T. ) ;
#4460 = CARTESIAN_POINT ( 'NONE',  ( 49.09613948405447559, 29.20718193523072514, 7.000000000000000000 ) ) ;
#4461 = EDGE_CURVE ( 'NONE', #4383, #3379, #5670, .T. ) ;
#4462 = APPLICATION_PROTOCOL_DEFINITION ( 'draft international standard', 'automotive_design', 1998, #4367 ) ;
#4463 = CARTESIAN_POINT ( 'NONE',  ( 65.34807733323546586, 45.95871309031685570, 5.000000000000000000 ) ) ;
#4464 = EDGE_LOOP ( 'NONE', ( #4327, #2959 ) ) ;
#4465 = EDGE_CURVE ( 'NONE', #2093, #425, #498, .T. ) ;
#4466 = FACE_OUTER_BOUND ( 'NONE', #4371, .T. ) ;
#4467 = PLANE ( 'NONE',  #2411 ) ;
#4468 = ORIENTED_EDGE ( 'NONE', *, *, #1217, .F. ) ;
#4469 = ORIENTED_EDGE ( 'NONE', *, *, #5599, .T. ) ;
#4470 = FACE_OUTER_BOUND ( 'NONE', #4851, .T. ) ;
#4471 = VERTEX_POINT ( 'NONE', #605 ) ;
#4472 = EDGE_CURVE ( 'NONE', #2122, #1626, #4060, .T. ) ;
#4473 = DIRECTION ( 'NONE',  ( -1.000000000000000000, 3.011203194556595896E-16, 0.000000000000000000 ) ) ;
#4474 = EDGE_CURVE ( 'NONE', #1238, #3508, #234, .T. ) ;
#4475 = ORIENTED_EDGE ( 'NONE', *, *, #2657, .T. ) ;
#4476 = EDGE_LOOP ( 'NONE', ( #3741, #3916, #3449, #4274, #4805, #1024 ) ) ;
#4477 = CARTESIAN_POINT ( 'NONE',  ( 17.46155956311902813, 6.186614173228023539, 10.00000000000000000 ) ) ;
#4478 = ADVANCED_FACE ( 'NONE', ( #5374 ), #2822, .F. ) ;
#4479 = ORIENTED_EDGE ( 'NONE', *, *, #1870, .T. ) ;
#4480 = CARTESIAN_POINT ( 'NONE',  ( 65.34807733323546586, 45.95871309031685570, 4.000000000000000000 ) ) ;
#4481 = ORIENTED_EDGE ( 'NONE', *, *, #3429, .T. ) ;
#4482 = DIRECTION ( 'NONE',  ( -0.000000000000000000, -0.000000000000000000, -1.000000000000000000 ) ) ;
#4483 = DIRECTION ( 'NONE',  ( 0.000000000000000000, 0.000000000000000000, -1.000000000000000000 ) ) ;
#4484 = PLANE ( 'NONE',  #5535 ) ;
#4485 = CARTESIAN_POINT ( 'NONE',  ( 69.83157658086554420, 23.35317541498460159, 10.00099999999999945 ) ) ;
#4486 = VECTOR ( 'NONE', #1282, 1000.000000000000227 ) ;
#4487 = CARTESIAN_POINT ( 'NONE',  ( 60.02793625377894671, 41.20718193523075712, 7.000000000000000000 ) ) ;
#4488 = ORIENTED_EDGE ( 'NONE', *, *, #4465, .F. ) ;
#4489 = DIRECTION ( 'NONE',  ( 0.7071067811863657182, -0.7071067811867293162, 0.000000000000000000 ) ) ;
#4490 = LINE ( 'NONE', #1015, #2513 ) ;
#4491 = DIRECTION ( 'NONE',  ( 1.000000000000000000, 6.313997449038182439E-16, 0.000000000000000000 ) ) ;
#4492 = VECTOR ( 'NONE', #5047, 1000.000000000000000 ) ;
#4493 = ORIENTED_EDGE ( 'NONE', *, *, #43, .F. ) ;
#4494 = ORIENTED_EDGE ( 'NONE', *, *, #3089, .T. ) ;
#4495 = DIRECTION ( 'NONE',  ( 1.000000000000000000, 0.000000000000000000, 0.000000000000000000 ) ) ;
#4496 = ADVANCED_FACE ( 'NONE', ( #145 ), #5399, .F. ) ;
#4497 = ADVANCED_FACE ( 'NONE', ( #957 ), #517, .T. ) ;
#4498 = VERTEX_POINT ( 'NONE', #1787 ) ;
#4499 = VECTOR ( 'NONE', #3150, 1000.000000000000000 ) ;
#4500 = DIRECTION ( 'NONE',  ( -1.000000000000000000, 0.000000000000000000, -0.000000000000000000 ) ) ;
#4501 = ORIENTED_EDGE ( 'NONE', *, *, #4084, .F. ) ;
#4502 = ORIENTED_EDGE ( 'NONE', *, *, #1203, .F. ) ;
#4503 = EDGE_CURVE ( 'NONE', #3716, #1998, #2636, .T. ) ;
#4504 = AXIS2_PLACEMENT_3D ( 'NONE', #5436, #663, #2423 ) ;
#4505 = ORIENTED_EDGE ( 'NONE', *, *, #1305, .T. ) ;
#4507 = DIRECTION ( 'NONE',  ( -0.8660254037844381525, 0.5000000000000006661, 0.000000000000000000 ) ) ;
#4506 = VECTOR ( 'NONE', #97, 1000.000000000000000 ) ;
#4508 = CARTESIAN_POINT ( 'NONE',  ( 65.74084972657725245, 30.61190122397092495, 1.109997883926998163 ) ) ;
#4509 = ORIENTED_EDGE ( 'NONE', *, *, #480, .F. ) ;
#4510 = ADVANCED_FACE ( 'NONE', ( #5261 ), #2265, .F. ) ;
#4511 = VECTOR ( 'NONE', #2520, 1000.000000000000000 ) ;
#4512 = VECTOR ( 'NONE', #2353, 1000.000000000000000 ) ;
#4513 = CARTESIAN_POINT ( 'NONE',  ( 76.16692151384303600, 8.415085090169998949, 0.000000000000000000 ) ) ;
#4514 = CARTESIAN_POINT ( 'NONE',  ( 44.16973302350329078, 52.67439564682089781, 7.000000000000000000 ) ) ;
#4515 = VECTOR ( 'NONE', #1519, 1000.000000000000000 ) ;
#4516 = VECTOR ( 'NONE', #1932, 1000.000000000000000 ) ;
#4517 = CARTESIAN_POINT ( 'NONE',  ( 77.88793625377893193, 25.20718193523071449, 7.000000000000000000 ) ) ;
#4518 = CARTESIAN_POINT ( 'NONE',  ( 0.000000000000000000, 5.000000000000022204, 4.000000000000000000 ) ) ;
#4519 = ADVANCED_FACE ( 'NONE', ( #1301 ), #1841, .T. ) ;
#4520 = VECTOR ( 'NONE', #292, 1000.000000000000227 ) ;
#4521 = VECTOR ( 'NONE', #5371, 1000.000000000000000 ) ;
#4522 = PLANE ( 'NONE',  #5250 ) ;
#4523 = ORIENTED_EDGE ( 'NONE', *, *, #2164, .T. ) ;
#4524 = DIRECTION ( 'NONE',  ( -0.000000000000000000, -0.000000000000000000, 1.000000000000000000 ) ) ;
#4525 = CARTESIAN_POINT ( 'NONE',  ( 68.95793625377879721, 40.67439564682086939, 10.00000000000000000 ) ) ;
#4526 = AXIS2_PLACEMENT_3D ( 'NONE', #1257, #4177, #239 ) ;
#4527 = LINE ( 'NONE', #3250, #5068 ) ;
#4528 = ADVANCED_FACE ( 'NONE', ( #5204 ), #2668, .T. ) ;
#4529 = ORIENTED_EDGE ( 'NONE', *, *, #2194, .T. ) ;
#4530 = VERTEX_POINT ( 'NONE', #3966 ) ;
#4531 = LINE ( 'NONE', #642, #4325 ) ;
#4532 = VECTOR ( 'NONE', #5579, 1000.000000000000000 ) ;
#4533 = CARTESIAN_POINT ( 'NONE',  ( 65.16983569344401417, 0.000000000000000000, 4.000000000000000000 ) ) ;
#4534 = VERTEX_POINT ( 'NONE', #4373 ) ;
#4535 = EDGE_CURVE ( 'NONE', #1201, #2345, #4808, .T. ) ;
#4536 = EDGE_CURVE ( 'NONE', #2836, #433, #2613, .T. ) ;
#4537 = VERTEX_POINT ( 'NONE', #57 ) ;
#4538 = ADVANCED_FACE ( 'NONE', ( #3511 ), #407, .F. ) ;
#4539 = CARTESIAN_POINT ( 'NONE',  ( 54.61482092964090640, 59.34967741935614782, 10.00000000000000000 ) ) ;
#4540 = ORIENTED_EDGE ( 'NONE', *, *, #740, .T. ) ;
#4541 = DIRECTION ( 'NONE',  ( 0.7071938130861842309, 0.7070197385735585982, 0.000000000000000000 ) ) ;
#4542 = ORIENTED_EDGE ( 'NONE', *, *, #4090, .F. ) ;
#4543 = EDGE_CURVE ( 'NONE', #10, #2396, #457, .T. ) ;
#4544 = LINE ( 'NONE', #599, #5333 ) ;
#4545 = DIRECTION ( 'NONE',  ( -1.000000000000000000, 0.000000000000000000, 0.000000000000000000 ) ) ;
#4546 = ADVANCED_FACE ( 'NONE', ( #36, #1757, #3070, #4830, #4854, #3995, #898, #1812, #4912, #2753, #2846 ), #1429, .F. ) ;
#4547 = DIRECTION ( 'NONE',  ( 0.000000000000000000, 1.000000000000000000, 0.000000000000000000 ) ) ;
#4548 = CARTESIAN_POINT ( 'NONE',  ( 12.07195935263215958, 6.938893903907228378E-15, 4.000000000000000000 ) ) ;
#4549 = LINE ( 'NONE', #5057, #3497 ) ;
#4550 = PLANE ( 'NONE',  #2285 ) ;
#4551 = CARTESIAN_POINT ( 'NONE',  ( 40.16613948405434087, 44.67439564682088360, 10.00000000000000000 ) ) ;
#4552 = EDGE_LOOP ( 'NONE', ( #3544, #2489, #3343, #5165 ) ) ;
#4553 = DIRECTION ( 'NONE',  ( 0.7071067811867293162, 0.7071067811863657182, 0.000000000000000000 ) ) ;
#4554 = LINE ( 'NONE', #238, #5318 ) ;
#4555 = CARTESIAN_POINT ( 'NONE',  ( 31.23613948405447971, 29.20718193523072514, 7.000000000000000000 ) ) ;
#4556 = ORIENTED_EDGE ( 'NONE', *, *, #626, .F. ) ;
#4557 = CARTESIAN_POINT ( 'NONE',  ( 59.74084972657723824, 30.61190122397092495, 3.399999999999968825 ) ) ;
#4558 = DIRECTION ( 'NONE',  ( -1.355284293265842525E-13, 1.000000000000000000, 0.000000000000000000 ) ) ;
#4559 = FACE_OUTER_BOUND ( 'NONE', #4364, .T. ) ;
#4560 = EDGE_CURVE ( 'NONE', #2552, #1711, #3415, .T. ) ;
#4561 = ORIENTED_EDGE ( 'NONE', *, *, #2831, .F. ) ;
#4562 = CARTESIAN_POINT ( 'NONE',  ( 79.97474980950003953, 6.992565577373023977, 10.00099999999999945 ) ) ;
#4563 = VERTEX_POINT ( 'NONE', #3243 ) ;
#4564 = CARTESIAN_POINT ( 'NONE',  ( 36.63180065388673512, 43.69286487643512373, 3.399999999999983036 ) ) ;
#4565 = ORIENTED_EDGE ( 'NONE', *, *, #1881, .F. ) ;
#4566 = DIRECTION ( 'NONE',  ( 0.000000000000000000, 1.000000000000000000, 0.000000000000000000 ) ) ;
#4567 = CARTESIAN_POINT ( 'NONE',  ( 58.06984934592702530, 40.61884720954800088, 0.3999999999999941380 ) ) ;
#4568 = VERTEX_POINT ( 'NONE', #658 ) ;
#4569 = DIRECTION ( 'NONE',  ( -1.000000000000000000, 0.000000000000000000, -0.000000000000000000 ) ) ;
#4570 = DIRECTION ( 'NONE',  ( 0.8660254037844385966, 0.5000000000000001110, 0.000000000000000000 ) ) ;
#4571 = DIRECTION ( 'NONE',  ( -0.000000000000000000, -0.000000000000000000, 1.000000000000000000 ) ) ;
#4572 = LINE ( 'NONE', #3337, #3794 ) ;
#4573 = CARTESIAN_POINT ( 'NONE',  ( 73.34807733323548007, 40.95871309031685570, 5.000000000000000000 ) ) ;
#4574 = EDGE_CURVE ( 'NONE', #4420, #3817, #2815, .T. ) ;
#4575 = CARTESIAN_POINT ( 'NONE',  ( 55.42884860408193504, 24.35317541498459448, 4.000000000000000000 ) ) ;
#4576 = VERTEX_POINT ( 'NONE', #2294 ) ;
#4577 = DIRECTION ( 'NONE',  ( -0.7071067811867248754, 0.7071067811863702701, 0.000000000000000000 ) ) ;
#4578 = CARTESIAN_POINT ( 'NONE',  ( 53.09973302350341839, 29.20718193523073225, 7.000000000000000000 ) ) ;
#4579 = ORIENTED_EDGE ( 'NONE', *, *, #1068, .T. ) ;
#4580 = ORIENTED_EDGE ( 'NONE', *, *, #1054, .T. ) ;
#4581 = VECTOR ( 'NONE', #5108, 1000.000000000000000 ) ;
#4582 = DIRECTION ( 'NONE',  ( -0.7071938130861842309, -0.7070197385735585982, 0.000000000000000000 ) ) ;
#4583 = ORIENTED_EDGE ( 'NONE', *, *, #4003, .F. ) ;
#4584 = VECTOR ( 'NONE', #5466, 1000.000000000000227 ) ;
#4585 = DIRECTION ( 'NONE',  ( 0.4999999999999999445, -0.8660254037844387076, 0.000000000000000000 ) ) ;
#4586 = ORIENTED_EDGE ( 'NONE', *, *, #1311, .T. ) ;
#4587 = ADVANCED_FACE ( 'NONE', ( #628 ), #3706, .F. ) ;
#4588 = VECTOR ( 'NONE', #947, 1000.000000000000000 ) ;
#4589 = VERTEX_POINT ( 'NONE', #3158 ) ;
#4590 = CARTESIAN_POINT ( 'NONE',  ( 8.449733023503304352, 52.67439564682089781, 7.000000000000000000 ) ) ;
#4591 = AXIS2_PLACEMENT_3D ( 'NONE', #4660, #2537, #3886 ) ;
#4592 = DIRECTION ( 'NONE',  ( -0.8660254037844387076, 0.4999999999999999445, 0.000000000000000000 ) ) ;
#4593 = VECTOR ( 'NONE', #3407, 1000.000000000000000 ) ;
#4594 = DIRECTION ( 'NONE',  ( -0.000000000000000000, -0.000000000000000000, -1.000000000000000000 ) ) ;
#4595 = LINE ( 'NONE', #2728, #4521 ) ;
#4596 = EDGE_CURVE ( 'NONE', #3264, #2738, #4108, .T. ) ;
#4597 = LINE ( 'NONE', #5521, #1687 ) ;
#4598 = DIRECTION ( 'NONE',  ( -1.000000000000000000, 0.000000000000000000, -0.000000000000000000 ) ) ;
#4599 = DIRECTION ( 'NONE',  ( -0.5773502691896257311, -0.5773502691896257311, 0.5773502691896257311 ) ) ;
#4600 = AXIS2_PLACEMENT_3D ( 'NONE', #2238, #925, #82 ) ;
#4601 = EDGE_CURVE ( 'NONE', #4958, #1340, #1957, .T. ) ;
#4602 = DIRECTION ( 'NONE',  ( -1.000000000000000000, 0.000000000000000000, 0.000000000000000000 ) ) ;
#4603 = LINE ( 'NONE', #146, #1488 ) ;
#4604 = ORIENTED_EDGE ( 'NONE', *, *, #5096, .T. ) ;
#4605 = VECTOR ( 'NONE', #4143, 1000.000000000000000 ) ;
#4606 = CARTESIAN_POINT ( 'NONE',  ( 51.09793625377881199, 56.67439564682091202, 10.00000000000000000 ) ) ;
#4607 = FACE_OUTER_BOUND ( 'NONE', #4386, .T. ) ;
#4608 = ORIENTED_EDGE ( 'NONE', *, *, #2776, .F. ) ;
#4609 = VECTOR ( 'NONE', #284, 1000.000000000000000 ) ;
#4610 = DIRECTION ( 'NONE',  ( -1.734723475976805517E-15, -1.000000000000000000, 0.000000000000000000 ) ) ;
#4611 = CARTESIAN_POINT ( 'NONE',  ( 66.95613948405447502, 29.20718193523072514, 7.000000000000000000 ) ) ;
#4612 = ORIENTED_EDGE ( 'NONE', *, *, #3089, .F. ) ;
#4613 = LINE ( 'NONE', #3658, #3521 ) ;
#4614 = EDGE_LOOP ( 'NONE', ( #887, #1448, #1298, #1994 ) ) ;
#4615 = VECTOR ( 'NONE', #3622, 1000.000000000000000 ) ;
#4616 = EDGE_CURVE ( 'NONE', #2272, #33, #5392, .T. ) ;
#4617 = DIRECTION ( 'NONE',  ( -0.8660254037844378194, -0.5000000000000013323, 0.000000000000000000 ) ) ;
#4618 = ORIENTED_EDGE ( 'NONE', *, *, #2771, .F. ) ;
#4619 = ORIENTED_EDGE ( 'NONE', *, *, #1122, .F. ) ;
#4620 = VECTOR ( 'NONE', #952, 1000.000000000000114 ) ;
#4621 = CARTESIAN_POINT ( 'NONE',  ( 17.37973302350343019, 29.20718193523073225, 7.000000000000000000 ) ) ;
#4622 = VERTEX_POINT ( 'NONE', #229 ) ;
#4623 = LINE ( 'NONE', #4251, #5602 ) ;
#4624 = CARTESIAN_POINT ( 'NONE',  ( 5.000000000000030198, 6.992565577373023977, 0.000000000000000000 ) ) ;
#4625 = VERTEX_POINT ( 'NONE', #981 ) ;
#4626 = FACE_OUTER_BOUND ( 'NONE', #2573, .T. ) ;
#4627 = PLANE ( 'NONE',  #3486 ) ;
#4628 = LINE ( 'NONE', #5578, #2217 ) ;
#4629 = EDGE_CURVE ( 'NONE', #4924, #736, #1408, .T. ) ;
#4630 = CARTESIAN_POINT ( 'NONE',  ( 11.68769779765030847, 35.83617119703320952, 6.000000000000000000 ) ) ;
#4631 = PLANE ( 'NONE',  #23 ) ;
#4632 = DIRECTION ( 'NONE',  ( -0.000000000000000000, -0.000000000000000000, -1.000000000000000000 ) ) ;
#4633 = LINE ( 'NONE', #2450, #2190 ) ;
#4634 = DIRECTION ( 'NONE',  ( -0.000000000000000000, -0.000000000000000000, -1.000000000000000000 ) ) ;
#4635 = ORIENTED_EDGE ( 'NONE', *, *, #4039, .T. ) ;
#4636 = EDGE_CURVE ( 'NONE', #187, #3283, #1494, .T. ) ;
#4637 = DIRECTION ( 'NONE',  ( -0.000000000000000000, 1.000000000000000000, -0.000000000000000000 ) ) ;
#4638 = EDGE_LOOP ( 'NONE', ( #445, #5366, #1224, #132 ) ) ;
#4639 = CARTESIAN_POINT ( 'NONE',  ( 73.34807733323548007, 40.95871309031685570, 5.000000000000000000 ) ) ;
#4640 = EDGE_CURVE ( 'NONE', #509, #3814, #2785, .T. ) ;
#4641 = DIRECTION ( 'NONE',  ( -1.000000000000000000, 0.000000000000000000, 0.000000000000000000 ) ) ;
#4642 = CARTESIAN_POINT ( 'NONE',  ( 8.449733023503304352, 52.67439564682089781, 7.000000000000000000 ) ) ;
#4643 = ADVANCED_FACE ( 'NONE', ( #2727 ), #3269, .F. ) ;
#4644 = ORIENTED_EDGE ( 'NONE', *, *, #2101, .T. ) ;
#4645 = CARTESIAN_POINT ( 'NONE',  ( 73.15243468099103552, 20.03231731485909961, 10.00099999999999945 ) ) ;
#4646 = ORIENTED_EDGE ( 'NONE', *, *, #1244, .F. ) ;
#4647 = ORIENTED_EDGE ( 'NONE', *, *, #2, .T. ) ;
#4648 = CARTESIAN_POINT ( 'NONE',  ( 5.872684371738666087, 41.20718193523075712, 7.000000000000000000 ) ) ;
#4649 = EDGE_CURVE ( 'NONE', #1938, #801, #2418, .T. ) ;
#4650 = ORIENTED_EDGE ( 'NONE', *, *, #3260, .F. ) ;
#4651 = PLANE ( 'NONE',  #1462 ) ;
#4652 = PLANE ( 'NONE',  #5058 ) ;
#4653 = CARTESIAN_POINT ( 'NONE',  ( 58.02613948405432609, 44.67439564682088360, 10.00000000000000000 ) ) ;
#4654 = EDGE_CURVE ( 'NONE', #1340, #3105, #1098, .T. ) ;
#4655 = DIRECTION ( 'NONE',  ( 1.000000000000000000, 0.000000000000000000, -0.000000000000000000 ) ) ;
#4656 = DIRECTION ( 'NONE',  ( 0.000000000000000000, 0.000000000000000000, 1.000000000000000000 ) ) ;
#4657 = DIRECTION ( 'NONE',  ( -0.000000000000000000, 1.000000000000000000, -0.000000000000000000 ) ) ;
#4658 = DIRECTION ( 'NONE',  ( -0.7071067811865474617, 0.7071067811865474617, -0.000000000000000000 ) ) ;
#4659 = LINE ( 'NONE', #4691, #3513 ) ;
#4660 = CARTESIAN_POINT ( 'NONE',  ( 30.61060500309818622, 24.68592075184099954, 1.109999999999998099 ) ) ;
#4661 = LINE ( 'NONE', #2479, #1923 ) ;
#4662 = EDGE_CURVE ( 'NONE', #2192, #1243, #1875, .T. ) ;
#4663 = CARTESIAN_POINT ( 'NONE',  ( 8.449733023503291918, 44.67439564682089070, 7.000000000000000000 ) ) ;
#4664 = CARTESIAN_POINT ( 'NONE',  ( 54.61415088855444822, 53.90613964737285357, 4.000000000000000000 ) ) ;
#4665 = VERTEX_POINT ( 'NONE', #5370 ) ;
#4666 = DIRECTION ( 'NONE',  ( -1.887397745837881465E-14, -1.000000000000000000, 0.000000000000000000 ) ) ;
#4667 = PLANE ( 'NONE',  #574 ) ;
#4668 = ORIENTED_EDGE ( 'NONE', *, *, #5369, .F. ) ;
#4669 = DIRECTION ( 'NONE',  ( 1.000000000000000000, 0.000000000000000000, -0.000000000000000000 ) ) ;
#4670 = ORIENTED_EDGE ( 'NONE', *, *, #1022, .T. ) ;
#4671 = CARTESIAN_POINT ( 'NONE',  ( 65.34807733323546586, 40.95871309031685570, 5.000000000000000000 ) ) ;
#4672 = ORIENTED_EDGE ( 'NONE', *, *, #2925, .T. ) ;
#4673 = LINE ( 'NONE', #3869, #3132 ) ;
#4674 = VECTOR ( 'NONE', #5138, 1000.000000000000114 ) ;
#4675 = ORIENTED_EDGE ( 'NONE', *, *, #233, .F. ) ;
#4676 = ORIENTED_EDGE ( 'NONE', *, *, #3298, .F. ) ;
#4677 = LINE ( 'NONE', #802, #5409 ) ;
#4678 = FACE_OUTER_BOUND ( 'NONE', #3941, .T. ) ;
#4679 = VECTOR ( 'NONE', #426, 1000.000000000000000 ) ;
#4680 = ORIENTED_EDGE ( 'NONE', *, *, #2612, .T. ) ;
#4681 = CARTESIAN_POINT ( 'NONE',  ( 62.02973302350328311, 52.67439564682089781, 7.000000000000000000 ) ) ;
#4682 = EDGE_CURVE ( 'NONE', #2599, #791, #141, .T. ) ;
#4683 = EDGE_LOOP ( 'NONE', ( #3921, #1827, #1506, #50, #5456, #3475 ) ) ;
#4684 = VECTOR ( 'NONE', #3263, 1000.000000000000227 ) ;
#4685 = DIRECTION ( 'NONE',  ( -0.5773502691896257311, -0.5773502691896257311, -0.5773502691896257311 ) ) ;
#4686 = FACE_OUTER_BOUND ( 'NONE', #3788, .T. ) ;
#4687 = VECTOR ( 'NONE', #5515, 1000.000000000000227 ) ;
#4688 = CARTESIAN_POINT ( 'NONE',  ( 64.56983569344401985, 35.50332283157010949, 3.399999999999993250 ) ) ;
#4689 = DIRECTION ( 'NONE',  ( -1.000000000000000000, 0.000000000000000000, 0.000000000000000000 ) ) ;
#4690 = EDGE_CURVE ( 'NONE', #736, #3228, #4544, .T. ) ;
#4691 = CARTESIAN_POINT ( 'NONE',  ( 78.03203064794003296, 52.35311032234201889, 10.00099999999999945 ) ) ;
#4692 = CARTESIAN_POINT ( 'NONE',  ( 12.01402484683469041, 0.000000000000000000, 4.000000000000000000 ) ) ;
#4693 = DIRECTION ( 'NONE',  ( -0.000000000000000000, -0.000000000000000000, -1.000000000000000000 ) ) ;
#4694 = VECTOR ( 'NONE', #3764, 1000.000000000000000 ) ;
#4695 = DIRECTION ( 'NONE',  ( -0.000000000000000000, -0.000000000000000000, -1.000000000000000000 ) ) ;
#4696 = ORIENTED_EDGE ( 'NONE', *, *, #280, .T. ) ;
#4697 = VECTOR ( 'NONE', #536, 1000.000000000000000 ) ;
#4698 = VECTOR ( 'NONE', #587, 1000.000000000000000 ) ;
#4699 = EDGE_CURVE ( 'NONE', #4114, #4078, #1248, .T. ) ;
#4700 = DIRECTION ( 'NONE',  ( -0.000000000000000000, -0.000000000000000000, 1.000000000000000000 ) ) ;
#4701 = LINE ( 'NONE', #1679, #1320 ) ;
#4702 = LINE ( 'NONE', #770, #4511 ) ;
#4703 = CIRCLE ( 'NONE', #2864, 1.700000000000001066 ) ;
#4704 = ORIENTED_EDGE ( 'NONE', *, *, #131, .T. ) ;
#4705 = DIRECTION ( 'NONE',  ( -1.517883041479704827E-15, -1.000000000000000000, 0.000000000000000000 ) ) ;
#4706 = VERTEX_POINT ( 'NONE', #752 ) ;
#4707 = ADVANCED_FACE ( 'NONE', ( #254 ), #1549, .F. ) ;
#4708 = AXIS2_PLACEMENT_3D ( 'NONE', #2572, #2091, #1153 ) ;
#4709 = FACE_OUTER_BOUND ( 'NONE', #2808, .T. ) ;
#4710 = VECTOR ( 'NONE', #1788, 1000.000000000000000 ) ;
#4711 = ORIENTED_EDGE ( 'NONE', *, *, #4781, .F. ) ;
#4712 = ORIENTED_EDGE ( 'NONE', *, *, #1544, .F. ) ;
#4713 = DIRECTION ( 'NONE',  ( -0.000000000000000000, -0.000000000000000000, 1.000000000000000000 ) ) ;
#4714 = DIRECTION ( 'NONE',  ( -9.324293839476711010E-05, -0.9999999956528771161, 0.000000000000000000 ) ) ;
#4715 = ORIENTED_EDGE ( 'NONE', *, *, #4596, .F. ) ;
#4716 = AXIS2_PLACEMENT_3D ( 'NONE', #4555, #4148, #2275 ) ;
#4717 = AXIS2_PLACEMENT_3D ( 'NONE', #1925, #1056, #3252 ) ;
#4718 = EDGE_LOOP ( 'NONE', ( #1061, #3084, #1160, #3003 ) ) ;
#4719 = ADVANCED_FACE ( 'NONE', ( #5051 ), #3849, .F. ) ;
#4720 = ORIENTED_EDGE ( 'NONE', *, *, #3766, .T. ) ;
#4721 = AXIS2_PLACEMENT_3D ( 'NONE', #3853, #1724, #4369 ) ;
#4722 = PLANE ( 'NONE',  #1837 ) ;
#4723 = VECTOR ( 'NONE', #4473, 1000.000000000000000 ) ;
#4724 = CARTESIAN_POINT ( 'NONE',  ( 18.61060500309818977, 30.68592075184099599, 1.109999999999998099 ) ) ;
#4725 = DIRECTION ( 'NONE',  ( -1.000000000000000000, 5.782411586589358625E-16, 0.000000000000000000 ) ) ;
#4726 = CARTESIAN_POINT ( 'NONE',  ( 73.15243468099103552, 6.261804759730023484, 10.00000000000000000 ) ) ;
#4727 = LINE ( 'NONE', #2131, #4782 ) ;
#4728 = CARTESIAN_POINT ( 'NONE',  ( 17.46155956311902813, 6.186614173228023539, 10.00000000000000000 ) ) ;
#4729 = EDGE_CURVE ( 'NONE', #2380, #2952, #1131, .T. ) ;
#4730 = DIRECTION ( 'NONE',  ( -5.782411586589358625E-16, -1.000000000000000000, 0.000000000000000000 ) ) ;
#4731 = PLANE ( 'NONE',  #1130 ) ;
#4732 = ORIENTED_EDGE ( 'NONE', *, *, #4729, .F. ) ;
#4733 = LINE ( 'NONE', #4891, #3948 ) ;
#4734 = DIRECTION ( 'NONE',  ( -0.000000000000000000, -0.000000000000000000, 1.000000000000000000 ) ) ;
#4735 = DIRECTION ( 'NONE',  ( -1.734723475976805517E-15, -1.000000000000000000, 0.000000000000000000 ) ) ;
#4736 = FACE_OUTER_BOUND ( 'NONE', #223, .T. ) ;
#4737 = ADVANCED_FACE ( 'NONE', ( #4626 ), #687, .T. ) ;
#4738 = ORIENTED_EDGE ( 'NONE', *, *, #2627, .F. ) ;
#4739 = LINE ( 'NONE', #1567, #1239 ) ;
#4740 = ORIENTED_EDGE ( 'NONE', *, *, #1456, .F. ) ;
#4741 = DIRECTION ( 'NONE',  ( 1.887397745837881465E-14, 1.000000000000000000, -0.000000000000000000 ) ) ;
#4742 = ORIENTED_EDGE ( 'NONE', *, *, #1524, .T. ) ;
#4743 = ORIENTED_EDGE ( 'NONE', *, *, #4080, .F. ) ;
#4744 = CARTESIAN_POINT ( 'NONE',  ( 74.41423944072103325, 5.000000000000023093, 10.00000000000000000 ) ) ;
#4745 = PLANE ( 'NONE',  #379 ) ;
#4746 = EDGE_CURVE ( 'NONE', #1633, #2984, #2040, .T. ) ;
#4747 = ORIENTED_EDGE ( 'NONE', *, *, #1321, .F. ) ;
#4748 = VERTEX_POINT ( 'NONE', #1187 ) ;
#4749 = VERTEX_POINT ( 'NONE', #3759 ) ;
#4750 = CARTESIAN_POINT ( 'NONE',  ( 70.95973302350341783, 37.20718193523073580, 7.000000000000000000 ) ) ;
#4751 = CARTESIAN_POINT ( 'NONE',  ( 11.13621310223726368, 34.33421759231528370, 6.000000000000000000 ) ) ;
#4752 = FACE_OUTER_BOUND ( 'NONE', #2556, .T. ) ;
#4753 = CARTESIAN_POINT ( 'NONE',  ( 41.42884860408194214, 23.35317541498460159, 7.000000000000000888 ) ) ;
#4754 = EDGE_LOOP ( 'NONE', ( #4007, #5069 ) ) ;
#4755 = EDGE_CURVE ( 'NONE', #3548, #2720, #3333, .T. ) ;
#4756 = EDGE_CURVE ( 'NONE', #4106, #2463, #4784, .T. ) ;
#4757 = CARTESIAN_POINT ( 'NONE',  ( 32.14653210253800353, 34.88980021391638076, 0.9599999985689978699 ) ) ;
#4758 = DIRECTION ( 'NONE',  ( -0.7071067811865474617, 0.7071067811865474617, -0.000000000000000000 ) ) ;
#4759 = VERTEX_POINT ( 'NONE', #1980 ) ;
#4760 = ORIENTED_EDGE ( 'NONE', *, *, #5666, .T. ) ;
#4761 = CARTESIAN_POINT ( 'NONE',  ( 6.992565577374029395, 5.000000000000023093, 10.00099999999999945 ) ) ;
#4762 = ORIENTED_EDGE ( 'NONE', *, *, #203, .T. ) ;
#4763 = ORIENTED_EDGE ( 'NONE', *, *, #1720, .F. ) ;
#4764 = DIRECTION ( 'NONE',  ( -0.5773502691896212902, -0.5773502691896212902, -0.5773502691896346128 ) ) ;
#4765 = ORIENTED_EDGE ( 'NONE', *, *, #2368, .F. ) ;
#4766 = EDGE_LOOP ( 'NONE', ( #936, #2096, #3447, #1545 ) ) ;
#4767 = ORIENTED_EDGE ( 'NONE', *, *, #817, .F. ) ;
#4768 = DIRECTION ( 'NONE',  ( 0.000000000000000000, 1.000000000000000000, 0.000000000000000000 ) ) ;
#4769 = VECTOR ( 'NONE', #4524, 1000.000000000000000 ) ;
#4770 = PLANE ( 'NONE',  #1194 ) ;
#4771 = CARTESIAN_POINT ( 'NONE',  ( 64.56983569344401985, 40.61884720954800088, 3.399999999999993250 ) ) ;
#4772 = VECTOR ( 'NONE', #1132, 1000.000000000000000 ) ;
#4773 = CARTESIAN_POINT ( 'NONE',  ( 30.61060500309818622, 24.68592075184099954, 3.399999999999983036 ) ) ;
#4774 = EDGE_CURVE ( 'NONE', #2110, #5211, #4211, .T. ) ;
#4775 = VERTEX_POINT ( 'NONE', #709 ) ;
#4776 = DIRECTION ( 'NONE',  ( -0.8660254037844383745, 0.5000000000000003331, 0.000000000000000000 ) ) ;
#4777 = VECTOR ( 'NONE', #5618, 1000.000000000000000 ) ;
#4778 = CARTESIAN_POINT ( 'NONE',  ( 30.61060500309818622, 24.68592075184099954, 3.399999999999983036 ) ) ;
#4779 = EDGE_CURVE ( 'NONE', #1632, #1735, #5080, .T. ) ;
#4780 = EDGE_CURVE ( 'NONE', #89, #1283, #4129, .T. ) ;
#4781 = EDGE_CURVE ( 'NONE', #2001, #3845, #1092, .T. ) ;
#4782 = VECTOR ( 'NONE', #5116, 1000.000000000000114 ) ;
#4783 = DIRECTION ( 'NONE',  ( -0.000000000000000000, -0.000000000000000000, 1.000000000000000000 ) ) ;
#4784 = LINE ( 'NONE', #2438, #2501 ) ;
#4785 = ORIENTED_EDGE ( 'NONE', *, *, #2179, .F. ) ;
#4786 = VECTOR ( 'NONE', #3143, 1000.000000000000000 ) ;
#4787 = LINE ( 'NONE', #5321, #1645 ) ;
#4788 = ORIENTED_EDGE ( 'NONE', *, *, #1651, .T. ) ;
#4789 = EDGE_CURVE ( 'NONE', #5300, #2161, #278, .T. ) ;
#4790 = PLANE ( 'NONE',  #2961 ) ;
#4791 = VERTEX_POINT ( 'NONE', #2033 ) ;
#4792 = AXIS2_PLACEMENT_3D ( 'NONE', #2488, #3347, #1535 ) ;
#4793 = VECTOR ( 'NONE', #165, 1000.000000000000000 ) ;
#4794 = ORIENTED_EDGE ( 'NONE', *, *, #5369, .T. ) ;
#4795 = CARTESIAN_POINT ( 'NONE',  ( 11.68769779765030847, 43.83617119703320952, 6.000000000000000000 ) ) ;
#4796 = CARTESIAN_POINT ( 'NONE',  ( 79.97474980950003953, 54.29582948390102359, 10.00000000000000000 ) ) ;
#4797 = VERTEX_POINT ( 'NONE', #2779 ) ;
#4798 = VECTOR ( 'NONE', #2334, 1000.000000000000000 ) ;
#4799 = VERTEX_POINT ( 'NONE', #5421 ) ;
#4800 = PLANE ( 'NONE',  #453 ) ;
#4801 = VECTOR ( 'NONE', #1095, 1000.000000000000000 ) ;
#4802 = EDGE_CURVE ( 'NONE', #2738, #612, #5480, .T. ) ;
#4803 = VECTOR ( 'NONE', #5531, 1000.000000000000000 ) ;
#4804 = CARTESIAN_POINT ( 'NONE',  ( 5.864532158809463880, -0.001160175645022881730, 4.000000000000000000 ) ) ;
#4805 = ORIENTED_EDGE ( 'NONE', *, *, #3514, .T. ) ;
#4806 = CARTESIAN_POINT ( 'NONE',  ( 73.34807733323548007, 45.95871309031685570, 5.000000000000000000 ) ) ;
#4807 = AXIS2_PLACEMENT_3D ( 'NONE', #4928, #3256, #1479 ) ;
#4808 = LINE ( 'NONE', #1276, #1220 ) ;
#4809 = DIRECTION ( 'NONE',  ( -1.000000000000000000, 0.000000000000000000, 0.000000000000000000 ) ) ;
#4810 = DIRECTION ( 'NONE',  ( 3.011203194556595896E-16, 1.000000000000000000, -0.000000000000000000 ) ) ;
#4811 = ORIENTED_EDGE ( 'NONE', *, *, #1139, .F. ) ;
#4812 = DIRECTION ( 'NONE',  ( 1.652117596168386770E-15, 1.000000000000000000, 0.000000000000000000 ) ) ;
#4813 = LINE ( 'NONE', #5267, #1021 ) ;
#4814 = ORIENTED_EDGE ( 'NONE', *, *, #2911, .F. ) ;
#4815 = CARTESIAN_POINT ( 'NONE',  ( 40.16613948405434087, 52.67439564682089781, 7.000000000000000000 ) ) ;
#4816 = VERTEX_POINT ( 'NONE', #1543 ) ;
#4817 = DIRECTION ( 'NONE',  ( -1.734723475976805517E-15, -1.000000000000000000, 0.000000000000000000 ) ) ;
#4818 = ORIENTED_EDGE ( 'NONE', *, *, #3119, .F. ) ;
#4819 = EDGE_CURVE ( 'NONE', #5478, #4330, #3699, .T. ) ;
#4820 = ORIENTED_EDGE ( 'NONE', *, *, #203, .F. ) ;
#4821 = PLANE ( 'NONE',  #11 ) ;
#4822 = EDGE_CURVE ( 'NONE', #3524, #4775, #3237, .T. ) ;
#4823 = ORIENTED_EDGE ( 'NONE', *, *, #4755, .F. ) ;
#4824 = EDGE_LOOP ( 'NONE', ( #3440, #1113, #1906, #5235 ) ) ;
#4825 = ORIENTED_EDGE ( 'NONE', *, *, #3004, .F. ) ;
#4826 = ORIENTED_EDGE ( 'NONE', *, *, #3126, .F. ) ;
#4827 = FACE_OUTER_BOUND ( 'NONE', #2061, .T. ) ;
#4828 = EDGE_LOOP ( 'NONE', ( #4919, #5532, #1484, #4847 ) ) ;
#4829 = PLANE ( 'NONE',  #5400 ) ;
#4830 = FACE_BOUND ( 'NONE', #404, .T. ) ;
#4831 = CARTESIAN_POINT ( 'NONE',  ( 78.02831089662203112, 12.45999491999002373, 10.00000000000000000 ) ) ;
#4832 = LINE ( 'NONE', #958, #2867 ) ;
#4833 = CARTESIAN_POINT ( 'NONE',  ( 75.88613948405432552, 52.67439564682089781, 10.00000000000000000 ) ) ;
#4834 = FACE_OUTER_BOUND ( 'NONE', #1178, .T. ) ;
#4835 = ORIENTED_EDGE ( 'NONE', *, *, #4654, .T. ) ;
#4836 = CARTESIAN_POINT ( 'NONE',  ( 25.52610449534172687, 52.77490806565516834, 6.000000000000000000 ) ) ;
#4837 = CARTESIAN_POINT ( 'NONE',  ( 22.11659869789935584, 18.85986680927772952, 13.42993340463886476 ) ) ;
#4838 = ORIENTED_EDGE ( 'NONE', *, *, #4307, .T. ) ;
#4839 = ORIENTED_EDGE ( 'NONE', *, *, #5061, .F. ) ;
#4840 = CARTESIAN_POINT ( 'NONE',  ( 40.83180065388673796, 43.69286487643512373, 1.699885383662997906 ) ) ;
#4841 = EDGE_LOOP ( 'NONE', ( #2284, #5071, #4266, #590 ) ) ;
#4842 = DIRECTION ( 'NONE',  ( 0.000000000000000000, 1.000000000000000000, 0.000000000000000000 ) ) ;
#4843 = VERTEX_POINT ( 'NONE', #5044 ) ;
#4844 = EDGE_LOOP ( 'NONE', ( #822, #1475, #1701, #2200 ) ) ;
#4845 = EDGE_CURVE ( 'NONE', #4315, #5529, #1123, .T. ) ;
#4846 = DIRECTION ( 'NONE',  ( 1.000000000000000000, -0.000000000000000000, 0.000000000000000000 ) ) ;
#4847 = ORIENTED_EDGE ( 'NONE', *, *, #2280, .F. ) ;
#4848 = DIRECTION ( 'NONE',  ( 0.8660254037844387076, 0.4999999999999999445, 0.000000000000000000 ) ) ;
#4849 = PLANE ( 'NONE',  #2399 ) ;
#4850 = CARTESIAN_POINT ( 'NONE',  ( 24.30793625377895850, 25.20718193523071449, 7.000000000000000000 ) ) ;
#4851 = EDGE_LOOP ( 'NONE', ( #3403, #5338, #908, #390 ) ) ;
#4852 = VECTOR ( 'NONE', #2644, 1000.000000000000227 ) ;
#4853 = DIRECTION ( 'NONE',  ( 0.000000000000000000, 1.000000000000000000, 0.000000000000000000 ) ) ;
#4854 = FACE_BOUND ( 'NONE', #361, .T. ) ;
#4855 = PLANE ( 'NONE',  #5622 ) ;
#4856 = EDGE_CURVE ( 'NONE', #3352, #3238, #681, .T. ) ;
#4857 = VECTOR ( 'NONE', #1873, 1000.000000000000000 ) ;
#4858 = EDGE_CURVE ( 'NONE', #3379, #5283, #1066, .T. ) ;
#4859 = CARTESIAN_POINT ( 'NONE',  ( 46.94653210253800779, 34.88980021391638076, 3.399999999999983036 ) ) ;
#4860 = CARTESIAN_POINT ( 'NONE',  ( 79.97474980950003953, 54.29582948390102359, 0.000000000000000000 ) ) ;
#4861 = VECTOR ( 'NONE', #4176, 1000.000000000000000 ) ;
#4862 = CARTESIAN_POINT ( 'NONE',  ( 62.02973302350326890, 44.67439564682089070, 10.00000000000000000 ) ) ;
#4863 = ORIENTED_EDGE ( 'NONE', *, *, #280, .F. ) ;
#4864 = DIRECTION ( 'NONE',  ( 0.000000000000000000, -0.000000000000000000, -1.000000000000000000 ) ) ;
#4865 = VECTOR ( 'NONE', #2575, 1000.000000000000000 ) ;
#4866 = LINE ( 'NONE', #436, #303 ) ;
#4867 = ORIENTED_EDGE ( 'NONE', *, *, #4802, .T. ) ;
#4868 = EDGE_LOOP ( 'NONE', ( #3923, #909, #2895, #5361, #744, #2920, #4811, #5213 ) ) ;
#4869 = CARTESIAN_POINT ( 'NONE',  ( 66.95613948405447502, 37.20718193523074291, 7.000000000000000000 ) ) ;
#4870 = VECTOR ( 'NONE', #5500, 1000.000000000000000 ) ;
#4871 = VERTEX_POINT ( 'NONE', #1573 ) ;
#4872 = LINE ( 'NONE', #1861, #3335 ) ;
#4873 = EDGE_CURVE ( 'NONE', #2148, #731, #2806, .T. ) ;
#4874 = EDGE_LOOP ( 'NONE', ( #931, #5067, #2034, #3692 ) ) ;
#4875 = VECTOR ( 'NONE', #5208, 1000.000000000000227 ) ;
#4876 = VECTOR ( 'NONE', #3752, 1000.000000000000000 ) ;
#4877 = ORIENTED_EDGE ( 'NONE', *, *, #2771, .T. ) ;
#4878 = DIRECTION ( 'NONE',  ( -0.000000000000000000, -0.000000000000000000, -1.000000000000000000 ) ) ;
#4879 = AXIS2_PLACEMENT_3D ( 'NONE', #4778, #408, #4809 ) ;
#4880 = EDGE_CURVE ( 'NONE', #3577, #1245, #1156, .T. ) ;
#4881 = ORIENTED_EDGE ( 'NONE', *, *, #4034, .T. ) ;
#4882 = EDGE_CURVE ( 'NONE', #4894, #3287, #3355, .T. ) ;
#4883 = DIRECTION ( 'NONE',  ( -1.000000000000000000, -6.313997449038182439E-16, 0.000000000000000000 ) ) ;
#4884 = DIRECTION ( 'NONE',  ( -1.000000000000000000, 1.982541115402065702E-15, 0.000000000000000000 ) ) ;
#4885 = ORIENTED_EDGE ( 'NONE', *, *, #3235, .F. ) ;
#4886 = VECTOR ( 'NONE', #1263, 1000.000000000000000 ) ;
#4887 = LINE ( 'NONE', #5368, #4857 ) ;
#4888 = CARTESIAN_POINT ( 'NONE',  ( 58.06984934592702530, 35.50332283157010949, 3.399999999999993250 ) ) ;
#4889 = AXIS2_PLACEMENT_3D ( 'NONE', #584, #1053, #2827 ) ;
#4890 = DIRECTION ( 'NONE',  ( 0.4999999999999999445, -0.8660254037844387076, 0.000000000000000000 ) ) ;
#4891 = CARTESIAN_POINT ( 'NONE',  ( 5.000000000000903277, 57.98214359204602175, 10.00000000000000000 ) ) ;
#4892 = AXIS2_PLACEMENT_3D ( 'NONE', #2633, #4725, #1784 ) ;
#4893 = CARTESIAN_POINT ( 'NONE',  ( 5.873484235277215859, 45.25038475940630889, 6.000000000000000000 ) ) ;
#4894 = VERTEX_POINT ( 'NONE', #4564 ) ;
#4895 = LINE ( 'NONE', #2709, #914 ) ;
#4896 = PLANE ( 'NONE',  #2674 ) ;
#4897 = EDGE_LOOP ( 'NONE', ( #1514, #3655, #3002, #66 ) ) ;
#4898 = EDGE_CURVE ( 'NONE', #5246, #1858, #3664, .T. ) ;
#4899 = ORIENTED_EDGE ( 'NONE', *, *, #4535, .T. ) ;
#4900 = CARTESIAN_POINT ( 'NONE',  ( 30.61060500309818622, 24.68592075184099954, 1.109999999999998099 ) ) ;
#4901 = ORIENTED_EDGE ( 'NONE', *, *, #2919, .T. ) ;
#4902 = DIRECTION ( 'NONE',  ( -0.000000000000000000, 0.000000000000000000, -1.000000000000000000 ) ) ;
#4903 = ORIENTED_EDGE ( 'NONE', *, *, #3364, .T. ) ;
#4904 = ORIENTED_EDGE ( 'NONE', *, *, #3176, .F. ) ;
#4905 = PLANE ( 'NONE',  #2385 ) ;
#4906 = EDGE_CURVE ( 'NONE', #5563, #1542, #4964, .T. ) ;
#4907 = ORIENTED_EDGE ( 'NONE', *, *, #5589, .F. ) ;
#4908 = CARTESIAN_POINT ( 'NONE',  ( 49.09613948405447559, 37.20718193523074291, 10.00000000000000000 ) ) ;
#4909 = DIRECTION ( 'NONE',  ( 0.000000000000000000, 0.000000000000000000, -1.000000000000000000 ) ) ;
#4910 = EDGE_LOOP ( 'NONE', ( #472, #3780, #1693, #3411, #175, #4644, #4097, #4561, #4468, #3321, #1291, #2780, #3949, #537, #3474, #3612, #636, #3960, #3152, #3346, #1689, #5386, #4814, #4250, #1193, #5011, #3038, #3329, #748, #189, #3704, #5417, #1362, #2191, #2917, #3316, #96, #2432, #1414, #72, #4835, #5128, #4389, #5166, #5216, #2618 ) ) ;
#4911 = DIRECTION ( 'NONE',  ( 1.000000000000000000, -1.652117596168386770E-15, 0.000000000000000000 ) ) ;
#4912 = FACE_BOUND ( 'NONE', #4754, .T. ) ;
#4913 = CARTESIAN_POINT ( 'NONE',  ( 59.74084972657723824, 23.61190122397092495, 1.109997883926998163 ) ) ;
#4914 = EDGE_CURVE ( 'NONE', #1310, #4791, #1515, .T. ) ;
#4915 = CARTESIAN_POINT ( 'NONE',  ( 55.24511320246803336, 59.97470916941927044, 4.000000000000000000 ) ) ;
#4916 = CARTESIAN_POINT ( 'NONE',  ( 24.39487291362403099, 59.35339717067414256, 6.000000000000000000 ) ) ;
#4917 = PLANE ( 'NONE',  #3309 ) ;
#4918 = CARTESIAN_POINT ( 'NONE',  ( 77.86692151384301042, 56.44252476504900073, 0.000000000000000000 ) ) ;
#4919 = ORIENTED_EDGE ( 'NONE', *, *, #3684, .T. ) ;
#4920 = CARTESIAN_POINT ( 'NONE',  ( 54.61415088855444111, 53.90613964737286068, 6.000000000000000000 ) ) ;
#4921 = LINE ( 'NONE', #1821, #665 ) ;
#4922 = ADVANCED_FACE ( 'NONE', ( #4167 ), #1637, .F. ) ;
#4923 = PLANE ( 'NONE',  #4716 ) ;
#4924 = VERTEX_POINT ( 'NONE', #805 ) ;
#4925 = ORIENTED_EDGE ( 'NONE', *, *, #2476, .F. ) ;
#4926 = DIRECTION ( 'NONE',  ( 0.8660254037844382635, -0.5000000000000005551, 0.000000000000000000 ) ) ;
#4927 = ORIENTED_EDGE ( 'NONE', *, *, #3340, .T. ) ;
#4928 = CARTESIAN_POINT ( 'NONE',  ( 17.46155956311902813, 6.186614173228023539, 10.00099999999999945 ) ) ;
#4929 = ORIENTED_EDGE ( 'NONE', *, *, #4107, .F. ) ;
#4930 = EDGE_CURVE ( 'NONE', #1265, #3311, #1242, .T. ) ;
#4931 = ORIENTED_EDGE ( 'NONE', *, *, #1844, .F. ) ;
#4932 = ORIENTED_EDGE ( 'NONE', *, *, #2740, .F. ) ;
#4933 = CARTESIAN_POINT ( 'NONE',  ( 0.000000000000000000, 0.000000000000000000, 7.000000000000000000 ) ) ;
#4934 = ADVANCED_FACE ( 'NONE', ( #5170 ), #2555, .F. ) ;
#4935 = DIRECTION ( 'NONE',  ( 0.8660254037844387076, 0.4999999999999999445, 0.000000000000000000 ) ) ;
#4936 = EDGE_LOOP ( 'NONE', ( #3873, #4239, #45, #2744 ) ) ;
#4937 = CARTESIAN_POINT ( 'NONE',  ( 33.23793625377881256, 40.67439564682086939, 10.00000000000000000 ) ) ;
#4938 = CARTESIAN_POINT ( 'NONE',  ( 41.43180065388673938, 38.09286487643512231, 4.000000000000000000 ) ) ;
#4939 = CARTESIAN_POINT ( 'NONE',  ( 33.23793625377881256, 56.67439564682091202, 7.000000000000000000 ) ) ;
#4940 = VECTOR ( 'NONE', #373, 1000.000000000000000 ) ;
#4941 = DIRECTION ( 'NONE',  ( 0.000000000000000000, -1.000000000000000000, -0.000000000000000000 ) ) ;
#4942 = ORIENTED_EDGE ( 'NONE', *, *, #2770, .T. ) ;
#4943 = CARTESIAN_POINT ( 'NONE',  ( 26.30973302350328424, 44.67439564682089070, 7.000000000000000000 ) ) ;
#4944 = EDGE_CURVE ( 'NONE', #3350, #3413, #4703, .T. ) ;
#4945 = PLANE ( 'NONE',  #4978 ) ;
#4946 = FACE_OUTER_BOUND ( 'NONE', #3416, .T. ) ;
#4947 = VECTOR ( 'NONE', #2042, 1000.000000000000227 ) ;
#4948 = ORIENTED_EDGE ( 'NONE', *, *, #3126, .T. ) ;
#4949 = ORIENTED_EDGE ( 'NONE', *, *, #4404, .F. ) ;
#4950 = CARTESIAN_POINT ( 'NONE',  ( 53.48264078761654616, 52.77490806565517545, 4.000000000000000000 ) ) ;
#4951 = ORIENTED_EDGE ( 'NONE', *, *, #3272, .F. ) ;
#4952 = VECTOR ( 'NONE', #3361, 1000.000000000000000 ) ;
#4953 = DIRECTION ( 'NONE',  ( -1.000000000000000000, 0.000000000000000000, 0.000000000000000000 ) ) ;
#4954 = VERTEX_POINT ( 'NONE', #1075 ) ;
#4955 = VERTEX_POINT ( 'NONE', #2787 ) ;
#4956 = VECTOR ( 'NONE', #4316, 1000.000000000000000 ) ;
#4957 = LINE ( 'NONE', #1124, #4684 ) ;
#4958 = VERTEX_POINT ( 'NONE', #4110 ) ;
#4959 = AXIS2_PLACEMENT_3D ( 'NONE', #3731, #5488, #3991 ) ;
#4961 = DIRECTION ( 'NONE',  ( 1.577021341797097018E-15, 1.000000000000000000, 0.000000000000000000 ) ) ;
#4960 = VECTOR ( 'NONE', #1115, 1000.000000000000114 ) ;
#4962 = CARTESIAN_POINT ( 'NONE',  ( 77.98218423212628636, 59.97470916941927044, 10.00000000000000000 ) ) ;
#4963 = VERTEX_POINT ( 'NONE', #2818 ) ;
#4964 = CIRCLE ( 'NONE', #760, 1.699999999999999289 ) ;
#4965 = EDGE_CURVE ( 'NONE', #831, #4894, #543, .T. ) ;
#4966 = CARTESIAN_POINT ( 'NONE',  ( 22.61060500309813293, 26.68592075184105994, -0.6000000000000474953 ) ) ;
#4967 = DIRECTION ( 'NONE',  ( -0.000000000000000000, -0.000000000000000000, 1.000000000000000000 ) ) ;
#4968 = DIRECTION ( 'NONE',  ( -0.000000000000000000, -0.000000000000000000, 1.000000000000000000 ) ) ;
#4969 = VECTOR ( 'NONE', #5614, 1000.000000000000000 ) ;
#4970 = CARTESIAN_POINT ( 'NONE',  ( 23.06165955430742187, 58.33397611666539717, 4.000000000000000000 ) ) ;
#4971 = PLANE ( 'NONE',  #570 ) ;
#4972 = CARTESIAN_POINT ( 'NONE',  ( 79.97474980949952794, 57.98214359204602175, 10.00000000000000000 ) ) ;
#4973 = AXIS2_PLACEMENT_3D ( 'NONE', #2923, #2142, #5163 ) ;
#4974 = CARTESIAN_POINT ( 'NONE',  ( 68.95793625377879721, 56.67439564682091202, 7.000000000000000000 ) ) ;
#4975 = ORIENTED_EDGE ( 'NONE', *, *, #4601, .F. ) ;
#4976 = DIRECTION ( 'NONE',  ( 0.0001230892683152483562, 0.9999999924245159821, 0.000000000000000000 ) ) ;
#4977 = LINE ( 'NONE', #2274, #1400 ) ;
#4978 = AXIS2_PLACEMENT_3D ( 'NONE', #3138, #3651, #1471 ) ;
#4979 = PLANE ( 'NONE',  #4432 ) ;
#4980 = EDGE_CURVE ( 'NONE', #129, #2373, #5462, .T. ) ;
#4981 = ORIENTED_EDGE ( 'NONE', *, *, #3383, .F. ) ;
#4982 = VERTEX_POINT ( 'NONE', #3730 ) ;
#4983 = CARTESIAN_POINT ( 'NONE',  ( 79.97474980949952794, 57.98214359204602175, 10.00000000000000000 ) ) ;
#4984 = VECTOR ( 'NONE', #156, 1000.000000000000000 ) ;
#4985 = DIRECTION ( 'NONE',  ( -0.000000000000000000, -0.000000000000000000, 1.000000000000000000 ) ) ;
#4986 = ORIENTED_EDGE ( 'NONE', *, *, #3193, .T. ) ;
#4987 = ADVANCED_FACE ( 'NONE', ( #5023 ), #1431, .F. ) ;
#4988 = EDGE_LOOP ( 'NONE', ( #776, #648, #2574, #1565 ) ) ;
#4989 = EDGE_CURVE ( 'NONE', #2784, #4036, #167, .T. ) ;
#4990 = CARTESIAN_POINT ( 'NONE',  ( 41.42884860408194214, 26.75317541498458951, 10.00000000000000000 ) ) ;
#4991 = EDGE_LOOP ( 'NONE', ( #3170, #3086, #4333, #1741 ) ) ;
#4992 = CARTESIAN_POINT ( 'NONE',  ( 24.39487291362403099, 59.35339717067414256, 0.000000000000000000 ) ) ;
#4993 = CARTESIAN_POINT ( 'NONE',  ( 76.16692151384303600, 8.415085090169998949, 0.000000000000000000 ) ) ;
#4994 = ORIENTED_EDGE ( 'NONE', *, *, #3009, .F. ) ;
#4995 = DIRECTION ( 'NONE',  ( 0.000000000000000000, 0.000000000000000000, -1.000000000000000000 ) ) ;
#4996 = CARTESIAN_POINT ( 'NONE',  ( 16.26968486712803141, 5.000000000000023093, 10.00099999999999945 ) ) ;
#4997 = EDGE_CURVE ( 'NONE', #4589, #10, #1009, .T. ) ;
#4998 = CARTESIAN_POINT ( 'NONE',  ( 53.09973302350341839, 29.20718193523073225, 10.00000000000000000 ) ) ;
#4999 = DIRECTION ( 'NONE',  ( -0.000000000000000000, -0.000000000000000000, -1.000000000000000000 ) ) ;
#5000 = LINE ( 'NONE', #4518, #5142 ) ;
#5001 = FACE_OUTER_BOUND ( 'NONE', #121, .T. ) ;
#5002 = ORIENTED_EDGE ( 'NONE', *, *, #4789, .T. ) ;
#5003 = DIRECTION ( 'NONE',  ( 0.000000000000000000, 0.000000000000000000, -1.000000000000000000 ) ) ;
#5004 = DIRECTION ( 'NONE',  ( 0.5773502691896212902, -0.5773502691896212902, 0.5773502691896346128 ) ) ;
#5005 = EDGE_CURVE ( 'NONE', #3954, #5615, #575, .T. ) ;
#5006 = CARTESIAN_POINT ( 'NONE',  ( 79.97474980950003953, 6.992565577373023977, 0.000000000000000000 ) ) ;
#5007 = ORIENTED_EDGE ( 'NONE', *, *, #3336, .F. ) ;
#5008 = ORIENTED_EDGE ( 'NONE', *, *, #4858, .F. ) ;
#5009 = DIRECTION ( 'NONE',  ( -1.000000000000000000, 0.000000000000000000, 0.000000000000000000 ) ) ;
#5010 = LINE ( 'NONE', #998, #2323 ) ;
#5011 = ORIENTED_EDGE ( 'NONE', *, *, #1062, .T. ) ;
#5012 = ORIENTED_EDGE ( 'NONE', *, *, #2077, .T. ) ;
#5013 = ORIENTED_EDGE ( 'NONE', *, *, #2777, .F. ) ;
#5014 = DIRECTION ( 'NONE',  ( 0.5773502691896212902, 0.5773502691896212902, 0.5773502691896346128 ) ) ;
#5015 = ORIENTED_EDGE ( 'NONE', *, *, #5209, .T. ) ;
#5016 = PLANE ( 'NONE',  #2646 ) ;
#5017 = EDGE_CURVE ( 'NONE', #530, #2348, #1044, .T. ) ;
#5018 = EDGE_CURVE ( 'NONE', #979, #4383, #4628, .T. ) ;
#5019 = CARTESIAN_POINT ( 'NONE',  ( 40.83180065388673796, 43.69286487643512373, 3.399999999999983036 ) ) ;
#5020 = FACE_OUTER_BOUND ( 'NONE', #4552, .T. ) ;
#5021 = CARTESIAN_POINT ( 'NONE',  ( 9.714451465470119729E-14, 28.93771831048124454, 4.000000000000000000 ) ) ;
#5022 = DIRECTION ( 'NONE',  ( -0.000000000000000000, -0.000000000000000000, 1.000000000000000000 ) ) ;
#5023 = FACE_OUTER_BOUND ( 'NONE', #1865, .T. ) ;
#5024 = PLANE ( 'NONE',  #4959 ) ;
#5025 = CARTESIAN_POINT ( 'NONE',  ( 24.30793625377895850, 41.20718193523075712, 7.000000000000000000 ) ) ;
#5026 = DIRECTION ( 'NONE',  ( 0.000000000000000000, 0.000000000000000000, -1.000000000000000000 ) ) ;
#5027 = DIRECTION ( 'NONE',  ( -0.000000000000000000, -0.000000000000000000, -1.000000000000000000 ) ) ;
#5028 = FACE_OUTER_BOUND ( 'NONE', #1389, .T. ) ;
#5029 = DIRECTION ( 'NONE',  ( 0.7071067811865502373, -0.7071067811865449082, 0.000000000000000000 ) ) ;
#5030 = ORIENTED_EDGE ( 'NONE', *, *, #1379, .T. ) ;
#5031 = DIRECTION ( 'NONE',  ( -0.8660254037844380415, -0.5000000000000009992, 0.000000000000000000 ) ) ;
#5032 = DIRECTION ( 'NONE',  ( -0.000000000000000000, -0.000000000000000000, -1.000000000000000000 ) ) ;
#5033 = VERTEX_POINT ( 'NONE', #4724 ) ;
#5034 = DIRECTION ( 'NONE',  ( -1.000000000000000000, 0.000000000000000000, 0.000000000000000000 ) ) ;
#5035 = VECTOR ( 'NONE', #5199, 1000.000000000000000 ) ;
#5036 = LINE ( 'NONE', #2342, #556 ) ;
#5037 = VERTEX_POINT ( 'NONE', #5113 ) ;
#5038 = CARTESIAN_POINT ( 'NONE',  ( 77.88793625377893193, 25.20718193523071449, 7.000000000000000000 ) ) ;
#5039 = ORIENTED_EDGE ( 'NONE', *, *, #1278, .F. ) ;
#5040 = AXIS2_PLACEMENT_3D ( 'NONE', #205, #2424, #4173 ) ;
#5041 = FACE_OUTER_BOUND ( 'NONE', #5498, .T. ) ;
#5042 = ORIENTED_EDGE ( 'NONE', *, *, #1099, .T. ) ;
#5043 = ORIENTED_EDGE ( 'NONE', *, *, #1456, .T. ) ;
#5044 = CARTESIAN_POINT ( 'NONE',  ( 6.447936253778966176, 41.20718193523075712, 10.00000000000000000 ) ) ;
#5045 = VECTOR ( 'NONE', #4685, 999.9999999999998863 ) ;
#5046 = EDGE_CURVE ( 'NONE', #5593, #2272, #1638, .T. ) ;
#5047 = DIRECTION ( 'NONE',  ( -0.000000000000000000, -0.000000000000000000, 1.000000000000000000 ) ) ;
#5048 = VERTEX_POINT ( 'NONE', #5143 ) ;
#5049 = CARTESIAN_POINT ( 'NONE',  ( 78.02831089662203112, 12.45999491999002373, 10.00099999999999945 ) ) ;
#5050 = AXIS2_PLACEMENT_3D ( 'NONE', #4460, #985, #431 ) ;
#5051 = FACE_OUTER_BOUND ( 'NONE', #771, .T. ) ;
#5052 = VECTOR ( 'NONE', #2185, 1000.000000000000114 ) ;
#5053 = CARTESIAN_POINT ( 'NONE',  ( 33.23793625377881256, 56.67439564682091202, 10.00000000000000000 ) ) ;
#5054 = LINE ( 'NONE', #2879, #937 ) ;
#5055 = DIRECTION ( 'NONE',  ( 0.7071067811865472397, 0.7071067811865479058, 0.000000000000000000 ) ) ;
#5056 = DIRECTION ( 'NONE',  ( -0.7071067811865600072, 0.7071067811865350272, 0.000000000000000000 ) ) ;
#5057 = CARTESIAN_POINT ( 'NONE',  ( 26.30973302350328424, 44.67439564682089070, 10.00000000000000000 ) ) ;
#5058 = AXIS2_PLACEMENT_3D ( 'NONE', #3787, #2929, #5458 ) ;
#5059 = VECTOR ( 'NONE', #3324, 1000.000000000000000 ) ;
#5060 = LINE ( 'NONE', #2449, #1198 ) ;
#5061 = EDGE_CURVE ( 'NONE', #1147, #5676, #1215, .T. ) ;
#5062 = DIRECTION ( 'NONE',  ( -0.8660254037844381525, 0.5000000000000006661, 0.000000000000000000 ) ) ;
#5063 = LINE ( 'NONE', #2105, #1672 ) ;
#5064 = VERTEX_POINT ( 'NONE', #1668 ) ;
#5065 = VECTOR ( 'NONE', #5660, 1000.000000000000000 ) ;
#5066 = CARTESIAN_POINT ( 'NONE',  ( 75.02984732797570189, 0.000000000000000000, 0.000000000000000000 ) ) ;
#5067 = ORIENTED_EDGE ( 'NONE', *, *, #2925, .F. ) ;
#5068 = VECTOR ( 'NONE', #5408, 1000.000000000000000 ) ;
#5069 = ORIENTED_EDGE ( 'NONE', *, *, #5639, .F. ) ;
#5070 = CARTESIAN_POINT ( 'NONE',  ( 0.000000000000000000, 31.28592075184100096, 4.000000000000000000 ) ) ;
#5071 = ORIENTED_EDGE ( 'NONE', *, *, #4361, .F. ) ;
#5072 = CARTESIAN_POINT ( 'NONE',  ( 70.95973302350341783, 29.20718193523073225, 10.00000000000000000 ) ) ;
#5073 = EDGE_LOOP ( 'NONE', ( #1144, #1979, #1480, #5104 ) ) ;
#5074 = VECTOR ( 'NONE', #2011, 1000.000000000000000 ) ;
#5075 = DIRECTION ( 'NONE',  ( -1.000000000000000000, 0.000000000000000000, 0.000000000000000000 ) ) ;
#5076 = ADVANCED_FACE ( 'NONE', ( #2988 ), #4283, .F. ) ;
#5077 = ORIENTED_EDGE ( 'NONE', *, *, #2931, .T. ) ;
#5078 = EDGE_LOOP ( 'NONE', ( #3209, #2971, #585, #5187, #1423 ) ) ;
#5079 = VECTOR ( 'NONE', #2662, 1000.000000000000000 ) ;
#5080 = LINE ( 'NONE', #4188, #4049 ) ;
#5081 = VERTEX_POINT ( 'NONE', #2100 ) ;
#5082 = DIRECTION ( 'NONE',  ( 1.000000000000000000, -0.000000000000000000, 0.000000000000000000 ) ) ;
#5083 = FACE_OUTER_BOUND ( 'NONE', #995, .T. ) ;
#5084 = ADVANCED_FACE ( 'NONE', ( #3851 ), #5179, .F. ) ;
#5085 = VERTEX_POINT ( 'NONE', #2128 ) ;
#5086 = DIRECTION ( 'NONE',  ( 1.000000000000000000, 0.000000000000000000, -0.000000000000000000 ) ) ;
#5087 = CARTESIAN_POINT ( 'NONE',  ( 60.23651146176602111, 38.45218509370900506, 1.233337884160998987 ) ) ;
#5088 = CARTESIAN_POINT ( 'NONE',  ( 51.09793625377881199, 56.67439564682091202, 7.000000000000000000 ) ) ;
#5089 = DIRECTION ( 'NONE',  ( 0.7049845209112707289, -0.7092226908915888473, 0.000000000000000000 ) ) ;
#5090 = EDGE_CURVE ( 'NONE', #3350, #3326, #5054, .T. ) ;
#5091 = LINE ( 'NONE', #4225, #4520 ) ;
#5092 = CARTESIAN_POINT ( 'NONE',  ( 77.88793625377893193, 25.20718193523071449, 7.000000000000000000 ) ) ;
#5093 = CARTESIAN_POINT ( 'NONE',  ( 8.888803657608024267, 56.44252476504900073, 0.000000000000000000 ) ) ;
#5094 = DIRECTION ( 'NONE',  ( 1.000000000000000000, 0.000000000000000000, 0.000000000000000000 ) ) ;
#5095 = EDGE_LOOP ( 'NONE', ( #5632, #4901, #3387, #2746 ) ) ;
#5096 = EDGE_CURVE ( 'NONE', #5211, #4271, #1583, .T. ) ;
#5097 = DIRECTION ( 'NONE',  ( 1.000000000000000000, 1.317956502048527864E-15, 0.000000000000000000 ) ) ;
#5098 = ORIENTED_EDGE ( 'NONE', *, *, #248, .T. ) ;
#5099 = CARTESIAN_POINT ( 'NONE',  ( 16.26968486712802786, 5.000000000000022204, 4.000000000000000000 ) ) ;
#5100 = CARTESIAN_POINT ( 'NONE',  ( 5.000000000000530243, 33.46289289354402285, 10.00099999999999945 ) ) ;
#5101 = DIRECTION ( 'NONE',  ( -0.7071067811865474617, 0.7071067811865474617, 0.000000000000000000 ) ) ;
#5102 = VERTEX_POINT ( 'NONE', #4771 ) ;
#5103 = FACE_OUTER_BOUND ( 'NONE', #880, .T. ) ;
#5104 = ORIENTED_EDGE ( 'NONE', *, *, #326, .T. ) ;
#5105 = ORIENTED_EDGE ( 'NONE', *, *, #4503, .F. ) ;
#5106 = LINE ( 'NONE', #1691, #4133 ) ;
#5107 = ORIENTED_EDGE ( 'NONE', *, *, #210, .F. ) ;
#5108 = DIRECTION ( 'NONE',  ( -0.000000000000000000, -0.000000000000000000, 1.000000000000000000 ) ) ;
#5109 = CARTESIAN_POINT ( 'NONE',  ( 78.03203064794003296, 52.35311032234201889, 10.00000000000000000 ) ) ;
#5110 = VERTEX_POINT ( 'NONE', #1271 ) ;
#5111 = CARTESIAN_POINT ( 'NONE',  ( 79.97474980950003953, 10.50829548434902350, 10.00099999999999945 ) ) ;
#5112 = EDGE_CURVE ( 'NONE', #4563, #5196, #5200, .T. ) ;
#5113 = CARTESIAN_POINT ( 'NONE',  ( 65.74084972657725245, 30.61190122397092495, 1.109997883926998163 ) ) ;
#5114 = FACE_OUTER_BOUND ( 'NONE', #1089, .T. ) ;
#5115 = CARTESIAN_POINT ( 'NONE',  ( 78.02950710310261684, 25.28891790319714872, 10.00099999999999945 ) ) ;
#5116 = DIRECTION ( 'NONE',  ( -0.7071067811865474617, 0.7071067811865474617, 0.000000000000000000 ) ) ;
#5117 = DIRECTION ( 'NONE',  ( 0.000000000000000000, 0.000000000000000000, -1.000000000000000000 ) ) ;
#5118 = DIRECTION ( 'NONE',  ( 0.000000000000000000, -1.000000000000000000, 0.000000000000000000 ) ) ;
#5119 = FACE_OUTER_BOUND ( 'NONE', #3722, .T. ) ;
#5120 = EDGE_LOOP ( 'NONE', ( #1839, #4608, #3199, #1393 ) ) ;
#5121 = CARTESIAN_POINT ( 'NONE',  ( 54.61482092964091350, 59.34967741935614782, 6.000000000000000000 ) ) ;
#5122 = LINE ( 'NONE', #3463, #1775 ) ;
#5123 = EDGE_LOOP ( 'NONE', ( #1785, #597, #5306, #829 ) ) ;
#5124 = EDGE_CURVE ( 'NONE', #5152, #3830, #4603, .T. ) ;
#5125 = ADVANCED_FACE ( 'NONE', ( #5001 ), #667, .F. ) ;
#5126 = ORIENTED_EDGE ( 'NONE', *, *, #464, .T. ) ;
#5127 = FACE_OUTER_BOUND ( 'NONE', #2767, .T. ) ;
#5128 = ORIENTED_EDGE ( 'NONE', *, *, #3437, .T. ) ;
#5129 = VECTOR ( 'NONE', #3640, 1000.000000000000000 ) ;
#5130 = ORIENTED_EDGE ( 'NONE', *, *, #5340, .F. ) ;
#5131 = EDGE_CURVE ( 'NONE', #5601, #3814, #3164, .T. ) ;
#5132 = EDGE_LOOP ( 'NONE', ( #470, #1502, #3894, #4646 ) ) ;
#5133 = CARTESIAN_POINT ( 'NONE',  ( 5.871324698771780426, 34.33421759231527659, 4.000000000000000000 ) ) ;
#5134 = CARTESIAN_POINT ( 'NONE',  ( 9.875044450089784931, 53.13706121412302252, 0.000000000000000000 ) ) ;
#5135 = ADVANCED_FACE ( 'NONE', ( #2360 ), #1991, .T. ) ;
#5136 = VECTOR ( 'NONE', #4911, 1000.000000000000000 ) ;
#5137 = VERTEX_POINT ( 'NONE', #4487 ) ;
#5138 = DIRECTION ( 'NONE',  ( -9.324293839476711010E-05, -0.9999999956528771161, 0.000000000000000000 ) ) ;
#5139 = ORIENTED_EDGE ( 'NONE', *, *, #2931, .F. ) ;
#5140 = AXIS2_PLACEMENT_3D ( 'NONE', #3157, #516, #2264 ) ;
#5141 = CARTESIAN_POINT ( 'NONE',  ( 23.77356091487909495, 59.97470916941908570, 0.000000000000000000 ) ) ;
#5142 = VECTOR ( 'NONE', #1526, 1000.000000000000000 ) ;
#5143 = CARTESIAN_POINT ( 'NONE',  ( 58.06984934592702530, 40.61884720954800088, 3.399999999999993250 ) ) ;
#5144 = CARTESIAN_POINT ( 'NONE',  ( 26.30973302350328424, 44.67439564682089070, 10.00000000000000000 ) ) ;
#5145 = DIRECTION ( 'NONE',  ( 9.324293839476711010E-05, 0.9999999956528771161, 0.000000000000000000 ) ) ;
#5146 = CARTESIAN_POINT ( 'NONE',  ( 59.74084972657723824, 23.61190122397092495, 3.399999999999968825 ) ) ;
#5147 = DIRECTION ( 'NONE',  ( 0.7071067811865343611, -0.000000000000000000, 0.7071067811865607844 ) ) ;
#5148 = VECTOR ( 'NONE', #4764, 999.9999999999998863 ) ;
#5149 = ADVANCED_BREP_SHAPE_REPRESENTATION ( '\X2\63a565367aef656370ed\X0\-\X2\534a5149\X0\', ( #3482, #3694 ), #1956 ) ;
#5150 = DIRECTION ( 'NONE',  ( -0.7071067811865574537, 4.088782444489056373E-16, 0.7071067811865375807 ) ) ;
#5151 = CARTESIAN_POINT ( 'NONE',  ( 5.872684371738666087, 41.20718193523075712, 10.00000000000000000 ) ) ;
#5152 = VERTEX_POINT ( 'NONE', #1013 ) ;
#5153 = AXIS2_PLACEMENT_3D ( 'NONE', #809, #717, #288 ) ;
#5154 = CARTESIAN_POINT ( 'NONE',  ( 36.63180065388673512, 43.69286487643512373, 1.699885383662997906 ) ) ;
#5155 = DIRECTION ( 'NONE',  ( -0.000000000000000000, -0.000000000000000000, -1.000000000000000000 ) ) ;
#5156 = EDGE_CURVE ( 'NONE', #2631, #1746, #4061, .T. ) ;
#5157 = LINE ( 'NONE', #1231, #2665 ) ;
#5158 = AXIS2_PLACEMENT_3D ( 'NONE', #4751, #5516, #2533 ) ;
#5159 = ORIENTED_EDGE ( 'NONE', *, *, #4300, .F. ) ;
#5160 = CARTESIAN_POINT ( 'NONE',  ( 35.23973302350342607, 29.20718193523073225, 7.000000000000000000 ) ) ;
#5161 = ORIENTED_EDGE ( 'NONE', *, *, #3112, .F. ) ;
#5162 = VECTOR ( 'NONE', #3811, 1000.000000000000227 ) ;
#5163 = DIRECTION ( 'NONE',  ( 0.000000000000000000, 0.000000000000000000, 1.000000000000000000 ) ) ;
#5164 = VECTOR ( 'NONE', #3648, 1000.000000000000000 ) ;
#5165 = ORIENTED_EDGE ( 'NONE', *, *, #3631, .T. ) ;
#5166 = ORIENTED_EDGE ( 'NONE', *, *, #1436, .T. ) ;
#5167 = CARTESIAN_POINT ( 'NONE',  ( 40.83180065388673796, 43.69286487643512373, 3.399999999999983036 ) ) ;
#5168 = ORIENTED_EDGE ( 'NONE', *, *, #4368, .F. ) ;
#5169 = VECTOR ( 'NONE', #1646, 1000.000000000000000 ) ;
#5170 = FACE_OUTER_BOUND ( 'NONE', #3267, .T. ) ;
#5171 = EDGE_LOOP ( 'NONE', ( #1916, #1026, #4738, #4929 ) ) ;
#5172 = EDGE_CURVE ( 'NONE', #5444, #1201, #5375, .T. ) ;
#5173 = ADVANCED_FACE ( 'NONE', ( #2733 ), #236, .F. ) ;
#5174 = VERTEX_POINT ( 'NONE', #4575 ) ;
#5175 = VECTOR ( 'NONE', #2803, 1000.000000000000000 ) ;
#5176 = CARTESIAN_POINT ( 'NONE',  ( 64.56983569344401985, 40.61884720954800088, 3.399999999999996803 ) ) ;
#5177 = VECTOR ( 'NONE', #4705, 1000.000000000000000 ) ;
#5178 = CARTESIAN_POINT ( 'NONE',  ( 59.14084972657722261, 0.000000000000000000, 4.000000000000000000 ) ) ;
#5179 = PLANE ( 'NONE',  #3877 ) ;
#5180 = CARTESIAN_POINT ( 'NONE',  ( 54.61415088855444111, 53.90613964737286068, 6.000000000000000000 ) ) ;
#5181 = ORIENTED_EDGE ( 'NONE', *, *, #463, .F. ) ;
#5182 = DIRECTION ( 'NONE',  ( 0.000000000000000000, 0.000000000000000000, 1.000000000000000000 ) ) ;
#5183 = DIRECTION ( 'NONE',  ( -1.000000000000000000, 0.000000000000000000, 0.000000000000000000 ) ) ;
#5184 = EDGE_CURVE ( 'NONE', #1401, #5671, #2760, .T. ) ;
#5185 = CARTESIAN_POINT ( 'NONE',  ( 10.58880365760802356, 8.415085090169998949, 10.00000000000000000 ) ) ;
#5186 = LINE ( 'NONE', #3771, #5437 ) ;
#5187 = ORIENTED_EDGE ( 'NONE', *, *, #3928, .F. ) ;
#5188 = PLANE ( 'NONE',  #2974 ) ;
#5189 = ORIENTED_EDGE ( 'NONE', *, *, #2207, .F. ) ;
#5190 = CARTESIAN_POINT ( 'NONE',  ( 36.03180065388673370, 0.000000000000000000, 4.000000000000000000 ) ) ;
#5191 = ORIENTED_EDGE ( 'NONE', *, *, #626, .T. ) ;
#5192 = ORIENTED_EDGE ( 'NONE', *, *, #2277, .T. ) ;
#5193 = LINE ( 'NONE', #708, #2751 ) ;
#5194 = DIRECTION ( 'NONE',  ( -0.8660254037844381525, 0.5000000000000006661, 0.000000000000000000 ) ) ;
#5195 = EDGE_CURVE ( 'NONE', #911, #1283, #1882, .T. ) ;
#5196 = VERTEX_POINT ( 'NONE', #1439 ) ;
#5197 = ORIENTED_EDGE ( 'NONE', *, *, #4263, .F. ) ;
#5198 = CARTESIAN_POINT ( 'NONE',  ( 24.30793625377895850, 41.20718193523075712, 7.000000000000000000 ) ) ;
#5199 = DIRECTION ( 'NONE',  ( -0.7071067811865496822, -0.7071067811865453523, 0.000000000000000000 ) ) ;
#5200 = LINE ( 'NONE', #2152, #5065 ) ;
#5201 = DIRECTION ( 'NONE',  ( 0.4999999999999999445, 0.8660254037844387076, 0.000000000000000000 ) ) ;
#5202 = ORIENTED_EDGE ( 'NONE', *, *, #2540, .F. ) ;
#5203 = CARTESIAN_POINT ( 'NONE',  ( 74.46692151384304736, 8.415085090169998949, 10.00000000000000000 ) ) ;
#5204 = FACE_OUTER_BOUND ( 'NONE', #5171, .T. ) ;
#5205 = CARTESIAN_POINT ( 'NONE',  ( 30.61060500309818977, 30.68592075184099599, 3.399999999999983036 ) ) ;
#5206 = SURFACE_STYLE_USAGE ( .BOTH. , #792 ) ;
#5207 = ADVANCED_FACE ( 'NONE', ( #4174 ), #3712, .F. ) ;
#5208 = DIRECTION ( 'NONE',  ( 0.8660254037844385966, 0.4999999999999998890, 0.000000000000000000 ) ) ;
#5209 = EDGE_CURVE ( 'NONE', #5085, #911, #5467, .T. ) ;
#5210 = PLANE ( 'NONE',  #1211 ) ;
#5211 = VERTEX_POINT ( 'NONE', #5494 ) ;
#5212 = DIRECTION ( 'NONE',  ( -0.000000000000000000, -0.000000000000000000, 1.000000000000000000 ) ) ;
#5213 = ORIENTED_EDGE ( 'NONE', *, *, #3364, .F. ) ;
#5214 = CARTESIAN_POINT ( 'NONE',  ( 54.61482092964090640, 59.34967741935614782, 10.00000000000000000 ) ) ;
#5215 = ORIENTED_EDGE ( 'NONE', *, *, #4187, .F. ) ;
#5216 = ORIENTED_EDGE ( 'NONE', *, *, #2905, .T. ) ;
#5217 = DIRECTION ( 'NONE',  ( -0.000000000000000000, 1.000000000000000000, 0.000000000000000000 ) ) ;
#5218 = PLANE ( 'NONE',  #868 ) ;
#5219 = EDGE_LOOP ( 'NONE', ( #46, #4540, #5383, #3049 ) ) ;
#5220 = VERTEX_POINT ( 'NONE', #4918 ) ;
#5221 = CARTESIAN_POINT ( 'NONE',  ( 49.09613948405447559, 37.20718193523074291, 10.00000000000000000 ) ) ;
#5222 = AXIS2_PLACEMENT_3D ( 'NONE', #3650, #1907, #4027 ) ;
#5223 = LINE ( 'NONE', #5178, #4940 ) ;
#5224 = VECTOR ( 'NONE', #1605, 1000.000000000000000 ) ;
#5225 = CARTESIAN_POINT ( 'NONE',  ( 26.30973302350329845, 52.67439564682089781, 10.00000000000000000 ) ) ;
#5226 = EDGE_LOOP ( 'NONE', ( #4907, #2497, #2643, #5181 ) ) ;
#5227 = VECTOR ( 'NONE', #1810, 1000.000000000000227 ) ;
#5228 = CARTESIAN_POINT ( 'NONE',  ( 5.000000000000901501, 54.01736618697488979, 10.00000000000000000 ) ) ;
#5229 = ADVANCED_FACE ( 'NONE', ( #206 ), #4522, .F. ) ;
#5230 = CARTESIAN_POINT ( 'NONE',  ( 65.74084972657723824, 23.61190122397092495, 1.109997883926998163 ) ) ;
#5231 = AXIS2_PLACEMENT_3D ( 'NONE', #4485, #4810, #60 ) ;
#5232 = EDGE_CURVE ( 'NONE', #1947, #1617, #1468, .T. ) ;
#5233 = CARTESIAN_POINT ( 'NONE',  ( 78.03098366803055796, 41.12459347210570826, 7.000000000000000000 ) ) ;
#5234 = DIRECTION ( 'NONE',  ( -0.000000000000000000, 1.000000000000000000, -0.000000000000000000 ) ) ;
#5235 = ORIENTED_EDGE ( 'NONE', *, *, #620, .T. ) ;
#5236 = CIRCLE ( 'NONE', #753, 1.699999999999979305 ) ;
#5237 = LINE ( 'NONE', #4380, #79 ) ;
#5238 = VERTEX_POINT ( 'NONE', #4974 ) ;
#5239 = EDGE_CURVE ( 'NONE', #2722, #2984, #1049, .T. ) ;
#5240 = CARTESIAN_POINT ( 'NONE',  ( 18.61060500309818977, 30.68592075184099599, 3.399999999999983036 ) ) ;
#5241 = EDGE_LOOP ( 'NONE', ( #562, #5477, #3007, #866, #4704, #3747, #2233, #5495 ) ) ;
#5242 = AXIS2_PLACEMENT_3D ( 'NONE', #2750, #5365, #4082 ) ;
#5243 = VECTOR ( 'NONE', #1486, 1000.000000000000000 ) ;
#5244 = VERTEX_POINT ( 'NONE', #3679 ) ;
#5245 = DIRECTION ( 'NONE',  ( 1.000000000000000000, 0.000000000000000000, 0.000000000000000000 ) ) ;
#5246 = VERTEX_POINT ( 'NONE', #5439 ) ;
#5247 = DIRECTION ( 'NONE',  ( 0.8660254037844382635, -0.5000000000000005551, 0.000000000000000000 ) ) ;
#5248 = ORIENTED_EDGE ( 'NONE', *, *, #4654, .F. ) ;
#5249 = ADVANCED_FACE ( 'NONE', ( #1501 ), #2051, .F. ) ;
#5250 = AXIS2_PLACEMENT_3D ( 'NONE', #580, #4091, #1528 ) ;
#5251 = EDGE_CURVE ( 'NONE', #668, #2464, #2482, .T. ) ;
#5252 = ORIENTED_EDGE ( 'NONE', *, *, #3660, .T. ) ;
#5253 = CARTESIAN_POINT ( 'NONE',  ( 58.02613948405432609, 44.67439564682088360, 7.000000000000000000 ) ) ;
#5254 = VECTOR ( 'NONE', #3025, 1000.000000000000000 ) ;
#5255 = ORIENTED_EDGE ( 'NONE', *, *, #3023, .T. ) ;
#5256 = VECTOR ( 'NONE', #1853, 1000.000000000000000 ) ;
#5257 = LINE ( 'NONE', #4346, #5634 ) ;
#5258 = ORIENTED_EDGE ( 'NONE', *, *, #3566, .T. ) ;
#5259 = LINE ( 'NONE', #2726, #4222 ) ;
#5260 = CIRCLE ( 'NONE', #35, 1.699999999999979305 ) ;
#5261 = FACE_OUTER_BOUND ( 'NONE', #3090, .T. ) ;
#5262 = CARTESIAN_POINT ( 'NONE',  ( 75.88613948405432552, 52.67439564682089781, 7.000000000000000000 ) ) ;
#5263 = EDGE_CURVE ( 'NONE', #3220, #611, #3435, .T. ) ;
#5264 = LINE ( 'NONE', #3541, #3305 ) ;
#5265 = CARTESIAN_POINT ( 'NONE',  ( 55.42884860408193504, 24.35317541498459448, -10.67514906227531313 ) ) ;
#5266 = EDGE_CURVE ( 'NONE', #3220, #2396, #5063, .T. ) ;
#5267 = CARTESIAN_POINT ( 'NONE',  ( 12.07195935263212583, 58.33397611666538296, 4.000000000000000000 ) ) ;
#5268 = EDGE_LOOP ( 'NONE', ( #581, #5376, #5039, #4068 ) ) ;
#5269 = DIRECTION ( 'NONE',  ( 0.7071067811867248754, -0.7071067811863702701, 0.000000000000000000 ) ) ;
#5270 = CARTESIAN_POINT ( 'NONE',  ( 49.09613948405447559, 37.20718193523074291, 7.000000000000000000 ) ) ;
#5271 = EDGE_LOOP ( 'NONE', ( #1322, #2257, #4932, #2561 ) ) ;
#5272 = ORIENTED_EDGE ( 'NONE', *, *, #4819, .F. ) ;
#5273 = LINE ( 'NONE', #4070, #929 ) ;
#5274 = EDGE_LOOP ( 'NONE', ( #3029, #3115, #3713, #5197 ) ) ;
#5275 = LINE ( 'NONE', #5330, #3610 ) ;
#5276 = VERTEX_POINT ( 'NONE', #2564 ) ;
#5277 = ORIENTED_EDGE ( 'NONE', *, *, #5017, .T. ) ;
#5278 = LINE ( 'NONE', #4477, #4130 ) ;
#5279 = ADVANCED_FACE ( 'NONE', ( #1223 ), #4731, .F. ) ;
#5280 = ORIENTED_EDGE ( 'NONE', *, *, #1210, .T. ) ;
#5281 = CARTESIAN_POINT ( 'NONE',  ( 5.000000000000030198, 6.992565577373023977, 10.00099999999999945 ) ) ;
#5282 = FACE_OUTER_BOUND ( 'NONE', #3526, .T. ) ;
#5283 = VERTEX_POINT ( 'NONE', #5151 ) ;
#5284 = DIRECTION ( 'NONE',  ( -0.7049845209112707289, 0.7092226908915888473, 0.000000000000000000 ) ) ;
#5285 = ADVANCED_FACE ( 'NONE', ( #763, #328 ), #5584, .T. ) ;
#5286 = LINE ( 'NONE', #2267, #1857 ) ;
#5287 = DIRECTION ( 'NONE',  ( 0.000000000000000000, -1.000000000000000000, 0.000000000000000000 ) ) ;
#5288 = DIRECTION ( 'NONE',  ( 0.000000000000000000, 0.000000000000000000, 1.000000000000000000 ) ) ;
#5289 = DIRECTION ( 'NONE',  ( 0.000000000000000000, 0.000000000000000000, -1.000000000000000000 ) ) ;
#5290 = EDGE_CURVE ( 'NONE', #3413, #3350, #1765, .T. ) ;
#5291 = DIRECTION ( 'NONE',  ( -0.000000000000000000, -0.000000000000000000, -1.000000000000000000 ) ) ;
#5292 = ORIENTED_EDGE ( 'NONE', *, *, #627, .F. ) ;
#5293 = LINE ( 'NONE', #3942, #630 ) ;
#5294 = CARTESIAN_POINT ( 'NONE',  ( 22.30613948405434499, 52.67439564682089781, 7.000000000000000000 ) ) ;
#5295 = ADVANCED_FACE ( 'NONE', ( #4319 ), #3859, .T. ) ;
#5296 = VERTEX_POINT ( 'NONE', #1616 ) ;
#5297 = ORIENTED_EDGE ( 'NONE', *, *, #290, .F. ) ;
#5298 = EDGE_CURVE ( 'NONE', #2952, #5529, #1143, .T. ) ;
#5299 = CARTESIAN_POINT ( 'NONE',  ( 6.992565577374029395, 5.000000000000023093, 10.00000000000000000 ) ) ;
#5300 = VERTEX_POINT ( 'NONE', #1255 ) ;
#5301 = CYLINDRICAL_SURFACE ( 'NONE', #3977, 1.699999999999999289 ) ;
#5302 = VERTEX_POINT ( 'NONE', #3342 ) ;
#5303 = ADVANCED_FACE ( 'NONE', ( #1643 ), #3402, .F. ) ;
#5304 = ORIENTED_EDGE ( 'NONE', *, *, #185, .T. ) ;
#5305 = LINE ( 'NONE', #869, #178 ) ;
#5306 = ORIENTED_EDGE ( 'NONE', *, *, #4774, .F. ) ;
#5307 = PLANE ( 'NONE',  #2376 ) ;
#5308 = CARTESIAN_POINT ( 'NONE',  ( 64.56983569344401985, 35.50332283157010949, -8.271542309605473875 ) ) ;
#5309 = ORIENTED_EDGE ( 'NONE', *, *, #4056, .T. ) ;
#5310 = VECTOR ( 'NONE', #5101, 1000.000000000000114 ) ;
#5311 = CARTESIAN_POINT ( 'NONE',  ( 17.37973302350344440, 37.20718193523073580, 10.00000000000000000 ) ) ;
#5312 = DIRECTION ( 'NONE',  ( -1.000000000000000000, 0.000000000000000000, 0.000000000000000000 ) ) ;
#5313 = FACE_OUTER_BOUND ( 'NONE', #5359, .T. ) ;
#5314 = VECTOR ( 'NONE', #2050, 1000.000000000000000 ) ;
#5315 = DIRECTION ( 'NONE',  ( 9.324293839476711010E-05, 0.9999999956528771161, 0.000000000000000000 ) ) ;
#5316 = ADVANCED_FACE ( 'NONE', ( #5119 ), #1192, .T. ) ;
#5317 = CARTESIAN_POINT ( 'NONE',  ( 20.85129627085182946, 23.35317541498460159, 10.00099999999999945 ) ) ;
#5318 = VECTOR ( 'NONE', #4666, 1000.000000000000000 ) ;
#5319 = DIRECTION ( 'NONE',  ( 0.5000000000000001110, -0.8660254037844385966, 0.000000000000000000 ) ) ;
#5320 = ORIENTED_EDGE ( 'NONE', *, *, #724, .F. ) ;
#5321 = CARTESIAN_POINT ( 'NONE',  ( 63.88585078461365896, 23.61190122397092495, -0.7450010580365385993 ) ) ;
#5322 = CARTESIAN_POINT ( 'NONE',  ( 58.02613948405432609, 44.67439564682088360, 7.000000000000000000 ) ) ;
#5323 = VECTOR ( 'NONE', #4632, 1000.000000000000000 ) ;
#5324 = LINE ( 'NONE', #4837, #3599 ) ;
#5325 = ORIENTED_EDGE ( 'NONE', *, *, #5526, .F. ) ;
#5326 = ORIENTED_EDGE ( 'NONE', *, *, #5607, .T. ) ;
#5327 = FACE_OUTER_BOUND ( 'NONE', #3720, .T. ) ;
#5328 = VECTOR ( 'NONE', #5358, 1000.000000000000000 ) ;
#5329 = ORIENTED_EDGE ( 'NONE', *, *, #3516, .T. ) ;
#5330 = CARTESIAN_POINT ( 'NONE',  ( 36.63180065388673512, 43.69286487643512373, 3.399999999999983036 ) ) ;
#5331 = ORIENTED_EDGE ( 'NONE', *, *, #3850, .T. ) ;
#5332 = VECTOR ( 'NONE', #5620, 999.9999999999998863 ) ;
#5333 = VECTOR ( 'NONE', #783, 1000.000000000000000 ) ;
#5334 = ORIENTED_EDGE ( 'NONE', *, *, #2659, .T. ) ;
#5335 = CARTESIAN_POINT ( 'NONE',  ( 18.61060500309818977, 30.68592075184099599, 1.109999999999998099 ) ) ;
#5336 = EDGE_CURVE ( 'NONE', #1766, #796, #2542, .T. ) ;
#5337 = VECTOR ( 'NONE', #3481, 1000.000000000000114 ) ;
#5338 = ORIENTED_EDGE ( 'NONE', *, *, #3728, .F. ) ;
#5339 = FACE_OUTER_BOUND ( 'NONE', #5597, .T. ) ;
#5340 = EDGE_CURVE ( 'NONE', #4018, #5440, #4290, .T. ) ;
#5341 = PLANE ( 'NONE',  #1665 ) ;
#5342 = ORIENTED_EDGE ( 'NONE', *, *, #1407, .T. ) ;
#5343 = VECTOR ( 'NONE', #2422, 1000.000000000000000 ) ;
#5344 = CARTESIAN_POINT ( 'NONE',  ( 0.000000000000000000, 28.88980021391638431, 0.9599999985689978699 ) ) ;
#5345 = DIRECTION ( 'NONE',  ( -0.000000000000000000, -0.000000000000000000, 1.000000000000000000 ) ) ;
#5346 = FACE_BOUND ( 'NONE', #2254, .T. ) ;
#5347 = VECTOR ( 'NONE', #3214, 1000.000000000000000 ) ;
#5348 = LINE ( 'NONE', #1878, #4066 ) ;
#5349 = CARTESIAN_POINT ( 'NONE',  ( 0.000000000000000000, 28.88980021391638431, 0.9599999985689978699 ) ) ;
#5350 = VECTOR ( 'NONE', #419, 1000.000000000000000 ) ;
#5351 = CARTESIAN_POINT ( 'NONE',  ( 46.94653210253800779, 0.000000000000000000, 3.399999999999983036 ) ) ;
#5352 = EDGE_LOOP ( 'NONE', ( #3190, #2978, #4096, #5329 ) ) ;
#5353 = PLANE ( 'NONE',  #3292 ) ;
#5354 = CARTESIAN_POINT ( 'NONE',  ( 54.42884860408192793, 27.75317541498460372, 10.00000000000000000 ) ) ;
#5355 = DIRECTION ( 'NONE',  ( -6.369488388617203926E-16, 1.000000000000000000, -0.000000000000000000 ) ) ;
#5356 = EDGE_LOOP ( 'NONE', ( #2252, #276, #1440, #2570 ) ) ;
#5357 = EDGE_LOOP ( 'NONE', ( #3907, #2609 ) ) ;
#5358 = DIRECTION ( 'NONE',  ( 0.000000000000000000, 1.000000000000000000, 0.000000000000000000 ) ) ;
#5359 = EDGE_LOOP ( 'NONE', ( #136, #2899, #2088, #4157 ) ) ;
#5360 = CARTESIAN_POINT ( 'NONE',  ( 79.97474980949952794, 57.98214359204602175, 0.000000000000000000 ) ) ;
#5361 = ORIENTED_EDGE ( 'NONE', *, *, #287, .F. ) ;
#5362 = ORIENTED_EDGE ( 'NONE', *, *, #5017, .F. ) ;
#5363 = ORIENTED_EDGE ( 'NONE', *, *, #5549, .F. ) ;
#5364 = CARTESIAN_POINT ( 'NONE',  ( 79.97474980950003953, 10.50829548434902350, 0.000000000000000000 ) ) ;
#5365 = DIRECTION ( 'NONE',  ( -1.000000000000000000, 0.000000000000000000, 0.000000000000000000 ) ) ;
#5366 = ORIENTED_EDGE ( 'NONE', *, *, #2796, .T. ) ;
#5367 = EDGE_CURVE ( 'NONE', #1262, #3530, #261, .T. ) ;
#5368 = CARTESIAN_POINT ( 'NONE',  ( 54.60751479386056673, -0.006721599091409624638, 4.000000000000000000 ) ) ;
#5369 = EDGE_CURVE ( 'NONE', #4622, #4563, #5528, .T. ) ;
#5370 = CARTESIAN_POINT ( 'NONE',  ( 23.73212781767187707, 57.66334277808476827, 4.000000000000000000 ) ) ;
#5371 = DIRECTION ( 'NONE',  ( -0.000000000000000000, 0.000000000000000000, 1.000000000000000000 ) ) ;
#5372 = LINE ( 'NONE', #117, #481 ) ;
#5373 = CARTESIAN_POINT ( 'NONE',  ( 24.39487291362403099, 59.35339717067414256, 10.00000000000000000 ) ) ;
#5374 = FACE_OUTER_BOUND ( 'NONE', #2023, .T. ) ;
#5375 = LINE ( 'NONE', #4113, #1390 ) ;
#5376 = ORIENTED_EDGE ( 'NONE', *, *, #2249, .F. ) ;
#5377 = CARTESIAN_POINT ( 'NONE',  ( 6.992565577374029395, 5.000000000000023093, 0.000000000000000000 ) ) ;
#5378 = CARTESIAN_POINT ( 'NONE',  ( 7.188803657608024977, 56.44252476504900073, 10.00099999999999945 ) ) ;
#5379 = LINE ( 'NONE', #5006, #2778 ) ;
#5380 = ORIENTED_EDGE ( 'NONE', *, *, #3399, .F. ) ;
#5381 = VERTEX_POINT ( 'NONE', #4664 ) ;
#5382 = LINE ( 'NONE', #1564, #2031 ) ;
#5383 = ORIENTED_EDGE ( 'NONE', *, *, #5046, .T. ) ;
#5384 = CARTESIAN_POINT ( 'NONE',  ( 41.42884860408194214, 26.75317541498458951, -10.67514906227531313 ) ) ;
#5385 = EDGE_LOOP ( 'NONE', ( #1628, #1819, #2095, #420 ) ) ;
#5386 = ORIENTED_EDGE ( 'NONE', *, *, #248, .F. ) ;
#5387 = ORIENTED_EDGE ( 'NONE', *, *, #2184, .T. ) ;
#5388 = DIRECTION ( 'NONE',  ( 0.5000000000000006661, 0.8660254037844382635, 0.000000000000000000 ) ) ;
#5389 = DIRECTION ( 'NONE',  ( 1.000000000000000000, 0.000000000000000000, 0.000000000000000000 ) ) ;
#5390 = ADVANCED_FACE ( 'NONE', ( #726 ), #5643, .T. ) ;
#5391 = ORIENTED_EDGE ( 'NONE', *, *, #4965, .T. ) ;
#5392 = LINE ( 'NONE', #1924, #4419 ) ;
#5393 = CARTESIAN_POINT ( 'NONE',  ( 0.000000000000000000, 34.88980021391638076, 0.9599999985689978699 ) ) ;
#5394 = CARTESIAN_POINT ( 'NONE',  ( 36.63180065388673512, 43.69286487643512373, 1.699885383662997906 ) ) ;
#5395 = AXIS2_PLACEMENT_3D ( 'NONE', #4836, #2619, #4864 ) ;
#5396 = PLANE ( 'NONE',  #864 ) ;
#5397 = ADVANCED_FACE ( 'NONE', ( #3016 ), #4353, .F. ) ;
#5398 = DIRECTION ( 'NONE',  ( -1.000000000000000000, 0.000000000000000000, 0.000000000000000000 ) ) ;
#5399 = PLANE ( 'NONE',  #3681 ) ;
#5400 = AXIS2_PLACEMENT_3D ( 'NONE', #3591, #2664, #2178 ) ;
#5401 = DIRECTION ( 'NONE',  ( -1.000000000000000000, 1.734723475976805517E-15, 0.000000000000000000 ) ) ;
#5402 = ORIENTED_EDGE ( 'NONE', *, *, #4457, .F. ) ;
#5403 = ADVANCED_FACE ( 'NONE', ( #2181 ), #3935, .T. ) ;
#5404 = DIRECTION ( 'NONE',  ( -1.734723475976805517E-15, -1.000000000000000000, 0.000000000000000000 ) ) ;
#5405 = EDGE_CURVE ( 'NONE', #1735, #4622, #847, .T. ) ;
#5406 = CARTESIAN_POINT ( 'NONE',  ( 0.007098098182035939008, 57.66626307465578805, 4.000000000000000000 ) ) ;
#5407 = EDGE_CURVE ( 'NONE', #2223, #1824, #4375, .T. ) ;
#5408 = DIRECTION ( 'NONE',  ( -0.000000000000000000, -0.000000000000000000, 1.000000000000000000 ) ) ;
#5409 = VECTOR ( 'NONE', #4713, 1000.000000000000000 ) ;
#5410 = ORIENTED_EDGE ( 'NONE', *, *, #3964, .T. ) ;
#5411 = ORIENTED_EDGE ( 'NONE', *, *, #421, .F. ) ;
#5412 = CARTESIAN_POINT ( 'NONE',  ( 76.16692151384303600, 8.415085090169998949, 10.00099999999999945 ) ) ;
#5413 = EDGE_LOOP ( 'NONE', ( #5192, #1684, #2371, #1663 ) ) ;
#5414 = EDGE_CURVE ( 'NONE', #553, #4706, #1353, .T. ) ;
#5415 = AXIS2_PLACEMENT_3D ( 'NONE', #5253, #4846, #2692 ) ;
#5416 = CARTESIAN_POINT ( 'NONE',  ( 75.88613948405432552, 52.67439564682089781, 7.000000000000000000 ) ) ;
#5417 = ORIENTED_EDGE ( 'NONE', *, *, #1336, .F. ) ;
#5418 = CARTESIAN_POINT ( 'NONE',  ( 47.54653210253800921, 35.48980021391638928, 4.000000000000000000 ) ) ;
#5419 = ORIENTED_EDGE ( 'NONE', *, *, #5124, .T. ) ;
#5420 = VECTOR ( 'NONE', #5194, 1000.000000000000227 ) ;
#5421 = CARTESIAN_POINT ( 'NONE',  ( 10.27348423527721799, 45.25038475940630889, 6.000000000000000000 ) ) ;
#5422 = ADVANCED_FACE ( 'NONE', ( #3461 ), #3909, .F. ) ;
#5423 = EDGE_CURVE ( 'NONE', #1830, #1177, #2614, .T. ) ;
#5424 = VERTEX_POINT ( 'NONE', #5205 ) ;
#5426 = CARTESIAN_POINT ( 'NONE',  ( 24.30793625377895850, 41.20718193523075712, 10.00000000000000000 ) ) ;
#5425 = VECTOR ( 'NONE', #962, 1000.000000000000000 ) ;
#5427 = PLANE ( 'NONE',  #3592 ) ;
#5428 = ORIENTED_EDGE ( 'NONE', *, *, #4965, .F. ) ;
#5429 = AXIS2_PLACEMENT_3D ( 'NONE', #3183, #4995, #4569 ) ;
#5430 = DIRECTION ( 'NONE',  ( 0.4999999999999999445, 0.8660254037844387076, 0.000000000000000000 ) ) ;
#5431 = FACE_OUTER_BOUND ( 'NONE', #4149, .T. ) ;
#5432 = VECTOR ( 'NONE', #3944, 1000.000000000000000 ) ;
#5433 = VECTOR ( 'NONE', #3042, 1000.000000000000000 ) ;
#5434 = DIRECTION ( 'NONE',  ( 0.000000000000000000, 1.000000000000000000, 0.000000000000000000 ) ) ;
#5435 = CARTESIAN_POINT ( 'NONE',  ( 65.34807733323546586, 45.95871309031685570, 5.000000000000000000 ) ) ;
#5436 = CARTESIAN_POINT ( 'NONE',  ( 62.02973302350326890, 44.67439564682089070, 7.000000000000000000 ) ) ;
#5437 = VECTOR ( 'NONE', #4268, 1000.000000000000000 ) ;
#5438 = DIRECTION ( 'NONE',  ( -0.000000000000000000, -0.000000000000000000, -1.000000000000000000 ) ) ;
#5439 = CARTESIAN_POINT ( 'NONE',  ( 70.95973302350341783, 29.20718193523073225, 7.000000000000000000 ) ) ;
#5440 = VERTEX_POINT ( 'NONE', #2239 ) ;
#5441 = DIRECTION ( 'NONE',  ( 0.8660254037844382635, -0.5000000000000005551, 0.000000000000000000 ) ) ;
#5442 = VECTOR ( 'NONE', #3288, 1000.000000000000000 ) ;
#5443 = DIRECTION ( 'NONE',  ( -0.000000000000000000, -0.000000000000000000, 1.000000000000000000 ) ) ;
#5444 = VERTEX_POINT ( 'NONE', #2591 ) ;
#5445 = FACE_OUTER_BOUND ( 'NONE', #311, .T. ) ;
#5446 = EDGE_LOOP ( 'NONE', ( #2742, #2251, #2922, #4604 ) ) ;
#5447 = CARTESIAN_POINT ( 'NONE',  ( 51.09793625377881199, 56.67439564682091202, 10.00000000000000000 ) ) ;
#5448 = ADVANCED_FACE ( 'NONE', ( #5313 ), #4855, .T. ) ;
#5449 = AXIS2_PLACEMENT_3D ( 'NONE', #1943, #4500, #2313 ) ;
#5450 = LINE ( 'NONE', #1117, #5175 ) ;
#5451 = ORIENTED_EDGE ( 'NONE', *, *, #2810, .F. ) ;
#5452 = ORIENTED_EDGE ( 'NONE', *, *, #5266, .T. ) ;
#5453 = EDGE_CURVE ( 'NONE', #1919, #1714, #5, .T. ) ;
#5454 = ORIENTED_EDGE ( 'NONE', *, *, #2164, .F. ) ;
#5455 = DIRECTION ( 'NONE',  ( -1.000000000000000000, 0.000000000000000000, 0.000000000000000000 ) ) ;
#5456 = ORIENTED_EDGE ( 'NONE', *, *, #70, .T. ) ;
#5457 = FACE_OUTER_BOUND ( 'NONE', #5385, .T. ) ;
#5458 = DIRECTION ( 'NONE',  ( -0.0001978291858416224519, -0.9999999804318063790, 0.000000000000000000 ) ) ;
#5459 = DIRECTION ( 'NONE',  ( 1.000000000000000000, -0.000000000000000000, 0.000000000000000000 ) ) ;
#5460 = CARTESIAN_POINT ( 'NONE',  ( 46.59237599792525231, 46.59237599792501072, 4.000000000000000000 ) ) ;
#5461 = DIRECTION ( 'NONE',  ( -0.000000000000000000, -1.000000000000000000, -0.000000000000000000 ) ) ;
#5462 = LINE ( 'NONE', #4052, #2309 ) ;
#5463 = FACE_OUTER_BOUND ( 'NONE', #5095, .T. ) ;
#5464 = LINE ( 'NONE', #4548, #2315 ) ;
#5465 = FACE_OUTER_BOUND ( 'NONE', #3356, .T. ) ;
#5466 = DIRECTION ( 'NONE',  ( -0.8660254037844385966, 0.4999999999999998890, 0.000000000000000000 ) ) ;
#5467 = LINE ( 'NONE', #3737, #564 ) ;
#5468 = ORIENTED_EDGE ( 'NONE', *, *, #4446, .F. ) ;
#5469 = LINE ( 'NONE', #5377, #1829 ) ;
#5470 = CARTESIAN_POINT ( 'NONE',  ( 17.46155956311902457, 19.96343870725181802, 10.00000000000000000 ) ) ;
#5471 = LINE ( 'NONE', #2859, #2876 ) ;
#5472 = EDGE_LOOP ( 'NONE', ( #646, #997, #4297, #707 ) ) ;
#5473 = VERTEX_POINT ( 'NONE', #5228 ) ;
#5474 = LINE ( 'NONE', #242, #4698 ) ;
#5475 = ORIENTED_EDGE ( 'NONE', *, *, #3340, .F. ) ;
#5476 = LINE ( 'NONE', #2773, #212 ) ;
#5477 = ORIENTED_EDGE ( 'NONE', *, *, #4629, .T. ) ;
#5478 = VERTEX_POINT ( 'NONE', #1302 ) ;
#5479 = ORIENTED_EDGE ( 'NONE', *, *, #4543, .T. ) ;
#5480 = LINE ( 'NONE', #249, #5059 ) ;
#5481 = VERTEX_POINT ( 'NONE', #3096 ) ;
#5482 = DIRECTION ( 'NONE',  ( -1.000000000000000000, 3.011203194556595896E-16, 0.000000000000000000 ) ) ;
#5483 = ORIENTED_EDGE ( 'NONE', *, *, #1407, .F. ) ;
#5484 = EDGE_CURVE ( 'NONE', #1542, #5563, #3128, .T. ) ;
#5485 = CARTESIAN_POINT ( 'NONE',  ( 74.41423944072103325, 5.000000000000023093, 10.00099999999999945 ) ) ;
#5486 = EDGE_CURVE ( 'NONE', #979, #1050, #1277, .T. ) ;
#5487 = CARTESIAN_POINT ( 'NONE',  ( 40.83180065388673796, 38.69286487643512373, 3.399999999999983036 ) ) ;
#5488 = DIRECTION ( 'NONE',  ( 0.7071067811865556774, 0.000000000000000000, 0.7071067811865393571 ) ) ;
#5489 = CARTESIAN_POINT ( 'NONE',  ( 79.97474980950003953, 6.992565577373023977, 10.00000000000000000 ) ) ;
#5490 = CARTESIAN_POINT ( 'NONE',  ( -1.295857478532058682, 0.4758106805710405895, 4.000000000000000000 ) ) ;
#5491 = DIRECTION ( 'NONE',  ( -0.8660254037844381525, 0.5000000000000006661, 0.000000000000000000 ) ) ;
#5492 = CARTESIAN_POINT ( 'NONE',  ( 60.02793625377894671, 41.20718193523075712, 7.000000000000000000 ) ) ;
#5493 = CARTESIAN_POINT ( 'NONE',  ( 8.888803657608024267, 8.415085090169998949, 0.000000000000000000 ) ) ;
#5494 = CARTESIAN_POINT ( 'NONE',  ( 51.09793625377881199, 56.67439564682091202, 7.000000000000000000 ) ) ;
#5495 = ORIENTED_EDGE ( 'NONE', *, *, #154, .T. ) ;
#5496 = DIRECTION ( 'NONE',  ( 2.518321216464164144E-16, -1.000000000000000000, 0.000000000000000000 ) ) ;
#5497 = CARTESIAN_POINT ( 'NONE',  ( 65.74084972657725245, 30.61190122397092495, 3.399999999999968825 ) ) ;
#5498 = EDGE_LOOP ( 'NONE', ( #1118, #2626, #4904, #107 ) ) ;
#5499 = DIRECTION ( 'NONE',  ( 1.577021341797097018E-15, 1.000000000000000000, 0.000000000000000000 ) ) ;
#5500 = DIRECTION ( 'NONE',  ( -0.000000000000000000, -0.000000000000000000, 1.000000000000000000 ) ) ;
#5501 = VERTEX_POINT ( 'NONE', #4888 ) ;
#5502 = CARTESIAN_POINT ( 'NONE',  ( 73.34807733323548007, 45.95871309031685570, 5.000000000000000000 ) ) ;
#5503 = VERTEX_POINT ( 'NONE', #1704 ) ;
#5504 = VECTOR ( 'NONE', #1673, 1000.000000000000000 ) ;
#5505 = DIRECTION ( 'NONE',  ( -0.0001978291858416224519, -0.9999999804318063790, 0.000000000000000000 ) ) ;
#5506 = EDGE_LOOP ( 'NONE', ( #621, #1709, #1067, #3261 ) ) ;
#5507 = ORIENTED_EDGE ( 'NONE', *, *, #4214, .T. ) ;
#5508 = DIRECTION ( 'NONE',  ( -0.000000000000000000, -0.000000000000000000, 1.000000000000000000 ) ) ;
#5509 = VECTOR ( 'NONE', #3462, 1000.000000000000114 ) ;
#5510 = VERTEX_POINT ( 'NONE', #1378 ) ;
#5511 = CARTESIAN_POINT ( 'NONE',  ( 15.37793625377881845, 40.67439564682086939, 7.000000000000000000 ) ) ;
#5512 = CYLINDRICAL_SURFACE ( 'NONE', #105, 1.699999999999999289 ) ;
#5513 = VECTOR ( 'NONE', #4599, 999.9999999999998863 ) ;
#5514 = EDGE_LOOP ( 'NONE', ( #3067, #5675, #3353, #4001 ) ) ;
#5515 = DIRECTION ( 'NONE',  ( -0.8660254037844378194, -0.5000000000000013323, 0.000000000000000000 ) ) ;
#5516 = DIRECTION ( 'NONE',  ( 0.9387210029487057517, -0.3446779346331528826, 0.000000000000000000 ) ) ;
#5517 = AXIS2_PLACEMENT_3D ( 'NONE', #1020, #2772, #1536 ) ;
#5518 = EDGE_CURVE ( 'NONE', #1617, #4568, #4832, .T. ) ;
#5519 = LINE ( 'NONE', #5053, #4947 ) ;
#5520 = ADVANCED_FACE ( 'NONE', ( #2211 ), #37, .F. ) ;
#5521 = CARTESIAN_POINT ( 'NONE',  ( 40.16613948405434087, 44.67439564682088360, 7.000000000000000000 ) ) ;
#5522 = PLANE ( 'NONE',  #197 ) ;
#5523 = CARTESIAN_POINT ( 'NONE',  ( 40.16613948405434087, 52.67439564682089781, 10.00000000000000000 ) ) ;
#5524 = VECTOR ( 'NONE', #5034, 1000.000000000000000 ) ;
#5525 = VECTOR ( 'NONE', #2327, 1000.000000000000000 ) ;
#5526 = EDGE_CURVE ( 'NONE', #4244, #4563, #5286, .T. ) ;
#5527 = CARTESIAN_POINT ( 'NONE',  ( 11.68769779765030847, 35.83617119703320952, 6.000000000000000000 ) ) ;
#5528 = LINE ( 'NONE', #1166, #3962 ) ;
#5529 = VERTEX_POINT ( 'NONE', #573 ) ;
#5530 = VECTOR ( 'NONE', #4968, 1000.000000000000000 ) ;
#5531 = DIRECTION ( 'NONE',  ( -1.982541115402065702E-15, -1.000000000000000000, 0.000000000000000000 ) ) ;
#5532 = ORIENTED_EDGE ( 'NONE', *, *, #3566, .F. ) ;
#5533 = VECTOR ( 'NONE', #2908, 1000.000000000000000 ) ;
#5534 = EDGE_CURVE ( 'NONE', #5671, #1766, #659, .T. ) ;
#5535 = AXIS2_PLACEMENT_3D ( 'NONE', #3184, #1007, #3595 ) ;
#5536 = CARTESIAN_POINT ( 'NONE',  ( 17.37973302350344440, 37.20718193523073580, 7.000000000000000000 ) ) ;
#5537 = CARTESIAN_POINT ( 'NONE',  ( 16.26968486712803141, 5.000000000000023093, 10.00000000000000000 ) ) ;
#5538 = ORIENTED_EDGE ( 'NONE', *, *, #3437, .F. ) ;
#5539 = VECTOR ( 'NONE', #1886, 1000.000000000000227 ) ;
#5540 = VERTEX_POINT ( 'NONE', #4514 ) ;
#5541 = ORIENTED_EDGE ( 'NONE', *, *, #2064, .T. ) ;
#5542 = VECTOR ( 'NONE', #5055, 999.9999999999998863 ) ;
#5543 = DIRECTION ( 'NONE',  ( -0.7100637267678131526, -0.7041374183556817767, 0.000000000000000000 ) ) ;
#5544 = VERTEX_POINT ( 'NONE', #2296 ) ;
#5545 = CARTESIAN_POINT ( 'NONE',  ( 75.88613948405432552, 44.67439564682088360, 7.000000000000000000 ) ) ;
#5546 = FACE_OUTER_BOUND ( 'NONE', #1064, .T. ) ;
#5547 = ORIENTED_EDGE ( 'NONE', *, *, #5407, .F. ) ;
#5548 = DIRECTION ( 'NONE',  ( 0.000000000000000000, 0.000000000000000000, 1.000000000000000000 ) ) ;
#5549 = EDGE_CURVE ( 'NONE', #878, #5601, #4138, .T. ) ;
#5550 = DIRECTION ( 'NONE',  ( -0.000000000000000000, -0.000000000000000000, -1.000000000000000000 ) ) ;
#5551 = LINE ( 'NONE', #3824, #4159 ) ;
#5552 = FACE_OUTER_BOUND ( 'NONE', #4103, .T. ) ;
#5553 = CARTESIAN_POINT ( 'NONE',  ( 69.83157658086554420, 23.35317541498460159, 10.00099999999999945 ) ) ;
#5554 = FACE_BOUND ( 'NONE', #3012, .T. ) ;
#5555 = ADVANCED_FACE ( 'NONE', ( #1430 ), #195, .T. ) ;
#5556 = CARTESIAN_POINT ( 'NONE',  ( 8.888803657608024267, 56.44252476504900073, 0.000000000000000000 ) ) ;
#5557 = DIRECTION ( 'NONE',  ( -0.7071067811863814834, -0.7071067811867136621, 0.000000000000000000 ) ) ;
#5558 = VERTEX_POINT ( 'NONE', #1042 ) ;
#5559 = EDGE_CURVE ( 'NONE', #110, #74, #4595, .T. ) ;
#5560 = LINE ( 'NONE', #1706, #5509 ) ;
#5561 = DIRECTION ( 'NONE',  ( -1.000000000000000000, 0.000000000000000000, 0.000000000000000000 ) ) ;
#5562 = EDGE_CURVE ( 'NONE', #4816, #1746, #1101, .T. ) ;
#5563 = VERTEX_POINT ( 'NONE', #1843 ) ;
#5564 = ORIENTED_EDGE ( 'NONE', *, *, #3112, .T. ) ;
#5565 = DIRECTION ( 'NONE',  ( -0.7086689616036382366, -0.7055411418617776320, 0.000000000000000000 ) ) ;
#5566 = VERTEX_POINT ( 'NONE', #3673 ) ;
#5567 = ADVANCED_FACE ( 'NONE', ( #5431 ), #4484, .T. ) ;
#5568 = CARTESIAN_POINT ( 'NONE',  ( 78.02950710310261684, 25.28891790319714872, 10.00000000000000000 ) ) ;
#5569 = ORIENTED_EDGE ( 'NONE', *, *, #4428, .F. ) ;
#5570 = CARTESIAN_POINT ( 'NONE',  ( 78.03203064794003296, 52.35311032234201889, 0.000000000000000000 ) ) ;
#5571 = DIRECTION ( 'NONE',  ( 0.7071067811865556774, 0.000000000000000000, 0.7071067811865393571 ) ) ;
#5572 = ORIENTED_EDGE ( 'NONE', *, *, #627, .T. ) ;
#5573 = DIRECTION ( 'NONE',  ( 0.7071067811865472397, 0.7071067811865479058, 0.000000000000000000 ) ) ;
#5574 = ADVANCED_FACE ( 'NONE', ( #1522, #1074, #4021, #5346, #541, #2384, #1461 ), #3644, .T. ) ;
#5575 = CARTESIAN_POINT ( 'NONE',  ( 10.27348423527721799, 45.25038475940630889, 6.000000000000000000 ) ) ;
#5576 = ORIENTED_EDGE ( 'NONE', *, *, #3837, .F. ) ;
#5577 = CARTESIAN_POINT ( 'NONE',  ( 56.42884860408192083, 23.35317541498460514, 4.000000000000000000 ) ) ;
#5578 = CARTESIAN_POINT ( 'NONE',  ( 13.37613948405448738, 37.20718193523074291, 7.000000000000000000 ) ) ;
#5579 = DIRECTION ( 'NONE',  ( -1.000000000000000000, -0.000000000000000000, -0.000000000000000000 ) ) ;
#5580 = CARTESIAN_POINT ( 'NONE',  ( 73.15243468099103552, 12.06030566349624422, 4.000000000000000000 ) ) ;
#5581 = LINE ( 'NONE', #1641, #4408 ) ;
#5582 = CARTESIAN_POINT ( 'NONE',  ( 8.449733023503304352, 52.67439564682089781, 10.00000000000000000 ) ) ;
#5583 = CARTESIAN_POINT ( 'NONE',  ( 47.54653210253800921, 0.000000000000000000, 4.000000000000000000 ) ) ;
#5584 = PLANE ( 'NONE',  #1950 ) ;
#5585 = ORIENTED_EDGE ( 'NONE', *, *, #3313, .T. ) ;
#5586 = LINE ( 'NONE', #330, #2289 ) ;
#5587 = DIRECTION ( 'NONE',  ( -0.000000000000000000, -0.000000000000000000, 1.000000000000000000 ) ) ;
#5588 = LINE ( 'NONE', #1648, #3414 ) ;
#5589 = EDGE_CURVE ( 'NONE', #4498, #3785, #3159, .T. ) ;
#5590 = CARTESIAN_POINT ( 'NONE',  ( 0.000000000000000000, 53.13706121412302252, 4.000000000000000000 ) ) ;
#5591 = EDGE_LOOP ( 'NONE', ( #3000, #4838, #2413, #4565 ) ) ;
#5592 = FACE_OUTER_BOUND ( 'NONE', #800, .T. ) ;
#5593 = VERTEX_POINT ( 'NONE', #4913 ) ;
#5594 = EDGE_CURVE ( 'NONE', #804, #247, #982, .T. ) ;
#5595 = LINE ( 'NONE', #4207, #1677 ) ;
#5596 = VECTOR ( 'NONE', #3701, 1000.000000000000000 ) ;
#5597 = EDGE_LOOP ( 'NONE', ( #250, #3818, #1534, #4696, #2689, #3689 ) ) ;
#5598 = ORIENTED_EDGE ( 'NONE', *, *, #825, .T. ) ;
#5599 = EDGE_CURVE ( 'NONE', #3259, #4706, #114, .T. ) ;
#5600 = PLANE ( 'NONE',  #1931 ) ;
#5601 = VERTEX_POINT ( 'NONE', #3620 ) ;
#5602 = VECTOR ( 'NONE', #654, 1000.000000000000000 ) ;
#5603 = ORIENTED_EDGE ( 'NONE', *, *, #4856, .T. ) ;
#5604 = ORIENTED_EDGE ( 'NONE', *, *, #1437, .T. ) ;
#5605 = VECTOR ( 'NONE', #3843, 1000.000000000000000 ) ;
#5606 = FACE_OUTER_BOUND ( 'NONE', #5274, .T. ) ;
#5607 = EDGE_CURVE ( 'NONE', #3556, #1090, #3708, .T. ) ;
#5609 = FACE_OUTER_BOUND ( 'NONE', #4897, .T. ) ;
#5608 = AXIS2_PLACEMENT_3D ( 'NONE', #1631, #3384, #2926 ) ;
#5610 = DIRECTION ( 'NONE',  ( 0.000000000000000000, 1.000000000000000000, 0.000000000000000000 ) ) ;
#5611 = CARTESIAN_POINT ( 'NONE',  ( 64.56983569344401985, 40.61884720954800088, -8.271542309605473875 ) ) ;
#5612 = DIRECTION ( 'NONE',  ( -0.000000000000000000, 0.000000000000000000, 1.000000000000000000 ) ) ;
#5613 = AXIS2_PLACEMENT_3D ( 'NONE', #5412, #700, #4641 ) ;
#5614 = DIRECTION ( 'NONE',  ( -0.000000000000000000, -0.000000000000000000, 1.000000000000000000 ) ) ;
#5615 = VERTEX_POINT ( 'NONE', #2786 ) ;
#5616 = AXIS2_PLACEMENT_3D ( 'NONE', #567, #138, #4935 ) ;
#5617 = AXIS2_PLACEMENT_3D ( 'NONE', #4513, #1073, #2383 ) ;
#5618 = DIRECTION ( 'NONE',  ( -1.000000000000000000, 3.011203194556595896E-16, 0.000000000000000000 ) ) ;
#5619 = DIRECTION ( 'NONE',  ( 0.7070197385735585982, -0.7071938130861842309, 0.000000000000000000 ) ) ;
#5620 = DIRECTION ( 'NONE',  ( 0.5773502691896257311, -0.5773502691896257311, 0.5773502691896257311 ) ) ;
#5621 = DIRECTION ( 'NONE',  ( 0.000000000000000000, 0.000000000000000000, 1.000000000000000000 ) ) ;
#5622 = AXIS2_PLACEMENT_3D ( 'NONE', #459, #1758, #428 ) ;
#5623 = ORIENTED_EDGE ( 'NONE', *, *, #1097, .T. ) ;
#5624 = DIRECTION ( 'NONE',  ( -0.5773502691896196248, -0.5773502691896221783, -0.5773502691896355010 ) ) ;
#5625 = ORIENTED_EDGE ( 'NONE', *, *, #2719, .T. ) ;
#5626 = VECTOR ( 'NONE', #5026, 1000.000000000000000 ) ;
#5627 = DIRECTION ( 'NONE',  ( -0.000000000000000000, -0.000000000000000000, -1.000000000000000000 ) ) ;
#5628 = ORIENTED_EDGE ( 'NONE', *, *, #2911, .T. ) ;
#5629 = ORIENTED_EDGE ( 'NONE', *, *, #2101, .F. ) ;
#5630 = CARTESIAN_POINT ( 'NONE',  ( 13.37613948405448738, 29.20718193523072514, 7.000000000000000000 ) ) ;
#5631 = VECTOR ( 'NONE', #5032, 1000.000000000000000 ) ;
#5632 = ORIENTED_EDGE ( 'NONE', *, *, #4616, .T. ) ;
#5633 = ORIENTED_EDGE ( 'NONE', *, *, #1619, .F. ) ;
#5634 = VECTOR ( 'NONE', #2205, 1000.000000000000000 ) ;
#5635 = DIRECTION ( 'NONE',  ( -6.369488388617203926E-16, 1.000000000000000000, -0.000000000000000000 ) ) ;
#5636 = LINE ( 'NONE', #1699, #5035 ) ;
#5637 = EDGE_CURVE ( 'NONE', #2416, #668, #1901, .T. ) ;
#5638 = LINE ( 'NONE', #3930, #578 ) ;
#5639 = EDGE_CURVE ( 'NONE', #2793, #2896, #482, .T. ) ;
#5640 = EDGE_LOOP ( 'NONE', ( #4580, #3020, #343, #100 ) ) ;
#5641 = CARTESIAN_POINT ( 'NONE',  ( 0.000000000000000000, 59.97470916941927044, 4.000000000000000000 ) ) ;
#5642 = FACE_OUTER_BOUND ( 'NONE', #2835, .T. ) ;
#5643 = PLANE ( 'NONE',  #300 ) ;
#5644 = ADVANCED_FACE ( 'NONE', ( #4109 ), #166, .T. ) ;
#5645 = DIRECTION ( 'NONE',  ( 0.000000000000000000, 1.000000000000000000, 0.000000000000000000 ) ) ;
#5646 = SHAPE_DEFINITION_REPRESENTATION ( #3628, #5149 ) ;
#5647 = LINE ( 'NONE', #3834, #751 ) ;
#5648 = ORIENTED_EDGE ( 'NONE', *, *, #4465, .T. ) ;
#5649 = CARTESIAN_POINT ( 'NONE',  ( 26.30973302350329845, 52.67439564682089781, 7.000000000000000000 ) ) ;
#5650 = ORIENTED_EDGE ( 'NONE', *, *, #682, .F. ) ;
#5651 = EDGE_CURVE ( 'NONE', #504, #3666, #2397, .T. ) ;
#5652 = DIRECTION ( 'NONE',  ( 0.000000000000000000, 0.7071067811865556774, 0.7071067811865393571 ) ) ;
#5653 = VERTEX_POINT ( 'NONE', #2800 ) ;
#5654 = VERTEX_POINT ( 'NONE', #1972 ) ;
#5655 = DIRECTION ( 'NONE',  ( -0.7071067811865475727, 0.000000000000000000, 0.7071067811865475727 ) ) ;
#5656 = EDGE_LOOP ( 'NONE', ( #4899, #3606, #5411, #4948, #2435, #1539 ) ) ;
#5657 = ORIENTED_EDGE ( 'NONE', *, *, #5407, .T. ) ;
#5658 = PLANE ( 'NONE',  #5415 ) ;
#5659 = DIRECTION ( 'NONE',  ( -1.000000000000000000, 0.000000000000000000, -0.000000000000000000 ) ) ;
#5660 = DIRECTION ( 'NONE',  ( -0.5773502691896222894, -0.5773502691896194028, 0.5773502691896356120 ) ) ;
#5661 = ADVANCED_FACE ( 'NONE', ( #5445 ), #860, .F. ) ;
#5662 = EDGE_CURVE ( 'NONE', #5211, #5540, #3131, .T. ) ;
#5663 = CARTESIAN_POINT ( 'NONE',  ( 75.88613948405432552, 52.67439564682089781, 7.000000000000000000 ) ) ;
#5664 = ORIENTED_EDGE ( 'NONE', *, *, #3698, .F. ) ;
#5665 = LINE ( 'NONE', #723, #1107 ) ;
#5666 = EDGE_CURVE ( 'NONE', #2416, #3580, #8, .T. ) ;
#5667 = DIRECTION ( 'NONE',  ( -0.000000000000000000, -0.000000000000000000, -1.000000000000000000 ) ) ;
#5668 =( NAMED_UNIT ( * ) SI_UNIT ( $, .STERADIAN. ) SOLID_ANGLE_UNIT ( ) );
#5669 = CARTESIAN_POINT ( 'NONE',  ( 17.46155956311902457, 19.96343870725181802, 10.00099999999999945 ) ) ;
#5670 = LINE ( 'NONE', #3567, #17 ) ;
#5671 = VERTEX_POINT ( 'NONE', #3098 ) ;
#5672 = DIRECTION ( 'NONE',  ( 0.000000000000000000, -0.7071067811865475727, 0.7071067811865475727 ) ) ;
#5673 = EDGE_LOOP ( 'NONE', ( #4201, #1652, #3569, #1771 ) ) ;
#5674 = CARTESIAN_POINT ( 'NONE',  ( 8.449733023503291918, 44.67439564682089070, 10.00000000000000000 ) ) ;
#5675 = ORIENTED_EDGE ( 'NONE', *, *, #2919, .F. ) ;
#5676 = VERTEX_POINT ( 'NONE', #4860 ) ;
#5677 = DIRECTION ( 'NONE',  ( 0.000000000000000000, -1.000000000000000000, 0.000000000000000000 ) ) ;
#5678 = ORIENTED_EDGE ( 'NONE', *, *, #4344, .F. ) ;
#5679 = VERTEX_POINT ( 'NONE', #496 ) ;
#5680 = VERTEX_POINT ( 'NONE', #3074 ) ;
#5681 = LINE ( 'NONE', #1748, #1654 ) ;
#5682 = AXIS2_PLACEMENT_3D ( 'NONE', #3570, #5672, #3545 ) ;
#5683 = VECTOR ( 'NONE', #5147, 999.9999999999998863 ) ;
#5684 = DIRECTION ( 'NONE',  ( -0.8660254037844383745, 0.5000000000000003331, 0.000000000000000000 ) ) ;
#5685 = ORIENTED_EDGE ( 'NONE', *, *, #1722, .T. ) ;
ENDSEC;
END-ISO-10303-21;
