ISO-10303-21;
HEADER;
FILE_DESCRIPTION (( 'STEP AP214' ),
    '1' );
FILE_NAME ('接收端散热-光.STEP',
    '2025-12-25T06:57:53',
    ( '' ),
    ( '' ),
    'SwSTEP 2.0',
    'SolidWorks 2024',
    '' );
FILE_SCHEMA (( 'AUTOMOTIVE_DESIGN' ));
ENDSEC;

DATA;
#1 = AXIS2_PLACEMENT_3D ( 'NONE', #2817, #1395, #2232 ) ;
#2 = VERTEX_POINT ( 'NONE', #3261 ) ;
#3 = VECTOR ( 'NONE', #1380, 1000.000000000000000 ) ;
#4 = LINE ( 'NONE', #1262, #130 ) ;
#5 = ORIENTED_EDGE ( 'NONE', *, *, #1713, .T. ) ;
#6 = VERTEX_POINT ( 'NONE', #597 ) ;
#7 = EDGE_CURVE ( 'NONE', #1537, #676, #2337, .T. ) ;
#8 = EDGE_CURVE ( 'NONE', #899, #540, #2081, .T. ) ;
#9 = DIRECTION ( 'NONE',  ( 0.000000000000000000, -0.000000000000000000, 1.000000000000000000 ) ) ;
#10 = CARTESIAN_POINT ( 'NONE',  ( 7.188803657608024977, 56.44252476504900073, 0.000000000000000000 ) ) ;
#11 = DIRECTION ( 'NONE',  ( 0.000000000000000000, 0.000000000000000000, 1.000000000000000000 ) ) ;
#12 = DIRECTION ( 'NONE',  ( 0.7071067811865455743, -0.7071067811865493491, 0.000000000000000000 ) ) ;
#13 = CARTESIAN_POINT ( 'NONE',  ( 74.46692151384304736, 8.415085090169998949, 10.00099999999999945 ) ) ;
#14 = VECTOR ( 'NONE', #361, 1000.000000000000114 ) ;
#15 = ADVANCED_FACE ( 'NONE', ( #526 ), #1465, .F. ) ;
#16 = CARTESIAN_POINT ( 'NONE',  ( 79.97474980950003953, 54.29582948390102359, 10.00099999999999945 ) ) ;
#17 = AXIS2_PLACEMENT_3D ( 'NONE', #1113, #242, #3158 ) ;
#18 = ORIENTED_EDGE ( 'NONE', *, *, #1428, .F. ) ;
#19 = CARTESIAN_POINT ( 'NONE',  ( 64.56983569344401985, 35.50332283157010949, 3.399999999999996803 ) ) ;
#20 = VERTEX_POINT ( 'NONE', #1714 ) ;
#21 = VECTOR ( 'NONE', #791, 1000.000000000000000 ) ;
#22 = DIRECTION ( 'NONE',  ( 2.518321216464164144E-16, -1.000000000000000000, 0.000000000000000000 ) ) ;
#23 = VECTOR ( 'NONE', #2099, 1000.000000000000000 ) ;
#24 = EDGE_LOOP ( 'NONE', ( #3087, #3393 ) ) ;
#25 = PLANE ( 'NONE',  #3361 ) ;
#26 = ORIENTED_EDGE ( 'NONE', *, *, #3521, .F. ) ;
#27 = VERTEX_POINT ( 'NONE', #2916 ) ;
#28 = FACE_OUTER_BOUND ( 'NONE', #960, .T. ) ;
#29 = FACE_OUTER_BOUND ( 'NONE', #441, .T. ) ;
#30 = DIRECTION ( 'NONE',  ( 1.000000000000000000, 0.000000000000000000, -0.000000000000000000 ) ) ;
#31 = CARTESIAN_POINT ( 'NONE',  ( 65.74084972657723824, 23.61190122397092495, 3.399999999999968825 ) ) ;
#32 = EDGE_CURVE ( 'NONE', #557, #984, #1411, .T. ) ;
#33 = DIRECTION ( 'NONE',  ( 0.0001230892683152483562, 0.9999999924245159821, 0.000000000000000000 ) ) ;
#34 = ORIENTED_EDGE ( 'NONE', *, *, #1239, .F. ) ;
#35 = LINE ( 'NONE', #2155, #3552 ) ;
#36 = EDGE_LOOP ( 'NONE', ( #2200, #2638, #3748, #3270 ) ) ;
#37 = FACE_OUTER_BOUND ( 'NONE', #1190, .T. ) ;
#38 = CARTESIAN_POINT ( 'NONE',  ( 40.83180065388673796, 43.69286487643512373, 1.699885383662997906 ) ) ;
#39 = ORIENTED_EDGE ( 'NONE', *, *, #2229, .T. ) ;
#40 = DIRECTION ( 'NONE',  ( -0.000000000000000000, -0.000000000000000000, -1.000000000000000000 ) ) ;
#41 = EDGE_LOOP ( 'NONE', ( #3272, #3380, #2350, #403, #1657, #1743, #3580, #3504, #546, #258, #2267, #282 ) ) ;
#42 = VERTEX_POINT ( 'NONE', #212 ) ;
#43 = DIRECTION ( 'NONE',  ( 0.7071067811865475727, 0.7071067811865475727, -0.000000000000000000 ) ) ;
#44 = PLANE ( 'NONE',  #305 ) ;
#45 = CARTESIAN_POINT ( 'NONE',  ( 74.41423944072103325, 5.000000000000023093, 10.00099999999999945 ) ) ;
#46 = DIRECTION ( 'NONE',  ( 0.9999999924245159821, -0.0001230892683152483562, 0.000000000000000000 ) ) ;
#47 = ORIENTED_EDGE ( 'NONE', *, *, #3542, .F. ) ;
#48 = CARTESIAN_POINT ( 'NONE',  ( 5.871324698771779538, 34.33421759231527659, 10.00000000000000000 ) ) ;
#49 = ORIENTED_EDGE ( 'NONE', *, *, #3503, .T. ) ;
#50 = FACE_OUTER_BOUND ( 'NONE', #1538, .T. ) ;
#51 = EDGE_CURVE ( 'NONE', #1704, #2, #2294, .T. ) ;
#52 = AXIS2_PLACEMENT_3D ( 'NONE', #668, #2095, #1872 ) ;
#53 = EDGE_CURVE ( 'NONE', #2761, #1526, #1731, .T. ) ;
#54 = ORIENTED_EDGE ( 'NONE', *, *, #2034, .F. ) ;
#55 = VECTOR ( 'NONE', #1966, 1000.000000000000000 ) ;
#56 = DIRECTION ( 'NONE',  ( -0.7071067811865475727, -0.7071067811865475727, -0.000000000000000000 ) ) ;
#57 = ORIENTED_EDGE ( 'NONE', *, *, #338, .T. ) ;
#58 = EDGE_LOOP ( 'NONE', ( #3553, #2282, #1382, #3599 ) ) ;
#59 = CARTESIAN_POINT ( 'NONE',  ( 46.94653210253800779, 34.88980021391638076, 0.9599999985689978699 ) ) ;
#60 = CARTESIAN_POINT ( 'NONE',  ( 30.61060500309818977, 30.68592075184099599, 3.399999999999983036 ) ) ;
#61 = CARTESIAN_POINT ( 'NONE',  ( 40.83180065388673796, 43.69286487643512373, 3.399999999999983036 ) ) ;
#62 = VECTOR ( 'NONE', #3713, 1000.000000000000000 ) ;
#63 = CARTESIAN_POINT ( 'NONE',  ( 12.07195935263215958, 6.938893903907228378E-15, 4.000000000000000000 ) ) ;
#64 = ORIENTED_EDGE ( 'NONE', *, *, #2305, .T. ) ;
#65 = VECTOR ( 'NONE', #1976, 1000.000000000000000 ) ;
#66 = FACE_OUTER_BOUND ( 'NONE', #2621, .T. ) ;
#67 = EDGE_LOOP ( 'NONE', ( #2073, #3478, #2032, #2212 ) ) ;
#68 = FACE_BOUND ( 'NONE', #929, .T. ) ;
#69 = DIRECTION ( 'NONE',  ( 0.000000000000000000, 0.000000000000000000, -1.000000000000000000 ) ) ;
#70 = AXIS2_PLACEMENT_3D ( 'NONE', #2994, #3444, #238 ) ;
#71 = VECTOR ( 'NONE', #1449, 1000.000000000000000 ) ;
#72 = EDGE_CURVE ( 'NONE', #880, #2980, #2605, .T. ) ;
#73 = ORIENTED_EDGE ( 'NONE', *, *, #2551, .T. ) ;
#74 = VECTOR ( 'NONE', #662, 1000.000000000000000 ) ;
#75 = FACE_OUTER_BOUND ( 'NONE', #2894, .T. ) ;
#76 = EDGE_CURVE ( 'NONE', #27, #3446, #3660, .T. ) ;
#77 = VERTEX_POINT ( 'NONE', #3546 ) ;
#78 = EDGE_LOOP ( 'NONE', ( #2400, #1751, #2922, #2455 ) ) ;
#79 = LINE ( 'NONE', #685, #1857 ) ;
#80 = PLANE ( 'NONE',  #2171 ) ;
#81 = LINE ( 'NONE', #2462, #2436 ) ;
#82 = DIRECTION ( 'NONE',  ( 0.000000000000000000, 0.000000000000000000, 1.000000000000000000 ) ) ;
#83 = EDGE_CURVE ( 'NONE', #996, #2948, #2625, .T. ) ;
#84 = DIRECTION ( 'NONE',  ( -0.000000000000000000, -0.000000000000000000, -1.000000000000000000 ) ) ;
#85 = PLANE ( 'NONE',  #3046 ) ;
#86 = EDGE_LOOP ( 'NONE', ( #2752, #1304 ) ) ;
#87 = EDGE_CURVE ( 'NONE', #3004, #3154, #1140, .T. ) ;
#88 = CARTESIAN_POINT ( 'NONE',  ( 25.52610449534172687, 52.77490806565516834, 6.000000000000000000 ) ) ;
#89 = ORIENTED_EDGE ( 'NONE', *, *, #645, .T. ) ;
#90 = FACE_BOUND ( 'NONE', #641, .T. ) ;
#91 = FACE_OUTER_BOUND ( 'NONE', #41, .T. ) ;
#92 = EDGE_CURVE ( 'NONE', #1396, #2712, #2353, .T. ) ;
#93 = ORIENTED_EDGE ( 'NONE', *, *, #1433, .F. ) ;
#94 = EDGE_CURVE ( 'NONE', #1348, #2181, #810, .T. ) ;
#95 = DIRECTION ( 'NONE',  ( 0.000000000000000000, 1.000000000000000000, 0.000000000000000000 ) ) ;
#96 = ORIENTED_EDGE ( 'NONE', *, *, #3382, .F. ) ;
#97 = VERTEX_POINT ( 'NONE', #231 ) ;
#98 = LINE ( 'NONE', #2130, #3712 ) ;
#99 = EDGE_CURVE ( 'NONE', #949, #3281, #3242, .T. ) ;
#100 = SURFACE_STYLE_FILL_AREA ( #320 ) ;
#101 = EDGE_CURVE ( 'NONE', #2467, #1318, #3492, .T. ) ;
#102 = DIRECTION ( 'NONE',  ( 1.000000000000000000, 0.000000000000000000, 0.000000000000000000 ) ) ;
#103 = DIRECTION ( 'NONE',  ( 0.000000000000000000, -1.000000000000000000, 0.000000000000000000 ) ) ;
#104 = VERTEX_POINT ( 'NONE', #2955 ) ;
#105 = CARTESIAN_POINT ( 'NONE',  ( 32.14653210253800353, 34.88980021391638076, 0.9599999985689978699 ) ) ;
#106 = ORIENTED_EDGE ( 'NONE', *, *, #2591, .T. ) ;
#107 = DIRECTION ( 'NONE',  ( 0.9999999924245159821, -0.0001230892683140344564, 0.000000000000000000 ) ) ;
#108 = DIRECTION ( 'NONE',  ( 0.000000000000000000, 0.000000000000000000, -1.000000000000000000 ) ) ;
#109 = VERTEX_POINT ( 'NONE', #3835 ) ;
#110 = VECTOR ( 'NONE', #2914, 1000.000000000000114 ) ;
#111 = VECTOR ( 'NONE', #187, 1000.000000000000000 ) ;
#112 = LINE ( 'NONE', #683, #2186 ) ;
#113 = ORIENTED_EDGE ( 'NONE', *, *, #150, .T. ) ;
#114 = ORIENTED_EDGE ( 'NONE', *, *, #2759, .T. ) ;
#115 = AXIS2_PLACEMENT_3D ( 'NONE', #2856, #1308, #3101 ) ;
#116 = CARTESIAN_POINT ( 'NONE',  ( 23.77356091487909495, 59.97470916941908570, 10.00000000000000000 ) ) ;
#117 = CARTESIAN_POINT ( 'NONE',  ( 78.02831089662203112, 12.45999491999002373, 0.000000000000000000 ) ) ;
#118 = CIRCLE ( 'NONE', #747, 1.699999999999979305 ) ;
#119 = DIRECTION ( 'NONE',  ( 1.000000000000000000, 0.000000000000000000, 0.000000000000000000 ) ) ;
#120 = ADVANCED_FACE ( 'NONE', ( #2371 ), #654, .F. ) ;
#121 = ADVANCED_FACE ( 'NONE', ( #3619 ), #1818, .T. ) ;
#122 = DIRECTION ( 'NONE',  ( -0.000000000000000000, -0.000000000000000000, -1.000000000000000000 ) ) ;
#123 = ORIENTED_EDGE ( 'NONE', *, *, #7, .F. ) ;
#124 = CARTESIAN_POINT ( 'NONE',  ( 30.61060500309818622, 24.68592075184099954, 3.399999999999983036 ) ) ;
#125 = AXIS2_PLACEMENT_3D ( 'NONE', #1228, #30, #3603 ) ;
#126 = DIRECTION ( 'NONE',  ( 0.7071067811865494601, 0.7071067811865456854, -0.000000000000000000 ) ) ;
#127 = ORIENTED_EDGE ( 'NONE', *, *, #1713, .F. ) ;
#128 = EDGE_CURVE ( 'NONE', #2261, #1348, #1212, .T. ) ;
#129 = VERTEX_POINT ( 'NONE', #2167 ) ;
#130 = VECTOR ( 'NONE', #1811, 1000.000000000000000 ) ;
#131 = DIRECTION ( 'NONE',  ( -1.000000000000000000, 0.000000000000000000, 0.000000000000000000 ) ) ;
#132 = AXIS2_PLACEMENT_3D ( 'NONE', #1254, #1825, #3012 ) ;
#133 = DIRECTION ( 'NONE',  ( -1.000000000000000000, 0.000000000000000000, 0.000000000000000000 ) ) ;
#134 = CARTESIAN_POINT ( 'NONE',  ( 54.61482092964090640, 59.34967741935614782, 10.00099999999999945 ) ) ;
#135 = EDGE_CURVE ( 'NONE', #984, #1456, #935, .T. ) ;
#136 = ORIENTED_EDGE ( 'NONE', *, *, #2044, .T. ) ;
#137 = ORIENTED_EDGE ( 'NONE', *, *, #2064, .F. ) ;
#138 = VECTOR ( 'NONE', #3193, 1000.000000000000000 ) ;
#139 = CARTESIAN_POINT ( 'NONE',  ( 73.15243468099103552, 6.261804759730023484, 10.00099999999999945 ) ) ;
#140 = CARTESIAN_POINT ( 'NONE',  ( 0.000000000000000000, 28.88980021391638431, 0.9599999985689978699 ) ) ;
#141 = AXIS2_PLACEMENT_3D ( 'NONE', #2153, #2115, #1841 ) ;
#142 = APPLICATION_PROTOCOL_DEFINITION ( 'draft international standard', 'automotive_design', 1998, #1469 ) ;
#143 = CARTESIAN_POINT ( 'NONE',  ( -3.469446951953614189E-14, 58.33397611666537586, 0.000000000000000000 ) ) ;
#144 = DIRECTION ( 'NONE',  ( 0.000000000000000000, 0.000000000000000000, -1.000000000000000000 ) ) ;
#145 = ORIENTED_EDGE ( 'NONE', *, *, #565, .F. ) ;
#146 = CARTESIAN_POINT ( 'NONE',  ( 10.27348423527721799, 45.25038475940630889, 6.000000000000000000 ) ) ;
#147 = CARTESIAN_POINT ( 'NONE',  ( 12.07195935263215958, 6.938893903907228378E-15, 0.000000000000000000 ) ) ;
#148 = LINE ( 'NONE', #3166, #3717 ) ;
#149 = DIRECTION ( 'NONE',  ( 1.000000000000000000, 0.000000000000000000, 0.000000000000000000 ) ) ;
#150 = EDGE_CURVE ( 'NONE', #2279, #6, #2389, .T. ) ;
#151 = EDGE_CURVE ( 'NONE', #3598, #1738, #3314, .T. ) ;
#152 = VERTEX_POINT ( 'NONE', #3276 ) ;
#153 = ORIENTED_EDGE ( 'NONE', *, *, #1873, .F. ) ;
#154 = LINE ( 'NONE', #219, #3427 ) ;
#155 = EDGE_CURVE ( 'NONE', #196, #2403, #635, .T. ) ;
#156 = DIRECTION ( 'NONE',  ( -1.000000000000000000, -0.000000000000000000, -0.000000000000000000 ) ) ;
#157 = DIRECTION ( 'NONE',  ( -1.000000000000000000, 0.000000000000000000, 0.000000000000000000 ) ) ;
#158 = VERTEX_POINT ( 'NONE', #2446 ) ;
#159 = EDGE_LOOP ( 'NONE', ( #1047, #3532, #2527, #89 ) ) ;
#160 = DIRECTION ( 'NONE',  ( -0.7092226908915888473, -0.7049845209112707289, 0.000000000000000000 ) ) ;
#161 = LINE ( 'NONE', #1093, #3593 ) ;
#162 = LINE ( 'NONE', #2536, #62 ) ;
#163 = FACE_OUTER_BOUND ( 'NONE', #1510, .T. ) ;
#164 = DIRECTION ( 'NONE',  ( 3.011203194556595896E-16, 1.000000000000000000, -0.000000000000000000 ) ) ;
#165 = VERTEX_POINT ( 'NONE', #60 ) ;
#166 = CARTESIAN_POINT ( 'NONE',  ( 40.42884860408197056, 23.35317541498461225, 10.00000000000000000 ) ) ;
#167 = LINE ( 'NONE', #1627, #2550 ) ;
#168 = EDGE_CURVE ( 'NONE', #1972, #963, #3025, .T. ) ;
#169 = LINE ( 'NONE', #1629, #272 ) ;
#170 = ORIENTED_EDGE ( 'NONE', *, *, #2249, .T. ) ;
#171 = LINE ( 'NONE', #1349, #985 ) ;
#172 = VERTEX_POINT ( 'NONE', #358 ) ;
#173 = EDGE_CURVE ( 'NONE', #1769, #1568, #1542, .T. ) ;
#174 = DIRECTION ( 'NONE',  ( -1.982541115402065702E-15, -1.000000000000000000, 0.000000000000000000 ) ) ;
#175 = LINE ( 'NONE', #2595, #2178 ) ;
#176 = CARTESIAN_POINT ( 'NONE',  ( 40.83180065388673796, 43.69286487643512373, 1.699885383662997906 ) ) ;
#177 = ORIENTED_EDGE ( 'NONE', *, *, #1847, .T. ) ;
#178 = ORIENTED_EDGE ( 'NONE', *, *, #1044, .T. ) ;
#179 = ADVANCED_FACE ( 'NONE', ( #2699 ), #953, .T. ) ;
#180 = CARTESIAN_POINT ( 'NONE',  ( 73.15243468099103552, 0.000000000000000000, 4.000000000000000000 ) ) ;
#181 = LINE ( 'NONE', #140, #2675 ) ;
#182 = VECTOR ( 'NONE', #3710, 1000.000000000000000 ) ;
#183 = CARTESIAN_POINT ( 'NONE',  ( 53.48264078761654616, 52.77490806565516834, 6.000000000000000000 ) ) ;
#184 = VERTEX_POINT ( 'NONE', #2112 ) ;
#185 = AXIS2_PLACEMENT_3D ( 'NONE', #376, #952, #2150 ) ;
#186 = DIRECTION ( 'NONE',  ( -0.7071938130861881167, -0.7070197385735547124, 0.000000000000000000 ) ) ;
#187 = DIRECTION ( 'NONE',  ( -0.000000000000000000, -0.000000000000000000, 1.000000000000000000 ) ) ;
#188 = VECTOR ( 'NONE', #417, 1000.000000000000000 ) ;
#189 = ORIENTED_EDGE ( 'NONE', *, *, #2018, .T. ) ;
#190 = CARTESIAN_POINT ( 'NONE',  ( 75.02984732797570189, 13.93771831048098697, 4.000000000000000000 ) ) ;
#191 = CARTESIAN_POINT ( 'NONE',  ( 0.000000000000000000, 53.13706121412302252, 0.000000000000000000 ) ) ;
#192 = DIRECTION ( 'NONE',  ( -1.000000000000000000, 0.000000000000000000, 0.000000000000000000 ) ) ;
#193 = VECTOR ( 'NONE', #2700, 1000.000000000000000 ) ;
#194 = ORIENTED_EDGE ( 'NONE', *, *, #1017, .T. ) ;
#195 = ADVANCED_FACE ( 'NONE', ( #2971 ), #903, .T. ) ;
#196 = VERTEX_POINT ( 'NONE', #299 ) ;
#197 = CARTESIAN_POINT ( 'NONE',  ( 77.98218423212703954, 5.000000000000023093, 10.00099999999999945 ) ) ;
#198 = ADVANCED_FACE ( 'NONE', ( #1563 ), #2715, .T. ) ;
#199 = CARTESIAN_POINT ( 'NONE',  ( 73.15243468099103552, 6.261804759730023484, 0.000000000000000000 ) ) ;
#200 = PLANE ( 'NONE',  #3057 ) ;
#201 = VERTEX_POINT ( 'NONE', #1194 ) ;
#202 = VERTEX_POINT ( 'NONE', #2757 ) ;
#203 = CIRCLE ( 'NONE', #324, 1.700000000000001066 ) ;
#204 = DIRECTION ( 'NONE',  ( 0.000000000000000000, -0.7071067811865556774, 0.7071067811865393571 ) ) ;
#205 = PLANE ( 'NONE',  #1625 ) ;
#206 = VECTOR ( 'NONE', #2957, 1000.000000000000000 ) ;
#207 = ORIENTED_EDGE ( 'NONE', *, *, #8, .F. ) ;
#208 = FACE_OUTER_BOUND ( 'NONE', #1095, .T. ) ;
#209 = PLANE ( 'NONE',  #1741 ) ;
#210 = AXIS2_PLACEMENT_3D ( 'NONE', #3496, #1121, #3278 ) ;
#211 = EDGE_CURVE ( 'NONE', #3125, #3422, #2097, .T. ) ;
#212 = CARTESIAN_POINT ( 'NONE',  ( 16.26968486712802786, 5.000000000000022204, 4.000000000000000000 ) ) ;
#213 = LINE ( 'NONE', #1604, #999 ) ;
#214 = DIRECTION ( 'NONE',  ( -0.000000000000000000, -0.000000000000000000, 1.000000000000000000 ) ) ;
#215 = LINE ( 'NONE', #2590, #1177 ) ;
#216 = CARTESIAN_POINT ( 'NONE',  ( 0.000000000000000000, 24.08592075184099457, 4.000000000000000000 ) ) ;
#217 = ORIENTED_EDGE ( 'NONE', *, *, #1689, .F. ) ;
#218 = ORIENTED_EDGE ( 'NONE', *, *, #886, .T. ) ;
#219 = CARTESIAN_POINT ( 'NONE',  ( 11.30691806564784763, 11.30691806564793467, 0.000000000000000000 ) ) ;
#220 = EDGE_CURVE ( 'NONE', #540, #3075, #81, .T. ) ;
#221 = CARTESIAN_POINT ( 'NONE',  ( 8.888803657608024267, 56.44252476504900073, 10.00099999999999945 ) ) ;
#222 = CARTESIAN_POINT ( 'NONE',  ( 20.85129627085182946, 23.35317541498460159, 10.00099999999999945 ) ) ;
#223 = ORIENTED_EDGE ( 'NONE', *, *, #2591, .F. ) ;
#224 = ORIENTED_EDGE ( 'NONE', *, *, #2854, .T. ) ;
#225 = CARTESIAN_POINT ( 'NONE',  ( 32.14653210253800353, 34.88980021391638076, 3.399999999999983036 ) ) ;
#226 = DIRECTION ( 'NONE',  ( 0.000000000000000000, 0.000000000000000000, 1.000000000000000000 ) ) ;
#227 = EDGE_LOOP ( 'NONE', ( #3488, #1143, #3202, #2377 ) ) ;
#228 = ADVANCED_FACE ( 'NONE', ( #1268 ), #1504, .F. ) ;
#229 = CARTESIAN_POINT ( 'NONE',  ( 73.15243468099103552, 6.261804759730023484, 10.00000000000000000 ) ) ;
#230 = CARTESIAN_POINT ( 'NONE',  ( 64.56983569344401985, 40.61884720954800088, 3.399999999999996803 ) ) ;
#231 = CARTESIAN_POINT ( 'NONE',  ( 77.86692151384302463, 8.415085090169998949, 10.00000000000000000 ) ) ;
#232 = CARTESIAN_POINT ( 'NONE',  ( 24.39487291362403099, 57.66326120127521193, 4.000000000000000000 ) ) ;
#233 = ADVANCED_FACE ( 'NONE', ( #3426 ), #3651, .T. ) ;
#234 = CARTESIAN_POINT ( 'NONE',  ( 55.42884860408194214, 26.75317541498458951, 10.00000000000000000 ) ) ;
#235 = EDGE_LOOP ( 'NONE', ( #2884, #955, #589, #2502 ) ) ;
#236 = ORIENTED_EDGE ( 'NONE', *, *, #1017, .F. ) ;
#237 = DIRECTION ( 'NONE',  ( 0.7071067811865556774, 0.000000000000000000, 0.7071067811865393571 ) ) ;
#238 = DIRECTION ( 'NONE',  ( -1.887397745837881465E-14, -1.000000000000000000, 0.000000000000000000 ) ) ;
#239 = ORIENTED_EDGE ( 'NONE', *, *, #2122, .F. ) ;
#240 = ORIENTED_EDGE ( 'NONE', *, *, #1809, .F. ) ;
#241 = CARTESIAN_POINT ( 'NONE',  ( 40.83180065388673796, 38.69286487643512373, 1.699885383662997906 ) ) ;
#242 = DIRECTION ( 'NONE',  ( 0.9999999956528772271, -9.324293839476712365E-05, 0.000000000000000000 ) ) ;
#243 = EDGE_CURVE ( 'NONE', #1068, #3598, #1029, .T. ) ;
#244 = VERTEX_POINT ( 'NONE', #2203 ) ;
#245 = DIRECTION ( 'NONE',  ( -0.000000000000000000, -0.000000000000000000, -1.000000000000000000 ) ) ;
#246 = LINE ( 'NONE', #2352, #3169 ) ;
#247 = ORIENTED_EDGE ( 'NONE', *, *, #3071, .T. ) ;
#248 = ADVANCED_FACE ( 'NONE', ( #1909 ), #3692, .F. ) ;
#249 = VECTOR ( 'NONE', #3366, 1000.000000000000000 ) ;
#250 = EDGE_CURVE ( 'NONE', #2985, #165, #162, .T. ) ;
#251 = CARTESIAN_POINT ( 'NONE',  ( 5.873484235277215859, 45.25038475940630889, 6.000000000000000000 ) ) ;
#252 = DIRECTION ( 'NONE',  ( 0.7086689616036382366, 0.7055411418617776320, 0.000000000000000000 ) ) ;
#253 = VECTOR ( 'NONE', #1404, 1000.000000000000000 ) ;
#254 = ORIENTED_EDGE ( 'NONE', *, *, #1601, .T. ) ;
#255 = VECTOR ( 'NONE', #3461, 1000.000000000000000 ) ;
#256 = ORIENTED_EDGE ( 'NONE', *, *, #3702, .F. ) ;
#257 = LINE ( 'NONE', #3824, #1000 ) ;
#258 = ORIENTED_EDGE ( 'NONE', *, *, #3382, .T. ) ;
#259 = VECTOR ( 'NONE', #3007, 1000.000000000000000 ) ;
#260 = ORIENTED_EDGE ( 'NONE', *, *, #1524, .T. ) ;
#261 = LINE ( 'NONE', #877, #869 ) ;
#262 = VECTOR ( 'NONE', #2364, 1000.000000000000000 ) ;
#263 = DIRECTION ( 'NONE',  ( -1.000000000000000000, 0.000000000000000000, 0.000000000000000000 ) ) ;
#264 = ORIENTED_EDGE ( 'NONE', *, *, #749, .F. ) ;
#265 = VECTOR ( 'NONE', #3074, 1000.000000000000000 ) ;
#266 = CARTESIAN_POINT ( 'NONE',  ( 59.74084972657723824, 23.61190122397092495, 1.109997883926998163 ) ) ;
#267 = EDGE_CURVE ( 'NONE', #650, #2190, #1052, .T. ) ;
#268 = LINE ( 'NONE', #1410, #2478 ) ;
#269 = DIRECTION ( 'NONE',  ( -1.000000000000000000, 0.000000000000000000, 0.000000000000000000 ) ) ;
#270 = DIRECTION ( 'NONE',  ( -0.000000000000000000, -0.000000000000000000, 1.000000000000000000 ) ) ;
#271 = CARTESIAN_POINT ( 'NONE',  ( 17.46155956311902813, 6.186614173228023539, 10.00099999999999945 ) ) ;
#272 = VECTOR ( 'NONE', #776, 1000.000000000000000 ) ;
#273 = EDGE_CURVE ( 'NONE', #3623, #2851, #2847, .T. ) ;
#274 = EDGE_LOOP ( 'NONE', ( #2365, #3399, #672, #1762 ) ) ;
#275 = VERTEX_POINT ( 'NONE', #555 ) ;
#276 = DIRECTION ( 'NONE',  ( -1.000000000000000000, -2.518321216464164144E-16, 0.000000000000000000 ) ) ;
#277 = ADVANCED_FACE ( 'NONE', ( #1423 ), #3237, .F. ) ;
#278 = ORIENTED_EDGE ( 'NONE', *, *, #3297, .T. ) ;
#279 = ORIENTED_EDGE ( 'NONE', *, *, #2747, .F. ) ;
#280 = CARTESIAN_POINT ( 'NONE',  ( 79.97474980950003953, 54.29582948390102359, 0.000000000000000000 ) ) ;
#281 = DIRECTION ( 'NONE',  ( 1.000000000000000000, -3.469446951953610639E-15, 0.000000000000000000 ) ) ;
#282 = ORIENTED_EDGE ( 'NONE', *, *, #3825, .T. ) ;
#283 = FACE_OUTER_BOUND ( 'NONE', #1695, .T. ) ;
#284 = CARTESIAN_POINT ( 'NONE',  ( 40.83180065388673796, 38.69286487643512373, 3.399999999999983036 ) ) ;
#285 = DIRECTION ( 'NONE',  ( -0.7071067811865474617, 0.7071067811865474617, 0.000000000000000000 ) ) ;
#286 = CARTESIAN_POINT ( 'NONE',  ( 6.992565577373027530, 59.97470916941908570, 0.000000000000000000 ) ) ;
#287 = LINE ( 'NONE', #2661, #2074 ) ;
#288 = FACE_OUTER_BOUND ( 'NONE', #1634, .T. ) ;
#289 = ORIENTED_EDGE ( 'NONE', *, *, #53, .F. ) ;
#290 = EDGE_LOOP ( 'NONE', ( #260, #1692, #1024, #2418, #1826, #2598, #3628, #751, #1205, #1559, #2394, #2411, #1813, #2514, #3220, #1062, #1452, #2877, #448, #2346, #1512, #2965, #279, #1084, #3233, #1461, #2711, #1233, #1950, #3072, #3110, #2481, #2423, #1905, #224, #3640, #530, #3607, #2492, #3120, #1434, #1148, #3457, #3021, #498, #136 ) ) ;
#291 = CARTESIAN_POINT ( 'NONE',  ( 65.34807733323546586, 40.95871309031685570, 5.000000000000000000 ) ) ;
#292 = EDGE_CURVE ( 'NONE', #3811, #899, #1709, .T. ) ;
#293 = ADVANCED_FACE ( 'NONE', ( #828 ), #2289, .F. ) ;
#294 = ORIENTED_EDGE ( 'NONE', *, *, #3210, .F. ) ;
#295 = CARTESIAN_POINT ( 'NONE',  ( 78.02831089662203112, 12.45999491999002373, 10.00099999999999945 ) ) ;
#296 = ORIENTED_EDGE ( 'NONE', *, *, #3056, .F. ) ;
#297 = CARTESIAN_POINT ( 'NONE',  ( 73.15243468099103552, 6.261804759730023484, 0.000000000000000000 ) ) ;
#298 = CARTESIAN_POINT ( 'NONE',  ( 73.34807733323548007, 40.95871309031685570, 5.000000000000000000 ) ) ;
#299 = CARTESIAN_POINT ( 'NONE',  ( 11.68769779765030847, 35.83617119703320952, 6.000000000000000000 ) ) ;
#300 = DIRECTION ( 'NONE',  ( 0.5773502691896212902, -0.5773502691896212902, -0.5773502691896346128 ) ) ;
#301 = EDGE_CURVE ( 'NONE', #3656, #608, #1760, .T. ) ;
#302 = DIRECTION ( 'NONE',  ( 1.577021341797097018E-15, 1.000000000000000000, 0.000000000000000000 ) ) ;
#303 = AXIS2_PLACEMENT_3D ( 'NONE', #1483, #541, #523 ) ;
#304 = LINE ( 'NONE', #1490, #700 ) ;
#305 = AXIS2_PLACEMENT_3D ( 'NONE', #934, #2131, #653 ) ;
#306 = ORIENTED_EDGE ( 'NONE', *, *, #1823, .F. ) ;
#307 = CARTESIAN_POINT ( 'NONE',  ( 58.06984934592702530, 40.61884720954800088, 3.399999999999996803 ) ) ;
#308 = ORIENTED_EDGE ( 'NONE', *, *, #1288, .F. ) ;
#309 = VECTOR ( 'NONE', #3448, 1000.000000000000000 ) ;
#310 = CARTESIAN_POINT ( 'NONE',  ( 58.06984934592702530, 35.50332283157010949, 0.3999999999999941380 ) ) ;
#311 = CIRCLE ( 'NONE', #507, 1.699999999999979305 ) ;
#312 = ORIENTED_EDGE ( 'NONE', *, *, #645, .F. ) ;
#313 = VECTOR ( 'NONE', #462, 1000.000000000000000 ) ;
#314 = EDGE_CURVE ( 'NONE', #2712, #1313, #2620, .T. ) ;
#315 = EDGE_CURVE ( 'NONE', #165, #3340, #1167, .T. ) ;
#316 = CARTESIAN_POINT ( 'NONE',  ( 41.42884860408194214, 26.75317541498458951, 10.00000000000000000 ) ) ;
#317 = EDGE_LOOP ( 'NONE', ( #2763, #1311, #1018, #3634, #853, #178 ) ) ;
#318 = ORIENTED_EDGE ( 'NONE', *, *, #2188, .F. ) ;
#319 = CARTESIAN_POINT ( 'NONE',  ( 30.61060500309818622, 24.68592075184099954, 1.109999999999998099 ) ) ;
#320 = FILL_AREA_STYLE ('',( #356 ) ) ;
#321 = EDGE_CURVE ( 'NONE', #1639, #1738, #3506, .T. ) ;
#322 = DIRECTION ( 'NONE',  ( -0.5773502691896257311, -0.5773502691896257311, -0.5773502691896257311 ) ) ;
#323 = DIRECTION ( 'NONE',  ( -0.000000000000000000, 1.000000000000000000, 0.000000000000000000 ) ) ;
#324 = AXIS2_PLACEMENT_3D ( 'NONE', #2825, #982, #157 ) ;
#325 = PLANE ( 'NONE',  #3674 ) ;
#326 = EDGE_CURVE ( 'NONE', #2433, #2745, #859, .T. ) ;
#327 = AXIS2_PLACEMENT_3D ( 'NONE', #699, #1556, #131 ) ;
#328 = ORIENTED_EDGE ( 'NONE', *, *, #1454, .F. ) ;
#329 = DIRECTION ( 'NONE',  ( -0.7071067811865457964, 0.7071067811865492381, 0.000000000000000000 ) ) ;
#330 = ORIENTED_EDGE ( 'NONE', *, *, #3358, .F. ) ;
#331 = AXIS2_PLACEMENT_3D ( 'NONE', #2435, #3609, #944 ) ;
#332 = DIRECTION ( 'NONE',  ( -1.000000000000000000, -1.317956502048527864E-15, -0.000000000000000000 ) ) ;
#333 = LINE ( 'NONE', #38, #390 ) ;
#334 = AXIS2_PLACEMENT_3D ( 'NONE', #63, #396, #1283 ) ;
#335 = ORIENTED_EDGE ( 'NONE', *, *, #1920, .T. ) ;
#336 = PRODUCT_DEFINITION ( '鏈', '', #3788, #1073 ) ;
#337 = PLANE ( 'NONE',  #822 ) ;
#338 = EDGE_CURVE ( 'NONE', #684, #201, #1405, .T. ) ;
#339 = ORIENTED_EDGE ( 'NONE', *, *, #3780, .F. ) ;
#340 = LINE ( 'NONE', #2405, #422 ) ;
#341 = DIRECTION ( 'NONE',  ( -0.000000000000000000, -0.000000000000000000, -1.000000000000000000 ) ) ;
#342 = DIRECTION ( 'NONE',  ( -0.000000000000000000, 0.000000000000000000, -1.000000000000000000 ) ) ;
#343 = CARTESIAN_POINT ( 'NONE',  ( 73.34807733323548007, 40.95871309031685570, 4.000000000000000000 ) ) ;
#344 = CARTESIAN_POINT ( 'NONE',  ( 79.97474980950003953, 54.29582948390102359, 10.00000000000000000 ) ) ;
#345 = EDGE_LOOP ( 'NONE', ( #469, #1987 ) ) ;
#346 = DIRECTION ( 'NONE',  ( 0.000000000000000000, 1.000000000000000000, 0.000000000000000000 ) ) ;
#347 = EDGE_CURVE ( 'NONE', #3149, #3214, #1443, .T. ) ;
#348 = ORIENTED_EDGE ( 'NONE', *, *, #795, .F. ) ;
#349 = CARTESIAN_POINT ( 'NONE',  ( 20.85129627085182946, 23.35317541498460159, 10.00000000000000000 ) ) ;
#350 = DIRECTION ( 'NONE',  ( 0.5773502691896212902, 0.5773502691896212902, -0.5773502691896346128 ) ) ;
#351 = ORIENTED_EDGE ( 'NONE', *, *, #1609, .T. ) ;
#352 = LINE ( 'NONE', #3540, #758 ) ;
#353 = ORIENTED_EDGE ( 'NONE', *, *, #411, .T. ) ;
#354 = ORIENTED_EDGE ( 'NONE', *, *, #3549, .F. ) ;
#355 = DIRECTION ( 'NONE',  ( -0.000000000000000000, -0.000000000000000000, -1.000000000000000000 ) ) ;
#356 = FILL_AREA_STYLE_COLOUR ( '', #3533 ) ;
#357 = ADVANCED_FACE ( 'NONE', ( #3466 ), #2872, .T. ) ;
#358 = CARTESIAN_POINT ( 'NONE',  ( 73.34807733323548007, 45.95871309031685570, 4.000000000000000000 ) ) ;
#359 = CARTESIAN_POINT ( 'NONE',  ( 79.97474980950003953, 54.29582948390102359, 0.000000000000000000 ) ) ;
#360 = ORIENTED_EDGE ( 'NONE', *, *, #2705, .T. ) ;
#361 = DIRECTION ( 'NONE',  ( -0.7070197385735546014, 0.7071938130861881167, 0.000000000000000000 ) ) ;
#362 = EDGE_LOOP ( 'NONE', ( #2012, #2274, #2690, #631, #3581, #64 ) ) ;
#363 = CARTESIAN_POINT ( 'NONE',  ( -21.63100838201660636, 21.63100838201653531, 4.000000000000000000 ) ) ;
#364 = CARTESIAN_POINT ( 'NONE',  ( 46.94653210253800779, 34.88980021391638076, 0.9599999985689978699 ) ) ;
#365 = AXIS2_PLACEMENT_3D ( 'NONE', #1390, #412, #2247 ) ;
#366 = PRESENTATION_LAYER_ASSIGNMENT (  '', '', ( #3164 ) ) ;
#367 = ORIENTED_EDGE ( 'NONE', *, *, #3576, .T. ) ;
#368 = DIRECTION ( 'NONE',  ( 0.000000000000000000, 1.000000000000000000, 0.000000000000000000 ) ) ;
#369 = VECTOR ( 'NONE', #2822, 1000.000000000000000 ) ;
#370 = EDGE_CURVE ( 'NONE', #196, #777, #497, .T. ) ;
#371 = CARTESIAN_POINT ( 'NONE',  ( 24.39487291362403099, 59.35339717067414256, 6.000000000000000000 ) ) ;
#372 = ORIENTED_EDGE ( 'NONE', *, *, #2122, .T. ) ;
#373 = ORIENTED_EDGE ( 'NONE', *, *, #2941, .T. ) ;
#374 = VECTOR ( 'NONE', #2213, 1000.000000000000000 ) ;
#375 = LINE ( 'NONE', #901, #2299 ) ;
#376 = CARTESIAN_POINT ( 'NONE',  ( 8.888803657608024267, 8.415085090169998949, 10.00099999999999945 ) ) ;
#377 = CARTESIAN_POINT ( 'NONE',  ( 0.000000000000000000, 0.000000000000000000, 1.109997883926998163 ) ) ;
#378 = AXIS2_PLACEMENT_3D ( 'NONE', #746, #3114, #2830 ) ;
#379 = ADVANCED_FACE ( 'NONE', ( #3206 ), #2581, .T. ) ;
#380 = CARTESIAN_POINT ( 'NONE',  ( 0.000000000000000000, 12.01402484683418415, 0.000000000000000000 ) ) ;
#381 = ORIENTED_EDGE ( 'NONE', *, *, #2500, .F. ) ;
#382 = DIRECTION ( 'NONE',  ( 0.7071067811865489050, 0.7071067811865462405, -0.000000000000000000 ) ) ;
#383 = ORIENTED_EDGE ( 'NONE', *, *, #1258, .F. ) ;
#384 = LINE ( 'NONE', #3014, #981 ) ;
#385 = ADVANCED_FACE ( 'NONE', ( #1686 ), #205, .T. ) ;
#386 = PLANE ( 'NONE',  #2695 ) ;
#387 = VECTOR ( 'NONE', #40, 1000.000000000000000 ) ;
#388 = VECTOR ( 'NONE', #2372, 1000.000000000000000 ) ;
#389 = ORIENTED_EDGE ( 'NONE', *, *, #2477, .T. ) ;
#390 = VECTOR ( 'NONE', #2665, 1000.000000000000000 ) ;
#391 = LINE ( 'NONE', #3397, #1439 ) ;
#392 = VERTEX_POINT ( 'NONE', #3184 ) ;
#393 = ORIENTED_EDGE ( 'NONE', *, *, #2962, .T. ) ;
#394 = FACE_OUTER_BOUND ( 'NONE', #3827, .T. ) ;
#395 = LINE ( 'NONE', #1582, #2363 ) ;
#396 = DIRECTION ( 'NONE',  ( 1.000000000000000000, 5.782411586589351722E-16, -0.000000000000000000 ) ) ;
#397 = ORIENTED_EDGE ( 'NONE', *, *, #2785, .F. ) ;
#398 = PLANE ( 'NONE',  #2807 ) ;
#399 = ORIENTED_EDGE ( 'NONE', *, *, #888, .F. ) ;
#400 = FACE_OUTER_BOUND ( 'NONE', #906, .T. ) ;
#401 = PLANE ( 'NONE',  #2015 ) ;
#402 = ADVANCED_FACE ( 'NONE', ( #3219, #2640, #1742, #2911, #2929 ), #3814, .F. ) ;
#403 = ORIENTED_EDGE ( 'NONE', *, *, #2011, .T. ) ;
#404 = DIRECTION ( 'NONE',  ( -1.000000000000000000, 0.000000000000000000, 0.000000000000000000 ) ) ;
#405 = EDGE_CURVE ( 'NONE', #852, #2685, #2710, .T. ) ;
#406 = LINE ( 'NONE', #1594, #515 ) ;
#407 = ORIENTED_EDGE ( 'NONE', *, *, #2912, .T. ) ;
#408 = ORIENTED_EDGE ( 'NONE', *, *, #1222, .T. ) ;
#409 = DIRECTION ( 'NONE',  ( -0.000000000000000000, -0.000000000000000000, -1.000000000000000000 ) ) ;
#410 = DIRECTION ( 'NONE',  ( 0.000000000000000000, 0.000000000000000000, -1.000000000000000000 ) ) ;
#411 = EDGE_CURVE ( 'NONE', #2271, #2554, #3256, .T. ) ;
#412 = DIRECTION ( 'NONE',  ( -0.7071067811865471286, 0.7071067811865479058, 0.000000000000000000 ) ) ;
#413 = ADVANCED_FACE ( 'NONE', ( #75 ), #337, .F. ) ;
#414 = EDGE_LOOP ( 'NONE', ( #2545, #2652, #2572, #691, #2160 ) ) ;
#415 = DIRECTION ( 'NONE',  ( -0.000000000000000000, -0.000000000000000000, 1.000000000000000000 ) ) ;
#416 = FACE_OUTER_BOUND ( 'NONE', #2146, .T. ) ;
#417 = DIRECTION ( 'NONE',  ( -0.000000000000000000, -0.000000000000000000, 1.000000000000000000 ) ) ;
#418 = CARTESIAN_POINT ( 'NONE',  ( 78.02831089662203112, 12.45999491999002373, 10.00099999999999945 ) ) ;
#419 = ADVANCED_FACE ( 'NONE', ( #1775 ), #1832, .F. ) ;
#420 = ORIENTED_EDGE ( 'NONE', *, *, #8, .T. ) ;
#421 = ORIENTED_EDGE ( 'NONE', *, *, #3816, .T. ) ;
#422 = VECTOR ( 'NONE', #355, 1000.000000000000000 ) ;
#423 = PLANE ( 'NONE',  #2944 ) ;
#424 = VECTOR ( 'NONE', #2288, 1000.000000000000000 ) ;
#425 = DIRECTION ( 'NONE',  ( -0.000000000000000000, 0.000000000000000000, 1.000000000000000000 ) ) ;
#426 = VERTEX_POINT ( 'NONE', #371 ) ;
#427 = ORIENTED_EDGE ( 'NONE', *, *, #3324, .F. ) ;
#428 = AXIS2_PLACEMENT_3D ( 'NONE', #2254, #3435, #2210 ) ;
#429 = DIRECTION ( 'NONE',  ( 1.000000000000000000, -0.000000000000000000, -0.000000000000000000 ) ) ;
#430 = CARTESIAN_POINT ( 'NONE',  ( 8.888803657608024267, 8.415085090169998949, 0.000000000000000000 ) ) ;
#431 = DIRECTION ( 'NONE',  ( 0.000000000000000000, 1.000000000000000000, 0.000000000000000000 ) ) ;
#432 = VECTOR ( 'NONE', #2263, 1000.000000000000000 ) ;
#433 = DIRECTION ( 'NONE',  ( 0.000000000000000000, -1.000000000000000000, -0.000000000000000000 ) ) ;
#434 = ORIENTED_EDGE ( 'NONE', *, *, #2854, .F. ) ;
#435 = DIRECTION ( 'NONE',  ( 0.000000000000000000, 1.000000000000000000, 0.000000000000000000 ) ) ;
#436 = VECTOR ( 'NONE', #1246, 1000.000000000000000 ) ;
#437 = CARTESIAN_POINT ( 'NONE',  ( 30.61060500309818622, 24.68592075184099954, 1.109999999999998099 ) ) ;
#438 = CARTESIAN_POINT ( 'NONE',  ( 5.871324698771779538, 34.33421759231527659, 10.00000000000000000 ) ) ;
#439 = CARTESIAN_POINT ( 'NONE',  ( 74.41423944072103325, 5.000000000000023093, 10.00000000000000000 ) ) ;
#440 = ORIENTED_EDGE ( 'NONE', *, *, #3369, .T. ) ;
#441 = EDGE_LOOP ( 'NONE', ( #908, #330, #2094, #824 ) ) ;
#442 = VECTOR ( 'NONE', #3271, 1000.000000000000114 ) ;
#443 = CARTESIAN_POINT ( 'NONE',  ( 59.74084972657723824, 30.61190122397092495, 3.399999999999968825 ) ) ;
#444 = VECTOR ( 'NONE', #2606, 1000.000000000000000 ) ;
#445 = LINE ( 'NONE', #3200, #432 ) ;
#446 = CARTESIAN_POINT ( 'NONE',  ( 12.07195935263215958, 6.938893903907228378E-15, 4.000000000000000000 ) ) ;
#447 = ORIENTED_EDGE ( 'NONE', *, *, #1528, .F. ) ;
#448 = ORIENTED_EDGE ( 'NONE', *, *, #1908, .F. ) ;
#449 = AXIS2_PLACEMENT_3D ( 'NONE', #2170, #3633, #2409 ) ;
#450 = CARTESIAN_POINT ( 'NONE',  ( 40.83180065388673796, 38.69286487643512373, 1.699885383662997906 ) ) ;
#451 = DIRECTION ( 'NONE',  ( 0.5773502691896212902, -0.5773502691896212902, -0.5773502691896347239 ) ) ;
#452 = LINE ( 'NONE', #708, #2852 ) ;
#453 = CARTESIAN_POINT ( 'NONE',  ( 41.42884860408194214, 26.75317541498458951, -10.67514906227531313 ) ) ;
#454 = ORIENTED_EDGE ( 'NONE', *, *, #989, .T. ) ;
#455 = EDGE_CURVE ( 'NONE', #1348, #1972, #4, .T. ) ;
#456 = LINE ( 'NONE', #3680, #3801 ) ;
#457 = CARTESIAN_POINT ( 'NONE',  ( 24.39487291362403099, 57.66326120127521193, 0.000000000000000000 ) ) ;
#458 = PLANE ( 'NONE',  #1992 ) ;
#459 = CARTESIAN_POINT ( 'NONE',  ( 78.03203064794003296, 52.35311032234201889, 0.000000000000000000 ) ) ;
#460 = ORIENTED_EDGE ( 'NONE', *, *, #1527, .F. ) ;
#461 = EDGE_CURVE ( 'NONE', #152, #899, #2106, .T. ) ;
#462 = DIRECTION ( 'NONE',  ( -0.5773502691896196248, -0.5773502691896221783, -0.5773502691896355010 ) ) ;
#463 = ORIENTED_EDGE ( 'NONE', *, *, #3015, .T. ) ;
#464 = LINE ( 'NONE', #2888, #369 ) ;
#465 = CARTESIAN_POINT ( 'NONE',  ( 74.43211764624987836, 51.26230093957098433, 4.000000000000000000 ) ) ;
#466 = CARTESIAN_POINT ( 'NONE',  ( 55.24511320246803336, 59.97470916941927044, 0.000000000000000000 ) ) ;
#467 = CARTESIAN_POINT ( 'NONE',  ( 64.56983569344401985, 40.61884720954800088, 3.399999999999996803 ) ) ;
#468 = EDGE_LOOP ( 'NONE', ( #463, #39, #957, #3334, #3615, #721 ) ) ;
#469 = ORIENTED_EDGE ( 'NONE', *, *, #3116, .F. ) ;
#470 = DIRECTION ( 'NONE',  ( 1.000000000000000000, 0.000000000000000000, 0.000000000000000000 ) ) ;
#471 = DIRECTION ( 'NONE',  ( 0.7061519002946796686, -0.7080603743397965166, 0.000000000000000000 ) ) ;
#472 = DIRECTION ( 'NONE',  ( 9.324293839476711010E-05, 0.9999999956528771161, 0.000000000000000000 ) ) ;
#473 = VERTEX_POINT ( 'NONE', #3289 ) ;
#474 = DIRECTION ( 'NONE',  ( -0.000000000000000000, -0.000000000000000000, -1.000000000000000000 ) ) ;
#475 = PLANE ( 'NONE',  #1919 ) ;
#476 = ORIENTED_EDGE ( 'NONE', *, *, #1893, .F. ) ;
#477 = CARTESIAN_POINT ( 'NONE',  ( 6.992565577374029395, 5.000000000000023093, 10.00099999999999945 ) ) ;
#478 = LINE ( 'NONE', #3475, #2860 ) ;
#479 = CARTESIAN_POINT ( 'NONE',  ( 23.77356091487909495, 59.97470916941908570, 10.00099999999999945 ) ) ;
#480 = DIRECTION ( 'NONE',  ( -0.000000000000000000, 1.000000000000000000, 0.000000000000000000 ) ) ;
#481 = EDGE_CURVE ( 'NONE', #3738, #3034, #352, .T. ) ;
#482 = ORIENTED_EDGE ( 'NONE', *, *, #2085, .T. ) ;
#483 = CARTESIAN_POINT ( 'NONE',  ( 36.63180065388673512, 43.69286487643512373, 1.699885383662997906 ) ) ;
#484 = VERTEX_POINT ( 'NONE', #898 ) ;
#485 = LINE ( 'NONE', #3704, #2981 ) ;
#486 = DIRECTION ( 'NONE',  ( -1.000000000000000000, 0.000000000000000000, 0.000000000000000000 ) ) ;
#487 = EDGE_CURVE ( 'NONE', #2593, #2761, #629, .T. ) ;
#488 = LINE ( 'NONE', #2016, #255 ) ;
#489 = DIRECTION ( 'NONE',  ( 0.000000000000000000, 1.000000000000000000, 0.000000000000000000 ) ) ;
#490 = ORIENTED_EDGE ( 'NONE', *, *, #2298, .F. ) ;
#491 = ORIENTED_EDGE ( 'NONE', *, *, #1182, .F. ) ;
#492 = EDGE_CURVE ( 'NONE', #2554, #2582, #2439, .T. ) ;
#493 = PLANE ( 'NONE',  #1351 ) ;
#494 = LINE ( 'NONE', #2808, #743 ) ;
#495 = VECTOR ( 'NONE', #3096, 1000.000000000000000 ) ;
#496 = UNCERTAINTY_MEASURE_WITH_UNIT (LENGTH_MEASURE( 1.000000000000000082E-05 ), #3547, 'distance_accuracy_value', 'NONE');
#497 = LINE ( 'NONE', #2951, #2494 ) ;
#498 = ORIENTED_EDGE ( 'NONE', *, *, #1553, .T. ) ;
#499 = VECTOR ( 'NONE', #3118, 1000.000000000000000 ) ;
#500 = DIRECTION ( 'NONE',  ( 0.3446779346331529381, 0.9387210029487057517, 0.000000000000000000 ) ) ;
#501 = CARTESIAN_POINT ( 'NONE',  ( 59.14084972657722261, 23.61190122397092495, 4.000000000000000000 ) ) ;
#502 = VECTOR ( 'NONE', #2209, 1000.000000000000000 ) ;
#503 = ORIENTED_EDGE ( 'NONE', *, *, #2819, .T. ) ;
#504 = LINE ( 'NONE', #146, #1442 ) ;
#505 = PLANE ( 'NONE',  #1049 ) ;
#506 = LINE ( 'NONE', #438, #2733 ) ;
#507 = AXIS2_PLACEMENT_3D ( 'NONE', #3144, #214, #1012 ) ;
#508 = DIRECTION ( 'NONE',  ( -1.000000000000000000, 0.000000000000000000, 0.000000000000000000 ) ) ;
#509 = CARTESIAN_POINT ( 'NONE',  ( 41.42884860408194214, 27.75317541498460372, 10.00000000000000000 ) ) ;
#510 = EDGE_CURVE ( 'NONE', #3823, #2761, #3001, .T. ) ;
#511 = VERTEX_POINT ( 'NONE', #3597 ) ;
#512 = DIRECTION ( 'NONE',  ( -0.000000000000000000, 1.000000000000000000, 0.000000000000000000 ) ) ;
#513 = CARTESIAN_POINT ( 'NONE',  ( 6.992565577373027530, 59.97470916941908570, 10.00099999999999945 ) ) ;
#514 = CARTESIAN_POINT ( 'NONE',  ( 59.74084972657723824, 30.61190122397092495, 1.109997883926998163 ) ) ;
#515 = VECTOR ( 'NONE', #2782, 1000.000000000000000 ) ;
#516 = ORIENTED_EDGE ( 'NONE', *, *, #3786, .T. ) ;
#517 = VERTEX_POINT ( 'NONE', #1557 ) ;
#518 = AXIS2_PLACEMENT_3D ( 'NONE', #3460, #2889, #174 ) ;
#519 = DIRECTION ( 'NONE',  ( 1.887397745837881465E-14, 1.000000000000000000, 0.000000000000000000 ) ) ;
#520 = DIRECTION ( 'NONE',  ( -3.469446951953610639E-15, -1.000000000000000000, 0.000000000000000000 ) ) ;
#521 = VECTOR ( 'NONE', #2626, 1000.000000000000000 ) ;
#522 = ORIENTED_EDGE ( 'NONE', *, *, #455, .T. ) ;
#523 = DIRECTION ( 'NONE',  ( -1.000000000000000000, 0.000000000000000000, 0.000000000000000000 ) ) ;
#524 = PLANE ( 'NONE',  #2052 ) ;
#525 = VECTOR ( 'NONE', #851, 1000.000000000000227 ) ;
#526 = FACE_OUTER_BOUND ( 'NONE', #2242, .T. ) ;
#527 = CARTESIAN_POINT ( 'NONE',  ( 77.98218423212628636, 59.97470916941927044, 10.00000000000000000 ) ) ;
#528 = CARTESIAN_POINT ( 'NONE',  ( 30.61060500309818977, 30.68592075184099599, 1.109999999999998099 ) ) ;
#529 = ORIENTED_EDGE ( 'NONE', *, *, #1037, .T. ) ;
#530 = ORIENTED_EDGE ( 'NONE', *, *, #3436, .T. ) ;
#531 = LINE ( 'NONE', #1720, #2689 ) ;
#532 = EDGE_CURVE ( 'NONE', #2696, #630, #2009, .T. ) ;
#533 = LINE ( 'NONE', #1045, #3655 ) ;
#534 = PLANE ( 'NONE',  #3246 ) ;
#535 = ORIENTED_EDGE ( 'NONE', *, *, #370, .F. ) ;
#536 = EDGE_LOOP ( 'NONE', ( #2725, #660, #3326, #860 ) ) ;
#537 = CARTESIAN_POINT ( 'NONE',  ( 6.293389235082327845E-14, 38.09286487643519337, 4.000000000000000000 ) ) ;
#538 = EDGE_CURVE ( 'NONE', #892, #2381, #3614, .T. ) ;
#539 = CARTESIAN_POINT ( 'NONE',  ( 42.38734786855102499, 32.42898426308398996, 0.3999999999999980793 ) ) ;
#540 = VERTEX_POINT ( 'NONE', #3325 ) ;
#541 = DIRECTION ( 'NONE',  ( 0.000000000000000000, 0.000000000000000000, -1.000000000000000000 ) ) ;
#542 = DIRECTION ( 'NONE',  ( 0.000000000000000000, 1.000000000000000000, 0.000000000000000000 ) ) ;
#543 = DIRECTION ( 'NONE',  ( -1.000000000000000000, 3.011203194556595896E-16, 0.000000000000000000 ) ) ;
#544 = LINE ( 'NONE', #1431, #760 ) ;
#545 = DIRECTION ( 'NONE',  ( 1.355284293265842525E-13, -1.000000000000000000, 0.000000000000000000 ) ) ;
#546 = ORIENTED_EDGE ( 'NONE', *, *, #2746, .T. ) ;
#547 = EDGE_LOOP ( 'NONE', ( #1178, #1514, #1851, #236 ) ) ;
#548 = CARTESIAN_POINT ( 'NONE',  ( 55.24511320246803336, 59.97470916941927044, 10.00099999999999945 ) ) ;
#549 = EDGE_CURVE ( 'NONE', #650, #1397, #3309, .T. ) ;
#550 = VERTEX_POINT ( 'NONE', #2727 ) ;
#551 = ADVANCED_FACE ( 'NONE', ( #664 ), #1479, .T. ) ;
#552 = VERTEX_POINT ( 'NONE', #3562 ) ;
#553 = DIRECTION ( 'NONE',  ( 1.652117596168386770E-15, 1.000000000000000000, 0.000000000000000000 ) ) ;
#554 = CARTESIAN_POINT ( 'NONE',  ( 18.61060500309818977, 30.68592075184099599, 3.399999999999983036 ) ) ;
#555 = CARTESIAN_POINT ( 'NONE',  ( 32.14653210253800353, 28.88980021391638431, 0.9599999985689978699 ) ) ;
#556 = ADVANCED_FACE ( 'NONE', ( #2092 ), #610, .F. ) ;
#557 = VERTEX_POINT ( 'NONE', #316 ) ;
#558 = ADVANCED_FACE ( 'NONE', ( #2693 ), #25, .T. ) ;
#559 = VECTOR ( 'NONE', #1054, 1000.000000000000000 ) ;
#560 = CARTESIAN_POINT ( 'NONE',  ( 54.61415088855444111, 53.90613964737286068, 6.000000000000000000 ) ) ;
#561 = LINE ( 'NONE', #2987, #3229 ) ;
#562 = DIRECTION ( 'NONE',  ( -0.000000000000000000, -0.000000000000000000, -1.000000000000000000 ) ) ;
#563 = VECTOR ( 'NONE', #542, 1000.000000000000000 ) ;
#564 = CARTESIAN_POINT ( 'NONE',  ( 55.42884860408193504, 23.35317541498460159, -10.67514906227531313 ) ) ;
#565 = EDGE_CURVE ( 'NONE', #3805, #3159, #2240, .T. ) ;
#566 = CARTESIAN_POINT ( 'NONE',  ( 78.03192893766751581, 51.26230093957098433, 0.000000000000000000 ) ) ;
#567 = VECTOR ( 'NONE', #925, 1000.000000000000000 ) ;
#568 = VERTEX_POINT ( 'NONE', #2162 ) ;
#569 = AXIS2_PLACEMENT_3D ( 'NONE', #2835, #1694, #3454 ) ;
#570 = ADVANCED_FACE ( 'NONE', ( #2842 ), #1317, .F. ) ;
#571 = ORIENTED_EDGE ( 'NONE', *, *, #2197, .T. ) ;
#572 = CARTESIAN_POINT ( 'NONE',  ( 42.42884860408194214, 27.75317541498460372, 4.000000000000000000 ) ) ;
#573 = ORIENTED_EDGE ( 'NONE', *, *, #101, .F. ) ;
#574 = VECTOR ( 'NONE', #2659, 1000.000000000000000 ) ;
#575 = VERTEX_POINT ( 'NONE', #1577 ) ;
#576 = DIRECTION ( 'NONE',  ( -1.355284293265842525E-13, 1.000000000000000000, 0.000000000000000000 ) ) ;
#577 = CARTESIAN_POINT ( 'NONE',  ( 65.34807733323546586, 45.95871309031685570, 5.000000000000000000 ) ) ;
#578 = ORIENTED_EDGE ( 'NONE', *, *, #3519, .F. ) ;
#579 = AXIS2_PLACEMENT_3D ( 'NONE', #2456, #2198, #3627 ) ;
#580 = DIRECTION ( 'NONE',  ( -1.000000000000000000, 0.000000000000000000, 0.000000000000000000 ) ) ;
#581 = CARTESIAN_POINT ( 'NONE',  ( 12.01402484683469041, 10.59981128446109366, 4.000000000000000000 ) ) ;
#582 = CARTESIAN_POINT ( 'NONE',  ( 24.39487291362403454, 53.90641816659306329, 6.000000000000000000 ) ) ;
#583 = AXIS2_PLACEMENT_3D ( 'NONE', #675, #382, #2173 ) ;
#584 = CARTESIAN_POINT ( 'NONE',  ( 76.16692151384303600, 56.44252476504900073, 10.00000000000000000 ) ) ;
#585 = LINE ( 'NONE', #232, #444 ) ;
#586 = CARTESIAN_POINT ( 'NONE',  ( 11.68769779765030847, 43.83617119703320952, 6.000000000000000000 ) ) ;
#587 = AXIS2_PLACEMENT_3D ( 'NONE', #1771, #874, #3268 ) ;
#588 = ADVANCED_FACE ( 'NONE', ( #1868 ), #1903, .F. ) ;
#589 = ORIENTED_EDGE ( 'NONE', *, *, #1609, .F. ) ;
#590 = ORIENTED_EDGE ( 'NONE', *, *, #2417, .T. ) ;
#591 = CARTESIAN_POINT ( 'NONE',  ( 0.007098098182035939008, 57.66626307465578805, 0.000000000000000000 ) ) ;
#592 = ORIENTED_EDGE ( 'NONE', *, *, #411, .F. ) ;
#593 = DIRECTION ( 'NONE',  ( 0.000000000000000000, -1.000000000000000000, 0.000000000000000000 ) ) ;
#594 = ORIENTED_EDGE ( 'NONE', *, *, #2114, .T. ) ;
#595 = CARTESIAN_POINT ( 'NONE',  ( 23.77356091487909495, 59.97470916941908570, 10.00000000000000000 ) ) ;
#596 = PLANE ( 'NONE',  #1678 ) ;
#597 = CARTESIAN_POINT ( 'NONE',  ( 23.06165955430742187, 58.33397611666539717, 0.000000000000000000 ) ) ;
#598 = CARTESIAN_POINT ( 'NONE',  ( 21.03102140169215772, 46.00531091476222656, 14.51551070084607886 ) ) ;
#599 = DIRECTION ( 'NONE',  ( -1.355284293265842525E-13, 1.000000000000000000, 0.000000000000000000 ) ) ;
#600 = EDGE_CURVE ( 'NONE', #3515, #1658, #112, .T. ) ;
#601 = DIRECTION ( 'NONE',  ( 0.000000000000000000, 0.000000000000000000, -1.000000000000000000 ) ) ;
#602 = EDGE_LOOP ( 'NONE', ( #3273, #367, #1255, #2055 ) ) ;
#603 = PLANE ( 'NONE',  #881 ) ;
#604 = VERTEX_POINT ( 'NONE', #1656 ) ;
#605 = EDGE_CURVE ( 'NONE', #3328, #650, #2771, .T. ) ;
#606 = LINE ( 'NONE', #1513, #1761 ) ;
#607 = FACE_OUTER_BOUND ( 'NONE', #815, .T. ) ;
#608 = VERTEX_POINT ( 'NONE', #1296 ) ;
#609 = ADVANCED_FACE ( 'NONE', ( #1336 ), #3668, .F. ) ;
#610 = PLANE ( 'NONE',  #2630 ) ;
#611 = EDGE_LOOP ( 'NONE', ( #1284, #2045, #728, #1534 ) ) ;
#612 = ORIENTED_EDGE ( 'NONE', *, *, #220, .T. ) ;
#613 = DIRECTION ( 'NONE',  ( -1.000000000000000000, -6.313997449038182439E-16, 0.000000000000000000 ) ) ;
#614 = DIRECTION ( 'NONE',  ( -0.000000000000000000, 0.000000000000000000, -1.000000000000000000 ) ) ;
#615 = CARTESIAN_POINT ( 'NONE',  ( 9.714451465470119729E-14, 28.93771831048124454, 4.000000000000000000 ) ) ;
#616 = DIRECTION ( 'NONE',  ( 0.7071067811865556774, 0.000000000000000000, 0.7071067811865393571 ) ) ;
#617 = VECTOR ( 'NONE', #1853, 1000.000000000000000 ) ;
#618 = EDGE_CURVE ( 'NONE', #2582, #1160, #391, .T. ) ;
#619 = LINE ( 'NONE', #3803, #2947 ) ;
#620 = VECTOR ( 'NONE', #2954, 1000.000000000000000 ) ;
#621 = ORIENTED_EDGE ( 'NONE', *, *, #1112, .T. ) ;
#622 = DIRECTION ( 'NONE',  ( -1.982541115402065702E-15, -1.000000000000000000, 0.000000000000000000 ) ) ;
#623 = VERTEX_POINT ( 'NONE', #1003 ) ;
#624 = CARTESIAN_POINT ( 'NONE',  ( 0.000000000000000000, 0.000000000000000000, 1.109999999999998099 ) ) ;
#625 = AXIS2_PLACEMENT_3D ( 'NONE', #3255, #1150, #1759 ) ;
#626 = DIRECTION ( 'NONE',  ( 0.000000000000000000, -1.000000000000000000, 0.000000000000000000 ) ) ;
#627 = AXIS2_PLACEMENT_3D ( 'NONE', #2062, #1196, #1766 ) ;
#628 = ORIENTED_EDGE ( 'NONE', *, *, #1645, .F. ) ;
#629 = LINE ( 'NONE', #3579, #1564 ) ;
#630 = VERTEX_POINT ( 'NONE', #1277 ) ;
#631 = ORIENTED_EDGE ( 'NONE', *, *, #2068, .T. ) ;
#632 = FACE_OUTER_BOUND ( 'NONE', #1673, .T. ) ;
#633 =( NAMED_UNIT ( * ) SI_UNIT ( $, .STERADIAN. ) SOLID_ANGLE_UNIT ( ) );
#634 = ADVANCED_FACE ( 'NONE', ( #3379 ), #3420, .T. ) ;
#635 = LINE ( 'NONE', #2407, #1183 ) ;
#636 = VECTOR ( 'NONE', #329, 1000.000000000000114 ) ;
#637 = LINE ( 'NONE', #2760, #1314 ) ;
#638 = CIRCLE ( 'NONE', #2324, 1.699999999999993072 ) ;
#639 = ORIENTED_EDGE ( 'NONE', *, *, #3550, .F. ) ;
#640 = CARTESIAN_POINT ( 'NONE',  ( 55.42884860408193504, 24.35317541498459448, 4.000000000000000000 ) ) ;
#641 = EDGE_LOOP ( 'NONE', ( #353, #1039, #2893, #2618 ) ) ;
#642 = VECTOR ( 'NONE', #2142, 1000.000000000000114 ) ;
#643 = CARTESIAN_POINT ( 'NONE',  ( 0.000000000000000000, 0.000000000000000000, 4.000000000000000000 ) ) ;
#644 = LINE ( 'NONE', #3033, #2076 ) ;
#645 = EDGE_CURVE ( 'NONE', #3587, #1848, #2471, .T. ) ;
#646 = ORIENTED_EDGE ( 'NONE', *, *, #1211, .F. ) ;
#647 = CARTESIAN_POINT ( 'NONE',  ( 24.39487291362402033, 53.90641816659306329, 4.000000000000000000 ) ) ;
#648 = ADVANCED_FACE ( 'NONE', ( #701 ), #740, .F. ) ;
#649 = DIRECTION ( 'NONE',  ( -0.000000000000000000, -0.000000000000000000, -1.000000000000000000 ) ) ;
#650 = VERTEX_POINT ( 'NONE', #1885 ) ;
#651 = VERTEX_POINT ( 'NONE', #1949 ) ;
#652 = CARTESIAN_POINT ( 'NONE',  ( 64.56983569344401985, 40.61884720954800088, -8.271542309605473875 ) ) ;
#653 = DIRECTION ( 'NONE',  ( 1.000000000000000000, 6.313997449038182439E-16, 0.000000000000000000 ) ) ;
#654 = PLANE ( 'NONE',  #3180 ) ;
#655 = APPLICATION_PROTOCOL_DEFINITION ( 'draft international standard', 'automotive_design', 1998, #2991 ) ;
#656 = EDGE_CURVE ( 'NONE', #897, #3587, #3707, .T. ) ;
#657 = LINE ( 'NONE', #2429, #2021 ) ;
#658 = ORIENTED_EDGE ( 'NONE', *, *, #1356, .T. ) ;
#659 = FACE_OUTER_BOUND ( 'NONE', #1877, .T. ) ;
#660 = ORIENTED_EDGE ( 'NONE', *, *, #314, .T. ) ;
#661 = CARTESIAN_POINT ( 'NONE',  ( 5.000000000000530243, 33.46289289354402285, 10.00000000000000000 ) ) ;
#662 = DIRECTION ( 'NONE',  ( -0.000000000000000000, -0.000000000000000000, 1.000000000000000000 ) ) ;
#663 = VERTEX_POINT ( 'NONE', #1637 ) ;
#664 = FACE_OUTER_BOUND ( 'NONE', #611, .T. ) ;
#665 = EDGE_CURVE ( 'NONE', #3320, #244, #203, .T. ) ;
#666 = ORIENTED_EDGE ( 'NONE', *, *, #267, .F. ) ;
#667 = ORIENTED_EDGE ( 'NONE', *, *, #250, .F. ) ;
#668 = CARTESIAN_POINT ( 'NONE',  ( 46.94653210253800779, 0.000000000000000000, 0.9599999985689978699 ) ) ;
#669 = DIRECTION ( 'NONE',  ( -0.7086689616036382366, -0.7055411418617776320, 0.000000000000000000 ) ) ;
#670 = CARTESIAN_POINT ( 'NONE',  ( 42.42884860408194214, 27.75317541498460372, 4.000000000000000000 ) ) ;
#671 = CARTESIAN_POINT ( 'NONE',  ( 66.34084972657723256, 23.61190122397092495, 4.000000000000000000 ) ) ;
#672 = ORIENTED_EDGE ( 'NONE', *, *, #2401, .F. ) ;
#673 = EDGE_CURVE ( 'NONE', #3075, #3811, #2531, .T. ) ;
#674 = EDGE_CURVE ( 'NONE', #3154, #735, #406, .T. ) ;
#675 = CARTESIAN_POINT ( 'NONE',  ( 11.68769779765030847, 43.83617119703320952, 6.000000000000000000 ) ) ;
#676 = VERTEX_POINT ( 'NONE', #2576 ) ;
#677 = DIRECTION ( 'NONE',  ( -0.0001230892683140344564, -0.9999999924245159821, 0.000000000000000000 ) ) ;
#678 = DIRECTION ( 'NONE',  ( 1.000000000000000000, 0.000000000000000000, 0.000000000000000000 ) ) ;
#679 = AXIS2_PLACEMENT_3D ( 'NONE', #2642, #3778, #1763 ) ;
#680 = AXIS2_PLACEMENT_3D ( 'NONE', #1342, #2539, #3451 ) ;
#681 = ORIENTED_EDGE ( 'NONE', *, *, #3045, .F. ) ;
#682 = VECTOR ( 'NONE', #1606, 1000.000000000000000 ) ;
#683 = CARTESIAN_POINT ( 'NONE',  ( 5.875044450089777825, 53.13706121412302252, 10.00000000000000000 ) ) ;
#684 = VERTEX_POINT ( 'NONE', #3751 ) ;
#685 = CARTESIAN_POINT ( 'NONE',  ( 5.864532158809463880, -0.001160175645022881730, 4.000000000000000000 ) ) ;
#686 = DIRECTION ( 'NONE',  ( -0.7071067811865474617, 0.7071067811865474617, 0.000000000000000000 ) ) ;
#687 = CARTESIAN_POINT ( 'NONE',  ( 71.31952070086403239, 59.97470916941927044, 4.000000000000000000 ) ) ;
#688 = DIRECTION ( 'NONE',  ( -0.7071067811865475727, 0.7071067811865475727, 0.000000000000000000 ) ) ;
#689 = ORIENTED_EDGE ( 'NONE', *, *, #2152, .F. ) ;
#690 = DIRECTION ( 'NONE',  ( 0.000000000000000000, 0.000000000000000000, -1.000000000000000000 ) ) ;
#691 = ORIENTED_EDGE ( 'NONE', *, *, #1356, .F. ) ;
#692 = DIRECTION ( 'NONE',  ( 0.000000000000000000, -0.7071067811865556774, 0.7071067811865393571 ) ) ;
#693 = PLANE ( 'NONE',  #3671 ) ;
#694 = VECTOR ( 'NONE', #1106, 1000.000000000000000 ) ;
#695 = EDGE_CURVE ( 'NONE', #949, #3422, #1355, .T. ) ;
#696 = EDGE_CURVE ( 'NONE', #1318, #1710, #2596, .T. ) ;
#697 = AXIS2_PLACEMENT_3D ( 'NONE', #3176, #1677, #2014 ) ;
#698 = ORIENTED_EDGE ( 'NONE', *, *, #3830, .F. ) ;
#699 = CARTESIAN_POINT ( 'NONE',  ( 76.16692151384303600, 8.415085090169998949, 10.00099999999999945 ) ) ;
#700 = VECTOR ( 'NONE', #2682, 1000.000000000000000 ) ;
#701 = FACE_OUTER_BOUND ( 'NONE', #1944, .T. ) ;
#702 = ORIENTED_EDGE ( 'NONE', *, *, #2883, .T. ) ;
#703 = VERTEX_POINT ( 'NONE', #2975 ) ;
#704 = ADVANCED_FACE ( 'NONE', ( #2616 ), #2101, .F. ) ;
#705 = CARTESIAN_POINT ( 'NONE',  ( 69.83157658086554420, 23.35317541498460159, 10.00099999999999945 ) ) ;
#706 =( NAMED_UNIT ( * ) PLANE_ANGLE_UNIT ( ) SI_UNIT ( $, .RADIAN. ) );
#707 = DIRECTION ( 'NONE',  ( -0.7071067811863814834, -0.7071067811867136621, 0.000000000000000000 ) ) ;
#708 = CARTESIAN_POINT ( 'NONE',  ( 78.03203064794003296, 52.35311032234201889, 10.00099999999999945 ) ) ;
#709 = EDGE_LOOP ( 'NONE', ( #2562, #3291, #3754, #1125 ) ) ;
#710 = PLANE ( 'NONE',  #2321 ) ;
#711 = ADVANCED_FACE ( 'NONE', ( #3201 ), #907, .F. ) ;
#712 = CARTESIAN_POINT ( 'NONE',  ( 54.61415088855444111, 53.90613964737286068, 6.000000000000000000 ) ) ;
#713 = FACE_OUTER_BOUND ( 'NONE', #2794, .T. ) ;
#714 = ORIENTED_EDGE ( 'NONE', *, *, #2390, .F. ) ;
#715 = EDGE_CURVE ( 'NONE', #3446, #27, #1248, .T. ) ;
#716 = ORIENTED_EDGE ( 'NONE', *, *, #1297, .F. ) ;
#717 = LINE ( 'NONE', #1294, #3061 ) ;
#718 = CARTESIAN_POINT ( 'NONE',  ( 0.000000000000000000, 51.26230093957098433, 4.000000000000000000 ) ) ;
#719 = ADVANCED_FACE ( 'NONE', ( #1400 ), #1492, .T. ) ;
#720 = EDGE_LOOP ( 'NONE', ( #1580, #2107, #2227, #3104 ) ) ;
#721 = ORIENTED_EDGE ( 'NONE', *, *, #3020, .T. ) ;
#722 = CARTESIAN_POINT ( 'NONE',  ( 77.98218423212703954, 5.000000000000023093, 0.000000000000000000 ) ) ;
#723 = PLANE ( 'NONE',  #3232 ) ;
#724 = CARTESIAN_POINT ( 'NONE',  ( 36.63180065388673512, 43.69286487643512373, 3.399999999999983036 ) ) ;
#725 = EDGE_CURVE ( 'NONE', #1842, #129, #3770, .T. ) ;
#726 = CARTESIAN_POINT ( 'NONE',  ( 11.68769779765030847, 43.83617119703320952, 6.000000000000000000 ) ) ;
#727 = LINE ( 'NONE', #230, #2730 ) ;
#728 = ORIENTED_EDGE ( 'NONE', *, *, #1964, .F. ) ;
#729 = LINE ( 'NONE', #124, #3250 ) ;
#730 = CARTESIAN_POINT ( 'NONE',  ( 54.61415088855444111, 53.90613964737286068, 6.000000000000000000 ) ) ;
#731 = CARTESIAN_POINT ( 'NONE',  ( 65.74084972657725245, 30.61190122397092495, 3.399999999999968825 ) ) ;
#732 = PRODUCT_RELATED_PRODUCT_CATEGORY ( 'part', '', ( #3502 ) ) ;
#733 = EDGE_LOOP ( 'NONE', ( #787, #2397, #594, #254 ) ) ;
#734 = LINE ( 'NONE', #1922, #2430 ) ;
#735 = VERTEX_POINT ( 'NONE', #2553 ) ;
#736 = AXIS2_PLACEMENT_3D ( 'NONE', #1711, #245, #580 ) ;
#737 = CARTESIAN_POINT ( 'NONE',  ( 5.875044450089777825, 53.13706121412302252, 10.00099999999999945 ) ) ;
#738 = AXIS2_PLACEMENT_3D ( 'NONE', #2658, #1778, #3491 ) ;
#739 = DIRECTION ( 'NONE',  ( 1.000000000000000000, 0.000000000000000000, 0.000000000000000000 ) ) ;
#740 = PLANE ( 'NONE',  #2749 ) ;
#741 = ORIENTED_EDGE ( 'NONE', *, *, #2298, .T. ) ;
#742 = VERTEX_POINT ( 'NONE', #2907 ) ;
#743 = VECTOR ( 'NONE', #451, 999.9999999999998863 ) ;
#744 = CARTESIAN_POINT ( 'NONE',  ( 40.42884860408197056, 23.35317541498461225, 10.00099999999999945 ) ) ;
#745 = LINE ( 'NONE', #2788, #3473 ) ;
#746 = CARTESIAN_POINT ( 'NONE',  ( 59.74084972657723824, 30.61190122397092495, 1.109997883926998163 ) ) ;
#747 = AXIS2_PLACEMENT_3D ( 'NONE', #584, #3527, #936 ) ;
#748 = CARTESIAN_POINT ( 'NONE',  ( 40.70065559444936554, 40.69063719969623349, 4.000000000000000000 ) ) ;
#749 = EDGE_CURVE ( 'NONE', #3238, #3159, #1418, .T. ) ;
#750 = FACE_OUTER_BOUND ( 'NONE', #2674, .T. ) ;
#751 = ORIENTED_EDGE ( 'NONE', *, *, #1593, .F. ) ;
#752 = LINE ( 'NONE', #3696, #21 ) ;
#753 = LINE ( 'NONE', #730, #1683 ) ;
#754 = CARTESIAN_POINT ( 'NONE',  ( 54.61482092964090640, 59.34967741935614782, 10.00000000000000000 ) ) ;
#755 = VERTEX_POINT ( 'NONE', #3790 ) ;
#756 = LINE ( 'NONE', #3126, #313 ) ;
#757 = ORIENTED_EDGE ( 'NONE', *, *, #1540, .T. ) ;
#758 = VECTOR ( 'NONE', #3036, 1000.000000000000000 ) ;
#759 = DIRECTION ( 'NONE',  ( -0.000000000000000000, -0.000000000000000000, -1.000000000000000000 ) ) ;
#760 = VECTOR ( 'NONE', #3802, 1000.000000000000000 ) ;
#761 = CARTESIAN_POINT ( 'NONE',  ( 73.15243468099103552, 12.06030566349624422, 0.000000000000000000 ) ) ;
#762 = DIRECTION ( 'NONE',  ( 0.000000000000000000, -0.000000000000000000, -1.000000000000000000 ) ) ;
#763 = ORIENTED_EDGE ( 'NONE', *, *, #3167, .F. ) ;
#764 = ORIENTED_EDGE ( 'NONE', *, *, #2339, .F. ) ;
#765 = VECTOR ( 'NONE', #1768, 1000.000000000000000 ) ;
#766 = DIRECTION ( 'NONE',  ( 6.369488388617202940E-16, -1.000000000000000000, 0.000000000000000000 ) ) ;
#767 = CARTESIAN_POINT ( 'NONE',  ( 30.61060500309818977, 30.68592075184099599, 3.399999999999983036 ) ) ;
#768 = ADVANCED_FACE ( 'NONE', ( #781 ), #534, .T. ) ;
#769 = VERTEX_POINT ( 'NONE', #1128 ) ;
#770 = PLANE ( 'NONE',  #365 ) ;
#771 = DIRECTION ( 'NONE',  ( 1.000000000000000000, -0.000000000000000000, -0.000000000000000000 ) ) ;
#772 = ORIENTED_EDGE ( 'NONE', *, *, #1840, .F. ) ;
#773 = DIRECTION ( 'NONE',  ( -0.000000000000000000, -0.000000000000000000, -1.000000000000000000 ) ) ;
#774 = CARTESIAN_POINT ( 'NONE',  ( 79.97474980950003953, 10.50829548434902350, 10.00000000000000000 ) ) ;
#775 = DIRECTION ( 'NONE',  ( -1.982541115402065702E-15, -1.000000000000000000, 0.000000000000000000 ) ) ;
#776 = DIRECTION ( 'NONE',  ( -0.000000000000000000, 1.000000000000000000, -0.000000000000000000 ) ) ;
#777 = VERTEX_POINT ( 'NONE', #2684 ) ;
#778 = CARTESIAN_POINT ( 'NONE',  ( 18.61060500309818977, 24.68592075184099954, 3.399999999999983036 ) ) ;
#779 = ORIENTED_EDGE ( 'NONE', *, *, #1753, .T. ) ;
#780 = LINE ( 'NONE', #199, #3 ) ;
#781 = FACE_OUTER_BOUND ( 'NONE', #839, .T. ) ;
#782 = ORIENTED_EDGE ( 'NONE', *, *, #2934, .T. ) ;
#783 = ORIENTED_EDGE ( 'NONE', *, *, #1391, .F. ) ;
#784 = CARTESIAN_POINT ( 'NONE',  ( 24.39487291362403099, 59.35339717067414256, 10.00099999999999945 ) ) ;
#785 = CARTESIAN_POINT ( 'NONE',  ( 77.86692151384302463, 8.415085090169998949, 10.00099999999999945 ) ) ;
#786 = DIRECTION ( 'NONE',  ( -0.000000000000000000, -0.000000000000000000, 1.000000000000000000 ) ) ;
#787 = ORIENTED_EDGE ( 'NONE', *, *, #1082, .F. ) ;
#788 = PLANE ( 'NONE',  #3402 ) ;
#789 = DIRECTION ( 'NONE',  ( -0.7049845209112707289, 0.7092226908915888473, 0.000000000000000000 ) ) ;
#790 = ORIENTED_EDGE ( 'NONE', *, *, #1601, .F. ) ;
#791 = DIRECTION ( 'NONE',  ( 2.518321216464164144E-16, -1.000000000000000000, 0.000000000000000000 ) ) ;
#792 = LINE ( 'NONE', #1058, #926 ) ;
#793 = CARTESIAN_POINT ( 'NONE',  ( 65.74084972657725245, 30.61190122397092495, 3.399999999999968825 ) ) ;
#794 = DIRECTION ( 'NONE',  ( -1.000000000000000000, 0.000000000000000000, 0.000000000000000000 ) ) ;
#795 = EDGE_CURVE ( 'NONE', #3034, #2778, #2329, .T. ) ;
#796 = ORIENTED_EDGE ( 'NONE', *, *, #2906, .F. ) ;
#797 = ORIENTED_EDGE ( 'NONE', *, *, #3537, .T. ) ;
#798 = LINE ( 'NONE', #737, #1251 ) ;
#799 = FACE_OUTER_BOUND ( 'NONE', #846, .T. ) ;
#800 = DIRECTION ( 'NONE',  ( -0.000000000000000000, 0.000000000000000000, 1.000000000000000000 ) ) ;
#801 = VECTOR ( 'NONE', #1138, 999.9999999999998863 ) ;
#802 = ORIENTED_EDGE ( 'NONE', *, *, #2440, .F. ) ;
#803 = ORIENTED_EDGE ( 'NONE', *, *, #2137, .T. ) ;
#804 = DIRECTION ( 'NONE',  ( -1.000000000000000000, 0.000000000000000000, 0.000000000000000000 ) ) ;
#805 = VECTOR ( 'NONE', #3347, 1000.000000000000000 ) ;
#806 = DIRECTION ( 'NONE',  ( -1.000000000000000000, 0.000000000000000000, 0.000000000000000000 ) ) ;
#807 = ORIENTED_EDGE ( 'NONE', *, *, #2650, .T. ) ;
#808 = VECTOR ( 'NONE', #2452, 999.9999999999998863 ) ;
#809 = DIRECTION ( 'NONE',  ( 0.000000000000000000, 1.000000000000000000, 0.000000000000000000 ) ) ;
#810 = LINE ( 'NONE', #3190, #3106 ) ;
#811 = CARTESIAN_POINT ( 'NONE',  ( 42.42884860408194214, 27.75317541498460372, 10.00000000000000000 ) ) ;
#812 = CARTESIAN_POINT ( 'NONE',  ( 77.98218423212703954, 5.000000000000023093, 10.00000000000000000 ) ) ;
#813 = ADVANCED_FACE ( 'NONE', ( #3266 ), #603, .T. ) ;
#814 = DIRECTION ( 'NONE',  ( 0.000000000000000000, -0.000000000000000000, 1.000000000000000000 ) ) ;
#815 = EDGE_LOOP ( 'NONE', ( #3699, #764, #913, #2174 ) ) ;
#816 = AXIS2_PLACEMENT_3D ( 'NONE', #45, #1486, #3567 ) ;
#817 = ORIENTED_EDGE ( 'NONE', *, *, #3097, .F. ) ;
#818 = ADVANCED_FACE ( 'NONE', ( #1784 ), #3462, .F. ) ;
#819 = LINE ( 'NONE', #1041, #3667 ) ;
#820 = LINE ( 'NONE', #466, #2737 ) ;
#821 = DIRECTION ( 'NONE',  ( 0.7070197385735585982, -0.7071938130861842309, 0.000000000000000000 ) ) ;
#822 = AXIS2_PLACEMENT_3D ( 'NONE', #1206, #1515, #1240 ) ;
#823 = ORIENTED_EDGE ( 'NONE', *, *, #795, .T. ) ;
#824 = ORIENTED_EDGE ( 'NONE', *, *, #2057, .T. ) ;
#825 = ADVANCED_FACE ( 'NONE', ( #3573 ), #200, .F. ) ;
#826 = VECTOR ( 'NONE', #3417, 1000.000000000000000 ) ;
#827 = CARTESIAN_POINT ( 'NONE',  ( 18.61060500309818977, 30.68592075184099599, 1.109999999999998099 ) ) ;
#828 = FACE_OUTER_BOUND ( 'NONE', #2196, .T. ) ;
#829 = VECTOR ( 'NONE', #3357, 1000.000000000000114 ) ;
#830 = ORIENTED_EDGE ( 'NONE', *, *, #838, .T. ) ;
#831 = DIRECTION ( 'NONE',  ( -0.000000000000000000, 1.000000000000000000, -0.000000000000000000 ) ) ;
#832 = DIRECTION ( 'NONE',  ( 1.168223555568299567E-15, 0.7071067811865567876, 0.7071067811865382469 ) ) ;
#833 = AXIS2_PLACEMENT_3D ( 'NONE', #2702, #3298, #1525 ) ;
#834 = CARTESIAN_POINT ( 'NONE',  ( 0.000000000000000000, 28.88980021391638431, 3.399999999999983036 ) ) ;
#835 = CARTESIAN_POINT ( 'NONE',  ( 73.34807733323548007, 45.95871309031685570, 4.000000000000000000 ) ) ;
#836 = DIRECTION ( 'NONE',  ( -0.000000000000000000, 0.000000000000000000, -1.000000000000000000 ) ) ;
#837 = ORIENTED_EDGE ( 'NONE', *, *, #87, .F. ) ;
#838 = EDGE_CURVE ( 'NONE', #2179, #392, #3178, .T. ) ;
#839 = EDGE_LOOP ( 'NONE', ( #2357, #763, #218, #360 ) ) ;
#840 = FACE_OUTER_BOUND ( 'NONE', #3181, .T. ) ;
#841 = EDGE_CURVE ( 'NONE', #1350, #6, #1271, .T. ) ;
#842 = ORIENTED_EDGE ( 'NONE', *, *, #1645, .T. ) ;
#843 = ORIENTED_EDGE ( 'NONE', *, *, #2601, .T. ) ;
#844 = LINE ( 'NONE', #225, #3648 ) ;
#845 = CARTESIAN_POINT ( 'NONE',  ( 41.42884860408194214, 24.35317541498458738, -10.67514906227531313 ) ) ;
#846 = EDGE_LOOP ( 'NONE', ( #2086, #3381, #1069, #3771 ) ) ;
#847 = LINE ( 'NONE', #2078, #1040 ) ;
#848 = DIRECTION ( 'NONE',  ( -1.000000000000000000, 0.000000000000000000, 0.000000000000000000 ) ) ;
#849 = ORIENTED_EDGE ( 'NONE', *, *, #3774, .T. ) ;
#850 = CARTESIAN_POINT ( 'NONE',  ( 0.000000000000000000, 0.000000000000000000, 0.000000000000000000 ) ) ;
#851 = DIRECTION ( 'NONE',  ( -0.7071067811865492381, 0.7071067811865457964, 0.000000000000000000 ) ) ;
#852 = VERTEX_POINT ( 'NONE', #48 ) ;
#853 = ORIENTED_EDGE ( 'NONE', *, *, #861, .F. ) ;
#854 = LINE ( 'NONE', #2708, #1070 ) ;
#855 = ORIENTED_EDGE ( 'NONE', *, *, #1806, .F. ) ;
#856 = VERTEX_POINT ( 'NONE', #2191 ) ;
#857 = EDGE_CURVE ( 'NONE', #1698, #165, #35, .T. ) ;
#858 = CARTESIAN_POINT ( 'NONE',  ( 65.74084972657725245, 30.61190122397092495, 1.109997883926998163 ) ) ;
#859 = LINE ( 'NONE', #3831, #65 ) ;
#860 = ORIENTED_EDGE ( 'NONE', *, *, #2584, .T. ) ;
#861 = EDGE_CURVE ( 'NONE', #1800, #2597, #1232, .T. ) ;
#862 = AXIS2_PLACEMENT_3D ( 'NONE', #2058, #43, #966 ) ;
#863 = PLANE ( 'NONE',  #862 ) ;
#864 = CARTESIAN_POINT ( 'NONE',  ( 7.188803657608024977, 56.44252476504900073, 10.00099999999999945 ) ) ;
#865 = CARTESIAN_POINT ( 'NONE',  ( -1.250939572066449346, 1.250939572066456229, 4.000000000000000000 ) ) ;
#866 = LINE ( 'NONE', #3008, #193 ) ;
#867 = FACE_OUTER_BOUND ( 'NONE', #1287, .T. ) ;
#868 = CARTESIAN_POINT ( 'NONE',  ( 6.992565577374029395, 5.000000000000023093, 10.00000000000000000 ) ) ;
#869 = VECTOR ( 'NONE', #2950, 1000.000000000000000 ) ;
#870 = ORIENTED_EDGE ( 'NONE', *, *, #347, .F. ) ;
#871 = VECTOR ( 'NONE', #2512, 1000.000000000000000 ) ;
#872 = EDGE_LOOP ( 'NONE', ( #2861, #1914, #2301, #2874 ) ) ;
#873 = ADVANCED_FACE ( 'NONE', ( #2466 ), #710, .F. ) ;
#874 = DIRECTION ( 'NONE',  ( 0.000000000000000000, 0.000000000000000000, -1.000000000000000000 ) ) ;
#875 = VERTEX_POINT ( 'NONE', #1547 ) ;
#876 = AXIS2_PLACEMENT_3D ( 'NONE', #1430, #1448, #2644 ) ;
#877 = CARTESIAN_POINT ( 'NONE',  ( 24.39487291362403099, 59.35339717067414256, 6.000000000000000000 ) ) ;
#878 = DIRECTION ( 'NONE',  ( 0.000000000000000000, -1.000000000000000000, 0.000000000000000000 ) ) ;
#879 = EDGE_CURVE ( 'NONE', #77, #1995, #1861, .T. ) ;
#880 = VERTEX_POINT ( 'NONE', #2739 ) ;
#881 = AXIS2_PLACEMENT_3D ( 'NONE', #3153, #489, #1680 ) ;
#882 = CARTESIAN_POINT ( 'NONE',  ( 18.61060500309818977, 30.68592075184099599, 1.109999999999998099 ) ) ;
#883 = DIRECTION ( 'NONE',  ( 1.000000000000000000, -0.000000000000000000, -0.000000000000000000 ) ) ;
#884 = ORIENTED_EDGE ( 'NONE', *, *, #243, .F. ) ;
#885 = VECTOR ( 'NONE', #1260, 1000.000000000000000 ) ;
#886 = EDGE_CURVE ( 'NONE', #3281, #2265, #1878, .T. ) ;
#887 = LINE ( 'NONE', #904, #1493 ) ;
#888 = EDGE_CURVE ( 'NONE', #1537, #3776, #1216, .T. ) ;
#889 = DIRECTION ( 'NONE',  ( -0.7071067811865474617, 0.7071067811865474617, 0.000000000000000000 ) ) ;
#890 = LINE ( 'NONE', #16, #23 ) ;
#891 = AXIS2_PLACEMENT_3D ( 'NONE', #418, #3051, #1257 ) ;
#892 = VERTEX_POINT ( 'NONE', #105 ) ;
#893 = CARTESIAN_POINT ( 'NONE',  ( 31.21060500309817343, -1.804725639943786835E-14, 4.000000000000000000 ) ) ;
#894 = ORIENTED_EDGE ( 'NONE', *, *, #857, .F. ) ;
#895 = FACE_OUTER_BOUND ( 'NONE', #733, .T. ) ;
#896 = ADVANCED_FACE ( 'NONE', ( #659 ), #398, .F. ) ;
#897 = VERTEX_POINT ( 'NONE', #3588 ) ;
#898 = CARTESIAN_POINT ( 'NONE',  ( 77.98218423212628636, 59.97470916941927044, 0.000000000000000000 ) ) ;
#899 = VERTEX_POINT ( 'NONE', #3372 ) ;
#900 = ORIENTED_EDGE ( 'NONE', *, *, #3027, .T. ) ;
#901 = CARTESIAN_POINT ( 'NONE',  ( 0.000000000000000000, 34.88980021391638076, 0.9599999985689978699 ) ) ;
#902 = CARTESIAN_POINT ( 'NONE',  ( 76.16692151384303600, 8.415085090169998949, 10.00000000000000000 ) ) ;
#903 = PLANE ( 'NONE',  #2489 ) ;
#904 = CARTESIAN_POINT ( 'NONE',  ( 23.77356091487909495, 59.97470916941908570, 0.000000000000000000 ) ) ;
#905 = CARTESIAN_POINT ( 'NONE',  ( 65.34807733323546586, 45.95871309031685570, 4.000000000000000000 ) ) ;
#906 = EDGE_LOOP ( 'NONE', ( #3828, #1951, #1086, #807 ) ) ;
#907 = PLANE ( 'NONE',  #2939 ) ;
#908 = ORIENTED_EDGE ( 'NONE', *, *, #1450, .T. ) ;
#909 = CARTESIAN_POINT ( 'NONE',  ( 62.84720929291043490, 62.84720929291043490, 4.000000000000000000 ) ) ;
#910 = ADVANCED_FACE ( 'NONE', ( #2704 ), #923, .F. ) ;
#911 = ORIENTED_EDGE ( 'NONE', *, *, #3056, .T. ) ;
#912 = DIRECTION ( 'NONE',  ( 1.000000000000000000, 0.000000000000000000, 0.000000000000000000 ) ) ;
#913 = ORIENTED_EDGE ( 'NONE', *, *, #3088, .F. ) ;
#914 = ORIENTED_EDGE ( 'NONE', *, *, #2883, .F. ) ;
#915 = CARTESIAN_POINT ( 'NONE',  ( 9.875044450089784931, 53.13706121412302252, 4.000000000000000000 ) ) ;
#916 = CARTESIAN_POINT ( 'NONE',  ( 58.06984934592702530, 40.61884720954800088, 3.399999999999996803 ) ) ;
#917 =( NAMED_UNIT ( * ) PLANE_ANGLE_UNIT ( ) SI_UNIT ( $, .RADIAN. ) );
#918 = EDGE_CURVE ( 'NONE', #1886, #2866, #3048, .T. ) ;
#919 = VECTOR ( 'NONE', #1640, 1000.000000000000000 ) ;
#920 = CARTESIAN_POINT ( 'NONE',  ( 64.56983569344401985, 35.50332283157010949, 3.399999999999996803 ) ) ;
#921 = VECTOR ( 'NONE', #789, 999.9999999999998863 ) ;
#922 = ORIENTED_EDGE ( 'NONE', *, *, #3825, .F. ) ;
#923 = PLANE ( 'NONE',  #3305 ) ;
#924 = VERTEX_POINT ( 'NONE', #2117 ) ;
#925 = DIRECTION ( 'NONE',  ( -0.000000000000000000, -0.000000000000000000, -1.000000000000000000 ) ) ;
#926 = VECTOR ( 'NONE', #1080, 1000.000000000000114 ) ;
#927 = CARTESIAN_POINT ( 'NONE',  ( 53.48264078761654616, 52.77490806565516834, 6.000000000000000000 ) ) ;
#928 = EDGE_CURVE ( 'NONE', #3128, #109, #3606, .T. ) ;
#929 = EDGE_LOOP ( 'NONE', ( #3483, #1414, #2118, #420 ) ) ;
#930 = CARTESIAN_POINT ( 'NONE',  ( 8.888803657608024267, 56.44252476504900073, 0.000000000000000000 ) ) ;
#931 = VECTOR ( 'NONE', #686, 1000.000000000000114 ) ;
#932 = VERTEX_POINT ( 'NONE', #1286 ) ;
#933 = CARTESIAN_POINT ( 'NONE',  ( 46.94653210253800779, 0.000000000000000000, 0.9599999985689978699 ) ) ;
#934 = CARTESIAN_POINT ( 'NONE',  ( -3.469446951953614189E-14, 58.33397611666537586, 4.000000000000000000 ) ) ;
#935 = LINE ( 'NONE', #670, #2121 ) ;
#936 = DIRECTION ( 'NONE',  ( -1.000000000000000000, 0.000000000000000000, 0.000000000000000000 ) ) ;
#937 = DIRECTION ( 'NONE',  ( -0.7071067811865456854, 0.7071067811865493491, 0.000000000000000000 ) ) ;
#938 = AXIS2_PLACEMENT_3D ( 'NONE', #2815, #3474, #435 ) ;
#939 = ORIENTED_EDGE ( 'NONE', *, *, #3561, .F. ) ;
#940 = CARTESIAN_POINT ( 'NONE',  ( 20.85129627085182946, 23.35317541498460159, 10.00000000000000000 ) ) ;
#941 = VERTEX_POINT ( 'NONE', #640 ) ;
#942 = AXIS2_PLACEMENT_3D ( 'NONE', #1269, #2775, #102 ) ;
#943 = DIRECTION ( 'NONE',  ( 1.000000000000000000, 0.000000000000000000, 0.000000000000000000 ) ) ;
#944 = DIRECTION ( 'NONE',  ( 0.000000000000000000, 0.000000000000000000, -1.000000000000000000 ) ) ;
#945 = ADVANCED_FACE ( 'NONE', ( #66 ), #2139, .T. ) ;
#946 = EDGE_LOOP ( 'NONE', ( #93, #1879, #1025, #454 ) ) ;
#947 = ADVANCED_FACE ( 'NONE', ( #1843 ), #3635, .F. ) ;
#948 = CARTESIAN_POINT ( 'NONE',  ( 32.14653210253800353, 34.88980021391638076, 0.9599999985689978699 ) ) ;
#949 = VERTEX_POINT ( 'NONE', #1569 ) ;
#950 = ORIENTED_EDGE ( 'NONE', *, *, #1753, .F. ) ;
#951 = DIRECTION ( 'NONE',  ( -0.000000000000000000, -0.000000000000000000, -1.000000000000000000 ) ) ;
#952 = DIRECTION ( 'NONE',  ( -0.000000000000000000, -0.000000000000000000, -1.000000000000000000 ) ) ;
#953 = PLANE ( 'NONE',  #2932 ) ;
#954 = DIRECTION ( 'NONE',  ( 0.7071067811865474617, -0.7071067811865474617, -0.000000000000000000 ) ) ;
#955 = ORIENTED_EDGE ( 'NONE', *, *, #725, .F. ) ;
#956 = CARTESIAN_POINT ( 'NONE',  ( 47.54653210253800921, 0.000000000000000000, 4.000000000000000000 ) ) ;
#957 = ORIENTED_EDGE ( 'NONE', *, *, #3062, .T. ) ;
#958 = LINE ( 'NONE', #2141, #808 ) ;
#959 = LINE ( 'NONE', #2415, #3368 ) ;
#960 = EDGE_LOOP ( 'NONE', ( #1319, #529, #223, #3793 ) ) ;
#961 = CARTESIAN_POINT ( 'NONE',  ( 0.000000000000000000, 0.000000000000000000, 6.000000000000000000 ) ) ;
#962 = CARTESIAN_POINT ( 'NONE',  ( 0.000000000000000000, 28.88980021391638431, 3.399999999999983036 ) ) ;
#963 = VERTEX_POINT ( 'NONE', #2762 ) ;
#964 = EDGE_CURVE ( 'NONE', #1807, #2648, #972, .T. ) ;
#965 = ORIENTED_EDGE ( 'NONE', *, *, #538, .F. ) ;
#966 = DIRECTION ( 'NONE',  ( -0.7071067811865474617, 0.7071067811865474617, 0.000000000000000000 ) ) ;
#967 = CARTESIAN_POINT ( 'NONE',  ( 40.83180065388673796, 43.69286487643512373, 3.399999999999983036 ) ) ;
#968 = ADVANCED_FACE ( 'NONE', ( #2252 ), #2295, .T. ) ;
#969 = DIRECTION ( 'NONE',  ( 0.7071067811867293162, 0.7071067811863657182, 0.000000000000000000 ) ) ;
#970 = EDGE_LOOP ( 'NONE', ( #2925, #434, #1114, #3432, #1931, #666, #2108, #18 ) ) ;
#971 = VECTOR ( 'NONE', #2291, 999.9999999999998863 ) ;
#972 = LINE ( 'NONE', #3354, #3493 ) ;
#973 = EDGE_CURVE ( 'NONE', #158, #1061, #2542, .T. ) ;
#974 = ORIENTED_EDGE ( 'NONE', *, *, #3658, .T. ) ;
#975 = CARTESIAN_POINT ( 'NONE',  ( 0.007098098182035939008, 57.66626307465578805, 4.000000000000000000 ) ) ;
#976 = DIRECTION ( 'NONE',  ( -0.000000000000000000, -0.000000000000000000, -1.000000000000000000 ) ) ;
#977 = VECTOR ( 'NONE', #2335, 1000.000000000000000 ) ;
#978 = VECTOR ( 'NONE', #2111, 1000.000000000000114 ) ;
#979 = ORIENTED_EDGE ( 'NONE', *, *, #2912, .F. ) ;
#980 = LINE ( 'NONE', #1849, #2633 ) ;
#981 = VECTOR ( 'NONE', #2779, 1000.000000000000000 ) ;
#982 = DIRECTION ( 'NONE',  ( 0.000000000000000000, 0.000000000000000000, -1.000000000000000000 ) ) ;
#983 = ORIENTED_EDGE ( 'NONE', *, *, #2669, .T. ) ;
#984 = VERTEX_POINT ( 'NONE', #811 ) ;
#985 = VECTOR ( 'NONE', #2259, 1000.000000000000000 ) ;
#986 = DIRECTION ( 'NONE',  ( 0.000000000000000000, 1.000000000000000000, 0.000000000000000000 ) ) ;
#987 = DIRECTION ( 'NONE',  ( -0.000000000000000000, -0.000000000000000000, -1.000000000000000000 ) ) ;
#988 = VECTOR ( 'NONE', #1155, 1000.000000000000000 ) ;
#989 = EDGE_CURVE ( 'NONE', #511, #2002, #504, .T. ) ;
#990 = FACE_OUTER_BOUND ( 'NONE', #159, .T. ) ;
#991 = EDGE_CURVE ( 'NONE', #275, #1526, #2853, .T. ) ;
#992 = EDGE_CURVE ( 'NONE', #2592, #484, #2564, .T. ) ;
#993 = ORIENTED_EDGE ( 'NONE', *, *, #1717, .T. ) ;
#994 = VECTOR ( 'NONE', #3319, 1000.000000000000114 ) ;
#995 = DIRECTION ( 'NONE',  ( 0.000000000000000000, -0.000000000000000000, 1.000000000000000000 ) ) ;
#996 = VERTEX_POINT ( 'NONE', #3082 ) ;
#997 = FACE_BOUND ( 'NONE', #1724, .T. ) ;
#998 = CARTESIAN_POINT ( 'NONE',  ( 55.24511320246803336, 59.97470916941927044, 4.000000000000000000 ) ) ;
#999 = VECTOR ( 'NONE', #1344, 1000.000000000000000 ) ;
#1000 = VECTOR ( 'NONE', #2103, 1000.000000000000000 ) ;
#1001 = VERTEX_POINT ( 'NONE', #1393 ) ;
#1002 = AXIS2_PLACEMENT_3D ( 'NONE', #2945, #276, #22 ) ;
#1003 = CARTESIAN_POINT ( 'NONE',  ( 18.61060500309818977, 30.68592075184099599, 1.109999999999998099 ) ) ;
#1004 = EDGE_LOOP ( 'NONE', ( #1560, #3022, #3688, #1829, #2663, #170, #1243, #2441 ) ) ;
#1005 = VERTEX_POINT ( 'NONE', #1939 ) ;
#1006 = DIRECTION ( 'NONE',  ( 0.000000000000000000, 0.000000000000000000, 1.000000000000000000 ) ) ;
#1007 = DIRECTION ( 'NONE',  ( -0.000000000000000000, -0.000000000000000000, -1.000000000000000000 ) ) ;
#1008 = EDGE_CURVE ( 'NONE', #2179, #2582, #456, .T. ) ;
#1009 = EDGE_CURVE ( 'NONE', #2984, #3211, #1647, .T. ) ;
#1010 = DIRECTION ( 'NONE',  ( -0.000000000000000000, -0.000000000000000000, -1.000000000000000000 ) ) ;
#1011 = LINE ( 'NONE', #3406, #3404 ) ;
#1012 = DIRECTION ( 'NONE',  ( -1.000000000000000000, 0.000000000000000000, 0.000000000000000000 ) ) ;
#1013 = ORIENTED_EDGE ( 'NONE', *, *, #1958, .T. ) ;
#1014 = CARTESIAN_POINT ( 'NONE',  ( 65.74084972657725245, 30.61190122397092495, 1.109997883926998163 ) ) ;
#1015 = DIRECTION ( 'NONE',  ( -0.000000000000000000, 1.000000000000000000, 0.000000000000000000 ) ) ;
#1016 = CARTESIAN_POINT ( 'NONE',  ( 5.000000000000896172, 54.01736618697488979, 0.000000000000000000 ) ) ;
#1017 = EDGE_CURVE ( 'NONE', #2984, #2827, #213, .T. ) ;
#1018 = ORIENTED_EDGE ( 'NONE', *, *, #2501, .F. ) ;
#1019 = ORIENTED_EDGE ( 'NONE', *, *, #76, .F. ) ;
#1020 = EDGE_CURVE ( 'NONE', #755, #97, #638, .T. ) ;
#1021 = LINE ( 'NONE', #1592, #885 ) ;
#1022 = DIRECTION ( 'NONE',  ( -0.000000000000000000, -0.000000000000000000, -1.000000000000000000 ) ) ;
#1023 = CARTESIAN_POINT ( 'NONE',  ( 78.02831089662203112, 12.45999491999002373, 10.00000000000000000 ) ) ;
#1024 = ORIENTED_EDGE ( 'NONE', *, *, #2293, .T. ) ;
#1025 = ORIENTED_EDGE ( 'NONE', *, *, #1839, .F. ) ;
#1026 = EDGE_CURVE ( 'NONE', #1682, #575, #3389, .T. ) ;
#1027 = CARTESIAN_POINT ( 'NONE',  ( 40.83180065388673796, 43.69286487643512373, 3.399999999999983036 ) ) ;
#1028 = FACE_OUTER_BOUND ( 'NONE', #3038, .T. ) ;
#1029 = LINE ( 'NONE', #724, #1752 ) ;
#1030 = PRODUCT_CONTEXT ( 'NONE', #2991, 'mechanical' ) ;
#1031 = DIRECTION ( 'NONE',  ( -0.9999999804318064900, 0.0001978291858416224790, 0.000000000000000000 ) ) ;
#1032 = PLANE ( 'NONE',  #1353 ) ;
#1033 = ORIENTED_EDGE ( 'NONE', *, *, #1674, .T. ) ;
#1034 = CARTESIAN_POINT ( 'NONE',  ( 10.58880365760802356, 8.415085090169998949, 10.00000000000000000 ) ) ;
#1035 = DIRECTION ( 'NONE',  ( 1.000000000000000000, 0.000000000000000000, 0.000000000000000000 ) ) ;
#1036 = VERTEX_POINT ( 'NONE', #2275 ) ;
#1037 = EDGE_CURVE ( 'NONE', #3340, #3656, #729, .T. ) ;
#1038 = DIRECTION ( 'NONE',  ( -0.7071067811865472397, -0.7071067811865479058, 0.000000000000000000 ) ) ;
#1039 = ORIENTED_EDGE ( 'NONE', *, *, #2718, .F. ) ;
#1040 = VECTOR ( 'NONE', #2898, 1000.000000000000000 ) ;
#1041 = CARTESIAN_POINT ( 'NONE',  ( 78.03203064794003296, 52.35311032234201889, 0.000000000000000000 ) ) ;
#1042 = ADVANCED_BREP_SHAPE_REPRESENTATION ( '\X2\63a565367aef656370ed\X0\-\X2\5149\X0\', ( #2768, #2486 ), #3177 ) ;
#1043 = VECTOR ( 'NONE', #3631, 1000.000000000000000 ) ;
#1044 = EDGE_CURVE ( 'NONE', #1800, #2127, #3761, .T. ) ;
#1045 = CARTESIAN_POINT ( 'NONE',  ( 5.000000000000530243, 33.46289289354402285, 10.00000000000000000 ) ) ;
#1046 = CARTESIAN_POINT ( 'NONE',  ( 5.871324698771779538, 34.33421759231527659, 6.000000000000000000 ) ) ;
#1047 = ORIENTED_EDGE ( 'NONE', *, *, #3470, .F. ) ;
#1048 = ORIENTED_EDGE ( 'NONE', *, *, #991, .T. ) ;
#1049 = AXIS2_PLACEMENT_3D ( 'NONE', #1648, #2276, #2296 ) ;
#1050 = LINE ( 'NONE', #1339, #1543 ) ;
#1051 = CARTESIAN_POINT ( 'NONE',  ( 78.02714841169105853, -0.007275480624097108162, 4.000000000000000000 ) ) ;
#1052 = LINE ( 'NONE', #2246, #2744 ) ;
#1053 = VECTOR ( 'NONE', #3269, 1000.000000000000000 ) ;
#1054 = DIRECTION ( 'NONE',  ( -0.000000000000000000, -0.000000000000000000, -1.000000000000000000 ) ) ;
#1055 = EDGE_CURVE ( 'NONE', #1738, #3738, #2834, .T. ) ;
#1056 = EDGE_LOOP ( 'NONE', ( #3011, #3133, #3049, #783 ) ) ;
#1057 = PLANE ( 'NONE',  #2882 ) ;
#1058 = CARTESIAN_POINT ( 'NONE',  ( 6.992565577374029395, 5.000000000000023093, 10.00000000000000000 ) ) ;
#1059 = LINE ( 'NONE', #2836, #682 ) ;
#1060 = CARTESIAN_POINT ( 'NONE',  ( 55.42884860408193504, 24.35317541498459448, 10.00000000000000000 ) ) ;
#1061 = VERTEX_POINT ( 'NONE', #1626 ) ;
#1062 = ORIENTED_EDGE ( 'NONE', *, *, #1433, .T. ) ;
#1063 = AXIS2_PLACEMENT_3D ( 'NONE', #539, #1726, #2053 ) ;
#1064 = DIRECTION ( 'NONE',  ( 1.000000000000000000, -0.000000000000000000, -0.000000000000000000 ) ) ;
#1065 = VECTOR ( 'NONE', #889, 1000.000000000000114 ) ;
#1066 = CARTESIAN_POINT ( 'NONE',  ( 65.74084972657725245, 30.61190122397092495, 3.399999999999968825 ) ) ;
#1067 = CARTESIAN_POINT ( 'NONE',  ( 4.999999999999900524, -9.367506770274758310E-14, 4.000000000000000000 ) ) ;
#1068 = VERTEX_POINT ( 'NONE', #1327 ) ;
#1069 = ORIENTED_EDGE ( 'NONE', *, *, #1893, .T. ) ;
#1070 = VECTOR ( 'NONE', #1828, 1000.000000000000000 ) ;
#1071 = LINE ( 'NONE', #450, #919 ) ;
#1072 = CARTESIAN_POINT ( 'NONE',  ( 73.34807733323548007, 40.95871309031685570, 5.000000000000000000 ) ) ;
#1073 = PRODUCT_DEFINITION_CONTEXT ( 'detailed design', #1469, 'design' ) ;
#1074 = ORIENTED_EDGE ( 'NONE', *, *, #1884, .F. ) ;
#1075 = EDGE_CURVE ( 'NONE', #3364, #684, #1099, .T. ) ;
#1076 = CARTESIAN_POINT ( 'NONE',  ( 24.39487291362403099, 59.35339717067414256, 6.000000000000000000 ) ) ;
#1077 = CARTESIAN_POINT ( 'NONE',  ( 18.61060500309818977, 24.68592075184099954, 1.109999999999998099 ) ) ;
#1078 = EDGE_LOOP ( 'NONE', ( #194, #1109, #830, #1783 ) ) ;
#1079 = DIRECTION ( 'NONE',  ( 1.000000000000000000, 1.317956502048527864E-15, 0.000000000000000000 ) ) ;
#1080 = DIRECTION ( 'NONE',  ( 0.7071067811867248754, -0.7071067811863702701, 0.000000000000000000 ) ) ;
#1081 = LINE ( 'NONE', #3455, #3477 ) ;
#1082 = EDGE_CURVE ( 'NONE', #2948, #651, #752, .T. ) ;
#1083 = LINE ( 'NONE', #2567, #3308 ) ;
#1084 = ORIENTED_EDGE ( 'NONE', *, *, #3816, .F. ) ;
#1085 = LINE ( 'NONE', #509, #1363 ) ;
#1086 = ORIENTED_EDGE ( 'NONE', *, *, #1458, .T. ) ;
#1087 = CARTESIAN_POINT ( 'NONE',  ( 53.48264078761654616, 52.77490806565516834, 6.000000000000000000 ) ) ;
#1088 = CARTESIAN_POINT ( 'NONE',  ( 55.24511320246803336, 59.97470916941927044, 10.00000000000000000 ) ) ;
#1089 = CARTESIAN_POINT ( 'NONE',  ( 36.63180065388673512, 43.69286487643512373, 3.399999999999983036 ) ) ;
#1090 = DIRECTION ( 'NONE',  ( -0.7071067811865607844, 1.401868266681968552E-15, 0.7071067811865342501 ) ) ;
#1091 = ORIENTED_EDGE ( 'NONE', *, *, #1485, .F. ) ;
#1092 = VERTEX_POINT ( 'NONE', #1034 ) ;
#1093 = CARTESIAN_POINT ( 'NONE',  ( 10.27348423527721799, 45.25038475940630889, 6.000000000000000000 ) ) ;
#1094 = DIRECTION ( 'NONE',  ( -1.000000000000000000, 0.000000000000000000, 0.000000000000000000 ) ) ;
#1095 = EDGE_LOOP ( 'NONE', ( #911, #1638, #2457, #3772 ) ) ;
#1096 = LINE ( 'NONE', #1955, #971 ) ;
#1097 = FACE_OUTER_BOUND ( 'NONE', #2147, .T. ) ;
#1098 = CARTESIAN_POINT ( 'NONE',  ( 7.337836594548965863, -7.337836594548863722, 10.00000000000000000 ) ) ;
#1099 = LINE ( 'NONE', #166, #3556 ) ;
#1100 = LINE ( 'NONE', #191, #502 ) ;
#1101 = CARTESIAN_POINT ( 'NONE',  ( 30.54606450874868173, -30.54606450874760171, 0.000000000000000000 ) ) ;
#1102 = VERTEX_POINT ( 'NONE', #1306 ) ;
#1103 = EDGE_LOOP ( 'NONE', ( #2286, #1145, #3484, #114 ) ) ;
#1104 = DIRECTION ( 'NONE',  ( -0.000000000000000000, 0.000000000000000000, 1.000000000000000000 ) ) ;
#1105 = DIRECTION ( 'NONE',  ( 0.000000000000000000, 0.7071067811865556774, 0.7071067811865393571 ) ) ;
#1106 = DIRECTION ( 'NONE',  ( 5.782411586589358625E-16, 1.000000000000000000, 0.000000000000000000 ) ) ;
#1107 = VECTOR ( 'NONE', #2736, 999.9999999999998863 ) ;
#1108 = ORIENTED_EDGE ( 'NONE', *, *, #928, .F. ) ;
#1109 = ORIENTED_EDGE ( 'NONE', *, *, #1477, .T. ) ;
#1110 = LINE ( 'NONE', #1459, #2306 ) ;
#1111 = AXIS2_PLACEMENT_3D ( 'NONE', #284, #832, #1154 ) ;
#1112 = EDGE_CURVE ( 'NONE', #3414, #2433, #2230, .T. ) ;
#1113 = CARTESIAN_POINT ( 'NONE',  ( 78.03203064794003296, 52.35311032234201889, 10.00099999999999945 ) ) ;
#1114 = ORIENTED_EDGE ( 'NONE', *, *, #3808, .T. ) ;
#1115 = VECTOR ( 'NONE', #2544, 1000.000000000000114 ) ;
#1116 = DIRECTION ( 'NONE',  ( 0.000000000000000000, -0.000000000000000000, -1.000000000000000000 ) ) ;
#1117 = DIRECTION ( 'NONE',  ( -1.000000000000000000, 0.000000000000000000, 0.000000000000000000 ) ) ;
#1118 = VECTOR ( 'NONE', #2841, 1000.000000000000000 ) ;
#1119 = CARTESIAN_POINT ( 'NONE',  ( 0.000000000000000000, 12.01402484683418415, 4.000000000000000000 ) ) ;
#1120 = LINE ( 'NONE', #835, #2189 ) ;
#1121 = DIRECTION ( 'NONE',  ( -1.000000000000000000, 0.000000000000000000, 0.000000000000000000 ) ) ;
#1122 = ADVANCED_FACE ( 'NONE', ( #3411 ), #1057, .T. ) ;
#1123 = EDGE_LOOP ( 'NONE', ( #3791, #476 ) ) ;
#1124 = VECTOR ( 'NONE', #3781, 1000.000000000000000 ) ;
#1125 = ORIENTED_EDGE ( 'NONE', *, *, #1214, .F. ) ;
#1126 = FACE_OUTER_BOUND ( 'NONE', #2384, .T. ) ;
#1127 = PLANE ( 'NONE',  #2797 ) ;
#1128 = CARTESIAN_POINT ( 'NONE',  ( 54.42884860408192793, 27.75317541498460372, 10.00000000000000000 ) ) ;
#1129 = VECTOR ( 'NONE', #3131, 1000.000000000000000 ) ;
#1130 = ORIENTED_EDGE ( 'NONE', *, *, #1524, .F. ) ;
#1131 = VERTEX_POINT ( 'NONE', #1489 ) ;
#1132 = EDGE_CURVE ( 'NONE', #1436, #158, #2042, .T. ) ;
#1133 = VECTOR ( 'NONE', #773, 1000.000000000000000 ) ;
#1134 = CARTESIAN_POINT ( 'NONE',  ( 41.43180065388673938, 38.09286487643512231, 4.000000000000000000 ) ) ;
#1135 = DIRECTION ( 'NONE',  ( -0.5773502691896212902, -0.5773502691896212902, 0.5773502691896346128 ) ) ;
#1136 = VECTOR ( 'NONE', #1161, 1000.000000000000000 ) ;
#1137 = VERTEX_POINT ( 'NONE', #1141 ) ;
#1138 = DIRECTION ( 'NONE',  ( -0.7071067811863814834, -0.7071067811867136621, 0.000000000000000000 ) ) ;
#1139 = DIRECTION ( 'NONE',  ( -0.000000000000000000, -0.000000000000000000, -1.000000000000000000 ) ) ;
#1140 = LINE ( 'NONE', #2587, #3792 ) ;
#1141 = CARTESIAN_POINT ( 'NONE',  ( 5.000000000000030198, 6.992565577373023977, 10.00000000000000000 ) ) ;
#1142 = DIRECTION ( 'NONE',  ( 0.000000000000000000, -1.000000000000000000, 0.000000000000000000 ) ) ;
#1143 = ORIENTED_EDGE ( 'NONE', *, *, #2669, .F. ) ;
#1144 = EDGE_CURVE ( 'NONE', #2029, #3531, #2443, .T. ) ;
#1145 = ORIENTED_EDGE ( 'NONE', *, *, #2962, .F. ) ;
#1146 = DIRECTION ( 'NONE',  ( 0.000000000000000000, -1.000000000000000000, 0.000000000000000000 ) ) ;
#1147 = EDGE_CURVE ( 'NONE', #3090, #3328, #3512, .T. ) ;
#1148 = ORIENTED_EDGE ( 'NONE', *, *, #2214, .T. ) ;
#1149 = ORIENTED_EDGE ( 'NONE', *, *, #1599, .F. ) ;
#1150 = DIRECTION ( 'NONE',  ( -1.000000000000000000, 0.000000000000000000, -0.000000000000000000 ) ) ;
#1151 = CARTESIAN_POINT ( 'NONE',  ( 0.000000000000000000, 0.000000000000000000, 10.00000000000000000 ) ) ;
#1152 = ORIENTED_EDGE ( 'NONE', *, *, #2628, .F. ) ;
#1153 = DIRECTION ( 'NONE',  ( 0.000000000000000000, -1.000000000000000000, 0.000000000000000000 ) ) ;
#1154 = DIRECTION ( 'NONE',  ( -1.000000000000000000, 1.652117596168386770E-15, 0.000000000000000000 ) ) ;
#1155 = DIRECTION ( 'NONE',  ( 0.000000000000000000, 1.000000000000000000, 0.000000000000000000 ) ) ;
#1156 = DIRECTION ( 'NONE',  ( 1.000000000000000000, -0.000000000000000000, 0.000000000000000000 ) ) ;
#1157 = LINE ( 'NONE', #1749, #3306 ) ;
#1158 = LINE ( 'NONE', #3225, #1312 ) ;
#1159 = EDGE_LOOP ( 'NONE', ( #3616, #2361, #1298, #1852 ) ) ;
#1160 = VERTEX_POINT ( 'NONE', #3820 ) ;
#1161 = DIRECTION ( 'NONE',  ( 0.000000000000000000, -1.000000000000000000, 0.000000000000000000 ) ) ;
#1162 = ADVANCED_FACE ( 'NONE', ( #3224 ), #2972, .F. ) ;
#1163 = VERTEX_POINT ( 'NONE', #3548 ) ;
#1164 = ORIENTED_EDGE ( 'NONE', *, *, #455, .F. ) ;
#1165 = LINE ( 'NONE', #537, #253 ) ;
#1166 = EDGE_CURVE ( 'NONE', #2181, #1980, #2645, .T. ) ;
#1167 = LINE ( 'NONE', #2036, #262 ) ;
#1168 = ORIENTED_EDGE ( 'NONE', *, *, #1182, .T. ) ;
#1169 = VECTOR ( 'NONE', #986, 1000.000000000000000 ) ;
#1170 = PLANE ( 'NONE',  #1285 ) ;
#1171 = DIRECTION ( 'NONE',  ( 0.7071067811865492381, -0.7071067811865457964, 0.000000000000000000 ) ) ;
#1172 = CARTESIAN_POINT ( 'NONE',  ( 30.61060500309818622, 24.68592075184099954, 1.109999999999998099 ) ) ;
#1173 = VECTOR ( 'NONE', #429, 1000.000000000000000 ) ;
#1174 = CARTESIAN_POINT ( 'NONE',  ( 18.61060500309818977, 30.68592075184099599, 3.399999999999983036 ) ) ;
#1175 = LINE ( 'NONE', #3783, #388 ) ;
#1176 = LINE ( 'NONE', #2374, #2813 ) ;
#1177 = VECTOR ( 'NONE', #1346, 1000.000000000000000 ) ;
#1178 = ORIENTED_EDGE ( 'NONE', *, *, #1009, .T. ) ;
#1179 = VECTOR ( 'NONE', #2589, 1000.000000000000000 ) ;
#1180 = ORIENTED_EDGE ( 'NONE', *, *, #2890, .T. ) ;
#1181 = PLANE ( 'NONE',  #2571 ) ;
#1182 = EDGE_CURVE ( 'NONE', #755, #473, #2083, .T. ) ;
#1183 = VECTOR ( 'NONE', #2679, 1000.000000000000000 ) ;
#1184 = ORIENTED_EDGE ( 'NONE', *, *, #2724, .T. ) ;
#1185 = VECTOR ( 'NONE', #2061, 1000.000000000000000 ) ;
#1186 = VECTOR ( 'NONE', #2600, 1000.000000000000000 ) ;
#1187 = CARTESIAN_POINT ( 'NONE',  ( 63.88585078461365896, 23.61190122397092495, -0.7450010580365385993 ) ) ;
#1188 = ORIENTED_EDGE ( 'NONE', *, *, #3377, .F. ) ;
#1189 = EDGE_CURVE ( 'NONE', #104, #1163, #1157, .T. ) ;
#1190 = EDGE_LOOP ( 'NONE', ( #2631, #2637, #421, #2719 ) ) ;
#1191 = AXIS2_PLACEMENT_3D ( 'NONE', #930, #1536, #2126 ) ;
#1192 = CARTESIAN_POINT ( 'NONE',  ( 73.34807733323548007, 40.95871309031685570, 5.000000000000000000 ) ) ;
#1193 = CARTESIAN_POINT ( 'NONE',  ( 40.83180065388673796, 38.69286487643512373, 3.399999999999983036 ) ) ;
#1194 = CARTESIAN_POINT ( 'NONE',  ( 41.42884860408194214, 24.35317541498458738, 4.000000000000000000 ) ) ;
#1195 = VECTOR ( 'NONE', #3263, 1000.000000000000227 ) ;
#1196 = DIRECTION ( 'NONE',  ( 0.000000000000000000, -1.000000000000000000, -0.000000000000000000 ) ) ;
#1197 = DIRECTION ( 'NONE',  ( 0.000000000000000000, 0.000000000000000000, -1.000000000000000000 ) ) ;
#1198 = ADVANCED_FACE ( 'NONE', ( #3569, #867 ), #2355, .T. ) ;
#1199 = FACE_OUTER_BOUND ( 'NONE', #2974, .T. ) ;
#1200 = VECTOR ( 'NONE', #2469, 1000.000000000000000 ) ;
#1201 = ORIENTED_EDGE ( 'NONE', *, *, #2966, .F. ) ;
#1202 = DIRECTION ( 'NONE',  ( -1.000000000000000000, 0.000000000000000000, 0.000000000000000000 ) ) ;
#1203 = ORIENTED_EDGE ( 'NONE', *, *, #861, .T. ) ;
#1204 = LINE ( 'NONE', #3557, #1706 ) ;
#1205 = ORIENTED_EDGE ( 'NONE', *, *, #886, .F. ) ;
#1206 = CARTESIAN_POINT ( 'NONE',  ( 73.15243468099103552, 20.03231731485909961, 10.00099999999999945 ) ) ;
#1207 = ORIENTED_EDGE ( 'NONE', *, *, #1472, .T. ) ;
#1208 = ORIENTED_EDGE ( 'NONE', *, *, #2601, .F. ) ;
#1209 = DIRECTION ( 'NONE',  ( 0.000000000000000000, -0.000000000000000000, 1.000000000000000000 ) ) ;
#1210 = CARTESIAN_POINT ( 'NONE',  ( 11.68769779765031025, 0.000000000000000000, 4.000000000000000000 ) ) ;
#1211 = EDGE_CURVE ( 'NONE', #3128, #996, #1715, .T. ) ;
#1212 = LINE ( 'NONE', #1838, #2004 ) ;
#1213 = EDGE_CURVE ( 'NONE', #129, #184, #1412, .T. ) ;
#1214 = EDGE_CURVE ( 'NONE', #1163, #2592, #3528, .T. ) ;
#1215 = ORIENTED_EDGE ( 'NONE', *, *, #2671, .F. ) ;
#1216 = LINE ( 'NONE', #3335, #994 ) ;
#1217 = ORIENTED_EDGE ( 'NONE', *, *, #3576, .F. ) ;
#1218 = CARTESIAN_POINT ( 'NONE',  ( 64.56983569344401985, 40.61884720954800088, 0.3999999999999975797 ) ) ;
#1219 = DIRECTION ( 'NONE',  ( -0.000000000000000000, 0.000000000000000000, -1.000000000000000000 ) ) ;
#1220 = EDGE_CURVE ( 'NONE', #3398, #2451, #3244, .T. ) ;
#1221 = ORIENTED_EDGE ( 'NONE', *, *, #1189, .F. ) ;
#1222 = EDGE_CURVE ( 'NONE', #1867, #3398, #585, .T. ) ;
#1223 = DIRECTION ( 'NONE',  ( -0.000000000000000000, -0.000000000000000000, 1.000000000000000000 ) ) ;
#1224 = ORIENTED_EDGE ( 'NONE', *, *, #1147, .F. ) ;
#1225 = ORIENTED_EDGE ( 'NONE', *, *, #2832, .T. ) ;
#1226 = CARTESIAN_POINT ( 'NONE',  ( 12.01402484683469041, 10.59981128446109366, 4.000000000000000000 ) ) ;
#1227 = LINE ( 'NONE', #1854, #1290 ) ;
#1228 = CARTESIAN_POINT ( 'NONE',  ( 79.97474980950003953, 10.50829548434902350, 10.00099999999999945 ) ) ;
#1229 = AXIS2_PLACEMENT_3D ( 'NONE', #2204, #433, #2538 ) ;
#1230 = FACE_OUTER_BOUND ( 'NONE', #3718, .T. ) ;
#1231 = VERTEX_POINT ( 'NONE', #1767 ) ;
#1232 = LINE ( 'NONE', #1529, #2878 ) ;
#1233 = ORIENTED_EDGE ( 'NONE', *, *, #3519, .T. ) ;
#1234 = CARTESIAN_POINT ( 'NONE',  ( 79.97474980950003953, 10.50829548434902350, 10.00099999999999945 ) ) ;
#1235 = VECTOR ( 'NONE', #332, 1000.000000000000000 ) ;
#1236 = PLANE ( 'NONE',  #331 ) ;
#1237 = VECTOR ( 'NONE', #1328, 1000.000000000000000 ) ;
#1238 = ORIENTED_EDGE ( 'NONE', *, *, #2281, .F. ) ;
#1239 = EDGE_CURVE ( 'NONE', #2685, #1704, #1780, .T. ) ;
#1240 = DIRECTION ( 'NONE',  ( -0.7071067811865457964, 0.7071067811865492381, 0.000000000000000000 ) ) ;
#1241 = AXIS2_PLACEMENT_3D ( 'NONE', #916, #3295, #1662 ) ;
#1242 = ORIENTED_EDGE ( 'NONE', *, *, #1391, .T. ) ;
#1243 = ORIENTED_EDGE ( 'NONE', *, *, #1772, .T. ) ;
#1244 = EDGE_CURVE ( 'NONE', #3422, #1682, #287, .T. ) ;
#1245 = DIRECTION ( 'NONE',  ( -1.000000000000000000, 3.011203194556595896E-16, 0.000000000000000000 ) ) ;
#1246 = DIRECTION ( 'NONE',  ( 1.000000000000000000, 0.000000000000000000, 0.000000000000000000 ) ) ;
#1247 = CARTESIAN_POINT ( 'NONE',  ( 24.39487291362403099, 59.35339717067414256, 10.00000000000000000 ) ) ;
#1248 = CIRCLE ( 'NONE', #1874, 1.699999999999979305 ) ;
#1249 = EDGE_CURVE ( 'NONE', #2942, #3446, #1175, .T. ) ;
#1250 = LINE ( 'NONE', #920, #2505 ) ;
#1251 = VECTOR ( 'NONE', #759, 1000.000000000000000 ) ;
#1252 = PLANE ( 'NONE',  #1614 ) ;
#1253 = ORIENTED_EDGE ( 'NONE', *, *, #2477, .F. ) ;
#1254 = CARTESIAN_POINT ( 'NONE',  ( 79.97474980950003953, 54.29582948390102359, 10.00099999999999945 ) ) ;
#1255 = ORIENTED_EDGE ( 'NONE', *, *, #2753, .T. ) ;
#1256 = VECTOR ( 'NONE', #2398, 1000.000000000000000 ) ;
#1257 = DIRECTION ( 'NONE',  ( -0.7061519002946796686, 0.7080603743397965166, 0.000000000000000000 ) ) ;
#1258 = EDGE_CURVE ( 'NONE', #172, #3760, #1120, .T. ) ;
#1259 = ORIENTED_EDGE ( 'NONE', *, *, #1261, .F. ) ;
#1260 = DIRECTION ( 'NONE',  ( -0.000000000000000000, -0.000000000000000000, -1.000000000000000000 ) ) ;
#1261 = EDGE_CURVE ( 'NONE', #1231, #1350, #544, .T. ) ;
#1262 = CARTESIAN_POINT ( 'NONE',  ( 74.43211764624987836, 51.26230093957098433, 4.000000000000000000 ) ) ;
#1263 = ORIENTED_EDGE ( 'NONE', *, *, #1834, .T. ) ;
#1264 = ORIENTED_EDGE ( 'NONE', *, *, #243, .T. ) ;
#1265 = DIRECTION ( 'NONE',  ( 0.0001978291858416224519, 0.9999999804318063790, 0.000000000000000000 ) ) ;
#1266 = CARTESIAN_POINT ( 'NONE',  ( 73.34807733323548007, 45.95871309031685570, 5.000000000000000000 ) ) ;
#1267 = EDGE_CURVE ( 'NONE', #963, #1624, #980, .T. ) ;
#1268 = FACE_OUTER_BOUND ( 'NONE', #1667, .T. ) ;
#1269 = CARTESIAN_POINT ( 'NONE',  ( 64.56983569344401985, 40.61884720954800088, 3.399999999999996803 ) ) ;
#1270 = ORIENTED_EDGE ( 'NONE', *, *, #538, .T. ) ;
#1271 = LINE ( 'NONE', #2412, #14 ) ;
#1272 = ORIENTED_EDGE ( 'NONE', *, *, #1055, .F. ) ;
#1273 = FACE_OUTER_BOUND ( 'NONE', #3670, .T. ) ;
#1274 = PLANE ( 'NONE',  #3065 ) ;
#1275 = ORIENTED_EDGE ( 'NONE', *, *, #135, .T. ) ;
#1276 = ADVANCED_FACE ( 'NONE', ( #3360 ), #2802, .F. ) ;
#1277 = CARTESIAN_POINT ( 'NONE',  ( 10.58880365760802356, 56.44252476504900073, 0.000000000000000000 ) ) ;
#1278 = VERTEX_POINT ( 'NONE', #3378 ) ;
#1279 = ORIENTED_EDGE ( 'NONE', *, *, #3735, .T. ) ;
#1280 = LINE ( 'NONE', #3649, #1422 ) ;
#1281 = DIRECTION ( 'NONE',  ( -0.000000000000000000, -0.000000000000000000, -1.000000000000000000 ) ) ;
#1282 = CARTESIAN_POINT ( 'NONE',  ( 5.000000000000903277, 57.98214359204602175, 10.00099999999999945 ) ) ;
#1283 = DIRECTION ( 'NONE',  ( -5.782411586589351722E-16, 1.000000000000000000, 0.000000000000000000 ) ) ;
#1284 = ORIENTED_EDGE ( 'NONE', *, *, #1468, .F. ) ;
#1285 = AXIS2_PLACEMENT_3D ( 'NONE', #2676, #3208, #1409 ) ;
#1286 = CARTESIAN_POINT ( 'NONE',  ( 65.34807733323546586, 40.95871309031685570, 4.000000000000000000 ) ) ;
#1287 = EDGE_LOOP ( 'NONE', ( #2968, #2483, #2683, #3086, #3363, #2728, #3789, #3410, #1333, #3249 ) ) ;
#1288 = EDGE_CURVE ( 'NONE', #1102, #1494, #3073, .T. ) ;
#1289 = DIRECTION ( 'NONE',  ( -1.000000000000000000, 0.000000000000000000, 0.000000000000000000 ) ) ;
#1290 = VECTOR ( 'NONE', #987, 1000.000000000000000 ) ;
#1291 = AXIS2_PLACEMENT_3D ( 'NONE', #3356, #692, #1035 ) ;
#1292 = EDGE_LOOP ( 'NONE', ( #1019, #1471 ) ) ;
#1293 = EDGE_CURVE ( 'NONE', #1036, #1710, #1021, .T. ) ;
#1294 = CARTESIAN_POINT ( 'NONE',  ( 0.000000000000000000, 28.28980021391638289, 4.000000000000000000 ) ) ;
#1295 = VECTOR ( 'NONE', #300, 999.9999999999998863 ) ;
#1296 = CARTESIAN_POINT ( 'NONE',  ( 18.01060500309818835, 24.08592075184099457, 4.000000000000000000 ) ) ;
#1297 = EDGE_CURVE ( 'NONE', #2046, #1886, #717, .T. ) ;
#1298 = ORIENTED_EDGE ( 'NONE', *, *, #3436, .F. ) ;
#1299 = EDGE_LOOP ( 'NONE', ( #1374, #3223, #3155, #3253 ) ) ;
#1300 = CARTESIAN_POINT ( 'NONE',  ( 5.875044450089777825, 53.13706121412302252, 10.00099999999999945 ) ) ;
#1301 = FACE_OUTER_BOUND ( 'NONE', #67, .T. ) ;
#1302 = CLOSED_SHELL ( 'NONE', ( #3638, #1276, #2769, #2902, #2574, #3175, #1475, #1198, #2579, #1578, #2080, #2054, #719, #3571, #1817, #1516, #558, #1808, #413, #15, #704, #1507, #2416, #419, #910, #1574, #1901, #570, #3327, #1644, #947, #3559, #402, #609, #3030, #2691, #2158, #3205, #198, #1323, #2623, #121, #1575, #357, #945, #2982, #2245, #2132, #3248, #813, #233, #3285, #2378, #1315, #825, #1122, #768, #195, #2125, #1773, #293, #634, #1462, #385, #3146, #1998, #2837, #1902, #3137, #1913, #1875, #2786, #277, #2144, #2635, #1357, #3018, #2090, #2257, #3312, #588, #2524, #3753, #556, #1620, #2373, #2325, #3052, #3812, #3132, #1408, #896, #1661, #2270, #379, #1385, #873, #248, #2040, #179, #1162, #1728, #1781, #3511, #2610, #551, #120, #2546, #818, #1888, #228, #3652, #3495, #968, #648, #2035, #3642, #2961, #3826, #3428, #2742, #2419, #2615, #711, #3182, #1364 ) ) ;
#1303 = CARTESIAN_POINT ( 'NONE',  ( 65.34807733323546586, 45.95871309031685570, 5.000000000000000000 ) ) ;
#1304 = ORIENTED_EDGE ( 'NONE', *, *, #3485, .F. ) ;
#1305 = VECTOR ( 'NONE', #2892, 1000.000000000000000 ) ;
#1306 = CARTESIAN_POINT ( 'NONE',  ( 64.56983569344401985, 35.50332283157010949, 0.3999999999999941380 ) ) ;
#1307 = CARTESIAN_POINT ( 'NONE',  ( 58.06984934592702530, 40.61884720954800088, 0.3999999999999975797 ) ) ;
#1308 = DIRECTION ( 'NONE',  ( -1.000000000000000000, 0.000000000000000000, 0.000000000000000000 ) ) ;
#1309 = LINE ( 'NONE', #3765, #2260 ) ;
#1310 = VECTOR ( 'NONE', #3143, 1000.000000000000000 ) ;
#1311 = ORIENTED_EDGE ( 'NONE', *, *, #2865, .F. ) ;
#1312 = VECTOR ( 'NONE', #2958, 1000.000000000000000 ) ;
#1313 = VERTEX_POINT ( 'NONE', #2488 ) ;
#1314 = VECTOR ( 'NONE', #84, 1000.000000000000000 ) ;
#1315 = ADVANCED_FACE ( 'NONE', ( #3666 ), #423, .F. ) ;
#1316 = LINE ( 'NONE', #3107, #1118 ) ;
#1317 = PLANE ( 'NONE',  #3734 ) ;
#1318 = VERTEX_POINT ( 'NONE', #647 ) ;
#1319 = ORIENTED_EDGE ( 'NONE', *, *, #3441, .T. ) ;
#1320 = LINE ( 'NONE', #2268, #1173 ) ;
#1321 = CARTESIAN_POINT ( 'NONE',  ( 79.97474980949952794, 57.98214359204602175, 10.00099999999999945 ) ) ;
#1322 = DIRECTION ( 'NONE',  ( 0.7070197385735547124, -0.7071938130861881167, 0.000000000000000000 ) ) ;
#1323 = ADVANCED_FACE ( 'NONE', ( #1831 ), #1535, .T. ) ;
#1324 = CARTESIAN_POINT ( 'NONE',  ( 59.74084972657723824, 23.61190122397092495, 3.399999999999968825 ) ) ;
#1325 = DIRECTION ( 'NONE',  ( -0.7071067811865556774, 0.000000000000000000, 0.7071067811865393571 ) ) ;
#1326 = ORIENTED_EDGE ( 'NONE', *, *, #2266, .T. ) ;
#1327 = CARTESIAN_POINT ( 'NONE',  ( 36.63180065388673512, 38.69286487643513084, 3.399999999999983036 ) ) ;
#1328 = DIRECTION ( 'NONE',  ( 5.782411586589351722E-16, -1.000000000000000000, 0.000000000000000000 ) ) ;
#1329 = CARTESIAN_POINT ( 'NONE',  ( 12.01402484683469041, 5.000000000000022204, 4.000000000000000000 ) ) ;
#1330 = CARTESIAN_POINT ( 'NONE',  ( 25.52610449534172687, 52.77490806565516834, 4.000000000000000000 ) ) ;
#1331 = EDGE_LOOP ( 'NONE', ( #3355, #3067, #3526, #3318 ) ) ;
#1332 = CARTESIAN_POINT ( 'NONE',  ( 73.15243468099103552, 20.03231731485909961, 4.000000000000000000 ) ) ;
#1333 = ORIENTED_EDGE ( 'NONE', *, *, #326, .T. ) ;
#1334 = CARTESIAN_POINT ( 'NONE',  ( 41.42884860408194214, 26.75317541498458951, 10.00000000000000000 ) ) ;
#1335 = FACE_OUTER_BOUND ( 'NONE', #3076, .T. ) ;
#1336 = FACE_OUTER_BOUND ( 'NONE', #1473, .T. ) ;
#1337 = ORIENTED_EDGE ( 'NONE', *, *, #314, .F. ) ;
#1338 = ORIENTED_EDGE ( 'NONE', *, *, #2718, .T. ) ;
#1339 = CARTESIAN_POINT ( 'NONE',  ( 57.46984934592701677, 0.000000000000000000, 4.000000000000000000 ) ) ;
#1340 = LINE ( 'NONE', #3465, #424 ) ;
#1341 = PLANE ( 'NONE',  #3592 ) ;
#1342 = CARTESIAN_POINT ( 'NONE',  ( 64.56983569344401985, 40.61884720954800088, 3.399999999999996803 ) ) ;
#1343 = VERTEX_POINT ( 'NONE', #3105 ) ;
#1344 = DIRECTION ( 'NONE',  ( -1.982541115402065702E-15, -1.000000000000000000, 0.000000000000000000 ) ) ;
#1345 = DIRECTION ( 'NONE',  ( 0.5773502691896212902, -0.5773502691896212902, -0.5773502691896346128 ) ) ;
#1346 = DIRECTION ( 'NONE',  ( -0.000000000000000000, -0.000000000000000000, -1.000000000000000000 ) ) ;
#1347 = CARTESIAN_POINT ( 'NONE',  ( 64.59584866854075358, 23.61190122397092495, 2.254998941963440640 ) ) ;
#1348 = VERTEX_POINT ( 'NONE', #465 ) ;
#1349 = CARTESIAN_POINT ( 'NONE',  ( 6.992565577373027530, 59.97470916941908570, 10.00000000000000000 ) ) ;
#1350 = VERTEX_POINT ( 'NONE', #3442 ) ;
#1351 = AXIS2_PLACEMENT_3D ( 'NONE', #3423, #1659, #766 ) ;
#1352 = LINE ( 'NONE', #2549, #3613 ) ;
#1353 = AXIS2_PLACEMENT_3D ( 'NONE', #1666, #2850, #1367 ) ;
#1354 = DIRECTION ( 'NONE',  ( 0.000000000000000000, 1.000000000000000000, -0.000000000000000000 ) ) ;
#1355 = LINE ( 'NONE', #1067, #1305 ) ;
#1356 = EDGE_CURVE ( 'NONE', #1658, #2767, #798, .T. ) ;
#1357 = ADVANCED_FACE ( 'NONE', ( #1126 ), #3395, .F. ) ;
#1358 = ORIENTED_EDGE ( 'NONE', *, *, #3774, .F. ) ;
#1359 = EDGE_LOOP ( 'NONE', ( #1358, #348, #3464, #1272 ) ) ;
#1360 = VECTOR ( 'NONE', #519, 1000.000000000000000 ) ;
#1361 = LINE ( 'NONE', #744, #2360 ) ;
#1362 = DIRECTION ( 'NONE',  ( -1.000000000000000000, 3.469446951953610639E-15, 0.000000000000000000 ) ) ;
#1363 = VECTOR ( 'NONE', #1697, 1000.000000000000000 ) ;
#1364 = ADVANCED_FACE ( 'NONE', ( #2905 ), #1925, .F. ) ;
#1365 = ORIENTED_EDGE ( 'NONE', *, *, #1855, .F. ) ;
#1366 = DIRECTION ( 'NONE',  ( -0.000000000000000000, -0.000000000000000000, -1.000000000000000000 ) ) ;
#1367 = DIRECTION ( 'NONE',  ( 0.7071067811865472397, 0.7071067811865479058, 0.000000000000000000 ) ) ;
#1368 = EDGE_LOOP ( 'NONE', ( #2302, #1383 ) ) ;
#1369 = DIRECTION ( 'NONE',  ( -0.000000000000000000, -0.000000000000000000, -1.000000000000000000 ) ) ;
#1370 = VECTOR ( 'NONE', #3800, 1000.000000000000000 ) ;
#1371 = LINE ( 'NONE', #1917, #1179 ) ;
#1372 = FACE_OUTER_BOUND ( 'NONE', #3299, .T. ) ;
#1373 = LINE ( 'NONE', #1101, #138 ) ;
#1374 = ORIENTED_EDGE ( 'NONE', *, *, #2068, .F. ) ;
#1375 = CARTESIAN_POINT ( 'NONE',  ( 79.97474980950003953, 6.992565577373023977, 0.000000000000000000 ) ) ;
#1376 = ORIENTED_EDGE ( 'NONE', *, *, #3369, .F. ) ;
#1377 = VECTOR ( 'NONE', #1703, 1000.000000000000000 ) ;
#1378 = CARTESIAN_POINT ( 'NONE',  ( 78.02831089662203112, 12.45999491999002373, 0.000000000000000000 ) ) ;
#1379 = AXIS2_PLACEMENT_3D ( 'NONE', #443, #237, #512 ) ;
#1380 = DIRECTION ( 'NONE',  ( -0.000000000000000000, -1.000000000000000000, -0.000000000000000000 ) ) ;
#1381 = CARTESIAN_POINT ( 'NONE',  ( 0.000000000000000000, 0.000000000000000000, 6.000000000000000000 ) ) ;
#1382 = ORIENTED_EDGE ( 'NONE', *, *, #2148, .F. ) ;
#1383 = ORIENTED_EDGE ( 'NONE', *, *, #665, .F. ) ;
#1384 = VECTOR ( 'NONE', #149, 1000.000000000000000 ) ;
#1385 = ADVANCED_FACE ( 'NONE', ( #1700 ), #1967, .F. ) ;
#1386 = CARTESIAN_POINT ( 'NONE',  ( 5.871324698771779538, 34.33421759231527659, 6.000000000000000000 ) ) ;
#1387 = EDGE_CURVE ( 'NONE', #3173, #3218, #154, .T. ) ;
#1388 = DIRECTION ( 'NONE',  ( 0.000000000000000000, 0.000000000000000000, -1.000000000000000000 ) ) ;
#1389 = EDGE_LOOP ( 'NONE', ( #2156, #1617, #1646, #153, #256, #2437 ) ) ;
#1390 = CARTESIAN_POINT ( 'NONE',  ( 5.000000000000530243, 33.46289289354402285, 10.00099999999999945 ) ) ;
#1391 = EDGE_CURVE ( 'NONE', #3840, #557, #2262, .T. ) ;
#1392 = DIRECTION ( 'NONE',  ( -1.000000000000000000, 0.000000000000000000, 0.000000000000000000 ) ) ;
#1393 = CARTESIAN_POINT ( 'NONE',  ( 66.34084972657724677, 31.21190122397094413, 4.000000000000000000 ) ) ;
#1394 = CARTESIAN_POINT ( 'NONE',  ( 73.34807733323548007, 45.95871309031685570, 5.000000000000000000 ) ) ;
#1395 = DIRECTION ( 'NONE',  ( -0.7071067811863702701, -0.7071067811867248754, 0.000000000000000000 ) ) ;
#1396 = VERTEX_POINT ( 'NONE', #2573 ) ;
#1397 = VERTEX_POINT ( 'NONE', #1378 ) ;
#1398 = PLANE ( 'NONE',  #2382 ) ;
#1399 = CARTESIAN_POINT ( 'NONE',  ( 30.61060500309818622, 24.68592075184099954, 3.399999999999983036 ) ) ;
#1400 = FACE_OUTER_BOUND ( 'NONE', #1389, .T. ) ;
#1401 = ORIENTED_EDGE ( 'NONE', *, *, #1458, .F. ) ;
#1402 = EDGE_CURVE ( 'NONE', #2592, #552, #3749, .T. ) ;
#1403 = ORIENTED_EDGE ( 'NONE', *, *, #2735, .T. ) ;
#1404 = DIRECTION ( 'NONE',  ( 1.000000000000000000, -1.652117596168386770E-15, 0.000000000000000000 ) ) ;
#1405 = LINE ( 'NONE', #845, #3055 ) ;
#1406 = EDGE_CURVE ( 'NONE', #2154, #77, #2283, .T. ) ;
#1407 = ORIENTED_EDGE ( 'NONE', *, *, #1415, .F. ) ;
#1408 = ADVANCED_FACE ( 'NONE', ( #3705 ), #1398, .F. ) ;
#1409 = DIRECTION ( 'NONE',  ( -0.7071067811865350272, -0.7071067811865600072, 0.000000000000000000 ) ) ;
#1410 = CARTESIAN_POINT ( 'NONE',  ( 18.01060500309818835, 0.000000000000000000, 4.000000000000000000 ) ) ;
#1411 = LINE ( 'NONE', #1098, #1805 ) ;
#1412 = LINE ( 'NONE', #2936, #1630 ) ;
#1413 = CARTESIAN_POINT ( 'NONE',  ( 79.97474980949952794, 57.98214359204602175, 0.000000000000000000 ) ) ;
#1414 = ORIENTED_EDGE ( 'NONE', *, *, #2395, .T. ) ;
#1415 = EDGE_CURVE ( 'NONE', #735, #1639, #2304, .T. ) ;
#1416 = ORIENTED_EDGE ( 'NONE', *, *, #1293, .F. ) ;
#1417 = DIRECTION ( 'NONE',  ( -0.7071067811865462405, 0.7071067811865489050, 0.000000000000000000 ) ) ;
#1418 = LINE ( 'NONE', #307, #3489 ) ;
#1419 = VECTOR ( 'NONE', #3161, 1000.000000000000000 ) ;
#1420 = ORIENTED_EDGE ( 'NONE', *, *, #1830, .T. ) ;
#1421 = ORIENTED_EDGE ( 'NONE', *, *, #53, .T. ) ;
#1422 = VECTOR ( 'NONE', #2183, 1000.000000000000000 ) ;
#1423 = FACE_OUTER_BOUND ( 'NONE', #58, .T. ) ;
#1424 = EDGE_LOOP ( 'NONE', ( #2844, #96, #2102, #1739 ) ) ;
#1425 = VECTOR ( 'NONE', #2855, 1000.000000000000000 ) ;
#1426 = LINE ( 'NONE', #2622, #3530 ) ;
#1427 = LINE ( 'NONE', #864, #2857 ) ;
#1428 = EDGE_CURVE ( 'NONE', #550, #1397, #819, .T. ) ;
#1429 = VECTOR ( 'NONE', #1038, 999.9999999999998863 ) ;
#1430 = CARTESIAN_POINT ( 'NONE',  ( 76.16692151384303600, 56.44252476504900073, 0.000000000000000000 ) ) ;
#1431 = CARTESIAN_POINT ( 'NONE',  ( 23.73212781767187707, 57.66334277808476827, 4.000000000000000000 ) ) ;
#1432 = CARTESIAN_POINT ( 'NONE',  ( 5.000000000000903277, 54.01736618697488979, 10.00000000000000000 ) ) ;
#1433 = EDGE_CURVE ( 'NONE', #604, #2002, #531, .T. ) ;
#1434 = ORIENTED_EDGE ( 'NONE', *, *, #3332, .T. ) ;
#1435 = VECTOR ( 'NONE', #3584, 1000.000000000000000 ) ;
#1436 = VERTEX_POINT ( 'NONE', #2613 ) ;
#1437 = CARTESIAN_POINT ( 'NONE',  ( 32.14653210253800353, 0.000000000000000000, 0.9599999985689978699 ) ) ;
#1438 = EDGE_CURVE ( 'NONE', #1036, #2467, #2823, .T. ) ;
#1439 = VECTOR ( 'NONE', #95, 1000.000000000000000 ) ;
#1440 = ORIENTED_EDGE ( 'NONE', *, *, #301, .F. ) ;
#1441 = ORIENTED_EDGE ( 'NONE', *, *, #2168, .F. ) ;
#1442 = VECTOR ( 'NONE', #3121, 1000.000000000000000 ) ;
#1443 = LINE ( 'NONE', #2313, #1186 ) ;
#1444 = AXIS2_PLACEMENT_3D ( 'NONE', #548, #2089, #1736 ) ;
#1445 = ORIENTED_EDGE ( 'NONE', *, *, #2650, .F. ) ;
#1446 = FACE_OUTER_BOUND ( 'NONE', #709, .T. ) ;
#1447 = DIRECTION ( 'NONE',  ( -1.000000000000000000, 0.000000000000000000, 0.000000000000000000 ) ) ;
#1448 = DIRECTION ( 'NONE',  ( 0.000000000000000000, 0.000000000000000000, -1.000000000000000000 ) ) ;
#1449 = DIRECTION ( 'NONE',  ( 0.000000000000000000, 1.000000000000000000, 0.000000000000000000 ) ) ;
#1450 = EDGE_CURVE ( 'NONE', #1860, #172, #1947, .T. ) ;
#1451 = DIRECTION ( 'NONE',  ( -0.000000000000000000, -0.000000000000000000, -1.000000000000000000 ) ) ;
#1452 = ORIENTED_EDGE ( 'NONE', *, *, #2367, .T. ) ;
#1453 = EDGE_LOOP ( 'NONE', ( #612, #3265, #2442, #1616 ) ) ;
#1454 = EDGE_CURVE ( 'NONE', #201, #202, #1352, .T. ) ;
#1455 = DIRECTION ( 'NONE',  ( -0.9999999924245159821, 0.0001230892683140344564, 0.000000000000000000 ) ) ;
#1456 = VERTEX_POINT ( 'NONE', #572 ) ;
#1457 = ORIENTED_EDGE ( 'NONE', *, *, #673, .F. ) ;
#1458 = EDGE_CURVE ( 'NONE', #2980, #623, #2326, .T. ) ;
#1459 = CARTESIAN_POINT ( 'NONE',  ( 60.23651146176602111, 37.66998494740910530, 1.233337884160998987 ) ) ;
#1460 = DIRECTION ( 'NONE',  ( 0.5773502691896257311, -0.5773502691896257311, 0.5773502691896257311 ) ) ;
#1461 = ORIENTED_EDGE ( 'NONE', *, *, #696, .T. ) ;
#1462 = ADVANCED_FACE ( 'NONE', ( #2977 ), #1181, .T. ) ;
#1463 = PLANE ( 'NONE',  #679 ) ;
#1464 = LINE ( 'NONE', #1193, #3286 ) ;
#1465 = PLANE ( 'NONE',  #2990 ) ;
#1466 = DIRECTION ( 'NONE',  ( -0.5773502691896212902, -0.5773502691896212902, -0.5773502691896346128 ) ) ;
#1467 = DIRECTION ( 'NONE',  ( -1.000000000000000000, 0.000000000000000000, -0.000000000000000000 ) ) ;
#1468 = EDGE_CURVE ( 'NONE', #2648, #856, #1204, .T. ) ;
#1469 = APPLICATION_CONTEXT ( 'automotive_design' ) ;
#1470 = CARTESIAN_POINT ( 'NONE',  ( 12.07195935263212583, 55.33397611666537586, 0.000000000000000000 ) ) ;
#1471 = ORIENTED_EDGE ( 'NONE', *, *, #715, .F. ) ;
#1472 = EDGE_CURVE ( 'NONE', #1639, #3004, #333, .T. ) ;
#1473 = EDGE_LOOP ( 'NONE', ( #3500, #1977, #2858, #2805 ) ) ;
#1474 = DIRECTION ( 'NONE',  ( 0.7071067811865474617, -0.7071067811865474617, 0.000000000000000000 ) ) ;
#1475 = ADVANCED_FACE ( 'NONE', ( #2070, #2359 ), #3843, .T. ) ;
#1476 = ORIENTED_EDGE ( 'NONE', *, *, #155, .T. ) ;
#1477 = EDGE_CURVE ( 'NONE', #2827, #2179, #257, .T. ) ;
#1478 = VECTOR ( 'NONE', #1010, 1000.000000000000000 ) ;
#1479 = PLANE ( 'NONE',  #3187 ) ;
#1480 = EDGE_LOOP ( 'NONE', ( #3689, #1184, #1168, #1576 ) ) ;
#1481 = ORIENTED_EDGE ( 'NONE', *, *, #2879, .F. ) ;
#1482 = AXIS2_PLACEMENT_3D ( 'NONE', #2812, #144, #2586 ) ;
#1483 = CARTESIAN_POINT ( 'NONE',  ( 76.16692151384303600, 8.415085090169998949, 0.000000000000000000 ) ) ;
#1484 = LINE ( 'NONE', #3566, #3842 ) ;
#1485 = EDGE_CURVE ( 'NONE', #892, #275, #2379, .T. ) ;
#1486 = DIRECTION ( 'NONE',  ( -0.7071067811865457964, -0.7071067811865492381, 0.000000000000000000 ) ) ;
#1487 = AXIS2_PLACEMENT_3D ( 'NONE', #902, #2096, #1730 ) ;
#1488 = LINE ( 'NONE', #3243, #1799 ) ;
#1489 = CARTESIAN_POINT ( 'NONE',  ( 6.992565577373026642, 59.97470916941908570, 10.00000000000000000 ) ) ;
#1490 = CARTESIAN_POINT ( 'NONE',  ( 5.000000000000030198, 6.992565577373023977, 10.00099999999999945 ) ) ;
#1491 = VERTEX_POINT ( 'NONE', #3231 ) ;
#1492 = PLANE ( 'NONE',  #70 ) ;
#1493 = VECTOR ( 'NONE', #12, 1000.000000000000114 ) ;
#1494 = VERTEX_POINT ( 'NONE', #310 ) ;
#1495 = CARTESIAN_POINT ( 'NONE',  ( 31.54653210253800211, 28.88980021391638431, 4.000000000000000000 ) ) ;
#1496 = ORIENTED_EDGE ( 'NONE', *, *, #267, .T. ) ;
#1497 = EDGE_CURVE ( 'NONE', #1579, #1980, #606, .T. ) ;
#1498 = VECTOR ( 'NONE', #1223, 1000.000000000000000 ) ;
#1499 = DIRECTION ( 'NONE',  ( 0.000000000000000000, -1.000000000000000000, -0.000000000000000000 ) ) ;
#1500 = ORIENTED_EDGE ( 'NONE', *, *, #1985, .T. ) ;
#1501 = EDGE_LOOP ( 'NONE', ( #1757, #1217 ) ) ;
#1502 = VECTOR ( 'NONE', #1990, 1000.000000000000000 ) ;
#1503 = DIRECTION ( 'NONE',  ( 0.000000000000000000, 1.000000000000000000, 0.000000000000000000 ) ) ;
#1504 = PLANE ( 'NONE',  #1241 ) ;
#1505 = AXIS2_PLACEMENT_3D ( 'NONE', #2607, #3245, #836 ) ;
#1506 = DIRECTION ( 'NONE',  ( 6.369488388617203926E-16, -1.000000000000000000, 0.000000000000000000 ) ) ;
#1507 = ADVANCED_FACE ( 'NONE', ( #895 ), #1786, .F. ) ;
#1508 = PLANE ( 'NONE',  #141 ) ;
#1509 = VECTOR ( 'NONE', #2992, 1000.000000000000000 ) ;
#1510 = EDGE_LOOP ( 'NONE', ( #1270, #2341, #2020, #1326 ) ) ;
#1511 = DIRECTION ( 'NONE',  ( 0.000000000000000000, -0.000000000000000000, 1.000000000000000000 ) ) ;
#1512 = ORIENTED_EDGE ( 'NONE', *, *, #656, .F. ) ;
#1513 = CARTESIAN_POINT ( 'NONE',  ( 0.000000000000000000, 59.97470916941927044, 4.000000000000000000 ) ) ;
#1514 = ORIENTED_EDGE ( 'NONE', *, *, #3317, .T. ) ;
#1515 = DIRECTION ( 'NONE',  ( 0.7071067811865492381, 0.7071067811865457964, -0.000000000000000000 ) ) ;
#1516 = ADVANCED_FACE ( 'NONE', ( #840 ), #3216, .T. ) ;
#1517 = ORIENTED_EDGE ( 'NONE', *, *, #2266, .F. ) ;
#1518 = ORIENTED_EDGE ( 'NONE', *, *, #3151, .F. ) ;
#1519 = DIRECTION ( 'NONE',  ( 0.7071067811865474617, -0.7071067811865474617, -0.000000000000000000 ) ) ;
#1520 = DIRECTION ( 'NONE',  ( 0.5773502691896257311, -0.5773502691896257311, -0.5773502691896257311 ) ) ;
#1521 = CARTESIAN_POINT ( 'NONE',  ( 12.01402484683469041, 0.000000000000000000, 4.000000000000000000 ) ) ;
#1522 = EDGE_CURVE ( 'NONE', #3398, #1350, #2634, .T. ) ;
#1523 = CARTESIAN_POINT ( 'NONE',  ( 0.007098098182035939008, 57.66626307465578805, 4.000000000000000000 ) ) ;
#1524 = EDGE_CURVE ( 'NONE', #3840, #201, #2047, .T. ) ;
#1525 = DIRECTION ( 'NONE',  ( -1.000000000000000000, 0.000000000000000000, 0.000000000000000000 ) ) ;
#1526 = VERTEX_POINT ( 'NONE', #2649 ) ;
#1527 = EDGE_CURVE ( 'NONE', #1313, #932, #3534, .T. ) ;
#1528 = EDGE_CURVE ( 'NONE', #20, #2046, #3251, .T. ) ;
#1529 = CARTESIAN_POINT ( 'NONE',  ( 16.26968486712803141, 5.000000000000023093, 10.00000000000000000 ) ) ;
#1530 = EDGE_LOOP ( 'NONE', ( #383, #3302, #2976, #1996 ) ) ;
#1531 = FACE_OUTER_BOUND ( 'NONE', #1946, .T. ) ;
#1532 = LINE ( 'NONE', #2485, #3431 ) ;
#1533 = EDGE_CURVE ( 'NONE', #3531, #630, #2343, .T. ) ;
#1534 = ORIENTED_EDGE ( 'NONE', *, *, #3287, .F. ) ;
#1535 = PLANE ( 'NONE',  #3191 ) ;
#1536 = DIRECTION ( 'NONE',  ( 0.000000000000000000, 0.000000000000000000, -1.000000000000000000 ) ) ;
#1537 = VERTEX_POINT ( 'NONE', #3575 ) ;
#1538 = EDGE_LOOP ( 'NONE', ( #278, #3518, #145, #1188 ) ) ;
#1539 = CARTESIAN_POINT ( 'NONE',  ( 5.875044450089794701, 53.13706121412302252, 4.000000000000000000 ) ) ;
#1540 = EDGE_CURVE ( 'NONE', #1068, #3507, #3516, .T. ) ;
#1541 =( LENGTH_UNIT ( ) NAMED_UNIT ( * ) SI_UNIT ( .MILLI., .METRE. ) );
#1542 = LINE ( 'NONE', #615, #259 ) ;
#1543 = VECTOR ( 'NONE', #1597, 1000.000000000000000 ) ;
#1544 = CARTESIAN_POINT ( 'NONE',  ( 38.03180065388671238, 42.29286487643514647, 1.999999999999971356 ) ) ;
#1545 = AXIS2_PLACEMENT_3D ( 'NONE', #1618, #553, #2639 ) ;
#1546 = ORIENTED_EDGE ( 'NONE', *, *, #1477, .F. ) ;
#1547 = CARTESIAN_POINT ( 'NONE',  ( 7.188803657608023201, 8.415085090169998949, 10.00000000000000000 ) ) ;
#1548 = ORIENTED_EDGE ( 'NONE', *, *, #1239, .T. ) ;
#1549 = LINE ( 'NONE', #1234, #3172 ) ;
#1550 = VECTOR ( 'NONE', #3425, 1000.000000000000000 ) ;
#1551 = DIRECTION ( 'NONE',  ( -0.000000000000000000, -1.000000000000000000, -0.000000000000000000 ) ) ;
#1552 = EDGE_CURVE ( 'NONE', #3505, #27, #854, .T. ) ;
#1553 = EDGE_CURVE ( 'NONE', #856, #1456, #1532, .T. ) ;
#1554 = VECTOR ( 'NONE', #3836, 1000.000000000000000 ) ;
#1555 = ORIENTED_EDGE ( 'NONE', *, *, #3458, .F. ) ;
#1556 = DIRECTION ( 'NONE',  ( -0.000000000000000000, -0.000000000000000000, -1.000000000000000000 ) ) ;
#1557 = CARTESIAN_POINT ( 'NONE',  ( 79.97474980950003953, 6.992565577373023977, 0.000000000000000000 ) ) ;
#1558 = VECTOR ( 'NONE', #1460, 999.9999999999998863 ) ;
#1559 = ORIENTED_EDGE ( 'NONE', *, *, #99, .F. ) ;
#1560 = ORIENTED_EDGE ( 'NONE', *, *, #1748, .T. ) ;
#1561 = LINE ( 'NONE', #1539, #3035 ) ;
#1562 = CARTESIAN_POINT ( 'NONE',  ( 5.598883276209360105, -5.623704362613318075, 4.000000000000000000 ) ) ;
#1563 = FACE_OUTER_BOUND ( 'NONE', #2140, .T. ) ;
#1564 = VECTOR ( 'NONE', #878, 1000.000000000000000 ) ;
#1565 = PLANE ( 'NONE',  #334 ) ;
#1566 = VECTOR ( 'NONE', #2063, 1000.000000000000000 ) ;
#1567 = FACE_OUTER_BOUND ( 'NONE', #872, .T. ) ;
#1568 = VERTEX_POINT ( 'NONE', #3375 ) ;
#1569 = CARTESIAN_POINT ( 'NONE',  ( 5.000000000000122569, 12.01402484683418415, 4.000000000000000000 ) ) ;
#1570 = ORIENTED_EDGE ( 'NONE', *, *, #3071, .F. ) ;
#1571 = VECTOR ( 'NONE', #545, 1000.000000000000000 ) ;
#1572 = CARTESIAN_POINT ( 'NONE',  ( 10.59981128446159460, 12.01402484683418415, 4.000000000000000000 ) ) ;
#1573 = DIRECTION ( 'NONE',  ( 0.7070197385735585982, -0.7071938130861842309, 0.000000000000000000 ) ) ;
#1574 = ADVANCED_FACE ( 'NONE', ( #1865 ), #386, .F. ) ;
#1575 = ADVANCED_FACE ( 'NONE', ( #713 ), #2765, .T. ) ;
#1576 = ORIENTED_EDGE ( 'NONE', *, *, #2671, .T. ) ;
#1577 = CARTESIAN_POINT ( 'NONE',  ( 11.13621310223726013, 34.33421759231527659, 4.000000000000000000 ) ) ;
#1578 = ADVANCED_FACE ( 'NONE', ( #3322, #91 ), #1274, .T. ) ;
#1579 = VERTEX_POINT ( 'NONE', #998 ) ;
#1580 = ORIENTED_EDGE ( 'NONE', *, *, #292, .T. ) ;
#1581 = LINE ( 'NONE', #3274, #1675 ) ;
#1582 = CARTESIAN_POINT ( 'NONE',  ( 75.02984732797570189, 28.93771831048098520, 4.000000000000000000 ) ) ;
#1583 = EDGE_CURVE ( 'NONE', #2334, #2593, #2195, .T. ) ;
#1584 = CARTESIAN_POINT ( 'NONE',  ( 46.59237599792525231, 46.59237599792501072, 4.000000000000000000 ) ) ;
#1585 = EDGE_LOOP ( 'NONE', ( #5, #2668, #1518, #1224 ) ) ;
#1586 = DIRECTION ( 'NONE',  ( 0.000000000000000000, 1.000000000000000000, 0.000000000000000000 ) ) ;
#1587 = ORIENTED_EDGE ( 'NONE', *, *, #1244, .F. ) ;
#1588 = PLANE ( 'NONE',  #3407 ) ;
#1589 = CARTESIAN_POINT ( 'NONE',  ( 11.68769779765030847, 35.83617119703320952, 6.000000000000000000 ) ) ;
#1590 = EDGE_CURVE ( 'NONE', #3037, #1579, #2453, .T. ) ;
#1591 = ORIENTED_EDGE ( 'NONE', *, *, #1968, .F. ) ;
#1592 = CARTESIAN_POINT ( 'NONE',  ( 25.52610449534172687, 52.77490806565516834, 6.000000000000000000 ) ) ;
#1593 = EDGE_CURVE ( 'NONE', #2265, #3207, #3625, .T. ) ;
#1594 = CARTESIAN_POINT ( 'NONE',  ( 36.63180065388673512, 43.69286487643512373, 1.699885383662997906 ) ) ;
#1595 = EDGE_LOOP ( 'NONE', ( #389, #1500, #922, #137, #318 ) ) ;
#1596 = ORIENTED_EDGE ( 'NONE', *, *, #3657, .F. ) ;
#1597 = DIRECTION ( 'NONE',  ( 0.000000000000000000, -1.000000000000000000, 0.000000000000000000 ) ) ;
#1598 = CARTESIAN_POINT ( 'NONE',  ( 76.16692151384303600, 56.44252476504900073, 10.00099999999999945 ) ) ;
#1599 = EDGE_CURVE ( 'NONE', #1671, #3414, #1607, .T. ) ;
#1600 = PLANE ( 'NONE',  #1229 ) ;
#1601 = EDGE_CURVE ( 'NONE', #568, #651, #3085, .T. ) ;
#1602 = ORIENTED_EDGE ( 'NONE', *, *, #674, .F. ) ;
#1603 = VECTOR ( 'NONE', #3582, 1000.000000000000000 ) ;
#1604 = CARTESIAN_POINT ( 'NONE',  ( 65.74084972657725245, 30.61190122397092495, 1.109997883926998163 ) ) ;
#1605 = LINE ( 'NONE', #1394, #3098 ) ;
#1606 = DIRECTION ( 'NONE',  ( -0.000000000000000000, -0.000000000000000000, 1.000000000000000000 ) ) ;
#1607 = LINE ( 'NONE', #1896, #3804 ) ;
#1608 = MECHANICAL_DESIGN_GEOMETRIC_PRESENTATION_REPRESENTATION (  '', ( #3164 ), #3039 ) ;
#1609 = EDGE_CURVE ( 'NONE', #3340, #1842, #2799, .T. ) ;
#1610 = ORIENTED_EDGE ( 'NONE', *, *, #220, .F. ) ;
#1611 = AXIS2_PLACEMENT_3D ( 'NONE', #1999, #3486, #3520 ) ;
#1612 = ORIENTED_EDGE ( 'NONE', *, *, #2339, .T. ) ;
#1613 = LINE ( 'NONE', #1087, #55 ) ;
#1614 = AXIS2_PLACEMENT_3D ( 'NONE', #3352, #688, #1679 ) ;
#1615 = DIRECTION ( 'NONE',  ( -0.7100637267678131526, -0.7041374183556817767, 0.000000000000000000 ) ) ;
#1616 = ORIENTED_EDGE ( 'NONE', *, *, #3230, .F. ) ;
#1617 = ORIENTED_EDGE ( 'NONE', *, *, #2500, .T. ) ;
#1618 = CARTESIAN_POINT ( 'NONE',  ( 40.83180065388673796, 38.69286487643512373, 1.699885383662997906 ) ) ;
#1619 = LINE ( 'NONE', #1321, #3043 ) ;
#1620 = ADVANCED_FACE ( 'NONE', ( #1846 ), #693, .T. ) ;
#1621 = EDGE_CURVE ( 'NONE', #557, #684, #959, .T. ) ;
#1622 = DIRECTION ( 'NONE',  ( -5.782411586589358625E-16, -1.000000000000000000, 0.000000000000000000 ) ) ;
#1623 = FACE_OUTER_BOUND ( 'NONE', #2904, .T. ) ;
#1624 = VERTEX_POINT ( 'NONE', #3304 ) ;
#1625 = AXIS2_PLACEMENT_3D ( 'NONE', #3756, #806, #2000 ) ;
#1626 = CARTESIAN_POINT ( 'NONE',  ( 75.02984732797570189, 13.93771831048098697, 0.000000000000000000 ) ) ;
#1627 = CARTESIAN_POINT ( 'NONE',  ( 22.61060500309813293, 26.68592075184105994, -0.6000000000000474953 ) ) ;
#1628 = PLANE ( 'NONE',  #428 ) ;
#1629 = CARTESIAN_POINT ( 'NONE',  ( 65.34807733323546586, 45.95871309031685570, 4.000000000000000000 ) ) ;
#1630 = VECTOR ( 'NONE', #3212, 1000.000000000000000 ) ;
#1631 = EDGE_LOOP ( 'NONE', ( #3353, #1275, #2995, #3170 ) ) ;
#1632 = CARTESIAN_POINT ( 'NONE',  ( 5.000000000000030198, 6.992565577373023977, 10.00000000000000000 ) ) ;
#1633 = VECTOR ( 'NONE', #3476, 1000.000000000000114 ) ;
#1634 = EDGE_LOOP ( 'NONE', ( #3459, #57, #1130, #1242 ) ) ;
#1635 = DIRECTION ( 'NONE',  ( 0.000000000000000000, -0.000000000000000000, 1.000000000000000000 ) ) ;
#1636 = CARTESIAN_POINT ( 'NONE',  ( 16.26968486712803141, 5.000000000000023093, 10.00099999999999945 ) ) ;
#1637 = CARTESIAN_POINT ( 'NONE',  ( 65.34807733323546586, 45.95871309031685570, 5.000000000000000000 ) ) ;
#1638 = ORIENTED_EDGE ( 'NONE', *, *, #3578, .T. ) ;
#1639 = VERTEX_POINT ( 'NONE', #3591 ) ;
#1640 = DIRECTION ( 'NONE',  ( -0.000000000000000000, -0.000000000000000000, 1.000000000000000000 ) ) ;
#1641 = DIRECTION ( 'NONE',  ( -5.782411586589358625E-16, -1.000000000000000000, 0.000000000000000000 ) ) ;
#1642 = DIRECTION ( 'NONE',  ( -0.0001978291858416224519, -0.9999999804318063790, 0.000000000000000000 ) ) ;
#1643 = FACE_OUTER_BOUND ( 'NONE', #2773, .T. ) ;
#1644 = ADVANCED_FACE ( 'NONE', ( #2159 ), #401, .F. ) ;
#1645 = EDGE_CURVE ( 'NONE', #2046, #1526, #644, .T. ) ;
#1646 = ORIENTED_EDGE ( 'NONE', *, *, #3026, .F. ) ;
#1647 = LINE ( 'NONE', #1014, #2998 ) ;
#1648 = CARTESIAN_POINT ( 'NONE',  ( 11.13621310223726368, 34.33421759231528370, 6.000000000000000000 ) ) ;
#1649 = DIRECTION ( 'NONE',  ( 0.000000000000000000, 0.000000000000000000, 1.000000000000000000 ) ) ;
#1650 = LINE ( 'NONE', #754, #3194 ) ;
#1651 = ORIENTED_EDGE ( 'NONE', *, *, #879, .T. ) ;
#1652 = CARTESIAN_POINT ( 'NONE',  ( 40.83180065388673796, 38.69286487643512373, 3.399999999999983036 ) ) ;
#1653 = ORIENTED_EDGE ( 'NONE', *, *, #3317, .F. ) ;
#1654 = CARTESIAN_POINT ( 'NONE',  ( 73.34807733323548007, 45.95871309031685570, 4.000000000000000000 ) ) ;
#1655 = CARTESIAN_POINT ( 'NONE',  ( 77.86692151384302463, 8.415085090169998949, 0.000000000000000000 ) ) ;
#1656 = CARTESIAN_POINT ( 'NONE',  ( 11.68769779765030314, 43.83617119703320952, 4.000000000000000000 ) ) ;
#1657 = ORIENTED_EDGE ( 'NONE', *, *, #3470, .T. ) ;
#1658 = VERTEX_POINT ( 'NONE', #2723 ) ;
#1659 = DIRECTION ( 'NONE',  ( -1.000000000000000000, -6.369488388617202940E-16, 0.000000000000000000 ) ) ;
#1660 = LINE ( 'NONE', #1072, #309 ) ;
#1661 = ADVANCED_FACE ( 'NONE', ( #50 ), #1236, .F. ) ;
#1662 = DIRECTION ( 'NONE',  ( -0.000000000000000000, 1.000000000000000000, 0.000000000000000000 ) ) ;
#1663 = ORIENTED_EDGE ( 'NONE', *, *, #3199, .T. ) ;
#1664 = EDGE_CURVE ( 'NONE', #1001, #2271, #3723, .T. ) ;
#1665 = LINE ( 'NONE', #143, #1419 ) ;
#1666 = CARTESIAN_POINT ( 'NONE',  ( 79.97474980950003953, 6.992565577373023977, 10.00099999999999945 ) ) ;
#1667 = EDGE_LOOP ( 'NONE', ( #3832, #1824, #3731, #264 ) ) ;
#1668 = DIRECTION ( 'NONE',  ( 0.7071067811865474617, 0.7071067811865474617, -0.000000000000000000 ) ) ;
#1669 = CARTESIAN_POINT ( 'NONE',  ( 0.000000000000000000, 41.21884720954800940, 4.000000000000000000 ) ) ;
#1670 = EDGE_CURVE ( 'NONE', #3621, #3507, #1309, .T. ) ;
#1671 = VERTEX_POINT ( 'NONE', #439 ) ;
#1672 = DIRECTION ( 'NONE',  ( 1.000000000000000000, 0.000000000000000000, 0.000000000000000000 ) ) ;
#1673 = EDGE_LOOP ( 'NONE', ( #2848, #2331, #1988, #2241 ) ) ;
#1674 = EDGE_CURVE ( 'NONE', #552, #1537, #1650, .T. ) ;
#1675 = VECTOR ( 'NONE', #3311, 1000.000000000000114 ) ;
#1676 = EDGE_CURVE ( 'NONE', #932, #1860, #169, .T. ) ;
#1677 = DIRECTION ( 'NONE',  ( 0.000000000000000000, 1.000000000000000000, 0.000000000000000000 ) ) ;
#1678 = AXIS2_PLACEMENT_3D ( 'NONE', #2643, #614, #1117 ) ;
#1679 = DIRECTION ( 'NONE',  ( 0.000000000000000000, 0.000000000000000000, 1.000000000000000000 ) ) ;
#1680 = DIRECTION ( 'NONE',  ( 0.000000000000000000, -0.000000000000000000, 1.000000000000000000 ) ) ;
#1681 = ORIENTED_EDGE ( 'NONE', *, *, #94, .T. ) ;
#1682 = VERTEX_POINT ( 'NONE', #1962 ) ;
#1683 = VECTOR ( 'NONE', #2543, 1000.000000000000000 ) ;
#1684 = CARTESIAN_POINT ( 'NONE',  ( 24.39487291362403454, 53.90641816659306329, 6.000000000000000000 ) ) ;
#1685 = CARTESIAN_POINT ( 'NONE',  ( 30.61060500309818977, 30.68592075184099599, 1.109999999999998099 ) ) ;
#1686 = FACE_OUTER_BOUND ( 'NONE', #3307, .T. ) ;
#1687 = VECTOR ( 'NONE', #3171, 1000.000000000000000 ) ;
#1688 = ORIENTED_EDGE ( 'NONE', *, *, #2508, .T. ) ;
#1689 = EDGE_CURVE ( 'NONE', #608, #1842, #2507, .T. ) ;
#1690 = FACE_OUTER_BOUND ( 'NONE', #235, .T. ) ;
#1691 = FACE_OUTER_BOUND ( 'NONE', #1004, .T. ) ;
#1692 = ORIENTED_EDGE ( 'NONE', *, *, #1454, .T. ) ;
#1693 = DIRECTION ( 'NONE',  ( -0.000000000000000000, -0.000000000000000000, 1.000000000000000000 ) ) ;
#1694 = DIRECTION ( 'NONE',  ( -0.7071067811865556774, 0.000000000000000000, 0.7071067811865393571 ) ) ;
#1695 = EDGE_LOOP ( 'NONE', ( #3054, #1897, #3684, #3787 ) ) ;
#1696 = EDGE_CURVE ( 'NONE', #3541, #1061, #1373, .T. ) ;
#1697 = DIRECTION ( 'NONE',  ( -1.000000000000000000, -0.000000000000000000, -0.000000000000000000 ) ) ;
#1698 = VERTEX_POINT ( 'NONE', #528 ) ;
#1699 = VECTOR ( 'NONE', #3058, 1000.000000000000000 ) ;
#1700 = FACE_OUTER_BOUND ( 'NONE', #547, .T. ) ;
#1701 = VECTOR ( 'NONE', #3100, 1000.000000000000000 ) ;
#1702 = FACE_OUTER_BOUND ( 'NONE', #317, .T. ) ;
#1703 = DIRECTION ( 'NONE',  ( -0.000000000000000000, 1.000000000000000000, -0.000000000000000000 ) ) ;
#1704 = VERTEX_POINT ( 'NONE', #3437 ) ;
#1705 = ORIENTED_EDGE ( 'NONE', *, *, #3549, .T. ) ;
#1706 = VECTOR ( 'NONE', #1755, 1000.000000000000114 ) ;
#1707 = CARTESIAN_POINT ( 'NONE',  ( 54.61482092964089929, 59.34967741935614072, 4.000000000000000000 ) ) ;
#1708 = PRODUCT_DEFINITION_SHAPE ( 'NONE', 'NONE',  #336 ) ;
#1709 = LINE ( 'NONE', #2333, #1558 ) ;
#1710 = VERTEX_POINT ( 'NONE', #1330 ) ;
#1711 = CARTESIAN_POINT ( 'NONE',  ( 8.888803657608024267, 56.44252476504900073, 10.00099999999999945 ) ) ;
#1712 = DIRECTION ( 'NONE',  ( 0.7071067811865556774, 0.000000000000000000, 0.7071067811865393571 ) ) ;
#1713 = EDGE_CURVE ( 'NONE', #3090, #517, #1083, .T. ) ;
#1714 = CARTESIAN_POINT ( 'NONE',  ( 31.54653210253800211, 35.48980021391638928, 4.000000000000000000 ) ) ;
#1715 = LINE ( 'NONE', #2318, #3737 ) ;
#1716 = DIRECTION ( 'NONE',  ( 0.7071067811865343611, -0.000000000000000000, 0.7071067811865607844 ) ) ;
#1717 = EDGE_CURVE ( 'NONE', #1092, #875, #3252, .T. ) ;
#1718 = VERTEX_POINT ( 'NONE', #2255 ) ;
#1719 = EDGE_LOOP ( 'NONE', ( #408, #2069, #2172, #3234, #3290, #698 ) ) ;
#1720 = CARTESIAN_POINT ( 'NONE',  ( 27.76193449734177676, 27.76193449734167373, 4.000000000000000000 ) ) ;
#1721 = DIRECTION ( 'NONE',  ( -0.7071067811865479058, -0.7071067811865471286, 0.000000000000000000 ) ) ;
#1722 = DIRECTION ( 'NONE',  ( 0.7071067811865449082, 0.7071067811865502373, -0.000000000000000000 ) ) ;
#1723 = ORIENTED_EDGE ( 'NONE', *, *, #618, .T. ) ;
#1724 = EDGE_LOOP ( 'NONE', ( #3523, #3629, #2559, #1612 ) ) ;
#1725 = DIRECTION ( 'NONE',  ( 0.000000000000000000, 0.000000000000000000, -1.000000000000000000 ) ) ;
#1726 = DIRECTION ( 'NONE',  ( 0.000000000000000000, 0.000000000000000000, -1.000000000000000000 ) ) ;
#1727 = ORIENTED_EDGE ( 'NONE', *, *, #2399, .F. ) ;
#1728 = ADVANCED_FACE ( 'NONE', ( #2525 ), #3698, .F. ) ;
#1729 = LINE ( 'NONE', #3239, #110 ) ;
#1730 = DIRECTION ( 'NONE',  ( -1.000000000000000000, 0.000000000000000000, 0.000000000000000000 ) ) ;
#1731 = LINE ( 'NONE', #834, #2871 ) ;
#1732 = DIRECTION ( 'NONE',  ( 1.000000000000000000, -1.577021341797097018E-15, 0.000000000000000000 ) ) ;
#1733 = LINE ( 'NONE', #1750, #2447 ) ;
#1734 = EDGE_LOOP ( 'NONE', ( #1705, #3577, #900, #823 ) ) ;
#1735 = ORIENTED_EDGE ( 'NONE', *, *, #1590, .F. ) ;
#1736 = DIRECTION ( 'NONE',  ( 0.000000000000000000, -0.000000000000000000, 1.000000000000000000 ) ) ;
#1737 = VECTOR ( 'NONE', #3350, 1000.000000000000000 ) ;
#1738 = VERTEX_POINT ( 'NONE', #1984 ) ;
#1739 = ORIENTED_EDGE ( 'NONE', *, *, #2137, .F. ) ;
#1740 = DIRECTION ( 'NONE',  ( -0.5773502691896257311, -0.5773502691896257311, 0.5773502691896257311 ) ) ;
#1741 = AXIS2_PLACEMENT_3D ( 'NONE', #2561, #164, #3716 ) ;
#1742 = FACE_BOUND ( 'NONE', #24, .T. ) ;
#1743 = ORIENTED_EDGE ( 'NONE', *, *, #2906, .T. ) ;
#1744 = CIRCLE ( 'NONE', #3653, 1.700000000000001066 ) ;
#1745 = FACE_OUTER_BOUND ( 'NONE', #602, .T. ) ;
#1746 = PLANE ( 'NONE',  #1111 ) ;
#1747 = CARTESIAN_POINT ( 'NONE',  ( 69.83157658086554420, 23.35317541498460159, 10.00099999999999945 ) ) ;
#1748 = EDGE_CURVE ( 'NONE', #3029, #1812, #3168, .T. ) ;
#1749 = CARTESIAN_POINT ( 'NONE',  ( 79.97474980949952794, 57.98214359204602175, 10.00000000000000000 ) ) ;
#1750 = CARTESIAN_POINT ( 'NONE',  ( 0.000000000000000000, 51.26230093957098433, 0.000000000000000000 ) ) ;
#1751 = ORIENTED_EDGE ( 'NONE', *, *, #3763, .F. ) ;
#1752 = VECTOR ( 'NONE', #431, 1000.000000000000000 ) ;
#1753 = EDGE_CURVE ( 'NONE', #3810, #1892, #2008, .T. ) ;
#1754 = ORIENTED_EDGE ( 'NONE', *, *, #151, .T. ) ;
#1755 = DIRECTION ( 'NONE',  ( -0.7071067811865474617, 0.7071067811865474617, -0.000000000000000000 ) ) ;
#1756 = VERTEX_POINT ( 'NONE', #1060 ) ;
#1757 = ORIENTED_EDGE ( 'NONE', *, *, #1144, .F. ) ;
#1758 = VECTOR ( 'NONE', #1635, 1000.000000000000000 ) ;
#1759 = DIRECTION ( 'NONE',  ( -0.000000000000000000, 0.000000000000000000, 1.000000000000000000 ) ) ;
#1760 = LINE ( 'NONE', #3795, #2558 ) ;
#1761 = VECTOR ( 'NONE', #1804, 1000.000000000000000 ) ;
#1762 = ORIENTED_EDGE ( 'NONE', *, *, #1472, .F. ) ;
#1763 = DIRECTION ( 'NONE',  ( -0.9999999924245159821, 0.0001230892683151790486, 0.000000000000000000 ) ) ;
#1764 = DIRECTION ( 'NONE',  ( -0.000000000000000000, -0.000000000000000000, -1.000000000000000000 ) ) ;
#1765 = DIRECTION ( 'NONE',  ( -0.000000000000000000, -0.000000000000000000, -1.000000000000000000 ) ) ;
#1766 = DIRECTION ( 'NONE',  ( 0.000000000000000000, 0.000000000000000000, -1.000000000000000000 ) ) ;
#1767 = CARTESIAN_POINT ( 'NONE',  ( 23.73212781767187707, 57.66334277808476827, 4.000000000000000000 ) ) ;
#1768 = DIRECTION ( 'NONE',  ( 0.7071067811865462405, -0.7071067811865489050, -0.000000000000000000 ) ) ;
#1769 = VERTEX_POINT ( 'NONE', #3213 ) ;
#1770 = ORIENTED_EDGE ( 'NONE', *, *, #405, .F. ) ;
#1771 = CARTESIAN_POINT ( 'NONE',  ( 0.000000000000000000, 0.000000000000000000, 0.000000000000000000 ) ) ;
#1772 = EDGE_CURVE ( 'NONE', #2609, #3013, #2938, .T. ) ;
#1773 = ADVANCED_FACE ( 'NONE', ( #3529 ), #2065, .F. ) ;
#1774 = EDGE_LOOP ( 'NONE', ( #1207, #3069, #3002, #3683 ) ) ;
#1775 = FACE_OUTER_BOUND ( 'NONE', #3337, .T. ) ;
#1776 = ORIENTED_EDGE ( 'NONE', *, *, #3127, .T. ) ;
#1777 = DIRECTION ( 'NONE',  ( -0.7071067811865455743, 0.7071067811865493491, 0.000000000000000000 ) ) ;
#1778 = DIRECTION ( 'NONE',  ( -0.000000000000000000, -0.000000000000000000, -1.000000000000000000 ) ) ;
#1779 = CARTESIAN_POINT ( 'NONE',  ( 54.61482092964090640, 59.34967741935614782, 10.00099999999999945 ) ) ;
#1780 = LINE ( 'NONE', #251, #1195 ) ;
#1781 = ADVANCED_FACE ( 'NONE', ( #288 ), #3784, .F. ) ;
#1782 = CARTESIAN_POINT ( 'NONE',  ( 24.39487291362403099, 57.66326120127521193, 4.000000000000000000 ) ) ;
#1783 = ORIENTED_EDGE ( 'NONE', *, *, #2460, .T. ) ;
#1784 = FACE_OUTER_BOUND ( 'NONE', #720, .T. ) ;
#1785 = ORIENTED_EDGE ( 'NONE', *, *, #2188, .T. ) ;
#1786 = PLANE ( 'NONE',  #1002 ) ;
#1787 = VERTEX_POINT ( 'NONE', #3551 ) ;
#1788 = VECTOR ( 'NONE', #2024, 1000.000000000000000 ) ;
#1789 = CARTESIAN_POINT ( 'NONE',  ( 40.83180065388673796, 43.69286487643512373, 1.699885383662997906 ) ) ;
#1790 = ORIENTED_EDGE ( 'NONE', *, *, #991, .F. ) ;
#1791 = ORIENTED_EDGE ( 'NONE', *, *, #2629, .T. ) ;
#1792 = AXIS2_PLACEMENT_3D ( 'NONE', #2677, #3241, #1447 ) ;
#1793 = PLANE ( 'NONE',  #3284 ) ;
#1794 = CARTESIAN_POINT ( 'NONE',  ( 7.188803657608023201, 8.415085090169998949, 10.00099999999999945 ) ) ;
#1795 = DIRECTION ( 'NONE',  ( 0.000000000000000000, 0.000000000000000000, -1.000000000000000000 ) ) ;
#1796 = AXIS2_PLACEMENT_3D ( 'NONE', #3321, #3282, #2707 ) ;
#1797 = LINE ( 'NONE', #61, #3600 ) ;
#1798 = LINE ( 'NONE', #1584, #2636 ) ;
#1799 = VECTOR ( 'NONE', #3262, 1000.000000000000000 ) ;
#1800 = VERTEX_POINT ( 'NONE', #868 ) ;
#1801 = DIRECTION ( 'NONE',  ( -1.000000000000000000, 0.000000000000000000, 0.000000000000000000 ) ) ;
#1802 = ORIENTED_EDGE ( 'NONE', *, *, #1189, .T. ) ;
#1803 = FACE_OUTER_BOUND ( 'NONE', #290, .T. ) ;
#1804 = DIRECTION ( 'NONE',  ( 1.000000000000000000, 0.000000000000000000, 0.000000000000000000 ) ) ;
#1805 = VECTOR ( 'NONE', #2899, 999.9999999999998863 ) ;
#1806 = EDGE_CURVE ( 'NONE', #1812, #1972, #1733, .T. ) ;
#1807 = VERTEX_POINT ( 'NONE', #234 ) ;
#1808 = ADVANCED_FACE ( 'NONE', ( #3264 ), #2320, .F. ) ;
#1809 = EDGE_CURVE ( 'NONE', #1787, #1102, #619, .T. ) ;
#1810 = AXIS2_PLACEMENT_3D ( 'NONE', #19, #2864, #1202 ) ;
#1811 = DIRECTION ( 'NONE',  ( -0.000000000000000000, -0.000000000000000000, -1.000000000000000000 ) ) ;
#1812 = VERTEX_POINT ( 'NONE', #566 ) ;
#1813 = ORIENTED_EDGE ( 'NONE', *, *, #1026, .T. ) ;
#1814 = VECTOR ( 'NONE', #1369, 1000.000000000000000 ) ;
#1815 = DIRECTION ( 'NONE',  ( -5.782411586589358625E-16, -1.000000000000000000, 0.000000000000000000 ) ) ;
#1816 = LINE ( 'NONE', #3006, #1989 ) ;
#1817 = ADVANCED_FACE ( 'NONE', ( #3838 ), #2028, .T. ) ;
#1818 = PLANE ( 'NONE',  #125 ) ;
#1819 = VECTOR ( 'NONE', #976, 1000.000000000000000 ) ;
#1820 =( NAMED_UNIT ( * ) SI_UNIT ( $, .STERADIAN. ) SOLID_ANGLE_UNIT ( ) );
#1821 = LINE ( 'NONE', #359, #3003 ) ;
#1822 = VECTOR ( 'NONE', #954, 1000.000000000000114 ) ;
#1823 = EDGE_CURVE ( 'NONE', #104, #3013, #890, .T. ) ;
#1824 = ORIENTED_EDGE ( 'NONE', *, *, #2395, .F. ) ;
#1825 = DIRECTION ( 'NONE',  ( 0.7071067811863657182, -0.7071067811867293162, 0.000000000000000000 ) ) ;
#1826 = ORIENTED_EDGE ( 'NONE', *, *, #1082, .T. ) ;
#1827 = DIRECTION ( 'NONE',  ( 0.000000000000000000, 0.000000000000000000, -1.000000000000000000 ) ) ;
#1828 = DIRECTION ( 'NONE',  ( -0.000000000000000000, -0.000000000000000000, -1.000000000000000000 ) ) ;
#1829 = ORIENTED_EDGE ( 'NONE', *, *, #1267, .T. ) ;
#1830 = EDGE_CURVE ( 'NONE', #1278, #3515, #2627, .T. ) ;
#1831 = FACE_OUTER_BOUND ( 'NONE', #2781, .T. ) ;
#1832 = PLANE ( 'NONE',  #2251 ) ;
#1833 = ORIENTED_EDGE ( 'NONE', *, *, #3677, .F. ) ;
#1834 = EDGE_CURVE ( 'NONE', #1278, #1930, #2356, .T. ) ;
#1835 = ORIENTED_EDGE ( 'NONE', *, *, #3728, .F. ) ;
#1836 = DIRECTION ( 'NONE',  ( 0.000000000000000000, -1.000000000000000000, -0.000000000000000000 ) ) ;
#1837 = LINE ( 'NONE', #1210, #3345 ) ;
#1838 = CARTESIAN_POINT ( 'NONE',  ( 0.000000000000000000, 51.26230093957098433, 4.000000000000000000 ) ) ;
#1839 = EDGE_CURVE ( 'NONE', #511, #1343, #2646, .T. ) ;
#1840 = EDGE_CURVE ( 'NONE', #2745, #2192, #2340, .T. ) ;
#1841 = DIRECTION ( 'NONE',  ( 0.000000000000000000, -0.000000000000000000, -1.000000000000000000 ) ) ;
#1842 = VERTEX_POINT ( 'NONE', #3513 ) ;
#1843 = FACE_OUTER_BOUND ( 'NONE', #946, .T. ) ;
#1844 = ORIENTED_EDGE ( 'NONE', *, *, #3259, .T. ) ;
#1845 = DIRECTION ( 'NONE',  ( -1.000000000000000000, 0.000000000000000000, 0.000000000000000000 ) ) ;
#1846 = FACE_OUTER_BOUND ( 'NONE', #1774, .T. ) ;
#1847 = EDGE_CURVE ( 'NONE', #1769, #550, #1158, .T. ) ;
#1848 = VERTEX_POINT ( 'NONE', #1470 ) ;
#1849 = CARTESIAN_POINT ( 'NONE',  ( 71.31952070086403239, 0.000000000000000000, 0.000000000000000000 ) ) ;
#1850 = DIRECTION ( 'NONE',  ( -0.000000000000000000, -0.000000000000000000, 1.000000000000000000 ) ) ;
#1851 = ORIENTED_EDGE ( 'NONE', *, *, #2873, .F. ) ;
#1852 = ORIENTED_EDGE ( 'NONE', *, *, #2809, .T. ) ;
#1853 = DIRECTION ( 'NONE',  ( 0.000000000000000000, -1.000000000000000000, 0.000000000000000000 ) ) ;
#1854 = CARTESIAN_POINT ( 'NONE',  ( 73.15243468099103552, 20.03231731485909961, 10.00099999999999945 ) ) ;
#1855 = EDGE_CURVE ( 'NONE', #941, #1756, #1176, .T. ) ;
#1856 = CARTESIAN_POINT ( 'NONE',  ( 55.42884860408193504, 24.35317541498459448, -10.67514906227531313 ) ) ;
#1857 = VECTOR ( 'NONE', #1265, 1000.000000000000114 ) ;
#1858 = CARTESIAN_POINT ( 'NONE',  ( 0.000000000000000000, 53.13706121412302252, 4.000000000000000000 ) ) ;
#1859 = VECTOR ( 'NONE', #669, 1000.000000000000114 ) ;
#1860 = VERTEX_POINT ( 'NONE', #905 ) ;
#1861 = LINE ( 'NONE', #2432, #636 ) ;
#1862 = ORIENTED_EDGE ( 'NONE', *, *, #1823, .T. ) ;
#1863 = DIRECTION ( 'NONE',  ( -0.000000000000000000, -0.000000000000000000, -1.000000000000000000 ) ) ;
#1864 = AXIS2_PLACEMENT_3D ( 'NONE', #624, #3050, #1845 ) ;
#1865 = FACE_OUTER_BOUND ( 'NONE', #2509, .T. ) ;
#1866 = VECTOR ( 'NONE', #3387, 1000.000000000000000 ) ;
#1867 = VERTEX_POINT ( 'NONE', #1782 ) ;
#1868 = FACE_OUTER_BOUND ( 'NONE', #274, .T. ) ;
#1869 = VECTOR ( 'NONE', #1392, 1000.000000000000000 ) ;
#1870 = ORIENTED_EDGE ( 'NONE', *, *, #3062, .F. ) ;
#1871 = ORIENTED_EDGE ( 'NONE', *, *, #1926, .T. ) ;
#1872 = DIRECTION ( 'NONE',  ( -0.000000000000000000, 0.000000000000000000, 1.000000000000000000 ) ) ;
#1873 = EDGE_CURVE ( 'NONE', #1137, #1491, #304, .T. ) ;
#1874 = AXIS2_PLACEMENT_3D ( 'NONE', #2285, #2396, #1801 ) ;
#1875 = ADVANCED_FACE ( 'NONE', ( #1199 ), #2393, .F. ) ;
#1876 = AXIS2_PLACEMENT_3D ( 'NONE', #850, #1197, #1467 ) ;
#1877 = EDGE_LOOP ( 'NONE', ( #2491, #3267, #2833, #308 ) ) ;
#1878 = LINE ( 'NONE', #2482, #2687 ) ;
#1879 = ORIENTED_EDGE ( 'NONE', *, *, #2018, .F. ) ;
#1880 = VECTOR ( 'NONE', #626, 1000.000000000000000 ) ;
#1881 = CARTESIAN_POINT ( 'NONE',  ( 79.97474980950003953, 6.992565577373023977, 10.00000000000000000 ) ) ;
#1882 = CARTESIAN_POINT ( 'NONE',  ( 0.000000000000000000, 0.000000000000000000, 1.699885383662997906 ) ) ;
#1883 = ORIENTED_EDGE ( 'NONE', *, *, #605, .F. ) ;
#1884 = EDGE_CURVE ( 'NONE', #3664, #1718, #1798, .T. ) ;
#1885 = CARTESIAN_POINT ( 'NONE',  ( 78.02831089662203112, 12.45999491999002373, 10.00000000000000000 ) ) ;
#1886 = VERTEX_POINT ( 'NONE', #3586 ) ;
#1887 = ORIENTED_EDGE ( 'NONE', *, *, #1908, .T. ) ;
#1888 = ADVANCED_FACE ( 'NONE', ( #2717 ), #2479, .F. ) ;
#1889 = CARTESIAN_POINT ( 'NONE',  ( 79.97474980950003953, 6.992565577373023977, 10.00000000000000000 ) ) ;
#1890 = DIRECTION ( 'NONE',  ( 0.000000000000000000, 1.000000000000000000, -0.000000000000000000 ) ) ;
#1891 = CARTESIAN_POINT ( 'NONE',  ( 31.54653210253800211, 28.28980021391638289, 4.000000000000000000 ) ) ;
#1892 = VERTEX_POINT ( 'NONE', #671 ) ;
#1893 = EDGE_CURVE ( 'NONE', #630, #2696, #3119, .T. ) ;
#1894 = DIRECTION ( 'NONE',  ( 0.000000000000000000, 1.000000000000000000, 0.000000000000000000 ) ) ;
#1895 = LINE ( 'NONE', #3084, #188 ) ;
#1896 = CARTESIAN_POINT ( 'NONE',  ( 77.98218423212703954, 5.000000000000023093, 10.00000000000000000 ) ) ;
#1897 = ORIENTED_EDGE ( 'NONE', *, *, #2454, .F. ) ;
#1898 = EDGE_CURVE ( 'NONE', #3811, #3238, #1250, .T. ) ;
#1899 = CARTESIAN_POINT ( 'NONE',  ( 56.57646550717664979, 19.25986680927773520, 13.02993340463885019 ) ) ;
#1900 = EDGE_LOOP ( 'NONE', ( #351, #217, #1440, #3217 ) ) ;
#1901 = ADVANCED_FACE ( 'NONE', ( #2187 ), #325, .F. ) ;
#1902 = ADVANCED_FACE ( 'NONE', ( #990 ), #1565, .T. ) ;
#1903 = PLANE ( 'NONE',  #3797 ) ;
#1904 = ORIENTED_EDGE ( 'NONE', *, *, #1075, .T. ) ;
#1905 = ORIENTED_EDGE ( 'NONE', *, *, #128, .F. ) ;
#1906 = FACE_OUTER_BOUND ( 'NONE', #1719, .T. ) ;
#1907 = LINE ( 'NONE', #1386, #1550 ) ;
#1908 = EDGE_CURVE ( 'NONE', #2362, #2767, #3370, .T. ) ;
#1909 = FACE_OUTER_BOUND ( 'NONE', #3661, .T. ) ;
#1910 = SHAPE_DEFINITION_REPRESENTATION ( #1708, #1042 ) ;
#1911 = CARTESIAN_POINT ( 'NONE',  ( 30.61060500309818977, 30.68592075184099599, 3.399999999999983036 ) ) ;
#1912 = DIRECTION ( 'NONE',  ( 0.7071067811865524577, -0.7071067811865425767, 0.000000000000000000 ) ) ;
#1913 = ADVANCED_FACE ( 'NONE', ( #1230 ), #1508, .T. ) ;
#1914 = ORIENTED_EDGE ( 'NONE', *, *, #918, .F. ) ;
#1915 = AXIS2_PLACEMENT_3D ( 'NONE', #1911, #3429, #1622 ) ;
#1916 = DIRECTION ( 'NONE',  ( -0.000000000000000000, -0.000000000000000000, 1.000000000000000000 ) ) ;
#1917 = CARTESIAN_POINT ( 'NONE',  ( 75.02984732797570189, 0.000000000000000000, 4.000000000000000000 ) ) ;
#1918 = CARTESIAN_POINT ( 'NONE',  ( 65.74084972657725245, 30.61190122397092495, 3.399999999999968825 ) ) ;
#1919 = AXIS2_PLACEMENT_3D ( 'NONE', #3189, #1712, #3694 ) ;
#1920 = EDGE_CURVE ( 'NONE', #3656, #2985, #657, .T. ) ;
#1921 = EDGE_LOOP ( 'NONE', ( #106, #335, #689, #1401 ) ) ;
#1922 = CARTESIAN_POINT ( 'NONE',  ( 46.94653210253800779, 34.88980021391638076, 3.399999999999983036 ) ) ;
#1923 = VECTOR ( 'NONE', #1007, 1000.000000000000000 ) ;
#1924 = ORIENTED_EDGE ( 'NONE', *, *, #3336, .T. ) ;
#1925 = PLANE ( 'NONE',  #1379 ) ;
#1926 = EDGE_CURVE ( 'NONE', #552, #1579, #637, .T. ) ;
#1927 = VECTOR ( 'NONE', #1982, 1000.000000000000000 ) ;
#1928 = PLANE ( 'NONE',  #3351 ) ;
#1929 = DIRECTION ( 'NONE',  ( -0.7041374183556817767, 0.7100637267678131526, 0.000000000000000000 ) ) ;
#1930 = VERTEX_POINT ( 'NONE', #3028 ) ;
#1931 = ORIENTED_EDGE ( 'NONE', *, *, #1991, .F. ) ;
#1932 = EDGE_CURVE ( 'NONE', #3013, #3029, #1821, .T. ) ;
#1933 = CARTESIAN_POINT ( 'NONE',  ( 24.39487291362403099, 59.35339717067414256, 0.000000000000000000 ) ) ;
#1934 = LINE ( 'NONE', #117, #2612 ) ;
#1935 = PLANE ( 'NONE',  #1986 ) ;
#1936 = FACE_OUTER_BOUND ( 'NONE', #1056, .T. ) ;
#1937 = EDGE_LOOP ( 'NONE', ( #1548, #702, #2041, #49, #1476, #1776 ) ) ;
#1938 = VECTOR ( 'NONE', #2490, 1000.000000000000000 ) ;
#1939 = CARTESIAN_POINT ( 'NONE',  ( 54.61415088855444822, 53.90613964737285357, 4.000000000000000000 ) ) ;
#1940 = DIRECTION ( 'NONE',  ( -0.000000000000000000, -0.000000000000000000, -1.000000000000000000 ) ) ;
#1941 = CARTESIAN_POINT ( 'NONE',  ( 10.59981128446159460, 12.01402484683418415, 4.000000000000000000 ) ) ;
#1942 = CARTESIAN_POINT ( 'NONE',  ( 41.42884860408194214, 27.75317541498460372, -10.67514906227531313 ) ) ;
#1943 = VECTOR ( 'NONE', #1079, 1000.000000000000000 ) ;
#1944 = EDGE_LOOP ( 'NONE', ( #974, #716, #842, #289 ) ) ;
#1945 = VECTOR ( 'NONE', #3809, 1000.000000000000000 ) ;
#1946 = EDGE_LOOP ( 'NONE', ( #2738, #2930, #2010, #3373 ) ) ;
#1947 = LINE ( 'NONE', #1654, #2256 ) ;
#1948 = DIRECTION ( 'NONE',  ( 0.000000000000000000, 0.000000000000000000, 1.000000000000000000 ) ) ;
#1949 = CARTESIAN_POINT ( 'NONE',  ( 17.46155956311903168, 6.186614173228025315, 4.000000000000000000 ) ) ;
#1950 = ORIENTED_EDGE ( 'NONE', *, *, #2168, .T. ) ;
#1951 = ORIENTED_EDGE ( 'NONE', *, *, #72, .T. ) ;
#1952 = DIRECTION ( 'NONE',  ( 0.000000000000000000, -0.7071067811865556774, 0.7071067811865393571 ) ) ;
#1953 = DIRECTION ( 'NONE',  ( 1.000000000000000000, -0.000000000000000000, -0.000000000000000000 ) ) ;
#1954 = ORIENTED_EDGE ( 'NONE', *, *, #3757, .F. ) ;
#1955 = CARTESIAN_POINT ( 'NONE',  ( 41.42884860408194214, 26.75317541498458951, 4.000000000000000000 ) ) ;
#1956 = DIRECTION ( 'NONE',  ( 1.000000000000000000, 0.000000000000000000, 0.000000000000000000 ) ) ;
#1957 = ORIENTED_EDGE ( 'NONE', *, *, #2410, .F. ) ;
#1958 = EDGE_CURVE ( 'NONE', #2190, #104, #3010, .T. ) ;
#1959 = CARTESIAN_POINT ( 'NONE',  ( 77.98218423212628636, 59.97470916941927044, 10.00099999999999945 ) ) ;
#1960 = LINE ( 'NONE', #147, #1237 ) ;
#1961 = CARTESIAN_POINT ( 'NONE',  ( 58.06984934592702530, 35.50332283157010949, 3.399999999999993250 ) ) ;
#1962 = CARTESIAN_POINT ( 'NONE',  ( 5.871324698771780426, 34.33421759231527659, 4.000000000000000000 ) ) ;
#1963 = ORIENTED_EDGE ( 'NONE', *, *, #2401, .T. ) ;
#1964 = EDGE_CURVE ( 'NONE', #769, #1807, #2448, .T. ) ;
#1965 = ORIENTED_EDGE ( 'NONE', *, *, #3408, .F. ) ;
#1966 = DIRECTION ( 'NONE',  ( -0.7071938130861842309, -0.7070197385735585982, -0.000000000000000000 ) ) ;
#1967 = PLANE ( 'NONE',  #518 ) ;
#1968 = EDGE_CURVE ( 'NONE', #3621, #3598, #3316, .T. ) ;
#1969 = DIRECTION ( 'NONE',  ( 0.000000000000000000, -0.000000000000000000, -1.000000000000000000 ) ) ;
#1970 = CARTESIAN_POINT ( 'NONE',  ( 11.30691806564784763, 11.30691806564793467, 4.000000000000000000 ) ) ;
#1971 = EDGE_LOOP ( 'NONE', ( #3227, #1253, #399, #2838 ) ) ;
#1972 = VERTEX_POINT ( 'NONE', #3333 ) ;
#1973 = PLANE ( 'NONE',  #3094 ) ;
#1974 = LINE ( 'NONE', #1685, #2366 ) ;
#1975 = UNCERTAINTY_MEASURE_WITH_UNIT (LENGTH_MEASURE( 1.000000000000000082E-05 ), #1541, 'distance_accuracy_value', 'NONE');
#1976 = DIRECTION ( 'NONE',  ( -1.000000000000000000, 0.000000000000000000, 0.000000000000000000 ) ) ;
#1977 = ORIENTED_EDGE ( 'NONE', *, *, #3485, .T. ) ;
#1978 = CARTESIAN_POINT ( 'NONE',  ( 0.000000000000000000, 34.88980021391638076, 0.9599999985689978699 ) ) ;
#1979 = EDGE_CURVE ( 'NONE', #703, #3173, #3044, .T. ) ;
#1980 = VERTEX_POINT ( 'NONE', #687 ) ;
#1981 = CARTESIAN_POINT ( 'NONE',  ( 0.000000000000000000, 12.01402484683418415, 4.000000000000000000 ) ) ;
#1982 = DIRECTION ( 'NONE',  ( -0.000000000000000000, -0.000000000000000000, 1.000000000000000000 ) ) ;
#1983 = FACE_OUTER_BOUND ( 'NONE', #3392, .T. ) ;
#1984 = CARTESIAN_POINT ( 'NONE',  ( 40.83180065388673796, 43.69286487643512373, 3.399999999999983036 ) ) ;
#1985 = EDGE_CURVE ( 'NONE', #426, #2451, #3066, .T. ) ;
#1986 = AXIS2_PLACEMENT_3D ( 'NONE', #3739, #1031, #1642 ) ;
#1987 = ORIENTED_EDGE ( 'NONE', *, *, #1717, .F. ) ;
#1988 = ORIENTED_EDGE ( 'NONE', *, *, #3441, .F. ) ;
#1989 = VECTOR ( 'NONE', #341, 1000.000000000000000 ) ;
#1990 = DIRECTION ( 'NONE',  ( -0.000000000000000000, 1.000000000000000000, 0.000000000000000000 ) ) ;
#1991 = EDGE_CURVE ( 'NONE', #2190, #3029, #452, .T. ) ;
#1992 = AXIS2_PLACEMENT_3D ( 'NONE', #479, #126, #2523 ) ;
#1993 = FACE_OUTER_BOUND ( 'NONE', #1900, .T. ) ;
#1994 = DIRECTION ( 'NONE',  ( 1.000000000000000000, 0.000000000000000000, 0.000000000000000000 ) ) ;
#1995 = VERTEX_POINT ( 'NONE', #2875 ) ;
#1996 = ORIENTED_EDGE ( 'NONE', *, *, #2798, .F. ) ;
#1997 = VECTOR ( 'NONE', #3794, 1000.000000000000000 ) ;
#1998 = ADVANCED_FACE ( 'NONE', ( #3715 ), #1341, .T. ) ;
#1999 = CARTESIAN_POINT ( 'NONE',  ( 8.888803657608024267, 8.415085090169998949, 10.00099999999999945 ) ) ;
#2000 = DIRECTION ( 'NONE',  ( 0.000000000000000000, 0.000000000000000000, 1.000000000000000000 ) ) ;
#2001 = AXIS2_PLACEMENT_3D ( 'NONE', #3750, #1354, #1948 ) ;
#2002 = VERTEX_POINT ( 'NONE', #3693 ) ;
#2003 = DIRECTION ( 'NONE',  ( -0.000000000000000000, -0.000000000000000000, 1.000000000000000000 ) ) ;
#2004 = VECTOR ( 'NONE', #3632, 1000.000000000000000 ) ;
#2005 = LINE ( 'NONE', #1077, #111 ) ;
#2006 = ORIENTED_EDGE ( 'NONE', *, *, #2688, .F. ) ;
#2007 = DIRECTION ( 'NONE',  ( -0.000000000000000000, -0.000000000000000000, -1.000000000000000000 ) ) ;
#2008 = LINE ( 'NONE', #1347, #3000 ) ;
#2009 = CIRCLE ( 'NONE', #1191, 1.699999999999999289 ) ;
#2010 = ORIENTED_EDGE ( 'NONE', *, *, #2918, .F. ) ;
#2011 = EDGE_CURVE ( 'NONE', #6, #3796, #1665, .T. ) ;
#2012 = ORIENTED_EDGE ( 'NONE', *, *, #3026, .T. ) ;
#2013 = AXIS2_PLACEMENT_3D ( 'NONE', #564, #1732, #302 ) ;
#2014 = DIRECTION ( 'NONE',  ( 0.000000000000000000, -0.000000000000000000, 1.000000000000000000 ) ) ;
#2015 = AXIS2_PLACEMENT_3D ( 'NONE', #1589, #2780, #108 ) ;
#2016 = CARTESIAN_POINT ( 'NONE',  ( 10.58880365760802356, 8.415085090169998949, 10.00099999999999945 ) ) ;
#2017 = CARTESIAN_POINT ( 'NONE',  ( 39.15364747040881355, 39.14400986898357360, 4.000000000000000000 ) ) ;
#2018 = EDGE_CURVE ( 'NONE', #1343, #604, #3117, .T. ) ;
#2019 = EDGE_LOOP ( 'NONE', ( #3099, #373, #372, #491 ) ) ;
#2020 = ORIENTED_EDGE ( 'NONE', *, *, #1583, .F. ) ;
#2021 = VECTOR ( 'NONE', #3604, 1000.000000000000000 ) ;
#2022 = CARTESIAN_POINT ( 'NONE',  ( 73.34807733323548007, 40.95871309031685570, 5.000000000000000000 ) ) ;
#2023 = ORIENTED_EDGE ( 'NONE', *, *, #2214, .F. ) ;
#2024 = DIRECTION ( 'NONE',  ( -0.000000000000000000, -0.000000000000000000, 1.000000000000000000 ) ) ;
#2025 = CARTESIAN_POINT ( 'NONE',  ( 74.41423944072103325, 5.000000000000023093, 0.000000000000000000 ) ) ;
#2026 = CARTESIAN_POINT ( 'NONE',  ( 73.34807733323548007, 45.95871309031685570, 5.000000000000000000 ) ) ;
#2027 = DIRECTION ( 'NONE',  ( 0.000000000000000000, -1.000000000000000000, 0.000000000000000000 ) ) ;
#2028 = PLANE ( 'NONE',  #2134 ) ;
#2029 = VERTEX_POINT ( 'NONE', #2518 ) ;
#2030 = ORIENTED_EDGE ( 'NONE', *, *, #1147, .T. ) ;
#2031 = DIRECTION ( 'NONE',  ( -0.7071067811865475727, -0.7071067811865475727, 0.000000000000000000 ) ) ;
#2032 = ORIENTED_EDGE ( 'NONE', *, *, #715, .T. ) ;
#2033 = ORIENTED_EDGE ( 'NONE', *, *, #3186, .T. ) ;
#2034 = EDGE_CURVE ( 'NONE', #575, #777, #2497, .T. ) ;
#2035 = ADVANCED_FACE ( 'NONE', ( #1690 ), #2849, .F. ) ;
#2036 = CARTESIAN_POINT ( 'NONE',  ( 30.61060500309818977, 30.68592075184099599, 3.399999999999983036 ) ) ;
#2037 = EDGE_LOOP ( 'NONE', ( #2656, #3822, #3463, #797 ) ) ;
#2038 = CARTESIAN_POINT ( 'NONE',  ( 36.63180065388673512, 43.69286487643512373, 1.699885383662997906 ) ) ;
#2039 = DIRECTION ( 'NONE',  ( -1.000000000000000000, 1.652117596168386770E-15, 0.000000000000000000 ) ) ;
#2040 = ADVANCED_FACE ( 'NONE', ( #208 ), #1600, .F. ) ;
#2041 = ORIENTED_EDGE ( 'NONE', *, *, #1839, .T. ) ;
#2042 = LINE ( 'NONE', #3192, #521 ) ;
#2043 = CARTESIAN_POINT ( 'NONE',  ( 73.15243468099103552, 6.261804759730023484, 10.00099999999999945 ) ) ;
#2044 = EDGE_CURVE ( 'NONE', #1456, #3840, #1096, .T. ) ;
#2045 = ORIENTED_EDGE ( 'NONE', *, *, #964, .F. ) ;
#2046 = VERTEX_POINT ( 'NONE', #1891 ) ;
#2047 = LINE ( 'NONE', #2963, #1880 ) ;
#2048 = VECTOR ( 'NONE', #1519, 1000.000000000000114 ) ;
#2049 = EDGE_LOOP ( 'NONE', ( #1871, #1735, #1596, #123, #2314 ) ) ;
#2050 = ORIENTED_EDGE ( 'NONE', *, *, #2114, .F. ) ;
#2051 = LINE ( 'NONE', #2654, #1997 ) ;
#2052 = AXIS2_PLACEMENT_3D ( 'NONE', #453, #1912, #3471 ) ;
#2053 = DIRECTION ( 'NONE',  ( 0.000000000000000000, -1.000000000000000000, 0.000000000000000000 ) ) ;
#2054 = ADVANCED_FACE ( 'NONE', ( #3080 ), #770, .T. ) ;
#2055 = ORIENTED_EDGE ( 'NONE', *, *, #532, .T. ) ;
#2056 = VECTOR ( 'NONE', #3113, 1000.000000000000000 ) ;
#2057 = EDGE_CURVE ( 'NONE', #663, #1860, #3405, .T. ) ;
#2058 = CARTESIAN_POINT ( 'NONE',  ( 77.98218423212628636, 59.97470916941927044, 10.00099999999999945 ) ) ;
#2059 = LINE ( 'NONE', #3818, #3643 ) ;
#2060 = AXIS2_PLACEMENT_3D ( 'NONE', #221, #3706, #3419 ) ;
#2061 = DIRECTION ( 'NONE',  ( 0.000000000000000000, -1.000000000000000000, 0.000000000000000000 ) ) ;
#2062 = CARTESIAN_POINT ( 'NONE',  ( 30.61060500309818977, 30.68592075184099599, 1.109999999999998099 ) ) ;
#2063 = DIRECTION ( 'NONE',  ( 0.000000000000000000, 1.000000000000000000, 0.000000000000000000 ) ) ;
#2064 = EDGE_CURVE ( 'NONE', #2515, #2814, #2585, .T. ) ;
#2065 = PLANE ( 'NONE',  #1505 ) ;
#2066 = ORIENTED_EDGE ( 'NONE', *, *, #168, .F. ) ;
#2067 = AXIS2_PLACEMENT_3D ( 'NONE', #3775, #520, #281 ) ;
#2068 = EDGE_CURVE ( 'NONE', #3218, #3247, #3385, .T. ) ;
#2069 = ORIENTED_EDGE ( 'NONE', *, *, #1220, .T. ) ;
#2070 = FACE_BOUND ( 'NONE', #1368, .T. ) ;
#2071 = VECTOR ( 'NONE', #2087, 1000.000000000000000 ) ;
#2072 = EDGE_CURVE ( 'NONE', #2362, #924, #2560, .T. ) ;
#2073 = ORIENTED_EDGE ( 'NONE', *, *, #3807, .T. ) ;
#2074 = VECTOR ( 'NONE', #3837, 1000.000000000000114 ) ;
#2075 = CARTESIAN_POINT ( 'NONE',  ( 46.94653210253800779, 28.88980021391638431, 0.9599999985689978699 ) ) ;
#2076 = VECTOR ( 'NONE', #350, 999.9999999999998863 ) ;
#2077 = ORIENTED_EDGE ( 'NONE', *, *, #3167, .T. ) ;
#2078 = CARTESIAN_POINT ( 'NONE',  ( 54.60751479386056673, -0.006721599091409624638, 4.000000000000000000 ) ) ;
#2079 = FACE_OUTER_BOUND ( 'NONE', #536, .T. ) ;
#2080 = ADVANCED_FACE ( 'NONE', ( #3759 ), #1935, .T. ) ;
#2081 = LINE ( 'NONE', #3819, #988 ) ;
#2082 = PLANE ( 'NONE',  #2927 ) ;
#2083 = LINE ( 'NONE', #13, #2129 ) ;
#2084 = DIRECTION ( 'NONE',  ( 0.000000000000000000, 0.000000000000000000, 1.000000000000000000 ) ) ;
#2085 = EDGE_CURVE ( 'NONE', #3154, #1068, #2272, .T. ) ;
#2086 = ORIENTED_EDGE ( 'NONE', *, *, #1144, .T. ) ;
#2087 = DIRECTION ( 'NONE',  ( 0.000000000000000000, 1.000000000000000000, 0.000000000000000000 ) ) ;
#2088 = ORIENTED_EDGE ( 'NONE', *, *, #510, .F. ) ;
#2089 = DIRECTION ( 'NONE',  ( 0.000000000000000000, 1.000000000000000000, 0.000000000000000000 ) ) ;
#2090 = ADVANCED_FACE ( 'NONE', ( #163 ), #788, .T. ) ;
#2091 = ORIENTED_EDGE ( 'NONE', *, *, #2281, .T. ) ;
#2092 = FACE_OUTER_BOUND ( 'NONE', #3563, .T. ) ;
#2093 = ORIENTED_EDGE ( 'NONE', *, *, #2819, .F. ) ;
#2094 = ORIENTED_EDGE ( 'NONE', *, *, #2584, .F. ) ;
#2095 = DIRECTION ( 'NONE',  ( -1.000000000000000000, 0.000000000000000000, -0.000000000000000000 ) ) ;
#2096 = DIRECTION ( 'NONE',  ( -0.000000000000000000, -0.000000000000000000, 1.000000000000000000 ) ) ;
#2097 = LINE ( 'NONE', #2988, #1435 ) ;
#2098 = FACE_OUTER_BOUND ( 'NONE', #227, .T. ) ;
#2099 = DIRECTION ( 'NONE',  ( -0.000000000000000000, -0.000000000000000000, -1.000000000000000000 ) ) ;
#2100 = ORIENTED_EDGE ( 'NONE', *, *, #1288, .T. ) ;
#2101 = PLANE ( 'NONE',  #3424 ) ;
#2102 = ORIENTED_EDGE ( 'NONE', *, *, #1834, .F. ) ;
#2103 = DIRECTION ( 'NONE',  ( -1.000000000000000000, 0.000000000000000000, 0.000000000000000000 ) ) ;
#2104 = ORIENTED_EDGE ( 'NONE', *, *, #2832, .F. ) ;
#2105 = VECTOR ( 'NONE', #2792, 1000.000000000000000 ) ;
#2106 = LINE ( 'NONE', #3019, #2380 ) ;
#2107 = ORIENTED_EDGE ( 'NONE', *, *, #461, .F. ) ;
#2108 = ORIENTED_EDGE ( 'NONE', *, *, #549, .T. ) ;
#2109 = VECTOR ( 'NONE', #771, 1000.000000000000000 ) ;
#2110 = LINE ( 'NONE', #3023, #2228 ) ;
#2111 = DIRECTION ( 'NONE',  ( 0.7086689616036382366, 0.7055411418617776320, 0.000000000000000000 ) ) ;
#2112 = CARTESIAN_POINT ( 'NONE',  ( 18.01060500309818835, 31.28592075184100096, 4.000000000000000000 ) ) ;
#2113 = AXIS2_PLACEMENT_3D ( 'NONE', #643, #1827, #3637 ) ;
#2114 = EDGE_CURVE ( 'NONE', #109, #568, #2953, .T. ) ;
#2115 = DIRECTION ( 'NONE',  ( 0.000000000000000000, -1.000000000000000000, 0.000000000000000000 ) ) ;
#2116 = ORIENTED_EDGE ( 'NONE', *, *, #3079, .T. ) ;
#2117 = CARTESIAN_POINT ( 'NONE',  ( 9.875044450089784931, 53.13706121412302252, 0.000000000000000000 ) ) ;
#2118 = ORIENTED_EDGE ( 'NONE', *, *, #461, .T. ) ;
#2119 = FACE_BOUND ( 'NONE', #1734, .T. ) ;
#2120 = CARTESIAN_POINT ( 'NONE',  ( 12.01402484683469041, 0.000000000000000000, 4.000000000000000000 ) ) ;
#2121 = VECTOR ( 'NONE', #3042, 1000.000000000000000 ) ;
#2122 = EDGE_CURVE ( 'NONE', #3517, #473, #3641, .T. ) ;
#2123 = EDGE_LOOP ( 'NONE', ( #1048, #3695, #965, #2673 ) ) ;
#2124 = VECTOR ( 'NONE', #593, 1000.000000000000000 ) ;
#2125 = ADVANCED_FACE ( 'NONE', ( #283 ), #1170, .T. ) ;
#2126 = DIRECTION ( 'NONE',  ( -1.000000000000000000, 0.000000000000000000, 0.000000000000000000 ) ) ;
#2127 = VERTEX_POINT ( 'NONE', #3469 ) ;
#2128 = ORIENTED_EDGE ( 'NONE', *, *, #3677, .T. ) ;
#2129 = VECTOR ( 'NONE', #2392, 1000.000000000000000 ) ;
#2130 = CARTESIAN_POINT ( 'NONE',  ( 6.938893903907228378E-15, 23.35317541498462290, 4.000000000000000000 ) ) ;
#2131 = DIRECTION ( 'NONE',  ( 6.313997449038182439E-16, -1.000000000000000000, 0.000000000000000000 ) ) ;
#2132 = ADVANCED_FACE ( 'NONE', ( #3524 ), #1463, .T. ) ;
#2133 = CARTESIAN_POINT ( 'NONE',  ( 23.06165955430742187, 58.33397611666539717, 4.000000000000000000 ) ) ;
#2134 = AXIS2_PLACEMENT_3D ( 'NONE', #271, #2919, #252 ) ;
#2135 = CARTESIAN_POINT ( 'NONE',  ( 24.39487291362407007, 1.387778780781445676E-14, 4.000000000000000000 ) ) ;
#2136 = CARTESIAN_POINT ( 'NONE',  ( 41.09101200953325872, 41.09101200953325872, 10.00000000000000000 ) ) ;
#2137 = EDGE_CURVE ( 'NONE', #1131, #1278, #2657, .T. ) ;
#2138 = ORIENTED_EDGE ( 'NONE', *, *, #1670, .F. ) ;
#2139 = PLANE ( 'NONE',  #132 ) ;
#2140 = EDGE_LOOP ( 'NONE', ( #590, #772, #1376, #1152 ) ) ;
#2141 = CARTESIAN_POINT ( 'NONE',  ( 35.31659869789939421, 23.25986680927776362, -8.229933404638899219 ) ) ;
#2142 = DIRECTION ( 'NONE',  ( 0.7100637267678131526, 0.7041374183556817767, 0.000000000000000000 ) ) ;
#2143 = ORIENTED_EDGE ( 'NONE', *, *, #3300, .F. ) ;
#2144 = ADVANCED_FACE ( 'NONE', ( #2368 ), #2603, .F. ) ;
#2145 = DIRECTION ( 'NONE',  ( 0.7070197385735585982, -0.7071938130861842309, 0.000000000000000000 ) ) ;
#2146 = EDGE_LOOP ( 'NONE', ( #54, #2776, #2526, #2163 ) ) ;
#2147 = EDGE_LOOP ( 'NONE', ( #757, #2138, #3564, #884 ) ) ;
#2148 = EDGE_CURVE ( 'NONE', #1313, #663, #2969, .T. ) ;
#2149 = DIRECTION ( 'NONE',  ( -1.000000000000000000, 0.000000000000000000, 0.000000000000000000 ) ) ;
#2150 = DIRECTION ( 'NONE',  ( -1.000000000000000000, 0.000000000000000000, 0.000000000000000000 ) ) ;
#2151 = DIRECTION ( 'NONE',  ( -1.000000000000000000, 0.000000000000000000, 0.000000000000000000 ) ) ;
#2152 = EDGE_CURVE ( 'NONE', #623, #2985, #3833, .T. ) ;
#2153 = CARTESIAN_POINT ( 'NONE',  ( 0.000000000000000000, 53.13706121412302252, 4.000000000000000000 ) ) ;
#2154 = VERTEX_POINT ( 'NONE', #229 ) ;
#2155 = CARTESIAN_POINT ( 'NONE',  ( 30.61060500309818977, 30.68592075184099599, 1.109999999999998099 ) ) ;
#2156 = ORIENTED_EDGE ( 'NONE', *, *, #695, .F. ) ;
#2157 = LINE ( 'NONE', #1218, #3785 ) ;
#2158 = ADVANCED_FACE ( 'NONE', ( #1745 ), #3188, .F. ) ;
#2159 = FACE_OUTER_BOUND ( 'NONE', #2943, .T. ) ;
#2160 = ORIENTED_EDGE ( 'NONE', *, *, #600, .F. ) ;
#2161 = DIRECTION ( 'NONE',  ( 1.000000000000000000, 0.000000000000000000, 0.000000000000000000 ) ) ;
#2162 = CARTESIAN_POINT ( 'NONE',  ( 17.46155956311902813, 6.186614173228023539, 10.00000000000000000 ) ) ;
#2163 = ORIENTED_EDGE ( 'NONE', *, *, #370, .T. ) ;
#2164 = ORIENTED_EDGE ( 'NONE', *, *, #3585, .T. ) ;
#2165 = CARTESIAN_POINT ( 'NONE',  ( 30.61060500309818977, 30.68592075184099599, 1.109999999999998099 ) ) ;
#2166 = LINE ( 'NONE', #2698, #805 ) ;
#2167 = CARTESIAN_POINT ( 'NONE',  ( 31.21060500309819119, 31.28592075184100096, 4.000000000000000000 ) ) ;
#2168 = EDGE_CURVE ( 'NONE', #1005, #3037, #847, .T. ) ;
#2169 = VECTOR ( 'NONE', #1366, 1000.000000000000000 ) ;
#2170 = CARTESIAN_POINT ( 'NONE',  ( 73.34807733323548007, 45.95871309031685570, 5.000000000000000000 ) ) ;
#2171 = AXIS2_PLACEMENT_3D ( 'NONE', #1266, #1890, #2426 ) ;
#2172 = ORIENTED_EDGE ( 'NONE', *, *, #1985, .F. ) ;
#2173 = DIRECTION ( 'NONE',  ( -0.7071067811865462405, 0.7071067811865489050, 0.000000000000000000 ) ) ;
#2174 = ORIENTED_EDGE ( 'NONE', *, *, #3701, .F. ) ;
#2175 = PLANE ( 'NONE',  #1291 ) ;
#2176 = VECTOR ( 'NONE', #1015, 1000.000000000000000 ) ;
#2177 = CARTESIAN_POINT ( 'NONE',  ( 28.61060500309822530, 26.68592075184097467, 1.399999999999961497 ) ) ;
#2178 = VECTOR ( 'NONE', #3130, 1000.000000000000114 ) ;
#2179 = VERTEX_POINT ( 'NONE', #266 ) ;
#2180 = DIRECTION ( 'NONE',  ( 0.000000000000000000, -1.000000000000000000, 0.000000000000000000 ) ) ;
#2181 = VERTEX_POINT ( 'NONE', #3258 ) ;
#2182 = ORIENTED_EDGE ( 'NONE', *, *, #1583, .T. ) ;
#2183 = DIRECTION ( 'NONE',  ( -0.000000000000000000, -0.000000000000000000, -1.000000000000000000 ) ) ;
#2184 = VECTOR ( 'NONE', #1850, 1000.000000000000000 ) ;
#2185 = LINE ( 'NONE', #3602, #978 ) ;
#2186 = VECTOR ( 'NONE', #3687, 999.9999999999998863 ) ;
#2187 = FACE_OUTER_BOUND ( 'NONE', #2641, .T. ) ;
#2188 = EDGE_CURVE ( 'NONE', #3776, #2515, #2315, .T. ) ;
#2189 = VECTOR ( 'NONE', #2027, 1000.000000000000000 ) ;
#2190 = VERTEX_POINT ( 'NONE', #3490 ) ;
#2191 = CARTESIAN_POINT ( 'NONE',  ( 54.42884860408192793, 27.75317541498460372, 4.000000000000000000 ) ) ;
#2192 = VERTEX_POINT ( 'NONE', #297 ) ;
#2193 = VECTOR ( 'NONE', #1142, 1000.000000000000000 ) ;
#2194 = PLANE ( 'NONE',  #1 ) ;
#2195 = LINE ( 'NONE', #364, #74 ) ;
#2196 = EDGE_LOOP ( 'NONE', ( #1180, #2404, #3841, #177 ) ) ;
#2197 = EDGE_CURVE ( 'NONE', #735, #3598, #2351, .T. ) ;
#2198 = DIRECTION ( 'NONE',  ( -0.000000000000000000, -0.000000000000000000, -1.000000000000000000 ) ) ;
#2199 = EDGE_LOOP ( 'NONE', ( #3371, #1416, #26, #3767 ) ) ;
#2200 = ORIENTED_EDGE ( 'NONE', *, *, #481, .T. ) ;
#2201 = DIRECTION ( 'NONE',  ( 0.7049845209112707289, -0.7092226908915888473, 0.000000000000000000 ) ) ;
#2202 = LINE ( 'NONE', #2580, #2924 ) ;
#2203 = CARTESIAN_POINT ( 'NONE',  ( 7.188803657608023201, 8.415085090169998949, 0.000000000000000000 ) ) ;
#2204 = CARTESIAN_POINT ( 'NONE',  ( 65.74084972657725245, 30.61190122397092495, 1.109997883926998163 ) ) ;
#2205 = CARTESIAN_POINT ( 'NONE',  ( 16.26968486712803141, 5.000000000000022204, 10.00000000000000000 ) ) ;
#2206 = CARTESIAN_POINT ( 'NONE',  ( 11.68769779765030847, 35.83617119703320952, 6.000000000000000000 ) ) ;
#2207 = ORIENTED_EDGE ( 'NONE', *, *, #1621, .F. ) ;
#2208 = CARTESIAN_POINT ( 'NONE',  ( 76.16692151384303600, 8.415085090169998949, 10.00000000000000000 ) ) ;
#2209 = DIRECTION ( 'NONE',  ( -1.000000000000000000, 0.000000000000000000, 0.000000000000000000 ) ) ;
#2210 = DIRECTION ( 'NONE',  ( -1.000000000000000000, 0.000000000000000000, -0.000000000000000000 ) ) ;
#2211 = DIRECTION ( 'NONE',  ( -0.7100637267678131526, -0.7041374183556817767, 0.000000000000000000 ) ) ;
#2212 = ORIENTED_EDGE ( 'NONE', *, *, #1552, .F. ) ;
#2213 = DIRECTION ( 'NONE',  ( 1.577021341797097018E-15, 1.000000000000000000, 0.000000000000000000 ) ) ;
#2214 = EDGE_CURVE ( 'NONE', #3214, #941, #1729, .T. ) ;
#2215 = EDGE_LOOP ( 'NONE', ( #3343, #1904, #2207, #3134, #1954, #2921, #1833, #741, #1570, #3479, #2908, #2800, #3647, #2222, #2030, #3708, #1496, #1013, #1802, #2993, #2664, #1033, #2949, #1785, #3179, #803, #1420, #2465, #1663, #2694, #3747, #2532, #1203, #503, #2050, #1108 ) ) ;
#2216 = CARTESIAN_POINT ( 'NONE',  ( 59.74084972657723824, 30.61190122397092495, 1.109997883926998163 ) ) ;
#2217 = DIRECTION ( 'NONE',  ( -0.000000000000000000, 0.000000000000000000, 1.000000000000000000 ) ) ;
#2218 = CARTESIAN_POINT ( 'NONE',  ( 8.888803657608024267, 56.44252476504900073, 10.00000000000000000 ) ) ;
#2219 = CARTESIAN_POINT ( 'NONE',  ( 58.06984934592702530, 40.61884720954800088, -8.271542309605473875 ) ) ;
#2220 = EDGE_CURVE ( 'NONE', #3247, #2127, #1426, .T. ) ;
#2221 = EDGE_LOOP ( 'NONE', ( #658, #2342, #3815, #34, #1770, #3679 ) ) ;
#2222 = ORIENTED_EDGE ( 'NONE', *, *, #2399, .T. ) ;
#2223 = DIRECTION ( 'NONE',  ( -0.000000000000000000, -0.000000000000000000, -1.000000000000000000 ) ) ;
#2224 = PLANE ( 'NONE',  #2793 ) ;
#2225 = CARTESIAN_POINT ( 'NONE',  ( -1.295857478532058682, 0.4758106805710405895, 4.000000000000000000 ) ) ;
#2226 = CARTESIAN_POINT ( 'NONE',  ( 74.46692151384306158, 56.44252476504900073, 10.00000000000000000 ) ) ;
#2227 = ORIENTED_EDGE ( 'NONE', *, *, #3009, .F. ) ;
#2228 = VECTOR ( 'NONE', #613, 1000.000000000000000 ) ;
#2229 = EDGE_CURVE ( 'NONE', #676, #3279, #3221, .T. ) ;
#2230 = LINE ( 'NONE', #2503, #2754 ) ;
#2231 = CARTESIAN_POINT ( 'NONE',  ( 6.992565577373027530, 59.97470916941908570, 0.000000000000000000 ) ) ;
#2232 = DIRECTION ( 'NONE',  ( 0.7071067811867248754, -0.7071067811863702701, 0.000000000000000000 ) ) ;
#2233 = VECTOR ( 'NONE', #409, 1000.000000000000000 ) ;
#2234 = ORIENTED_EDGE ( 'NONE', *, *, #492, .F. ) ;
#2235 = AXIS2_PLACEMENT_3D ( 'NONE', #363, #3590, #2434 ) ;
#2236 = ORIENTED_EDGE ( 'NONE', *, *, #1958, .F. ) ;
#2237 = CARTESIAN_POINT ( 'NONE',  ( 24.39487291362403454, 53.90641816659306329, 6.000000000000000000 ) ) ;
#2238 = AXIS2_PLACEMENT_3D ( 'NONE', #483, #1672, #2570 ) ;
#2239 = DIRECTION ( 'NONE',  ( -0.000000000000000000, -0.000000000000000000, 1.000000000000000000 ) ) ;
#2240 = LINE ( 'NONE', #2219, #1938 ) ;
#2241 = ORIENTED_EDGE ( 'NONE', *, *, #2946, .F. ) ;
#2242 = EDGE_LOOP ( 'NONE', ( #2751, #3091, #2116, #2413 ) ) ;
#2243 = PLANE ( 'NONE',  #2726 ) ;
#2244 = FACE_OUTER_BOUND ( 'NONE', #2647, .T. ) ;
#2245 = ADVANCED_FACE ( 'NONE', ( #1446 ), #863, .T. ) ;
#2246 = CARTESIAN_POINT ( 'NONE',  ( 78.03203064794003296, 52.35311032234201889, 10.00000000000000000 ) ) ;
#2247 = DIRECTION ( 'NONE',  ( -0.7071067811865479058, -0.7071067811865471286, 0.000000000000000000 ) ) ;
#2248 = CARTESIAN_POINT ( 'NONE',  ( 46.94653210253800779, 34.88980021391638076, 3.399999999999983036 ) ) ;
#2249 = EDGE_CURVE ( 'NONE', #484, #2609, #3617, .T. ) ;
#2250 = ORIENTED_EDGE ( 'NONE', *, *, #3336, .F. ) ;
#2251 = AXIS2_PLACEMENT_3D ( 'NONE', #2402, #2967, #2145 ) ;
#2252 = FACE_OUTER_BOUND ( 'NONE', #3742, .T. ) ;
#2253 = CARTESIAN_POINT ( 'NONE',  ( 74.41423944072103325, 5.000000000000023093, 10.00099999999999945 ) ) ;
#2254 = CARTESIAN_POINT ( 'NONE',  ( 0.000000000000000000, 0.000000000000000000, 0.9599999985689978699 ) ) ;
#2255 = CARTESIAN_POINT ( 'NONE',  ( 69.83157658086554420, 23.35317541498460159, 4.000000000000000000 ) ) ;
#2256 = VECTOR ( 'NONE', #2840, 1000.000000000000000 ) ;
#2257 = ADVANCED_FACE ( 'NONE', ( #3329 ), #2697, .F. ) ;
#2258 = ORIENTED_EDGE ( 'NONE', *, *, #2747, .T. ) ;
#2259 = DIRECTION ( 'NONE',  ( -1.000000000000000000, 0.000000000000000000, 0.000000000000000000 ) ) ;
#2260 = VECTOR ( 'NONE', #3124, 1000.000000000000000 ) ;
#2261 = VERTEX_POINT ( 'NONE', #3565 ) ;
#2262 = LINE ( 'NONE', #1334, #1758 ) ;
#2263 = DIRECTION ( 'NONE',  ( -1.000000000000000000, 0.000000000000000000, 0.000000000000000000 ) ) ;
#2264 = DIRECTION ( 'NONE',  ( -0.7071067811865453523, 0.7071067811865497932, 0.000000000000000000 ) ) ;
#2265 = VERTEX_POINT ( 'NONE', #1226 ) ;
#2266 = EDGE_CURVE ( 'NONE', #2334, #892, #375, .T. ) ;
#2267 = ORIENTED_EDGE ( 'NONE', *, *, #3763, .T. ) ;
#2268 = CARTESIAN_POINT ( 'NONE',  ( 65.74084972657725245, 30.61190122397092495, 1.109997883926998163 ) ) ;
#2269 = DIRECTION ( 'NONE',  ( -1.000000000000000000, 0.000000000000000000, 0.000000000000000000 ) ) ;
#2270 = ADVANCED_FACE ( 'NONE', ( #394 ), #2425, .F. ) ;
#2271 = VERTEX_POINT ( 'NONE', #2986 ) ;
#2272 = LINE ( 'NONE', #2831, #2667 ) ;
#2273 = FACE_BOUND ( 'NONE', #1292, .T. ) ;
#2274 = ORIENTED_EDGE ( 'NONE', *, *, #1979, .T. ) ;
#2275 = CARTESIAN_POINT ( 'NONE',  ( 25.52610449534172687, 52.77490806565516834, 6.000000000000000000 ) ) ;
#2276 = DIRECTION ( 'NONE',  ( 0.9387210029487057517, -0.3446779346331528826, 0.000000000000000000 ) ) ;
#2277 = CARTESIAN_POINT ( 'NONE',  ( 12.01402484683469041, 5.000000000000022204, 0.000000000000000000 ) ) ;
#2278 = CARTESIAN_POINT ( 'NONE',  ( 0.000000000000000000, 31.21190122397094413, 4.000000000000000000 ) ) ;
#2279 = VERTEX_POINT ( 'NONE', #3601 ) ;
#2280 = LINE ( 'NONE', #2885, #1687 ) ;
#2281 = EDGE_CURVE ( 'NONE', #2334, #3823, #3346, .T. ) ;
#2282 = ORIENTED_EDGE ( 'NONE', *, *, #2057, .F. ) ;
#2283 = LINE ( 'NONE', #2862, #1502 ) ;
#2284 = CARTESIAN_POINT ( 'NONE',  ( 10.58880365760802356, 56.44252476504900073, 10.00000000000000000 ) ) ;
#2285 = CARTESIAN_POINT ( 'NONE',  ( 76.16692151384303600, 56.44252476504900073, 0.000000000000000000 ) ) ;
#2286 = ORIENTED_EDGE ( 'NONE', *, *, #1026, .F. ) ;
#2287 = ORIENTED_EDGE ( 'NONE', *, *, #510, .T. ) ;
#2288 = DIRECTION ( 'NONE',  ( -0.000000000000000000, -0.000000000000000000, 1.000000000000000000 ) ) ;
#2289 = PLANE ( 'NONE',  #2067 ) ;
#2290 = EDGE_LOOP ( 'NONE', ( #2234, #592, #2345, #3498 ) ) ;
#2291 = DIRECTION ( 'NONE',  ( -0.7071067811865425767, -0.7071067811865525687, -0.000000000000000000 ) ) ;
#2292 = CARTESIAN_POINT ( 'NONE',  ( 73.34807733323548007, 45.95871309031685570, 5.000000000000000000 ) ) ;
#2293 = EDGE_CURVE ( 'NONE', #202, #996, #98, .T. ) ;
#2294 = LINE ( 'NONE', #2935, #1124 ) ;
#2295 = PLANE ( 'NONE',  #938 ) ;
#2296 = DIRECTION ( 'NONE',  ( 0.3446779346331528826, 0.9387210029487057517, 0.000000000000000000 ) ) ;
#2297 = CARTESIAN_POINT ( 'NONE',  ( 8.888803657608024267, 8.415085090169998949, 10.00000000000000000 ) ) ;
#2298 = EDGE_CURVE ( 'NONE', #1756, #3149, #3040, .T. ) ;
#2299 = VECTOR ( 'NONE', #2149, 1000.000000000000000 ) ;
#2300 = EDGE_CURVE ( 'NONE', #2, #2767, #79, .T. ) ;
#2301 = ORIENTED_EDGE ( 'NONE', *, *, #3658, .F. ) ;
#2302 = ORIENTED_EDGE ( 'NONE', *, *, #2940, .F. ) ;
#2303 = VECTOR ( 'NONE', #1764, 1000.000000000000000 ) ;
#2304 = LINE ( 'NONE', #3480, #2496 ) ;
#2305 = EDGE_CURVE ( 'NONE', #2127, #1491, #1581, .T. ) ;
#2306 = VECTOR ( 'NONE', #1740, 999.9999999999998863 ) ;
#2307 = DIRECTION ( 'NONE',  ( -1.000000000000000000, 0.000000000000000000, 0.000000000000000000 ) ) ;
#2308 = DIRECTION ( 'NONE',  ( -0.7071067811865502373, 0.7071067811865449082, 0.000000000000000000 ) ) ;
#2309 = ORIENTED_EDGE ( 'NONE', *, *, #1932, .F. ) ;
#2310 = ORIENTED_EDGE ( 'NONE', *, *, #1438, .F. ) ;
#2311 = AXIS2_PLACEMENT_3D ( 'NONE', #2218, #2239, #133 ) ;
#2312 = LINE ( 'NONE', #3829, #1360 ) ;
#2313 = CARTESIAN_POINT ( 'NONE',  ( 56.42884860408192083, 23.35317541498460514, 10.00099999999999945 ) ) ;
#2314 = ORIENTED_EDGE ( 'NONE', *, *, #1674, .F. ) ;
#2315 = LINE ( 'NONE', #595, #2541 ) ;
#2316 = CARTESIAN_POINT ( 'NONE',  ( 5.871324698771779538, 34.33421759231527659, 6.000000000000000000 ) ) ;
#2317 = DIRECTION ( 'NONE',  ( -1.000000000000000000, 1.652117596168386770E-15, 0.000000000000000000 ) ) ;
#2318 = CARTESIAN_POINT ( 'NONE',  ( 20.85129627085182946, 23.35317541498460159, 10.00099999999999945 ) ) ;
#2319 = EDGE_CURVE ( 'NONE', #2279, #897, #2110, .T. ) ;
#2320 = PLANE ( 'NONE',  #2385 ) ;
#2321 = AXIS2_PLACEMENT_3D ( 'NONE', #2720, #1894, #995 ) ;
#2322 = ORIENTED_EDGE ( 'NONE', *, *, #1873, .T. ) ;
#2323 = EDGE_LOOP ( 'NONE', ( #3467, #1259, #2258, #113 ) ) ;
#2324 = AXIS2_PLACEMENT_3D ( 'NONE', #2208, #1916, #3743 ) ;
#2325 = ADVANCED_FACE ( 'NONE', ( #28 ), #1793, .F. ) ;
#2326 = LINE ( 'NONE', #3501, #2758 ) ;
#2327 = AXIS2_PLACEMENT_3D ( 'NONE', #2297, #3456, #794 ) ;
#2328 = CARTESIAN_POINT ( 'NONE',  ( 0.000000000000000000, 35.48980021391638928, 4.000000000000000000 ) ) ;
#2329 = LINE ( 'NONE', #3554, #2071 ) ;
#2330 = EDGE_LOOP ( 'NONE', ( #2023, #870, #490, #1365 ) ) ;
#2331 = ORIENTED_EDGE ( 'NONE', *, *, #315, .T. ) ;
#2332 = EDGE_CURVE ( 'NONE', #3515, #3310, #340, .T. ) ;
#2333 = CARTESIAN_POINT ( 'NONE',  ( 64.56983569344401985, 35.50332283157010949, 3.399999999999996803 ) ) ;
#2334 = VERTEX_POINT ( 'NONE', #59 ) ;
#2335 = DIRECTION ( 'NONE',  ( 2.518321216464164144E-16, -1.000000000000000000, 0.000000000000000000 ) ) ;
#2336 = FACE_OUTER_BOUND ( 'NONE', #1480, .T. ) ;
#2337 = LINE ( 'NONE', #1779, #2376 ) ;
#2338 = CARTESIAN_POINT ( 'NONE',  ( 71.31952070086403239, 0.000000000000000000, 4.000000000000000000 ) ) ;
#2339 = EDGE_CURVE ( 'NONE', #2866, #20, #2444, .T. ) ;
#2340 = LINE ( 'NONE', #3821, #525 ) ;
#2341 = ORIENTED_EDGE ( 'NONE', *, *, #3701, .T. ) ;
#2342 = ORIENTED_EDGE ( 'NONE', *, *, #2300, .F. ) ;
#2343 = LINE ( 'NONE', #2686, #1256 ) ;
#2344 = DIRECTION ( 'NONE',  ( 0.000000000000000000, 0.7071067811865556774, -0.7071067811865393571 ) ) ;
#2345 = ORIENTED_EDGE ( 'NONE', *, *, #2918, .T. ) ;
#2346 = ORIENTED_EDGE ( 'NONE', *, *, #2629, .F. ) ;
#2347 = FACE_OUTER_BOUND ( 'NONE', #3388, .T. ) ;
#2348 = EDGE_CURVE ( 'NONE', #2767, #742, #1561, .T. ) ;
#2349 = DIRECTION ( 'NONE',  ( 0.000000000000000000, 0.000000000000000000, -1.000000000000000000 ) ) ;
#2350 = ORIENTED_EDGE ( 'NONE', *, *, #841, .T. ) ;
#2351 = LINE ( 'NONE', #2038, #1788 ) ;
#2352 = CARTESIAN_POINT ( 'NONE',  ( 40.70065559444936554, 40.69063719969623349, 4.000000000000000000 ) ) ;
#2353 = LINE ( 'NONE', #2026, #1185 ) ;
#2354 = LINE ( 'NONE', #1899, #3538 ) ;
#2355 = PLANE ( 'NONE',  #1876 ) ;
#2356 = LINE ( 'NONE', #2973, #2499 ) ;
#2357 = ORIENTED_EDGE ( 'NONE', *, *, #1387, .F. ) ;
#2358 = ORIENTED_EDGE ( 'NONE', *, *, #2332, .F. ) ;
#2359 = FACE_OUTER_BOUND ( 'NONE', #362, .T. ) ;
#2360 = VECTOR ( 'NONE', #1006, 1000.000000000000000 ) ;
#2361 = ORIENTED_EDGE ( 'NONE', *, *, #973, .F. ) ;
#2362 = VERTEX_POINT ( 'NONE', #915 ) ;
#2363 = VECTOR ( 'NONE', #1281, 1000.000000000000000 ) ;
#2364 = DIRECTION ( 'NONE',  ( -5.782411586589358625E-16, -1.000000000000000000, 0.000000000000000000 ) ) ;
#2365 = ORIENTED_EDGE ( 'NONE', *, *, #321, .T. ) ;
#2366 = VECTOR ( 'NONE', #1641, 1000.000000000000000 ) ;
#2367 = EDGE_CURVE ( 'NONE', #2002, #2, #3293, .T. ) ;
#2368 = FACE_OUTER_BOUND ( 'NONE', #3288, .T. ) ;
#2369 = DIRECTION ( 'NONE',  ( 0.000000000000000000, -1.000000000000000000, 0.000000000000000000 ) ) ;
#2370 = VECTOR ( 'NONE', #1022, 1000.000000000000000 ) ;
#2371 = FACE_OUTER_BOUND ( 'NONE', #2330, .T. ) ;
#2372 = DIRECTION ( 'NONE',  ( -0.000000000000000000, -0.000000000000000000, -1.000000000000000000 ) ) ;
#2373 = ADVANCED_FACE ( 'NONE', ( #632 ), #2755, .F. ) ;
#2374 = CARTESIAN_POINT ( 'NONE',  ( 55.42884860408193504, 24.35317541498459448, -10.67514906227531313 ) ) ;
#2375 = EDGE_LOOP ( 'NONE', ( #2386, #381, #3102, #2077 ) ) ;
#2376 = VECTOR ( 'NONE', #562, 1000.000000000000000 ) ;
#2377 = ORIENTED_EDGE ( 'NONE', *, *, #1920, .F. ) ;
#2378 = ADVANCED_FACE ( 'NONE', ( #3733 ), #2243, .T. ) ;
#2379 = LINE ( 'NONE', #1437, #1136 ) ;
#2380 = VECTOR ( 'NONE', #912, 1000.000000000000000 ) ;
#2381 = VERTEX_POINT ( 'NONE', #3156 ) ;
#2382 = AXIS2_PLACEMENT_3D ( 'NONE', #2594, #3768, #1104 ) ;
#2383 = DIRECTION ( 'NONE',  ( 0.000000000000000000, 0.000000000000000000, -1.000000000000000000 ) ) ;
#2384 = EDGE_LOOP ( 'NONE', ( #2287, #1421, #1790, #3215 ) ) ;
#2385 = AXIS2_PLACEMENT_3D ( 'NONE', #2043, #2662, #601 ) ;
#2386 = ORIENTED_EDGE ( 'NONE', *, *, #1979, .F. ) ;
#2387 = DIRECTION ( 'NONE',  ( 0.7071067811865474617, -0.7071067811865474617, 0.000000000000000000 ) ) ;
#2388 = LINE ( 'NONE', #581, #2303 ) ;
#2389 = LINE ( 'NONE', #2133, #2867 ) ;
#2390 = EDGE_CURVE ( 'NONE', #1102, #3811, #2493, .T. ) ;
#2391 = LINE ( 'NONE', #286, #3292 ) ;
#2392 = DIRECTION ( 'NONE',  ( -0.000000000000000000, -0.000000000000000000, -1.000000000000000000 ) ) ;
#2393 = PLANE ( 'NONE',  #449 ) ;
#2394 = ORIENTED_EDGE ( 'NONE', *, *, #695, .T. ) ;
#2395 = EDGE_CURVE ( 'NONE', #2818, #152, #1050, .T. ) ;
#2396 = DIRECTION ( 'NONE',  ( 0.000000000000000000, 0.000000000000000000, -1.000000000000000000 ) ) ;
#2397 = ORIENTED_EDGE ( 'NONE', *, *, #3259, .F. ) ;
#2398 = DIRECTION ( 'NONE',  ( -0.000000000000000000, -0.000000000000000000, -1.000000000000000000 ) ) ;
#2399 = EDGE_CURVE ( 'NONE', #3414, #3090, #2534, .T. ) ;
#2400 = ORIENTED_EDGE ( 'NONE', *, *, #2064, .T. ) ;
#2401 = EDGE_CURVE ( 'NONE', #3004, #3738, #1071, .T. ) ;
#2402 = CARTESIAN_POINT ( 'NONE',  ( 24.39487291362403454, 53.90641816659306329, 6.000000000000000000 ) ) ;
#2403 = VERTEX_POINT ( 'NONE', #3447 ) ;
#2404 = ORIENTED_EDGE ( 'NONE', *, *, #2809, .F. ) ;
#2405 = CARTESIAN_POINT ( 'NONE',  ( 5.000000000000903277, 54.01736618697488979, 10.00099999999999945 ) ) ;
#2406 = LINE ( 'NONE', #2461, #3782 ) ;
#2407 = CARTESIAN_POINT ( 'NONE',  ( 11.13621310223726368, 34.33421759231528370, 6.000000000000000000 ) ) ;
#2408 = PLANE ( 'NONE',  #627 ) ;
#2409 = DIRECTION ( 'NONE',  ( -0.000000000000000000, 0.000000000000000000, -1.000000000000000000 ) ) ;
#2410 = EDGE_CURVE ( 'NONE', #202, #3364, #1361, .T. ) ;
#2411 = ORIENTED_EDGE ( 'NONE', *, *, #1244, .T. ) ;
#2412 = CARTESIAN_POINT ( 'NONE',  ( 40.70065559444936554, 40.69063719969623349, 0.000000000000000000 ) ) ;
#2413 = ORIENTED_EDGE ( 'NONE', *, *, #1211, .T. ) ;
#2414 = CARTESIAN_POINT ( 'NONE',  ( 56.42884860408192083, 23.35317541498460514, 10.00000000000000000 ) ) ;
#2415 = CARTESIAN_POINT ( 'NONE',  ( 41.42884860408194214, 23.35317541498460159, 10.00000000000000000 ) ) ;
#2416 = ADVANCED_FACE ( 'NONE', ( #1906 ), #493, .F. ) ;
#2417 = EDGE_CURVE ( 'NONE', #2154, #2192, #2869, .T. ) ;
#2418 = ORIENTED_EDGE ( 'NONE', *, *, #83, .T. ) ;
#2419 = ADVANCED_FACE ( 'NONE', ( #3690 ), #1973, .F. ) ;
#2420 = VECTOR ( 'NONE', #2931, 1000.000000000000000 ) ;
#2421 = CARTESIAN_POINT ( 'NONE',  ( 59.14084972657722261, 0.000000000000000000, 4.000000000000000000 ) ) ;
#2422 = EDGE_LOOP ( 'NONE', ( #2182, #2651, #2088, #1238 ) ) ;
#2423 = ORIENTED_EDGE ( 'NONE', *, *, #94, .F. ) ;
#2424 = CIRCLE ( 'NONE', #1792, 1.699999999999993072 ) ;
#2425 = PLANE ( 'NONE',  #2789 ) ;
#2426 = DIRECTION ( 'NONE',  ( 0.000000000000000000, 0.000000000000000000, 1.000000000000000000 ) ) ;
#2427 = DIRECTION ( 'NONE',  ( 0.7071067811865475727, 0.7071067811865475727, -0.000000000000000000 ) ) ;
#2428 = CIRCLE ( 'NONE', #1796, 1.700000000000001066 ) ;
#2429 = CARTESIAN_POINT ( 'NONE',  ( 18.61060500309818977, 30.68592075184099599, 3.399999999999983036 ) ) ;
#2430 = VECTOR ( 'NONE', #3103, 1000.000000000000000 ) ;
#2431 = ORIENTED_EDGE ( 'NONE', *, *, #326, .F. ) ;
#2432 = CARTESIAN_POINT ( 'NONE',  ( 73.15243468099103552, 20.03231731485909961, 10.00000000000000000 ) ) ;
#2433 = VERTEX_POINT ( 'NONE', #722 ) ;
#2434 = DIRECTION ( 'NONE',  ( 0.7071067811865464625, 0.7071067811865486830, 0.000000000000000000 ) ) ;
#2435 = CARTESIAN_POINT ( 'NONE',  ( 58.06984934592702530, 40.61884720954800088, -8.271542309605473875 ) ) ;
#2436 = VECTOR ( 'NONE', #322, 999.9999999999998863 ) ;
#2437 = ORIENTED_EDGE ( 'NONE', *, *, #211, .T. ) ;
#2438 = VECTOR ( 'NONE', #821, 1000.000000000000114 ) ;
#2439 = LINE ( 'NONE', #1187, #442 ) ;
#2440 = EDGE_CURVE ( 'NONE', #1436, #3664, #2845, .T. ) ;
#2441 = ORIENTED_EDGE ( 'NONE', *, *, #1932, .T. ) ;
#2442 = ORIENTED_EDGE ( 'NONE', *, *, #2791, .F. ) ;
#2443 = CIRCLE ( 'NONE', #2692, 1.699999999999999289 ) ;
#2444 = LINE ( 'NONE', #2459, #1603 ) ;
#2445 = FACE_OUTER_BOUND ( 'NONE', #1331, .T. ) ;
#2446 = CARTESIAN_POINT ( 'NONE',  ( 75.02984732797570189, 13.93771831048098697, 4.000000000000000000 ) ) ;
#2447 = VECTOR ( 'NONE', #3570, 1000.000000000000000 ) ;
#2448 = LINE ( 'NONE', #2136, #1822 ) ;
#2449 = ORIENTED_EDGE ( 'NONE', *, *, #128, .T. ) ;
#2450 = DIRECTION ( 'NONE',  ( -0.000000000000000000, -0.000000000000000000, 1.000000000000000000 ) ) ;
#2451 = VERTEX_POINT ( 'NONE', #1933 ) ;
#2452 = DIRECTION ( 'NONE',  ( 0.5773502691896212902, 0.5773502691896212902, 0.5773502691896346128 ) ) ;
#2453 = LINE ( 'NONE', #3339, #642 ) ;
#2454 = EDGE_CURVE ( 'NONE', #1436, #3541, #2787, .T. ) ;
#2455 = ORIENTED_EDGE ( 'NONE', *, *, #3746, .F. ) ;
#2456 = CARTESIAN_POINT ( 'NONE',  ( 76.16692151384303600, 56.44252476504900073, 10.00099999999999945 ) ) ;
#2457 = ORIENTED_EDGE ( 'NONE', *, *, #1009, .F. ) ;
#2458 = EDGE_LOOP ( 'NONE', ( #855, #3758, #2449, #522 ) ) ;
#2459 = CARTESIAN_POINT ( 'NONE',  ( 32.14653210253800353, 35.48980021391638928, 4.000000000000000000 ) ) ;
#2460 = EDGE_CURVE ( 'NONE', #392, #2984, #1320, .T. ) ;
#2461 = CARTESIAN_POINT ( 'NONE',  ( 60.23651146176602111, 38.45218509370900506, 1.233337884160998987 ) ) ;
#2462 = CARTESIAN_POINT ( 'NONE',  ( 64.56983569344401985, 40.61884720954800088, 3.399999999999996803 ) ) ;
#2463 = DIRECTION ( 'NONE',  ( -1.000000000000000000, 0.000000000000000000, 0.000000000000000000 ) ) ;
#2464 = CARTESIAN_POINT ( 'NONE',  ( 46.94653210253800779, 0.000000000000000000, 3.399999999999983036 ) ) ;
#2465 = ORIENTED_EDGE ( 'NONE', *, *, #600, .T. ) ;
#2466 = FACE_OUTER_BOUND ( 'NONE', #2784, .T. ) ;
#2467 = VERTEX_POINT ( 'NONE', #1684 ) ;
#2468 = PLANE ( 'NONE',  #2113 ) ;
#2469 = DIRECTION ( 'NONE',  ( 0.000000000000000000, -1.000000000000000000, 0.000000000000000000 ) ) ;
#2470 = ORIENTED_EDGE ( 'NONE', *, *, #3097, .T. ) ;
#2471 = LINE ( 'NONE', #3089, #3610 ) ;
#2472 = ORIENTED_EDGE ( 'NONE', *, *, #928, .T. ) ;
#2473 = EDGE_LOOP ( 'NONE', ( #393, #1587, #2632, #639, #3594 ) ) ;
#2474 = LINE ( 'NONE', #784, #2790 ) ;
#2475 = CARTESIAN_POINT ( 'NONE',  ( 23.77356091487909495, 59.97470916941908570, 0.000000000000000000 ) ) ;
#2476 = AXIS2_PLACEMENT_3D ( 'NONE', #1192, #1153, #1116 ) ;
#2477 = EDGE_CURVE ( 'NONE', #3776, #426, #2474, .T. ) ;
#2478 = VECTOR ( 'NONE', #2369, 1000.000000000000000 ) ;
#2479 = PLANE ( 'NONE',  #942 ) ;
#2480 = AXIS2_PLACEMENT_3D ( 'NONE', #827, #3204, #1725 ) ;
#2481 = ORIENTED_EDGE ( 'NONE', *, *, #1166, .F. ) ;
#2482 = CARTESIAN_POINT ( 'NONE',  ( 11.30691806564784763, 11.30691806564793467, 4.000000000000000000 ) ) ;
#2483 = ORIENTED_EDGE ( 'NONE', *, *, #1696, .T. ) ;
#2484 = PLANE ( 'NONE',  #1864 ) ;
#2485 = CARTESIAN_POINT ( 'NONE',  ( 41.42884860408194214, 27.75317541498460372, 4.000000000000000000 ) ) ;
#2486 = AXIS2_PLACEMENT_3D ( 'NONE', #3675, #82, #119 ) ;
#2487 = ORIENTED_EDGE ( 'NONE', *, *, #292, .F. ) ;
#2488 = CARTESIAN_POINT ( 'NONE',  ( 65.34807733323546586, 40.95871309031685570, 5.000000000000000000 ) ) ;
#2489 = AXIS2_PLACEMENT_3D ( 'NONE', #1521, #3331, #342 ) ;
#2490 = DIRECTION ( 'NONE',  ( -0.000000000000000000, -0.000000000000000000, 1.000000000000000000 ) ) ;
#2491 = ORIENTED_EDGE ( 'NONE', *, *, #2390, .T. ) ;
#2492 = ORIENTED_EDGE ( 'NONE', *, *, #2440, .T. ) ;
#2493 = LINE ( 'NONE', #3383, #3226 ) ;
#2494 = VECTOR ( 'NONE', #3487, 1000.000000000000000 ) ;
#2495 = LINE ( 'NONE', #1051, #2979 ) ;
#2496 = VECTOR ( 'NONE', #1064, 1000.000000000000000 ) ;
#2497 = LINE ( 'NONE', #2225, #2666 ) ;
#2498 = CARTESIAN_POINT ( 'NONE',  ( 0.000000000000000000, 52.77490806565516834, 4.000000000000000000 ) ) ;
#2499 = VECTOR ( 'NONE', #1451, 1000.000000000000000 ) ;
#2500 = EDGE_CURVE ( 'NONE', #949, #703, #1280, .T. ) ;
#2501 = EDGE_CURVE ( 'NONE', #42, #3207, #3077, .T. ) ;
#2502 = ORIENTED_EDGE ( 'NONE', *, *, #315, .F. ) ;
#2503 = CARTESIAN_POINT ( 'NONE',  ( 77.98218423212703954, 5.000000000000023093, 10.00099999999999945 ) ) ;
#2504 = LINE ( 'NONE', #2253, #1425 ) ;
#2505 = VECTOR ( 'NONE', #2463, 1000.000000000000000 ) ;
#2506 = LINE ( 'NONE', #793, #1115 ) ;
#2507 = LINE ( 'NONE', #216, #1384 ) ;
#2508 = EDGE_CURVE ( 'NONE', #1995, #1718, #2828, .T. ) ;
#2509 = EDGE_LOOP ( 'NONE', ( #578, #3228, #1870, #1924 ) ) ;
#2510 = CARTESIAN_POINT ( 'NONE',  ( 55.42884860408193504, 23.35317541498460159, 10.00000000000000000 ) ) ;
#2511 = ORIENTED_EDGE ( 'NONE', *, *, #2072, .F. ) ;
#2512 = DIRECTION ( 'NONE',  ( 1.000000000000000000, 0.000000000000000000, 0.000000000000000000 ) ) ;
#2513 = DIRECTION ( 'NONE',  ( -1.000000000000000000, 0.000000000000000000, -0.000000000000000000 ) ) ;
#2514 = ORIENTED_EDGE ( 'NONE', *, *, #2034, .T. ) ;
#2515 = VERTEX_POINT ( 'NONE', #116 ) ;
#2516 = DIRECTION ( 'NONE',  ( 0.7071067811865472397, 0.7071067811865479058, 0.000000000000000000 ) ) ;
#2517 = DIRECTION ( 'NONE',  ( -0.000000000000000000, -0.000000000000000000, -1.000000000000000000 ) ) ;
#2518 = CARTESIAN_POINT ( 'NONE',  ( 7.188803657608024977, 56.44252476504900073, 10.00000000000000000 ) ) ;
#2519 = DIRECTION ( 'NONE',  ( -0.000000000000000000, -0.000000000000000000, -1.000000000000000000 ) ) ;
#2520 = LINE ( 'NONE', #2206, #1866 ) ;
#2521 = VERTEX_POINT ( 'NONE', #3672 ) ;
#2522 = CARTESIAN_POINT ( 'NONE',  ( 32.14653210253800353, 28.88980021391638431, 0.9599999985689978699 ) ) ;
#2523 = DIRECTION ( 'NONE',  ( -0.7071067811865455743, 0.7071067811865493491, 0.000000000000000000 ) ) ;
#2524 = ADVANCED_FACE ( 'NONE', ( #3111 ), #3092, .F. ) ;
#2525 = FACE_OUTER_BOUND ( 'NONE', #1631, .T. ) ;
#2526 = ORIENTED_EDGE ( 'NONE', *, *, #155, .F. ) ;
#2527 = ORIENTED_EDGE ( 'NONE', *, *, #656, .T. ) ;
#2528 = DIRECTION ( 'NONE',  ( -0.000000000000000000, -0.000000000000000000, 1.000000000000000000 ) ) ;
#2529 = DIRECTION ( 'NONE',  ( 0.000000000000000000, -0.000000000000000000, -1.000000000000000000 ) ) ;
#2530 = CARTESIAN_POINT ( 'NONE',  ( 36.03180065388673370, 44.29286487643512515, 4.000000000000000000 ) ) ;
#2531 = LINE ( 'NONE', #467, #265 ) ;
#2532 = ORIENTED_EDGE ( 'NONE', *, *, #3324, .T. ) ;
#2533 = EDGE_LOOP ( 'NONE', ( #482, #1264, #2839, #1602 ) ) ;
#2534 = LINE ( 'NONE', #1889, #2608 ) ;
#2535 = CARTESIAN_POINT ( 'NONE',  ( 79.97474980950003953, 10.50829548434902350, 0.000000000000000000 ) ) ;
#2536 = CARTESIAN_POINT ( 'NONE',  ( 30.61060500309818977, 30.68592075184099599, 3.399999999999983036 ) ) ;
#2537 = EDGE_CURVE ( 'NONE', #742, #3310, #2653, .T. ) ;
#2538 = DIRECTION ( 'NONE',  ( 0.000000000000000000, 0.000000000000000000, -1.000000000000000000 ) ) ;
#2539 = DIRECTION ( 'NONE',  ( -0.7071067811865475727, 0.000000000000000000, 0.7071067811865475727 ) ) ;
#2540 = ORIENTED_EDGE ( 'NONE', *, *, #2367, .F. ) ;
#2541 = VECTOR ( 'NONE', #1777, 1000.000000000000114 ) ;
#2542 = LINE ( 'NONE', #190, #1814 ) ;
#2543 = DIRECTION ( 'NONE',  ( -0.000000000000000000, -0.000000000000000000, -1.000000000000000000 ) ) ;
#2544 = DIRECTION ( 'NONE',  ( -0.5773502691896165162, -0.5773502691896237327, -0.5773502691896370553 ) ) ;
#2545 = ORIENTED_EDGE ( 'NONE', *, *, #2332, .T. ) ;
#2546 = ADVANCED_FACE ( 'NONE', ( #1643 ), #3162, .F. ) ;
#2547 = AXIS2_PLACEMENT_3D ( 'NONE', #1598, #3157, #804 ) ;
#2548 = EDGE_LOOP ( 'NONE', ( #3059, #2903, #894, #1445 ) ) ;
#2549 = CARTESIAN_POINT ( 'NONE',  ( 8.537836594548677382, -8.537836594548677382, 4.000000000000000000 ) ) ;
#2550 = VECTOR ( 'NONE', #1345, 999.9999999999998863 ) ;
#2551 = EDGE_CURVE ( 'NONE', #3159, #3075, #727, .T. ) ;
#2552 = PLANE ( 'NONE',  #2678 ) ;
#2553 = CARTESIAN_POINT ( 'NONE',  ( 36.63180065388673512, 43.69286487643512373, 1.699885383662997906 ) ) ;
#2554 = VERTEX_POINT ( 'NONE', #501 ) ;
#2555 = ORIENTED_EDGE ( 'NONE', *, *, #2770, .F. ) ;
#2556 = CARTESIAN_POINT ( 'NONE',  ( 73.15243468099103552, 12.06030566349624422, 4.000000000000000000 ) ) ;
#2557 = CARTESIAN_POINT ( 'NONE',  ( 47.54653210253800921, 35.48980021391638928, 4.000000000000000000 ) ) ;
#2558 = VECTOR ( 'NONE', #1135, 999.9999999999998863 ) ;
#2559 = ORIENTED_EDGE ( 'NONE', *, *, #918, .T. ) ;
#2560 = LINE ( 'NONE', #2811, #2169 ) ;
#2561 = CARTESIAN_POINT ( 'NONE',  ( 69.83157658086554420, 23.35317541498460159, 10.00099999999999945 ) ) ;
#2562 = ORIENTED_EDGE ( 'NONE', *, *, #2966, .T. ) ;
#2563 = VECTOR ( 'NONE', #649, 1000.000000000000000 ) ;
#2564 = LINE ( 'NONE', #1959, #1133 ) ;
#2565 = CARTESIAN_POINT ( 'NONE',  ( 30.61060500309818622, 24.68592075184099954, 3.399999999999983036 ) ) ;
#2566 = LINE ( 'NONE', #1669, #3349 ) ;
#2567 = CARTESIAN_POINT ( 'NONE',  ( 79.97474980950003953, 6.992565577373023977, 10.00099999999999945 ) ) ;
#2568 = VECTOR ( 'NONE', #404, 1000.000000000000000 ) ;
#2569 = ORIENTED_EDGE ( 'NONE', *, *, #673, .T. ) ;
#2570 = DIRECTION ( 'NONE',  ( 0.000000000000000000, 0.000000000000000000, -1.000000000000000000 ) ) ;
#2571 = AXIS2_PLACEMENT_3D ( 'NONE', #909, #2031, #1474 ) ;
#2572 = ORIENTED_EDGE ( 'NONE', *, *, #2348, .F. ) ;
#2573 = CARTESIAN_POINT ( 'NONE',  ( 73.34807733323548007, 45.95871309031685570, 5.000000000000000000 ) ) ;
#2574 = ADVANCED_FACE ( 'NONE', ( #1623 ), #209, .F. ) ;
#2575 = CARTESIAN_POINT ( 'NONE',  ( 12.07195935263212583, 55.33397611666537586, 4.000000000000000000 ) ) ;
#2576 = CARTESIAN_POINT ( 'NONE',  ( 54.61482092964091350, 59.34967741935614782, 6.000000000000000000 ) ) ;
#2577 = ORIENTED_EDGE ( 'NONE', *, *, #1689, .T. ) ;
#2578 = ORIENTED_EDGE ( 'NONE', *, *, #1809, .T. ) ;
#2579 = ADVANCED_FACE ( 'NONE', ( #2273, #1691 ), #3740, .T. ) ;
#2580 = CARTESIAN_POINT ( 'NONE',  ( 9.714451465470119729E-14, 28.93771831048124454, 0.000000000000000000 ) ) ;
#2581 = PLANE ( 'NONE',  #1063 ) ;
#2582 = VERTEX_POINT ( 'NONE', #1324 ) ;
#2583 = EDGE_CURVE ( 'NONE', #1710, #2851, #2876, .T. ) ;
#2584 = EDGE_CURVE ( 'NONE', #663, #1396, #3678, .T. ) ;
#2585 = LINE ( 'NONE', #3676, #1478 ) ;
#2586 = DIRECTION ( 'NONE',  ( -1.000000000000000000, 0.000000000000000000, -0.000000000000000000 ) ) ;
#2587 = CARTESIAN_POINT ( 'NONE',  ( 40.83180065388673796, 38.69286487643512373, 1.699885383662997906 ) ) ;
#2588 = CARTESIAN_POINT ( 'NONE',  ( -4.857225732735059864E-14, 34.33421759231526948, 4.000000000000000000 ) ) ;
#2589 = DIRECTION ( 'NONE',  ( 0.000000000000000000, -1.000000000000000000, 0.000000000000000000 ) ) ;
#2590 = CARTESIAN_POINT ( 'NONE',  ( 16.26968486712803141, 5.000000000000023093, 10.00099999999999945 ) ) ;
#2591 = EDGE_CURVE ( 'NONE', #2980, #3656, #2005, .T. ) ;
#2592 = VERTEX_POINT ( 'NONE', #3140 ) ;
#2593 = VERTEX_POINT ( 'NONE', #2248 ) ;
#2594 = CARTESIAN_POINT ( 'NONE',  ( 64.56983569344401985, 40.61884720954800088, -8.271542309605473875 ) ) ;
#2595 = CARTESIAN_POINT ( 'NONE',  ( 0.3472840214997011121, -0.3473695258972286926, 4.000000000000000000 ) ) ;
#2596 = LINE ( 'NONE', #2017, #2438 ) ;
#2597 = VERTEX_POINT ( 'NONE', #2205 ) ;
#2598 = ORIENTED_EDGE ( 'NONE', *, *, #2770, .T. ) ;
#2599 = FACE_OUTER_BOUND ( 'NONE', #1921, .T. ) ;
#2600 = DIRECTION ( 'NONE',  ( 0.000000000000000000, 0.000000000000000000, -1.000000000000000000 ) ) ;
#2601 = EDGE_CURVE ( 'NONE', #2181, #963, #1011, .T. ) ;
#2602 = ORIENTED_EDGE ( 'NONE', *, *, #838, .F. ) ;
#2603 = PLANE ( 'NONE',  #2476 ) ;
#2604 = DIRECTION ( 'NONE',  ( 1.982541115402065702E-15, 1.000000000000000000, 0.000000000000000000 ) ) ;
#2605 = LINE ( 'NONE', #1172, #1869 ) ;
#2606 = DIRECTION ( 'NONE',  ( -0.000000000000000000, -0.000000000000000000, -1.000000000000000000 ) ) ;
#2607 = CARTESIAN_POINT ( 'NONE',  ( 75.02984732797570189, 0.000000000000000000, 4.000000000000000000 ) ) ;
#2608 = VECTOR ( 'NONE', #2516, 999.9999999999998863 ) ;
#2609 = VERTEX_POINT ( 'NONE', #3386 ) ;
#2610 = ADVANCED_FACE ( 'NONE', ( #1936 ), #524, .T. ) ;
#2611 = EDGE_LOOP ( 'NONE', ( #621, #1835, #127, #1727 ) ) ;
#2612 = VECTOR ( 'NONE', #471, 1000.000000000000000 ) ;
#2613 = CARTESIAN_POINT ( 'NONE',  ( 73.15243468099103552, 12.06030566349624422, 4.000000000000000000 ) ) ;
#2614 = VECTOR ( 'NONE', #775, 1000.000000000000000 ) ;
#2615 = ADVANCED_FACE ( 'NONE', ( #1097 ), #475, .F. ) ;
#2616 = FACE_OUTER_BOUND ( 'NONE', #3646, .T. ) ;
#2617 = EDGE_LOOP ( 'NONE', ( #849, #3732, #1591, #354 ) ) ;
#2618 = ORIENTED_EDGE ( 'NONE', *, *, #1664, .T. ) ;
#2619 = CIRCLE ( 'NONE', #2311, 1.699999999999999289 ) ;
#2620 = LINE ( 'NONE', #2022, #3053 ) ;
#2621 = EDGE_LOOP ( 'NONE', ( #3142, #2309, #306, #2236 ) ) ;
#2622 = CARTESIAN_POINT ( 'NONE',  ( 16.26968486712803141, 5.000000000000023093, 0.000000000000000000 ) ) ;
#2623 = ADVANCED_FACE ( 'NONE', ( #3430 ), #1032, .T. ) ;
#2624 = CARTESIAN_POINT ( 'NONE',  ( 55.42884860408194214, 26.75317541498458951, 4.000000000000000000 ) ) ;
#2625 = LINE ( 'NONE', #865, #1370 ) ;
#2626 = DIRECTION ( 'NONE',  ( 0.7071067811865350272, 0.7071067811865600072, 0.000000000000000000 ) ) ;
#2627 = LINE ( 'NONE', #1432, #2193 ) ;
#2628 = EDGE_CURVE ( 'NONE', #2154, #1671, #3260, .T. ) ;
#2629 = EDGE_CURVE ( 'NONE', #3587, #2362, #561, .T. ) ;
#2630 = AXIS2_PLACEMENT_3D ( 'NONE', #1789, #1499, #2983 ) ;
#2631 = ORIENTED_EDGE ( 'NONE', *, *, #1522, .F. ) ;
#2632 = ORIENTED_EDGE ( 'NONE', *, *, #211, .F. ) ;
#2633 = VECTOR ( 'NONE', #368, 1000.000000000000000 ) ;
#2634 = LINE ( 'NONE', #591, #3741 ) ;
#2635 = ADVANCED_FACE ( 'NONE', ( #2079 ), #596, .T. ) ;
#2636 = VECTOR ( 'NONE', #937, 1000.000000000000000 ) ;
#2637 = ORIENTED_EDGE ( 'NONE', *, *, #1222, .F. ) ;
#2638 = ORIENTED_EDGE ( 'NONE', *, *, #3027, .F. ) ;
#2639 = DIRECTION ( 'NONE',  ( -1.000000000000000000, 1.652117596168386770E-15, 0.000000000000000000 ) ) ;
#2640 = FACE_BOUND ( 'NONE', #345, .T. ) ;
#2641 = EDGE_LOOP ( 'NONE', ( #1441, #2250, #3752, #2999 ) ) ;
#2642 = CARTESIAN_POINT ( 'NONE',  ( 24.39487291362403099, 59.35339717067414256, 10.00099999999999945 ) ) ;
#2643 = CARTESIAN_POINT ( 'NONE',  ( 0.000000000000000000, 0.000000000000000000, 5.000000000000000000 ) ) ;
#2644 = DIRECTION ( 'NONE',  ( -1.000000000000000000, 0.000000000000000000, 0.000000000000000000 ) ) ;
#2645 = LINE ( 'NONE', #2338, #1566 ) ;
#2646 = LINE ( 'NONE', #586, #765 ) ;
#2647 = EDGE_LOOP ( 'NONE', ( #1279, #667, #1555, #3605 ) ) ;
#2648 = VERTEX_POINT ( 'NONE', #2624 ) ;
#2649 = CARTESIAN_POINT ( 'NONE',  ( 32.14653210253800353, 28.88980021391638431, 3.399999999999983036 ) ) ;
#2650 = EDGE_CURVE ( 'NONE', #623, #1698, #2059, .T. ) ;
#2651 = ORIENTED_EDGE ( 'NONE', *, *, #487, .T. ) ;
#2652 = ORIENTED_EDGE ( 'NONE', *, *, #2537, .F. ) ;
#2653 = LINE ( 'NONE', #3254, #921 ) ;
#2654 = CARTESIAN_POINT ( 'NONE',  ( 24.39487291362403099, 59.35339717067414256, 6.000000000000000000 ) ) ;
#2655 = CARTESIAN_POINT ( 'NONE',  ( 40.83180065388673796, 43.69286487643512373, 1.699885383662997906 ) ) ;
#2656 = ORIENTED_EDGE ( 'NONE', *, *, #2011, .F. ) ;
#2657 = LINE ( 'NONE', #3817, #801 ) ;
#2658 = CARTESIAN_POINT ( 'NONE',  ( 76.16692151384303600, 8.415085090169998949, 10.00099999999999945 ) ) ;
#2659 = DIRECTION ( 'NONE',  ( 1.000000000000000000, 0.000000000000000000, 0.000000000000000000 ) ) ;
#2660 = LINE ( 'NONE', #1523, #1554 ) ;
#2661 = CARTESIAN_POINT ( 'NONE',  ( -14.23144644677175386, 14.23144644677176629, 4.000000000000000000 ) ) ;
#2662 = DIRECTION ( 'NONE',  ( 1.000000000000000000, 0.000000000000000000, 0.000000000000000000 ) ) ;
#2663 = ORIENTED_EDGE ( 'NONE', *, *, #3561, .T. ) ;
#2664 = ORIENTED_EDGE ( 'NONE', *, *, #1402, .T. ) ;
#2665 = DIRECTION ( 'NONE',  ( 0.000000000000000000, -1.000000000000000000, 0.000000000000000000 ) ) ;
#2666 = VECTOR ( 'NONE', #500, 1000.000000000000000 ) ;
#2667 = VECTOR ( 'NONE', #3450, 1000.000000000000000 ) ;
#2668 = ORIENTED_EDGE ( 'NONE', *, *, #3645, .F. ) ;
#2669 = EDGE_CURVE ( 'NONE', #184, #608, #268, .T. ) ;
#2670 = VECTOR ( 'NONE', #1171, 1000.000000000000000 ) ;
#2671 = EDGE_CURVE ( 'NONE', #473, #3517, #2424, .T. ) ;
#2672 = CARTESIAN_POINT ( 'NONE',  ( 54.42884860408192793, 27.75317541498460372, -10.67514906227531313 ) ) ;
#2673 = ORIENTED_EDGE ( 'NONE', *, *, #1485, .T. ) ;
#2674 = EDGE_LOOP ( 'NONE', ( #328, #3612, #3574, #1957 ) ) ;
#2675 = VECTOR ( 'NONE', #3078, 1000.000000000000000 ) ;
#2676 = CARTESIAN_POINT ( 'NONE',  ( 30.54606450874868173, -30.54606450874760171, 4.000000000000000000 ) ) ;
#2677 = CARTESIAN_POINT ( 'NONE',  ( 76.16692151384303600, 8.415085090169998949, 0.000000000000000000 ) ) ;
#2678 = AXIS2_PLACEMENT_3D ( 'NONE', #1636, #3729, #1969 ) ;
#2679 = DIRECTION ( 'NONE',  ( -0.3446779346331528826, -0.9387210029487057517, -0.000000000000000000 ) ) ;
#2680 = FACE_OUTER_BOUND ( 'NONE', #2548, .T. ) ;
#2681 = DIRECTION ( 'NONE',  ( -1.000000000000000000, 0.000000000000000000, 0.000000000000000000 ) ) ;
#2682 = DIRECTION ( 'NONE',  ( -0.000000000000000000, -0.000000000000000000, -1.000000000000000000 ) ) ;
#2683 = ORIENTED_EDGE ( 'NONE', *, *, #3141, .F. ) ;
#2684 = CARTESIAN_POINT ( 'NONE',  ( 11.68769779765031025, 35.83617119703320952, 4.000000000000000000 ) ) ;
#2685 = VERTEX_POINT ( 'NONE', #2316 ) ;
#2686 = CARTESIAN_POINT ( 'NONE',  ( 10.58880365760802356, 56.44252476504900073, 10.00099999999999945 ) ) ;
#2687 = VECTOR ( 'NONE', #3068, 1000.000000000000114 ) ;
#2688 = EDGE_CURVE ( 'NONE', #1892, #1001, #3509, .T. ) ;
#2689 = VECTOR ( 'NONE', #1417, 1000.000000000000000 ) ;
#2690 = ORIENTED_EDGE ( 'NONE', *, *, #1387, .T. ) ;
#2691 = ADVANCED_FACE ( 'NONE', ( #2336 ), #3545, .F. ) ;
#2692 = AXIS2_PLACEMENT_3D ( 'NONE', #2917, #270, #2681 ) ;
#2693 = FACE_OUTER_BOUND ( 'NONE', #2049, .T. ) ;
#2694 = ORIENTED_EDGE ( 'NONE', *, *, #3550, .T. ) ;
#2695 = AXIS2_PLACEMENT_3D ( 'NONE', #927, #1573, #3016 ) ;
#2696 = VERTEX_POINT ( 'NONE', #10 ) ;
#2697 = PLANE ( 'NONE',  #52 ) ;
#2698 = CARTESIAN_POINT ( 'NONE',  ( 73.34807733323548007, 40.95871309031685570, 4.000000000000000000 ) ) ;
#2699 = FACE_OUTER_BOUND ( 'NONE', #1078, .T. ) ;
#2700 = DIRECTION ( 'NONE',  ( -0.000000000000000000, -0.000000000000000000, -1.000000000000000000 ) ) ;
#2701 = EDGE_CURVE ( 'NONE', #3738, #1068, #1464, .T. ) ;
#2702 = CARTESIAN_POINT ( 'NONE',  ( 8.888803657608024267, 56.44252476504900073, 0.000000000000000000 ) ) ;
#2703 = EDGE_LOOP ( 'NONE', ( #3669, #2569, #714, #240 ) ) ;
#2704 = FACE_OUTER_BOUND ( 'NONE', #2199, .T. ) ;
#2705 = EDGE_CURVE ( 'NONE', #2265, #3218, #2388, .T. ) ;
#2706 = EDGE_LOOP ( 'NONE', ( #2128, #3163, #339, #3197 ) ) ;
#2707 = DIRECTION ( 'NONE',  ( -1.000000000000000000, 0.000000000000000000, 0.000000000000000000 ) ) ;
#2708 = CARTESIAN_POINT ( 'NONE',  ( 74.46692151384306158, 56.44252476504900073, 10.00099999999999945 ) ) ;
#2709 = EDGE_LOOP ( 'NONE', ( #2470, #2578, #2100, #3416 ) ) ;
#2710 = LINE ( 'NONE', #2750, #387 ) ;
#2711 = ORIENTED_EDGE ( 'NONE', *, *, #2583, .T. ) ;
#2712 = VERTEX_POINT ( 'NONE', #298 ) ;
#2713 = DIRECTION ( 'NONE',  ( -1.000000000000000000, 0.000000000000000000, 0.000000000000000000 ) ) ;
#2714 = FACE_OUTER_BOUND ( 'NONE', #2037, .T. ) ;
#2715 = PLANE ( 'NONE',  #816 ) ;
#2716 = CARTESIAN_POINT ( 'NONE',  ( 46.94653210253800779, 28.88980021391638431, 0.9599999985689978699 ) ) ;
#2717 = FACE_OUTER_BOUND ( 'NONE', #1453, .T. ) ;
#2718 = EDGE_CURVE ( 'NONE', #1892, #2554, #1484, .T. ) ;
#2719 = ORIENTED_EDGE ( 'NONE', *, *, #1261, .T. ) ;
#2720 = CARTESIAN_POINT ( 'NONE',  ( 65.74084972657723824, 23.61190122397092495, 1.109997883926998163 ) ) ;
#2721 = ORIENTED_EDGE ( 'NONE', *, *, #2454, .T. ) ;
#2722 = PLANE ( 'NONE',  #2235 ) ;
#2723 = CARTESIAN_POINT ( 'NONE',  ( 5.875044450089780490, 53.13706121412302252, 10.00000000000000000 ) ) ;
#2724 = EDGE_CURVE ( 'NONE', #97, #755, #3095, .T. ) ;
#2725 = ORIENTED_EDGE ( 'NONE', *, *, #92, .T. ) ;
#2726 = AXIS2_PLACEMENT_3D ( 'NONE', #1300, #160, #2201 ) ;
#2727 = CARTESIAN_POINT ( 'NONE',  ( 78.02984732797568768, 28.93771831048097454, 0.000000000000000000 ) ) ;
#2728 = ORIENTED_EDGE ( 'NONE', *, *, #2879, .T. ) ;
#2729 = ORIENTED_EDGE ( 'NONE', *, *, #492, .T. ) ;
#2730 = VECTOR ( 'NONE', #1956, 1000.000000000000000 ) ;
#2731 = CARTESIAN_POINT ( 'NONE',  ( 0.000000000000000000, 45.25038475940630889, 4.000000000000000000 ) ) ;
#2732 = DIRECTION ( 'NONE',  ( -0.000000000000000000, -0.000000000000000000, -1.000000000000000000 ) ) ;
#2733 = VECTOR ( 'NONE', #2796, 1000.000000000000114 ) ;
#2734 = DIRECTION ( 'NONE',  ( 1.000000000000000000, 0.000000000000000000, 0.000000000000000000 ) ) ;
#2735 = EDGE_CURVE ( 'NONE', #875, #244, #3275, .T. ) ;
#2736 = DIRECTION ( 'NONE',  ( 0.5773502691896212902, -0.5773502691896212902, -0.5773502691896346128 ) ) ;
#2737 = VECTOR ( 'NONE', #739, 1000.000000000000000 ) ;
#2738 = ORIENTED_EDGE ( 'NONE', *, *, #3210, .T. ) ;
#2739 = CARTESIAN_POINT ( 'NONE',  ( 30.61060500309818622, 24.68592075184099954, 1.109999999999998099 ) ) ;
#2740 = ORIENTED_EDGE ( 'NONE', *, *, #2798, .T. ) ;
#2741 = CARTESIAN_POINT ( 'NONE',  ( 58.06984934592702530, 40.61884720954800088, 3.399999999999993250 ) ) ;
#2742 = ADVANCED_FACE ( 'NONE', ( #2933 ), #1746, .F. ) ;
#2743 = CARTESIAN_POINT ( 'NONE',  ( 0.000000000000000000, 0.000000000000000000, 0.000000000000000000 ) ) ;
#2744 = VECTOR ( 'NONE', #472, 1000.000000000000114 ) ;
#2745 = VERTEX_POINT ( 'NONE', #2025 ) ;
#2746 = EDGE_CURVE ( 'NONE', #3310, #1930, #2915, .T. ) ;
#2747 = EDGE_CURVE ( 'NONE', #1231, #2279, #246, .T. ) ;
#2748 = CARTESIAN_POINT ( 'NONE',  ( 64.56983569344401985, 35.50332283157010949, 0.3999999999999975797 ) ) ;
#2749 = AXIS2_PLACEMENT_3D ( 'NONE', #962, #3108, #3644 ) ;
#2750 = CARTESIAN_POINT ( 'NONE',  ( 5.871324698771779538, 34.33421759231527659, 10.00099999999999945 ) ) ;
#2751 = ORIENTED_EDGE ( 'NONE', *, *, #2293, .F. ) ;
#2752 = ORIENTED_EDGE ( 'NONE', *, *, #3807, .F. ) ;
#2753 = EDGE_CURVE ( 'NONE', #2029, #2696, #1427, .T. ) ;
#2754 = VECTOR ( 'NONE', #3719, 1000.000000000000000 ) ;
#2755 = PLANE ( 'NONE',  #3777 ) ;
#2756 = CARTESIAN_POINT ( 'NONE',  ( 41.43180065388673938, 44.29286487643512515, 4.000000000000000000 ) ) ;
#2757 = CARTESIAN_POINT ( 'NONE',  ( 40.42884860408197056, 23.35317541498460869, 4.000000000000000000 ) ) ;
#2758 = VECTOR ( 'NONE', #2923, 1000.000000000000000 ) ;
#2759 = EDGE_CURVE ( 'NONE', #2403, #575, #3525, .T. ) ;
#2760 = CARTESIAN_POINT ( 'NONE',  ( 55.24511320246803336, 59.97470916941927044, 10.00099999999999945 ) ) ;
#2761 = VERTEX_POINT ( 'NONE', #3024 ) ;
#2762 = CARTESIAN_POINT ( 'NONE',  ( 71.31952070086403239, 54.37489788495683740, 0.000000000000000000 ) ) ;
#2763 = ORIENTED_EDGE ( 'NONE', *, *, #2220, .F. ) ;
#2764 = CARTESIAN_POINT ( 'NONE',  ( 10.59981128446159460, 12.01402484683418415, 0.000000000000000000 ) ) ;
#2765 = PLANE ( 'NONE',  #891 ) ;
#2766 = EDGE_CURVE ( 'NONE', #777, #604, #1837, .T. ) ;
#2767 = VERTEX_POINT ( 'NONE', #3367 ) ;
#2768 = MANIFOLD_SOLID_BREP ( '\X2\501289d2\X0\6', #1302 ) ;
#2769 = ADVANCED_FACE ( 'NONE', ( #2445 ), #3064, .F. ) ;
#2770 = EDGE_CURVE ( 'NONE', #651, #42, #3330, .T. ) ;
#2771 = LINE ( 'NONE', #1023, #1699 ) ;
#2772 = ORIENTED_EDGE ( 'NONE', *, *, #1258, .T. ) ;
#2773 = EDGE_LOOP ( 'NONE', ( #1610, #207, #2487, #1457 ) ) ;
#2774 = CARTESIAN_POINT ( 'NONE',  ( 77.98218423212628636, 59.97470916941927044, 0.000000000000000000 ) ) ;
#2775 = DIRECTION ( 'NONE',  ( 0.000000000000000000, -0.7071067811865475727, 0.7071067811865475727 ) ) ;
#2776 = ORIENTED_EDGE ( 'NONE', *, *, #2759, .F. ) ;
#2777 = DIRECTION ( 'NONE',  ( 0.000000000000000000, -0.000000000000000000, -1.000000000000000000 ) ) ;
#2778 = VERTEX_POINT ( 'NONE', #2756 ) ;
#2779 = DIRECTION ( 'NONE',  ( 0.000000000000000000, -1.000000000000000000, 0.000000000000000000 ) ) ;
#2780 = DIRECTION ( 'NONE',  ( 1.000000000000000000, 0.000000000000000000, 0.000000000000000000 ) ) ;
#2781 = EDGE_LOOP ( 'NONE', ( #440, #2431, #3703, #1149 ) ) ;
#2782 = DIRECTION ( 'NONE',  ( -0.000000000000000000, 1.000000000000000000, -0.000000000000000000 ) ) ;
#2783 = ORIENTED_EDGE ( 'NONE', *, *, #2305, .F. ) ;
#2784 = EDGE_LOOP ( 'NONE', ( #1338, #2729, #3589, #1546, #3709, #779 ) ) ;
#2785 = EDGE_CURVE ( 'NONE', #77, #3664, #1227, .T. ) ;
#2786 = ADVANCED_FACE ( 'NONE', ( #29 ), #80, .F. ) ;
#2787 = LINE ( 'NONE', #2556, #3341 ) ;
#2788 = CARTESIAN_POINT ( 'NONE',  ( 12.01402484683469041, 5.000000000000022204, 4.000000000000000000 ) ) ;
#2789 = AXIS2_PLACEMENT_3D ( 'NONE', #652, #1836, #3630 ) ;
#2790 = VECTOR ( 'NONE', #3400, 1000.000000000000000 ) ;
#2791 = EDGE_CURVE ( 'NONE', #2818, #3159, #2406, .T. ) ;
#2792 = DIRECTION ( 'NONE',  ( -0.000000000000000000, -0.000000000000000000, -1.000000000000000000 ) ) ;
#2793 = AXIS2_PLACEMENT_3D ( 'NONE', #3401, #3183, #576 ) ;
#2794 = EDGE_LOOP ( 'NONE', ( #3017, #1481, #2821, #1883 ) ) ;
#2795 = DIRECTION ( 'NONE',  ( -0.000000000000000000, -0.000000000000000000, 1.000000000000000000 ) ) ;
#2796 = DIRECTION ( 'NONE',  ( -0.0001978291858416224519, -0.9999999804318063790, 0.000000000000000000 ) ) ;
#2797 = AXIS2_PLACEMENT_3D ( 'NONE', #2328, #2344, #1156 ) ;
#2798 = EDGE_CURVE ( 'NONE', #3760, #932, #2166, .T. ) ;
#2799 = LINE ( 'NONE', #2177, #829 ) ;
#2800 = ORIENTED_EDGE ( 'NONE', *, *, #2628, .T. ) ;
#2801 = ORIENTED_EDGE ( 'NONE', *, *, #2508, .F. ) ;
#2802 = CYLINDRICAL_SURFACE ( 'NONE', #327, 1.699999999999993072 ) ;
#2803 = DIRECTION ( 'NONE',  ( 1.000000000000000000, 1.317956502048527864E-15, 0.000000000000000000 ) ) ;
#2804 = ORIENTED_EDGE ( 'NONE', *, *, #2701, .T. ) ;
#2805 = ORIENTED_EDGE ( 'NONE', *, *, #76, .T. ) ;
#2806 = CARTESIAN_POINT ( 'NONE',  ( 0.000000000000000000, 5.000000000000022204, 4.000000000000000000 ) ) ;
#2807 = AXIS2_PLACEMENT_3D ( 'NONE', #3031, #1586, #1511 ) ;
#2808 = CARTESIAN_POINT ( 'NONE',  ( 61.74084972657721693, 28.61190122397095337, 1.399999999999951728 ) ) ;
#2809 = EDGE_CURVE ( 'NONE', #1568, #2521, #395, .T. ) ;
#2810 = VECTOR ( 'NONE', #3301, 1000.000000000000114 ) ;
#2811 = CARTESIAN_POINT ( 'NONE',  ( 9.875044450089784931, 53.13706121412302252, 4.000000000000000000 ) ) ;
#2812 = CARTESIAN_POINT ( 'NONE',  ( 0.000000000000000000, 0.000000000000000000, 0.000000000000000000 ) ) ;
#2813 = VECTOR ( 'NONE', #2084, 1000.000000000000000 ) ;
#2814 = VERTEX_POINT ( 'NONE', #2475 ) ;
#2815 = CARTESIAN_POINT ( 'NONE',  ( 31.54653210253800211, 0.000000000000000000, 4.000000000000000000 ) ) ;
#2816 = FACE_OUTER_BOUND ( 'NONE', #1359, .T. ) ;
#2817 = CARTESIAN_POINT ( 'NONE',  ( 6.992565577374029395, 5.000000000000023093, 10.00099999999999945 ) ) ;
#2818 = VERTEX_POINT ( 'NONE', #3650 ) ;
#2819 = EDGE_CURVE ( 'NONE', #2597, #568, #2185, .T. ) ;
#2820 = DIRECTION ( 'NONE',  ( -1.887397745837881465E-14, -1.000000000000000000, 0.000000000000000000 ) ) ;
#2821 = ORIENTED_EDGE ( 'NONE', *, *, #549, .F. ) ;
#2822 = DIRECTION ( 'NONE',  ( -1.000000000000000000, 3.011203194556595896E-16, 0.000000000000000000 ) ) ;
#2823 = LINE ( 'NONE', #2237, #826 ) ;
#2824 = LINE ( 'NONE', #1066, #871 ) ;
#2825 = CARTESIAN_POINT ( 'NONE',  ( 8.888803657608024267, 8.415085090169998949, 0.000000000000000000 ) ) ;
#2826 = ORIENTED_EDGE ( 'NONE', *, *, #1008, .T. ) ;
#2827 = VERTEX_POINT ( 'NONE', #3294 ) ;
#2828 = LINE ( 'NONE', #705, #2233 ) ;
#2829 = CARTESIAN_POINT ( 'NONE',  ( 18.61060500309818977, 24.68592075184099954, 1.109999999999998099 ) ) ;
#2830 = DIRECTION ( 'NONE',  ( 0.000000000000000000, 0.000000000000000000, -1.000000000000000000 ) ) ;
#2831 = CARTESIAN_POINT ( 'NONE',  ( 36.63180065388673512, 38.69286487643513084, 1.699885383662997906 ) ) ;
#2832 = EDGE_CURVE ( 'NONE', #1980, #1624, #1816, .T. ) ;
#2833 = ORIENTED_EDGE ( 'NONE', *, *, #3297, .F. ) ;
#2834 = LINE ( 'NONE', #3433, #1701 ) ;
#2835 = CARTESIAN_POINT ( 'NONE',  ( 40.83180065388673796, 43.69286487643512373, 3.399999999999983036 ) ) ;
#2836 = CARTESIAN_POINT ( 'NONE',  ( 64.56983569344401985, 40.61884720954800088, -8.271542309605473875 ) ) ;
#2837 = ADVANCED_FACE ( 'NONE', ( #2714 ), #44, .T. ) ;
#2838 = ORIENTED_EDGE ( 'NONE', *, *, #7, .T. ) ;
#2839 = ORIENTED_EDGE ( 'NONE', *, *, #2197, .F. ) ;
#2840 = DIRECTION ( 'NONE',  ( 1.000000000000000000, -0.000000000000000000, -0.000000000000000000 ) ) ;
#2841 = DIRECTION ( 'NONE',  ( -0.000000000000000000, -0.000000000000000000, -1.000000000000000000 ) ) ;
#2842 = FACE_OUTER_BOUND ( 'NONE', #1103, .T. ) ;
#2843 = VERTEX_POINT ( 'NONE', #2535 ) ;
#2844 = ORIENTED_EDGE ( 'NONE', *, *, #3595, .T. ) ;
#2845 = LINE ( 'NONE', #180, #1169 ) ;
#2846 = DIRECTION ( 'NONE',  ( -9.324293839476711010E-05, -0.9999999956528771161, 0.000000000000000000 ) ) ;
#2847 = LINE ( 'NONE', #183, #3544 ) ;
#2848 = ORIENTED_EDGE ( 'NONE', *, *, #857, .T. ) ;
#2849 = PLANE ( 'NONE',  #1915 ) ;
#2850 = DIRECTION ( 'NONE',  ( 0.7071067811865479058, -0.7071067811865472397, 0.000000000000000000 ) ) ;
#2851 = VERTEX_POINT ( 'NONE', #3711 ) ;
#2852 = VECTOR ( 'NONE', #474, 1000.000000000000000 ) ;
#2853 = LINE ( 'NONE', #2522, #3115 ) ;
#2854 = EDGE_CURVE ( 'NONE', #2261, #1769, #2495, .T. ) ;
#2855 = DIRECTION ( 'NONE',  ( -0.000000000000000000, -0.000000000000000000, -1.000000000000000000 ) ) ;
#2856 = CARTESIAN_POINT ( 'NONE',  ( 5.000000000000903277, 54.01736618697488979, 10.00099999999999945 ) ) ;
#2857 = VECTOR ( 'NONE', #1139, 1000.000000000000000 ) ;
#2858 = ORIENTED_EDGE ( 'NONE', *, *, #1552, .T. ) ;
#2859 = LINE ( 'NONE', #1632, #3235 ) ;
#2860 = VECTOR ( 'NONE', #3083, 1000.000000000000000 ) ;
#2861 = ORIENTED_EDGE ( 'NONE', *, *, #3088, .T. ) ;
#2862 = CARTESIAN_POINT ( 'NONE',  ( 73.15243468099103552, 6.261804759730023484, 10.00000000000000000 ) ) ;
#2863 = LINE ( 'NONE', #3443, #3413 ) ;
#2864 = DIRECTION ( 'NONE',  ( 0.000000000000000000, 0.7071067811865475727, 0.7071067811865475727 ) ) ;
#2865 = EDGE_CURVE ( 'NONE', #3207, #3247, #745, .T. ) ;
#2866 = VERTEX_POINT ( 'NONE', #2557 ) ;
#2867 = VECTOR ( 'NONE', #2732, 1000.000000000000000 ) ;
#2868 = ORIENTED_EDGE ( 'NONE', *, *, #1293, .T. ) ;
#2869 = LINE ( 'NONE', #139, #182 ) ;
#2870 = CARTESIAN_POINT ( 'NONE',  ( 17.46155956311902457, 19.96343870725181802, 4.000000000000000000 ) ) ;
#2871 = VECTOR ( 'NONE', #269, 1000.000000000000000 ) ;
#2872 = PLANE ( 'NONE',  #17 ) ;
#2873 = EDGE_CURVE ( 'NONE', #2827, #3810, #1340, .T. ) ;
#2874 = ORIENTED_EDGE ( 'NONE', *, *, #487, .F. ) ;
#2875 = CARTESIAN_POINT ( 'NONE',  ( 69.83157658086554420, 23.35317541498460159, 10.00000000000000000 ) ) ;
#2876 = LINE ( 'NONE', #2498, #499 ) ;
#2877 = ORIENTED_EDGE ( 'NONE', *, *, #2300, .T. ) ;
#2878 = VECTOR ( 'NONE', #3659, 1000.000000000000000 ) ;
#2879 = EDGE_CURVE ( 'NONE', #1397, #2843, #1934, .T. ) ;
#2880 = DIRECTION ( 'NONE',  ( 0.000000000000000000, -0.000000000000000000, 1.000000000000000000 ) ) ;
#2881 = CARTESIAN_POINT ( 'NONE',  ( 77.86692151384301042, 56.44252476504900073, 0.000000000000000000 ) ) ;
#2882 = AXIS2_PLACEMENT_3D ( 'NONE', #1981, #3165, #2880 ) ;
#2883 = EDGE_CURVE ( 'NONE', #1704, #511, #161, .T. ) ;
#2884 = ORIENTED_EDGE ( 'NONE', *, *, #3735, .F. ) ;
#2885 = CARTESIAN_POINT ( 'NONE',  ( 54.61482092964091350, 59.34967741935614782, 6.000000000000000000 ) ) ;
#2886 = VECTOR ( 'NONE', #1146, 1000.000000000000000 ) ;
#2887 = EDGE_LOOP ( 'NONE', ( #3032, #983, #2577, #2959 ) ) ;
#2888 = CARTESIAN_POINT ( 'NONE',  ( 69.83157658086554420, 23.35317541498460159, 10.00000000000000000 ) ) ;
#2889 = DIRECTION ( 'NONE',  ( -1.000000000000000000, 1.982541115402065702E-15, 0.000000000000000000 ) ) ;
#2890 = EDGE_CURVE ( 'NONE', #550, #2521, #2202, .T. ) ;
#2891 = CARTESIAN_POINT ( 'NONE',  ( 53.48264078761654616, 52.77490806565516834, 6.000000000000000000 ) ) ;
#2892 = DIRECTION ( 'NONE',  ( 1.887397745837881465E-14, 1.000000000000000000, 0.000000000000000000 ) ) ;
#2893 = ORIENTED_EDGE ( 'NONE', *, *, #2688, .T. ) ;
#2894 = EDGE_LOOP ( 'NONE', ( #1074, #397, #1651, #1688 ) ) ;
#2895 = DIRECTION ( 'NONE',  ( 0.000000000000000000, 1.000000000000000000, 0.000000000000000000 ) ) ;
#2896 = DIRECTION ( 'NONE',  ( -0.000000000000000000, -0.000000000000000000, -1.000000000000000000 ) ) ;
#2897 = ORIENTED_EDGE ( 'NONE', *, *, #92, .F. ) ;
#2898 = DIRECTION ( 'NONE',  ( 0.0001230892683152483291, 0.9999999924245159821, 0.000000000000000000 ) ) ;
#2899 = DIRECTION ( 'NONE',  ( 0.7071067811865425767, 0.7071067811865525687, -0.000000000000000000 ) ) ;
#2900 = CARTESIAN_POINT ( 'NONE',  ( 24.39487291362403099, 59.35339717067414256, 0.000000000000000000 ) ) ;
#2901 = DIRECTION ( 'NONE',  ( 0.000000000000000000, -1.000000000000000000, 0.000000000000000000 ) ) ;
#2902 = ADVANCED_FACE ( 'NONE', ( #1301 ), #3736, .F. ) ;
#2903 = ORIENTED_EDGE ( 'NONE', *, *, #250, .T. ) ;
#2904 = EDGE_LOOP ( 'NONE', ( #247, #2913, #3344, #2801 ) ) ;
#2905 = FACE_OUTER_BOUND ( 'NONE', #2290, .T. ) ;
#2906 = EDGE_CURVE ( 'NONE', #1848, #924, #3691, .T. ) ;
#2907 = CARTESIAN_POINT ( 'NONE',  ( 5.875044450089794701, 53.13706121412302252, 0.000000000000000000 ) ) ;
#2908 = ORIENTED_EDGE ( 'NONE', *, *, #1406, .F. ) ;
#2909 = ORIENTED_EDGE ( 'NONE', *, *, #2417, .F. ) ;
#2910 = LINE ( 'NONE', #2216, #3535 ) ;
#2911 = FACE_BOUND ( 'NONE', #1501, .T. ) ;
#2912 = EDGE_CURVE ( 'NONE', #2712, #3760, #1660, .T. ) ;
#2913 = ORIENTED_EDGE ( 'NONE', *, *, #347, .T. ) ;
#2914 = DIRECTION ( 'NONE',  ( -0.7071067811865474617, 0.7071067811865474617, -0.000000000000000000 ) ) ;
#2915 = LINE ( 'NONE', #3209, #563 ) ;
#2916 = CARTESIAN_POINT ( 'NONE',  ( 74.46692151384306158, 56.44252476504900073, 0.000000000000000000 ) ) ;
#2917 = CARTESIAN_POINT ( 'NONE',  ( 8.888803657608024267, 56.44252476504900073, 10.00000000000000000 ) ) ;
#2918 = EDGE_CURVE ( 'NONE', #2271, #1160, #494, .T. ) ;
#2919 = DIRECTION ( 'NONE',  ( 0.7055411418617777430, -0.7086689616036383477, 0.000000000000000000 ) ) ;
#2920 = VECTOR ( 'NONE', #2387, 1000.000000000000114 ) ;
#2921 = ORIENTED_EDGE ( 'NONE', *, *, #1964, .T. ) ;
#2922 = ORIENTED_EDGE ( 'NONE', *, *, #3595, .F. ) ;
#2923 = DIRECTION ( 'NONE',  ( -0.000000000000000000, 1.000000000000000000, -0.000000000000000000 ) ) ;
#2924 = VECTOR ( 'NONE', #1362, 1000.000000000000000 ) ;
#2925 = ORIENTED_EDGE ( 'NONE', *, *, #1847, .F. ) ;
#2926 = ORIENTED_EDGE ( 'NONE', *, *, #2072, .T. ) ;
#2927 = AXIS2_PLACEMENT_3D ( 'NONE', #1174, #616, #323 ) ;
#2928 = PLANE ( 'NONE',  #625 ) ;
#2929 = FACE_OUTER_BOUND ( 'NONE', #2215, .T. ) ;
#2930 = ORIENTED_EDGE ( 'NONE', *, *, #3578, .F. ) ;
#2931 = DIRECTION ( 'NONE',  ( -0.0001230892683152483291, -0.9999999924245159821, -0.000000000000000000 ) ) ;
#2932 = AXIS2_PLACEMENT_3D ( 'NONE', #377, #1795, #2151 ) ;
#2933 = FACE_OUTER_BOUND ( 'NONE', #36, .T. ) ;
#2934 = EDGE_CURVE ( 'NONE', #3823, #275, #181, .T. ) ;
#2935 = CARTESIAN_POINT ( 'NONE',  ( 5.873484235277215859, 45.25038475940630889, 6.000000000000000000 ) ) ;
#2936 = CARTESIAN_POINT ( 'NONE',  ( 0.000000000000000000, 31.28592075184100096, 4.000000000000000000 ) ) ;
#2937 = VECTOR ( 'NONE', #786, 1000.000000000000000 ) ;
#2938 = LINE ( 'NONE', #1413, #1571 ) ;
#2939 = AXIS2_PLACEMENT_3D ( 'NONE', #3482, #1090, #622 ) ;
#2940 = EDGE_CURVE ( 'NONE', #244, #3320, #1744, .T. ) ;
#2941 = EDGE_CURVE ( 'NONE', #97, #3517, #3673, .T. ) ;
#2942 = VERTEX_POINT ( 'NONE', #3384 ) ;
#2943 = EDGE_LOOP ( 'NONE', ( #3555, #535, #2952, #189 ) ) ;
#2944 = AXIS2_PLACEMENT_3D ( 'NONE', #961, #2217, #3685 ) ;
#2945 = CARTESIAN_POINT ( 'NONE',  ( 17.46155956311902457, 19.96343870725181802, 10.00099999999999945 ) ) ;
#2946 = EDGE_CURVE ( 'NONE', #1698, #880, #1974, .T. ) ;
#2947 = VECTOR ( 'NONE', #2901, 1000.000000000000000 ) ;
#2948 = VERTEX_POINT ( 'NONE', #2870 ) ;
#2949 = ORIENTED_EDGE ( 'NONE', *, *, #888, .T. ) ;
#2950 = DIRECTION ( 'NONE',  ( 0.9999999924245159821, -0.0001230892683151790215, 0.000000000000000000 ) ) ;
#2951 = CARTESIAN_POINT ( 'NONE',  ( 11.68769779765030847, 35.83617119703320952, 6.000000000000000000 ) ) ;
#2952 = ORIENTED_EDGE ( 'NONE', *, *, #3503, .F. ) ;
#2953 = LINE ( 'NONE', #3543, #977 ) ;
#2954 = DIRECTION ( 'NONE',  ( -0.000000000000000000, -0.000000000000000000, -1.000000000000000000 ) ) ;
#2955 = CARTESIAN_POINT ( 'NONE',  ( 79.97474980950003953, 54.29582948390102359, 10.00000000000000000 ) ) ;
#2956 = CARTESIAN_POINT ( 'NONE',  ( 64.56983569344401985, 35.50332283157010949, 3.399999999999993250 ) ) ;
#2957 = DIRECTION ( 'NONE',  ( -6.369488388617203926E-16, 1.000000000000000000, -0.000000000000000000 ) ) ;
#2958 = DIRECTION ( 'NONE',  ( -0.000000000000000000, -0.000000000000000000, -1.000000000000000000 ) ) ;
#2959 = ORIENTED_EDGE ( 'NONE', *, *, #725, .T. ) ;
#2960 = ORIENTED_EDGE ( 'NONE', *, *, #2085, .F. ) ;
#2961 = ADVANCED_FACE ( 'NONE', ( #2244 ), #723, .F. ) ;
#2962 = EDGE_CURVE ( 'NONE', #2685, #1682, #1907, .T. ) ;
#2963 = CARTESIAN_POINT ( 'NONE',  ( 41.42884860408194214, 23.35317541498460159, 4.000000000000000000 ) ) ;
#2964 = CARTESIAN_POINT ( 'NONE',  ( 79.97474980950003953, 10.50829548434902350, 0.000000000000000000 ) ) ;
#2965 = ORIENTED_EDGE ( 'NONE', *, *, #2319, .F. ) ;
#2966 = EDGE_CURVE ( 'NONE', #1163, #2609, #1619, .T. ) ;
#2967 = DIRECTION ( 'NONE',  ( -0.7071938130861842309, -0.7070197385735585982, 0.000000000000000000 ) ) ;
#2968 = ORIENTED_EDGE ( 'NONE', *, *, #3585, .F. ) ;
#2969 = LINE ( 'NONE', #3508, #2978 ) ;
#2970 = DIRECTION ( 'NONE',  ( -0.7071067811865464625, -0.7071067811865486830, 0.000000000000000000 ) ) ;
#2971 = FACE_OUTER_BOUND ( 'NONE', #1299, .T. ) ;
#2972 = PLANE ( 'NONE',  #2013 ) ;
#2973 = CARTESIAN_POINT ( 'NONE',  ( 5.000000000000903277, 57.98214359204602175, 10.00099999999999945 ) ) ;
#2974 = EDGE_LOOP ( 'NONE', ( #2772, #979, #2897, #3560 ) ) ;
#2975 = CARTESIAN_POINT ( 'NONE',  ( 5.000000000000122569, 12.01402484683418415, 0.000000000000000000 ) ) ;
#2976 = ORIENTED_EDGE ( 'NONE', *, *, #1676, .F. ) ;
#2977 = FACE_OUTER_BOUND ( 'NONE', #3536, .T. ) ;
#2978 = VECTOR ( 'NONE', #831, 1000.000000000000000 ) ;
#2979 = VECTOR ( 'NONE', #2846, 1000.000000000000114 ) ;
#2980 = VERTEX_POINT ( 'NONE', #2829 ) ;
#2981 = VECTOR ( 'NONE', #3394, 1000.000000000000000 ) ;
#2982 = ADVANCED_FACE ( 'NONE', ( #1028 ), #2224, .T. ) ;
#2983 = DIRECTION ( 'NONE',  ( 0.000000000000000000, 0.000000000000000000, -1.000000000000000000 ) ) ;
#2984 = VERTEX_POINT ( 'NONE', #858 ) ;
#2985 = VERTEX_POINT ( 'NONE', #554 ) ;
#2986 = CARTESIAN_POINT ( 'NONE',  ( 59.14084972657722261, 31.21190122397094413, 4.000000000000000000 ) ) ;
#2987 = CARTESIAN_POINT ( 'NONE',  ( -21.63100838201660636, 21.63100838201653531, 4.000000000000000000 ) ) ;
#2988 = CARTESIAN_POINT ( 'NONE',  ( 5.000000000000530243, 33.46289289354402285, 10.00099999999999945 ) ) ;
#2989 = LINE ( 'NONE', #2135, #3722 ) ;
#2990 = AXIS2_PLACEMENT_3D ( 'NONE', #1747, #3472, #543 ) ;
#2991 = APPLICATION_CONTEXT ( 'automotive_design' ) ;
#2992 = DIRECTION ( 'NONE',  ( -1.000000000000000000, 0.000000000000000000, 0.000000000000000000 ) ) ;
#2993 = ORIENTED_EDGE ( 'NONE', *, *, #1214, .T. ) ;
#2994 = CARTESIAN_POINT ( 'NONE',  ( 5.000000000000030198, 6.992565577373023977, 10.00099999999999945 ) ) ;
#2995 = ORIENTED_EDGE ( 'NONE', *, *, #1553, .F. ) ;
#2996 = LINE ( 'NONE', #3338, #1235 ) ;
#2997 = DIRECTION ( 'NONE',  ( -0.5773502691896222894, -0.5773502691896194028, 0.5773502691896356120 ) ) ;
#2998 = VECTOR ( 'NONE', #415, 1000.000000000000000 ) ;
#2999 = ORIENTED_EDGE ( 'NONE', *, *, #3657, .T. ) ;
#3000 = VECTOR ( 'NONE', #1716, 999.9999999999998863 ) ;
#3001 = LINE ( 'NONE', #2075, #1498 ) ;
#3002 = ORIENTED_EDGE ( 'NONE', *, *, #674, .T. ) ;
#3003 = VECTOR ( 'NONE', #3620, 1000.000000000000114 ) ;
#3004 = VERTEX_POINT ( 'NONE', #241 ) ;
#3005 = CARTESIAN_POINT ( 'NONE',  ( 55.42884860408193504, 24.35317541498459448, 10.00000000000000000 ) ) ;
#3006 = CARTESIAN_POINT ( 'NONE',  ( 71.31952070086403239, 59.97470916941927044, 4.000000000000000000 ) ) ;
#3007 = DIRECTION ( 'NONE',  ( -1.000000000000000000, 3.469446951953610639E-15, 0.000000000000000000 ) ) ;
#3008 = CARTESIAN_POINT ( 'NONE',  ( 78.03192893766751581, 51.26230093957098433, 4.000000000000000000 ) ) ;
#3009 = EDGE_CURVE ( 'NONE', #3238, #152, #1110, .T. ) ;
#3010 = LINE ( 'NONE', #344, #3499 ) ;
#3011 = ORIENTED_EDGE ( 'NONE', *, *, #2044, .F. ) ;
#3012 = DIRECTION ( 'NONE',  ( 0.7071067811867293162, 0.7071067811863657182, 0.000000000000000000 ) ) ;
#3013 = VERTEX_POINT ( 'NONE', #280 ) ;
#3014 = CARTESIAN_POINT ( 'NONE',  ( 75.02984732797570189, 0.000000000000000000, 0.000000000000000000 ) ) ;
#3015 = EDGE_CURVE ( 'NONE', #426, #676, #261, .T. ) ;
#3016 = DIRECTION ( 'NONE',  ( 0.7071938130861842309, 0.7070197385735585982, 0.000000000000000000 ) ) ;
#3017 = ORIENTED_EDGE ( 'NONE', *, *, #3151, .T. ) ;
#3018 = ADVANCED_FACE ( 'NONE', ( #3539 ), #2928, .T. ) ;
#3019 = CARTESIAN_POINT ( 'NONE',  ( 0.000000000000000000, 34.90332283157010806, 4.000000000000000000 ) ) ;
#3020 = EDGE_CURVE ( 'NONE', #2467, #426, #2051, .T. ) ;
#3021 = ORIENTED_EDGE ( 'NONE', *, *, #1468, .T. ) ;
#3022 = ORIENTED_EDGE ( 'NONE', *, *, #1806, .T. ) ;
#3023 = CARTESIAN_POINT ( 'NONE',  ( -3.469446951953614189E-14, 58.33397611666537586, 4.000000000000000000 ) ) ;
#3024 = CARTESIAN_POINT ( 'NONE',  ( 46.94653210253800779, 28.88980021391638431, 3.399999999999983036 ) ) ;
#3025 = LINE ( 'NONE', #3348, #931 ) ;
#3026 = EDGE_CURVE ( 'NONE', #1491, #703, #2312, .T. ) ;
#3027 = EDGE_CURVE ( 'NONE', #3507, #3034, #1165, .T. ) ;
#3028 = CARTESIAN_POINT ( 'NONE',  ( 5.000000000000903277, 57.98214359204602175, 0.000000000000000000 ) ) ;
#3029 = VERTEX_POINT ( 'NONE', #3813 ) ;
#3030 = ADVANCED_FACE ( 'NONE', ( #2347 ), #3236, .F. ) ;
#3031 = CARTESIAN_POINT ( 'NONE',  ( 64.56983569344401985, 35.50332283157010949, -8.271542309605473875 ) ) ;
#3032 = ORIENTED_EDGE ( 'NONE', *, *, #1213, .T. ) ;
#3033 = CARTESIAN_POINT ( 'NONE',  ( 22.11659869789935584, 18.85986680927772952, 13.42993340463886476 ) ) ;
#3034 = VERTEX_POINT ( 'NONE', #1134 ) ;
#3035 = VECTOR ( 'NONE', #951, 1000.000000000000000 ) ;
#3036 = DIRECTION ( 'NONE',  ( 0.5773502691896216232, -0.5773502691896207351, 0.5773502691896349459 ) ) ;
#3037 = VERTEX_POINT ( 'NONE', #1707 ) ;
#3038 = EDGE_LOOP ( 'NONE', ( #1862, #3421, #1201, #1221 ) ) ;
#3039 =( GEOMETRIC_REPRESENTATION_CONTEXT ( 3 ) GLOBAL_UNCERTAINTY_ASSIGNED_CONTEXT ( ( #1975 ) ) GLOBAL_UNIT_ASSIGNED_CONTEXT ( ( #1541, #706, #633 ) ) REPRESENTATION_CONTEXT ( 'NONE', 'WORKASPACE' ) );
#3040 = LINE ( 'NONE', #3005, #2048 ) ;
#3041 = DIRECTION ( 'NONE',  ( 0.000000000000000000, 1.000000000000000000, 0.000000000000000000 ) ) ;
#3042 = DIRECTION ( 'NONE',  ( 0.000000000000000000, 0.000000000000000000, -1.000000000000000000 ) ) ;
#3043 = VECTOR ( 'NONE', #2517, 1000.000000000000000 ) ;
#3044 = LINE ( 'NONE', #380, #1737 ) ;
#3045 = EDGE_CURVE ( 'NONE', #1526, #2381, #844, .T. ) ;
#3046 = AXIS2_PLACEMENT_3D ( 'NONE', #2464, #1325, #103 ) ;
#3047 = ORIENTED_EDGE ( 'NONE', *, *, #1406, .T. ) ;
#3048 = LINE ( 'NONE', #956, #3611 ) ;
#3049 = ORIENTED_EDGE ( 'NONE', *, *, #32, .F. ) ;
#3050 = DIRECTION ( 'NONE',  ( 0.000000000000000000, 0.000000000000000000, -1.000000000000000000 ) ) ;
#3051 = DIRECTION ( 'NONE',  ( 0.7080603743397965166, 0.7061519002946796686, -0.000000000000000000 ) ) ;
#3052 = ADVANCED_FACE ( 'NONE', ( #2599 ), #3773, .F. ) ;
#3053 = VECTOR ( 'NONE', #263, 1000.000000000000000 ) ;
#3054 = ORIENTED_EDGE ( 'NONE', *, *, #1696, .F. ) ;
#3055 = VECTOR ( 'NONE', #1388, 1000.000000000000000 ) ;
#3056 = EDGE_CURVE ( 'NONE', #392, #1160, #2910, .T. ) ;
#3057 = AXIS2_PLACEMENT_3D ( 'NONE', #1381, #800, #1994 ) ;
#3058 = DIRECTION ( 'NONE',  ( -0.7061519002946796686, 0.7080603743397965166, 0.000000000000000000 ) ) ;
#3059 = ORIENTED_EDGE ( 'NONE', *, *, #2152, .T. ) ;
#3060 = ORIENTED_EDGE ( 'NONE', *, *, #321, .F. ) ;
#3061 = VECTOR ( 'NONE', #2161, 1000.000000000000000 ) ;
#3062 = EDGE_CURVE ( 'NONE', #3279, #3623, #1613, .T. ) ;
#3063 = DIRECTION ( 'NONE',  ( -1.000000000000000000, 5.782411586589358625E-16, 0.000000000000000000 ) ) ;
#3064 = CYLINDRICAL_SURFACE ( 'NONE', #185, 1.700000000000001066 ) ;
#3065 = AXIS2_PLACEMENT_3D ( 'NONE', #2743, #69, #3663 ) ;
#3066 = LINE ( 'NONE', #1076, #3160 ) ;
#3067 = ORIENTED_EDGE ( 'NONE', *, *, #3542, .T. ) ;
#3068 = DIRECTION ( 'NONE',  ( 0.7071067811865502373, -0.7071067811865449082, 0.000000000000000000 ) ) ;
#3069 = ORIENTED_EDGE ( 'NONE', *, *, #87, .T. ) ;
#3070 = DIRECTION ( 'NONE',  ( -1.000000000000000000, 0.000000000000000000, 0.000000000000000000 ) ) ;
#3071 = EDGE_CURVE ( 'NONE', #1995, #3149, #485, .T. ) ;
#3072 = ORIENTED_EDGE ( 'NONE', *, *, #1590, .T. ) ;
#3073 = LINE ( 'NONE', #2748, #2568 ) ;
#3074 = DIRECTION ( 'NONE',  ( 0.000000000000000000, -1.000000000000000000, 0.000000000000000000 ) ) ;
#3075 = VERTEX_POINT ( 'NONE', #3174 ) ;
#3076 = EDGE_LOOP ( 'NONE', ( #2540, #3147, #914, #3109 ) ) ;
#3077 = LINE ( 'NONE', #2806, #249 ) ;
#3078 = DIRECTION ( 'NONE',  ( -1.000000000000000000, 0.000000000000000000, 0.000000000000000000 ) ) ;
#3079 = EDGE_CURVE ( 'NONE', #3364, #3128, #464, .T. ) ;
#3080 = FACE_OUTER_BOUND ( 'NONE', #2473, .T. ) ;
#3081 = EDGE_LOOP ( 'NONE', ( #1215, #239 ) ) ;
#3082 = CARTESIAN_POINT ( 'NONE',  ( 20.85129627085183301, 23.35317541498459804, 4.000000000000000000 ) ) ;
#3083 = DIRECTION ( 'NONE',  ( -1.000000000000000000, 3.011203194556595896E-16, 0.000000000000000000 ) ) ;
#3084 = CARTESIAN_POINT ( 'NONE',  ( 58.06984934592702530, 35.50332283157010949, -8.271542309605473875 ) ) ;
#3085 = LINE ( 'NONE', #3639, #1819 ) ;
#3086 = ORIENTED_EDGE ( 'NONE', *, *, #2890, .F. ) ;
#3087 = ORIENTED_EDGE ( 'NONE', *, *, #1020, .F. ) ;
#3088 = EDGE_CURVE ( 'NONE', #2593, #2866, #958, .T. ) ;
#3089 = CARTESIAN_POINT ( 'NONE',  ( 12.07195935263212583, 55.33397611666537586, 4.000000000000000000 ) ) ;
#3090 = VERTEX_POINT ( 'NONE', #1881 ) ;
#3091 = ORIENTED_EDGE ( 'NONE', *, *, #2410, .T. ) ;
#3092 = PLANE ( 'NONE',  #1545 ) ;
#3093 = DIRECTION ( 'NONE',  ( 1.000000000000000000, 0.000000000000000000, 0.000000000000000000 ) ) ;
#3094 = AXIS2_PLACEMENT_3D ( 'NONE', #1027, #1952, #470 ) ;
#3095 = CIRCLE ( 'NONE', #1487, 1.699999999999993072 ) ;
#3096 = DIRECTION ( 'NONE',  ( 0.000000000000000000, -1.000000000000000000, 0.000000000000000000 ) ) ;
#3097 = EDGE_CURVE ( 'NONE', #3805, #1787, #2157, .T. ) ;
#3098 = VECTOR ( 'NONE', #1940, 1000.000000000000000 ) ;
#3099 = ORIENTED_EDGE ( 'NONE', *, *, #1020, .T. ) ;
#3100 = DIRECTION ( 'NONE',  ( 0.000000000000000000, -1.000000000000000000, 0.000000000000000000 ) ) ;
#3101 = DIRECTION ( 'NONE',  ( 0.000000000000000000, 0.000000000000000000, 1.000000000000000000 ) ) ;
#3102 = ORIENTED_EDGE ( 'NONE', *, *, #99, .T. ) ;
#3103 = DIRECTION ( 'NONE',  ( 1.000000000000000000, 0.000000000000000000, 0.000000000000000000 ) ) ;
#3104 = ORIENTED_EDGE ( 'NONE', *, *, #1898, .F. ) ;
#3105 = CARTESIAN_POINT ( 'NONE',  ( 11.68769779765030847, 43.83617119703320952, 6.000000000000000000 ) ) ;
#3106 = VECTOR ( 'NONE', #285, 1000.000000000000114 ) ;
#3107 = CARTESIAN_POINT ( 'NONE',  ( 12.07195935263212583, 58.33397611666538296, 4.000000000000000000 ) ) ;
#3108 = DIRECTION ( 'NONE',  ( 0.000000000000000000, 0.7071067811865556774, 0.7071067811865393571 ) ) ;
#3109 = ORIENTED_EDGE ( 'NONE', *, *, #51, .T. ) ;
#3110 = ORIENTED_EDGE ( 'NONE', *, *, #1497, .T. ) ;
#3111 = FACE_OUTER_BOUND ( 'NONE', #3636, .T. ) ;
#3112 = AXIS2_PLACEMENT_3D ( 'NONE', #1151, #2349, #3522 ) ;
#3113 = DIRECTION ( 'NONE',  ( -0.7071067811865464625, -0.7071067811865486830, 0.000000000000000000 ) ) ;
#3114 = DIRECTION ( 'NONE',  ( 1.000000000000000000, 0.000000000000000000, 0.000000000000000000 ) ) ;
#3115 = VECTOR ( 'NONE', #1693, 1000.000000000000000 ) ;
#3116 = EDGE_CURVE ( 'NONE', #875, #1092, #2428, .T. ) ;
#3117 = LINE ( 'NONE', #726, #559 ) ;
#3118 = DIRECTION ( 'NONE',  ( 1.000000000000000000, 0.000000000000000000, 0.000000000000000000 ) ) ;
#3119 = CIRCLE ( 'NONE', #833, 1.699999999999999289 ) ;
#3120 = ORIENTED_EDGE ( 'NONE', *, *, #1884, .T. ) ;
#3121 = DIRECTION ( 'NONE',  ( -0.000000000000000000, -0.000000000000000000, -1.000000000000000000 ) ) ;
#3122 = LINE ( 'NONE', #1307, #2176 ) ;
#3123 = PLANE ( 'NONE',  #115 ) ;
#3124 = DIRECTION ( 'NONE',  ( 0.000000000000000000, -1.000000000000000000, 0.000000000000000000 ) ) ;
#3125 = VERTEX_POINT ( 'NONE', #661 ) ;
#3126 = CARTESIAN_POINT ( 'NONE',  ( 30.61060500309818977, 30.68592075184099599, 3.399999999999983036 ) ) ;
#3127 = EDGE_CURVE ( 'NONE', #2403, #2685, #2996, .T. ) ;
#3128 = VERTEX_POINT ( 'NONE', #349 ) ;
#3129 = DIRECTION ( 'NONE',  ( 0.000000000000000000, -1.000000000000000000, 0.000000000000000000 ) ) ;
#3130 = DIRECTION ( 'NONE',  ( 0.7071938130861842309, 0.7070197385735585982, 0.000000000000000000 ) ) ;
#3131 = DIRECTION ( 'NONE',  ( 5.782411586589351722E-16, -1.000000000000000000, 0.000000000000000000 ) ) ;
#3132 = ADVANCED_FACE ( 'NONE', ( #400 ), #2484, .T. ) ;
#3133 = ORIENTED_EDGE ( 'NONE', *, *, #135, .F. ) ;
#3134 = ORIENTED_EDGE ( 'NONE', *, *, #32, .T. ) ;
#3135 = DIRECTION ( 'NONE',  ( -0.000000000000000000, -0.000000000000000000, 1.000000000000000000 ) ) ;
#3136 = DIRECTION ( 'NONE',  ( -0.000000000000000000, -0.000000000000000000, -1.000000000000000000 ) ) ;
#3137 = ADVANCED_FACE ( 'NONE', ( #1273 ), #2722, .T. ) ;
#3138 = ORIENTED_EDGE ( 'NONE', *, *, #565, .T. ) ;
#3139 = CARTESIAN_POINT ( 'NONE',  ( 12.01402484683469041, 0.000000000000000000, 0.000000000000000000 ) ) ;
#3140 = CARTESIAN_POINT ( 'NONE',  ( 77.98218423212628636, 59.97470916941927044, 10.00000000000000000 ) ) ;
#3141 = EDGE_CURVE ( 'NONE', #2521, #1061, #384, .T. ) ;
#3142 = ORIENTED_EDGE ( 'NONE', *, *, #1991, .T. ) ;
#3143 = DIRECTION ( 'NONE',  ( -0.000000000000000000, -0.000000000000000000, -1.000000000000000000 ) ) ;
#3144 = CARTESIAN_POINT ( 'NONE',  ( 76.16692151384303600, 56.44252476504900073, 10.00000000000000000 ) ) ;
#3145 = CARTESIAN_POINT ( 'NONE',  ( 12.01402484683469041, 10.59981128446109366, 0.000000000000000000 ) ) ;
#3146 = ADVANCED_FACE ( 'NONE', ( #37 ), #1588, .T. ) ;
#3147 = ORIENTED_EDGE ( 'NONE', *, *, #989, .F. ) ;
#3148 = PLANE ( 'NONE',  #2238 ) ;
#3149 = VERTEX_POINT ( 'NONE', #2414 ) ;
#3150 = DIRECTION ( 'NONE',  ( 0.7071067811865502373, -0.7071067811865449082, 0.000000000000000000 ) ) ;
#3151 = EDGE_CURVE ( 'NONE', #3328, #2843, #1549, .T. ) ;
#3152 = CARTESIAN_POINT ( 'NONE',  ( 5.000000000000901501, 54.01736618697488979, 10.00000000000000000 ) ) ;
#3153 = CARTESIAN_POINT ( 'NONE',  ( 6.992565577373027530, 59.97470916941908570, 10.00099999999999945 ) ) ;
#3154 = VERTEX_POINT ( 'NONE', #3624 ) ;
#3155 = ORIENTED_EDGE ( 'NONE', *, *, #1593, .T. ) ;
#3156 = CARTESIAN_POINT ( 'NONE',  ( 32.14653210253800353, 34.88980021391638076, 3.399999999999983036 ) ) ;
#3157 = DIRECTION ( 'NONE',  ( -0.000000000000000000, -0.000000000000000000, -1.000000000000000000 ) ) ;
#3158 = DIRECTION ( 'NONE',  ( 9.324293839476711010E-05, 0.9999999956528771161, 0.000000000000000000 ) ) ;
#3159 = VERTEX_POINT ( 'NONE', #2741 ) ;
#3160 = VECTOR ( 'NONE', #122, 1000.000000000000000 ) ;
#3161 = DIRECTION ( 'NONE',  ( -1.000000000000000000, -6.313997449038182439E-16, 0.000000000000000000 ) ) ;
#3162 = PLANE ( 'NONE',  #680 ) ;
#3163 = ORIENTED_EDGE ( 'NONE', *, *, #964, .T. ) ;
#3164 = STYLED_ITEM ( 'NONE', ( #3313 ), #2768 ) ;
#3165 = DIRECTION ( 'NONE',  ( 0.000000000000000000, 1.000000000000000000, 0.000000000000000000 ) ) ;
#3166 = CARTESIAN_POINT ( 'NONE',  ( 54.42884860408192793, 27.75317541498460372, 10.00000000000000000 ) ) ;
#3167 = EDGE_CURVE ( 'NONE', #3281, #3173, #3662, .T. ) ;
#3168 = LINE ( 'NONE', #459, #1633 ) ;
#3169 = VECTOR ( 'NONE', #3799, 1000.000000000000114 ) ;
#3170 = ORIENTED_EDGE ( 'NONE', *, *, #3287, .T. ) ;
#3171 = DIRECTION ( 'NONE',  ( -0.000000000000000000, -0.000000000000000000, -1.000000000000000000 ) ) ;
#3172 = VECTOR ( 'NONE', #1863, 1000.000000000000000 ) ;
#3173 = VERTEX_POINT ( 'NONE', #2764 ) ;
#3174 = CARTESIAN_POINT ( 'NONE',  ( 64.56983569344401985, 40.61884720954800088, 3.399999999999993250 ) ) ;
#3175 = ADVANCED_FACE ( 'NONE', ( #2119, #3608, #997, #68, #1803, #3303, #90 ), #2468, .T. ) ;
#3176 = CARTESIAN_POINT ( 'NONE',  ( 0.000000000000000000, 28.88980021391638431, 0.9599999985689978699 ) ) ;
#3177 =( GEOMETRIC_REPRESENTATION_CONTEXT ( 3 ) GLOBAL_UNCERTAINTY_ASSIGNED_CONTEXT ( ( #496 ) ) GLOBAL_UNIT_ASSIGNED_CONTEXT ( ( #3547, #917, #1820 ) ) REPRESENTATION_CONTEXT ( 'NONE', 'WORKASPACE' ) );
#3178 = LINE ( 'NONE', #514, #1377 ) ;
#3179 = ORIENTED_EDGE ( 'NONE', *, *, #3746, .T. ) ;
#3180 = AXIS2_PLACEMENT_3D ( 'NONE', #1856, #2427, #11 ) ;
#3181 = EDGE_LOOP ( 'NONE', ( #939, #2104, #3195, #3359, #3438, #3626 ) ) ;
#3182 = ADVANCED_FACE ( 'NONE', ( #1531 ), #2175, .F. ) ;
#3183 = DIRECTION ( 'NONE',  ( 1.000000000000000000, 1.355284293265842525E-13, -0.000000000000000000 ) ) ;
#3184 = CARTESIAN_POINT ( 'NONE',  ( 59.74084972657723824, 30.61190122397092495, 1.109997883926998163 ) ) ;
#3185 = ORIENTED_EDGE ( 'NONE', *, *, #696, .F. ) ;
#3186 = EDGE_CURVE ( 'NONE', #2597, #42, #215, .T. ) ;
#3187 = AXIS2_PLACEMENT_3D ( 'NONE', #2672, #56, #2383 ) ;
#3188 = CYLINDRICAL_SURFACE ( 'NONE', #736, 1.699999999999999289 ) ;
#3189 = CARTESIAN_POINT ( 'NONE',  ( 36.63180065388673512, 43.69286487643512373, 3.399999999999983036 ) ) ;
#3190 = CARTESIAN_POINT ( 'NONE',  ( 62.84720929291043490, 62.84720929291043490, 4.000000000000000000 ) ) ;
#3191 = AXIS2_PLACEMENT_3D ( 'NONE', #197, #3129, #2529 ) ;
#3192 = CARTESIAN_POINT ( 'NONE',  ( 30.54606450874868173, -30.54606450874760171, 4.000000000000000000 ) ) ;
#3193 = DIRECTION ( 'NONE',  ( 0.7071067811865350272, 0.7071067811865600072, 0.000000000000000000 ) ) ;
#3194 = VECTOR ( 'NONE', #2211, 1000.000000000000000 ) ;
#3195 = ORIENTED_EDGE ( 'NONE', *, *, #1497, .F. ) ;
#3196 = AXIS2_PLACEMENT_3D ( 'NONE', #1942, #480, #814 ) ;
#3197 = ORIENTED_EDGE ( 'NONE', *, *, #1855, .T. ) ;
#3198 = DIRECTION ( 'NONE',  ( -9.324293839476711010E-05, -0.9999999956528771161, 0.000000000000000000 ) ) ;
#3199 = EDGE_CURVE ( 'NONE', #1658, #852, #506, .T. ) ;
#3200 = CARTESIAN_POINT ( 'NONE',  ( 0.000000000000000000, 44.29286487643512515, 4.000000000000000000 ) ) ;
#3201 = FACE_OUTER_BOUND ( 'NONE', #3766, .T. ) ;
#3202 = ORIENTED_EDGE ( 'NONE', *, *, #3458, .T. ) ;
#3203 = EDGE_LOOP ( 'NONE', ( #2033, #2555, #790, #2093 ) ) ;
#3204 = DIRECTION ( 'NONE',  ( 1.000000000000000000, 0.000000000000000000, 0.000000000000000000 ) ) ;
#3205 = ADVANCED_FACE ( 'NONE', ( #3764 ), #2194, .T. ) ;
#3206 = FACE_OUTER_BOUND ( 'NONE', #2709, .T. ) ;
#3207 = VERTEX_POINT ( 'NONE', #1329 ) ;
#3208 = DIRECTION ( 'NONE',  ( -0.7071067811865600072, 0.7071067811865350272, 0.000000000000000000 ) ) ;
#3209 = CARTESIAN_POINT ( 'NONE',  ( 5.000000000000903277, 54.01736618697488979, 0.000000000000000000 ) ) ;
#3210 = EDGE_CURVE ( 'NONE', #1001, #3211, #2506, .T. ) ;
#3211 = VERTEX_POINT ( 'NONE', #1918 ) ;
#3212 = DIRECTION ( 'NONE',  ( -1.000000000000000000, 0.000000000000000000, 0.000000000000000000 ) ) ;
#3213 = CARTESIAN_POINT ( 'NONE',  ( 78.02984732797568768, 28.93771831048097454, 4.000000000000000000 ) ) ;
#3214 = VERTEX_POINT ( 'NONE', #3721 ) ;
#3215 = ORIENTED_EDGE ( 'NONE', *, *, #2934, .F. ) ;
#3216 = PLANE ( 'NONE',  #1444 ) ;
#3217 = ORIENTED_EDGE ( 'NONE', *, *, #1037, .F. ) ;
#3218 = VERTEX_POINT ( 'NONE', #3145 ) ;
#3219 = FACE_BOUND ( 'NONE', #86, .T. ) ;
#3220 = ORIENTED_EDGE ( 'NONE', *, *, #2766, .T. ) ;
#3221 = LINE ( 'NONE', #560, #2420 ) ;
#3222 = CARTESIAN_POINT ( 'NONE',  ( 11.13621310223726368, 34.33421759231528370, 6.000000000000000000 ) ) ;
#3223 = ORIENTED_EDGE ( 'NONE', *, *, #2705, .F. ) ;
#3224 = FACE_OUTER_BOUND ( 'NONE', #2706, .T. ) ;
#3225 = CARTESIAN_POINT ( 'NONE',  ( 78.02984732797568768, 28.93771831048097454, 4.000000000000000000 ) ) ;
#3226 = VECTOR ( 'NONE', #3135, 1000.000000000000000 ) ;
#3227 = ORIENTED_EDGE ( 'NONE', *, *, #3015, .F. ) ;
#3228 = ORIENTED_EDGE ( 'NONE', *, *, #273, .F. ) ;
#3229 = VECTOR ( 'NONE', #2970, 1000.000000000000000 ) ;
#3230 = EDGE_CURVE ( 'NONE', #540, #2818, #2566, .T. ) ;
#3231 = CARTESIAN_POINT ( 'NONE',  ( 5.000000000000030198, 6.992565577373023977, 0.000000000000000000 ) ) ;
#3232 = AXIS2_PLACEMENT_3D ( 'NONE', #767, #204, #3093 ) ;
#3233 = ORIENTED_EDGE ( 'NONE', *, *, #3830, .T. ) ;
#3234 = ORIENTED_EDGE ( 'NONE', *, *, #3020, .F. ) ;
#3235 = VECTOR ( 'NONE', #2820, 1000.000000000000000 ) ;
#3236 = CYLINDRICAL_SURFACE ( 'NONE', #1611, 1.700000000000001066 ) ;
#3237 = PLANE ( 'NONE',  #3240 ) ;
#3238 = VERTEX_POINT ( 'NONE', #1961 ) ;
#3239 = CARTESIAN_POINT ( 'NONE',  ( 39.89101200953326298, 39.89101200953326298, 4.000000000000000000 ) ) ;
#3240 = AXIS2_PLACEMENT_3D ( 'NONE', #577, #1094, #226 ) ;
#3241 = DIRECTION ( 'NONE',  ( 0.000000000000000000, 0.000000000000000000, -1.000000000000000000 ) ) ;
#3242 = LINE ( 'NONE', #1119, #574 ) ;
#3243 = CARTESIAN_POINT ( 'NONE',  ( 55.42884860408193504, 23.35317541498460159, 4.000000000000000000 ) ) ;
#3244 = LINE ( 'NONE', #2900, #206 ) ;
#3245 = DIRECTION ( 'NONE',  ( 1.000000000000000000, 0.000000000000000000, -0.000000000000000000 ) ) ;
#3246 = AXIS2_PLACEMENT_3D ( 'NONE', #1970, #1722, #2308 ) ;
#3247 = VERTEX_POINT ( 'NONE', #2277 ) ;
#3248 = ADVANCED_FACE ( 'NONE', ( #3682 ), #458, .T. ) ;
#3249 = ORIENTED_EDGE ( 'NONE', *, *, #1840, .T. ) ;
#3250 = VECTOR ( 'NONE', #3453, 1000.000000000000000 ) ;
#3251 = LINE ( 'NONE', #1495, #2886 ) ;
#3252 = CIRCLE ( 'NONE', #2327, 1.700000000000001066 ) ;
#3253 = ORIENTED_EDGE ( 'NONE', *, *, #2865, .T. ) ;
#3254 = CARTESIAN_POINT ( 'NONE',  ( 5.875044450089777825, 53.13706121412302252, 0.000000000000000000 ) ) ;
#3255 = CARTESIAN_POINT ( 'NONE',  ( 32.14653210253800353, 0.000000000000000000, 0.9599999985689978699 ) ) ;
#3256 = LINE ( 'NONE', #2421, #2124 ) ;
#3257 = ORIENTED_EDGE ( 'NONE', *, *, #2785, .T. ) ;
#3258 = CARTESIAN_POINT ( 'NONE',  ( 71.31952070086403239, 54.37489788495683740, 4.000000000000000000 ) ) ;
#3259 = EDGE_CURVE ( 'NONE', #109, #2948, #1081, .T. ) ;
#3260 = LINE ( 'NONE', #3779, #2670 ) ;
#3261 = CARTESIAN_POINT ( 'NONE',  ( 5.873484235277212306, 45.25038475940630889, 4.000000000000000000 ) ) ;
#3262 = DIRECTION ( 'NONE',  ( 1.577021341797097018E-15, 1.000000000000000000, 0.000000000000000000 ) ) ;
#3263 = DIRECTION ( 'NONE',  ( 0.0001978291858417484091, 0.9999999804318063790, -0.000000000000000000 ) ) ;
#3264 = FACE_OUTER_BOUND ( 'NONE', #3323, .T. ) ;
#3265 = ORIENTED_EDGE ( 'NONE', *, *, #2551, .F. ) ;
#3266 = FACE_OUTER_BOUND ( 'NONE', #78, .T. ) ;
#3267 = ORIENTED_EDGE ( 'NONE', *, *, #1898, .T. ) ;
#3268 = DIRECTION ( 'NONE',  ( -1.000000000000000000, 0.000000000000000000, -0.000000000000000000 ) ) ;
#3269 = DIRECTION ( 'NONE',  ( 0.000000000000000000, -1.000000000000000000, 0.000000000000000000 ) ) ;
#3270 = ORIENTED_EDGE ( 'NONE', *, *, #2701, .F. ) ;
#3271 = DIRECTION ( 'NONE',  ( 0.7071067811865392461, 0.000000000000000000, -0.7071067811865556774 ) ) ;
#3272 = ORIENTED_EDGE ( 'NONE', *, *, #1220, .F. ) ;
#3273 = ORIENTED_EDGE ( 'NONE', *, *, #1533, .F. ) ;
#3274 = CARTESIAN_POINT ( 'NONE',  ( 6.992565577374029395, 5.000000000000023093, 0.000000000000000000 ) ) ;
#3275 = LINE ( 'NONE', #1794, #620 ) ;
#3276 = CARTESIAN_POINT ( 'NONE',  ( 57.46984934592701677, 34.90332283157010806, 4.000000000000000000 ) ) ;
#3277 = CARTESIAN_POINT ( 'NONE',  ( 12.07195935263212583, 58.33397611666538296, 0.000000000000000000 ) ) ;
#3278 = DIRECTION ( 'NONE',  ( 0.000000000000000000, 0.000000000000000000, 1.000000000000000000 ) ) ;
#3279 = VERTEX_POINT ( 'NONE', #712 ) ;
#3280 = DIRECTION ( 'NONE',  ( -0.7071067811865497932, -0.7071067811865453523, 0.000000000000000000 ) ) ;
#3281 = VERTEX_POINT ( 'NONE', #1941 ) ;
#3282 = DIRECTION ( 'NONE',  ( -0.000000000000000000, -0.000000000000000000, 1.000000000000000000 ) ) ;
#3283 = CARTESIAN_POINT ( 'NONE',  ( 38.03180065388671949, 40.09286487643510810, 1.999999999999968914 ) ) ;
#3284 = AXIS2_PLACEMENT_3D ( 'NONE', #319, #1503, #1209 ) ;
#3285 = ADVANCED_FACE ( 'NONE', ( #1983 ), #3123, .T. ) ;
#3286 = VECTOR ( 'NONE', #2039, 1000.000000000000000 ) ;
#3287 = EDGE_CURVE ( 'NONE', #856, #769, #148, .T. ) ;
#3288 = EDGE_LOOP ( 'NONE', ( #2740, #460, #1337, #407 ) ) ;
#3289 = CARTESIAN_POINT ( 'NONE',  ( 74.46692151384304736, 8.415085090169998949, 0.000000000000000000 ) ) ;
#3290 = ORIENTED_EDGE ( 'NONE', *, *, #101, .T. ) ;
#3291 = ORIENTED_EDGE ( 'NONE', *, *, #2249, .F. ) ;
#3292 = VECTOR ( 'NONE', #2734, 1000.000000000000000 ) ;
#3293 = LINE ( 'NONE', #2731, #3839 ) ;
#3294 = CARTESIAN_POINT ( 'NONE',  ( 65.74084972657723824, 23.61190122397092495, 1.109997883926998163 ) ) ;
#3295 = DIRECTION ( 'NONE',  ( 0.7071067811865475727, 0.000000000000000000, 0.7071067811865475727 ) ) ;
#3296 = LINE ( 'NONE', #598, #1295 ) ;
#3297 = EDGE_CURVE ( 'NONE', #1494, #3238, #1895, .T. ) ;
#3298 = DIRECTION ( 'NONE',  ( 0.000000000000000000, 0.000000000000000000, -1.000000000000000000 ) ) ;
#3299 = EDGE_LOOP ( 'NONE', ( #782, #1091, #1517, #2091 ) ) ;
#3300 = EDGE_CURVE ( 'NONE', #1787, #3075, #1059, .T. ) ;
#3301 = DIRECTION ( 'NONE',  ( -0.7071067811865497932, -0.7071067811865453523, 0.000000000000000000 ) ) ;
#3302 = ORIENTED_EDGE ( 'NONE', *, *, #1450, .F. ) ;
#3303 = FACE_BOUND ( 'NONE', #1530, .T. ) ;
#3304 = CARTESIAN_POINT ( 'NONE',  ( 71.31952070086403239, 59.97470916941927044, 0.000000000000000000 ) ) ;
#3305 = AXIS2_PLACEMENT_3D ( 'NONE', #88, #3622, #2777 ) ;
#3306 = VECTOR ( 'NONE', #599, 1000.000000000000000 ) ;
#3307 = EDGE_LOOP ( 'NONE', ( #3510, #1208, #3452, #1225 ) ) ;
#3308 = VECTOR ( 'NONE', #3745, 1000.000000000000000 ) ;
#3309 = LINE ( 'NONE', #295, #2563 ) ;
#3310 = VERTEX_POINT ( 'NONE', #1016 ) ;
#3311 = DIRECTION ( 'NONE',  ( -0.7071067811867248754, 0.7071067811863702701, 0.000000000000000000 ) ) ;
#3312 = ADVANCED_FACE ( 'NONE', ( #1372 ), #1628, .T. ) ;
#3313 = PRESENTATION_STYLE_ASSIGNMENT (( #3618 ) ) ;
#3314 = LINE ( 'NONE', #967, #436 ) ;
#3315 = CARTESIAN_POINT ( 'NONE',  ( 41.42884860408194214, 26.75317541498458951, 4.000000000000000000 ) ) ;
#3316 = LINE ( 'NONE', #1544, #1107 ) ;
#3317 = EDGE_CURVE ( 'NONE', #3211, #3810, #3391, .T. ) ;
#3318 = ORIENTED_EDGE ( 'NONE', *, *, #2735, .F. ) ;
#3319 = DIRECTION ( 'NONE',  ( -0.9999999924245159821, 0.0001230892683151790486, 0.000000000000000000 ) ) ;
#3320 = VERTEX_POINT ( 'NONE', #3697 ) ;
#3321 = CARTESIAN_POINT ( 'NONE',  ( 8.888803657608024267, 8.415085090169998949, 10.00000000000000000 ) ) ;
#3322 = FACE_BOUND ( 'NONE', #1123, .T. ) ;
#3323 = EDGE_LOOP ( 'NONE', ( #2721, #2164, #2909, #3047, #3257, #802 ) ) ;
#3324 = EDGE_CURVE ( 'NONE', #1137, #1800, #792, .T. ) ;
#3325 = CARTESIAN_POINT ( 'NONE',  ( 65.16983569344401417, 41.21884720954800940, 4.000000000000000000 ) ) ;
#3326 = ORIENTED_EDGE ( 'NONE', *, *, #2148, .T. ) ;
#3327 = ADVANCED_FACE ( 'NONE', ( #416 ), #505, .F. ) ;
#3328 = VERTEX_POINT ( 'NONE', #774 ) ;
#3329 = FACE_OUTER_BOUND ( 'NONE', #2422, .T. ) ;
#3330 = LINE ( 'NONE', #1562, #1859 ) ;
#3331 = DIRECTION ( 'NONE',  ( 1.000000000000000000, 0.000000000000000000, -0.000000000000000000 ) ) ;
#3332 = EDGE_CURVE ( 'NONE', #1718, #3214, #478, .T. ) ;
#3333 = CARTESIAN_POINT ( 'NONE',  ( 74.43211764624987836, 51.26230093957098433, 0.000000000000000000 ) ) ;
#3334 = ORIENTED_EDGE ( 'NONE', *, *, #3521, .T. ) ;
#3335 = CARTESIAN_POINT ( 'NONE',  ( 24.39487291362403099, 59.35339717067414256, 10.00000000000000000 ) ) ;
#3336 = EDGE_CURVE ( 'NONE', #3279, #1005, #753, .T. ) ;
#3337 = EDGE_LOOP ( 'NONE', ( #3185, #573, #2310, #2868 ) ) ;
#3338 = CARTESIAN_POINT ( 'NONE',  ( 5.871324698771779538, 34.33421759231527659, 6.000000000000000000 ) ) ;
#3339 = CARTESIAN_POINT ( 'NONE',  ( -2.595249223493786950, 2.617091902073043208, 4.000000000000000000 ) ) ;
#3340 = VERTEX_POINT ( 'NONE', #2565 ) ;
#3341 = VECTOR ( 'NONE', #2223, 1000.000000000000000 ) ;
#3342 = DIRECTION ( 'NONE',  ( 1.317956502048527864E-15, -1.000000000000000000, 0.000000000000000000 ) ) ;
#3343 = ORIENTED_EDGE ( 'NONE', *, *, #3079, .F. ) ;
#3344 = ORIENTED_EDGE ( 'NONE', *, *, #3332, .F. ) ;
#3345 = VECTOR ( 'NONE', #3041, 1000.000000000000000 ) ;
#3346 = LINE ( 'NONE', #933, #617 ) ;
#3347 = DIRECTION ( 'NONE',  ( -1.000000000000000000, 0.000000000000000000, 0.000000000000000000 ) ) ;
#3348 = CARTESIAN_POINT ( 'NONE',  ( 62.84720929291043490, 62.84720929291043490, 0.000000000000000000 ) ) ;
#3349 = VECTOR ( 'NONE', #192, 1000.000000000000000 ) ;
#3350 = DIRECTION ( 'NONE',  ( 1.000000000000000000, 0.000000000000000000, 0.000000000000000000 ) ) ;
#3351 = AXIS2_PLACEMENT_3D ( 'NONE', #1399, #1105, #2307 ) ;
#3352 = CARTESIAN_POINT ( 'NONE',  ( 40.42884860408197056, 23.35317541498461225, 10.00099999999999945 ) ) ;
#3353 = ORIENTED_EDGE ( 'NONE', *, *, #3757, .T. ) ;
#3354 = CARTESIAN_POINT ( 'NONE',  ( 55.42884860408194214, 26.75317541498458951, 4.000000000000000000 ) ) ;
#3355 = ORIENTED_EDGE ( 'NONE', *, *, #3116, .T. ) ;
#3356 = CARTESIAN_POINT ( 'NONE',  ( 65.74084972657725245, 30.61190122397092495, 3.399999999999968825 ) ) ;
#3357 = DIRECTION ( 'NONE',  ( 0.5773502691896191807, -0.5773502691896224004, 0.5773502691896357231 ) ) ;
#3358 = EDGE_CURVE ( 'NONE', #1396, #172, #1605, .T. ) ;
#3359 = ORIENTED_EDGE ( 'NONE', *, *, #1926, .F. ) ;
#3360 = FACE_OUTER_BOUND ( 'NONE', #2019, .T. ) ;
#3361 = AXIS2_PLACEMENT_3D ( 'NONE', #134, #1929, #1615 ) ;
#3362 = DIRECTION ( 'NONE',  ( -0.000000000000000000, -0.000000000000000000, -1.000000000000000000 ) ) ;
#3363 = ORIENTED_EDGE ( 'NONE', *, *, #1428, .T. ) ;
#3364 = VERTEX_POINT ( 'NONE', #3720 ) ;
#3365 = VECTOR ( 'NONE', #486, 1000.000000000000000 ) ;
#3366 = DIRECTION ( 'NONE',  ( -1.000000000000000000, 0.000000000000000000, 0.000000000000000000 ) ) ;
#3367 = CARTESIAN_POINT ( 'NONE',  ( 5.875044450089794701, 53.13706121412302252, 4.000000000000000000 ) ) ;
#3368 = VECTOR ( 'NONE', #1551, 1000.000000000000000 ) ;
#3369 = EDGE_CURVE ( 'NONE', #1671, #2745, #2504, .T. ) ;
#3370 = LINE ( 'NONE', #1858, #1509 ) ;
#3371 = ORIENTED_EDGE ( 'NONE', *, *, #2583, .F. ) ;
#3372 = CARTESIAN_POINT ( 'NONE',  ( 65.16983569344401417, 34.90332283157010806, 4.000000000000000000 ) ) ;
#3373 = ORIENTED_EDGE ( 'NONE', *, *, #1664, .F. ) ;
#3374 = DIRECTION ( 'NONE',  ( -0.000000000000000000, -0.000000000000000000, -1.000000000000000000 ) ) ;
#3375 = CARTESIAN_POINT ( 'NONE',  ( 75.02984732797570189, 28.93771831048098520, 4.000000000000000000 ) ) ;
#3376 = VERTEX_POINT ( 'NONE', #2231 ) ;
#3377 = EDGE_CURVE ( 'NONE', #1494, #3805, #3122, .T. ) ;
#3378 = CARTESIAN_POINT ( 'NONE',  ( 5.000000000000903277, 57.98214359204602175, 10.00000000000000000 ) ) ;
#3379 = FACE_OUTER_BOUND ( 'NONE', #2458, .T. ) ;
#3380 = ORIENTED_EDGE ( 'NONE', *, *, #1522, .T. ) ;
#3381 = ORIENTED_EDGE ( 'NONE', *, *, #1533, .T. ) ;
#3382 = EDGE_CURVE ( 'NONE', #1930, #3376, #3681, .T. ) ;
#3383 = CARTESIAN_POINT ( 'NONE',  ( 64.56983569344401985, 35.50332283157010949, -8.271542309605473875 ) ) ;
#3384 = CARTESIAN_POINT ( 'NONE',  ( 77.86692151384301042, 56.44252476504900073, 10.00000000000000000 ) ) ;
#3385 = LINE ( 'NONE', #3139, #495 ) ;
#3386 = CARTESIAN_POINT ( 'NONE',  ( 79.97474980949952794, 57.98214359204602175, 0.000000000000000000 ) ) ;
#3387 = DIRECTION ( 'NONE',  ( -0.000000000000000000, -1.000000000000000000, -0.000000000000000000 ) ) ;
#3388 = EDGE_LOOP ( 'NONE', ( #47, #993, #1403, #3440 ) ) ;
#3389 = LINE ( 'NONE', #2588, #1943 ) ;
#3390 = CARTESIAN_POINT ( 'NONE',  ( 5.000000000000532019, 33.46289289354402285, 4.000000000000000000 ) ) ;
#3391 = LINE ( 'NONE', #731, #2614 ) ;
#3392 = EDGE_LOOP ( 'NONE', ( #1263, #3806, #2358, #3572 ) ) ;
#3393 = ORIENTED_EDGE ( 'NONE', *, *, #2724, .F. ) ;
#3394 = DIRECTION ( 'NONE',  ( -1.000000000000000000, 3.011203194556595896E-16, 0.000000000000000000 ) ) ;
#3395 = PLANE ( 'NONE',  #697 ) ;
#3396 = PLANE ( 'NONE',  #2001 ) ;
#3397 = CARTESIAN_POINT ( 'NONE',  ( 59.74084972657723824, 30.61190122397092495, 3.399999999999968825 ) ) ;
#3398 = VERTEX_POINT ( 'NONE', #457 ) ;
#3399 = ORIENTED_EDGE ( 'NONE', *, *, #1055, .T. ) ;
#3400 = DIRECTION ( 'NONE',  ( -0.000000000000000000, -0.000000000000000000, -1.000000000000000000 ) ) ;
#3401 = CARTESIAN_POINT ( 'NONE',  ( 79.97474980949952794, 57.98214359204602175, 10.00099999999999945 ) ) ;
#3402 = AXIS2_PLACEMENT_3D ( 'NONE', #1978, #809, #9 ) ;
#3403 = DIRECTION ( 'NONE',  ( -0.7071067811867136621, 0.7071067811863814834, 0.000000000000000000 ) ) ;
#3404 = VECTOR ( 'NONE', #2519, 1000.000000000000000 ) ;
#3405 = LINE ( 'NONE', #1303, #2105 ) ;
#3406 = CARTESIAN_POINT ( 'NONE',  ( 71.31952070086403239, 54.37489788495683740, 4.000000000000000000 ) ) ;
#3407 = AXIS2_PLACEMENT_3D ( 'NONE', #975, #677, #107 ) ;
#3408 = EDGE_CURVE ( 'NONE', #924, #742, #1100, .T. ) ;
#3409 = CARTESIAN_POINT ( 'NONE',  ( 36.03180065388673370, 38.09286487643512942, 4.000000000000000000 ) ) ;
#3410 = ORIENTED_EDGE ( 'NONE', *, *, #3728, .T. ) ;
#3411 = FACE_OUTER_BOUND ( 'NONE', #2375, .T. ) ;
#3412 = PLANE ( 'NONE',  #569 ) ;
#3413 = VECTOR ( 'NONE', #156, 1000.000000000000000 ) ;
#3414 = VERTEX_POINT ( 'NONE', #812 ) ;
#3415 = LINE ( 'NONE', #2510, #374 ) ;
#3416 = ORIENTED_EDGE ( 'NONE', *, *, #3377, .T. ) ;
#3417 = DIRECTION ( 'NONE',  ( -0.7070197385735585982, 0.7071938130861842309, -0.000000000000000000 ) ) ;
#3418 = AXIS2_PLACEMENT_3D ( 'NONE', #1282, #3403, #707 ) ;
#3419 = DIRECTION ( 'NONE',  ( -1.000000000000000000, 0.000000000000000000, 0.000000000000000000 ) ) ;
#3420 = PLANE ( 'NONE',  #3665 ) ;
#3421 = ORIENTED_EDGE ( 'NONE', *, *, #1772, .F. ) ;
#3422 = VERTEX_POINT ( 'NONE', #3390 ) ;
#3423 = CARTESIAN_POINT ( 'NONE',  ( 24.39487291362403099, 59.35339717067414256, 6.000000000000000000 ) ) ;
#3424 = AXIS2_PLACEMENT_3D ( 'NONE', #222, #2264, #3280 ) ;
#3425 = DIRECTION ( 'NONE',  ( -0.000000000000000000, -0.000000000000000000, -1.000000000000000000 ) ) ;
#3426 = FACE_OUTER_BOUND ( 'NONE', #1424, .T. ) ;
#3427 = VECTOR ( 'NONE', #3150, 1000.000000000000114 ) ;
#3428 = ADVANCED_FACE ( 'NONE', ( #2816 ), #3412, .F. ) ;
#3429 = DIRECTION ( 'NONE',  ( -0.7071067811865574537, 4.088782444489056373E-16, 0.7071067811865375807 ) ) ;
#3430 = FACE_OUTER_BOUND ( 'NONE', #2611, .T. ) ;
#3431 = VECTOR ( 'NONE', #1289, 1000.000000000000000 ) ;
#3432 = ORIENTED_EDGE ( 'NONE', *, *, #1748, .F. ) ;
#3433 = CARTESIAN_POINT ( 'NONE',  ( 40.83180065388673796, 43.69286487643512373, 3.399999999999983036 ) ) ;
#3434 = LINE ( 'NONE', #437, #1927 ) ;
#3435 = DIRECTION ( 'NONE',  ( 0.000000000000000000, 0.000000000000000000, -1.000000000000000000 ) ) ;
#3436 = EDGE_CURVE ( 'NONE', #1568, #158, #1371, .T. ) ;
#3437 = CARTESIAN_POINT ( 'NONE',  ( 5.873484235277215859, 45.25038475940630889, 6.000000000000000000 ) ) ;
#3438 = ORIENTED_EDGE ( 'NONE', *, *, #1402, .F. ) ;
#3439 = FACE_OUTER_BOUND ( 'NONE', #2533, .T. ) ;
#3440 = ORIENTED_EDGE ( 'NONE', *, *, #2940, .T. ) ;
#3441 = EDGE_CURVE ( 'NONE', #880, #3340, #3434, .T. ) ;
#3442 = CARTESIAN_POINT ( 'NONE',  ( 23.73212781767187707, 57.66334277808476827, 0.000000000000000000 ) ) ;
#3443 = CARTESIAN_POINT ( 'NONE',  ( 25.52610449534172687, 52.77490806565516834, 6.000000000000000000 ) ) ;
#3444 = DIRECTION ( 'NONE',  ( -1.000000000000000000, 1.887397745837881465E-14, 0.000000000000000000 ) ) ;
#3445 = ORIENTED_EDGE ( 'NONE', *, *, #83, .F. ) ;
#3446 = VERTEX_POINT ( 'NONE', #2881 ) ;
#3447 = CARTESIAN_POINT ( 'NONE',  ( 11.13621310223726368, 34.33421759231528370, 6.000000000000000000 ) ) ;
#3448 = DIRECTION ( 'NONE',  ( -0.000000000000000000, -0.000000000000000000, -1.000000000000000000 ) ) ;
#3449 = EDGE_LOOP ( 'NONE', ( #2322, #2783, #3725, #427 ) ) ;
#3450 = DIRECTION ( 'NONE',  ( -0.000000000000000000, -0.000000000000000000, 1.000000000000000000 ) ) ;
#3451 = DIRECTION ( 'NONE',  ( 0.000000000000000000, -1.000000000000000000, 0.000000000000000000 ) ) ;
#3452 = ORIENTED_EDGE ( 'NONE', *, *, #1166, .T. ) ;
#3453 = DIRECTION ( 'NONE',  ( -1.000000000000000000, 0.000000000000000000, 0.000000000000000000 ) ) ;
#3454 = DIRECTION ( 'NONE',  ( 0.000000000000000000, -1.000000000000000000, 0.000000000000000000 ) ) ;
#3455 = CARTESIAN_POINT ( 'NONE',  ( 17.46155956311902457, 19.96343870725181802, 10.00099999999999945 ) ) ;
#3456 = DIRECTION ( 'NONE',  ( -0.000000000000000000, -0.000000000000000000, 1.000000000000000000 ) ) ;
#3457 = ORIENTED_EDGE ( 'NONE', *, *, #3780, .T. ) ;
#3458 = EDGE_CURVE ( 'NONE', #184, #2985, #167, .T. ) ;
#3459 = ORIENTED_EDGE ( 'NONE', *, *, #1621, .T. ) ;
#3460 = CARTESIAN_POINT ( 'NONE',  ( 65.74084972657725245, 30.61190122397092495, 1.109997883926998163 ) ) ;
#3461 = DIRECTION ( 'NONE',  ( -0.000000000000000000, -0.000000000000000000, -1.000000000000000000 ) ) ;
#3462 = PLANE ( 'NONE',  #1810 ) ;
#3463 = ORIENTED_EDGE ( 'NONE', *, *, #2319, .T. ) ;
#3464 = ORIENTED_EDGE ( 'NONE', *, *, #481, .F. ) ;
#3465 = CARTESIAN_POINT ( 'NONE',  ( 65.74084972657723824, 23.61190122397092495, 1.109997883926998163 ) ) ;
#3466 = FACE_OUTER_BOUND ( 'NONE', #970, .T. ) ;
#3467 = ORIENTED_EDGE ( 'NONE', *, *, #841, .F. ) ;
#3468 = VECTOR ( 'NONE', #2003, 1000.000000000000000 ) ;
#3469 = CARTESIAN_POINT ( 'NONE',  ( 6.992565577374029395, 5.000000000000023093, 0.000000000000000000 ) ) ;
#3470 = EDGE_CURVE ( 'NONE', #3796, #1848, #1960, .T. ) ;
#3471 = DIRECTION ( 'NONE',  ( 0.000000000000000000, 0.000000000000000000, -1.000000000000000000 ) ) ;
#3472 = DIRECTION ( 'NONE',  ( 3.011203194556595896E-16, 1.000000000000000000, -0.000000000000000000 ) ) ;
#3473 = VECTOR ( 'NONE', #3136, 1000.000000000000000 ) ;
#3474 = DIRECTION ( 'NONE',  ( -0.7071067811865556774, 0.000000000000000000, -0.7071067811865393571 ) ) ;
#3475 = CARTESIAN_POINT ( 'NONE',  ( 6.938893903907228378E-15, 23.35317541498462290, 4.000000000000000000 ) ) ;
#3476 = DIRECTION ( 'NONE',  ( -9.324293839476711010E-05, -0.9999999956528771161, 0.000000000000000000 ) ) ;
#3477 = VECTOR ( 'NONE', #3374, 1000.000000000000000 ) ;
#3478 = ORIENTED_EDGE ( 'NONE', *, *, #1249, .T. ) ;
#3479 = ORIENTED_EDGE ( 'NONE', *, *, #879, .F. ) ;
#3480 = CARTESIAN_POINT ( 'NONE',  ( 40.83180065388673796, 43.69286487643512373, 1.699885383662997906 ) ) ;
#3481 = LINE ( 'NONE', #2964, #1053 ) ;
#3482 = CARTESIAN_POINT ( 'NONE',  ( 65.74084972657725245, 30.61190122397092495, 3.399999999999968825 ) ) ;
#3483 = ORIENTED_EDGE ( 'NONE', *, *, #3230, .T. ) ;
#3484 = ORIENTED_EDGE ( 'NONE', *, *, #3127, .F. ) ;
#3485 = EDGE_CURVE ( 'NONE', #2942, #3505, #311, .T. ) ;
#3486 = DIRECTION ( 'NONE',  ( -0.000000000000000000, -0.000000000000000000, -1.000000000000000000 ) ) ;
#3487 = DIRECTION ( 'NONE',  ( -0.000000000000000000, -0.000000000000000000, -1.000000000000000000 ) ) ;
#3488 = ORIENTED_EDGE ( 'NONE', *, *, #301, .T. ) ;
#3489 = VECTOR ( 'NONE', #3730, 1000.000000000000000 ) ;
#3490 = CARTESIAN_POINT ( 'NONE',  ( 78.03203064794003296, 52.35311032234201889, 10.00000000000000000 ) ) ;
#3491 = DIRECTION ( 'NONE',  ( -1.000000000000000000, 0.000000000000000000, 0.000000000000000000 ) ) ;
#3492 = LINE ( 'NONE', #582, #3727 ) ;
#3493 = VECTOR ( 'NONE', #690, 1000.000000000000000 ) ;
#3494 = CARTESIAN_POINT ( 'NONE',  ( 79.97474980950003953, 10.50829548434902350, 10.00000000000000000 ) ) ;
#3495 = ADVANCED_FACE ( 'NONE', ( #1567 ), #85, .F. ) ;
#3496 = CARTESIAN_POINT ( 'NONE',  ( 41.42884860408194214, 23.35317541498460159, -10.67514906227531313 ) ) ;
#3497 = VECTOR ( 'NONE', #2997, 1000.000000000000000 ) ;
#3498 = ORIENTED_EDGE ( 'NONE', *, *, #618, .F. ) ;
#3499 = VECTOR ( 'NONE', #969, 1000.000000000000114 ) ;
#3500 = ORIENTED_EDGE ( 'NONE', *, *, #1249, .F. ) ;
#3501 = CARTESIAN_POINT ( 'NONE',  ( 18.61060500309818977, 30.68592075184099599, 1.109999999999998099 ) ) ;
#3502 = PRODUCT ( '\X2\63a565367aef656370ed\X0\-\X2\5149\X0\', '\X2\63a565367aef656370ed\X0\-\X2\5149\X0\', '', ( #1030 ) ) ;
#3503 = EDGE_CURVE ( 'NONE', #1343, #196, #2520, .T. ) ;
#3504 = ORIENTED_EDGE ( 'NONE', *, *, #2537, .T. ) ;
#3505 = VERTEX_POINT ( 'NONE', #2226 ) ;
#3506 = LINE ( 'NONE', #2655, #2937 ) ;
#3507 = VERTEX_POINT ( 'NONE', #3409 ) ;
#3508 = CARTESIAN_POINT ( 'NONE',  ( 65.34807733323546586, 45.95871309031685570, 5.000000000000000000 ) ) ;
#3509 = LINE ( 'NONE', #3834, #3714 ) ;
#3510 = ORIENTED_EDGE ( 'NONE', *, *, #1267, .F. ) ;
#3511 = ADVANCED_FACE ( 'NONE', ( #750 ), #1252, .F. ) ;
#3512 = LINE ( 'NONE', #3494, #71 ) ;
#3513 = CARTESIAN_POINT ( 'NONE',  ( 31.21060500309818764, 24.08592075184099457, 4.000000000000000000 ) ) ;
#3514 = ORIENTED_EDGE ( 'NONE', *, *, #2348, .T. ) ;
#3515 = VERTEX_POINT ( 'NONE', #3152 ) ;
#3516 = LINE ( 'NONE', #3283, #3497 ) ;
#3517 = VERTEX_POINT ( 'NONE', #1655 ) ;
#3518 = ORIENTED_EDGE ( 'NONE', *, *, #749, .T. ) ;
#3519 = EDGE_CURVE ( 'NONE', #2851, #1005, #175, .T. ) ;
#3520 = DIRECTION ( 'NONE',  ( -1.000000000000000000, 0.000000000000000000, 0.000000000000000000 ) ) ;
#3521 = EDGE_CURVE ( 'NONE', #3623, #1036, #2863, .T. ) ;
#3522 = DIRECTION ( 'NONE',  ( -1.000000000000000000, 0.000000000000000000, -0.000000000000000000 ) ) ;
#3523 = ORIENTED_EDGE ( 'NONE', *, *, #1528, .T. ) ;
#3524 = FACE_OUTER_BOUND ( 'NONE', #1971, .T. ) ;
#3525 = LINE ( 'NONE', #3222, #1043 ) ;
#3526 = ORIENTED_EDGE ( 'NONE', *, *, #665, .T. ) ;
#3527 = DIRECTION ( 'NONE',  ( -0.000000000000000000, -0.000000000000000000, 1.000000000000000000 ) ) ;
#3528 = LINE ( 'NONE', #527, #1065 ) ;
#3529 = FACE_OUTER_BOUND ( 'NONE', #1159, .T. ) ;
#3530 = VECTOR ( 'NONE', #3798, 1000.000000000000000 ) ;
#3531 = VERTEX_POINT ( 'NONE', #2284 ) ;
#3532 = ORIENTED_EDGE ( 'NONE', *, *, #3537, .F. ) ;
#3533 = COLOUR_RGB ( '',0.7921568627450980005, 0.8196078431372548767, 0.9333333333333333481 ) ;
#3534 = LINE ( 'NONE', #291, #1945 ) ;
#3535 = VECTOR ( 'NONE', #2528, 1000.000000000000000 ) ;
#3536 = EDGE_LOOP ( 'NONE', ( #2066, #1164, #1681, #843 ) ) ;
#3537 = EDGE_CURVE ( 'NONE', #897, #3796, #1316, .T. ) ;
#3538 = VECTOR ( 'NONE', #3724, 999.9999999999998863 ) ;
#3539 = FACE_OUTER_BOUND ( 'NONE', #2123, .T. ) ;
#3540 = CARTESIAN_POINT ( 'NONE',  ( 39.16513398722009498, 40.35953154310175961, 1.733333333333304749 ) ) ;
#3541 = VERTEX_POINT ( 'NONE', #761 ) ;
#3542 = EDGE_CURVE ( 'NONE', #1092, #3320, #488, .T. ) ;
#3543 = CARTESIAN_POINT ( 'NONE',  ( 17.46155956311902457, 19.96343870725181802, 10.00000000000000000 ) ) ;
#3544 = VECTOR ( 'NONE', #2896, 1000.000000000000000 ) ;
#3545 = CYLINDRICAL_SURFACE ( 'NONE', #738, 1.699999999999993072 ) ;
#3546 = CARTESIAN_POINT ( 'NONE',  ( 73.15243468099103552, 20.03231731485909961, 10.00000000000000000 ) ) ;
#3547 =( LENGTH_UNIT ( ) NAMED_UNIT ( * ) SI_UNIT ( .MILLI., .METRE. ) );
#3548 = CARTESIAN_POINT ( 'NONE',  ( 79.97474980949952794, 57.98214359204602175, 10.00000000000000000 ) ) ;
#3549 = EDGE_CURVE ( 'NONE', #2778, #3621, #445, .T. ) ;
#3550 = EDGE_CURVE ( 'NONE', #852, #3125, #533, .T. ) ;
#3551 = CARTESIAN_POINT ( 'NONE',  ( 64.56983569344401985, 40.61884720954800088, 0.3999999999999975797 ) ) ;
#3552 = VECTOR ( 'NONE', #2450, 1000.000000000000000 ) ;
#3553 = ORIENTED_EDGE ( 'NONE', *, *, #1676, .T. ) ;
#3554 = CARTESIAN_POINT ( 'NONE',  ( 41.43180065388673938, 0.000000000000000000, 4.000000000000000000 ) ) ;
#3555 = ORIENTED_EDGE ( 'NONE', *, *, #2766, .F. ) ;
#3556 = VECTOR ( 'NONE', #1668, 1000.000000000000114 ) ;
#3557 = CARTESIAN_POINT ( 'NONE',  ( 54.42884860408192793, 27.75317541498460372, 4.000000000000000000 ) ) ;
#3558 = VECTOR ( 'NONE', #508, 1000.000000000000000 ) ;
#3559 = ADVANCED_FACE ( 'NONE', ( #1335 ), #3396, .F. ) ;
#3560 = ORIENTED_EDGE ( 'NONE', *, *, #3358, .T. ) ;
#3561 = EDGE_CURVE ( 'NONE', #1624, #484, #820, .T. ) ;
#3562 = CARTESIAN_POINT ( 'NONE',  ( 55.24511320246803336, 59.97470916941927044, 10.00000000000000000 ) ) ;
#3563 = EDGE_LOOP ( 'NONE', ( #571, #1754, #3060, #1407 ) ) ;
#3564 = ORIENTED_EDGE ( 'NONE', *, *, #1968, .T. ) ;
#3565 = CARTESIAN_POINT ( 'NONE',  ( 78.03192893766751581, 51.26230093957098433, 4.000000000000000000 ) ) ;
#3566 = CARTESIAN_POINT ( 'NONE',  ( 65.74084972657723824, 23.61190122397092495, 4.000000000000000000 ) ) ;
#3567 = DIRECTION ( 'NONE',  ( 0.7071067811865492381, -0.7071067811865457964, 0.000000000000000000 ) ) ;
#3568 = CARTESIAN_POINT ( 'NONE',  ( 58.06984934592702530, 40.61884720954800088, 0.3999999999999941380 ) ) ;
#3569 = FACE_BOUND ( 'NONE', #3081, .T. ) ;
#3570 = DIRECTION ( 'NONE',  ( -1.000000000000000000, 0.000000000000000000, 0.000000000000000000 ) ) ;
#3571 = ADVANCED_FACE ( 'NONE', ( #1702 ), #2552, .T. ) ;
#3572 = ORIENTED_EDGE ( 'NONE', *, *, #1830, .F. ) ;
#3573 = FACE_OUTER_BOUND ( 'NONE', #1937, .T. ) ;
#3574 = ORIENTED_EDGE ( 'NONE', *, *, #1075, .F. ) ;
#3575 = CARTESIAN_POINT ( 'NONE',  ( 54.61482092964090640, 59.34967741935614782, 10.00000000000000000 ) ) ;
#3576 = EDGE_CURVE ( 'NONE', #3531, #2029, #2619, .T. ) ;
#3577 = ORIENTED_EDGE ( 'NONE', *, *, #1670, .T. ) ;
#3578 = EDGE_CURVE ( 'NONE', #1160, #3211, #2824, .T. ) ;
#3579 = CARTESIAN_POINT ( 'NONE',  ( 46.94653210253800779, 0.000000000000000000, 3.399999999999983036 ) ) ;
#3580 = ORIENTED_EDGE ( 'NONE', *, *, #3408, .T. ) ;
#3581 = ORIENTED_EDGE ( 'NONE', *, *, #2220, .T. ) ;
#3582 = DIRECTION ( 'NONE',  ( -1.000000000000000000, 0.000000000000000000, 0.000000000000000000 ) ) ;
#3583 = SURFACE_SIDE_STYLE ('',( #100 ) ) ;
#3584 = DIRECTION ( 'NONE',  ( -0.000000000000000000, -0.000000000000000000, -1.000000000000000000 ) ) ;
#3585 = EDGE_CURVE ( 'NONE', #3541, #2192, #780, .T. ) ;
#3586 = CARTESIAN_POINT ( 'NONE',  ( 47.54653210253800921, 28.28980021391638289, 4.000000000000000000 ) ) ;
#3587 = VERTEX_POINT ( 'NONE', #2575 ) ;
#3588 = CARTESIAN_POINT ( 'NONE',  ( 12.07195935263212583, 58.33397611666538296, 4.000000000000000000 ) ) ;
#3589 = ORIENTED_EDGE ( 'NONE', *, *, #1008, .F. ) ;
#3590 = DIRECTION ( 'NONE',  ( 0.7071067811865486830, -0.7071067811865464625, 0.000000000000000000 ) ) ;
#3591 = CARTESIAN_POINT ( 'NONE',  ( 40.83180065388673796, 43.69286487643512373, 1.699885383662997906 ) ) ;
#3592 = AXIS2_PLACEMENT_3D ( 'NONE', #748, #186, #1322 ) ;
#3593 = VECTOR ( 'NONE', #1953, 1000.000000000000000 ) ;
#3594 = ORIENTED_EDGE ( 'NONE', *, *, #405, .T. ) ;
#3595 = EDGE_CURVE ( 'NONE', #1131, #3376, #3686, .T. ) ;
#3596 = VECTOR ( 'NONE', #3744, 999.9999999999998863 ) ;
#3597 = CARTESIAN_POINT ( 'NONE',  ( 10.27348423527721799, 45.25038475940630889, 6.000000000000000000 ) ) ;
#3598 = VERTEX_POINT ( 'NONE', #1089 ) ;
#3599 = ORIENTED_EDGE ( 'NONE', *, *, #1527, .T. ) ;
#3600 = VECTOR ( 'NONE', #1466, 999.9999999999998863 ) ;
#3601 = CARTESIAN_POINT ( 'NONE',  ( 23.06165955430742187, 58.33397611666539717, 4.000000000000000000 ) ) ;
#3602 = CARTESIAN_POINT ( 'NONE',  ( 17.46155956311902813, 6.186614173228023539, 10.00000000000000000 ) ) ;
#3603 = DIRECTION ( 'NONE',  ( -0.000000000000000000, 0.000000000000000000, -1.000000000000000000 ) ) ;
#3604 = DIRECTION ( 'NONE',  ( 0.000000000000000000, 1.000000000000000000, 0.000000000000000000 ) ) ;
#3605 = ORIENTED_EDGE ( 'NONE', *, *, #1213, .F. ) ;
#3606 = LINE ( 'NONE', #940, #2810 ) ;
#3607 = ORIENTED_EDGE ( 'NONE', *, *, #1132, .F. ) ;
#3608 = FACE_BOUND ( 'NONE', #2887, .T. ) ;
#3609 = DIRECTION ( 'NONE',  ( 1.000000000000000000, 0.000000000000000000, 0.000000000000000000 ) ) ;
#3610 = VECTOR ( 'NONE', #3362, 1000.000000000000000 ) ;
#3611 = VECTOR ( 'NONE', #346, 1000.000000000000000 ) ;
#3612 = ORIENTED_EDGE ( 'NONE', *, *, #338, .F. ) ;
#3613 = VECTOR ( 'NONE', #3726, 1000.000000000000114 ) ;
#3614 = LINE ( 'NONE', #948, #2184 ) ;
#3615 = ORIENTED_EDGE ( 'NONE', *, *, #1438, .T. ) ;
#3616 = ORIENTED_EDGE ( 'NONE', *, *, #3141, .T. ) ;
#3617 = LINE ( 'NONE', #2774, #2920 ) ;
#3618 = SURFACE_STYLE_USAGE ( .BOTH. , #3583 ) ;
#3619 = FACE_OUTER_BOUND ( 'NONE', #1585, .T. ) ;
#3620 = DIRECTION ( 'NONE',  ( -0.7071067811867293162, -0.7071067811863657182, 0.000000000000000000 ) ) ;
#3621 = VERTEX_POINT ( 'NONE', #2530 ) ;
#3622 = DIRECTION ( 'NONE',  ( 0.000000000000000000, -1.000000000000000000, 0.000000000000000000 ) ) ;
#3623 = VERTEX_POINT ( 'NONE', #2891 ) ;
#3624 = CARTESIAN_POINT ( 'NONE',  ( 36.63180065388673512, 38.69286487643513084, 1.699885383662997906 ) ) ;
#3625 = LINE ( 'NONE', #2120, #1200 ) ;
#3626 = ORIENTED_EDGE ( 'NONE', *, *, #992, .T. ) ;
#3627 = DIRECTION ( 'NONE',  ( -1.000000000000000000, 0.000000000000000000, 0.000000000000000000 ) ) ;
#3628 = ORIENTED_EDGE ( 'NONE', *, *, #2501, .T. ) ;
#3629 = ORIENTED_EDGE ( 'NONE', *, *, #1297, .T. ) ;
#3630 = DIRECTION ( 'NONE',  ( 0.000000000000000000, 0.000000000000000000, -1.000000000000000000 ) ) ;
#3631 = DIRECTION ( 'NONE',  ( -0.000000000000000000, -0.000000000000000000, -1.000000000000000000 ) ) ;
#3632 = DIRECTION ( 'NONE',  ( -1.000000000000000000, 0.000000000000000000, 0.000000000000000000 ) ) ;
#3633 = DIRECTION ( 'NONE',  ( 1.000000000000000000, 0.000000000000000000, -0.000000000000000000 ) ) ;
#3634 = ORIENTED_EDGE ( 'NONE', *, *, #3186, .F. ) ;
#3635 = PLANE ( 'NONE',  #583 ) ;
#3636 = EDGE_LOOP ( 'NONE', ( #1963, #2804, #2960, #837 ) ) ;
#3637 = DIRECTION ( 'NONE',  ( -1.000000000000000000, 0.000000000000000000, -0.000000000000000000 ) ) ;
#3638 = ADVANCED_FACE ( 'NONE', ( #799 ), #3769, .F. ) ;
#3639 = CARTESIAN_POINT ( 'NONE',  ( 17.46155956311902813, 6.186614173228023539, 10.00099999999999945 ) ) ;
#3640 = ORIENTED_EDGE ( 'NONE', *, *, #173, .T. ) ;
#3641 = CIRCLE ( 'NONE', #303, 1.699999999999993072 ) ;
#3642 = ADVANCED_FACE ( 'NONE', ( #1993 ), #1928, .F. ) ;
#3643 = VECTOR ( 'NONE', #883, 1000.000000000000000 ) ;
#3644 = DIRECTION ( 'NONE',  ( -1.000000000000000000, 0.000000000000000000, 0.000000000000000000 ) ) ;
#3645 = EDGE_CURVE ( 'NONE', #2843, #517, #3481, .T. ) ;
#3646 = EDGE_LOOP ( 'NONE', ( #3445, #646, #2472, #1844 ) ) ;
#3647 = ORIENTED_EDGE ( 'NONE', *, *, #1599, .T. ) ;
#3648 = VECTOR ( 'NONE', #2895, 1000.000000000000000 ) ;
#3649 = CARTESIAN_POINT ( 'NONE',  ( 5.000000000000122569, 12.01402484683418415, 4.000000000000000000 ) ) ;
#3650 = CARTESIAN_POINT ( 'NONE',  ( 57.46984934592701677, 41.21884720954800940, 4.000000000000000000 ) ) ;
#3651 = PLANE ( 'NONE',  #3418 ) ;
#3652 = ADVANCED_FACE ( 'NONE', ( #607 ), #1127, .T. ) ;
#3653 = AXIS2_PLACEMENT_3D ( 'NONE', #430, #410, #2269 ) ;
#3654 = CARTESIAN_POINT ( 'NONE',  ( 54.61415088855444111, 53.90613964737286068, 6.000000000000000000 ) ) ;
#3655 = VECTOR ( 'NONE', #1721, 1000.000000000000114 ) ;
#3656 = VERTEX_POINT ( 'NONE', #778 ) ;
#3657 = EDGE_CURVE ( 'NONE', #676, #3037, #2280, .T. ) ;
#3658 = EDGE_CURVE ( 'NONE', #2761, #1886, #2354, .T. ) ;
#3659 = DIRECTION ( 'NONE',  ( 1.000000000000000000, 0.000000000000000000, 0.000000000000000000 ) ) ;
#3660 = CIRCLE ( 'NONE', #876, 1.699999999999979305 ) ;
#3661 = EDGE_LOOP ( 'NONE', ( #2826, #1723, #296, #2602 ) ) ;
#3662 = LINE ( 'NONE', #1572, #567 ) ;
#3663 = DIRECTION ( 'NONE',  ( -1.000000000000000000, 0.000000000000000000, -0.000000000000000000 ) ) ;
#3664 = VERTEX_POINT ( 'NONE', #1332 ) ;
#3665 = AXIS2_PLACEMENT_3D ( 'NONE', #718, #2180, #762 ) ;
#3666 = FACE_OUTER_BOUND ( 'NONE', #468, .T. ) ;
#3667 = VECTOR ( 'NONE', #3198, 1000.000000000000114 ) ;
#3668 = CYLINDRICAL_SURFACE ( 'NONE', #579, 1.699999999999979305 ) ;
#3669 = ORIENTED_EDGE ( 'NONE', *, *, #3300, .T. ) ;
#3670 = EDGE_LOOP ( 'NONE', ( #796, #312, #1791, #2926 ) ) ;
#3671 = AXIS2_PLACEMENT_3D ( 'NONE', #1882, #1219, #3070 ) ;
#3672 = CARTESIAN_POINT ( 'NONE',  ( 75.02984732797570189, 28.93771831048098520, 0.000000000000000000 ) ) ;
#3673 = LINE ( 'NONE', #785, #1923 ) ;
#3674 = AXIS2_PLACEMENT_3D ( 'NONE', #3654, #46, #33 ) ;
#3675 = CARTESIAN_POINT ( 'NONE',  ( 0.000000000000000000, 0.000000000000000000, 0.000000000000000000 ) ) ;
#3676 = CARTESIAN_POINT ( 'NONE',  ( 23.77356091487909495, 59.97470916941908570, 10.00099999999999945 ) ) ;
#3677 = EDGE_CURVE ( 'NONE', #1756, #1807, #3415, .T. ) ;
#3678 = LINE ( 'NONE', #2292, #2109 ) ;
#3679 = ORIENTED_EDGE ( 'NONE', *, *, #3199, .F. ) ;
#3680 = CARTESIAN_POINT ( 'NONE',  ( 59.74084972657723824, 23.61190122397092495, 1.109997883926998163 ) ) ;
#3681 = LINE ( 'NONE', #3762, #3596 ) ;
#3682 = FACE_OUTER_BOUND ( 'NONE', #1595, .T. ) ;
#3683 = ORIENTED_EDGE ( 'NONE', *, *, #1415, .T. ) ;
#3684 = ORIENTED_EDGE ( 'NONE', *, *, #1132, .T. ) ;
#3685 = DIRECTION ( 'NONE',  ( 1.000000000000000000, 0.000000000000000000, 0.000000000000000000 ) ) ;
#3686 = LINE ( 'NONE', #513, #2370 ) ;
#3687 = DIRECTION ( 'NONE',  ( 0.7049845209112707289, -0.7092226908915888473, 0.000000000000000000 ) ) ;
#3688 = ORIENTED_EDGE ( 'NONE', *, *, #168, .T. ) ;
#3689 = ORIENTED_EDGE ( 'NONE', *, *, #2941, .F. ) ;
#3690 = FACE_OUTER_BOUND ( 'NONE', #2617, .T. ) ;
#3691 = LINE ( 'NONE', #3755, #2056 ) ;
#3692 = PLANE ( 'NONE',  #378 ) ;
#3693 = CARTESIAN_POINT ( 'NONE',  ( 10.27348423527721799, 45.25038475940630889, 4.000000000000000000 ) ) ;
#3694 = DIRECTION ( 'NONE',  ( -0.000000000000000000, 1.000000000000000000, 0.000000000000000000 ) ) ;
#3695 = ORIENTED_EDGE ( 'NONE', *, *, #3045, .T. ) ;
#3696 = CARTESIAN_POINT ( 'NONE',  ( 17.46155956311902457, 3.469446951953614189E-15, 4.000000000000000000 ) ) ;
#3697 = CARTESIAN_POINT ( 'NONE',  ( 10.58880365760802356, 8.415085090169998949, 0.000000000000000000 ) ) ;
#3698 = PLANE ( 'NONE',  #3196 ) ;
#3699 = ORIENTED_EDGE ( 'NONE', *, *, #3786, .F. ) ;
#3700 = LINE ( 'NONE', #1375, #1429 ) ;
#3701 = EDGE_CURVE ( 'NONE', #2381, #2593, #734, .T. ) ;
#3702 = EDGE_CURVE ( 'NONE', #3125, #1137, #2859, .T. ) ;
#3703 = ORIENTED_EDGE ( 'NONE', *, *, #1112, .F. ) ;
#3704 = CARTESIAN_POINT ( 'NONE',  ( 69.83157658086554420, 23.35317541498460159, 10.00000000000000000 ) ) ;
#3705 = FACE_OUTER_BOUND ( 'NONE', #2703, .T. ) ;
#3706 = DIRECTION ( 'NONE',  ( -0.000000000000000000, -0.000000000000000000, -1.000000000000000000 ) ) ;
#3707 = LINE ( 'NONE', #446, #1129 ) ;
#3708 = ORIENTED_EDGE ( 'NONE', *, *, #605, .T. ) ;
#3709 = ORIENTED_EDGE ( 'NONE', *, *, #2873, .T. ) ;
#3710 = DIRECTION ( 'NONE',  ( -0.000000000000000000, -0.000000000000000000, -1.000000000000000000 ) ) ;
#3711 = CARTESIAN_POINT ( 'NONE',  ( 53.48264078761654616, 52.77490806565517545, 4.000000000000000000 ) ) ;
#3712 = VECTOR ( 'NONE', #1245, 1000.000000000000000 ) ;
#3713 = DIRECTION ( 'NONE',  ( 1.000000000000000000, 0.000000000000000000, 0.000000000000000000 ) ) ;
#3714 = VECTOR ( 'NONE', #2604, 1000.000000000000000 ) ;
#3715 = FACE_OUTER_BOUND ( 'NONE', #2323, .T. ) ;
#3716 = DIRECTION ( 'NONE',  ( -1.000000000000000000, 3.011203194556595896E-16, 0.000000000000000000 ) ) ;
#3717 = VECTOR ( 'NONE', #1649, 1000.000000000000000 ) ;
#3718 = EDGE_LOOP ( 'NONE', ( #1965, #2511, #1887, #3514 ) ) ;
#3719 = DIRECTION ( 'NONE',  ( -0.000000000000000000, -0.000000000000000000, -1.000000000000000000 ) ) ;
#3720 = CARTESIAN_POINT ( 'NONE',  ( 40.42884860408197056, 23.35317541498461225, 10.00000000000000000 ) ) ;
#3721 = CARTESIAN_POINT ( 'NONE',  ( 56.42884860408192083, 23.35317541498460514, 4.000000000000000000 ) ) ;
#3722 = VECTOR ( 'NONE', #1506, 1000.000000000000000 ) ;
#3723 = LINE ( 'NONE', #2278, #3558 ) ;
#3724 = DIRECTION ( 'NONE',  ( 0.5773502691896212902, -0.5773502691896212902, 0.5773502691896346128 ) ) ;
#3725 = ORIENTED_EDGE ( 'NONE', *, *, #1044, .F. ) ;
#3726 = DIRECTION ( 'NONE',  ( -0.7071067811865474617, -0.7071067811865474617, -0.000000000000000000 ) ) ;
#3727 = VECTOR ( 'NONE', #1765, 1000.000000000000000 ) ;
#3728 = EDGE_CURVE ( 'NONE', #517, #2433, #3700, .T. ) ;
#3729 = DIRECTION ( 'NONE',  ( 0.000000000000000000, -1.000000000000000000, 0.000000000000000000 ) ) ;
#3730 = DIRECTION ( 'NONE',  ( 0.000000000000000000, 1.000000000000000000, 0.000000000000000000 ) ) ;
#3731 = ORIENTED_EDGE ( 'NONE', *, *, #2791, .T. ) ;
#3732 = ORIENTED_EDGE ( 'NONE', *, *, #151, .F. ) ;
#3733 = FACE_OUTER_BOUND ( 'NONE', #414, .T. ) ;
#3734 = AXIS2_PLACEMENT_3D ( 'NONE', #1046, #3342, #2803 ) ;
#3735 = EDGE_CURVE ( 'NONE', #129, #165, #756, .T. ) ;
#3736 = CYLINDRICAL_SURFACE ( 'NONE', #2547, 1.699999999999979305 ) ;
#3737 = VECTOR ( 'NONE', #2007, 1000.000000000000000 ) ;
#3738 = VERTEX_POINT ( 'NONE', #1652 ) ;
#3739 = CARTESIAN_POINT ( 'NONE',  ( 5.871324698771779538, 34.33421759231527659, 10.00099999999999945 ) ) ;
#3740 = PLANE ( 'NONE',  #1482 ) ;
#3741 = VECTOR ( 'NONE', #1455, 1000.000000000000000 ) ;
#3742 = EDGE_LOOP ( 'NONE', ( #516, #681, #628, #447 ) ) ;
#3743 = DIRECTION ( 'NONE',  ( -1.000000000000000000, 0.000000000000000000, 0.000000000000000000 ) ) ;
#3744 = DIRECTION ( 'NONE',  ( 0.7071067811863814834, 0.7071067811867136621, 0.000000000000000000 ) ) ;
#3745 = DIRECTION ( 'NONE',  ( -0.000000000000000000, -0.000000000000000000, -1.000000000000000000 ) ) ;
#3746 = EDGE_CURVE ( 'NONE', #2515, #1131, #171, .T. ) ;
#3747 = ORIENTED_EDGE ( 'NONE', *, *, #3702, .T. ) ;
#3748 = ORIENTED_EDGE ( 'NONE', *, *, #1540, .F. ) ;
#3749 = LINE ( 'NONE', #1088, #3365 ) ;
#3750 = CARTESIAN_POINT ( 'NONE',  ( 10.27348423527721799, 45.25038475940630889, 6.000000000000000000 ) ) ;
#3751 = CARTESIAN_POINT ( 'NONE',  ( 41.42884860408194214, 24.35317541498458738, 10.00000000000000000 ) ) ;
#3752 = ORIENTED_EDGE ( 'NONE', *, *, #2229, .F. ) ;
#3753 = ADVANCED_FACE ( 'NONE', ( #3439 ), #3148, .F. ) ;
#3754 = ORIENTED_EDGE ( 'NONE', *, *, #992, .F. ) ;
#3755 = CARTESIAN_POINT ( 'NONE',  ( -21.63100838201660636, 21.63100838201653531, 0.000000000000000000 ) ) ;
#3756 = CARTESIAN_POINT ( 'NONE',  ( 71.31952070086403239, 0.000000000000000000, 4.000000000000000000 ) ) ;
#3757 = EDGE_CURVE ( 'NONE', #769, #984, #1085, .T. ) ;
#3758 = ORIENTED_EDGE ( 'NONE', *, *, #3808, .F. ) ;
#3759 = FACE_OUTER_BOUND ( 'NONE', #2221, .T. ) ;
#3760 = VERTEX_POINT ( 'NONE', #343 ) ;
#3761 = LINE ( 'NONE', #477, #1310 ) ;
#3762 = CARTESIAN_POINT ( 'NONE',  ( 5.000000000000903277, 57.98214359204602175, 0.000000000000000000 ) ) ;
#3763 = EDGE_CURVE ( 'NONE', #3376, #2814, #2391, .T. ) ;
#3764 = FACE_OUTER_BOUND ( 'NONE', #3449, .T. ) ;
#3765 = CARTESIAN_POINT ( 'NONE',  ( 36.03180065388673370, 0.000000000000000000, 4.000000000000000000 ) ) ;
#3766 = EDGE_LOOP ( 'NONE', ( #950, #1653, #294, #2006 ) ) ;
#3767 = ORIENTED_EDGE ( 'NONE', *, *, #273, .T. ) ;
#3768 = DIRECTION ( 'NONE',  ( -1.000000000000000000, 0.000000000000000000, -0.000000000000000000 ) ) ;
#3769 = CYLINDRICAL_SURFACE ( 'NONE', #2060, 1.699999999999999289 ) ;
#3770 = LINE ( 'NONE', #893, #694 ) ;
#3771 = ORIENTED_EDGE ( 'NONE', *, *, #2753, .F. ) ;
#3772 = ORIENTED_EDGE ( 'NONE', *, *, #2460, .F. ) ;
#3773 = PLANE ( 'NONE',  #2480 ) ;
#3774 = EDGE_CURVE ( 'NONE', #2778, #1738, #1797, .T. ) ;
#3775 = CARTESIAN_POINT ( 'NONE',  ( 9.714451465470119729E-14, 28.93771831048124454, 4.000000000000000000 ) ) ;
#3776 = VERTEX_POINT ( 'NONE', #1247 ) ;
#3777 = AXIS2_PLACEMENT_3D ( 'NONE', #2165, #3063, #1815 ) ;
#3778 = DIRECTION ( 'NONE',  ( 0.0001230892683151790486, 0.9999999924245159821, -0.000000000000000000 ) ) ;
#3779 = CARTESIAN_POINT ( 'NONE',  ( 74.41423944072103325, 5.000000000000023093, 10.00000000000000000 ) ) ;
#3780 = EDGE_CURVE ( 'NONE', #941, #2648, #1488, .T. ) ;
#3781 = DIRECTION ( 'NONE',  ( -0.000000000000000000, -0.000000000000000000, -1.000000000000000000 ) ) ;
#3782 = VECTOR ( 'NONE', #1520, 999.9999999999998863 ) ;
#3783 = CARTESIAN_POINT ( 'NONE',  ( 77.86692151384301042, 56.44252476504900073, 10.00099999999999945 ) ) ;
#3784 = PLANE ( 'NONE',  #210 ) ;
#3785 = VECTOR ( 'NONE', #943, 1000.000000000000000 ) ;
#3786 = EDGE_CURVE ( 'NONE', #20, #2381, #3296, .T. ) ;
#3787 = ORIENTED_EDGE ( 'NONE', *, *, #973, .T. ) ;
#3788 = PRODUCT_DEFINITION_FORMATION_WITH_SPECIFIED_SOURCE ( '浠', '', #3502, .NOT_KNOWN. ) ;
#3789 = ORIENTED_EDGE ( 'NONE', *, *, #3645, .T. ) ;
#3790 = CARTESIAN_POINT ( 'NONE',  ( 74.46692151384304736, 8.415085090169998949, 10.00000000000000000 ) ) ;
#3791 = ORIENTED_EDGE ( 'NONE', *, *, #532, .F. ) ;
#3792 = VECTOR ( 'NONE', #2317, 1000.000000000000000 ) ;
#3793 = ORIENTED_EDGE ( 'NONE', *, *, #72, .F. ) ;
#3794 = DIRECTION ( 'NONE',  ( -6.369488388617203926E-16, 1.000000000000000000, -0.000000000000000000 ) ) ;
#3795 = CARTESIAN_POINT ( 'NONE',  ( 22.61060500309813293, 28.68592075184093559, -0.6000000000000458300 ) ) ;
#3796 = VERTEX_POINT ( 'NONE', #3277 ) ;
#3797 = AXIS2_PLACEMENT_3D ( 'NONE', #176, #2513, #425 ) ;
#3798 = DIRECTION ( 'NONE',  ( -1.000000000000000000, 0.000000000000000000, 0.000000000000000000 ) ) ;
#3799 = DIRECTION ( 'NONE',  ( -0.7070197385735546014, 0.7071938130861881167, 0.000000000000000000 ) ) ;
#3800 = DIRECTION ( 'NONE',  ( -0.7071067811865496822, -0.7071067811865453523, 0.000000000000000000 ) ) ;
#3801 = VECTOR ( 'NONE', #2795, 1000.000000000000000 ) ;
#3802 = DIRECTION ( 'NONE',  ( -0.000000000000000000, -0.000000000000000000, -1.000000000000000000 ) ) ;
#3803 = CARTESIAN_POINT ( 'NONE',  ( 64.56983569344401985, 40.61884720954800088, 0.3999999999999975797 ) ) ;
#3804 = VECTOR ( 'NONE', #678, 1000.000000000000000 ) ;
#3805 = VERTEX_POINT ( 'NONE', #3568 ) ;
#3806 = ORIENTED_EDGE ( 'NONE', *, *, #2746, .F. ) ;
#3807 = EDGE_CURVE ( 'NONE', #3505, #2942, #118, .T. ) ;
#3808 = EDGE_CURVE ( 'NONE', #2261, #1812, #866, .T. ) ;
#3809 = DIRECTION ( 'NONE',  ( -0.000000000000000000, -0.000000000000000000, -1.000000000000000000 ) ) ;
#3810 = VERTEX_POINT ( 'NONE', #31 ) ;
#3811 = VERTEX_POINT ( 'NONE', #2956 ) ;
#3812 = ADVANCED_FACE ( 'NONE', ( #2680 ), #2408, .F. ) ;
#3813 = CARTESIAN_POINT ( 'NONE',  ( 78.03203064794003296, 52.35311032234201889, 0.000000000000000000 ) ) ;
#3814 = PLANE ( 'NONE',  #3112 ) ;
#3815 = ORIENTED_EDGE ( 'NONE', *, *, #51, .F. ) ;
#3816 = EDGE_CURVE ( 'NONE', #1867, #1231, #2660, .T. ) ;
#3817 = CARTESIAN_POINT ( 'NONE',  ( 5.000000000000903277, 57.98214359204602175, 10.00000000000000000 ) ) ;
#3818 = CARTESIAN_POINT ( 'NONE',  ( 30.61060500309818977, 30.68592075184099599, 1.109999999999998099 ) ) ;
#3819 = CARTESIAN_POINT ( 'NONE',  ( 65.16983569344401417, 0.000000000000000000, 4.000000000000000000 ) ) ;
#3820 = CARTESIAN_POINT ( 'NONE',  ( 59.74084972657723824, 30.61190122397092495, 3.399999999999968825 ) ) ;
#3821 = CARTESIAN_POINT ( 'NONE',  ( 74.41423944072103325, 5.000000000000023093, 0.000000000000000000 ) ) ;
#3822 = ORIENTED_EDGE ( 'NONE', *, *, #150, .F. ) ;
#3823 = VERTEX_POINT ( 'NONE', #2716 ) ;
#3824 = CARTESIAN_POINT ( 'NONE',  ( 65.74084972657723824, 23.61190122397092495, 1.109997883926998163 ) ) ;
#3825 = EDGE_CURVE ( 'NONE', #2814, #2451, #887, .T. ) ;
#3826 = ADVANCED_FACE ( 'NONE', ( #2098 ), #2082, .F. ) ;
#3827 = EDGE_LOOP ( 'NONE', ( #3138, #73, #2143, #817 ) ) ;
#3828 = ORIENTED_EDGE ( 'NONE', *, *, #2946, .T. ) ;
#3829 = CARTESIAN_POINT ( 'NONE',  ( 5.000000000000030198, 6.992565577373023977, 0.000000000000000000 ) ) ;
#3830 = EDGE_CURVE ( 'NONE', #1867, #1318, #2989, .T. ) ;
#3831 = CARTESIAN_POINT ( 'NONE',  ( 77.98218423212703954, 5.000000000000023093, 0.000000000000000000 ) ) ;
#3832 = ORIENTED_EDGE ( 'NONE', *, *, #3009, .T. ) ;
#3833 = LINE ( 'NONE', #882, #3468 ) ;
#3834 = CARTESIAN_POINT ( 'NONE',  ( 66.34084972657718993, -1.315234622136491798E-13, 4.000000000000000000 ) ) ;
#3835 = CARTESIAN_POINT ( 'NONE',  ( 17.46155956311902457, 19.96343870725181802, 10.00000000000000000 ) ) ;
#3836 = DIRECTION ( 'NONE',  ( -0.9999999924245159821, 0.0001230892683140344564, 0.000000000000000000 ) ) ;
#3837 = DIRECTION ( 'NONE',  ( 0.7071067811865479058, 0.7071067811865471286, 0.000000000000000000 ) ) ;
#3838 = FACE_OUTER_BOUND ( 'NONE', #3203, .T. ) ;
#3839 = VECTOR ( 'NONE', #2713, 1000.000000000000000 ) ;
#3840 = VERTEX_POINT ( 'NONE', #3315 ) ;
#3841 = ORIENTED_EDGE ( 'NONE', *, *, #173, .F. ) ;
#3842 = VECTOR ( 'NONE', #848, 1000.000000000000000 ) ;
#3843 = PLANE ( 'NONE',  #587 ) ;
ENDSEC;
END-ISO-10303-21;
