ISO-10303-21;
HEADER;
FILE_DESCRIPTION (( 'STEP AP214' ),
    '1' );
FILE_NAME ('Ω” ’∂À…¢»».STEP',
    '2025-12-25T06:17:04',
    ( '' ),
    ( '' ),
    'SwSTEP 2.0',
    'SolidWorks 2024',
    '' );
FILE_SCHEMA (( 'AUTOMOTIVE_DESIGN' ));
ENDSEC;

DATA;
#1 = AXIS2_PLACEMENT_3D ( 'NONE', #8768, #2590, #1984 ) ;
#2 = LINE ( 'NONE', #4712, #9749 ) ;
#3 = ORIENTED_EDGE ( 'NONE', *, *, #6282, .T. ) ;
#4 = ORIENTED_EDGE ( 'NONE', *, *, #392, .F. ) ;
#5 = ADVANCED_FACE ( 'NONE', ( #7203 ), #6456, .T. ) ;
#6 = DIRECTION ( 'NONE',  ( 0.000000000000000000, 0.000000000000000000, -1.000000000000000000 ) ) ;
#7 = DIRECTION ( 'NONE',  ( 1.000000000000000000, -0.000000000000000000, 0.000000000000000000 ) ) ;
#8 = FACE_OUTER_BOUND ( 'NONE', #4969, .T. ) ;
#9 = EDGE_CURVE ( 'NONE', #7277, #4603, #4983, .T. ) ;
#10 = DIRECTION ( 'NONE',  ( -0.000000000000000000, -0.000000000000000000, -1.000000000000000000 ) ) ;
#11 = PLANE ( 'NONE',  #8031 ) ;
#12 = CARTESIAN_POINT ( 'NONE',  ( 73.47460042933569468, 35.99023488137317628, 7.400000000000000355 ) ) ;
#13 = DIRECTION ( 'NONE',  ( -1.000000000000000000, -6.369488388617202940E-16, 0.000000000000000000 ) ) ;
#14 = ORIENTED_EDGE ( 'NONE', *, *, #3853, .F. ) ;
#15 = EDGE_LOOP ( 'NONE', ( #5169, #7557, #7365, #1330 ) ) ;
#16 = DIRECTION ( 'NONE',  ( 0.000000000000000000, -1.000000000000000000, 0.000000000000000000 ) ) ;
#17 = VERTEX_POINT ( 'NONE', #8013 ) ;
#18 = ORIENTED_EDGE ( 'NONE', *, *, #1476, .F. ) ;
#19 = CARTESIAN_POINT ( 'NONE',  ( 20.21056651558895112, 22.71244565972173035, 7.400000000000000355 ) ) ;
#20 = CARTESIAN_POINT ( 'NONE',  ( 40.21056651558873796, 25.79799773735024004, 7.400000000000000355 ) ) ;
#21 = VECTOR ( 'NONE', #5738, 1000.000000000000000 ) ;
#22 = DIRECTION ( 'NONE',  ( 0.8660254037844385966, -0.5000000000000000000, 0.000000000000000000 ) ) ;
#23 = EDGE_CURVE ( 'NONE', #6595, #1316, #4171, .T. ) ;
#24 = VERTEX_POINT ( 'NONE', #4875 ) ;
#25 = VERTEX_POINT ( 'NONE', #1065 ) ;
#26 = EDGE_CURVE ( 'NONE', #1202, #205, #971, .T. ) ;
#27 = LINE ( 'NONE', #2313, #8775 ) ;
#28 = ORIENTED_EDGE ( 'NONE', *, *, #9234, .T. ) ;
#29 = PLANE ( 'NONE',  #4791 ) ;
#30 = DIRECTION ( 'NONE',  ( -0.000000000000000000, -0.000000000000000000, 1.000000000000000000 ) ) ;
#31 = CARTESIAN_POINT ( 'NONE',  ( 12.01402484683469041, 5.000000000000022204, 4.000000000000000000 ) ) ;
#32 = VERTEX_POINT ( 'NONE', #9529 ) ;
#33 = ORIENTED_EDGE ( 'NONE', *, *, #8748, .T. ) ;
#34 = EDGE_CURVE ( 'NONE', #9074, #2247, #7152, .T. ) ;
#35 = ADVANCED_FACE ( 'NONE', ( #1018 ), #6505, .T. ) ;
#36 = DIRECTION ( 'NONE',  ( 0.7071067811865350272, 0.7071067811865600072, 0.000000000000000000 ) ) ;
#37 = ORIENTED_EDGE ( 'NONE', *, *, #4302, .F. ) ;
#38 = CARTESIAN_POINT ( 'NONE',  ( 0.000000000000000000, 0.000000000000000000, 0.000000000000000000 ) ) ;
#39 = AXIS2_PLACEMENT_3D ( 'NONE', #7276, #2655, #1898 ) ;
#40 = DIRECTION ( 'NONE',  ( 0.000000000000000000, 0.000000000000000000, -1.000000000000000000 ) ) ;
#41 = LINE ( 'NONE', #8502, #457 ) ;
#42 = CARTESIAN_POINT ( 'NONE',  ( 30.78727794765747205, 52.37470916941909138, 7.400000000000000355 ) ) ;
#43 = ORIENTED_EDGE ( 'NONE', *, *, #6282, .F. ) ;
#44 = VECTOR ( 'NONE', #3604, 1000.000000000000000 ) ;
#45 = CARTESIAN_POINT ( 'NONE',  ( 46.94653210253800779, 0.000000000000000000, 3.399999999999983036 ) ) ;
#46 = EDGE_LOOP ( 'NONE', ( #3586, #2480, #2620, #3308 ) ) ;
#47 = EDGE_CURVE ( 'NONE', #2525, #1975, #926, .T. ) ;
#48 = ADVANCED_FACE ( 'NONE', ( #207 ), #5688, .T. ) ;
#49 = DIRECTION ( 'NONE',  ( -1.000000000000000000, 0.000000000000000000, -0.000000000000000000 ) ) ;
#50 = ORIENTED_EDGE ( 'NONE', *, *, #9927, .T. ) ;
#51 = ORIENTED_EDGE ( 'NONE', *, *, #2142, .T. ) ;
#52 = AXIS2_PLACEMENT_3D ( 'NONE', #6941, #8450, #5470 ) ;
#53 = LINE ( 'NONE', #197, #9196 ) ;
#54 = PLANE ( 'NONE',  #4982 ) ;
#55 = PLANE ( 'NONE',  #6090 ) ;
#56 = LINE ( 'NONE', #9376, #2545 ) ;
#57 = CARTESIAN_POINT ( 'NONE',  ( 79.97474980950003953, 6.992565577373023977, 10.00000000000000000 ) ) ;
#58 = PLANE ( 'NONE',  #8725 ) ;
#59 = PLANE ( 'NONE',  #7900 ) ;
#60 = EDGE_CURVE ( 'NONE', #326, #9384, #4014, .T. ) ;
#61 = EDGE_CURVE ( 'NONE', #8389, #9207, #3625, .T. ) ;
#62 = VERTEX_POINT ( 'NONE', #1349 ) ;
#63 = ORIENTED_EDGE ( 'NONE', *, *, #2966, .F. ) ;
#64 = CARTESIAN_POINT ( 'NONE',  ( 39.16513398722009498, 40.35953154310175961, 1.733333333333304749 ) ) ;
#65 = VERTEX_POINT ( 'NONE', #6838 ) ;
#66 = EDGE_CURVE ( 'NONE', #380, #10019, #9914, .T. ) ;
#67 = VERTEX_POINT ( 'NONE', #2976 ) ;
#68 = PLANE ( 'NONE',  #3716 ) ;
#69 = CARTESIAN_POINT ( 'NONE',  ( 60.78727794765715231, 52.37470916941909138, 7.400000000000000355 ) ) ;
#70 = CARTESIAN_POINT ( 'NONE',  ( 46.94653210253800779, 28.88980021391638431, 0.9599999985689978699 ) ) ;
#71 = PLANE ( 'NONE',  #9485 ) ;
#72 = ADVANCED_FACE ( 'NONE', ( #9209 ), #9867, .F. ) ;
#73 = ORIENTED_EDGE ( 'NONE', *, *, #5612, .F. ) ;
#74 = EDGE_LOOP ( 'NONE', ( #6204, #6472, #1995, #9558 ) ) ;
#75 = DIRECTION ( 'NONE',  ( 0.8660254037844384856, 0.5000000000000002220, 0.000000000000000000 ) ) ;
#76 = EDGE_LOOP ( 'NONE', ( #9710, #9543, #2434, #2253 ) ) ;
#77 = PLANE ( 'NONE',  #6293 ) ;
#78 = EDGE_CURVE ( 'NONE', #7483, #9592, #4556, .T. ) ;
#79 = CARTESIAN_POINT ( 'NONE',  ( 43.47460042933601443, 31.99023488137320470, 7.400000000000000355 ) ) ;
#80 = VECTOR ( 'NONE', #9888, 1000.000000000000227 ) ;
#81 = CARTESIAN_POINT ( 'NONE',  ( 76.16692151384303600, 56.44252476504900073, 0.000000000000000000 ) ) ;
#82 = FACE_OUTER_BOUND ( 'NONE', #4403, .T. ) ;
#83 = ORIENTED_EDGE ( 'NONE', *, *, #1759, .T. ) ;
#84 = ORIENTED_EDGE ( 'NONE', *, *, #8286, .F. ) ;
#85 = DIRECTION ( 'NONE',  ( -0.000000000000000000, -0.000000000000000000, -1.000000000000000000 ) ) ;
#86 = EDGE_LOOP ( 'NONE', ( #9287, #2337, #1713, #1193 ) ) ;
#87 = AXIS2_PLACEMENT_3D ( 'NONE', #3291, #8612, #7757 ) ;
#88 = ADVANCED_FACE ( 'NONE', ( #551 ), #4449, .F. ) ;
#89 = CARTESIAN_POINT ( 'NONE',  ( 36.93870204447387096, 37.99023488137319049, 7.400000000000000355 ) ) ;
#90 = DIRECTION ( 'NONE',  ( -0.000000000000000000, -0.000000000000000000, 1.000000000000000000 ) ) ;
#91 = CARTESIAN_POINT ( 'NONE',  ( 60.40280365961140774, 31.99023488137319760, 7.400000000000000355 ) ) ;
#92 = VECTOR ( 'NONE', #620, 1000.000000000000000 ) ;
#93 = AXIS2_PLACEMENT_3D ( 'NONE', #8341, #6832, #9908 ) ;
#94 = DIRECTION ( 'NONE',  ( 0.7071067811865489050, 0.7071067811865462405, -0.000000000000000000 ) ) ;
#95 = ORIENTED_EDGE ( 'NONE', *, *, #5574, .F. ) ;
#96 = FACE_OUTER_BOUND ( 'NONE', #9170, .T. ) ;
#97 = EDGE_LOOP ( 'NONE', ( #6003, #9644, #3811, #8324, #5755, #8656, #9615, #7740 ) ) ;
#98 = AXIS2_PLACEMENT_3D ( 'NONE', #8207, #1260, #247 ) ;
#99 = ORIENTED_EDGE ( 'NONE', *, *, #1859, .T. ) ;
#100 = VECTOR ( 'NONE', #9280, 1000.000000000000000 ) ;
#101 = CARTESIAN_POINT ( 'NONE',  ( 60.78727794765715231, 56.37470916941907717, 10.00000000000000000 ) ) ;
#102 = EDGE_CURVE ( 'NONE', #9555, #2046, #5258, .T. ) ;
#103 = DIRECTION ( 'NONE',  ( -1.000000000000000000, 3.011203194556595896E-16, 0.000000000000000000 ) ) ;
#104 = CARTESIAN_POINT ( 'NONE',  ( 6.554227756428436358, 17.60576059332729670, 7.400000000000000355 ) ) ;
#105 = DIRECTION ( 'NONE',  ( -1.000000000000000000, 0.000000000000000000, 0.000000000000000000 ) ) ;
#106 = PLANE ( 'NONE',  #8511 ) ;
#107 = DIRECTION ( 'NONE',  ( -0.000000000000000000, -0.000000000000000000, 1.000000000000000000 ) ) ;
#108 = VERTEX_POINT ( 'NONE', #6788 ) ;
#109 = LINE ( 'NONE', #3955, #1750 ) ;
#110 = VECTOR ( 'NONE', #9091, 1000.000000000000000 ) ;
#111 = VECTOR ( 'NONE', #9598, 1000.000000000000000 ) ;
#112 = DIRECTION ( 'NONE',  ( 0.7049845209112707289, -0.7092226908915888473, 0.000000000000000000 ) ) ;
#113 = ORIENTED_EDGE ( 'NONE', *, *, #1208, .T. ) ;
#114 = PLANE ( 'NONE',  #6039 ) ;
#115 = VERTEX_POINT ( 'NONE', #7534 ) ;
#116 = ORIENTED_EDGE ( 'NONE', *, *, #7084, .T. ) ;
#117 = FACE_OUTER_BOUND ( 'NONE', #3799, .T. ) ;
#118 = EDGE_CURVE ( 'NONE', #5237, #1054, #8349, .T. ) ;
#119 = VECTOR ( 'NONE', #8961, 1000.000000000000000 ) ;
#120 = DIRECTION ( 'NONE',  ( 1.000000000000000000, -0.000000000000000000, 0.000000000000000000 ) ) ;
#121 = VECTOR ( 'NONE', #1368, 1000.000000000000227 ) ;
#122 = LINE ( 'NONE', #3211, #1213 ) ;
#123 = PLANE ( 'NONE',  #6428 ) ;
#124 = ORIENTED_EDGE ( 'NONE', *, *, #1423, .F. ) ;
#125 = ORIENTED_EDGE ( 'NONE', *, *, #2285, .F. ) ;
#126 = VECTOR ( 'NONE', #5664, 1000.000000000000000 ) ;
#127 = DIRECTION ( 'NONE',  ( -0.8660254037844377084, -0.5000000000000016653, 0.000000000000000000 ) ) ;
#128 = ORIENTED_EDGE ( 'NONE', *, *, #338, .T. ) ;
#129 = EDGE_CURVE ( 'NONE', #1387, #5968, #364, .T. ) ;
#130 = CARTESIAN_POINT ( 'NONE',  ( 67.32317633251929578, 50.37470916941909138, 7.400000000000000355 ) ) ;
#131 = AXIS2_PLACEMENT_3D ( 'NONE', #4319, #8963, #1214 ) ;
#132 = LINE ( 'NONE', #6933, #8022 ) ;
#133 = FACE_BOUND ( 'NONE', #163, .T. ) ;
#134 = DIRECTION ( 'NONE',  ( 0.8660254037844384856, 0.5000000000000002220, 0.000000000000000000 ) ) ;
#135 = VERTEX_POINT ( 'NONE', #5038 ) ;
#136 = ORIENTED_EDGE ( 'NONE', *, *, #1608, .T. ) ;
#137 = CARTESIAN_POINT ( 'NONE',  ( 30.54606450874868173, -30.54606450874760171, 0.000000000000000000 ) ) ;
#138 = ORIENTED_EDGE ( 'NONE', *, *, #7391, .F. ) ;
#139 = VECTOR ( 'NONE', #1400, 1000.000000000000000 ) ;
#140 = CARTESIAN_POINT ( 'NONE',  ( 5.000000000000030198, 6.992565577373023977, 7.400000000000000355 ) ) ;
#141 = FACE_BOUND ( 'NONE', #3567, .T. ) ;
#142 = VECTOR ( 'NONE', #2533, 1000.000000000000227 ) ;
#143 = CARTESIAN_POINT ( 'NONE',  ( 0.000000000000000000, 0.000000000000000000, 7.400000000000000355 ) ) ;
#144 = LINE ( 'NONE', #7791, #9032 ) ;
#145 = ORIENTED_EDGE ( 'NONE', *, *, #3219, .T. ) ;
#146 = EDGE_CURVE ( 'NONE', #1254, #3516, #2929, .T. ) ;
#147 = EDGE_CURVE ( 'NONE', #1437, #2084, #9967, .T. ) ;
#148 = DIRECTION ( 'NONE',  ( 1.000000000000000000, 0.000000000000000000, -0.000000000000000000 ) ) ;
#149 = ORIENTED_EDGE ( 'NONE', *, *, #7985, .T. ) ;
#150 = CARTESIAN_POINT ( 'NONE',  ( 30.21056651558884809, 0.000000000000000000, 10.00000000000000000 ) ) ;
#151 = LINE ( 'NONE', #4869, #6761 ) ;
#152 = LINE ( 'NONE', #3138, #1052 ) ;
#153 = LINE ( 'NONE', #3242, #1248 ) ;
#154 = DIRECTION ( 'NONE',  ( -0.000000000000000000, 0.000000000000000000, 1.000000000000000000 ) ) ;
#155 = CARTESIAN_POINT ( 'NONE',  ( 43.47460042933601443, 31.99023488137320470, 7.400000000000000355 ) ) ;
#156 = CARTESIAN_POINT ( 'NONE',  ( 55.24511320246803336, 59.97470916941927044, 0.000000000000000000 ) ) ;
#157 = AXIS2_PLACEMENT_3D ( 'NONE', #9137, #633, #6112 ) ;
#158 = VERTEX_POINT ( 'NONE', #5316 ) ;
#159 = ORIENTED_EDGE ( 'NONE', *, *, #7856, .F. ) ;
#160 = ADVANCED_FACE ( 'NONE', ( #2118 ), #9107, .F. ) ;
#161 = DIRECTION ( 'NONE',  ( -0.8660254037844378194, 0.5000000000000015543, 0.000000000000000000 ) ) ;
#162 = VERTEX_POINT ( 'NONE', #8119 ) ;
#163 = EDGE_LOOP ( 'NONE', ( #5541, #262, #7130, #4505 ) ) ;
#164 = CARTESIAN_POINT ( 'NONE',  ( 62.84720929291043490, 62.84720929291043490, 4.000000000000000000 ) ) ;
#165 = AXIS2_PLACEMENT_3D ( 'NONE', #9076, #6755, #3752 ) ;
#166 = CARTESIAN_POINT ( 'NONE',  ( 64.56983569344401985, 35.50332283157010949, 3.399999999999993250 ) ) ;
#167 = CARTESIAN_POINT ( 'NONE',  ( 46.93870204447377148, 29.99023488137320115, 10.00000000000000000 ) ) ;
#168 = DIRECTION ( 'NONE',  ( -0.000000000000000000, -0.000000000000000000, 1.000000000000000000 ) ) ;
#169 = ORIENTED_EDGE ( 'NONE', *, *, #1878, .T. ) ;
#170 = ORIENTED_EDGE ( 'NONE', *, *, #5293, .T. ) ;
#171 = ADVANCED_FACE ( 'NONE', ( #7593 ), #653, .F. ) ;
#172 = DIRECTION ( 'NONE',  ( -0.000000000000000000, -0.000000000000000000, 1.000000000000000000 ) ) ;
#173 = VERTEX_POINT ( 'NONE', #3785 ) ;
#174 = ORIENTED_EDGE ( 'NONE', *, *, #5529, .T. ) ;
#175 = ORIENTED_EDGE ( 'NONE', *, *, #3991, .F. ) ;
#176 = DIRECTION ( 'NONE',  ( -0.000000000000000000, -0.000000000000000000, 1.000000000000000000 ) ) ;
#177 = LINE ( 'NONE', #1798, #4477 ) ;
#178 = DIRECTION ( 'NONE',  ( 0.8660254037844384856, 0.5000000000000002220, 0.000000000000000000 ) ) ;
#179 = DIRECTION ( 'NONE',  ( -0.000000000000000000, -0.000000000000000000, 1.000000000000000000 ) ) ;
#180 = VECTOR ( 'NONE', #9256, 1000.000000000000000 ) ;
#181 = DIRECTION ( 'NONE',  ( -1.000000000000000000, 0.000000000000000000, -0.000000000000000000 ) ) ;
#182 = ORIENTED_EDGE ( 'NONE', *, *, #899, .T. ) ;
#183 = VERTEX_POINT ( 'NONE', #9627 ) ;
#184 = LINE ( 'NONE', #6380, #6016 ) ;
#185 = ORIENTED_EDGE ( 'NONE', *, *, #8523, .F. ) ;
#186 = EDGE_CURVE ( 'NONE', #2323, #5152, #6887, .T. ) ;
#187 = VECTOR ( 'NONE', #9608, 1000.000000000000000 ) ;
#188 = DIRECTION ( 'NONE',  ( 0.000000000000000000, 1.000000000000000000, 0.000000000000000000 ) ) ;
#189 = LINE ( 'NONE', #3279, #4346 ) ;
#190 = UNCERTAINTY_MEASURE_WITH_UNIT (LENGTH_MEASURE( 1.000000000000000082E-05 ), #2453, 'distance_accuracy_value', 'NONE');
#191 = CARTESIAN_POINT ( 'NONE',  ( 32.14653210253800353, 34.88980021391638076, 0.9599999985689978699 ) ) ;
#192 = DIRECTION ( 'NONE',  ( 0.000000000000000000, -0.000000000000000000, 1.000000000000000000 ) ) ;
#193 = ORIENTED_EDGE ( 'NONE', *, *, #2657, .F. ) ;
#194 = VECTOR ( 'NONE', #4350, 1000.000000000000000 ) ;
#195 = LINE ( 'NONE', #7902, #1663 ) ;
#196 = ORIENTED_EDGE ( 'NONE', *, *, #2839, .T. ) ;
#197 = CARTESIAN_POINT ( 'NONE',  ( 70.40280365961129405, 31.99023488137319760, 7.400000000000000355 ) ) ;
#198 = CARTESIAN_POINT ( 'NONE',  ( 36.63180065388673512, 43.69286487643512373, 3.399999999999983036 ) ) ;
#199 = EDGE_CURVE ( 'NONE', #6239, #2132, #7311, .T. ) ;
#200 = CARTESIAN_POINT ( 'NONE',  ( 23.28236328531334465, 25.79799773735023294, 7.400000000000000355 ) ) ;
#201 = AXIS2_PLACEMENT_3D ( 'NONE', #1635, #8622, #7010 ) ;
#202 = CARTESIAN_POINT ( 'NONE',  ( 23.47460042933622049, 31.99023488137320470, 7.400000000000000355 ) ) ;
#203 = EDGE_CURVE ( 'NONE', #8848, #5041, #5796, .T. ) ;
#204 = CARTESIAN_POINT ( 'NONE',  ( 0.000000000000000000, 35.48980021391638928, 4.000000000000000000 ) ) ;
#205 = VERTEX_POINT ( 'NONE', #7741 ) ;
#206 = DIRECTION ( 'NONE',  ( 0.000000000000000000, -1.000000000000000000, 0.000000000000000000 ) ) ;
#207 = FACE_OUTER_BOUND ( 'NONE', #7082, .T. ) ;
#208 = VERTEX_POINT ( 'NONE', #10018 ) ;
#209 = PLANE ( 'NONE',  #4261 ) ;
#210 = AXIS2_PLACEMENT_3D ( 'NONE', #7345, #2781, #8956 ) ;
#211 = ORIENTED_EDGE ( 'NONE', *, *, #9800, .T. ) ;
#212 = VERTEX_POINT ( 'NONE', #5562 ) ;
#213 = DIRECTION ( 'NONE',  ( 0.8660254037844394848, -0.4999999999999984457, 0.000000000000000000 ) ) ;
#214 = PLANE ( 'NONE',  #9340 ) ;
#215 = DIRECTION ( 'NONE',  ( 1.577021341797097018E-15, 1.000000000000000000, 0.000000000000000000 ) ) ;
#216 = DIRECTION ( 'NONE',  ( -6.369488388617203926E-16, 1.000000000000000000, -0.000000000000000000 ) ) ;
#217 = EDGE_CURVE ( 'NONE', #4321, #3069, #8666, .T. ) ;
#218 = ORIENTED_EDGE ( 'NONE', *, *, #7768, .T. ) ;
#219 = ORIENTED_EDGE ( 'NONE', *, *, #8295, .T. ) ;
#220 = LINE ( 'NONE', #7367, #6844 ) ;
#221 = VERTEX_POINT ( 'NONE', #3172 ) ;
#222 = CARTESIAN_POINT ( 'NONE',  ( 60.40280365961140774, 31.99023488137319760, 10.00000000000000000 ) ) ;
#223 = ORIENTED_EDGE ( 'NONE', *, *, #6853, .F. ) ;
#224 = CARTESIAN_POINT ( 'NONE',  ( 10.25940071741890769, 17.76980329777813949, 10.00000000000000000 ) ) ;
#225 = CARTESIAN_POINT ( 'NONE',  ( 47.13093918849664021, 48.18247202539613028, 10.00000000000000000 ) ) ;
#226 = EDGE_CURVE ( 'NONE', #9187, #4878, #6227, .T. ) ;
#227 = EDGE_CURVE ( 'NONE', #6918, #5743, #1561, .T. ) ;
#228 = CARTESIAN_POINT ( 'NONE',  ( 60.40280365961140774, 35.99023488137318338, 10.00000000000000000 ) ) ;
#229 = CARTESIAN_POINT ( 'NONE',  ( 43.85907471738176611, 52.37470916941909849, 7.400000000000000355 ) ) ;
#230 = DIRECTION ( 'NONE',  ( 0.5000000000000003331, -0.8660254037844385966, 0.000000000000000000 ) ) ;
#231 = VERTEX_POINT ( 'NONE', #3935 ) ;
#232 = ORIENTED_EDGE ( 'NONE', *, *, #2318, .T. ) ;
#233 = DIRECTION ( 'NONE',  ( 0.5000000000000003331, -0.8660254037844385966, 0.000000000000000000 ) ) ;
#234 = ORIENTED_EDGE ( 'NONE', *, *, #3386, .T. ) ;
#235 = VECTOR ( 'NONE', #2701, 1000.000000000000000 ) ;
#236 = ADVANCED_FACE ( 'NONE', ( #5517 ), #4654, .F. ) ;
#237 = DIRECTION ( 'NONE',  ( 0.000000000000000000, -0.000000000000000000, 1.000000000000000000 ) ) ;
#238 = LINE ( 'NONE', #4149, #6613 ) ;
#239 = FACE_OUTER_BOUND ( 'NONE', #584, .T. ) ;
#240 = DIRECTION ( 'NONE',  ( -0.5000000000000001110, -0.8660254037844387076, 0.000000000000000000 ) ) ;
#241 = VERTEX_POINT ( 'NONE', #2423 ) ;
#242 = VECTOR ( 'NONE', #1761, 1000.000000000000000 ) ;
#243 = CARTESIAN_POINT ( 'NONE',  ( 56.74646490045078195, 27.79799773735024004, 10.00000000000000000 ) ) ;
#244 = ORIENTED_EDGE ( 'NONE', *, *, #4392, .T. ) ;
#245 = ADVANCED_FACE ( 'NONE', ( #8643 ), #8547, .F. ) ;
#246 = DIRECTION ( 'NONE',  ( 0.9999999924245159821, -0.0001230892683140344564, 0.000000000000000000 ) ) ;
#247 = DIRECTION ( 'NONE',  ( -0.8660254037844379305, 0.5000000000000011102, 0.000000000000000000 ) ) ;
#248 = VECTOR ( 'NONE', #4219, 1000.000000000000227 ) ;
#249 = DIRECTION ( 'NONE',  ( -0.000000000000000000, 0.000000000000000000, 1.000000000000000000 ) ) ;
#250 = DIRECTION ( 'NONE',  ( -1.000000000000000000, 0.000000000000000000, 0.000000000000000000 ) ) ;
#251 = CARTESIAN_POINT ( 'NONE',  ( 70.59504080363419121, 46.18247202539613028, 7.400000000000000355 ) ) ;
#252 = DIRECTION ( 'NONE',  ( -1.000000000000000000, 3.011203194556595896E-16, 0.000000000000000000 ) ) ;
#253 = EDGE_CURVE ( 'NONE', #4667, #9396, #7688, .T. ) ;
#254 = LINE ( 'NONE', #7201, #4835 ) ;
#256 = EDGE_CURVE ( 'NONE', #8441, #3259, #8699, .T. ) ;
#255 = CARTESIAN_POINT ( 'NONE',  ( 36.63180065388673512, 43.69286487643512373, 1.699885383662997906 ) ) ;
#257 = CARTESIAN_POINT ( 'NONE',  ( 20.40280365961182696, 31.99023488137319760, 7.400000000000000355 ) ) ;
#258 = ORIENTED_EDGE ( 'NONE', *, *, #6198, .T. ) ;
#259 = VECTOR ( 'NONE', #9769, 1000.000000000000114 ) ;
#260 = VECTOR ( 'NONE', #1808, 1000.000000000000114 ) ;
#261 = DIRECTION ( 'NONE',  ( -0.000000000000000000, -0.000000000000000000, 1.000000000000000000 ) ) ;
#262 = ORIENTED_EDGE ( 'NONE', *, *, #563, .F. ) ;
#263 = ADVANCED_FACE ( 'NONE', ( #1704 ), #4752, .T. ) ;
#264 = ORIENTED_EDGE ( 'NONE', *, *, #7114, .F. ) ;
#265 = DIRECTION ( 'NONE',  ( 2.518321216464164144E-16, -1.000000000000000000, 0.000000000000000000 ) ) ;
#266 = FACE_OUTER_BOUND ( 'NONE', #3147, .T. ) ;
#267 = CARTESIAN_POINT ( 'NONE',  ( 0.000000000000000000, 0.000000000000000000, 7.400000000000000355 ) ) ;
#268 = CARTESIAN_POINT ( 'NONE',  ( 65.74084972657725245, 30.61190122397092495, 3.399999999999968825 ) ) ;
#269 = AXIS2_PLACEMENT_3D ( 'NONE', #373, #1324, #3552 ) ;
#270 = AXIS2_PLACEMENT_3D ( 'NONE', #9976, #1520, #3039 ) ;
#271 = EDGE_LOOP ( 'NONE', ( #8399, #7520, #9175, #2646 ) ) ;
#272 = ORIENTED_EDGE ( 'NONE', *, *, #1419, .T. ) ;
#273 = LINE ( 'NONE', #8025, #4086 ) ;
#274 = ORIENTED_EDGE ( 'NONE', *, *, #6042, .F. ) ;
#275 = EDGE_CURVE ( 'NONE', #6159, #7166, #184, .T. ) ;
#276 = EDGE_CURVE ( 'NONE', #5882, #3402, #4043, .T. ) ;
#277 = VECTOR ( 'NONE', #1519, 1000.000000000000000 ) ;
#278 = DIRECTION ( 'NONE',  ( -0.8660254037844378194, -0.5000000000000013323, 0.000000000000000000 ) ) ;
#279 = ORIENTED_EDGE ( 'NONE', *, *, #544, .F. ) ;
#280 = VECTOR ( 'NONE', #8650, 1000.000000000000114 ) ;
#281 = DIRECTION ( 'NONE',  ( -1.000000000000000000, 0.000000000000000000, -0.000000000000000000 ) ) ;
#282 = LINE ( 'NONE', #9445, #2207 ) ;
#283 = LINE ( 'NONE', #3372, #4315 ) ;
#284 = CARTESIAN_POINT ( 'NONE',  ( 73.34807733323548007, 45.95871309031685570, 5.000000000000000000 ) ) ;
#285 = VECTOR ( 'NONE', #3676, 1000.000000000000227 ) ;
#286 = DIRECTION ( 'NONE',  ( 0.000000000000000000, 0.000000000000000000, -1.000000000000000000 ) ) ;
#287 = ORIENTED_EDGE ( 'NONE', *, *, #9977, .T. ) ;
#288 = VERTEX_POINT ( 'NONE', #4803 ) ;
#289 = CARTESIAN_POINT ( 'NONE',  ( 6.746464900451314861, 19.79799773735025425, 10.00000000000000000 ) ) ;
#290 = ORIENTED_EDGE ( 'NONE', *, *, #7252, .T. ) ;
#291 = EDGE_CURVE ( 'NONE', #5526, #7832, #3078, .T. ) ;
#292 = VECTOR ( 'NONE', #6142, 1000.000000000000000 ) ;
#293 = LINE ( 'NONE', #9664, #260 ) ;
#294 = CARTESIAN_POINT ( 'NONE',  ( 60.23651146176602111, 38.45218509370900506, 1.233337884160998987 ) ) ;
#295 = DIRECTION ( 'NONE',  ( 0.8660254037844385966, -0.5000000000000000000, 0.000000000000000000 ) ) ;
#296 = CARTESIAN_POINT ( 'NONE',  ( 27.13093918849684982, 48.18247202539613028, 10.00000000000000000 ) ) ;
#297 = ORIENTED_EDGE ( 'NONE', *, *, #6189, .F. ) ;
#298 = VECTOR ( 'NONE', #6342, 1000.000000000000114 ) ;
#299 = VECTOR ( 'NONE', #4916, 1000.000000000000000 ) ;
#300 = EDGE_CURVE ( 'NONE', #3925, #3310, #9451, .T. ) ;
#301 = LINE ( 'NONE', #7190, #8465 ) ;
#302 = ORIENTED_EDGE ( 'NONE', *, *, #1439, .F. ) ;
#303 = CARTESIAN_POINT ( 'NONE',  ( 50.40280365961151432, 35.99023488137318338, 7.400000000000000355 ) ) ;
#304 = VECTOR ( 'NONE', #802, 1000.000000000000000 ) ;
#305 = DIRECTION ( 'NONE',  ( -1.000000000000000000, 3.011203194556595896E-16, 0.000000000000000000 ) ) ;
#306 = DIRECTION ( 'NONE',  ( -0.000000000000000000, -0.000000000000000000, 1.000000000000000000 ) ) ;
#307 = CARTESIAN_POINT ( 'NONE',  ( 78.03203064794003296, 52.35311032234201889, 0.000000000000000000 ) ) ;
#308 = DIRECTION ( 'NONE',  ( 0.7071067811865475727, 0.7071067811865475727, -0.000000000000000000 ) ) ;
#309 = DIRECTION ( 'NONE',  ( -1.000000000000000000, 0.000000000000000000, 0.000000000000000000 ) ) ;
#310 = DIRECTION ( 'NONE',  ( -0.7061519002946796686, 0.7080603743397965166, 0.000000000000000000 ) ) ;
#311 = EDGE_CURVE ( 'NONE', #726, #9207, #6985, .T. ) ;
#312 = DIRECTION ( 'NONE',  ( -0.8660254037844379305, 0.5000000000000011102, 0.000000000000000000 ) ) ;
#313 = VERTEX_POINT ( 'NONE', #7131 ) ;
#314 = ORIENTED_EDGE ( 'NONE', *, *, #9461, .F. ) ;
#315 = VECTOR ( 'NONE', #5685, 1000.000000000000000 ) ;
#316 = LINE ( 'NONE', #9581, #3921 ) ;
#317 = ORIENTED_EDGE ( 'NONE', *, *, #6924, .T. ) ;
#318 = ORIENTED_EDGE ( 'NONE', *, *, #7248, .T. ) ;
#319 = EDGE_CURVE ( 'NONE', #7119, #8848, #3123, .T. ) ;
#320 = CARTESIAN_POINT ( 'NONE',  ( 30.61060500309818977, 30.68592075184099599, 1.109999999999998099 ) ) ;
#321 = FACE_OUTER_BOUND ( 'NONE', #6722, .T. ) ;
#322 = LINE ( 'NONE', #2087, #6081 ) ;
#323 = DIRECTION ( 'NONE',  ( -1.000000000000000000, 0.000000000000000000, 0.000000000000000000 ) ) ;
#324 = VECTOR ( 'NONE', #683, 1000.000000000000227 ) ;
#325 = EDGE_LOOP ( 'NONE', ( #1897, #2708, #552, #5358, #9802 ) ) ;
#326 = VERTEX_POINT ( 'NONE', #3227 ) ;
#327 = CARTESIAN_POINT ( 'NONE',  ( 76.16692151384303600, 56.44252476504900073, 10.00099999999999945 ) ) ;
#328 = ORIENTED_EDGE ( 'NONE', *, *, #8567, .T. ) ;
#329 = CARTESIAN_POINT ( 'NONE',  ( 63.28236328531291832, 25.79799773735023294, 7.400000000000000355 ) ) ;
#330 = EDGE_LOOP ( 'NONE', ( #1272, #3462, #6636, #3296 ) ) ;
#331 = AXIS2_PLACEMENT_3D ( 'NONE', #9021, #1367, #719 ) ;
#332 = LINE ( 'NONE', #4945, #1399 ) ;
#333 = CARTESIAN_POINT ( 'NONE',  ( 23.28236328531334109, 23.35317541498461580, 10.00099999999999945 ) ) ;
#334 = FACE_OUTER_BOUND ( 'NONE', #9372, .T. ) ;
#335 = LINE ( 'NONE', #9602, #9799 ) ;
#336 = ADVANCED_FACE ( 'NONE', ( #5616 ), #751, .F. ) ;
#337 = CARTESIAN_POINT ( 'NONE',  ( 30.59504080363459622, 42.18247202539614449, 7.400000000000000355 ) ) ;
#338 = EDGE_CURVE ( 'NONE', #2338, #707, #5414, .T. ) ;
#339 = CARTESIAN_POINT ( 'NONE',  ( 40.78727794765736547, 56.37470916941907717, 7.400000000000000355 ) ) ;
#340 = ORIENTED_EDGE ( 'NONE', *, *, #9022, .F. ) ;
#341 = ORIENTED_EDGE ( 'NONE', *, *, #1621, .F. ) ;
#342 = DIRECTION ( 'NONE',  ( -1.000000000000000000, 0.000000000000000000, 0.000000000000000000 ) ) ;
#343 = ORIENTED_EDGE ( 'NONE', *, *, #7310, .T. ) ;
#344 = PLANE ( 'NONE',  #7056 ) ;
#345 = AXIS2_PLACEMENT_3D ( 'NONE', #7081, #3275, #7831 ) ;
#346 = CARTESIAN_POINT ( 'NONE',  ( 16.93870204447408057, 37.99023488137319049, 7.400000000000000355 ) ) ;
#347 = EDGE_CURVE ( 'NONE', #5852, #7218, #2724, .T. ) ;
#348 = DIRECTION ( 'NONE',  ( 2.518321216464164144E-16, -1.000000000000000000, 0.000000000000000000 ) ) ;
#349 = DIRECTION ( 'NONE',  ( -1.000000000000000000, 1.652117596168386770E-15, 0.000000000000000000 ) ) ;
#350 = ORIENTED_EDGE ( 'NONE', *, *, #2613, .F. ) ;
#351 = LINE ( 'NONE', #7141, #7659 ) ;
#352 = VERTEX_POINT ( 'NONE', #7990 ) ;
#353 = LINE ( 'NONE', #3391, #5473 ) ;
#354 = DIRECTION ( 'NONE',  ( 0.000000000000000000, 0.000000000000000000, -1.000000000000000000 ) ) ;
#355 = CARTESIAN_POINT ( 'NONE',  ( 40.70065559444936554, 40.69063719969623349, 4.000000000000000000 ) ) ;
#356 = CARTESIAN_POINT ( 'NONE',  ( 53.47460042933590074, 35.99023488137317628, 10.00000000000000000 ) ) ;
#357 = EDGE_CURVE ( 'NONE', #65, #9303, #7939, .T. ) ;
#358 = EDGE_CURVE ( 'NONE', #419, #6192, #4242, .T. ) ;
#359 = PLANE ( 'NONE',  #9164 ) ;
#360 = ADVANCED_FACE ( 'NONE', ( #5669 ), #6430, .F. ) ;
#361 = AXIS2_PLACEMENT_3D ( 'NONE', #2605, #8889, #8835 ) ;
#362 = CARTESIAN_POINT ( 'NONE',  ( 50.40280365961151432, 35.99023488137318338, 7.400000000000000355 ) ) ;
#363 = LINE ( 'NONE', #1123, #3877 ) ;
#364 = LINE ( 'NONE', #1403, #9402 ) ;
#365 = LINE ( 'NONE', #3297, #4094 ) ;
#366 = ORIENTED_EDGE ( 'NONE', *, *, #3269, .T. ) ;
#367 = ORIENTED_EDGE ( 'NONE', *, *, #3821, .T. ) ;
#368 = AXIS2_PLACEMENT_3D ( 'NONE', #7810, #679, #877 ) ;
#369 = EDGE_CURVE ( 'NONE', #7832, #8312, #8750, .T. ) ;
#370 = DIRECTION ( 'NONE',  ( 1.000000000000000000, 0.000000000000000000, 0.000000000000000000 ) ) ;
#371 = DIRECTION ( 'NONE',  ( 0.000000000000000000, -1.000000000000000000, 0.000000000000000000 ) ) ;
#372 = CARTESIAN_POINT ( 'NONE',  ( 50.78727794765726600, 52.37470916941909138, 7.400000000000000355 ) ) ;
#373 = CARTESIAN_POINT ( 'NONE',  ( 43.85907471738176611, 56.37470916941907007, 7.400000000000000355 ) ) ;
#374 = EDGE_CURVE ( 'NONE', #2809, #6046, #4858, .T. ) ;
#375 = EDGE_CURVE ( 'NONE', #208, #8106, #4144, .T. ) ;
#376 = VECTOR ( 'NONE', #1614, 1000.000000000000227 ) ;
#377 = ORIENTED_EDGE ( 'NONE', *, *, #9408, .T. ) ;
#378 = VERTEX_POINT ( 'NONE', #4092 ) ;
#379 = CARTESIAN_POINT ( 'NONE',  ( 63.85907471738156005, 56.37470916941907007, 7.400000000000000355 ) ) ;
#380 = VERTEX_POINT ( 'NONE', #5822 ) ;
#381 = CARTESIAN_POINT ( 'NONE',  ( 27.32317633251972921, 50.37470916941909138, 7.400000000000000355 ) ) ;
#382 = VERTEX_POINT ( 'NONE', #7379 ) ;
#383 = DIRECTION ( 'NONE',  ( 0.000000000000000000, 0.000000000000000000, 1.000000000000000000 ) ) ;
#384 = AXIS2_PLACEMENT_3D ( 'NONE', #4943, #8027, #4386 ) ;
#385 = PLANE ( 'NONE',  #4830 ) ;
#386 = CARTESIAN_POINT ( 'NONE',  ( 70.59504080363419121, 42.18247202539614449, 10.00000000000000000 ) ) ;
#387 = VECTOR ( 'NONE', #7073, 1000.000000000000000 ) ;
#388 = LINE ( 'NONE', #228, #907 ) ;
#389 = DIRECTION ( 'NONE',  ( -0.000000000000000000, -0.000000000000000000, -1.000000000000000000 ) ) ;
#390 = FACE_OUTER_BOUND ( 'NONE', #7793, .T. ) ;
#391 = EDGE_LOOP ( 'NONE', ( #630, #4172, #2133, #2893 ) ) ;
#392 = EDGE_CURVE ( 'NONE', #1939, #690, #1043, .T. ) ;
#393 = VERTEX_POINT ( 'NONE', #7233 ) ;
#394 = CARTESIAN_POINT ( 'NONE',  ( 41.42884860408194214, 26.75317541498458951, 4.000000000000000000 ) ) ;
#395 = ORIENTED_EDGE ( 'NONE', *, *, #8645, .T. ) ;
#396 = DIRECTION ( 'NONE',  ( -0.8660254037844373753, -0.5000000000000021094, 0.000000000000000000 ) ) ;
#397 = CARTESIAN_POINT ( 'NONE',  ( 77.13093918849631336, 40.18247202539614449, 7.400000000000000355 ) ) ;
#398 = VECTOR ( 'NONE', #9650, 1000.000000000000000 ) ;
#399 = CARTESIAN_POINT ( 'NONE',  ( 78.03203064794003296, 52.35311032234201889, 10.00000000000000000 ) ) ;
#400 = CARTESIAN_POINT ( 'NONE',  ( 79.97474980950003953, 54.29582948390102359, 0.000000000000000000 ) ) ;
#401 = ORIENTED_EDGE ( 'NONE', *, *, #715, .T. ) ;
#402 = LINE ( 'NONE', #2736, #9108 ) ;
#403 = ORIENTED_EDGE ( 'NONE', *, *, #6771, .F. ) ;
#404 = EDGE_CURVE ( 'NONE', #4042, #7689, #5061, .T. ) ;
#405 = EDGE_CURVE ( 'NONE', #3112, #6013, #3428, .T. ) ;
#406 = DIRECTION ( 'NONE',  ( -0.000000000000000000, 0.000000000000000000, 1.000000000000000000 ) ) ;
#407 = LINE ( 'NONE', #6549, #1236 ) ;
#408 = DIRECTION ( 'NONE',  ( -0.8660254037844377084, 0.5000000000000015543, 0.000000000000000000 ) ) ;
#409 = DIRECTION ( 'NONE',  ( 1.317956502048527864E-15, -1.000000000000000000, 0.000000000000000000 ) ) ;
#410 = DIRECTION ( 'NONE',  ( -0.7071067811865474617, 0.7071067811865474617, 0.000000000000000000 ) ) ;
#411 = LINE ( 'NONE', #7148, #8554 ) ;
#412 = VECTOR ( 'NONE', #8827, 1000.000000000000114 ) ;
#413 = LINE ( 'NONE', #2077, #4996 ) ;
#414 = DIRECTION ( 'NONE',  ( -0.000000000000000000, -0.000000000000000000, 1.000000000000000000 ) ) ;
#415 = CARTESIAN_POINT ( 'NONE',  ( 5.000000000000030198, 6.992565577373023977, 10.00000000000000000 ) ) ;
#416 = VERTEX_POINT ( 'NONE', #3526 ) ;
#417 = EDGE_CURVE ( 'NONE', #6404, #9646, #3377, .T. ) ;
#418 = EDGE_CURVE ( 'NONE', #1019, #8641, #6483, .T. ) ;
#419 = VERTEX_POINT ( 'NONE', #2619 ) ;
#420 = VECTOR ( 'NONE', #2634, 1000.000000000000000 ) ;
#421 = DIRECTION ( 'NONE',  ( -0.000000000000000000, -0.000000000000000000, 1.000000000000000000 ) ) ;
#422 = DIRECTION ( 'NONE',  ( -0.000000000000000000, -0.000000000000000000, 1.000000000000000000 ) ) ;
#423 = EDGE_CURVE ( 'NONE', #5364, #1364, #4299, .T. ) ;
#424 = DIRECTION ( 'NONE',  ( -1.000000000000000000, 0.000000000000000000, 0.000000000000000000 ) ) ;
#425 = CARTESIAN_POINT ( 'NONE',  ( 20.40280365961182696, 31.99023488137319760, 7.400000000000000355 ) ) ;
#426 = VECTOR ( 'NONE', #6562, 1000.000000000000000 ) ;
#427 = VECTOR ( 'NONE', #3266, 1000.000000000000227 ) ;
#428 = VERTEX_POINT ( 'NONE', #6638 ) ;
#429 = EDGE_LOOP ( 'NONE', ( #2079, #1734, #6179, #3263 ) ) ;
#430 = CARTESIAN_POINT ( 'NONE',  ( 12.07195935263212583, 55.33397611666537586, 4.000000000000000000 ) ) ;
#431 = ORIENTED_EDGE ( 'NONE', *, *, #4730, .T. ) ;
#432 = EDGE_CURVE ( 'NONE', #5424, #1547, #5717, .T. ) ;
#433 = LINE ( 'NONE', #381, #3124 ) ;
#434 = VERTEX_POINT ( 'NONE', #7336 ) ;
#435 = CARTESIAN_POINT ( 'NONE',  ( 33.85907471738186558, 52.37470916941909849, 7.400000000000000355 ) ) ;
#436 = VECTOR ( 'NONE', #709, 1000.000000000000000 ) ;
#437 = VECTOR ( 'NONE', #2835, 1000.000000000000000 ) ;
#438 = LINE ( 'NONE', #5099, #5106 ) ;
#439 = CARTESIAN_POINT ( 'NONE',  ( 63.28236328531291832, 23.35317541498460514, 7.400000000000000355 ) ) ;
#440 = LINE ( 'NONE', #8896, #1256 ) ;
#441 = CARTESIAN_POINT ( 'NONE',  ( 32.14653210253800353, 28.88980021391638431, 0.9599999985689978699 ) ) ;
#442 = ORIENTED_EDGE ( 'NONE', *, *, #9897, .F. ) ;
#443 = ORIENTED_EDGE ( 'NONE', *, *, #6242, .T. ) ;
#444 = VECTOR ( 'NONE', #4379, 1000.000000000000227 ) ;
#445 = VECTOR ( 'NONE', #295, 1000.000000000000227 ) ;
#446 = DIRECTION ( 'NONE',  ( -0.8660254037844370423, -0.5000000000000028866, 0.000000000000000000 ) ) ;
#447 = EDGE_LOOP ( 'NONE', ( #8166, #442, #7763, #9136 ) ) ;
#448 = VECTOR ( 'NONE', #5327, 1000.000000000000227 ) ;
#449 = VECTOR ( 'NONE', #8926, 1000.000000000000000 ) ;
#450 = CARTESIAN_POINT ( 'NONE',  ( 73.15243468099103552, 6.261804759730023484, 10.00099999999999945 ) ) ;
#451 = DIRECTION ( 'NONE',  ( 1.000000000000000000, -0.000000000000000000, 0.000000000000000000 ) ) ;
#452 = LINE ( 'NONE', #7241, #594 ) ;
#453 = EDGE_CURVE ( 'NONE', #352, #3145, #1857, .T. ) ;
#454 = LINE ( 'NONE', #2821, #1758 ) ;
#455 = EDGE_CURVE ( 'NONE', #1082, #2338, #4955, .T. ) ;
#456 = EDGE_LOOP ( 'NONE', ( #136, #1812, #2039, #8774 ) ) ;
#457 = VECTOR ( 'NONE', #4660, 1000.000000000000114 ) ;
#458 = VECTOR ( 'NONE', #6346, 1000.000000000000000 ) ;
#459 = DIRECTION ( 'NONE',  ( -0.8660254037844377084, -0.5000000000000016653, 0.000000000000000000 ) ) ;
#460 = ORIENTED_EDGE ( 'NONE', *, *, #5444, .F. ) ;
#461 = CARTESIAN_POINT ( 'NONE',  ( 0.007098098182035939008, 57.66626307465578805, 4.000000000000000000 ) ) ;
#462 = LINE ( 'NONE', #7304, #7542 ) ;
#463 = DIRECTION ( 'NONE',  ( 0.000000000000000000, -1.000000000000000000, 0.000000000000000000 ) ) ;
#464 = DIRECTION ( 'NONE',  ( -1.000000000000000000, 1.652117596168386770E-15, 0.000000000000000000 ) ) ;
#465 = VECTOR ( 'NONE', #9773, 1000.000000000000000 ) ;
#466 = DIRECTION ( 'NONE',  ( -0.8660254037844377084, -0.5000000000000016653, 0.000000000000000000 ) ) ;
#467 = VECTOR ( 'NONE', #4560, 1000.000000000000114 ) ;
#468 = DIRECTION ( 'NONE',  ( -1.000000000000000000, 0.000000000000000000, 0.000000000000000000 ) ) ;
#469 = CARTESIAN_POINT ( 'NONE',  ( 73.28236328531281174, 21.79799773735025781, 7.400000000000000355 ) ) ;
#470 = EDGE_CURVE ( 'NONE', #1805, #7594, #1962, .T. ) ;
#471 = DIRECTION ( 'NONE',  ( 0.8660254037844384856, 0.5000000000000002220, 0.000000000000000000 ) ) ;
#472 = ORIENTED_EDGE ( 'NONE', *, *, #2246, .F. ) ;
#473 = VECTOR ( 'NONE', #9368, 1000.000000000000000 ) ;
#474 = EDGE_LOOP ( 'NONE', ( #4632, #2884, #3668, #8199 ) ) ;
#475 = FACE_OUTER_BOUND ( 'NONE', #7550, .T. ) ;
#476 = CARTESIAN_POINT ( 'NONE',  ( 26.74646490045110170, 27.79799773735024004, 7.400000000000000355 ) ) ;
#477 = CARTESIAN_POINT ( 'NONE',  ( 5.864532158809463880, -0.001160175645022881730, 4.000000000000000000 ) ) ;
#478 = FACE_OUTER_BOUND ( 'NONE', #9930, .T. ) ;
#479 = EDGE_CURVE ( 'NONE', #4033, #4154, #1756, .T. ) ;
#480 = EDGE_CURVE ( 'NONE', #7523, #5181, #8392, .T. ) ;
#481 = VECTOR ( 'NONE', #4141, 999.9999999999998863 ) ;
#482 = ORIENTED_EDGE ( 'NONE', *, *, #631, .T. ) ;
#483 = ORIENTED_EDGE ( 'NONE', *, *, #2341, .T. ) ;
#484 = DIRECTION ( 'NONE',  ( 0.000000000000000000, 0.000000000000000000, -1.000000000000000000 ) ) ;
#485 = ORIENTED_EDGE ( 'NONE', *, *, #1776, .T. ) ;
#486 = LINE ( 'NONE', #3608, #3451 ) ;
#487 = ORIENTED_EDGE ( 'NONE', *, *, #4053, .T. ) ;
#488 = FACE_OUTER_BOUND ( 'NONE', #3186, .T. ) ;
#489 = DIRECTION ( 'NONE',  ( -0.000000000000000000, -0.000000000000000000, 1.000000000000000000 ) ) ;
#490 = CARTESIAN_POINT ( 'NONE',  ( 78.02714841169105853, -0.007275480624097108162, 4.000000000000000000 ) ) ;
#491 = ADVANCED_FACE ( 'NONE', ( #4396 ), #2157, .F. ) ;
#492 = ADVANCED_FACE ( 'NONE', ( #1389 ), #3568, .F. ) ;
#493 = ORIENTED_EDGE ( 'NONE', *, *, #7920, .F. ) ;
#494 = ORIENTED_EDGE ( 'NONE', *, *, #7120, .F. ) ;
#495 = VECTOR ( 'NONE', #265, 1000.000000000000000 ) ;
#496 = CARTESIAN_POINT ( 'NONE',  ( 20.01832937156607883, 15.60576059332729315, 7.400000000000000355 ) ) ;
#497 = ORIENTED_EDGE ( 'NONE', *, *, #3470, .F. ) ;
#498 = EDGE_CURVE ( 'NONE', #7828, #7218, #1294, .T. ) ;
#499 = DIRECTION ( 'NONE',  ( 0.000000000000000000, -0.000000000000000000, 1.000000000000000000 ) ) ;
#500 = DIRECTION ( 'NONE',  ( -0.000000000000000000, 1.000000000000000000, -0.000000000000000000 ) ) ;
#501 = CARTESIAN_POINT ( 'NONE',  ( 17.32317633251983224, 50.37470916941909138, 7.400000000000000355 ) ) ;
#502 = DIRECTION ( 'NONE',  ( -0.8660254037844385966, 0.5000000000000000000, 0.000000000000000000 ) ) ;
#503 = ORIENTED_EDGE ( 'NONE', *, *, #1101, .F. ) ;
#504 = EDGE_CURVE ( 'NONE', #6415, #4766, #5967, .T. ) ;
#505 = ORIENTED_EDGE ( 'NONE', *, *, #1457, .T. ) ;
#506 = LINE ( 'NONE', #5927, #4098 ) ;
#507 = EDGE_LOOP ( 'NONE', ( #6998, #5894, #7008, #9963 ) ) ;
#508 = ADVANCED_FACE ( 'NONE', ( #540 ), #2010, .F. ) ;
#509 = DIRECTION ( 'NONE',  ( 0.000000000000000000, -0.000000000000000000, 1.000000000000000000 ) ) ;
#510 = DIRECTION ( 'NONE',  ( -0.8660254037844373753, -0.5000000000000021094, 0.000000000000000000 ) ) ;
#511 = LINE ( 'NONE', #7305, #248 ) ;
#512 = LINE ( 'NONE', #4317, #119 ) ;
#513 = CARTESIAN_POINT ( 'NONE',  ( 0.000000000000000000, 0.000000000000000000, 7.400000000000000355 ) ) ;
#514 = EDGE_CURVE ( 'NONE', #9030, #3558, #4439, .T. ) ;
#515 = DIRECTION ( 'NONE',  ( -0.8660254037844375974, -0.5000000000000016653, 0.000000000000000000 ) ) ;
#516 = ORIENTED_EDGE ( 'NONE', *, *, #2245, .F. ) ;
#517 = VECTOR ( 'NONE', #8852, 1000.000000000000000 ) ;
#518 = LINE ( 'NONE', #7451, #694 ) ;
#519 = ORIENTED_EDGE ( 'NONE', *, *, #392, .T. ) ;
#520 = EDGE_LOOP ( 'NONE', ( #9745, #3679, #5864, #5702 ) ) ;
#521 = ADVANCED_FACE ( 'NONE', ( #6015 ), #2816, .T. ) ;
#522 = DIRECTION ( 'NONE',  ( -0.000000000000000000, -0.000000000000000000, 1.000000000000000000 ) ) ;
#523 = CARTESIAN_POINT ( 'NONE',  ( 73.15243468099103552, 6.261804759730023484, 0.000000000000000000 ) ) ;
#524 = LINE ( 'NONE', #3598, #235 ) ;
#525 = VECTOR ( 'NONE', #7181, 1000.000000000000227 ) ;
#526 = DIRECTION ( 'NONE',  ( 0.000000000000000000, -1.000000000000000000, 0.000000000000000000 ) ) ;
#527 = ORIENTED_EDGE ( 'NONE', *, *, #809, .T. ) ;
#528 = EDGE_LOOP ( 'NONE', ( #930, #505, #748, #9518, #7874, #8823 ) ) ;
#529 = LINE ( 'NONE', #2093, #7803 ) ;
#530 = VECTOR ( 'NONE', #3712, 1000.000000000000227 ) ;
#531 = ORIENTED_EDGE ( 'NONE', *, *, #9940, .T. ) ;
#532 = CARTESIAN_POINT ( 'NONE',  ( 40.83180065388673796, 38.69286487643512373, 3.399999999999983036 ) ) ;
#533 = EDGE_LOOP ( 'NONE', ( #645, #4678, #4653, #4277 ) ) ;
#534 = FACE_OUTER_BOUND ( 'NONE', #7574, .T. ) ;
#535 = DIRECTION ( 'NONE',  ( -1.000000000000000000, 0.000000000000000000, -0.000000000000000000 ) ) ;
#536 = CARTESIAN_POINT ( 'NONE',  ( 70.40280365961129405, 31.99023488137319760, 7.400000000000000355 ) ) ;
#537 = VECTOR ( 'NONE', #7861, 1000.000000000000227 ) ;
#538 = ORIENTED_EDGE ( 'NONE', *, *, #2751, .F. ) ;
#539 = ORIENTED_EDGE ( 'NONE', *, *, #685, .T. ) ;
#540 = FACE_OUTER_BOUND ( 'NONE', #5610, .T. ) ;
#541 = ORIENTED_EDGE ( 'NONE', *, *, #543, .F. ) ;
#542 = VECTOR ( 'NONE', #7979, 1000.000000000000114 ) ;
#543 = EDGE_CURVE ( 'NONE', #690, #17, #8946, .T. ) ;
#544 = EDGE_CURVE ( 'NONE', #1902, #7686, #7522, .T. ) ;
#545 = DIRECTION ( 'NONE',  ( -0.000000000000000000, -0.000000000000000000, 1.000000000000000000 ) ) ;
#546 = CARTESIAN_POINT ( 'NONE',  ( 37.32317633251962263, 58.37470916941907717, 10.00000000000000000 ) ) ;
#547 = CARTESIAN_POINT ( 'NONE',  ( 6.746464900451311308, 27.79799773735024004, 10.00000000000000000 ) ) ;
#548 = CARTESIAN_POINT ( 'NONE',  ( 76.16692151384303600, 8.415085090169998949, 10.00000000000000000 ) ) ;
#549 = ORIENTED_EDGE ( 'NONE', *, *, #5017, .F. ) ;
#550 = VERTEX_POINT ( 'NONE', #3672 ) ;
#551 = FACE_OUTER_BOUND ( 'NONE', #2906, .T. ) ;
#552 = ORIENTED_EDGE ( 'NONE', *, *, #1102, .F. ) ;
#553 = LINE ( 'NONE', #6739, #859 ) ;
#554 = ORIENTED_EDGE ( 'NONE', *, *, #2514, .F. ) ;
#555 = ADVANCED_FACE ( 'NONE', ( #2967 ), #9857, .F. ) ;
#556 = LINE ( 'NONE', #9823, #3053 ) ;
#557 = DIRECTION ( 'NONE',  ( -0.000000000000000000, -0.000000000000000000, 1.000000000000000000 ) ) ;
#558 = DIRECTION ( 'NONE',  ( 1.000000000000000000, 0.000000000000000000, 0.000000000000000000 ) ) ;
#559 = CARTESIAN_POINT ( 'NONE',  ( 78.03203064794003296, 52.35311032234201889, 10.00000000000000000 ) ) ;
#560 = PLANE ( 'NONE',  #7388 ) ;
#561 = DIRECTION ( 'NONE',  ( -0.000000000000000000, -0.000000000000000000, 1.000000000000000000 ) ) ;
#562 = ORIENTED_EDGE ( 'NONE', *, *, #1856, .F. ) ;
#563 = EDGE_CURVE ( 'NONE', #8525, #3985, #8336, .T. ) ;
#564 = DIRECTION ( 'NONE',  ( 0.8660254037844384856, 0.5000000000000002220, 0.000000000000000000 ) ) ;
#565 = EDGE_LOOP ( 'NONE', ( #9530, #1972, #7453, #573 ) ) ;
#566 = ORIENTED_EDGE ( 'NONE', *, *, #7924, .T. ) ;
#567 = FACE_OUTER_BOUND ( 'NONE', #1999, .T. ) ;
#568 = DIRECTION ( 'NONE',  ( 0.000000000000000000, -1.000000000000000000, 0.000000000000000000 ) ) ;
#569 = VECTOR ( 'NONE', #1496, 1000.000000000000000 ) ;
#570 = CARTESIAN_POINT ( 'NONE',  ( 78.03159327970408299, 47.66247914339058411, 10.00000000000000000 ) ) ;
#571 = FACE_OUTER_BOUND ( 'NONE', #86, .T. ) ;
#572 = CARTESIAN_POINT ( 'NONE',  ( 13.85907471738207697, 56.37470916941907007, 7.400000000000000355 ) ) ;
#573 = ORIENTED_EDGE ( 'NONE', *, *, #6881, .T. ) ;
#574 = ORIENTED_EDGE ( 'NONE', *, *, #9278, .F. ) ;
#575 = VECTOR ( 'NONE', #3857, 1000.000000000000114 ) ;
#576 = DIRECTION ( 'NONE',  ( -1.000000000000000000, 0.000000000000000000, 0.000000000000000000 ) ) ;
#577 = ORIENTED_EDGE ( 'NONE', *, *, #8721, .T. ) ;
#578 = ORIENTED_EDGE ( 'NONE', *, *, #9657, .F. ) ;
#579 = DIRECTION ( 'NONE',  ( 1.000000000000000000, 0.000000000000000000, -0.000000000000000000 ) ) ;
#580 = CARTESIAN_POINT ( 'NONE',  ( 63.28236328531291832, 25.79799773735023294, 7.400000000000000355 ) ) ;
#581 = DIRECTION ( 'NONE',  ( 0.000000000000000000, 0.000000000000000000, -1.000000000000000000 ) ) ;
#582 = AXIS2_PLACEMENT_3D ( 'NONE', #8489, #1505, #743 ) ;
#583 = ORIENTED_EDGE ( 'NONE', *, *, #9528, .F. ) ;
#584 = EDGE_LOOP ( 'NONE', ( #7752, #6366, #9358, #7042 ) ) ;
#585 = ADVANCED_FACE ( 'NONE', ( #5154 ), #4495, .T. ) ;
#586 = CARTESIAN_POINT ( 'NONE',  ( 5.000000000000485834, 31.10954502862857396, 10.00099999999999945 ) ) ;
#587 = VERTEX_POINT ( 'NONE', #8989 ) ;
#588 = VECTOR ( 'NONE', #8895, 1000.000000000000000 ) ;
#589 = AXIS2_PLACEMENT_3D ( 'NONE', #6001, #8516, #4531 ) ;
#590 = CARTESIAN_POINT ( 'NONE',  ( 56.42884860408192083, 23.35317541498460514, 7.400000000000002132 ) ) ;
#591 = LINE ( 'NONE', #6021, #4178 ) ;
#592 = CARTESIAN_POINT ( 'NONE',  ( 53.48264078761654616, 52.77490806565516834, 6.000000000000000000 ) ) ;
#593 = AXIS2_PLACEMENT_3D ( 'NONE', #1226, #7457, #2802 ) ;
#594 = VECTOR ( 'NONE', #3383, 1000.000000000000000 ) ;
#595 = CARTESIAN_POINT ( 'NONE',  ( 40.83180065388673796, 43.69286487643512373, 1.699885383662997906 ) ) ;
#596 = EDGE_LOOP ( 'NONE', ( #7179, #5670, #829, #8016 ) ) ;
#597 = ORIENTED_EDGE ( 'NONE', *, *, #8800, .T. ) ;
#598 = EDGE_CURVE ( 'NONE', #4765, #162, #3722, .T. ) ;
#599 = ADVANCED_FACE ( 'NONE', ( #691 ), #2205, .F. ) ;
#600 = CARTESIAN_POINT ( 'NONE',  ( 37.13093918849674679, 48.18247202539613028, 7.400000000000000355 ) ) ;
#601 = ORIENTED_EDGE ( 'NONE', *, *, #2461, .F. ) ;
#602 = DIRECTION ( 'NONE',  ( -1.000000000000000000, 3.469446951953610639E-15, 0.000000000000000000 ) ) ;
#603 = ORIENTED_EDGE ( 'NONE', *, *, #8694, .T. ) ;
#604 = VECTOR ( 'NONE', #4009, 1000.000000000000000 ) ;
#605 = AXIS2_PLACEMENT_3D ( 'NONE', #476, #1834, #2752 ) ;
#606 = DIRECTION ( 'NONE',  ( 1.000000000000000000, 0.000000000000000000, -0.000000000000000000 ) ) ;
#607 = DIRECTION ( 'NONE',  ( 0.8660254037844384856, 0.5000000000000002220, 0.000000000000000000 ) ) ;
#608 = DIRECTION ( 'NONE',  ( 0.7071067811865475727, 0.000000000000000000, 0.7071067811865475727 ) ) ;
#609 = DIRECTION ( 'NONE',  ( -1.000000000000000000, 0.000000000000000000, 0.000000000000000000 ) ) ;
#610 = DIRECTION ( 'NONE',  ( 0.5000000000000003331, -0.8660254037844385966, 0.000000000000000000 ) ) ;
#611 = LINE ( 'NONE', #9169, #6290 ) ;
#612 = VERTEX_POINT ( 'NONE', #9954 ) ;
#613 = EDGE_CURVE ( 'NONE', #3226, #1807, #6322, .T. ) ;
#614 = AXIS2_PLACEMENT_3D ( 'NONE', #5558, #846, #5608 ) ;
#615 = CARTESIAN_POINT ( 'NONE',  ( 36.03180065388673370, 38.09286487643512942, 4.000000000000000000 ) ) ;
#616 = VERTEX_POINT ( 'NONE', #9347 ) ;
#617 = ORIENTED_EDGE ( 'NONE', *, *, #899, .F. ) ;
#618 = CARTESIAN_POINT ( 'NONE',  ( 18.61060500309818977, 30.68592075184099599, 1.109999999999998099 ) ) ;
#619 = VECTOR ( 'NONE', #1017, 1000.000000000000000 ) ;
#620 = DIRECTION ( 'NONE',  ( 1.000000000000000000, -3.011203194556595896E-16, 0.000000000000000000 ) ) ;
#621 = CARTESIAN_POINT ( 'NONE',  ( 6.554227756428439911, 9.605760593327309138, 10.00000000000000000 ) ) ;
#622 = AXIS2_PLACEMENT_3D ( 'NONE', #2071, #2885, #2226 ) ;
#623 = DIRECTION ( 'NONE',  ( -1.000000000000000000, 0.000000000000000000, 0.000000000000000000 ) ) ;
#624 = LINE ( 'NONE', #2345, #6914 ) ;
#625 = DIRECTION ( 'NONE',  ( 0.5000000000000003331, -0.8660254037844385966, 0.000000000000000000 ) ) ;
#626 = ORIENTED_EDGE ( 'NONE', *, *, #9940, .F. ) ;
#627 = ORIENTED_EDGE ( 'NONE', *, *, #2246, .T. ) ;
#628 = AXIS2_PLACEMENT_3D ( 'NONE', #5778, #6542, #1865 ) ;
#629 = DIRECTION ( 'NONE',  ( 0.000000000000000000, 1.000000000000000000, 0.000000000000000000 ) ) ;
#630 = ORIENTED_EDGE ( 'NONE', *, *, #4368, .T. ) ;
#631 = EDGE_CURVE ( 'NONE', #1113, #1034, #6169, .T. ) ;
#632 = VERTEX_POINT ( 'NONE', #9246 ) ;
#633 = DIRECTION ( 'NONE',  ( 1.168223555568299567E-15, 0.7071067811865567876, 0.7071067811865382469 ) ) ;
#634 = LINE ( 'NONE', #6115, #6237 ) ;
#635 = ADVANCED_FACE ( 'NONE', ( #7822 ), #841, .F. ) ;
#636 = CARTESIAN_POINT ( 'NONE',  ( 20.85129627085182946, 23.35317541498460159, 10.00099999999999945 ) ) ;
#637 = VECTOR ( 'NONE', #3142, 1000.000000000000000 ) ;
#638 = ORIENTED_EDGE ( 'NONE', *, *, #7656, .F. ) ;
#639 = EDGE_LOOP ( 'NONE', ( #5939, #6156, #4592, #7583 ) ) ;
#640 = CARTESIAN_POINT ( 'NONE',  ( 0.000000000000000000, 0.000000000000000000, 7.400000000000000355 ) ) ;
#641 = ORIENTED_EDGE ( 'NONE', *, *, #6662, .T. ) ;
#642 = EDGE_CURVE ( 'NONE', #8155, #1595, #3158, .T. ) ;
#643 = EDGE_CURVE ( 'NONE', #3840, #4995, #27, .T. ) ;
#644 = EDGE_CURVE ( 'NONE', #7165, #9717, #10009, .T. ) ;
#645 = ORIENTED_EDGE ( 'NONE', *, *, #7795, .T. ) ;
#646 = DIRECTION ( 'NONE',  ( -0.000000000000000000, -0.000000000000000000, 1.000000000000000000 ) ) ;
#647 = LINE ( 'NONE', #8294, #5151 ) ;
#648 = CARTESIAN_POINT ( 'NONE',  ( 33.66683757335898974, 42.18247202539615159, 10.00000000000000000 ) ) ;
#649 = VECTOR ( 'NONE', #733, 1000.000000000000000 ) ;
#650 = LINE ( 'NONE', #5362, #6947 ) ;
#651 = VERTEX_POINT ( 'NONE', #5504 ) ;
#652 = ORIENTED_EDGE ( 'NONE', *, *, #5471, .F. ) ;
#653 = PLANE ( 'NONE',  #9728 ) ;
#654 = ORIENTED_EDGE ( 'NONE', *, *, #3161, .T. ) ;
#655 = PLANE ( 'NONE',  #6858 ) ;
#656 = ORIENTED_EDGE ( 'NONE', *, *, #7626, .T. ) ;
#657 = VECTOR ( 'NONE', #4328, 1000.000000000000000 ) ;
#658 = DIRECTION ( 'NONE',  ( -0.5000000000000021094, 0.8660254037844374864, 0.000000000000000000 ) ) ;
#659 = EDGE_CURVE ( 'NONE', #6904, #380, #1693, .T. ) ;
#660 = LINE ( 'NONE', #5985, #5930 ) ;
#661 = CARTESIAN_POINT ( 'NONE',  ( 63.85907471738156005, 56.37470916941907007, 7.400000000000000355 ) ) ;
#662 = DIRECTION ( 'NONE',  ( -5.782411586589351722E-16, 1.000000000000000000, 0.000000000000000000 ) ) ;
#663 = DIRECTION ( 'NONE',  ( -0.8660254037844369313, -0.5000000000000028866, 0.000000000000000000 ) ) ;
#664 = PLANE ( 'NONE',  #6466 ) ;
#665 = ORIENTED_EDGE ( 'NONE', *, *, #9363, .F. ) ;
#666 = CARTESIAN_POINT ( 'NONE',  ( 78.02967197712095526, 27.05713778620855692, 10.00000000000000000 ) ) ;
#667 = ORIENTED_EDGE ( 'NONE', *, *, #5529, .F. ) ;
#668 = ORIENTED_EDGE ( 'NONE', *, *, #5612, .T. ) ;
#669 = CARTESIAN_POINT ( 'NONE',  ( 67.13093918849642705, 48.18247202539613028, 7.400000000000000355 ) ) ;
#670 = ADVANCED_FACE ( 'NONE', ( #5406 ), #4594, .F. ) ;
#671 = CARTESIAN_POINT ( 'NONE',  ( 63.47460042933579416, 31.99023488137320470, 7.400000000000000355 ) ) ;
#672 = DIRECTION ( 'NONE',  ( 0.5000000000000012212, 0.8660254037844380415, 0.000000000000000000 ) ) ;
#673 = CARTESIAN_POINT ( 'NONE',  ( 24.39487291362403099, 57.66326120127521193, 4.000000000000000000 ) ) ;
#674 = LINE ( 'NONE', #6863, #5129 ) ;
#675 = DIRECTION ( 'NONE',  ( 0.7071067811865350272, 0.7071067811865600072, 0.000000000000000000 ) ) ;
#676 = EDGE_CURVE ( 'NONE', #3914, #7750, #3875, .T. ) ;
#677 = ORIENTED_EDGE ( 'NONE', *, *, #3749, .F. ) ;
#678 = ORIENTED_EDGE ( 'NONE', *, *, #3733, .T. ) ;
#679 = DIRECTION ( 'NONE',  ( 0.5000000000000003331, -0.8660254037844385966, 0.000000000000000000 ) ) ;
#680 = ORIENTED_EDGE ( 'NONE', *, *, #9401, .F. ) ;
#681 = ORIENTED_EDGE ( 'NONE', *, *, #5446, .F. ) ;
#682 = AXIS2_PLACEMENT_3D ( 'NONE', #6533, #233, #998 ) ;
#683 = DIRECTION ( 'NONE',  ( 0.8660254037844384856, 0.5000000000000002220, 0.000000000000000000 ) ) ;
#684 = EDGE_CURVE ( 'NONE', #6077, #9933, #5455, .T. ) ;
#685 = EDGE_CURVE ( 'NONE', #8975, #6412, #3114, .T. ) ;
#686 = CARTESIAN_POINT ( 'NONE',  ( 41.42884860408194214, 23.35317541498460159, 4.000000000000000000 ) ) ;
#687 = DIRECTION ( 'NONE',  ( 0.000000000000000000, 0.000000000000000000, 1.000000000000000000 ) ) ;
#688 = AXIS2_PLACEMENT_3D ( 'NONE', #6414, #8737, #4287 ) ;
#689 = ORIENTED_EDGE ( 'NONE', *, *, #227, .F. ) ;
#690 = VERTEX_POINT ( 'NONE', #8440 ) ;
#691 = FACE_OUTER_BOUND ( 'NONE', #6213, .T. ) ;
#692 = ORIENTED_EDGE ( 'NONE', *, *, #3991, .T. ) ;
#693 = EDGE_CURVE ( 'NONE', #3259, #4215, #8538, .T. ) ;
#694 = VECTOR ( 'NONE', #9882, 1000.000000000000000 ) ;
#695 = CYLINDRICAL_SURFACE ( 'NONE', #2843, 1.699999999999999289 ) ;
#696 = ADVANCED_FACE ( 'NONE', ( #4690 ), #793, .F. ) ;
#697 = DIRECTION ( 'NONE',  ( -0.000000000000000000, -0.000000000000000000, 1.000000000000000000 ) ) ;
#698 = CARTESIAN_POINT ( 'NONE',  ( 33.28236328531323807, 25.79799773735023294, 7.400000000000000355 ) ) ;
#699 = CARTESIAN_POINT ( 'NONE',  ( 33.66683757335898974, 46.18247202539612317, 7.400000000000000355 ) ) ;
#700 = VERTEX_POINT ( 'NONE', #3973 ) ;
#701 = ORIENTED_EDGE ( 'NONE', *, *, #129, .T. ) ;
#702 = DIRECTION ( 'NONE',  ( -0.000000000000000000, -0.000000000000000000, 1.000000000000000000 ) ) ;
#703 = AXIS2_PLACEMENT_3D ( 'NONE', #3185, #3133, #2180 ) ;
#704 = ORIENTED_EDGE ( 'NONE', *, *, #9537, .F. ) ;
#705 = EDGE_CURVE ( 'NONE', #1300, #9898, #7069, .T. ) ;
#706 = LINE ( 'NONE', #6522, #2476 ) ;
#707 = VERTEX_POINT ( 'NONE', #3924 ) ;
#708 = LINE ( 'NONE', #5984, #7901 ) ;
#709 = DIRECTION ( 'NONE',  ( -1.000000000000000000, -0.000000000000000000, -0.000000000000000000 ) ) ;
#710 = CARTESIAN_POINT ( 'NONE',  ( 56.93870204447366490, 29.99023488137320115, 10.00000000000000000 ) ) ;
#711 = DIRECTION ( 'NONE',  ( 0.8660254037844378194, -0.5000000000000015543, 0.000000000000000000 ) ) ;
#712 = DIRECTION ( 'NONE',  ( -0.5000000000000029976, 0.8660254037844370423, 0.000000000000000000 ) ) ;
#713 = CARTESIAN_POINT ( 'NONE',  ( 27.13093918849685338, 40.18247202539614449, 10.00000000000000000 ) ) ;
#714 = ORIENTED_EDGE ( 'NONE', *, *, #6176, .T. ) ;
#715 = EDGE_CURVE ( 'NONE', #9303, #6268, #7118, .T. ) ;
#716 = CARTESIAN_POINT ( 'NONE',  ( 40.21056651558873796, 0.000000000000000000, 10.00000000000000000 ) ) ;
#717 = ORIENTED_EDGE ( 'NONE', *, *, #2751, .T. ) ;
#718 = ORIENTED_EDGE ( 'NONE', *, *, #9514, .F. ) ;
#719 = DIRECTION ( 'NONE',  ( -0.8660254037844374864, -0.5000000000000021094, 0.000000000000000000 ) ) ;
#720 = CARTESIAN_POINT ( 'NONE',  ( 12.07195935263212583, 58.33397611666538296, 0.000000000000000000 ) ) ;
#721 = DIRECTION ( 'NONE',  ( 1.000000000000000000, 0.000000000000000000, 0.000000000000000000 ) ) ;
#722 = DIRECTION ( 'NONE',  ( 0.8660254037844384856, 0.5000000000000002220, 0.000000000000000000 ) ) ;
#723 = DIRECTION ( 'NONE',  ( 0.8660254037844385966, -0.5000000000000000000, 0.000000000000000000 ) ) ;
#724 = LINE ( 'NONE', #2395, #7915 ) ;
#725 = DIRECTION ( 'NONE',  ( -0.000000000000000000, -0.000000000000000000, -1.000000000000000000 ) ) ;
#726 = VERTEX_POINT ( 'NONE', #3216 ) ;
#727 = VERTEX_POINT ( 'NONE', #8584 ) ;
#728 = ADVANCED_FACE ( 'NONE', ( #1502 ), #9395, .F. ) ;
#729 = CARTESIAN_POINT ( 'NONE',  ( 33.47460042933611390, 31.99023488137320470, 10.00000000000000000 ) ) ;
#730 = ORIENTED_EDGE ( 'NONE', *, *, #147, .F. ) ;
#731 = ORIENTED_EDGE ( 'NONE', *, *, #6633, .F. ) ;
#732 = ADVANCED_FACE ( 'NONE', ( #5809 ), #1793, .T. ) ;
#733 = DIRECTION ( 'NONE',  ( 0.000000000000000000, 0.000000000000000000, 1.000000000000000000 ) ) ;
#734 = CARTESIAN_POINT ( 'NONE',  ( 78.02984732797568768, 28.93771831048097454, 0.000000000000000000 ) ) ;
#735 = DIRECTION ( 'NONE',  ( 1.887397745837881465E-14, 1.000000000000000000, 0.000000000000000000 ) ) ;
#736 = AXIS2_PLACEMENT_3D ( 'NONE', #9736, #7362, #424 ) ;
#737 = VERTEX_POINT ( 'NONE', #3261 ) ;
#738 = ORIENTED_EDGE ( 'NONE', *, *, #1281, .T. ) ;
#739 = EDGE_CURVE ( 'NONE', #911, #1573, #4846, .T. ) ;
#740 = DIRECTION ( 'NONE',  ( 0.000000000000000000, -1.000000000000000000, 0.000000000000000000 ) ) ;
#741 = ORIENTED_EDGE ( 'NONE', *, *, #9869, .F. ) ;
#742 = AXIS2_PLACEMENT_3D ( 'NONE', #9011, #7599, #4607 ) ;
#743 = DIRECTION ( 'NONE',  ( 0.000000000000000000, -0.000000000000000000, -1.000000000000000000 ) ) ;
#744 = EDGE_CURVE ( 'NONE', #6298, #1636, #3413, .T. ) ;
#745 = LINE ( 'NONE', #9400, #1910 ) ;
#746 = DIRECTION ( 'NONE',  ( 0.000000000000000000, -1.000000000000000000, 0.000000000000000000 ) ) ;
#747 = EDGE_LOOP ( 'NONE', ( #9206, #5348, #3062, #5750 ) ) ;
#748 = ORIENTED_EDGE ( 'NONE', *, *, #4038, .T. ) ;
#749 = VECTOR ( 'NONE', #4390, 1000.000000000000000 ) ;
#750 = VECTOR ( 'NONE', #8637, 1000.000000000000227 ) ;
#751 = PLANE ( 'NONE',  #3572 ) ;
#752 = ORIENTED_EDGE ( 'NONE', *, *, #6166, .F. ) ;
#753 = PLANE ( 'NONE',  #52 ) ;
#754 = ORIENTED_EDGE ( 'NONE', *, *, #5553, .F. ) ;
#755 = ADVANCED_FACE ( 'NONE', ( #1949 ), #4130, .F. ) ;
#756 = VECTOR ( 'NONE', #7063, 1000.000000000000114 ) ;
#757 = CARTESIAN_POINT ( 'NONE',  ( 70.40280365961129405, 35.99023488137318338, 7.400000000000000355 ) ) ;
#758 = VECTOR ( 'NONE', #1014, 1000.000000000000000 ) ;
#759 = DIRECTION ( 'NONE',  ( -1.000000000000000000, 0.000000000000000000, -0.000000000000000000 ) ) ;
#760 = CARTESIAN_POINT ( 'NONE',  ( 30.59504080363459622, 46.18247202539613028, 10.00000000000000000 ) ) ;
#761 = LINE ( 'NONE', #3846, #1238 ) ;
#762 = DIRECTION ( 'NONE',  ( -0.000000000000000000, -0.000000000000000000, 1.000000000000000000 ) ) ;
#763 = EDGE_LOOP ( 'NONE', ( #4201, #3729, #6145, #2260 ) ) ;
#764 = VECTOR ( 'NONE', #6497, 1000.000000000000000 ) ;
#765 = AXIS2_PLACEMENT_3D ( 'NONE', #2715, #5813, #8893 ) ;
#766 = FACE_OUTER_BOUND ( 'NONE', #4116, .T. ) ;
#767 = ORIENTED_EDGE ( 'NONE', *, *, #2913, .F. ) ;
#768 = ORIENTED_EDGE ( 'NONE', *, *, #4725, .T. ) ;
#769 = LINE ( 'NONE', #101, #6774 ) ;
#770 = CARTESIAN_POINT ( 'NONE',  ( 26.74646490045110170, 27.79799773735024004, 10.00000000000000000 ) ) ;
#771 = ADVANCED_FACE ( 'NONE', ( #8130 ), #985, .F. ) ;
#772 = CARTESIAN_POINT ( 'NONE',  ( 10.21056651558905770, 25.79799773735024004, 10.00000000000000000 ) ) ;
#773 = ADVANCED_FACE ( 'NONE', ( #5654 ), #3365, .F. ) ;
#774 = FACE_OUTER_BOUND ( 'NONE', #10001, .T. ) ;
#775 = EDGE_CURVE ( 'NONE', #7750, #5301, #9593, .T. ) ;
#776 = CIRCLE ( 'NONE', #2059, 1.699999999999979305 ) ;
#777 = CARTESIAN_POINT ( 'NONE',  ( 26.93870204447397398, 37.99023488137319049, 7.400000000000000355 ) ) ;
#778 = FACE_OUTER_BOUND ( 'NONE', #8500, .T. ) ;
#779 = CARTESIAN_POINT ( 'NONE',  ( 33.85907471738186558, 56.37470916941907007, 10.00000000000000000 ) ) ;
#780 = ORIENTED_EDGE ( 'NONE', *, *, #2996, .F. ) ;
#781 = ORIENTED_EDGE ( 'NONE', *, *, #3325, .F. ) ;
#782 = CARTESIAN_POINT ( 'NONE',  ( 23.77356091487909495, 59.97470916941908570, 0.000000000000000000 ) ) ;
#783 = VERTEX_POINT ( 'NONE', #5050 ) ;
#784 = VECTOR ( 'NONE', #3223, 1000.000000000000000 ) ;
#785 = ORIENTED_EDGE ( 'NONE', *, *, #1739, .F. ) ;
#786 = FACE_OUTER_BOUND ( 'NONE', #3594, .T. ) ;
#787 = DIRECTION ( 'NONE',  ( 0.000000000000000000, -1.000000000000000000, 0.000000000000000000 ) ) ;
#788 = DIRECTION ( 'NONE',  ( -0.7071067811865453523, 0.7071067811865497932, 0.000000000000000000 ) ) ;
#789 = ADVANCED_FACE ( 'NONE', ( #7167 ), #1182, .F. ) ;
#790 = VECTOR ( 'NONE', #5009, 999.9999999999998863 ) ;
#791 = ORIENTED_EDGE ( 'NONE', *, *, #5845, .T. ) ;
#792 = ORIENTED_EDGE ( 'NONE', *, *, #9084, .T. ) ;
#793 = PLANE ( 'NONE',  #5214 ) ;
#794 = ORIENTED_EDGE ( 'NONE', *, *, #9443, .T. ) ;
#795 = AXIS2_PLACEMENT_3D ( 'NONE', #9715, #2778, #349 ) ;
#796 = EDGE_CURVE ( 'NONE', #6904, #5331, #7977, .T. ) ;
#797 = EDGE_CURVE ( 'NONE', #1934, #6079, #273, .T. ) ;
#798 = ORIENTED_EDGE ( 'NONE', *, *, #6644, .F. ) ;
#799 = EDGE_CURVE ( 'NONE', #4954, #8749, #220, .T. ) ;
#800 = CARTESIAN_POINT ( 'NONE',  ( 32.14653210253800353, 34.88980021391638076, 3.399999999999983036 ) ) ;
#801 = DIRECTION ( 'NONE',  ( -1.000000000000000000, 0.000000000000000000, 0.000000000000000000 ) ) ;
#802 = DIRECTION ( 'NONE',  ( 1.000000000000000000, 0.000000000000000000, 0.000000000000000000 ) ) ;
#803 = ORIENTED_EDGE ( 'NONE', *, *, #4166, .T. ) ;
#804 = EDGE_LOOP ( 'NONE', ( #4506, #6170, #5902, #7863 ) ) ;
#805 = AXIS2_PLACEMENT_3D ( 'NONE', #9425, #5342, #7005 ) ;
#806 = DIRECTION ( 'NONE',  ( 0.7071067811867248754, -0.7071067811863702701, 0.000000000000000000 ) ) ;
#807 = ORIENTED_EDGE ( 'NONE', *, *, #1800, .F. ) ;
#808 = LINE ( 'NONE', #2932, #9273 ) ;
#809 = EDGE_CURVE ( 'NONE', #3418, #8389, #4186, .T. ) ;
#810 = ADVANCED_FACE ( 'NONE', ( #7217 ), #6368, .T. ) ;
#811 = DIRECTION ( 'NONE',  ( 0.000000000000000000, -1.000000000000000000, 0.000000000000000000 ) ) ;
#812 = DIRECTION ( 'NONE',  ( 0.8660254037844385966, -0.5000000000000000000, 0.000000000000000000 ) ) ;
#813 = CARTESIAN_POINT ( 'NONE',  ( 33.66683757335898974, 42.18247202539615159, 7.400000000000000355 ) ) ;
#814 = CARTESIAN_POINT ( 'NONE',  ( 73.28236328531281174, 21.79799773735025781, 10.00000000000000000 ) ) ;
#815 = EDGE_LOOP ( 'NONE', ( #848, #3748, #8446, #4464 ) ) ;
#816 = VECTOR ( 'NONE', #6706, 1000.000000000000114 ) ;
#817 = PLANE ( 'NONE',  #5724 ) ;
#818 = ORIENTED_EDGE ( 'NONE', *, *, #8945, .T. ) ;
#819 = ORIENTED_EDGE ( 'NONE', *, *, #3311, .F. ) ;
#820 = DIRECTION ( 'NONE',  ( 0.000000000000000000, -1.000000000000000000, 0.000000000000000000 ) ) ;
#821 = DIRECTION ( 'NONE',  ( -0.000000000000000000, -0.000000000000000000, -1.000000000000000000 ) ) ;
#822 = ADVANCED_FACE ( 'NONE', ( #4997 ), #8083, .F. ) ;
#823 = CARTESIAN_POINT ( 'NONE',  ( 76.16692151384303600, 56.44252476504900073, 10.00000000000000000 ) ) ;
#824 = DIRECTION ( 'NONE',  ( -0.000000000000000000, -0.000000000000000000, -1.000000000000000000 ) ) ;
#825 = LINE ( 'NONE', #8322, #2372 ) ;
#826 = CARTESIAN_POINT ( 'NONE',  ( 20.21056651558895112, 25.79799773735024004, 10.00000000000000000 ) ) ;
#827 = FACE_OUTER_BOUND ( 'NONE', #2058, .T. ) ;
#828 = ORIENTED_EDGE ( 'NONE', *, *, #8100, .T. ) ;
#829 = ORIENTED_EDGE ( 'NONE', *, *, #6374, .F. ) ;
#830 = CARTESIAN_POINT ( 'NONE',  ( 30.40280365961172038, 31.99023488137319760, 10.00000000000000000 ) ) ;
#831 = ORIENTED_EDGE ( 'NONE', *, *, #9140, .F. ) ;
#832 = EDGE_CURVE ( 'NONE', #2147, #8052, #5600, .T. ) ;
#833 = EDGE_CURVE ( 'NONE', #4995, #9594, #6568, .T. ) ;
#834 = VERTEX_POINT ( 'NONE', #6669 ) ;
#835 = CARTESIAN_POINT ( 'NONE',  ( 57.32317633251940947, 50.37470916941909138, 7.400000000000000355 ) ) ;
#836 = CARTESIAN_POINT ( 'NONE',  ( 77.86692151384301042, 56.44252476504900073, 10.00099999999999945 ) ) ;
#837 = DIRECTION ( 'NONE',  ( 0.8660254037844385966, -0.5000000000000000000, 0.000000000000000000 ) ) ;
#838 = LINE ( 'NONE', #6923, #8204 ) ;
#839 = ORIENTED_EDGE ( 'NONE', *, *, #8185, .T. ) ;
#840 = ORIENTED_EDGE ( 'NONE', *, *, #8249, .F. ) ;
#841 = PLANE ( 'NONE',  #845 ) ;
#842 = VERTEX_POINT ( 'NONE', #2194 ) ;
#843 = ADVANCED_FACE ( 'NONE', ( #4430 ), #6058, .F. ) ;
#844 = CARTESIAN_POINT ( 'NONE',  ( 40.59504080363448963, 46.18247202539613028, 10.00000000000000000 ) ) ;
#845 = AXIS2_PLACEMENT_3D ( 'NONE', #2412, #6120, #3071 ) ;
#846 = DIRECTION ( 'NONE',  ( 0.000000000000000000, 0.000000000000000000, -1.000000000000000000 ) ) ;
#847 = CARTESIAN_POINT ( 'NONE',  ( 30.40280365961172038, 31.99023488137319760, 7.400000000000000355 ) ) ;
#848 = ORIENTED_EDGE ( 'NONE', *, *, #3470, .T. ) ;
#849 = ORIENTED_EDGE ( 'NONE', *, *, #9147, .F. ) ;
#850 = DIRECTION ( 'NONE',  ( -0.7071067811863702701, -0.7071067811867248754, 0.000000000000000000 ) ) ;
#851 = ORIENTED_EDGE ( 'NONE', *, *, #2966, .T. ) ;
#852 = EDGE_CURVE ( 'NONE', #4298, #8620, #5903, .T. ) ;
#853 = EDGE_CURVE ( 'NONE', #9037, #8834, #2855, .T. ) ;
#854 = CARTESIAN_POINT ( 'NONE',  ( -3.469446951953614189E-14, 58.33397611666537586, 4.000000000000000000 ) ) ;
#855 = AXIS2_PLACEMENT_3D ( 'NONE', #4384, #1440, #7462 ) ;
#856 = CARTESIAN_POINT ( 'NONE',  ( 54.42884860408192793, 27.75317541498460372, -10.67514906227531313 ) ) ;
#857 = PLANE ( 'NONE',  #8695 ) ;
#858 = DIRECTION ( 'NONE',  ( -0.5000000000000001110, -0.8660254037844387076, 0.000000000000000000 ) ) ;
#859 = VECTOR ( 'NONE', #9819, 1000.000000000000000 ) ;
#860 = CARTESIAN_POINT ( 'NONE',  ( 64.56983569344401985, 40.61884720954800088, 3.399999999999996803 ) ) ;
#861 = ORIENTED_EDGE ( 'NONE', *, *, #5599, .F. ) ;
#862 = ADVANCED_FACE ( 'NONE', ( #5956 ), #5854, .F. ) ;
#863 = LINE ( 'NONE', #9270, #4904 ) ;
#864 = ORIENTED_EDGE ( 'NONE', *, *, #4963, .F. ) ;
#865 = ORIENTED_EDGE ( 'NONE', *, *, #7716, .T. ) ;
#866 = VECTOR ( 'NONE', #1901, 1000.000000000000000 ) ;
#867 = DIRECTION ( 'NONE',  ( 0.000000000000000000, -1.000000000000000000, 0.000000000000000000 ) ) ;
#868 = CARTESIAN_POINT ( 'NONE',  ( 46.93870204447377148, 29.99023488137320115, 7.400000000000000355 ) ) ;
#869 = CARTESIAN_POINT ( 'NONE',  ( 73.66683757335856342, 42.18247202539615159, 7.400000000000000355 ) ) ;
#870 = PLANE ( 'NONE',  #2867 ) ;
#871 = DIRECTION ( 'NONE',  ( -0.000000000000000000, -0.000000000000000000, -1.000000000000000000 ) ) ;
#872 = PLANE ( 'NONE',  #3538 ) ;
#873 = DIRECTION ( 'NONE',  ( -0.000000000000000000, -0.000000000000000000, 1.000000000000000000 ) ) ;
#874 = ADVANCED_FACE ( 'NONE', ( #4536 ), #4336, .F. ) ;
#875 = ORIENTED_EDGE ( 'NONE', *, *, #3666, .T. ) ;
#876 = ORIENTED_EDGE ( 'NONE', *, *, #5711, .T. ) ;
#877 = DIRECTION ( 'NONE',  ( 0.8660254037844384856, 0.5000000000000002220, 0.000000000000000000 ) ) ;
#878 = ORIENTED_EDGE ( 'NONE', *, *, #3204, .F. ) ;
#879 = ORIENTED_EDGE ( 'NONE', *, *, #8694, .F. ) ;
#880 = EDGE_CURVE ( 'NONE', #4044, #4545, #5093, .T. ) ;
#881 = FACE_OUTER_BOUND ( 'NONE', #2030, .T. ) ;
#882 = FACE_OUTER_BOUND ( 'NONE', #5904, .T. ) ;
#883 = CARTESIAN_POINT ( 'NONE',  ( 0.007098098182035939008, 57.66626307465578805, 0.000000000000000000 ) ) ;
#884 = FACE_OUTER_BOUND ( 'NONE', #97, .T. ) ;
#885 = EDGE_CURVE ( 'NONE', #6027, #3405, #5290, .T. ) ;
#886 = ORIENTED_EDGE ( 'NONE', *, *, #5201, .T. ) ;
#887 = EDGE_LOOP ( 'NONE', ( #9855, #3745, #9111, #1464 ) ) ;
#888 = CARTESIAN_POINT ( 'NONE',  ( 56.93870204447366490, 29.99023488137320115, 7.400000000000000355 ) ) ;
#889 = ORIENTED_EDGE ( 'NONE', *, *, #1406, .F. ) ;
#890 = DIRECTION ( 'NONE',  ( 0.7086689616036382366, 0.7055411418617776320, 0.000000000000000000 ) ) ;
#891 = CARTESIAN_POINT ( 'NONE',  ( 64.56983569344401985, 40.61884720954800088, 3.399999999999996803 ) ) ;
#892 = VECTOR ( 'NONE', #8927, 1000.000000000000000 ) ;
#893 = LINE ( 'NONE', #5410, #2393 ) ;
#894 = CARTESIAN_POINT ( 'NONE',  ( 77.98218423212628636, 59.97470916941927044, 10.00000000000000000 ) ) ;
#895 = ORIENTED_EDGE ( 'NONE', *, *, #2801, .F. ) ;
#896 = ORIENTED_EDGE ( 'NONE', *, *, #1280, .F. ) ;
#897 = CARTESIAN_POINT ( 'NONE',  ( 17.46155956311902813, 6.186614173228023539, 10.00099999999999945 ) ) ;
#898 = EDGE_LOOP ( 'NONE', ( #5954, #6661, #6157, #9597, #5492, #1461, #9361, #2467, #8086, #4103, #2659, #6531 ) ) ;
#899 = EDGE_CURVE ( 'NONE', #8892, #6027, #5239, .T. ) ;
#900 = VECTOR ( 'NONE', #8960, 999.9999999999998863 ) ;
#901 = DIRECTION ( 'NONE',  ( 0.000000000000000000, 0.000000000000000000, 1.000000000000000000 ) ) ;
#902 = LINE ( 'NONE', #8601, #9662 ) ;
#903 = EDGE_CURVE ( 'NONE', #3958, #7782, #3657, .T. ) ;
#904 = EDGE_CURVE ( 'NONE', #1390, #7946, #1378, .T. ) ;
#905 = DIRECTION ( 'NONE',  ( 1.000000000000000000, 0.000000000000000000, -0.000000000000000000 ) ) ;
#906 = VECTOR ( 'NONE', #371, 1000.000000000000000 ) ;
#907 = VECTOR ( 'NONE', #7226, 1000.000000000000227 ) ;
#908 = CARTESIAN_POINT ( 'NONE',  ( 5.000000000000903277, 57.98214359204602175, 10.00000000000000000 ) ) ;
#909 = ORIENTED_EDGE ( 'NONE', *, *, #3187, .T. ) ;
#910 = CARTESIAN_POINT ( 'NONE',  ( 10.59981128446159460, 12.01402484683418415, 4.000000000000000000 ) ) ;
#911 = VERTEX_POINT ( 'NONE', #430 ) ;
#912 = VECTOR ( 'NONE', #3340, 1000.000000000000000 ) ;
#913 = ORIENTED_EDGE ( 'NONE', *, *, #3944, .F. ) ;
#914 = VECTOR ( 'NONE', #871, 1000.000000000000000 ) ;
#915 = DIRECTION ( 'NONE',  ( -0.8660254037844381525, 0.5000000000000007772, 0.000000000000000000 ) ) ;
#916 = LINE ( 'NONE', #4007, #3012 ) ;
#917 = PLANE ( 'NONE',  #2836 ) ;
#918 = CARTESIAN_POINT ( 'NONE',  ( 30.40280365961172038, 35.99023488137318338, 10.00000000000000000 ) ) ;
#919 = EDGE_CURVE ( 'NONE', #1180, #6776, #9033, .T. ) ;
#920 = FACE_OUTER_BOUND ( 'NONE', #2500, .T. ) ;
#921 = CARTESIAN_POINT ( 'NONE',  ( 13.66683757335920113, 46.18247202539612317, 7.400000000000000355 ) ) ;
#922 = VERTEX_POINT ( 'NONE', #5192 ) ;
#923 = CARTESIAN_POINT ( 'NONE',  ( 10.27348423527721799, 45.25038475940630889, 6.000000000000000000 ) ) ;
#924 = AXIS2_PLACEMENT_3D ( 'NONE', #3153, #4737, #7271 ) ;
#925 = AXIS2_PLACEMENT_3D ( 'NONE', #2428, #3233, #5521 ) ;
#926 = LINE ( 'NONE', #1682, #21 ) ;
#927 = ORIENTED_EDGE ( 'NONE', *, *, #7016, .F. ) ;
#928 = DIRECTION ( 'NONE',  ( 0.8660254037844385966, -0.5000000000000000000, 0.000000000000000000 ) ) ;
#929 = ORIENTED_EDGE ( 'NONE', *, *, #9545, .F. ) ;
#930 = ORIENTED_EDGE ( 'NONE', *, *, #2857, .T. ) ;
#931 = DIRECTION ( 'NONE',  ( 0.8660254037844384856, 0.5000000000000002220, 0.000000000000000000 ) ) ;
#932 = VECTOR ( 'NONE', #1877, 1000.000000000000000 ) ;
#933 = CARTESIAN_POINT ( 'NONE',  ( 78.03203064794003296, 52.35311032234201889, 0.000000000000000000 ) ) ;
#934 = VECTOR ( 'NONE', #8579, 1000.000000000000114 ) ;
#935 = FACE_OUTER_BOUND ( 'NONE', #942, .T. ) ;
#936 = ORIENTED_EDGE ( 'NONE', *, *, #1335, .F. ) ;
#937 = ORIENTED_EDGE ( 'NONE', *, *, #9545, .T. ) ;
#938 = AXIS2_PLACEMENT_3D ( 'NONE', #4257, #3481, #5828 ) ;
#939 = DIRECTION ( 'NONE',  ( 1.000000000000000000, -0.000000000000000000, 0.000000000000000000 ) ) ;
#940 = EDGE_LOOP ( 'NONE', ( #8697, #781, #9286, #3602 ) ) ;
#941 = EDGE_LOOP ( 'NONE', ( #5855, #2155, #7658, #5467 ) ) ;
#942 = EDGE_LOOP ( 'NONE', ( #3076, #3045, #9109, #7378 ) ) ;
#943 = ADVANCED_FACE ( 'NONE', ( #2043 ), #1282, .F. ) ;
#944 = DIRECTION ( 'NONE',  ( 0.8660254037844384856, 0.5000000000000002220, 0.000000000000000000 ) ) ;
#945 = CARTESIAN_POINT ( 'NONE',  ( 13.09012614129057717, 15.60576059332728605, 7.400000000000000355 ) ) ;
#946 = AXIS2_PLACEMENT_3D ( 'NONE', #7258, #8767, #4114 ) ;
#947 = CARTESIAN_POINT ( 'NONE',  ( 3.666837573359307267, 42.18247202539615159, 7.400000000000000355 ) ) ;
#948 = CARTESIAN_POINT ( 'NONE',  ( 76.74646490045057590, 27.79799773735024004, 10.00000000000000000 ) ) ;
#949 = LINE ( 'NONE', #894, #9520 ) ;
#950 = VERTEX_POINT ( 'NONE', #6764 ) ;
#951 = EDGE_CURVE ( 'NONE', #9384, #8682, #529, .T. ) ;
#952 = EDGE_LOOP ( 'NONE', ( #5913, #7540, #9122, #7672, #5276, #5116 ) ) ;
#953 = DIRECTION ( 'NONE',  ( -0.000000000000000000, -0.000000000000000000, 1.000000000000000000 ) ) ;
#954 = ORIENTED_EDGE ( 'NONE', *, *, #4614, .F. ) ;
#955 = AXIS2_PLACEMENT_3D ( 'NONE', #4710, #8603, #2576 ) ;
#956 = LINE ( 'NONE', #7895, #9790 ) ;
#957 = CARTESIAN_POINT ( 'NONE',  ( 0.000000000000000000, 0.000000000000000000, 0.000000000000000000 ) ) ;
#958 = AXIS2_PLACEMENT_3D ( 'NONE', #4855, #6332, #7936 ) ;
#959 = CARTESIAN_POINT ( 'NONE',  ( 3.474600429336432317, 31.99023488137320470, 7.400000000000000355 ) ) ;
#960 = DIRECTION ( 'NONE',  ( 0.000000000000000000, -1.000000000000000000, 0.000000000000000000 ) ) ;
#961 = EDGE_LOOP ( 'NONE', ( #4469, #3385, #7731, #2838, #8822, #8122 ) ) ;
#962 = CARTESIAN_POINT ( 'NONE',  ( 23.47460042933622049, 31.99023488137320470, 10.00000000000000000 ) ) ;
#963 = ORIENTED_EDGE ( 'NONE', *, *, #6328, .F. ) ;
#964 = CARTESIAN_POINT ( 'NONE',  ( 17.13093918849695640, 48.18247202539613028, 7.400000000000000355 ) ) ;
#965 = CARTESIAN_POINT ( 'NONE',  ( 50.59504080363439016, 46.18247202539613028, 10.00000000000000000 ) ) ;
#966 = DIRECTION ( 'NONE',  ( -0.5000000000000016653, 0.8660254037844377084, 0.000000000000000000 ) ) ;
#967 = DIRECTION ( 'NONE',  ( 0.8660254037844385966, -0.5000000000000000000, 0.000000000000000000 ) ) ;
#968 = PLANE ( 'NONE',  #1068 ) ;
#969 = CARTESIAN_POINT ( 'NONE',  ( 59.74084972657723824, 30.61190122397092495, 1.109997883926998163 ) ) ;
#970 = VECTOR ( 'NONE', #8164, 1000.000000000000000 ) ;
#971 = LINE ( 'NONE', #257, #2774 ) ;
#972 = ORIENTED_EDGE ( 'NONE', *, *, #3440, .T. ) ;
#973 = CARTESIAN_POINT ( 'NONE',  ( 67.32317633251929578, 58.37470916941907717, 7.400000000000000355 ) ) ;
#974 = EDGE_LOOP ( 'NONE', ( #9433, #3427, #4711, #83 ) ) ;
#975 = EDGE_CURVE ( 'NONE', #8494, #8174, #9847, .T. ) ;
#976 = EDGE_CURVE ( 'NONE', #8098, #6983, #9086, .T. ) ;
#977 = EDGE_LOOP ( 'NONE', ( #401, #3824, #6572, #9452 ) ) ;
#978 = AXIS2_PLACEMENT_3D ( 'NONE', #9747, #9797, #2811 ) ;
#979 = DIRECTION ( 'NONE',  ( 0.9999999924245159821, -0.0001230892683151790215, 0.000000000000000000 ) ) ;
#980 = PLANE ( 'NONE',  #7565 ) ;
#981 = DIRECTION ( 'NONE',  ( -0.7071067811865600072, 0.7071067811865350272, 0.000000000000000000 ) ) ;
#982 = DIRECTION ( 'NONE',  ( 1.000000000000000000, -0.000000000000000000, -0.000000000000000000 ) ) ;
#983 = VERTEX_POINT ( 'NONE', #9895 ) ;
#984 = EDGE_LOOP ( 'NONE', ( #6970, #3922, #5322, #717 ) ) ;
#985 = CYLINDRICAL_SURFACE ( 'NONE', #9902, 1.699999999999979305 ) ;
#986 = ORIENTED_EDGE ( 'NONE', *, *, #6537, .T. ) ;
#987 = ADVANCED_FACE ( 'NONE', ( #2956 ), #6622, .F. ) ;
#988 = ORIENTED_EDGE ( 'NONE', *, *, #9985, .F. ) ;
#989 = CARTESIAN_POINT ( 'NONE',  ( 18.01060500309818835, 0.000000000000000000, 4.000000000000000000 ) ) ;
#990 = LINE ( 'NONE', #3370, #4962 ) ;
#991 = CARTESIAN_POINT ( 'NONE',  ( 56.93870204447366490, 29.99023488137320115, 10.00000000000000000 ) ) ;
#992 = CARTESIAN_POINT ( 'NONE',  ( 70.21056651558843953, 22.97418548026170626, 10.00000000000000000 ) ) ;
#993 = VECTOR ( 'NONE', #953, 1000.000000000000000 ) ;
#994 = CARTESIAN_POINT ( 'NONE',  ( 12.01402484683469041, 0.000000000000000000, 4.000000000000000000 ) ) ;
#995 = EDGE_CURVE ( 'NONE', #10019, #4015, #5442, .T. ) ;
#996 = ORIENTED_EDGE ( 'NONE', *, *, #8217, .F. ) ;
#997 = ORIENTED_EDGE ( 'NONE', *, *, #9924, .T. ) ;
#998 = DIRECTION ( 'NONE',  ( 0.8660254037844384856, 0.5000000000000002220, 0.000000000000000000 ) ) ;
#999 = ORIENTED_EDGE ( 'NONE', *, *, #4110, .T. ) ;
#1000 = PLANE ( 'NONE',  #4462 ) ;
#1001 = LINE ( 'NONE', #5475, #7725 ) ;
#1002 = PLANE ( 'NONE',  #5941 ) ;
#1003 = PLANE ( 'NONE',  #5651 ) ;
#1004 = ADVANCED_FACE ( 'NONE', ( #5393 ), #3061, .F. ) ;
#1005 = ORIENTED_EDGE ( 'NONE', *, *, #7962, .T. ) ;
#1006 = AXIS2_PLACEMENT_3D ( 'NONE', #6713, #9134, #1231 ) ;
#1007 = CARTESIAN_POINT ( 'NONE',  ( 0.000000000000000000, 0.000000000000000000, 7.400000000000000355 ) ) ;
#1008 = ORIENTED_EDGE ( 'NONE', *, *, #3904, .T. ) ;
#1009 = DIRECTION ( 'NONE',  ( -0.8660254037844373753, -0.5000000000000021094, 0.000000000000000000 ) ) ;
#1010 = DIRECTION ( 'NONE',  ( 0.000000000000000000, 1.000000000000000000, 0.000000000000000000 ) ) ;
#1011 = CARTESIAN_POINT ( 'NONE',  ( 65.34807733323546586, 45.95871309031685570, 5.000000000000000000 ) ) ;
#1012 = VECTOR ( 'NONE', #9235, 1000.000000000000000 ) ;
#1013 = LINE ( 'NONE', #8764, #604 ) ;
#1014 = DIRECTION ( 'NONE',  ( -0.000000000000000000, -0.000000000000000000, 1.000000000000000000 ) ) ;
#1015 = LINE ( 'NONE', #4165, #142 ) ;
#1016 = ORIENTED_EDGE ( 'NONE', *, *, #4987, .T. ) ;
#1017 = DIRECTION ( 'NONE',  ( -0.000000000000000000, -0.000000000000000000, 1.000000000000000000 ) ) ;
#1018 = FACE_OUTER_BOUND ( 'NONE', #3335, .T. ) ;
#1019 = VERTEX_POINT ( 'NONE', #3813 ) ;
#1020 = CARTESIAN_POINT ( 'NONE',  ( 66.93870204447355832, 37.99023488137319049, 10.00000000000000000 ) ) ;
#1021 = AXIS2_PLACEMENT_3D ( 'NONE', #1007, #9517, #148 ) ;
#1022 = ORIENTED_EDGE ( 'NONE', *, *, #1049, .F. ) ;
#1023 = ORIENTED_EDGE ( 'NONE', *, *, #6871, .T. ) ;
#1024 = DIRECTION ( 'NONE',  ( -0.000000000000000000, -0.000000000000000000, 1.000000000000000000 ) ) ;
#1025 = CARTESIAN_POINT ( 'NONE',  ( 40.59504080363448963, 42.18247202539614449, 10.00000000000000000 ) ) ;
#1026 = FACE_OUTER_BOUND ( 'NONE', #2016, .T. ) ;
#1027 = LINE ( 'NONE', #1642, #4806 ) ;
#1028 = EDGE_CURVE ( 'NONE', #4385, #6691, #2470, .T. ) ;
#1029 = ORIENTED_EDGE ( 'NONE', *, *, #6190, .T. ) ;
#1030 = VERTEX_POINT ( 'NONE', #6108 ) ;
#1031 = DIRECTION ( 'NONE',  ( -1.000000000000000000, 0.000000000000000000, 0.000000000000000000 ) ) ;
#1032 = ORIENTED_EDGE ( 'NONE', *, *, #1871, .F. ) ;
#1033 = DIRECTION ( 'NONE',  ( -0.000000000000000000, -0.000000000000000000, 1.000000000000000000 ) ) ;
#1034 = VERTEX_POINT ( 'NONE', #9186 ) ;
#1035 = LINE ( 'NONE', #6474, #5078 ) ;
#1036 = LINE ( 'NONE', #1091, #4801 ) ;
#1037 = CARTESIAN_POINT ( 'NONE',  ( 18.61060500309818977, 30.68592075184099599, 1.109999999999998099 ) ) ;
#1038 = DIRECTION ( 'NONE',  ( -0.000000000000000000, 0.000000000000000000, 1.000000000000000000 ) ) ;
#1039 = EDGE_CURVE ( 'NONE', #4286, #1694, #2446, .T. ) ;
#1040 = CARTESIAN_POINT ( 'NONE',  ( 13.09012614129057717, 11.60576059332731091, 10.00000000000000000 ) ) ;
#1041 = ORIENTED_EDGE ( 'NONE', *, *, #832, .T. ) ;
#1042 = ORIENTED_EDGE ( 'NONE', *, *, #8665, .F. ) ;
#1043 = LINE ( 'NONE', #2567, #525 ) ;
#1044 = ORIENTED_EDGE ( 'NONE', *, *, #1839, .T. ) ;
#1045 = AXIS2_PLACEMENT_3D ( 'NONE', #7268, #6512, #8973 ) ;
#1046 = DIRECTION ( 'NONE',  ( -0.000000000000000000, -0.000000000000000000, 1.000000000000000000 ) ) ;
#1047 = DIRECTION ( 'NONE',  ( -0.8660254037844375974, -0.5000000000000016653, 0.000000000000000000 ) ) ;
#1048 = DIRECTION ( 'NONE',  ( -0.000000000000000000, 0.000000000000000000, 1.000000000000000000 ) ) ;
#1049 = EDGE_CURVE ( 'NONE', #2809, #5781, #2251, .T. ) ;
#1050 = LINE ( 'NONE', #5830, #2083 ) ;
#1051 = ORIENTED_EDGE ( 'NONE', *, *, #2454, .F. ) ;
#1052 = VECTOR ( 'NONE', #5434, 1000.000000000000000 ) ;
#1053 = FACE_OUTER_BOUND ( 'NONE', #507, .T. ) ;
#1054 = VERTEX_POINT ( 'NONE', #7057 ) ;
#1055 = EDGE_CURVE ( 'NONE', #4813, #7821, #2350, .T. ) ;
#1056 = LINE ( 'NONE', #303, #8541 ) ;
#1057 = PLANE ( 'NONE',  #6903 ) ;
#1058 = VECTOR ( 'NONE', #7184, 1000.000000000000000 ) ;
#1059 = LINE ( 'NONE', #4975, #9146 ) ;
#1060 = DIRECTION ( 'NONE',  ( 0.000000000000000000, -1.000000000000000000, 0.000000000000000000 ) ) ;
#1061 = FACE_OUTER_BOUND ( 'NONE', #7862, .T. ) ;
#1062 = CARTESIAN_POINT ( 'NONE',  ( 64.56983569344401985, 40.61884720954800088, 0.3999999999999975797 ) ) ;
#1063 = CARTESIAN_POINT ( 'NONE',  ( 47.13093918849664732, 40.18247202539614449, 7.400000000000000355 ) ) ;
#1064 = CARTESIAN_POINT ( 'NONE',  ( 5.000000000000031974, 16.70842677977136503, 10.00000000000000000 ) ) ;
#1065 = CARTESIAN_POINT ( 'NONE',  ( 30.78727794765747205, 56.37470916941907717, 10.00000000000000000 ) ) ;
#1066 = ORIENTED_EDGE ( 'NONE', *, *, #4136, .T. ) ;
#1067 = VECTOR ( 'NONE', #8057, 1000.000000000000227 ) ;
#1068 = AXIS2_PLACEMENT_3D ( 'NONE', #2487, #5488, #4722 ) ;
#1069 = CARTESIAN_POINT ( 'NONE',  ( 78.02984732797568768, 28.93771831048097454, 4.000000000000000000 ) ) ;
#1070 = VERTEX_POINT ( 'NONE', #8524 ) ;
#1071 = EDGE_LOOP ( 'NONE', ( #2009, #5865, #8279, #4548 ) ) ;
#1072 = EDGE_CURVE ( 'NONE', #241, #8878, #1536, .T. ) ;
#1073 = CARTESIAN_POINT ( 'NONE',  ( 6.746464900451314861, 19.79799773735025425, 7.400000000000000355 ) ) ;
#1074 = CARTESIAN_POINT ( 'NONE',  ( 60.21056651558853190, 23.35317541498460514, 7.400000000000000355 ) ) ;
#1075 = PLANE ( 'NONE',  #8175 ) ;
#1076 = LINE ( 'NONE', #1836, #9171 ) ;
#1077 = VECTOR ( 'NONE', #4025, 1000.000000000000000 ) ;
#1078 = AXIS2_PLACEMENT_3D ( 'NONE', #698, #2875, #2113 ) ;
#1079 = ORIENTED_EDGE ( 'NONE', *, *, #7656, .T. ) ;
#1080 = ORIENTED_EDGE ( 'NONE', *, *, #2082, .F. ) ;
#1081 = CARTESIAN_POINT ( 'NONE',  ( 0.000000000000000000, 0.000000000000000000, 0.9599999985689978699 ) ) ;
#1082 = VERTEX_POINT ( 'NONE', #6158 ) ;
#1083 = AXIS2_PLACEMENT_3D ( 'NONE', #8870, #1932, #1163 ) ;
#1084 = CARTESIAN_POINT ( 'NONE',  ( 20.40280365961182696, 35.99023488137318338, 10.00000000000000000 ) ) ;
#1085 = ORIENTED_EDGE ( 'NONE', *, *, #5446, .T. ) ;
#1086 = VECTOR ( 'NONE', #9782, 1000.000000000000227 ) ;
#1087 = CARTESIAN_POINT ( 'NONE',  ( 73.47460042933569468, 31.99023488137320470, 7.400000000000000355 ) ) ;
#1088 = EDGE_CURVE ( 'NONE', #2046, #2525, #6917, .T. ) ;
#1089 = EDGE_CURVE ( 'NONE', #7689, #842, #8429, .T. ) ;
#1090 = CARTESIAN_POINT ( 'NONE',  ( 26.93870204447397398, 37.99023488137319049, 7.400000000000000355 ) ) ;
#1091 = CARTESIAN_POINT ( 'NONE',  ( 70.59504080363419121, 42.18247202539614449, 10.00000000000000000 ) ) ;
#1092 = DIRECTION ( 'NONE',  ( 0.8660254037844385966, -0.5000000000000000000, 0.000000000000000000 ) ) ;
#1093 = CARTESIAN_POINT ( 'NONE',  ( 30.78727794765747205, 56.37470916941907717, 7.400000000000000355 ) ) ;
#1094 = VECTOR ( 'NONE', #3023, 999.9999999999998863 ) ;
#1095 = VECTOR ( 'NONE', #9373, 1000.000000000000227 ) ;
#1096 = DIRECTION ( 'NONE',  ( 0.7100637267678131526, 0.7041374183556817767, 0.000000000000000000 ) ) ;
#1097 = ORIENTED_EDGE ( 'NONE', *, *, #9795, .T. ) ;
#1098 = ORIENTED_EDGE ( 'NONE', *, *, #7434, .T. ) ;
#1099 = CARTESIAN_POINT ( 'NONE',  ( 8.537836594548677382, -8.537836594548677382, 4.000000000000000000 ) ) ;
#1100 = ORIENTED_EDGE ( 'NONE', *, *, #2851, .F. ) ;
#1101 = EDGE_CURVE ( 'NONE', #4512, #7483, #8477, .T. ) ;
#1102 = EDGE_CURVE ( 'NONE', #2827, #3593, #7721, .T. ) ;
#1103 = VECTOR ( 'NONE', #206, 1000.000000000000000 ) ;
#1104 = EDGE_CURVE ( 'NONE', #5666, #8738, #3103, .T. ) ;
#1105 = CARTESIAN_POINT ( 'NONE',  ( 77.13093918849631336, 40.18247202539614449, 7.400000000000000355 ) ) ;
#1106 = CARTESIAN_POINT ( 'NONE',  ( 6.992565577374029395, 5.000000000000023093, 10.00000000000000000 ) ) ;
#1107 = CARTESIAN_POINT ( 'NONE',  ( 77.13093918849631336, 40.18247202539614449, 10.00000000000000000 ) ) ;
#1108 = LINE ( 'NONE', #2676, #2408 ) ;
#1109 = VERTEX_POINT ( 'NONE', #6205 ) ;
#1110 = VECTOR ( 'NONE', #9667, 1000.000000000000000 ) ;
#1111 = EDGE_CURVE ( 'NONE', #1685, #1331, #9285, .T. ) ;
#1112 = DIRECTION ( 'NONE',  ( 0.000000000000000000, -1.000000000000000000, 0.000000000000000000 ) ) ;
#1113 = VERTEX_POINT ( 'NONE', #3202 ) ;
#1114 = ADVANCED_FACE ( 'NONE', ( #4679 ), #3912, .T. ) ;
#1115 = CARTESIAN_POINT ( 'NONE',  ( 20.40280365961182696, 31.99023488137319760, 10.00000000000000000 ) ) ;
#1116 = VECTOR ( 'NONE', #7665, 1000.000000000000000 ) ;
#1117 = FACE_OUTER_BOUND ( 'NONE', #4555, .T. ) ;
#1118 = DIRECTION ( 'NONE',  ( 0.000000000000000000, 1.000000000000000000, 0.000000000000000000 ) ) ;
#1119 = PLANE ( 'NONE',  #6927 ) ;
#1120 = LINE ( 'NONE', #9724, #7544 ) ;
#1121 =( LENGTH_UNIT ( ) NAMED_UNIT ( * ) SI_UNIT ( .MILLI., .METRE. ) );
#1122 = CARTESIAN_POINT ( 'NONE',  ( 30.40280365961172038, 35.99023488137318338, 7.400000000000000355 ) ) ;
#1123 = CARTESIAN_POINT ( 'NONE',  ( 7.130939188497064762, 40.18247202539614449, 7.400000000000000355 ) ) ;
#1124 = ORIENTED_EDGE ( 'NONE', *, *, #5969, .T. ) ;
#1125 = CARTESIAN_POINT ( 'NONE',  ( 5.875044450089777825, 53.13706121412302252, 10.00099999999999945 ) ) ;
#1126 = LINE ( 'NONE', #6557, #537 ) ;
#1127 = ORIENTED_EDGE ( 'NONE', *, *, #5706, .T. ) ;
#1128 = ORIENTED_EDGE ( 'NONE', *, *, #9678, .T. ) ;
#1129 = LINE ( 'NONE', #4177, #3400 ) ;
#1130 = DIRECTION ( 'NONE',  ( -1.000000000000000000, 0.000000000000000000, -0.000000000000000000 ) ) ;
#1131 = DIRECTION ( 'NONE',  ( 0.5773502691896212902, -0.5773502691896212902, -0.5773502691896346128 ) ) ;
#1132 = DIRECTION ( 'NONE',  ( -0.000000000000000000, 0.000000000000000000, -1.000000000000000000 ) ) ;
#1133 = ORIENTED_EDGE ( 'NONE', *, *, #684, .T. ) ;
#1134 = ORIENTED_EDGE ( 'NONE', *, *, #2307, .F. ) ;
#1135 = CARTESIAN_POINT ( 'NONE',  ( 18.61060500309818977, 30.68592075184099599, 3.399999999999983036 ) ) ;
#1136 = EDGE_LOOP ( 'NONE', ( #7406, #5247, #3913, #4985, #3591, #9668 ) ) ;
#1137 = CARTESIAN_POINT ( 'NONE',  ( 5.000000000000484945, 31.10954502862857396, 7.400000000000000355 ) ) ;
#1138 = ORIENTED_EDGE ( 'NONE', *, *, #203, .F. ) ;
#1139 = AXIS2_PLACEMENT_3D ( 'NONE', #3503, #2699, #370 ) ;
#1140 = CARTESIAN_POINT ( 'NONE',  ( 53.85907471738165242, 56.37470916941907007, 10.00000000000000000 ) ) ;
#1141 = PLANE ( 'NONE',  #1453 ) ;
#1142 = CARTESIAN_POINT ( 'NONE',  ( 71.31952070086403239, 0.000000000000000000, 0.000000000000000000 ) ) ;
#1143 = CARTESIAN_POINT ( 'NONE',  ( 43.66683757335889027, 42.18247202539615159, 7.400000000000000355 ) ) ;
#1144 = FACE_OUTER_BOUND ( 'NONE', #6167, .T. ) ;
#1145 = CARTESIAN_POINT ( 'NONE',  ( 23.28236328531334465, 23.35317541498461225, 7.400000000000000355 ) ) ;
#1146 = VERTEX_POINT ( 'NONE', #9331 ) ;
#1147 = ORIENTED_EDGE ( 'NONE', *, *, #9125, .T. ) ;
#1148 = CARTESIAN_POINT ( 'NONE',  ( 46.94653210253800779, 34.88980021391638076, 3.399999999999983036 ) ) ;
#1149 = VERTEX_POINT ( 'NONE', #2400 ) ;
#1150 = ADVANCED_FACE ( 'NONE', ( #5494 ), #4728, .F. ) ;
#1151 = FACE_OUTER_BOUND ( 'NONE', #815, .T. ) ;
#1152 = VECTOR ( 'NONE', #7485, 1000.000000000000000 ) ;
#1153 = CARTESIAN_POINT ( 'NONE',  ( 43.66683757335889027, 42.18247202539615159, 10.00000000000000000 ) ) ;
#1154 = CARTESIAN_POINT ( 'NONE',  ( 53.66683757335877658, 46.18247202539612317, 7.400000000000000355 ) ) ;
#1155 = CARTESIAN_POINT ( 'NONE',  ( 65.74084972657723824, 23.61190122397092495, 1.109997883926998163 ) ) ;
#1156 = ORIENTED_EDGE ( 'NONE', *, *, #4087, .T. ) ;
#1157 = ADVANCED_FACE ( 'NONE', ( #3960 ), #114, .F. ) ;
#1158 = FACE_OUTER_BOUND ( 'NONE', #9236, .T. ) ;
#1159 = ORIENTED_EDGE ( 'NONE', *, *, #4272, .F. ) ;
#1160 = LINE ( 'NONE', #8002, #4197 ) ;
#1161 = DIRECTION ( 'NONE',  ( -0.8660254037844379305, 0.5000000000000011102, 0.000000000000000000 ) ) ;
#1162 = DIRECTION ( 'NONE',  ( -1.000000000000000000, 0.000000000000000000, 0.000000000000000000 ) ) ;
#1163 = DIRECTION ( 'NONE',  ( -1.000000000000000000, 0.000000000000000000, 0.000000000000000000 ) ) ;
#1164 = DIRECTION ( 'NONE',  ( 0.000000000000000000, 0.000000000000000000, 1.000000000000000000 ) ) ;
#1165 = DIRECTION ( 'NONE',  ( -0.000000000000000000, -0.000000000000000000, -1.000000000000000000 ) ) ;
#1166 = VECTOR ( 'NONE', #6582, 1000.000000000000227 ) ;
#1167 = LINE ( 'NONE', #8067, #4664 ) ;
#1168 = DIRECTION ( 'NONE',  ( -0.000000000000000000, -0.000000000000000000, 1.000000000000000000 ) ) ;
#1169 = ADVANCED_FACE ( 'NONE', ( #3354 ), #2594, .F. ) ;
#1170 = DIRECTION ( 'NONE',  ( 0.7070197385735585982, -0.7071938130861842309, 0.000000000000000000 ) ) ;
#1171 = ORIENTED_EDGE ( 'NONE', *, *, #7830, .T. ) ;
#1172 = ORIENTED_EDGE ( 'NONE', *, *, #796, .F. ) ;
#1173 = VECTOR ( 'NONE', #5225, 1000.000000000000000 ) ;
#1174 = CARTESIAN_POINT ( 'NONE',  ( 13.66683757335920113, 46.18247202539612317, 7.400000000000000355 ) ) ;
#1175 = DIRECTION ( 'NONE',  ( -0.8660254037844377084, -0.5000000000000016653, 0.000000000000000000 ) ) ;
#1176 = LINE ( 'NONE', #1992, #1698 ) ;
#1177 = EDGE_CURVE ( 'NONE', #1300, #6816, #4833, .T. ) ;
#1178 = CARTESIAN_POINT ( 'NONE',  ( 16.55422775642833599, 9.605760593327309138, 7.400000000000000355 ) ) ;
#1179 = AXIS2_PLACEMENT_3D ( 'NONE', #9917, #6988, #9159 ) ;
#1180 = VERTEX_POINT ( 'NONE', #2492 ) ;
#1181 = VERTEX_POINT ( 'NONE', #1069 ) ;
#1182 = PLANE ( 'NONE',  #688 ) ;
#1183 = EDGE_LOOP ( 'NONE', ( #1784, #1337, #1768, #597 ) ) ;
#1184 = ADVANCED_FACE ( 'NONE', ( #5587 ), #3249, .F. ) ;
#1185 = CARTESIAN_POINT ( 'NONE',  ( 40.40280365961161380, 35.99023488137318338, 7.400000000000000355 ) ) ;
#1186 = EDGE_LOOP ( 'NONE', ( #9237, #1526, #6925, #3577 ) ) ;
#1187 = DIRECTION ( 'NONE',  ( 0.8660254037844385966, -0.5000000000000000000, 0.000000000000000000 ) ) ;
#1188 = DIRECTION ( 'NONE',  ( 1.000000000000000000, 0.000000000000000000, -0.000000000000000000 ) ) ;
#1189 = CARTESIAN_POINT ( 'NONE',  ( 70.59504080363419121, 42.18247202539614449, 7.400000000000000355 ) ) ;
#1190 = CARTESIAN_POINT ( 'NONE',  ( 70.59504080363419121, 42.18247202539614449, 7.400000000000000355 ) ) ;
#1191 = DIRECTION ( 'NONE',  ( 5.782411586589351722E-16, -1.000000000000000000, 0.000000000000000000 ) ) ;
#1192 = VERTEX_POINT ( 'NONE', #7205 ) ;
#1193 = ORIENTED_EDGE ( 'NONE', *, *, #2621, .T. ) ;
#1194 = DIRECTION ( 'NONE',  ( -1.000000000000000000, 0.000000000000000000, 0.000000000000000000 ) ) ;
#1195 = ORIENTED_EDGE ( 'NONE', *, *, #8249, .T. ) ;
#1196 = ADVANCED_FACE ( 'NONE', ( #8726 ), #7916, .F. ) ;
#1197 = LINE ( 'NONE', #9509, #6736 ) ;
#1198 = CARTESIAN_POINT ( 'NONE',  ( 60.78727794765715231, 56.37470916941907717, 7.400000000000000355 ) ) ;
#1199 = VECTOR ( 'NONE', #3467, 1000.000000000000000 ) ;
#1200 = CARTESIAN_POINT ( 'NONE',  ( 31.21060500309817343, -1.804725639943786835E-14, 4.000000000000000000 ) ) ;
#1201 = DIRECTION ( 'NONE',  ( 0.000000000000000000, 1.000000000000000000, 0.000000000000000000 ) ) ;
#1202 = VERTEX_POINT ( 'NONE', #7106 ) ;
#1203 = DIRECTION ( 'NONE',  ( -0.8660254037844387076, 0.5000000000000001110, 0.000000000000000000 ) ) ;
#1204 = ORIENTED_EDGE ( 'NONE', *, *, #9560, .T. ) ;
#1205 = ADVANCED_FACE ( 'NONE', ( #4877 ), #209, .F. ) ;
#1206 = CARTESIAN_POINT ( 'NONE',  ( 17.13093918849695996, 40.18247202539614449, 7.400000000000000355 ) ) ;
#1207 = EDGE_CURVE ( 'NONE', #651, #8430, #365, .T. ) ;
#1208 = EDGE_CURVE ( 'NONE', #2878, #6918, #6403, .T. ) ;
#1209 = DIRECTION ( 'NONE',  ( 0.7071067811865556774, 0.000000000000000000, 0.7071067811865393571 ) ) ;
#1210 = LINE ( 'NONE', #8763, #1706 ) ;
#1211 = CYLINDRICAL_SURFACE ( 'NONE', #1083, 1.699999999999999289 ) ;
#1212 = DIRECTION ( 'NONE',  ( 0.5000000000000015543, 0.8660254037844378194, 0.000000000000000000 ) ) ;
#1213 = VECTOR ( 'NONE', #3918, 1000.000000000000000 ) ;
#1214 = DIRECTION ( 'NONE',  ( 1.000000000000000000, 0.000000000000000000, -0.000000000000000000 ) ) ;
#1215 = LINE ( 'NONE', #5081, #8415 ) ;
#1216 = ORIENTED_EDGE ( 'NONE', *, *, #5119, .T. ) ;
#1217 = CARTESIAN_POINT ( 'NONE',  ( 6.992565577374029395, 5.000000000000023093, 0.000000000000000000 ) ) ;
#1218 = ORIENTED_EDGE ( 'NONE', *, *, #4368, .F. ) ;
#1219 = ORIENTED_EDGE ( 'NONE', *, *, #8588, .T. ) ;
#1220 = AXIS2_PLACEMENT_3D ( 'NONE', #200, #3192, #249 ) ;
#1221 = DIRECTION ( 'NONE',  ( -0.8660254037844381525, 0.5000000000000007772, 0.000000000000000000 ) ) ;
#1222 = EDGE_CURVE ( 'NONE', #6545, #7940, #2540, .T. ) ;
#1223 = LINE ( 'NONE', #8971, #6276 ) ;
#1224 = EDGE_CURVE ( 'NONE', #1535, #6160, #6355, .T. ) ;
#1225 = LINE ( 'NONE', #3505, #2026 ) ;
#1226 = CARTESIAN_POINT ( 'NONE',  ( 78.03203064794003296, 52.35311032234201889, 10.00099999999999945 ) ) ;
#1227 = AXIS2_PLACEMENT_3D ( 'NONE', #6809, #4422, #8370 ) ;
#1228 = VECTOR ( 'NONE', #5310, 1000.000000000000000 ) ;
#1229 = ORIENTED_EDGE ( 'NONE', *, *, #2523, .F. ) ;
#1230 = VERTEX_POINT ( 'NONE', #1020 ) ;
#1231 = DIRECTION ( 'NONE',  ( 0.8660254037844385966, -0.5000000000000000000, 0.000000000000000000 ) ) ;
#1232 = ORIENTED_EDGE ( 'NONE', *, *, #2901, .F. ) ;
#1233 = LINE ( 'NONE', #8981, #7819 ) ;
#1234 = ORIENTED_EDGE ( 'NONE', *, *, #9732, .T. ) ;
#1235 = CARTESIAN_POINT ( 'NONE',  ( 69.83157658086554420, 23.35317541498460159, 10.00000000000000000 ) ) ;
#1236 = VECTOR ( 'NONE', #8111, 1000.000000000000000 ) ;
#1237 = EDGE_CURVE ( 'NONE', #8937, #4285, #4016, .T. ) ;
#1238 = VECTOR ( 'NONE', #10027, 1000.000000000000000 ) ;
#1239 = CARTESIAN_POINT ( 'NONE',  ( 17.46155956311903168, 6.186614173228025315, 4.000000000000000000 ) ) ;
#1240 = CARTESIAN_POINT ( 'NONE',  ( 69.83157658086554420, 23.35317541498460159, 7.400000000000000355 ) ) ;
#1241 = ORIENTED_EDGE ( 'NONE', *, *, #2472, .T. ) ;
#1242 = VERTEX_POINT ( 'NONE', #6458 ) ;
#1243 = MECHANICAL_DESIGN_GEOMETRIC_PRESENTATION_REPRESENTATION (  '', ( #3507 ), #4158 ) ;
#1244 = VECTOR ( 'NONE', #8858, 1000.000000000000000 ) ;
#1245 = DIRECTION ( 'NONE',  ( -0.000000000000000000, -0.000000000000000000, 1.000000000000000000 ) ) ;
#1246 = ORIENTED_EDGE ( 'NONE', *, *, #7151, .F. ) ;
#1247 = EDGE_CURVE ( 'NONE', #1807, #1939, #9531, .T. ) ;
#1248 = VECTOR ( 'NONE', #5533, 1000.000000000000000 ) ;
#1249 = CARTESIAN_POINT ( 'NONE',  ( 40.83180065388673796, 43.69286487643512373, 1.699885383662997906 ) ) ;
#1250 = CARTESIAN_POINT ( 'NONE',  ( 3.090126141290682416, 11.60576059332731091, 7.400000000000000355 ) ) ;
#1251 = LINE ( 'NONE', #5829, #445 ) ;
#1252 = CARTESIAN_POINT ( 'NONE',  ( 30.61060500309818977, 30.68592075184099599, 3.399999999999983036 ) ) ;
#1253 = ORIENTED_EDGE ( 'NONE', *, *, #8817, .F. ) ;
#1254 = VERTEX_POINT ( 'NONE', #4984 ) ;
#1255 = ADVANCED_FACE ( 'NONE', ( #1886 ), #1829, .F. ) ;
#1256 = VECTOR ( 'NONE', #8092, 1000.000000000000000 ) ;
#1257 = PLANE ( 'NONE',  #4426 ) ;
#1258 = ORIENTED_EDGE ( 'NONE', *, *, #66, .T. ) ;
#1259 = LINE ( 'NONE', #5929, #4998 ) ;
#1260 = DIRECTION ( 'NONE',  ( 0.5000000000000012212, 0.8660254037844380415, 0.000000000000000000 ) ) ;
#1261 = CARTESIAN_POINT ( 'NONE',  ( 27.13093918849685338, 40.18247202539614449, 10.00000000000000000 ) ) ;
#1262 = CARTESIAN_POINT ( 'NONE',  ( 30.40280365961172038, 35.99023488137318338, 7.400000000000000355 ) ) ;
#1263 = VECTOR ( 'NONE', #561, 1000.000000000000000 ) ;
#1264 = PLANE ( 'NONE',  #4645 ) ;
#1265 = CARTESIAN_POINT ( 'NONE',  ( 5.871324698771779538, 34.33421759231527659, 6.000000000000000000 ) ) ;
#1266 = ORIENTED_EDGE ( 'NONE', *, *, #5219, .F. ) ;
#1267 = EDGE_CURVE ( 'NONE', #1070, #3157, #316, .T. ) ;
#1268 = EDGE_CURVE ( 'NONE', #5570, #5820, #1126, .T. ) ;
#1269 = DIRECTION ( 'NONE',  ( 0.000000000000000000, -0.000000000000000000, -1.000000000000000000 ) ) ;
#1270 = EDGE_LOOP ( 'NONE', ( #9775, #8757, #6356, #5001 ) ) ;
#1271 = AXIS2_PLACEMENT_3D ( 'NONE', #8707, #3282, #5675 ) ;
#1272 = ORIENTED_EDGE ( 'NONE', *, *, #5936, .F. ) ;
#1273 = CARTESIAN_POINT ( 'NONE',  ( 43.47460042933601443, 35.99023488137317628, 7.400000000000000355 ) ) ;
#1274 = PLANE ( 'NONE',  #5304 ) ;
#1275 = FACE_OUTER_BOUND ( 'NONE', #4859, .T. ) ;
#1276 = FACE_OUTER_BOUND ( 'NONE', #15, .T. ) ;
#1277 = AXIS2_PLACEMENT_3D ( 'NONE', #7078, #230, #134 ) ;
#1278 = ORIENTED_EDGE ( 'NONE', *, *, #6042, .T. ) ;
#1279 = EDGE_LOOP ( 'NONE', ( #6521, #3125, #8898, #3719 ) ) ;
#1280 = EDGE_CURVE ( 'NONE', #3112, #7207, #5797, .T. ) ;
#1281 = EDGE_CURVE ( 'NONE', #6076, #726, #8967, .T. ) ;
#1282 = PLANE ( 'NONE',  #855 ) ;
#1283 = VERTEX_POINT ( 'NONE', #5179 ) ;
#1284 = CARTESIAN_POINT ( 'NONE',  ( 40.21056651558873796, 25.79799773735024004, 7.400000000000000355 ) ) ;
#1285 = EDGE_LOOP ( 'NONE', ( #2491, #2782, #274, #3959 ) ) ;
#1286 = DIRECTION ( 'NONE',  ( -1.000000000000000000, 0.000000000000000000, 0.000000000000000000 ) ) ;
#1287 = VECTOR ( 'NONE', #4115, 1000.000000000000000 ) ;
#1288 = CARTESIAN_POINT ( 'NONE',  ( 16.55422775642833244, 17.60576059332729670, 7.400000000000000355 ) ) ;
#1289 = LINE ( 'NONE', #1142, #749 ) ;
#1290 = VERTEX_POINT ( 'NONE', #9776 ) ;
#1291 = EDGE_LOOP ( 'NONE', ( #4713, #7739, #2352, #9556 ) ) ;
#1292 = EDGE_CURVE ( 'NONE', #6298, #8428, #518, .T. ) ;
#1293 = VECTOR ( 'NONE', #931, 1000.000000000000227 ) ;
#1294 = LINE ( 'NONE', #7474, #2310 ) ;
#1295 = EDGE_LOOP ( 'NONE', ( #244, #8866, #6543, #5645 ) ) ;
#1296 = DIRECTION ( 'NONE',  ( 0.7071067811865464625, 0.7071067811865486830, 0.000000000000000000 ) ) ;
#1297 = DIRECTION ( 'NONE',  ( -0.000000000000000000, -0.000000000000000000, 1.000000000000000000 ) ) ;
#1298 = CARTESIAN_POINT ( 'NONE',  ( 60.21056651558853190, 21.79799773735025070, 10.00000000000000000 ) ) ;
#1299 = CARTESIAN_POINT ( 'NONE',  ( 53.47460042933590074, 35.99023488137317628, 10.00000000000000000 ) ) ;
#1300 = VERTEX_POINT ( 'NONE', #5130 ) ;
#1301 = ORIENTED_EDGE ( 'NONE', *, *, #2082, .T. ) ;
#1302 = CARTESIAN_POINT ( 'NONE',  ( 30.59504080363459622, 42.18247202539614449, 7.400000000000000355 ) ) ;
#1303 = EDGE_LOOP ( 'NONE', ( #4068, #9219, #554, #896 ) ) ;
#1304 = DIRECTION ( 'NONE',  ( -0.000000000000000000, 0.000000000000000000, 1.000000000000000000 ) ) ;
#1305 = ORIENTED_EDGE ( 'NONE', *, *, #1964, .F. ) ;
#1306 = ADVANCED_FACE ( 'NONE', ( #6659 ), #7407, .F. ) ;
#1307 = EDGE_CURVE ( 'NONE', #32, #5624, #6045, .T. ) ;
#1308 = AXIS2_PLACEMENT_3D ( 'NONE', #6737, #7639, #1463 ) ;
#1309 = DIRECTION ( 'NONE',  ( -1.000000000000000000, 0.000000000000000000, 0.000000000000000000 ) ) ;
#1310 = CARTESIAN_POINT ( 'NONE',  ( 56.74646490045078195, 27.79799773735024004, 7.400000000000000355 ) ) ;
#1311 = FACE_BOUND ( 'NONE', #4278, .T. ) ;
#1312 = ADVANCED_FACE ( 'NONE', ( #5039 ), #4466, .T. ) ;
#1313 = DIRECTION ( 'NONE',  ( -0.8660254037844377084, 0.5000000000000015543, 0.000000000000000000 ) ) ;
#1314 = CARTESIAN_POINT ( 'NONE',  ( 63.66683757335867000, 42.18247202539615159, 7.400000000000000355 ) ) ;
#1315 = DIRECTION ( 'NONE',  ( 0.8660254037844385966, -0.5000000000000000000, 0.000000000000000000 ) ) ;
#1316 = VERTEX_POINT ( 'NONE', #1217 ) ;
#1317 = LINE ( 'NONE', #415, #6206 ) ;
#1318 = ORIENTED_EDGE ( 'NONE', *, *, #60, .T. ) ;
#1319 = EDGE_LOOP ( 'NONE', ( #731, #7079, #8393, #124 ) ) ;
#1320 = CARTESIAN_POINT ( 'NONE',  ( 5.875044450089777825, 53.13706121412302252, 0.000000000000000000 ) ) ;
#1321 = LINE ( 'NONE', #2993, #1710 ) ;
#1322 = LINE ( 'NONE', #621, #80 ) ;
#1323 = VECTOR ( 'NONE', #9709, 1000.000000000000227 ) ;
#1324 = DIRECTION ( 'NONE',  ( -1.000000000000000000, 0.000000000000000000, -0.000000000000000000 ) ) ;
#1325 = CARTESIAN_POINT ( 'NONE',  ( 74.43211764624987836, 51.26230093957098433, 4.000000000000000000 ) ) ;
#1326 = ORIENTED_EDGE ( 'NONE', *, *, #1790, .F. ) ;
#1327 = ORIENTED_EDGE ( 'NONE', *, *, #3980, .T. ) ;
#1328 = DIRECTION ( 'NONE',  ( -0.8660254037844375974, -0.5000000000000016653, 0.000000000000000000 ) ) ;
#1329 = VECTOR ( 'NONE', #4630, 1000.000000000000000 ) ;
#1330 = ORIENTED_EDGE ( 'NONE', *, *, #3564, .T. ) ;
#1331 = VERTEX_POINT ( 'NONE', #5843 ) ;
#1332 = LINE ( 'NONE', #3107, #2755 ) ;
#1333 = DIRECTION ( 'NONE',  ( 1.000000000000000000, 0.000000000000000000, 0.000000000000000000 ) ) ;
#1334 = DIRECTION ( 'NONE',  ( 0.8660254037844384856, 0.5000000000000002220, 0.000000000000000000 ) ) ;
#1335 = EDGE_CURVE ( 'NONE', #2169, #8561, #6703, .T. ) ;
#1336 = AXIS2_PLACEMENT_3D ( 'NONE', #973, #1732, #8821 ) ;
#1337 = ORIENTED_EDGE ( 'NONE', *, *, #3553, .F. ) ;
#1338 = EDGE_LOOP ( 'NONE', ( #7230, #6289, #2359, #6094, #3711, #7059 ) ) ;
#1339 = DIRECTION ( 'NONE',  ( 0.000000000000000000, -1.000000000000000000, -0.000000000000000000 ) ) ;
#1340 = VERTEX_POINT ( 'NONE', #6608 ) ;
#1341 = VECTOR ( 'NONE', #8085, 1000.000000000000114 ) ;
#1342 = ADVANCED_FACE ( 'NONE', ( #3642 ), #9018, .F. ) ;
#1343 = CARTESIAN_POINT ( 'NONE',  ( 36.63180065388673512, 43.69286487643512373, 1.699885383662997906 ) ) ;
#1344 = DIRECTION ( 'NONE',  ( 0.000000000000000000, 1.000000000000000000, 0.000000000000000000 ) ) ;
#1345 = LINE ( 'NONE', #8397, #4159 ) ;
#1346 = DIRECTION ( 'NONE',  ( -0.000000000000000000, -0.000000000000000000, 1.000000000000000000 ) ) ;
#1347 = ORIENTED_EDGE ( 'NONE', *, *, #3011, .T. ) ;
#1348 = ORIENTED_EDGE ( 'NONE', *, *, #5907, .T. ) ;
#1349 = CARTESIAN_POINT ( 'NONE',  ( 70.78727794765704573, 52.37470916941909138, 7.400000000000000355 ) ) ;
#1350 = ORIENTED_EDGE ( 'NONE', *, *, #613, .T. ) ;
#1351 = DIRECTION ( 'NONE',  ( -0.000000000000000000, -0.000000000000000000, -1.000000000000000000 ) ) ;
#1352 = ORIENTED_EDGE ( 'NONE', *, *, #7035, .T. ) ;
#1353 = CARTESIAN_POINT ( 'NONE',  ( 10.01832937156618364, 15.60576059332729315, 7.400000000000000355 ) ) ;
#1354 = EDGE_CURVE ( 'NONE', #4603, #3132, #1985, .T. ) ;
#1355 = DIRECTION ( 'NONE',  ( -0.8660254037844378194, -0.5000000000000013323, 0.000000000000000000 ) ) ;
#1356 = DIRECTION ( 'NONE',  ( 0.000000000000000000, 0.000000000000000000, -1.000000000000000000 ) ) ;
#1357 = CARTESIAN_POINT ( 'NONE',  ( 12.07195935263215958, 6.938893903907228378E-15, 4.000000000000000000 ) ) ;
#1358 = FACE_OUTER_BOUND ( 'NONE', #9131, .T. ) ;
#1359 = EDGE_CURVE ( 'NONE', #7686, #2631, #1317, .T. ) ;
#1360 = PLANE ( 'NONE',  #9023 ) ;
#1361 = ORIENTED_EDGE ( 'NONE', *, *, #3990, .F. ) ;
#1362 = EDGE_LOOP ( 'NONE', ( #6620, #3589, #2397, #8667 ) ) ;
#1363 = CARTESIAN_POINT ( 'NONE',  ( 57.13093918849653363, 40.18247202539614449, 7.400000000000000355 ) ) ;
#1364 = VERTEX_POINT ( 'NONE', #4417 ) ;
#1365 = ADVANCED_FACE ( 'NONE', ( #9730 ), #7501, .F. ) ;
#1366 = ORIENTED_EDGE ( 'NONE', *, *, #6515, .T. ) ;
#1367 = DIRECTION ( 'NONE',  ( -0.5000000000000021094, 0.8660254037844374864, 0.000000000000000000 ) ) ;
#1368 = DIRECTION ( 'NONE',  ( -0.8660254037844378194, -0.5000000000000013323, 0.000000000000000000 ) ) ;
#1369 = VECTOR ( 'NONE', #8482, 1000.000000000000227 ) ;
#1370 = DIRECTION ( 'NONE',  ( 0.000000000000000000, -1.000000000000000000, 0.000000000000000000 ) ) ;
#1371 = LINE ( 'NONE', #7508, #6113 ) ;
#1372 = LINE ( 'NONE', #3708, #9973 ) ;
#1373 = LINE ( 'NONE', #6054, #5964 ) ;
#1374 = ORIENTED_EDGE ( 'NONE', *, *, #7434, .F. ) ;
#1375 = VERTEX_POINT ( 'NONE', #3545 ) ;
#1376 = EDGE_CURVE ( 'NONE', #4033, #6611, #7555, .T. ) ;
#1377 = CIRCLE ( 'NONE', #6577, 1.699999999999979305 ) ;
#1378 = LINE ( 'NONE', #8326, #2797 ) ;
#1379 = ORIENTED_EDGE ( 'NONE', *, *, #4227, .F. ) ;
#1380 = EDGE_CURVE ( 'NONE', #6866, #6595, #6752, .T. ) ;
#1381 = ORIENTED_EDGE ( 'NONE', *, *, #9702, .F. ) ;
#1382 = CARTESIAN_POINT ( 'NONE',  ( 54.61482092964091350, 59.34967741935614782, 6.000000000000000000 ) ) ;
#1383 = CARTESIAN_POINT ( 'NONE',  ( 8.888803657608024267, 56.44252476504900073, 0.000000000000000000 ) ) ;
#1384 = CARTESIAN_POINT ( 'NONE',  ( 69.83157658086554420, 23.35317541498460159, 10.00000000000000000 ) ) ;
#1385 = VECTOR ( 'NONE', #3407, 1000.000000000000000 ) ;
#1386 = VECTOR ( 'NONE', #8905, 1000.000000000000227 ) ;
#1387 = VERTEX_POINT ( 'NONE', #1363 ) ;
#1388 = ORIENTED_EDGE ( 'NONE', *, *, #6177, .T. ) ;
#1389 = FACE_OUTER_BOUND ( 'NONE', #6343, .T. ) ;
#1390 = VERTEX_POINT ( 'NONE', #4324 ) ;
#1391 = EDGE_CURVE ( 'NONE', #5041, #313, #2793, .T. ) ;
#1392 = VECTOR ( 'NONE', #557, 1000.000000000000000 ) ;
#1393 = VECTOR ( 'NONE', #9167, 1000.000000000000000 ) ;
#1394 = ORIENTED_EDGE ( 'NONE', *, *, #1222, .T. ) ;
#1395 = CARTESIAN_POINT ( 'NONE',  ( 10.21056651558905770, 21.79799773735025070, 7.400000000000000355 ) ) ;
#1396 = LINE ( 'NONE', #4502, #9831 ) ;
#1397 = CARTESIAN_POINT ( 'NONE',  ( 5.000000000000030198, 6.992565577373023977, 7.400000000000000355 ) ) ;
#1398 = AXIS2_PLACEMENT_3D ( 'NONE', #1944, #1132, #5804 ) ;
#1399 = VECTOR ( 'NONE', #2860, 1000.000000000000114 ) ;
#1400 = DIRECTION ( 'NONE',  ( -0.000000000000000000, -0.000000000000000000, 1.000000000000000000 ) ) ;
#1401 = VERTEX_POINT ( 'NONE', #615 ) ;
#1402 = ORIENTED_EDGE ( 'NONE', *, *, #3651, .T. ) ;
#1403 = CARTESIAN_POINT ( 'NONE',  ( 57.13093918849653363, 40.18247202539614449, 7.400000000000000355 ) ) ;
#1404 = ORIENTED_EDGE ( 'NONE', *, *, #6932, .F. ) ;
#1405 = EDGE_CURVE ( 'NONE', #737, #8833, #9073, .T. ) ;
#1406 = EDGE_CURVE ( 'NONE', #9820, #6891, #8314, .T. ) ;
#1407 = LINE ( 'NONE', #3032, #3769 ) ;
#1408 = ORIENTED_EDGE ( 'NONE', *, *, #8353, .F. ) ;
#1409 = VECTOR ( 'NONE', #609, 1000.000000000000000 ) ;
#1410 = VECTOR ( 'NONE', #7756, 1000.000000000000227 ) ;
#1411 = CARTESIAN_POINT ( 'NONE',  ( 37.32317633251962263, 50.37470916941909138, 7.400000000000000355 ) ) ;
#1412 = EDGE_CURVE ( 'NONE', #6192, #419, #7164, .T. ) ;
#1413 = CARTESIAN_POINT ( 'NONE',  ( 60.78727794765715231, 52.37470916941909138, 7.400000000000000355 ) ) ;
#1414 = PLANE ( 'NONE',  #742 ) ;
#1415 = CARTESIAN_POINT ( 'NONE',  ( 50.59504080363439016, 46.18247202539613028, 7.400000000000000355 ) ) ;
#1416 = LINE ( 'NONE', #2939, #1393 ) ;
#1417 = DIRECTION ( 'NONE',  ( 0.000000000000000000, 0.000000000000000000, 1.000000000000000000 ) ) ;
#1418 = DIRECTION ( 'NONE',  ( -0.000000000000000000, -0.000000000000000000, -1.000000000000000000 ) ) ;
#1419 = EDGE_CURVE ( 'NONE', #2248, #1610, #2, .T. ) ;
#1420 = ORIENTED_EDGE ( 'NONE', *, *, #9415, .F. ) ;
#1421 = AXIS2_PLACEMENT_3D ( 'NONE', #2874, #9808, #6882 ) ;
#1422 = ORIENTED_EDGE ( 'NONE', *, *, #3794, .F. ) ;
#1423 = EDGE_CURVE ( 'NONE', #5176, #8226, #3897, .T. ) ;
#1424 = EDGE_CURVE ( 'NONE', #8291, #3880, #3044, .T. ) ;
#1425 = DIRECTION ( 'NONE',  ( -0.000000000000000000, 0.000000000000000000, 1.000000000000000000 ) ) ;
#1426 = ORIENTED_EDGE ( 'NONE', *, *, #2284, .F. ) ;
#1427 = ORIENTED_EDGE ( 'NONE', *, *, #4441, .F. ) ;
#1428 = CARTESIAN_POINT ( 'NONE',  ( 54.60751479386056673, -0.006721599091409624638, 4.000000000000000000 ) ) ;
#1429 = VECTOR ( 'NONE', #675, 1000.000000000000000 ) ;
#1430 = CARTESIAN_POINT ( 'NONE',  ( 5.000000000000122569, 12.01402484683418415, 4.000000000000000000 ) ) ;
#1431 = LINE ( 'NONE', #9936, #5753 ) ;
#1432 = DIRECTION ( 'NONE',  ( -0.5000000000000014433, 0.8660254037844379305, 0.000000000000000000 ) ) ;
#1433 = PLANE ( 'NONE',  #8197 ) ;
#1434 = PLANE ( 'NONE',  #5808 ) ;
#1435 = EDGE_CURVE ( 'NONE', #231, #1832, #4615, .T. ) ;
#1436 = ORIENTED_EDGE ( 'NONE', *, *, #8107, .T. ) ;
#1437 = VERTEX_POINT ( 'NONE', #666 ) ;
#1438 = VECTOR ( 'NONE', #6784, 1000.000000000000227 ) ;
#1439 = EDGE_CURVE ( 'NONE', #5368, #3502, #863, .T. ) ;
#1440 = DIRECTION ( 'NONE',  ( 1.000000000000000000, -0.000000000000000000, 0.000000000000000000 ) ) ;
#1441 = ORIENTED_EDGE ( 'NONE', *, *, #311, .T. ) ;
#1442 = ORIENTED_EDGE ( 'NONE', *, *, #498, .T. ) ;
#1443 = PLANE ( 'NONE',  #9056 ) ;
#1444 = EDGE_CURVE ( 'NONE', #9293, #2920, #2235, .T. ) ;
#1445 = DIRECTION ( 'NONE',  ( -1.000000000000000000, 0.000000000000000000, 0.000000000000000000 ) ) ;
#1446 = DIRECTION ( 'NONE',  ( 1.000000000000000000, 0.000000000000000000, -0.000000000000000000 ) ) ;
#1447 = VECTOR ( 'NONE', #252, 1000.000000000000000 ) ;
#1448 = ADVANCED_FACE ( 'NONE', ( #766 ), #817, .T. ) ;
#1449 = EDGE_CURVE ( 'NONE', #5573, #6768, #9120, .T. ) ;
#1450 = ORIENTED_EDGE ( 'NONE', *, *, #6930, .T. ) ;
#1451 = ORIENTED_EDGE ( 'NONE', *, *, #4538, .F. ) ;
#1452 = DIRECTION ( 'NONE',  ( -1.000000000000000000, 0.000000000000000000, -0.000000000000000000 ) ) ;
#1453 = AXIS2_PLACEMENT_3D ( 'NONE', #8136, #8939, #1188 ) ;
#1454 = VERTEX_POINT ( 'NONE', #3850 ) ;
#1455 = LINE ( 'NONE', #7632, #9638 ) ;
#1456 = DIRECTION ( 'NONE',  ( -0.000000000000000000, -0.000000000000000000, -1.000000000000000000 ) ) ;
#1457 = EDGE_CURVE ( 'NONE', #8098, #7872, #8559, .T. ) ;
#1458 = PLANE ( 'NONE',  #7726 ) ;
#1459 = CIRCLE ( 'NONE', #2099, 1.700000000000001066 ) ;
#1460 = LINE ( 'NONE', #9152, #8074 ) ;
#1461 = ORIENTED_EDGE ( 'NONE', *, *, #3205, .T. ) ;
#1462 = VERTEX_POINT ( 'NONE', #6191 ) ;
#1463 = DIRECTION ( 'NONE',  ( 0.000000000000000000, 0.000000000000000000, -1.000000000000000000 ) ) ;
#1464 = ORIENTED_EDGE ( 'NONE', *, *, #9454, .T. ) ;
#1465 = FACE_OUTER_BOUND ( 'NONE', #941, .T. ) ;
#1466 = ORIENTED_EDGE ( 'NONE', *, *, #5945, .F. ) ;
#1467 = CARTESIAN_POINT ( 'NONE',  ( 60.59504080363427647, 42.18247202539614449, 7.400000000000000355 ) ) ;
#1468 = FACE_OUTER_BOUND ( 'NONE', #7216, .T. ) ;
#1469 = DIRECTION ( 'NONE',  ( -0.000000000000000000, -0.000000000000000000, -1.000000000000000000 ) ) ;
#1470 = LINE ( 'NONE', #2985, #277 ) ;
#1471 = EDGE_CURVE ( 'NONE', #6649, #5104, #7796, .T. ) ;
#1472 = ADVANCED_FACE ( 'NONE', ( #96 ), #3945, .F. ) ;
#1473 = DIRECTION ( 'NONE',  ( 1.000000000000000000, 0.000000000000000000, -0.000000000000000000 ) ) ;
#1474 = DIRECTION ( 'NONE',  ( 0.5000000000000001110, 0.8660254037844387076, 0.000000000000000000 ) ) ;
#1475 = ORIENTED_EDGE ( 'NONE', *, *, #3551, .F. ) ;
#1476 = EDGE_CURVE ( 'NONE', #7132, #3656, #5426, .T. ) ;
#1477 = DIRECTION ( 'NONE',  ( 1.000000000000000000, 0.000000000000000000, 0.000000000000000000 ) ) ;
#1478 = ORIENTED_EDGE ( 'NONE', *, *, #1292, .F. ) ;
#1479 = EDGE_LOOP ( 'NONE', ( #5193, #8987, #2539, #865 ) ) ;
#1480 = CARTESIAN_POINT ( 'NONE',  ( 60.59504080363427647, 46.18247202539613028, 7.400000000000000355 ) ) ;
#1481 = CARTESIAN_POINT ( 'NONE',  ( 70.59504080363419121, 42.18247202539614449, 7.400000000000000355 ) ) ;
#1482 = DIRECTION ( 'NONE',  ( -0.9999999804318064900, 0.0001978291858416224790, 0.000000000000000000 ) ) ;
#1483 = LINE ( 'NONE', #4577, #2224 ) ;
#1484 = ADVANCED_FACE ( 'NONE', ( #3798 ), #6901, .T. ) ;
#1485 = FACE_OUTER_BOUND ( 'NONE', #4028, .T. ) ;
#1486 = LINE ( 'NONE', #5489, #637 ) ;
#1487 = AXIS2_PLACEMENT_3D ( 'NONE', #6336, #9406, #2512 ) ;
#1488 = LINE ( 'NONE', #7666, #2075 ) ;
#1489 = ORIENTED_EDGE ( 'NONE', *, *, #9676, .F. ) ;
#1490 = ORIENTED_EDGE ( 'NONE', *, *, #2285, .T. ) ;
#1491 = CARTESIAN_POINT ( 'NONE',  ( 70.21056651558843953, 25.79799773735024004, 7.400000000000000355 ) ) ;
#1492 = ORIENTED_EDGE ( 'NONE', *, *, #4147, .T. ) ;
#1493 = ORIENTED_EDGE ( 'NONE', *, *, #8001, .T. ) ;
#1494 = EDGE_CURVE ( 'NONE', #5996, #3989, #5275, .T. ) ;
#1495 = CARTESIAN_POINT ( 'NONE',  ( 17.46155956311902457, 19.96343870725181802, 10.00000000000000000 ) ) ;
#1496 = DIRECTION ( 'NONE',  ( -0.000000000000000000, -0.000000000000000000, -1.000000000000000000 ) ) ;
#1497 = CARTESIAN_POINT ( 'NONE',  ( 5.000000000000030198, 6.992565577373023977, 0.000000000000000000 ) ) ;
#1498 = VECTOR ( 'NONE', #1245, 1000.000000000000000 ) ;
#1499 = EDGE_CURVE ( 'NONE', #2596, #8572, #5377, .T. ) ;
#1500 = ORIENTED_EDGE ( 'NONE', *, *, #7840, .T. ) ;
#1501 = ORIENTED_EDGE ( 'NONE', *, *, #2666, .T. ) ;
#1502 = FACE_OUTER_BOUND ( 'NONE', #5515, .T. ) ;
#1503 = ORIENTED_EDGE ( 'NONE', *, *, #404, .F. ) ;
#1504 = VECTOR ( 'NONE', #5992, 1000.000000000000114 ) ;
#1505 = DIRECTION ( 'NONE',  ( 0.000000000000000000, -1.000000000000000000, 0.000000000000000000 ) ) ;
#1506 = CARTESIAN_POINT ( 'NONE',  ( 63.66683757335867000, 42.18247202539615159, 7.400000000000000355 ) ) ;
#1507 = LINE ( 'NONE', #6023, #10012 ) ;
#1508 = VERTEX_POINT ( 'NONE', #1577 ) ;
#1509 = EDGE_LOOP ( 'NONE', ( #9767, #5979, #2928, #1420, #1796, #4557 ) ) ;
#1510 = DIRECTION ( 'NONE',  ( -0.000000000000000000, -0.000000000000000000, 1.000000000000000000 ) ) ;
#1511 = VECTOR ( 'NONE', #1112, 1000.000000000000000 ) ;
#1512 = ORIENTED_EDGE ( 'NONE', *, *, #3110, .F. ) ;
#1513 = EDGE_CURVE ( 'NONE', #5641, #9591, #9982, .T. ) ;
#1514 = FACE_OUTER_BOUND ( 'NONE', #6256, .T. ) ;
#1515 = VERTEX_POINT ( 'NONE', #6238 ) ;
#1516 = ADVANCED_FACE ( 'NONE', ( #9314 ), #5480, .F. ) ;
#1517 = CARTESIAN_POINT ( 'NONE',  ( 6.746464900451314861, 19.79799773735025425, 7.400000000000000355 ) ) ;
#1518 = FACE_BOUND ( 'NONE', #9330, .T. ) ;
#1519 = DIRECTION ( 'NONE',  ( 0.000000000000000000, 1.000000000000000000, 0.000000000000000000 ) ) ;
#1520 = DIRECTION ( 'NONE',  ( -0.5000000000000014433, 0.8660254037844379305, 0.000000000000000000 ) ) ;
#1521 = CARTESIAN_POINT ( 'NONE',  ( 75.02984732797570189, 13.93771831048098697, 4.000000000000000000 ) ) ;
#1522 = VERTEX_POINT ( 'NONE', #3237 ) ;
#1523 = CARTESIAN_POINT ( 'NONE',  ( 0.000000000000000000, 31.28592075184100096, 4.000000000000000000 ) ) ;
#1524 = EDGE_LOOP ( 'NONE', ( #4804, #5561, #1783, #1733, #4191, #9698 ) ) ;
#1525 = EDGE_CURVE ( 'NONE', #5666, #6740, #3285, .T. ) ;
#1526 = ORIENTED_EDGE ( 'NONE', *, *, #9929, .T. ) ;
#1527 = LINE ( 'NONE', #4572, #9873 ) ;
#1528 = CARTESIAN_POINT ( 'NONE',  ( 79.97474980950003953, 54.29582948390102359, 0.000000000000000000 ) ) ;
#1529 = DIRECTION ( 'NONE',  ( 0.000000000000000000, -1.000000000000000000, 0.000000000000000000 ) ) ;
#1530 = DIRECTION ( 'NONE',  ( -0.000000000000000000, 0.000000000000000000, 1.000000000000000000 ) ) ;
#1531 = DIRECTION ( 'NONE',  ( 0.7071067811865474617, -0.7071067811865474617, -0.000000000000000000 ) ) ;
#1532 = DIRECTION ( 'NONE',  ( -0.000000000000000000, 1.000000000000000000, 0.000000000000000000 ) ) ;
#1533 = DIRECTION ( 'NONE',  ( 0.000000000000000000, -1.000000000000000000, 0.000000000000000000 ) ) ;
#1534 = ORIENTED_EDGE ( 'NONE', *, *, #3909, .T. ) ;
#1535 = VERTEX_POINT ( 'NONE', #7999 ) ;
#1536 = LINE ( 'NONE', #8574, #7002 ) ;
#1537 = EDGE_LOOP ( 'NONE', ( #1534, #1253, #6753, #2401 ) ) ;
#1538 = ADVANCED_FACE ( 'NONE', ( #2578 ), #6443, .T. ) ;
#1539 = ORIENTED_EDGE ( 'NONE', *, *, #2437, .F. ) ;
#1540 = EDGE_CURVE ( 'NONE', #3463, #9232, #195, .T. ) ;
#1541 = CIRCLE ( 'NONE', #736, 1.699999999999979305 ) ;
#1542 = DIRECTION ( 'NONE',  ( -0.7071067811865456854, 0.7071067811865493491, 0.000000000000000000 ) ) ;
#1543 = CARTESIAN_POINT ( 'NONE',  ( 33.66683757335898974, 46.18247202539612317, 7.400000000000000355 ) ) ;
#1544 = DIRECTION ( 'NONE',  ( -0.8660254037844377084, -0.5000000000000016653, 0.000000000000000000 ) ) ;
#1545 = VECTOR ( 'NONE', #1674, 1000.000000000000114 ) ;
#1546 = ORIENTED_EDGE ( 'NONE', *, *, #775, .F. ) ;
#1547 = VERTEX_POINT ( 'NONE', #4866 ) ;
#1548 = DIRECTION ( 'NONE',  ( -0.5000000000000016653, 0.8660254037844377084, 0.000000000000000000 ) ) ;
#1549 = ORIENTED_EDGE ( 'NONE', *, *, #5512, .T. ) ;
#1550 = ORIENTED_EDGE ( 'NONE', *, *, #6592, .T. ) ;
#1551 = EDGE_CURVE ( 'NONE', #6378, #2065, #5677, .T. ) ;
#1552 = VECTOR ( 'NONE', #3881, 1000.000000000000000 ) ;
#1553 = PLANE ( 'NONE',  #6097 ) ;
#1554 = LINE ( 'NONE', #3166, #9346 ) ;
#1555 = DIRECTION ( 'NONE',  ( -0.000000000000000000, -0.000000000000000000, -1.000000000000000000 ) ) ;
#1556 = EDGE_CURVE ( 'NONE', #4327, #3502, #6296, .T. ) ;
#1557 = ORIENTED_EDGE ( 'NONE', *, *, #4671, .F. ) ;
#1558 = VERTEX_POINT ( 'NONE', #243 ) ;
#1559 = AXIS2_PLACEMENT_3D ( 'NONE', #6846, #9214, #3790 ) ;
#1560 = VECTOR ( 'NONE', #3981, 1000.000000000000000 ) ;
#1561 = LINE ( 'NONE', #3988, #180 ) ;
#1562 = ORIENTED_EDGE ( 'NONE', *, *, #7150, .T. ) ;
#1563 = DIRECTION ( 'NONE',  ( 0.5000000000000015543, 0.8660254037844378194, 0.000000000000000000 ) ) ;
#1564 = EDGE_CURVE ( 'NONE', #205, #9087, #9370, .T. ) ;
#1565 = VERTEX_POINT ( 'NONE', #5525 ) ;
#1566 = ADVANCED_FACE ( 'NONE', ( #1053 ), #9567, .F. ) ;
#1567 = AXIS2_PLACEMENT_3D ( 'NONE', #5233, #1432, #4530 ) ;
#1568 = AXIS2_PLACEMENT_3D ( 'NONE', #91, #5476, #4759 ) ;
#1569 = PLANE ( 'NONE',  #4139 ) ;
#1570 = CARTESIAN_POINT ( 'NONE',  ( 23.66683757335909633, 46.18247202539612317, 7.400000000000000355 ) ) ;
#1571 = DIRECTION ( 'NONE',  ( -0.000000000000000000, 1.000000000000000000, -0.000000000000000000 ) ) ;
#1572 = LINE ( 'NONE', #2231, #3206 ) ;
#1573 = VERTEX_POINT ( 'NONE', #8054 ) ;
#1574 = EDGE_CURVE ( 'NONE', #2299, #1565, #7246, .T. ) ;
#1575 = VECTOR ( 'NONE', #7495, 1000.000000000000000 ) ;
#1576 = VECTOR ( 'NONE', #5066, 1000.000000000000000 ) ;
#1577 = CARTESIAN_POINT ( 'NONE',  ( 16.93870204447408412, 29.99023488137320115, 7.400000000000000355 ) ) ;
#1578 = VERTEX_POINT ( 'NONE', #4214 ) ;
#1579 = ORIENTED_EDGE ( 'NONE', *, *, #2776, .F. ) ;
#1580 = LINE ( 'NONE', #9465, #8710 ) ;
#1581 = FACE_OUTER_BOUND ( 'NONE', #7502, .T. ) ;
#1582 = DIRECTION ( 'NONE',  ( -1.000000000000000000, 0.000000000000000000, 0.000000000000000000 ) ) ;
#1583 = DIRECTION ( 'NONE',  ( 0.000000000000000000, 1.000000000000000000, 0.000000000000000000 ) ) ;
#1584 = VECTOR ( 'NONE', #7136, 1000.000000000000114 ) ;
#1585 = CARTESIAN_POINT ( 'NONE',  ( 13.47460042933632707, 31.99023488137320470, 7.400000000000000355 ) ) ;
#1586 = CARTESIAN_POINT ( 'NONE',  ( 16.93870204447408057, 37.99023488137319049, 10.00000000000000000 ) ) ;
#1587 = CARTESIAN_POINT ( 'NONE',  ( 18.04695950082009404, 20.54883864495288748, 10.00099999999999945 ) ) ;
#1588 = EDGE_CURVE ( 'NONE', #5820, #416, #4764, .T. ) ;
#1589 = EDGE_CURVE ( 'NONE', #6159, #3772, #301, .T. ) ;
#1590 = ORIENTED_EDGE ( 'NONE', *, *, #4805, .T. ) ;
#1591 = VERTEX_POINT ( 'NONE', #6344 ) ;
#1592 = CARTESIAN_POINT ( 'NONE',  ( 79.97474980950003953, 10.50829548434902350, 10.00099999999999945 ) ) ;
#1593 = ORIENTED_EDGE ( 'NONE', *, *, #7503, .T. ) ;
#1594 = VECTOR ( 'NONE', #1958, 1000.000000000000000 ) ;
#1595 = VERTEX_POINT ( 'NONE', #2432 ) ;
#1596 = CARTESIAN_POINT ( 'NONE',  ( 76.74646490045059011, 19.79799773735025425, 7.400000000000000355 ) ) ;
#1597 = DIRECTION ( 'NONE',  ( -0.8660254037844375974, -0.5000000000000016653, 0.000000000000000000 ) ) ;
#1598 = DIRECTION ( 'NONE',  ( -0.000000000000000000, 1.000000000000000000, 0.000000000000000000 ) ) ;
#1599 = FACE_OUTER_BOUND ( 'NONE', #3702, .T. ) ;
#1600 = EDGE_CURVE ( 'NONE', #8620, #5469, #4001, .T. ) ;
#1601 = VECTOR ( 'NONE', #6127, 1000.000000000000000 ) ;
#1602 = EDGE_LOOP ( 'NONE', ( #7368, #6836, #2643, #8783 ) ) ;
#1603 = EDGE_LOOP ( 'NONE', ( #2374, #2713, #1667, #1804 ) ) ;
#1604 = CARTESIAN_POINT ( 'NONE',  ( 23.28236328531334465, 25.79799773735023294, 7.400000000000000355 ) ) ;
#1605 = ORIENTED_EDGE ( 'NONE', *, *, #3879, .F. ) ;
#1606 = LINE ( 'NONE', #800, #2040 ) ;
#1607 = CARTESIAN_POINT ( 'NONE',  ( 74.46692151384304736, 8.415085090169998949, 10.00000000000000000 ) ) ;
#1608 = EDGE_CURVE ( 'NONE', #3320, #7829, #6492, .T. ) ;
#1609 = DIRECTION ( 'NONE',  ( 0.7086689616036382366, 0.7055411418617776320, 0.000000000000000000 ) ) ;
#1610 = VERTEX_POINT ( 'NONE', #7948 ) ;
#1611 = ORIENTED_EDGE ( 'NONE', *, *, #2141, .T. ) ;
#1612 = DIRECTION ( 'NONE',  ( 0.8660254037844385966, -0.5000000000000000000, 0.000000000000000000 ) ) ;
#1613 = VERTEX_POINT ( 'NONE', #4054 ) ;
#1614 = DIRECTION ( 'NONE',  ( -0.8660254037844381525, 0.5000000000000007772, 0.000000000000000000 ) ) ;
#1615 = AXIS2_PLACEMENT_3D ( 'NONE', #5891, #8875, #5035 ) ;
#1616 = LINE ( 'NONE', #5474, #6411 ) ;
#1617 = LINE ( 'NONE', #7896, #5303 ) ;
#1618 = DIRECTION ( 'NONE',  ( -0.000000000000000000, -0.000000000000000000, -1.000000000000000000 ) ) ;
#1619 = DIRECTION ( 'NONE',  ( 0.000000000000000000, 0.000000000000000000, -1.000000000000000000 ) ) ;
#1620 = ORIENTED_EDGE ( 'NONE', *, *, #6335, .T. ) ;
#1621 = EDGE_CURVE ( 'NONE', #3259, #9672, #351, .T. ) ;
#1622 = VECTOR ( 'NONE', #4988, 1000.000000000000000 ) ;
#1623 = CARTESIAN_POINT ( 'NONE',  ( 23.47460042933622049, 31.99023488137320470, 7.400000000000000355 ) ) ;
#1624 = VERTEX_POINT ( 'NONE', #5728 ) ;
#1625 = ORIENTED_EDGE ( 'NONE', *, *, #9052, .F. ) ;
#1626 = DIRECTION ( 'NONE',  ( 0.8660254037844384856, 0.5000000000000002220, 0.000000000000000000 ) ) ;
#1627 = LINE ( 'NONE', #4106, #3489 ) ;
#1628 = DIRECTION ( 'NONE',  ( 0.5773502691896212902, 0.5773502691896212902, 0.5773502691896346128 ) ) ;
#1629 = DIRECTION ( 'NONE',  ( 0.000000000000000000, 1.000000000000000000, 0.000000000000000000 ) ) ;
#1630 = CARTESIAN_POINT ( 'NONE',  ( 33.85907471738186558, 56.37470916941907007, 7.400000000000000355 ) ) ;
#1631 = LINE ( 'NONE', #3954, #9208 ) ;
#1632 = LINE ( 'NONE', #7807, #8540 ) ;
#1633 = ORIENTED_EDGE ( 'NONE', *, *, #3034, .F. ) ;
#1634 = ORIENTED_EDGE ( 'NONE', *, *, #5565, .F. ) ;
#1635 = CARTESIAN_POINT ( 'NONE',  ( 67.13093918849642705, 48.18247202539613028, 7.400000000000000355 ) ) ;
#1636 = VERTEX_POINT ( 'NONE', #8607 ) ;
#1637 = EDGE_LOOP ( 'NONE', ( #6967, #1757, #7343, #6733 ) ) ;
#1638 = CARTESIAN_POINT ( 'NONE',  ( 46.94653210253800779, 34.88980021391638076, 0.9599999985689978699 ) ) ;
#1639 = LINE ( 'NONE', #9535, #2683 ) ;
#1640 = DIRECTION ( 'NONE',  ( 0.000000000000000000, -0.000000000000000000, 1.000000000000000000 ) ) ;
#1641 = VECTOR ( 'NONE', #6280, 1000.000000000000227 ) ;
#1642 = CARTESIAN_POINT ( 'NONE',  ( 24.39487291362403099, 59.35339717067414256, 6.000000000000000000 ) ) ;
#1643 = ORIENTED_EDGE ( 'NONE', *, *, #275, .T. ) ;
#1644 = ORIENTED_EDGE ( 'NONE', *, *, #5027, .F. ) ;
#1645 = CARTESIAN_POINT ( 'NONE',  ( 60.59504080363427647, 42.18247202539614449, 7.400000000000000355 ) ) ;
#1646 = ORIENTED_EDGE ( 'NONE', *, *, #797, .T. ) ;
#1647 = EDGE_CURVE ( 'NONE', #4878, #5781, #6389, .T. ) ;
#1648 = EDGE_CURVE ( 'NONE', #2413, #4878, #1869, .T. ) ;
#1649 = LINE ( 'NONE', #4083, #4913 ) ;
#1650 = CARTESIAN_POINT ( 'NONE',  ( 23.85907471738197216, 56.37470916941907007, 7.400000000000000355 ) ) ;
#1651 = AXIS2_PLACEMENT_3D ( 'NONE', #3615, #1452, #9046 ) ;
#1652 = CARTESIAN_POINT ( 'NONE',  ( 13.66683757335920113, 46.18247202539612317, 10.00000000000000000 ) ) ;
#1653 = DIRECTION ( 'NONE',  ( -0.000000000000000000, -0.000000000000000000, -1.000000000000000000 ) ) ;
#1654 = EDGE_LOOP ( 'NONE', ( #6801, #1441, #8418, #6716, #7973, #9015, #1870, #4308, #7032, #1646 ) ) ;
#1655 = ORIENTED_EDGE ( 'NONE', *, *, #423, .F. ) ;
#1656 = CARTESIAN_POINT ( 'NONE',  ( 6.992565577374029395, 5.000000000000023093, 10.00099999999999945 ) ) ;
#1657 = EDGE_LOOP ( 'NONE', ( #3376, #5336, #4348, #689, #2091, #2008 ) ) ;
#1658 = VECTOR ( 'NONE', #8215, 1000.000000000000000 ) ;
#1659 = ADVANCED_FACE ( 'NONE', ( #9062 ), #3486, .F. ) ;
#1660 = FACE_OUTER_BOUND ( 'NONE', #8177, .T. ) ;
#1661 = LINE ( 'NONE', #4708, #7886 ) ;
#1662 = CARTESIAN_POINT ( 'NONE',  ( 27.32317633251972566, 58.37470916941907717, 7.400000000000000355 ) ) ;
#1663 = VECTOR ( 'NONE', #5628, 1000.000000000000114 ) ;
#1664 = CARTESIAN_POINT ( 'NONE',  ( 64.56983569344401985, 35.50332283157010949, 3.399999999999996803 ) ) ;
#1665 = ORIENTED_EDGE ( 'NONE', *, *, #5816, .F. ) ;
#1666 = EDGE_CURVE ( 'NONE', #5766, #4017, #5071, .T. ) ;
#1667 = ORIENTED_EDGE ( 'NONE', *, *, #8141, .F. ) ;
#1668 = CARTESIAN_POINT ( 'NONE',  ( 6.554227756428436358, 17.60576059332729670, 7.400000000000000355 ) ) ;
#1669 = ORIENTED_EDGE ( 'NONE', *, *, #5639, .F. ) ;
#1670 = ORIENTED_EDGE ( 'NONE', *, *, #6044, .T. ) ;
#1671 = CARTESIAN_POINT ( 'NONE',  ( 77.98218423212703954, 5.000000000000023093, 10.00099999999999945 ) ) ;
#1672 = AXIS2_PLACEMENT_3D ( 'NONE', #7224, #281, #3421 ) ;
#1673 = CYLINDRICAL_SURFACE ( 'NONE', #2225, 1.699999999999979305 ) ;
#1674 = DIRECTION ( 'NONE',  ( -0.8660254037844379305, 0.5000000000000011102, 0.000000000000000000 ) ) ;
#1675 = EDGE_CURVE ( 'NONE', #3411, #7263, #9671, .T. ) ;
#1676 = EDGE_CURVE ( 'NONE', #950, #8412, #402, .T. ) ;
#1677 = CARTESIAN_POINT ( 'NONE',  ( 33.85907471738186558, 52.37470916941909849, 7.400000000000000355 ) ) ;
#1678 = DIRECTION ( 'NONE',  ( -0.000000000000000000, -0.000000000000000000, 1.000000000000000000 ) ) ;
#1679 = CARTESIAN_POINT ( 'NONE',  ( 27.13093918849684982, 48.18247202539613028, 7.400000000000000355 ) ) ;
#1680 = DIRECTION ( 'NONE',  ( 0.7071067811865502373, -0.7071067811865449082, 0.000000000000000000 ) ) ;
#1681 = EDGE_CURVE ( 'NONE', #7165, #4922, #5832, .T. ) ;
#1682 = CARTESIAN_POINT ( 'NONE',  ( 41.43180065388673938, 0.000000000000000000, 4.000000000000000000 ) ) ;
#1683 = ORIENTED_EDGE ( 'NONE', *, *, #3667, .F. ) ;
#1684 = DIRECTION ( 'NONE',  ( -0.000000000000000000, -0.000000000000000000, -1.000000000000000000 ) ) ;
#1685 = VERTEX_POINT ( 'NONE', #4262 ) ;
#1686 = ORIENTED_EDGE ( 'NONE', *, *, #2184, .T. ) ;
#1687 = CARTESIAN_POINT ( 'NONE',  ( 40.78727794765736547, 52.37470916941909138, 7.400000000000000355 ) ) ;
#1688 = LINE ( 'NONE', #3302, #7887 ) ;
#1689 = DIRECTION ( 'NONE',  ( 0.000000000000000000, 0.000000000000000000, 1.000000000000000000 ) ) ;
#1690 = PLANE ( 'NONE',  #924 ) ;
#1691 = EDGE_LOOP ( 'NONE', ( #6919, #5291, #1701, #2968 ) ) ;
#1692 = VERTEX_POINT ( 'NONE', #3579 ) ;
#1693 = LINE ( 'NONE', #6928, #3587 ) ;
#1694 = VERTEX_POINT ( 'NONE', #4406 ) ;
#1695 = LINE ( 'NONE', #1847, #4429 ) ;
#1696 = LINE ( 'NONE', #1517, #8509 ) ;
#1697 = LINE ( 'NONE', #7125, #5279 ) ;
#1698 = VECTOR ( 'NONE', #4992, 1000.000000000000000 ) ;
#1699 = PLANE ( 'NONE',  #3674 ) ;
#1700 = CARTESIAN_POINT ( 'NONE',  ( 11.68769779765031025, 35.83617119703320952, 4.000000000000000000 ) ) ;
#1701 = ORIENTED_EDGE ( 'NONE', *, *, #799, .T. ) ;
#1702 = ORIENTED_EDGE ( 'NONE', *, *, #2366, .F. ) ;
#1703 = ADVANCED_FACE ( 'NONE', ( #6544 ), #9718, .F. ) ;
#1704 = FACE_OUTER_BOUND ( 'NONE', #9248, .T. ) ;
#1705 = VERTEX_POINT ( 'NONE', #3629 ) ;
#1706 = VECTOR ( 'NONE', #8869, 1000.000000000000000 ) ;
#1707 = LINE ( 'NONE', #5420, #9306 ) ;
#1708 = DIRECTION ( 'NONE',  ( -0.000000000000000000, 0.000000000000000000, 1.000000000000000000 ) ) ;
#1709 = DIRECTION ( 'NONE',  ( -0.8660254037844379305, 0.5000000000000011102, 0.000000000000000000 ) ) ;
#1710 = VECTOR ( 'NONE', #9887, 1000.000000000000000 ) ;
#1711 = VECTOR ( 'NONE', #8844, 1000.000000000000000 ) ;
#1712 = CARTESIAN_POINT ( 'NONE',  ( 30.61060500309818977, 30.68592075184099599, 1.109999999999998099 ) ) ;
#1713 = ORIENTED_EDGE ( 'NONE', *, *, #9085, .F. ) ;
#1714 = EDGE_CURVE ( 'NONE', #6239, #7686, #4452, .T. ) ;
#1715 = CARTESIAN_POINT ( 'NONE',  ( 13.09012614129057717, 11.60576059332731091, 7.400000000000000355 ) ) ;
#1716 = ORIENTED_EDGE ( 'NONE', *, *, #7163, .F. ) ;
#1717 = EDGE_CURVE ( 'NONE', #4571, #9792, #8201, .T. ) ;
#1718 = VECTOR ( 'NONE', #6629, 1000.000000000000000 ) ;
#1719 = AXIS2_PLACEMENT_3D ( 'NONE', #8503, #3086, #7496 ) ;
#1720 = CARTESIAN_POINT ( 'NONE',  ( 6.554227756428436358, 17.60576059332729670, 10.00000000000000000 ) ) ;
#1721 = CARTESIAN_POINT ( 'NONE',  ( 73.47460042933569468, 35.99023488137317628, 10.00000000000000000 ) ) ;
#1722 = LINE ( 'NONE', #4008, #7046 ) ;
#1723 = CYLINDRICAL_SURFACE ( 'NONE', #7237, 1.700000000000001066 ) ;
#1724 = LINE ( 'NONE', #4825, #3019 ) ;
#1725 = DIRECTION ( 'NONE',  ( 0.000000000000000000, -1.000000000000000000, 0.000000000000000000 ) ) ;
#1726 = CARTESIAN_POINT ( 'NONE',  ( 63.66683757335867000, 46.18247202539612317, 10.00000000000000000 ) ) ;
#1727 = ADVANCED_FACE ( 'NONE', ( #7393 ), #1257, .F. ) ;
#1728 = AXIS2_PLACEMENT_3D ( 'NONE', #7612, #2997, #3756 ) ;
#1729 = AXIS2_PLACEMENT_3D ( 'NONE', #8195, #5110, #4355 ) ;
#1730 = CARTESIAN_POINT ( 'NONE',  ( 24.39487291362407007, 1.387778780781445676E-14, 4.000000000000000000 ) ) ;
#1731 = ORIENTED_EDGE ( 'NONE', *, *, #7578, .F. ) ;
#1732 = DIRECTION ( 'NONE',  ( -0.5000000000000029976, 0.8660254037844370423, 0.000000000000000000 ) ) ;
#1733 = ORIENTED_EDGE ( 'NONE', *, *, #2871, .T. ) ;
#1734 = ORIENTED_EDGE ( 'NONE', *, *, #4108, .F. ) ;
#1735 = LINE ( 'NONE', #4837, #5991 ) ;
#1736 = VECTOR ( 'NONE', #9309, 1000.000000000000000 ) ;
#1737 = LINE ( 'NONE', #8529, #3976 ) ;
#1738 = DIRECTION ( 'NONE',  ( -1.000000000000000000, 0.000000000000000000, 0.000000000000000000 ) ) ;
#1739 = EDGE_CURVE ( 'NONE', #5770, #5178, #6690, .T. ) ;
#1740 = DIRECTION ( 'NONE',  ( -0.8660254037844378194, -0.5000000000000013323, 0.000000000000000000 ) ) ;
#1741 = ORIENTED_EDGE ( 'NONE', *, *, #6831, .T. ) ;
#1742 = ORIENTED_EDGE ( 'NONE', *, *, #7270, .F. ) ;
#1743 = VECTOR ( 'NONE', #6072, 1000.000000000000114 ) ;
#1744 = VECTOR ( 'NONE', #867, 1000.000000000000000 ) ;
#1745 = CARTESIAN_POINT ( 'NONE',  ( 9.714451465470119729E-14, 28.93771831048124454, 0.000000000000000000 ) ) ;
#1746 = EDGE_LOOP ( 'NONE', ( #7777, #7929 ) ) ;
#1747 = ORIENTED_EDGE ( 'NONE', *, *, #9304, .T. ) ;
#1748 = LINE ( 'NONE', #333, #387 ) ;
#1749 = DIRECTION ( 'NONE',  ( 0.000000000000000000, 0.000000000000000000, 1.000000000000000000 ) ) ;
#1750 = VECTOR ( 'NONE', #4979, 1000.000000000000000 ) ;
#1751 = DIRECTION ( 'NONE',  ( 1.000000000000000000, 0.000000000000000000, 0.000000000000000000 ) ) ;
#1752 = LINE ( 'NONE', #7684, #8863 ) ;
#1753 = LINE ( 'NONE', #2509, #8236 ) ;
#1754 = ORIENTED_EDGE ( 'NONE', *, *, #5372, .T. ) ;
#1755 = VERTEX_POINT ( 'NONE', #9766 ) ;
#1756 = LINE ( 'NONE', #2057, #4576 ) ;
#1757 = ORIENTED_EDGE ( 'NONE', *, *, #1964, .T. ) ;
#1758 = VECTOR ( 'NONE', #3532, 1000.000000000000227 ) ;
#1759 = EDGE_CURVE ( 'NONE', #1613, #4876, #6648, .T. ) ;
#1760 = ADVANCED_FACE ( 'NONE', ( #1158 ), #2828, .F. ) ;
#1761 = DIRECTION ( 'NONE',  ( -0.000000000000000000, -0.000000000000000000, -1.000000000000000000 ) ) ;
#1762 = CARTESIAN_POINT ( 'NONE',  ( 8.888803657608024267, 8.415085090169998949, 10.00099999999999945 ) ) ;
#1763 = VECTOR ( 'NONE', #3396, 1000.000000000000000 ) ;
#1764 = DIRECTION ( 'NONE',  ( 0.000000000000000000, 1.000000000000000000, 0.000000000000000000 ) ) ;
#1765 = CARTESIAN_POINT ( 'NONE',  ( 23.47460042933622049, 31.99023488137320470, 7.400000000000000355 ) ) ;
#1766 = ORIENTED_EDGE ( 'NONE', *, *, #217, .T. ) ;
#1767 = CARTESIAN_POINT ( 'NONE',  ( 20.40280365961182696, 35.99023488137318338, 7.400000000000000355 ) ) ;
#1768 = ORIENTED_EDGE ( 'NONE', *, *, #1391, .F. ) ;
#1769 = DIRECTION ( 'NONE',  ( -0.000000000000000000, -0.000000000000000000, 1.000000000000000000 ) ) ;
#1770 = EDGE_CURVE ( 'NONE', #416, #727, #2018, .T. ) ;
#1771 = CARTESIAN_POINT ( 'NONE',  ( 77.13093918849631336, 40.18247202539614449, 10.00000000000000000 ) ) ;
#1772 = DIRECTION ( 'NONE',  ( 0.000000000000000000, 1.000000000000000000, 0.000000000000000000 ) ) ;
#1773 = CARTESIAN_POINT ( 'NONE',  ( 13.28236328531345123, 21.79799773735025781, 7.400000000000000355 ) ) ;
#1774 = CARTESIAN_POINT ( 'NONE',  ( 63.85907471738156005, 52.37470916941909849, 7.400000000000000355 ) ) ;
#1775 = PLANE ( 'NONE',  #6146 ) ;
#1776 = EDGE_CURVE ( 'NONE', #6297, #5852, #506, .T. ) ;
#1777 = ORIENTED_EDGE ( 'NONE', *, *, #8285, .F. ) ;
#1778 = CARTESIAN_POINT ( 'NONE',  ( 5.873920715178186924, 47.45673207144914585, 10.00000000000000000 ) ) ;
#1779 = VECTOR ( 'NONE', #8919, 1000.000000000000000 ) ;
#1780 = DIRECTION ( 'NONE',  ( -1.000000000000000000, 0.000000000000000000, 0.000000000000000000 ) ) ;
#1781 = ORIENTED_EDGE ( 'NONE', *, *, #1039, .F. ) ;
#1782 = CARTESIAN_POINT ( 'NONE',  ( 20.21056651558895112, 25.79799773735024004, 7.400000000000000355 ) ) ;
#1783 = ORIENTED_EDGE ( 'NONE', *, *, #2481, .T. ) ;
#1784 = ORIENTED_EDGE ( 'NONE', *, *, #8929, .T. ) ;
#1785 = DIRECTION ( 'NONE',  ( -0.000000000000000000, -0.000000000000000000, 1.000000000000000000 ) ) ;
#1786 = ADVANCED_FACE ( 'NONE', ( #2068 ), #5168, .F. ) ;
#1787 = DIRECTION ( 'NONE',  ( -1.982541115402065702E-15, -1.000000000000000000, 0.000000000000000000 ) ) ;
#1788 = DIRECTION ( 'NONE',  ( 0.000000000000000000, -1.000000000000000000, 0.000000000000000000 ) ) ;
#1789 = CARTESIAN_POINT ( 'NONE',  ( 30.40280365961172038, 31.99023488137319760, 7.400000000000000355 ) ) ;
#1790 = EDGE_CURVE ( 'NONE', #1462, #983, #553, .T. ) ;
#1791 = ORIENTED_EDGE ( 'NONE', *, *, #9927, .F. ) ;
#1792 = ORIENTED_EDGE ( 'NONE', *, *, #7941, .F. ) ;
#1793 = PLANE ( 'NONE',  #6358 ) ;
#1794 = ORIENTED_EDGE ( 'NONE', *, *, #2783, .T. ) ;
#1795 = LINE ( 'NONE', #5704, #9599 ) ;
#1796 = ORIENTED_EDGE ( 'NONE', *, *, #4391, .F. ) ;
#1797 = FACE_OUTER_BOUND ( 'NONE', #8604, .T. ) ;
#1798 = CARTESIAN_POINT ( 'NONE',  ( 40.78727794765736547, 56.37470916941907717, 7.400000000000000355 ) ) ;
#1799 = CARTESIAN_POINT ( 'NONE',  ( 30.61060500309818977, 30.68592075184099599, 3.399999999999983036 ) ) ;
#1800 = EDGE_CURVE ( 'NONE', #8291, #1113, #3889, .T. ) ;
#1801 = CARTESIAN_POINT ( 'NONE',  ( 5.871926122045817209, 37.37433151539415377, 7.400000000000000355 ) ) ;
#1802 = VECTOR ( 'NONE', #2324, 1000.000000000000114 ) ;
#1803 = CARTESIAN_POINT ( 'NONE',  ( 37.32317633251962263, 58.37470916941907717, 7.400000000000000355 ) ) ;
#1804 = ORIENTED_EDGE ( 'NONE', *, *, #2102, .T. ) ;
#1805 = VERTEX_POINT ( 'NONE', #7690 ) ;
#1806 = DIRECTION ( 'NONE',  ( 0.8660254037844385966, -0.5000000000000000000, 0.000000000000000000 ) ) ;
#1807 = VERTEX_POINT ( 'NONE', #9212 ) ;
#1808 = DIRECTION ( 'NONE',  ( -0.7086689616036382366, -0.7055411418617776320, 0.000000000000000000 ) ) ;
#1809 = FACE_OUTER_BOUND ( 'NONE', #6129, .T. ) ;
#1810 = CARTESIAN_POINT ( 'NONE',  ( 41.42884860408194214, 26.75317541498458951, 10.00000000000000000 ) ) ;
#1811 = DIRECTION ( 'NONE',  ( -0.7071067811865462405, 0.7071067811865489050, 0.000000000000000000 ) ) ;
#1812 = ORIENTED_EDGE ( 'NONE', *, *, #4347, .F. ) ;
#1813 = AXIS2_PLACEMENT_3D ( 'NONE', #2869, #9803, #8290 ) ;
#1814 = ADVANCED_FACE ( 'NONE', ( #3734 ), #6080, .F. ) ;
#1815 = EDGE_CURVE ( 'NONE', #5062, #4876, #4656, .T. ) ;
#1816 = CARTESIAN_POINT ( 'NONE',  ( 20.78727794765757864, 52.37470916941909138, 7.400000000000000355 ) ) ;
#1817 = ORIENTED_EDGE ( 'NONE', *, *, #7108, .T. ) ;
#1818 = CARTESIAN_POINT ( 'NONE',  ( 70.78727794765704573, 52.37470916941909138, 7.400000000000000355 ) ) ;
#1819 = CARTESIAN_POINT ( 'NONE',  ( 10.40280365961193354, 35.99023488137318338, 7.400000000000000355 ) ) ;
#1820 = DIRECTION ( 'NONE',  ( 0.8660254037844384856, 0.5000000000000002220, 0.000000000000000000 ) ) ;
#1821 = VECTOR ( 'NONE', #6819, 1000.000000000000000 ) ;
#1822 = DIRECTION ( 'NONE',  ( -0.8660254037844381525, 0.5000000000000008882, 0.000000000000000000 ) ) ;
#1823 = LINE ( 'NONE', #1774, #2208 ) ;
#1824 = DIRECTION ( 'NONE',  ( -0.000000000000000000, -0.000000000000000000, 1.000000000000000000 ) ) ;
#1825 = LINE ( 'NONE', #7202, #4541 ) ;
#1826 = ORIENTED_EDGE ( 'NONE', *, *, #2544, .T. ) ;
#1827 = ORIENTED_EDGE ( 'NONE', *, *, #146, .F. ) ;
#1828 = ADVANCED_FACE ( 'NONE', ( #5417, #3787 ), #6030, .T. ) ;
#1829 = PLANE ( 'NONE',  #3762 ) ;
#1830 = AXIS2_PLACEMENT_3D ( 'NONE', #7278, #5857, #4081 ) ;
#1831 = ORIENTED_EDGE ( 'NONE', *, *, #9357, .F. ) ;
#1832 = VERTEX_POINT ( 'NONE', #5367 ) ;
#1833 = CARTESIAN_POINT ( 'NONE',  ( 20.59504080363470280, 46.18247202539613028, 7.400000000000000355 ) ) ;
#1834 = DIRECTION ( 'NONE',  ( -0.5000000000000016653, 0.8660254037844377084, 0.000000000000000000 ) ) ;
#1835 = LINE ( 'NONE', #5546, #1860 ) ;
#1836 = CARTESIAN_POINT ( 'NONE',  ( 26.93870204447397754, 29.99023488137320115, 7.400000000000000355 ) ) ;
#1837 = EDGE_LOOP ( 'NONE', ( #8740, #3168, #7792, #6307 ) ) ;
#1838 = ORIENTED_EDGE ( 'NONE', *, *, #8691, .F. ) ;
#1839 = EDGE_CURVE ( 'NONE', #1181, #1692, #6842, .T. ) ;
#1840 = ADVANCED_FACE ( 'NONE', ( #9259 ), #753, .T. ) ;
#1841 = ADVANCED_FACE ( 'NONE', ( #1514 ), #3126, .F. ) ;
#1842 = CARTESIAN_POINT ( 'NONE',  ( 30.78727794765747205, 52.37470916941909138, 7.400000000000000355 ) ) ;
#1843 = ORIENTED_EDGE ( 'NONE', *, *, #8846, .T. ) ;
#1844 = ORIENTED_EDGE ( 'NONE', *, *, #6881, .F. ) ;
#1845 = PLANE ( 'NONE',  #384 ) ;
#1846 = ORIENTED_EDGE ( 'NONE', *, *, #7644, .F. ) ;
#1847 = CARTESIAN_POINT ( 'NONE',  ( 57.13093918849653363, 40.18247202539614449, 7.400000000000000355 ) ) ;
#1848 = DIRECTION ( 'NONE',  ( -0.7071067811865556774, 0.000000000000000000, 0.7071067811865393571 ) ) ;
#1849 = DIRECTION ( 'NONE',  ( -0.8660254037844370423, -0.5000000000000028866, 0.000000000000000000 ) ) ;
#1850 = ADVANCED_FACE ( 'NONE', ( #1465 ), #6790, .F. ) ;
#1851 = CARTESIAN_POINT ( 'NONE',  ( 53.47460042933590074, 31.99023488137320470, 7.400000000000000355 ) ) ;
#1852 = LINE ( 'NONE', #2665, #3701 ) ;
#1853 = VERTEX_POINT ( 'NONE', #3839 ) ;
#1854 = VERTEX_POINT ( 'NONE', #4511 ) ;
#1855 = ADVANCED_FACE ( 'NONE', ( #5260 ), #655, .F. ) ;
#1856 = EDGE_CURVE ( 'NONE', #8023, #7132, #10020, .T. ) ;
#1857 = LINE ( 'NONE', #1915, #1166 ) ;
#1858 = VERTEX_POINT ( 'NONE', #2978 ) ;
#1859 = EDGE_CURVE ( 'NONE', #6916, #4500, #6180, .T. ) ;
#1860 = VECTOR ( 'NONE', #2451, 1000.000000000000227 ) ;
#1861 = CARTESIAN_POINT ( 'NONE',  ( 79.97474980949952794, 57.98214359204602175, 10.00099999999999945 ) ) ;
#1862 = ADVANCED_FACE ( 'NONE', ( #9870 ), #8351, .F. ) ;
#1863 = CARTESIAN_POINT ( 'NONE',  ( 13.09012614129057717, 11.60576059332731091, 7.400000000000000355 ) ) ;
#1864 = DIRECTION ( 'NONE',  ( -0.000000000000000000, -0.000000000000000000, 1.000000000000000000 ) ) ;
#1865 = DIRECTION ( 'NONE',  ( -0.8660254037844378194, -0.5000000000000013323, 0.000000000000000000 ) ) ;
#1866 = EDGE_LOOP ( 'NONE', ( #5505, #3438, #4652, #4912 ) ) ;
#1867 = EDGE_CURVE ( 'NONE', #4953, #4929, #808, .T. ) ;
#1868 = VECTOR ( 'NONE', #8455, 1000.000000000000000 ) ;
#1869 = LINE ( 'NONE', #4968, #7338 ) ;
#1870 = ORIENTED_EDGE ( 'NONE', *, *, #8160, .T. ) ;
#1871 = EDGE_CURVE ( 'NONE', #9672, #5957, #1407, .T. ) ;
#1872 = LINE ( 'NONE', #6445, #9832 ) ;
#1873 = VECTOR ( 'NONE', #7159, 1000.000000000000227 ) ;
#1874 = CARTESIAN_POINT ( 'NONE',  ( 7.188803657608024977, 56.44252476504900073, 10.00099999999999945 ) ) ;
#1875 = AXIS2_PLACEMENT_3D ( 'NONE', #891, #9296, #7074 ) ;
#1876 = LINE ( 'NONE', #2022, #2679 ) ;
#1877 = DIRECTION ( 'NONE',  ( 0.000000000000000000, -1.000000000000000000, 0.000000000000000000 ) ) ;
#1878 = EDGE_CURVE ( 'NONE', #2897, #8976, #706, .T. ) ;
#1879 = CARTESIAN_POINT ( 'NONE',  ( 65.74084972657725245, 30.61190122397092495, 1.109997883926998163 ) ) ;
#1880 = CARTESIAN_POINT ( 'NONE',  ( 55.24511320246803336, 59.97470916941927044, 10.00099999999999945 ) ) ;
#1881 = CARTESIAN_POINT ( 'NONE',  ( 40.42884860408197056, 23.35317541498461225, 10.00099999999999945 ) ) ;
#1882 = DIRECTION ( 'NONE',  ( 1.000000000000000000, 0.000000000000000000, 0.000000000000000000 ) ) ;
#1883 = ORIENTED_EDGE ( 'NONE', *, *, #129, .F. ) ;
#1884 = VECTOR ( 'NONE', #22, 1000.000000000000227 ) ;
#1885 = VECTOR ( 'NONE', #6656, 1000.000000000000000 ) ;
#1886 = FACE_OUTER_BOUND ( 'NONE', #1303, .T. ) ;
#1887 = ORIENTED_EDGE ( 'NONE', *, *, #9610, .F. ) ;
#1888 = EDGE_LOOP ( 'NONE', ( #1326, #4966, #2349, #170, #2422, #7220, #7117, #2103, #5923, #1022, #6019, #3852, #3885, #8545, #2490, #5981, #1546, #7837, #7913, #4127 ) ) ;
#1889 = LINE ( 'NONE', #8076, #5187 ) ;
#1890 = LINE ( 'NONE', #8222, #449 ) ;
#1891 = CARTESIAN_POINT ( 'NONE',  ( 47.13093918849664021, 48.18247202539613028, 10.00000000000000000 ) ) ;
#1892 = DIRECTION ( 'NONE',  ( -1.000000000000000000, 0.000000000000000000, -0.000000000000000000 ) ) ;
#1893 = EDGE_CURVE ( 'NONE', #9087, #9893, #5000, .T. ) ;
#1894 = VECTOR ( 'NONE', #3361, 1000.000000000000000 ) ;
#1895 = VECTOR ( 'NONE', #1864, 1000.000000000000000 ) ;
#1896 = ORIENTED_EDGE ( 'NONE', *, *, #7524, .F. ) ;
#1897 = ORIENTED_EDGE ( 'NONE', *, *, #5768, .T. ) ;
#1898 = DIRECTION ( 'NONE',  ( 1.000000000000000000, 0.000000000000000000, -0.000000000000000000 ) ) ;
#1899 = ORIENTED_EDGE ( 'NONE', *, *, #5018, .F. ) ;
#1900 = VECTOR ( 'NONE', #6303, 1000.000000000000000 ) ;
#1901 = DIRECTION ( 'NONE',  ( -0.000000000000000000, -0.000000000000000000, 1.000000000000000000 ) ) ;
#1902 = VERTEX_POINT ( 'NONE', #1137 ) ;
#1903 = CARTESIAN_POINT ( 'NONE',  ( 38.03180065388671949, 40.09286487643510810, 1.999999999999968914 ) ) ;
#1904 = FACE_OUTER_BOUND ( 'NONE', #2566, .T. ) ;
#1905 = DIRECTION ( 'NONE',  ( -0.000000000000000000, -0.000000000000000000, 1.000000000000000000 ) ) ;
#1906 = ADVANCED_FACE ( 'NONE', ( #8891 ), #2658, .F. ) ;
#1907 = ADVANCED_FACE ( 'NONE', ( #4240 ), #9645, .F. ) ;
#1908 = CARTESIAN_POINT ( 'NONE',  ( 76.74646490045059011, 19.79799773735025425, 10.00000000000000000 ) ) ;
#1909 = CARTESIAN_POINT ( 'NONE',  ( 40.83180065388673796, 43.69286487643512373, 3.399999999999983036 ) ) ;
#1910 = VECTOR ( 'NONE', #6172, 1000.000000000000227 ) ;
#1911 = AXIS2_PLACEMENT_3D ( 'NONE', #461, #6598, #246 ) ;
#1912 = CARTESIAN_POINT ( 'NONE',  ( 17.32317633251983224, 50.37470916941909138, 7.400000000000000355 ) ) ;
#1913 = ORIENTED_EDGE ( 'NONE', *, *, #7737, .T. ) ;
#1914 = VERTEX_POINT ( 'NONE', #8133 ) ;
#1915 = CARTESIAN_POINT ( 'NONE',  ( 66.93870204447355832, 29.99023488137320115, 7.400000000000000355 ) ) ;
#1916 = ORIENTED_EDGE ( 'NONE', *, *, #7381, .F. ) ;
#1917 = VECTOR ( 'NONE', #6962, 1000.000000000000000 ) ;
#1918 = EDGE_CURVE ( 'NONE', #5309, #6440, #8837, .T. ) ;
#1919 = DIRECTION ( 'NONE',  ( -0.000000000000000000, -0.000000000000000000, -1.000000000000000000 ) ) ;
#1920 = DIRECTION ( 'NONE',  ( 0.7071938130861842309, 0.7070197385735585982, 0.000000000000000000 ) ) ;
#1921 = LINE ( 'NONE', #2820, #1576 ) ;
#1922 = CARTESIAN_POINT ( 'NONE',  ( 16.55422775642833244, 17.60576059332729670, 7.400000000000000355 ) ) ;
#1923 = ORIENTED_EDGE ( 'NONE', *, *, #7344, .T. ) ;
#1924 = AXIS2_PLACEMENT_3D ( 'NONE', #5477, #6235, #192 ) ;
#1925 = DIRECTION ( 'NONE',  ( 0.000000000000000000, 1.000000000000000000, 0.000000000000000000 ) ) ;
#1926 = ORIENTED_EDGE ( 'NONE', *, *, #1354, .T. ) ;
#1927 = EDGE_CURVE ( 'NONE', #5466, #5743, #6471, .T. ) ;
#1928 = LINE ( 'NONE', #5029, #299 ) ;
#1929 = AXIS2_PLACEMENT_3D ( 'NONE', #994, #4089, #6224 ) ;
#1930 = DIRECTION ( 'NONE',  ( -0.8660254037844377084, 0.5000000000000015543, 0.000000000000000000 ) ) ;
#1931 = CARTESIAN_POINT ( 'NONE',  ( 77.98218423212628636, 59.97470916941927044, 0.000000000000000000 ) ) ;
#1932 = DIRECTION ( 'NONE',  ( -0.000000000000000000, -0.000000000000000000, -1.000000000000000000 ) ) ;
#1933 = LINE ( 'NONE', #5790, #8841 ) ;
#1934 = VERTEX_POINT ( 'NONE', #6417 ) ;
#1935 = CARTESIAN_POINT ( 'NONE',  ( 20.59504080363470280, 42.18247202539614449, 7.400000000000000355 ) ) ;
#1936 = DIRECTION ( 'NONE',  ( -0.7071938130861842309, -0.7070197385735585982, -0.000000000000000000 ) ) ;
#1937 = DIRECTION ( 'NONE',  ( 1.000000000000000000, -0.000000000000000000, 0.000000000000000000 ) ) ;
#1938 = DIRECTION ( 'NONE',  ( 0.5000000000000012212, 0.8660254037844380415, 0.000000000000000000 ) ) ;
#1939 = VERTEX_POINT ( 'NONE', #1185 ) ;
#1940 = ORIENTED_EDGE ( 'NONE', *, *, #2912, .F. ) ;
#1941 = CARTESIAN_POINT ( 'NONE',  ( 18.61060500309818977, 30.68592075184099599, 1.109999999999998099 ) ) ;
#1942 = LINE ( 'NONE', #6614, #1385 ) ;
#1943 = DIRECTION ( 'NONE',  ( -1.000000000000000000, 0.000000000000000000, -0.000000000000000000 ) ) ;
#1944 = CARTESIAN_POINT ( 'NONE',  ( 0.000000000000000000, 0.000000000000000000, 5.000000000000000000 ) ) ;
#1945 = VECTOR ( 'NONE', #5591, 1000.000000000000114 ) ;
#1946 = EDGE_LOOP ( 'NONE', ( #2794, #7653, #6193, #3082, #6964, #2263 ) ) ;
#1947 = ORIENTED_EDGE ( 'NONE', *, *, #2355, .T. ) ;
#1948 = ADVANCED_FACE ( 'NONE', ( #2760 ), #3309, .F. ) ;
#1949 = FACE_OUTER_BOUND ( 'NONE', #7722, .T. ) ;
#1950 = ORIENTED_EDGE ( 'NONE', *, *, #919, .F. ) ;
#1951 = DIRECTION ( 'NONE',  ( -0.000000000000000000, -0.000000000000000000, 1.000000000000000000 ) ) ;
#1952 = VERTEX_POINT ( 'NONE', #9697 ) ;
#1953 = CIRCLE ( 'NONE', #7615, 1.699999999999993072 ) ;
#1954 = CARTESIAN_POINT ( 'NONE',  ( 74.41423944072103325, 5.000000000000023093, 10.00000000000000000 ) ) ;
#1955 = PLANE ( 'NONE',  #6086 ) ;
#1956 = EDGE_CURVE ( 'NONE', #3460, #8576, #433, .T. ) ;
#1957 = CARTESIAN_POINT ( 'NONE',  ( 36.03180065388673370, 0.000000000000000000, 4.000000000000000000 ) ) ;
#1958 = DIRECTION ( 'NONE',  ( -0.000000000000000000, -0.000000000000000000, 1.000000000000000000 ) ) ;
#1959 = DIRECTION ( 'NONE',  ( 0.000000000000000000, 0.000000000000000000, -1.000000000000000000 ) ) ;
#1960 = ORIENTED_EDGE ( 'NONE', *, *, #417, .F. ) ;
#1961 = ORIENTED_EDGE ( 'NONE', *, *, #7176, .T. ) ;
#1962 = LINE ( 'NONE', #8145, #9414 ) ;
#1963 = ORIENTED_EDGE ( 'NONE', *, *, #453, .T. ) ;
#1964 = EDGE_CURVE ( 'NONE', #2312, #2104, #4132, .T. ) ;
#1965 = EDGE_CURVE ( 'NONE', #1578, #4995, #5657, .T. ) ;
#1966 = DIRECTION ( 'NONE',  ( 0.8660254037844385966, -0.5000000000000000000, 0.000000000000000000 ) ) ;
#1967 = VECTOR ( 'NONE', #1780, 1000.000000000000000 ) ;
#1968 = FACE_OUTER_BOUND ( 'NONE', #2160, .T. ) ;
#1969 = LINE ( 'NONE', #1200, #8530 ) ;
#1970 = CARTESIAN_POINT ( 'NONE',  ( 23.47460042933622049, 31.99023488137320470, 7.400000000000000355 ) ) ;
#1971 = VERTEX_POINT ( 'NONE', #222 ) ;
#1972 = ORIENTED_EDGE ( 'NONE', *, *, #4827, .F. ) ;
#1973 = EDGE_CURVE ( 'NONE', #2248, #2274, #8739, .T. ) ;
#1974 = CARTESIAN_POINT ( 'NONE',  ( 23.28236328531334465, 25.79799773735023294, 7.400000000000000355 ) ) ;
#1975 = VERTEX_POINT ( 'NONE', #7219 ) ;
#1976 = CARTESIAN_POINT ( 'NONE',  ( 5.000000000000530243, 33.46289289354402285, 7.400000000000000355 ) ) ;
#1977 = CARTESIAN_POINT ( 'NONE',  ( 63.47460042933579416, 35.99023488137317628, 10.00000000000000000 ) ) ;
#1978 = CARTESIAN_POINT ( 'NONE',  ( 67.32317633251929578, 50.37470916941909138, 10.00000000000000000 ) ) ;
#1979 = DIRECTION ( 'NONE',  ( 0.5000000000000012212, 0.8660254037844380415, 0.000000000000000000 ) ) ;
#1980 = PLANE ( 'NONE',  #9806 ) ;
#1981 = VECTOR ( 'NONE', #2709, 1000.000000000000227 ) ;
#1982 = CARTESIAN_POINT ( 'NONE',  ( 13.85907471738207697, 52.37470916941909849, 10.00000000000000000 ) ) ;
#1983 = EDGE_CURVE ( 'NONE', #1591, #65, #6571, .T. ) ;
#1984 = DIRECTION ( 'NONE',  ( 1.000000000000000000, 0.000000000000000000, -0.000000000000000000 ) ) ;
#1985 = LINE ( 'NONE', #8921, #8613 ) ;
#1986 = ORIENTED_EDGE ( 'NONE', *, *, #7014, .F. ) ;
#1987 = ORIENTED_EDGE ( 'NONE', *, *, #5574, .T. ) ;
#1988 = AXIS2_PLACEMENT_3D ( 'NONE', #5942, #8265, #8121 ) ;
#1989 = FACE_OUTER_BOUND ( 'NONE', #2445, .T. ) ;
#1990 = EDGE_CURVE ( 'NONE', #2577, #6313, #4289, .T. ) ;
#1991 = LINE ( 'NONE', #5087, #4790 ) ;
#1992 = CARTESIAN_POINT ( 'NONE',  ( 77.98218423212628636, 59.97470916941927044, 10.00099999999999945 ) ) ;
#1993 = PLANE ( 'NONE',  #593 ) ;
#1994 = VECTOR ( 'NONE', #8655, 1000.000000000000000 ) ;
#1995 = ORIENTED_EDGE ( 'NONE', *, *, #9743, .F. ) ;
#1996 = ORIENTED_EDGE ( 'NONE', *, *, #7587, .F. ) ;
#1997 = VECTOR ( 'NONE', #890, 1000.000000000000114 ) ;
#1998 = DIRECTION ( 'NONE',  ( 0.000000000000000000, 0.000000000000000000, -1.000000000000000000 ) ) ;
#1999 = EDGE_LOOP ( 'NONE', ( #6826, #7607, #8262, #3771 ) ) ;
#2000 = ORIENTED_EDGE ( 'NONE', *, *, #1513, .T. ) ;
#2001 = CARTESIAN_POINT ( 'NONE',  ( 69.83157658086554420, 23.35317541498460159, 10.00099999999999945 ) ) ;
#2002 = VERTEX_POINT ( 'NONE', #6625 ) ;
#2003 = DIRECTION ( 'NONE',  ( 0.000000000000000000, -0.000000000000000000, -1.000000000000000000 ) ) ;
#2004 = EDGE_CURVE ( 'NONE', #17, #2002, #1795, .T. ) ;
#2005 = FACE_OUTER_BOUND ( 'NONE', #8460, .T. ) ;
#2006 = DIRECTION ( 'NONE',  ( 0.000000000000000000, 0.000000000000000000, -1.000000000000000000 ) ) ;
#2007 = ADVANCED_FACE ( 'NONE', ( #8936 ), #7786, .T. ) ;
#2008 = ORIENTED_EDGE ( 'NONE', *, *, #4795, .F. ) ;
#2009 = ORIENTED_EDGE ( 'NONE', *, *, #6771, .T. ) ;
#2010 = PLANE ( 'NONE',  #9576 ) ;
#2011 = ORIENTED_EDGE ( 'NONE', *, *, #2267, .F. ) ;
#2012 = LINE ( 'NONE', #9712, #2520 ) ;
#2013 = PLANE ( 'NONE',  #2233 ) ;
#2014 = PLANE ( 'NONE',  #1729 ) ;
#2015 = CARTESIAN_POINT ( 'NONE',  ( 77.86692151384302463, 8.415085090169998949, 10.00000000000000000 ) ) ;
#2016 = EDGE_LOOP ( 'NONE', ( #1826, #1133, #2129, #2952, #6092 ) ) ;
#2017 = ORIENTED_EDGE ( 'NONE', *, *, #2440, .T. ) ;
#2018 = LINE ( 'NONE', #5115, #5554 ) ;
#2019 = ORIENTED_EDGE ( 'NONE', *, *, #4497, .T. ) ;
#2020 = LINE ( 'NONE', #8110, #3195 ) ;
#2021 = LINE ( 'NONE', #4917, #6253 ) ;
#2022 = CARTESIAN_POINT ( 'NONE',  ( 20.40280365961182696, 31.99023488137319760, 10.00000000000000000 ) ) ;
#2023 = CARTESIAN_POINT ( 'NONE',  ( 5.871324698771779538, 34.33421759231527659, 6.000000000000000000 ) ) ;
#2024 = ADVANCED_FACE ( 'NONE', ( #8787 ), #1845, .F. ) ;
#2025 = LINE ( 'NONE', #3445, #9319 ) ;
#2026 = VECTOR ( 'NONE', #4330, 1000.000000000000000 ) ;
#2027 = CARTESIAN_POINT ( 'NONE',  ( 77.13093918849631336, 48.18247202539613028, 7.400000000000000355 ) ) ;
#2028 = PLANE ( 'NONE',  #2268 ) ;
#2029 = CARTESIAN_POINT ( 'NONE',  ( 0.000000000000000000, 53.13706121412302252, 4.000000000000000000 ) ) ;
#2030 = EDGE_LOOP ( 'NONE', ( #7080, #6902, #3305, #1686 ) ) ;
#2031 = VERTEX_POINT ( 'NONE', #9036 ) ;
#2032 = AXIS2_PLACEMENT_3D ( 'NONE', #3127, #3231, #7745 ) ;
#2033 = DIRECTION ( 'NONE',  ( 0.8660254037844384856, 0.5000000000000002220, 0.000000000000000000 ) ) ;
#2034 = CARTESIAN_POINT ( 'NONE',  ( 47.32317633251952316, 50.37470916941909138, 7.400000000000000355 ) ) ;
#2035 = DIRECTION ( 'NONE',  ( -0.8660254037844370423, -0.5000000000000028866, 0.000000000000000000 ) ) ;
#2036 = DIRECTION ( 'NONE',  ( -0.8660254037844375974, -0.5000000000000016653, 0.000000000000000000 ) ) ;
#2037 = EDGE_CURVE ( 'NONE', #5152, #616, #1233, .T. ) ;
#2038 = VECTOR ( 'NONE', #4636, 1000.000000000000000 ) ;
#2039 = ORIENTED_EDGE ( 'NONE', *, *, #1444, .F. ) ;
#2040 = VECTOR ( 'NONE', #4596, 1000.000000000000000 ) ;
#2041 = ORIENTED_EDGE ( 'NONE', *, *, #799, .F. ) ;
#2042 = EDGE_LOOP ( 'NONE', ( #116, #175, #4492, #1593 ) ) ;
#2043 = FACE_OUTER_BOUND ( 'NONE', #9407, .T. ) ;
#2044 = ORIENTED_EDGE ( 'NONE', *, *, #3416, .T. ) ;
#2045 = DIRECTION ( 'NONE',  ( 0.000000000000000000, 1.000000000000000000, 0.000000000000000000 ) ) ;
#2046 = VERTEX_POINT ( 'NONE', #532 ) ;
#2047 = CARTESIAN_POINT ( 'NONE',  ( 0.000000000000000000, 0.000000000000000000, 7.400000000000000355 ) ) ;
#2048 = AXIS2_PLACEMENT_3D ( 'NONE', #4543, #6212, #2357 ) ;
#2049 = AXIS2_PLACEMENT_3D ( 'NONE', #6102, #4578, #9129 ) ;
#2050 = LINE ( 'NONE', #4292, #8653 ) ;
#2051 = LINE ( 'NONE', #4293, #4151 ) ;
#2052 = EDGE_CURVE ( 'NONE', #2066, #3378, #3559, .T. ) ;
#2053 = EDGE_LOOP ( 'NONE', ( #290, #8759, #4156, #6580 ) ) ;
#2054 = ORIENTED_EDGE ( 'NONE', *, *, #2365, .T. ) ;
#2055 = VECTOR ( 'NONE', #90, 1000.000000000000000 ) ;
#2056 = VECTOR ( 'NONE', #5592, 1000.000000000000000 ) ;
#2057 = CARTESIAN_POINT ( 'NONE',  ( 27.13093918849685338, 40.18247202539614449, 7.400000000000000355 ) ) ;
#2058 = EDGE_LOOP ( 'NONE', ( #9385, #4626, #2927, #7706 ) ) ;
#2059 = AXIS2_PLACEMENT_3D ( 'NONE', #81, #2367, #801 ) ;
#2060 = FACE_OUTER_BOUND ( 'NONE', #5208, .T. ) ;
#2061 = CARTESIAN_POINT ( 'NONE',  ( 6.938702044474189812, 29.99023488137320115, 7.400000000000000355 ) ) ;
#2062 = DIRECTION ( 'NONE',  ( -0.7071067811865464625, -0.7071067811865486830, 0.000000000000000000 ) ) ;
#2063 = CARTESIAN_POINT ( 'NONE',  ( 40.78727794765736547, 56.37470916941907717, 7.400000000000000355 ) ) ;
#2064 = VERTEX_POINT ( 'NONE', #7422 ) ;
#2065 = VERTEX_POINT ( 'NONE', #1284 ) ;
#2066 = VERTEX_POINT ( 'NONE', #7464 ) ;
#2067 = VECTOR ( 'NONE', #6502, 1000.000000000000000 ) ;
#2068 = FACE_OUTER_BOUND ( 'NONE', #5102, .T. ) ;
#2069 = ORIENTED_EDGE ( 'NONE', *, *, #6794, .T. ) ;
#2070 = EDGE_CURVE ( 'NONE', #1109, #6975, #486, .T. ) ;
#2071 = CARTESIAN_POINT ( 'NONE',  ( 0.000000000000000000, 0.000000000000000000, 7.400000000000000355 ) ) ;
#2072 = LINE ( 'NONE', #5171, #7222 ) ;
#2073 = PLANE ( 'NONE',  #8018 ) ;
#2074 = LINE ( 'NONE', #3635, #1409 ) ;
#2075 = VECTOR ( 'NONE', #725, 1000.000000000000000 ) ;
#2076 = PLANE ( 'NONE',  #6105 ) ;
#2077 = CARTESIAN_POINT ( 'NONE',  ( 11.76207490249132803, 20.37251133354566335, 10.00000000000000000 ) ) ;
#2078 = ORIENTED_EDGE ( 'NONE', *, *, #8138, .F. ) ;
#2079 = ORIENTED_EDGE ( 'NONE', *, *, #2622, .T. ) ;
#2080 = CARTESIAN_POINT ( 'NONE',  ( 10.21056651558905770, 25.79799773735024004, 7.400000000000000355 ) ) ;
#2081 = ORIENTED_EDGE ( 'NONE', *, *, #3089, .T. ) ;
#2082 = EDGE_CURVE ( 'NONE', #7723, #8944, #1459, .T. ) ;
#2083 = VECTOR ( 'NONE', #4210, 1000.000000000000000 ) ;
#2084 = VERTEX_POINT ( 'NONE', #6671 ) ;
#2085 = CARTESIAN_POINT ( 'NONE',  ( 78.03000421669587183, 30.62029848427303591, 10.00099999999999945 ) ) ;
#2086 = DIRECTION ( 'NONE',  ( 0.000000000000000000, 0.000000000000000000, -1.000000000000000000 ) ) ;
#2087 = CARTESIAN_POINT ( 'NONE',  ( 36.63180065388673512, 43.69286487643512373, 3.399999999999983036 ) ) ;
#2088 = PLANE ( 'NONE',  #269 ) ;
#2089 = CARTESIAN_POINT ( 'NONE',  ( 53.66683757335877658, 42.18247202539615159, 7.400000000000000355 ) ) ;
#2090 = AXIS2_PLACEMENT_3D ( 'NONE', #155, #5388, #9993 ) ;
#2091 = ORIENTED_EDGE ( 'NONE', *, *, #1208, .F. ) ;
#2092 = VERTEX_POINT ( 'NONE', #2096 ) ;
#2093 = CARTESIAN_POINT ( 'NONE',  ( 7.130939188497061210, 48.18247202539613028, 10.00000000000000000 ) ) ;
#2094 = EDGE_LOOP ( 'NONE', ( #3091, #8461, #4778, #145 ) ) ;
#2095 = EDGE_CURVE ( 'NONE', #9223, #6404, #6715, .T. ) ;
#2096 = CARTESIAN_POINT ( 'NONE',  ( 10.27348423527721799, 45.25038475940630889, 6.000000000000000000 ) ) ;
#2097 = ORIENTED_EDGE ( 'NONE', *, *, #4063, .F. ) ;
#2098 = CARTESIAN_POINT ( 'NONE',  ( 33.28236328531323807, 23.35317541498461225, 10.00099999999999945 ) ) ;
#2099 = AXIS2_PLACEMENT_3D ( 'NONE', #8178, #9744, #4341 ) ;
#2100 = CARTESIAN_POINT ( 'NONE',  ( 64.56983569344401985, 35.50332283157010949, -8.271542309605473875 ) ) ;
#2101 = CARTESIAN_POINT ( 'NONE',  ( 43.47460042933601443, 31.99023488137320470, 10.00000000000000000 ) ) ;
#2102 = EDGE_CURVE ( 'NONE', #7510, #4813, #2808, .T. ) ;
#2103 = ORIENTED_EDGE ( 'NONE', *, *, #2613, .T. ) ;
#2104 = VERTEX_POINT ( 'NONE', #5194 ) ;
#2105 = VECTOR ( 'NONE', #5337, 1000.000000000000227 ) ;
#2106 = DIRECTION ( 'NONE',  ( -0.000000000000000000, -0.000000000000000000, 1.000000000000000000 ) ) ;
#2107 = EDGE_LOOP ( 'NONE', ( #3201, #9733, #5928, #5188 ) ) ;
#2108 = ADVANCED_FACE ( 'NONE', ( #9626 ), #7355, .T. ) ;
#2109 = EDGE_CURVE ( 'NONE', #6004, #1070, #3398, .T. ) ;
#2110 = EDGE_CURVE ( 'NONE', #1952, #8028, #1215, .T. ) ;
#2111 = DIRECTION ( 'NONE',  ( -0.000000000000000000, -0.000000000000000000, 1.000000000000000000 ) ) ;
#2112 = CARTESIAN_POINT ( 'NONE',  ( 10.40280365961193354, 35.99023488137318338, 7.400000000000000355 ) ) ;
#2113 = DIRECTION ( 'NONE',  ( -0.000000000000000000, 0.000000000000000000, 1.000000000000000000 ) ) ;
#2114 = CARTESIAN_POINT ( 'NONE',  ( 77.86692151384301042, 56.44252476504900073, 10.00000000000000000 ) ) ;
#2115 = EDGE_CURVE ( 'NONE', #3784, #326, #1825, .T. ) ;
#2116 = ORIENTED_EDGE ( 'NONE', *, *, #3660, .T. ) ;
#2117 = ORIENTED_EDGE ( 'NONE', *, *, #9869, .T. ) ;
#2118 = FACE_OUTER_BOUND ( 'NONE', #8266, .T. ) ;
#2119 = ORIENTED_EDGE ( 'NONE', *, *, #7838, .F. ) ;
#2120 = CARTESIAN_POINT ( 'NONE',  ( 73.47460042933569468, 35.99023488137317628, 7.400000000000000355 ) ) ;
#2121 = VERTEX_POINT ( 'NONE', #2791 ) ;
#2122 = AXIS2_PLACEMENT_3D ( 'NONE', #1302, #1937, #9817 ) ;
#2123 = CARTESIAN_POINT ( 'NONE',  ( 30.59504080363459622, 46.18247202539613028, 7.400000000000000355 ) ) ;
#2124 = LINE ( 'NONE', #8257, #3329 ) ;
#2125 = FACE_BOUND ( 'NONE', #8276, .T. ) ;
#2126 = CARTESIAN_POINT ( 'NONE',  ( 37.32317633251962263, 58.37470916941907717, 7.400000000000000355 ) ) ;
#2127 = FACE_OUTER_BOUND ( 'NONE', #747, .T. ) ;
#2128 = CARTESIAN_POINT ( 'NONE',  ( 65.74084972657723824, 23.61190122397092495, 1.109997883926998163 ) ) ;
#2129 = ORIENTED_EDGE ( 'NONE', *, *, #9764, .T. ) ;
#2130 = ADVANCED_FACE ( 'NONE', ( #5127 ), #7259, .F. ) ;
#2131 = CARTESIAN_POINT ( 'NONE',  ( 13.85907471738207697, 52.37470916941909849, 7.400000000000000355 ) ) ;
#2132 = VERTEX_POINT ( 'NONE', #5737 ) ;
#2133 = ORIENTED_EDGE ( 'NONE', *, *, #1111, .F. ) ;
#2134 = CARTESIAN_POINT ( 'NONE',  ( 17.46155956311902457, 19.96343870725181802, 10.00099999999999945 ) ) ;
#2135 = CARTESIAN_POINT ( 'NONE',  ( 60.78727794765715231, 52.37470916941909138, 7.400000000000000355 ) ) ;
#2136 = DIRECTION ( 'NONE',  ( -0.0001978291858416224519, -0.9999999804318063790, 0.000000000000000000 ) ) ;
#2137 = VECTOR ( 'NONE', #2361, 1000.000000000000000 ) ;
#2138 = DIRECTION ( 'NONE',  ( -0.000000000000000000, -0.000000000000000000, 1.000000000000000000 ) ) ;
#2139 = LINE ( 'NONE', #5234, #6264 ) ;
#2140 = CARTESIAN_POINT ( 'NONE',  ( 46.93870204447377148, 37.99023488137319049, 10.00000000000000000 ) ) ;
#2141 = EDGE_CURVE ( 'NONE', #7670, #5084, #4224, .T. ) ;
#2142 = EDGE_CURVE ( 'NONE', #5146, #3874, #4320, .T. ) ;
#2143 = ORIENTED_EDGE ( 'NONE', *, *, #9316, .T. ) ;
#2144 = ORIENTED_EDGE ( 'NONE', *, *, #7328, .F. ) ;
#2145 = DIRECTION ( 'NONE',  ( -0.8660254037844377084, 0.5000000000000015543, 0.000000000000000000 ) ) ;
#2146 = VECTOR ( 'NONE', #3450, 1000.000000000000227 ) ;
#2147 = VERTEX_POINT ( 'NONE', #2690 ) ;
#2148 = EDGE_LOOP ( 'NONE', ( #2447, #1466, #9998, #3836 ) ) ;
#2149 = LINE ( 'NONE', #8329, #8571 ) ;
#2150 = LINE ( 'NONE', #5243, #5425 ) ;
#2151 = PLANE ( 'NONE',  #5618 ) ;
#2152 = AXIS2_PLACEMENT_3D ( 'NONE', #6889, #4558, #4703 ) ;
#2153 = EDGE_CURVE ( 'NONE', #1610, #5766, #5793, .T. ) ;
#2154 = ADVANCED_FACE ( 'NONE', ( #7403 ), #4924, .F. ) ;
#2155 = ORIENTED_EDGE ( 'NONE', *, *, #9025, .F. ) ;
#2156 = VERTEX_POINT ( 'NONE', #4274 ) ;
#2157 = PLANE ( 'NONE',  #1651 ) ;
#2158 = ORIENTED_EDGE ( 'NONE', *, *, #338, .F. ) ;
#2159 = VECTOR ( 'NONE', #5811, 1000.000000000000000 ) ;
#2160 = EDGE_LOOP ( 'NONE', ( #2681, #6236, #4031, #3624 ) ) ;
#2161 = FACE_OUTER_BOUND ( 'NONE', #9185, .T. ) ;
#2162 = DIRECTION ( 'NONE',  ( 0.000000000000000000, 0.000000000000000000, 1.000000000000000000 ) ) ;
#2163 = EDGE_CURVE ( 'NONE', #1807, #6354, #2746, .T. ) ;
#2164 = CARTESIAN_POINT ( 'NONE',  ( 6.938702044474186259, 37.99023488137319049, 7.400000000000000355 ) ) ;
#2165 = CARTESIAN_POINT ( 'NONE',  ( 63.47460042933579416, 31.99023488137320470, 7.400000000000000355 ) ) ;
#2166 = ORIENTED_EDGE ( 'NONE', *, *, #796, .T. ) ;
#2167 = ORIENTED_EDGE ( 'NONE', *, *, #9140, .T. ) ;
#2168 = CARTESIAN_POINT ( 'NONE',  ( 70.21056651558843953, 21.79799773735025070, 7.400000000000000355 ) ) ;
#2169 = VERTEX_POINT ( 'NONE', #3497 ) ;
#2170 = DIRECTION ( 'NONE',  ( 0.000000000000000000, -1.000000000000000000, 0.000000000000000000 ) ) ;
#2171 = VERTEX_POINT ( 'NONE', #1064 ) ;
#2172 = EDGE_CURVE ( 'NONE', #6975, #7530, #5842, .T. ) ;
#2173 = LINE ( 'NONE', #2123, #9027 ) ;
#2174 = CARTESIAN_POINT ( 'NONE',  ( 41.42884860408194214, 27.75317541498460372, 10.00000000000000000 ) ) ;
#2175 = FACE_BOUND ( 'NONE', #9473, .T. ) ;
#2176 = CARTESIAN_POINT ( 'NONE',  ( 0.000000000000000000, 12.01402484683418415, 4.000000000000000000 ) ) ;
#2177 = DIRECTION ( 'NONE',  ( 0.8660254037844384856, 0.5000000000000002220, 0.000000000000000000 ) ) ;
#2178 = FACE_OUTER_BOUND ( 'NONE', #6876, .T. ) ;
#2179 = ORIENTED_EDGE ( 'NONE', *, *, #5082, .T. ) ;
#2180 = DIRECTION ( 'NONE',  ( 1.000000000000000000, 0.000000000000000000, -0.000000000000000000 ) ) ;
#2181 = EDGE_LOOP ( 'NONE', ( #6379, #5503, #5549, #3886 ) ) ;
#2182 = VERTEX_POINT ( 'NONE', #8964 ) ;
#2183 = CARTESIAN_POINT ( 'NONE',  ( 5.000000000000030198, 26.78967575694445813, 10.00000000000000000 ) ) ;
#2184 = EDGE_CURVE ( 'NONE', #6660, #9187, #9578, .T. ) ;
#2185 = CARTESIAN_POINT ( 'NONE',  ( 7.188803657608023201, 8.415085090169998949, 10.00000000000000000 ) ) ;
#2186 = VECTOR ( 'NONE', #9588, 1000.000000000000000 ) ;
#2187 = LINE ( 'NONE', #6908, #4939 ) ;
#2188 = DIRECTION ( 'NONE',  ( -0.7071067811865497932, -0.7071067811865453523, 0.000000000000000000 ) ) ;
#2189 = CARTESIAN_POINT ( 'NONE',  ( 12.07195935263212583, 58.33397611666538296, 4.000000000000000000 ) ) ;
#2190 = DIRECTION ( 'NONE',  ( -0.8660254037844385966, 0.5000000000000000000, 0.000000000000000000 ) ) ;
#2191 = ORIENTED_EDGE ( 'NONE', *, *, #4507, .T. ) ;
#2192 = EDGE_LOOP ( 'NONE', ( #2222, #169, #4241, #318, #9045 ) ) ;
#2193 = VECTOR ( 'NONE', #408, 1000.000000000000227 ) ;
#2194 = CARTESIAN_POINT ( 'NONE',  ( 10.21056651558905770, 25.79799773735024004, 10.00000000000000000 ) ) ;
#2195 = ORIENTED_EDGE ( 'NONE', *, *, #417, .T. ) ;
#2196 = ORIENTED_EDGE ( 'NONE', *, *, #9897, .T. ) ;
#2197 = CARTESIAN_POINT ( 'NONE',  ( 5.000000000000903277, 57.98214359204602175, 10.00000000000000000 ) ) ;
#2198 = CARTESIAN_POINT ( 'NONE',  ( 55.42884860408194214, 26.75317541498458951, 4.000000000000000000 ) ) ;
#2199 = CARTESIAN_POINT ( 'NONE',  ( 76.16692151384303600, 8.415085090169998949, 0.000000000000000000 ) ) ;
#2200 = VECTOR ( 'NONE', #4574, 1000.000000000000000 ) ;
#2201 = VECTOR ( 'NONE', #6880, 1000.000000000000000 ) ;
#2202 = ORIENTED_EDGE ( 'NONE', *, *, #5156, .F. ) ;
#2203 = EDGE_LOOP ( 'NONE', ( #3276, #9751, #4930, #8923 ) ) ;
#2204 = ORIENTED_EDGE ( 'NONE', *, *, #5920, .F. ) ;
#2205 = PLANE ( 'NONE',  #5383 ) ;
#2206 = ORIENTED_EDGE ( 'NONE', *, *, #3951, .F. ) ;
#2207 = VECTOR ( 'NONE', #4793, 1000.000000000000000 ) ;
#2208 = VECTOR ( 'NONE', #3293, 1000.000000000000227 ) ;
#2209 = ADVANCED_FACE ( 'NONE', ( #6658 ), #8818, .F. ) ;
#2210 = ADVANCED_FACE ( 'NONE', ( #9727 ), #2028, .F. ) ;
#2211 = CARTESIAN_POINT ( 'NONE',  ( 76.93870204447344463, 37.99023488137319049, 7.400000000000000355 ) ) ;
#2212 = FACE_OUTER_BOUND ( 'NONE', #2360, .T. ) ;
#2213 = DIRECTION ( 'NONE',  ( -0.000000000000000000, -0.000000000000000000, 1.000000000000000000 ) ) ;
#2214 = VECTOR ( 'NONE', #2036, 1000.000000000000114 ) ;
#2215 = VECTOR ( 'NONE', #7467, 1000.000000000000000 ) ;
#2216 = DIRECTION ( 'NONE',  ( -0.000000000000000000, -0.000000000000000000, 1.000000000000000000 ) ) ;
#2217 = ORIENTED_EDGE ( 'NONE', *, *, #5353, .F. ) ;
#2218 = ORIENTED_EDGE ( 'NONE', *, *, #7992, .F. ) ;
#2219 = DIRECTION ( 'NONE',  ( -0.8660254037844378194, 0.5000000000000015543, 0.000000000000000000 ) ) ;
#2220 = VERTEX_POINT ( 'NONE', #8068 ) ;
#2221 = CARTESIAN_POINT ( 'NONE',  ( 40.70065559444936554, 40.69063719969623349, 0.000000000000000000 ) ) ;
#2222 = ORIENTED_EDGE ( 'NONE', *, *, #7737, .F. ) ;
#2223 = EDGE_CURVE ( 'NONE', #6749, #3411, #363, .T. ) ;
#2224 = VECTOR ( 'NONE', #722, 1000.000000000000227 ) ;
#2225 = AXIS2_PLACEMENT_3D ( 'NONE', #6347, #821, #7000 ) ;
#2226 = DIRECTION ( 'NONE',  ( 1.000000000000000000, 0.000000000000000000, -0.000000000000000000 ) ) ;
#2227 = CARTESIAN_POINT ( 'NONE',  ( 30.40280365961172038, 31.99023488137319760, 7.400000000000000355 ) ) ;
#2228 = PLANE ( 'NONE',  #5596 ) ;
#2229 = LINE ( 'NONE', #6746, #6759 ) ;
#2230 = DIRECTION ( 'NONE',  ( 0.000000000000000000, 0.7071067811865556774, 0.7071067811865393571 ) ) ;
#2231 = CARTESIAN_POINT ( 'NONE',  ( 40.83180065388673796, 43.69286487643512373, 1.699885383662997906 ) ) ;
#2232 = EDGE_LOOP ( 'NONE', ( #1347, #3121, #6467, #4200 ) ) ;
#2233 = AXIS2_PLACEMENT_3D ( 'NONE', #6437, #2674, #9563 ) ;
#2234 = ADVANCED_FACE ( 'NONE', ( #6555 ), #4540, .T. ) ;
#2235 = LINE ( 'NONE', #1623, #3116 ) ;
#2236 = ORIENTED_EDGE ( 'NONE', *, *, #1102, .T. ) ;
#2237 = ORIENTED_EDGE ( 'NONE', *, *, #276, .F. ) ;
#2238 = DIRECTION ( 'NONE',  ( -0.7049845209112707289, 0.7092226908915888473, 0.000000000000000000 ) ) ;
#2239 = VECTOR ( 'NONE', #5863, 1000.000000000000000 ) ;
#2240 = FACE_OUTER_BOUND ( 'NONE', #1071, .T. ) ;
#2241 = CARTESIAN_POINT ( 'NONE',  ( 60.59504080363427647, 42.18247202539614449, 7.400000000000000355 ) ) ;
#2242 = DIRECTION ( 'NONE',  ( -0.000000000000000000, -0.000000000000000000, -1.000000000000000000 ) ) ;
#2243 = CARTESIAN_POINT ( 'NONE',  ( 13.28236328531345123, 21.79799773735025781, 10.00000000000000000 ) ) ;
#2244 = LINE ( 'NONE', #9939, #1429 ) ;
#2245 = EDGE_CURVE ( 'NONE', #5798, #8796, #1332, .T. ) ;
#2246 = EDGE_CURVE ( 'NONE', #2066, #67, #7622, .T. ) ;
#2247 = VERTEX_POINT ( 'NONE', #19 ) ;
#2248 = VERTEX_POINT ( 'NONE', #1382 ) ;
#2249 = PRODUCT ( '\X2\63a565367aef656370ed\X0\', '\X2\63a565367aef656370ed\X0\', '', ( #4461 ) ) ;
#2250 = VECTOR ( 'NONE', #762, 1000.000000000000000 ) ;
#2251 = LINE ( 'NONE', #2301, #4420 ) ;
#2252 = ORIENTED_EDGE ( 'NONE', *, *, #2588, .T. ) ;
#2253 = ORIENTED_EDGE ( 'NONE', *, *, #2738, .T. ) ;
#2254 = DIRECTION ( 'NONE',  ( -0.000000000000000000, 0.000000000000000000, -1.000000000000000000 ) ) ;
#2255 = LINE ( 'NONE', #6973, #569 ) ;
#2256 = DIRECTION ( 'NONE',  ( -0.7071067811865497932, -0.7071067811865453523, 0.000000000000000000 ) ) ;
#2257 = VECTOR ( 'NONE', #4898, 1000.000000000000227 ) ;
#2258 = EDGE_CURVE ( 'NONE', #8313, #5101, #3661, .T. ) ;
#2259 = EDGE_CURVE ( 'NONE', #7917, #5643, #5196, .T. ) ;
#2260 = ORIENTED_EDGE ( 'NONE', *, *, #8760, .T. ) ;
#2261 = ORIENTED_EDGE ( 'NONE', *, *, #853, .F. ) ;
#2262 = DIRECTION ( 'NONE',  ( 0.000000000000000000, 1.000000000000000000, 0.000000000000000000 ) ) ;
#2263 = ORIENTED_EDGE ( 'NONE', *, *, #8203, .T. ) ;
#2264 = ADVANCED_FACE ( 'NONE', ( #786 ), #1443, .T. ) ;
#2265 = CARTESIAN_POINT ( 'NONE',  ( -21.63100838201660636, 21.63100838201653531, 4.000000000000000000 ) ) ;
#2266 = CARTESIAN_POINT ( 'NONE',  ( 5.871324698771779538, 34.33421759231527659, 7.400000000000000355 ) ) ;
#2267 = EDGE_CURVE ( 'NONE', #1290, #7263, #8383, .T. ) ;
#2268 = AXIS2_PLACEMENT_3D ( 'NONE', #9527, #4980, #7309 ) ;
#2269 = PLANE ( 'NONE',  #2735 ) ;
#2270 = ORIENTED_EDGE ( 'NONE', *, *, #8619, .T. ) ;
#2271 = EDGE_LOOP ( 'NONE', ( #9983, #9413, #3215, #1016 ) ) ;
#2272 = EDGE_CURVE ( 'NONE', #3566, #983, #10003, .T. ) ;
#2273 = DIRECTION ( 'NONE',  ( 0.5000000000000003331, -0.8660254037844385966, 0.000000000000000000 ) ) ;
#2274 = VERTEX_POINT ( 'NONE', #6971 ) ;
#2275 = DIRECTION ( 'NONE',  ( -0.7070197385735546014, 0.7071938130861881167, 0.000000000000000000 ) ) ;
#2276 = EDGE_LOOP ( 'NONE', ( #9154, #929, #5698, #7854, #4335, #5765 ) ) ;
#2277 = DIRECTION ( 'NONE',  ( -0.8660254037844381525, 0.5000000000000007772, 0.000000000000000000 ) ) ;
#2278 = CARTESIAN_POINT ( 'NONE',  ( 0.000000000000000000, 0.000000000000000000, 0.000000000000000000 ) ) ;
#2279 = CARTESIAN_POINT ( 'NONE',  ( 73.66683757335856342, 46.18247202539612317, 7.400000000000000355 ) ) ;
#2280 = FACE_OUTER_BOUND ( 'NONE', #6637, .T. ) ;
#2281 = LINE ( 'NONE', #9829, #9516 ) ;
#2282 = ORIENTED_EDGE ( 'NONE', *, *, #4137, .T. ) ;
#2283 = EDGE_CURVE ( 'NONE', #8878, #6378, #5349, .T. ) ;
#2284 = EDGE_CURVE ( 'NONE', #9893, #2908, #2149, .T. ) ;
#2285 = EDGE_CURVE ( 'NONE', #352, #1109, #9946, .T. ) ;
#2286 = CARTESIAN_POINT ( 'NONE',  ( -1.295857478532058682, 0.4758106805710405895, 4.000000000000000000 ) ) ;
#2287 = EDGE_LOOP ( 'NONE', ( #6388, #4775, #4847, #8417 ) ) ;
#2288 = EDGE_LOOP ( 'NONE', ( #2019, #1305, #1557, #2081 ) ) ;
#2289 = CARTESIAN_POINT ( 'NONE',  ( 23.28236328531334465, 25.79799773735023294, 10.00000000000000000 ) ) ;
#2290 = DIRECTION ( 'NONE',  ( 0.000000000000000000, 0.000000000000000000, -1.000000000000000000 ) ) ;
#2291 = DIRECTION ( 'NONE',  ( 0.000000000000000000, 1.000000000000000000, 0.000000000000000000 ) ) ;
#2292 = CARTESIAN_POINT ( 'NONE',  ( 73.15243468099103552, 20.03231731485909961, 4.000000000000000000 ) ) ;
#2293 = FACE_OUTER_BOUND ( 'NONE', #7878, .T. ) ;
#2294 = FACE_OUTER_BOUND ( 'NONE', #4184, .T. ) ;
#2295 = VECTOR ( 'NONE', #36, 1000.000000000000000 ) ;
#2296 = DIRECTION ( 'NONE',  ( 0.000000000000000000, 1.000000000000000000, 0.000000000000000000 ) ) ;
#2297 = ADVANCED_FACE ( 'NONE', ( #7575 ), #7724, .F. ) ;
#2298 = ADVANCED_FACE ( 'NONE', ( #2960 ), #9899, .T. ) ;
#2299 = VERTEX_POINT ( 'NONE', #2197 ) ;
#2300 = VERTEX_POINT ( 'NONE', #1495 ) ;
#2301 = CARTESIAN_POINT ( 'NONE',  ( 78.03203064794003296, 52.35311032234201889, 10.00000000000000000 ) ) ;
#2302 = ORIENTED_EDGE ( 'NONE', *, *, #5869, .T. ) ;
#2303 = EDGE_CURVE ( 'NONE', #5993, #4571, #5295, .T. ) ;
#2304 = ORIENTED_EDGE ( 'NONE', *, *, #2115, .T. ) ;
#2305 = LINE ( 'NONE', #5398, #4692 ) ;
#2306 = CARTESIAN_POINT ( 'NONE',  ( 43.66683757335889027, 42.18247202539615159, 10.00000000000000000 ) ) ;
#2307 = EDGE_CURVE ( 'NONE', #8878, #1180, #7674, .T. ) ;
#2308 = DIRECTION ( 'NONE',  ( 0.8660254037844385966, -0.5000000000000000000, 0.000000000000000000 ) ) ;
#2309 = EDGE_CURVE ( 'NONE', #5331, #6955, #3816, .T. ) ;
#2310 = VECTOR ( 'NONE', #8188, 1000.000000000000000 ) ;
#2311 = ORIENTED_EDGE ( 'NONE', *, *, #1856, .T. ) ;
#2312 = VERTEX_POINT ( 'NONE', #9239 ) ;
#2313 = CARTESIAN_POINT ( 'NONE',  ( 13.28236328531345123, 25.79799773735023294, 10.00000000000000000 ) ) ;
#2314 = ORIENTED_EDGE ( 'NONE', *, *, #1207, .T. ) ;
#2315 = EDGE_CURVE ( 'NONE', #7429, #5331, #2305, .T. ) ;
#2316 = VECTOR ( 'NONE', #5333, 1000.000000000000000 ) ;
#2317 = ADVANCED_FACE ( 'NONE', ( #117 ), #7769, .F. ) ;
#2318 = EDGE_CURVE ( 'NONE', #8576, #8382, #7110, .T. ) ;
#2319 = CARTESIAN_POINT ( 'NONE',  ( 76.93870204447344463, 29.99023488137320115, 10.00000000000000000 ) ) ;
#2320 = FACE_BOUND ( 'NONE', #4428, .T. ) ;
#2321 = CARTESIAN_POINT ( 'NONE',  ( 73.47460042933569468, 31.99023488137320470, 10.00000000000000000 ) ) ;
#2322 = EDGE_LOOP ( 'NONE', ( #6059, #886, #4236, #2328, #3092, #2990 ) ) ;
#2323 = VERTEX_POINT ( 'NONE', #1687 ) ;
#2324 = DIRECTION ( 'NONE',  ( -0.8660254037844379305, 0.5000000000000011102, 0.000000000000000000 ) ) ;
#2325 = VECTOR ( 'NONE', #4665, 1000.000000000000000 ) ;
#2326 = ORIENTED_EDGE ( 'NONE', *, *, #6394, .T. ) ;
#2327 = DIRECTION ( 'NONE',  ( -0.8660254037844377084, 0.5000000000000015543, 0.000000000000000000 ) ) ;
#2328 = ORIENTED_EDGE ( 'NONE', *, *, #6024, .T. ) ;
#2329 = EDGE_CURVE ( 'NONE', #6891, #5882, #9337, .T. ) ;
#2330 = CARTESIAN_POINT ( 'NONE',  ( 63.47460042933579416, 31.99023488137320470, 10.00000000000000000 ) ) ;
#2331 = CARTESIAN_POINT ( 'NONE',  ( 11.68769779765030314, 43.83617119703320952, 4.000000000000000000 ) ) ;
#2332 = PRODUCT_DEFINITION_SHAPE ( 'NONE', 'NONE',  #7405 ) ;
#2333 = FACE_OUTER_BOUND ( 'NONE', #520, .T. ) ;
#2334 = CARTESIAN_POINT ( 'NONE',  ( 43.66683757335889027, 46.18247202539612317, 7.400000000000000355 ) ) ;
#2335 = ORIENTED_EDGE ( 'NONE', *, *, #3257, .T. ) ;
#2336 = DIRECTION ( 'NONE',  ( -1.000000000000000000, 0.000000000000000000, 0.000000000000000000 ) ) ;
#2337 = ORIENTED_EDGE ( 'NONE', *, *, #5768, .F. ) ;
#2338 = VERTEX_POINT ( 'NONE', #7210 ) ;
#2339 = CARTESIAN_POINT ( 'NONE',  ( 16.74646490045120828, 19.79799773735025425, 7.400000000000000355 ) ) ;
#2340 = ADVANCED_FACE ( 'NONE', ( #5447 ), #68, .T. ) ;
#2341 = EDGE_CURVE ( 'NONE', #6677, #632, #2496, .T. ) ;
#2342 = PLANE ( 'NONE',  #9663 ) ;
#2343 = LINE ( 'NONE', #3804, #2829 ) ;
#2344 = LINE ( 'NONE', #8321, #3992 ) ;
#2345 = CARTESIAN_POINT ( 'NONE',  ( 27.32317633251972566, 58.37470916941907717, 7.400000000000000355 ) ) ;
#2346 = DIRECTION ( 'NONE',  ( -0.8660254037844375974, -0.5000000000000016653, 0.000000000000000000 ) ) ;
#2347 = CARTESIAN_POINT ( 'NONE',  ( 24.39487291362403099, 59.35339717067414256, 6.000000000000000000 ) ) ;
#2348 = EDGE_LOOP ( 'NONE', ( #999, #7774, #9260, #803 ) ) ;
#2349 = ORIENTED_EDGE ( 'NONE', *, *, #2109, .F. ) ;
#2350 = LINE ( 'NONE', #729, #4584 ) ;
#2351 = ORIENTED_EDGE ( 'NONE', *, *, #319, .F. ) ;
#2352 = ORIENTED_EDGE ( 'NONE', *, *, #2677, .T. ) ;
#2353 = VECTOR ( 'NONE', #9241, 1000.000000000000000 ) ;
#2354 = CARTESIAN_POINT ( 'NONE',  ( 50.78727794765726600, 52.37470916941909138, 10.00000000000000000 ) ) ;
#2355 = EDGE_CURVE ( 'NONE', #3601, #5643, #4121, .T. ) ;
#2356 = CARTESIAN_POINT ( 'NONE',  ( 42.42884860408194214, 27.75317541498460372, 4.000000000000000000 ) ) ;
#2357 = DIRECTION ( 'NONE',  ( -0.8660254037844381525, 0.5000000000000008882, 0.000000000000000000 ) ) ;
#2358 = VECTOR ( 'NONE', #9114, 1000.000000000000000 ) ;
#2359 = ORIENTED_EDGE ( 'NONE', *, *, #7762, .T. ) ;
#2360 = EDGE_LOOP ( 'NONE', ( #9200, #6852, #6765, #3686 ) ) ;
#2361 = DIRECTION ( 'NONE',  ( 0.000000000000000000, 1.000000000000000000, 0.000000000000000000 ) ) ;
#2362 = ORIENTED_EDGE ( 'NONE', *, *, #5950, .F. ) ;
#2363 = AXIS2_PLACEMENT_3D ( 'NONE', #2265, #2969, #1296 ) ;
#2364 = CARTESIAN_POINT ( 'NONE',  ( 55.42884860408193504, 24.35317541498459448, 4.000000000000000000 ) ) ;
#2365 = EDGE_CURVE ( 'NONE', #9594, #2403, #3150, .T. ) ;
#2366 = EDGE_CURVE ( 'NONE', #8749, #3601, #7814, .T. ) ;
#2367 = DIRECTION ( 'NONE',  ( 0.000000000000000000, 0.000000000000000000, -1.000000000000000000 ) ) ;
#2368 = LINE ( 'NONE', #31, #3694 ) ;
#2369 = ORIENTED_EDGE ( 'NONE', *, *, #5408, .T. ) ;
#2370 = ORIENTED_EDGE ( 'NONE', *, *, #4905, .T. ) ;
#2371 = VECTOR ( 'NONE', #6475, 1000.000000000000227 ) ;
#2372 = VECTOR ( 'NONE', #6153, 1000.000000000000114 ) ;
#2373 = DIRECTION ( 'NONE',  ( 0.8660254037844394848, -0.4999999999999985012, 0.000000000000000000 ) ) ;
#2374 = ORIENTED_EDGE ( 'NONE', *, *, #1055, .T. ) ;
#2375 = DIRECTION ( 'NONE',  ( -1.000000000000000000, 0.000000000000000000, -0.000000000000000000 ) ) ;
#2376 = VECTOR ( 'NONE', #8885, 1000.000000000000227 ) ;
#2377 = VECTOR ( 'NONE', #9862, 1000.000000000000000 ) ;
#2378 = DIRECTION ( 'NONE',  ( 0.5000000000000003331, -0.8660254037844385966, 0.000000000000000000 ) ) ;
#2379 = CARTESIAN_POINT ( 'NONE',  ( 6.554227756428439911, 9.605760593327309138, 7.400000000000000355 ) ) ;
#2380 = DIRECTION ( 'NONE',  ( 0.8660254037844385966, -0.5000000000000000000, 0.000000000000000000 ) ) ;
#2381 = LINE ( 'NONE', #45, #3534 ) ;
#2382 = ORIENTED_EDGE ( 'NONE', *, *, #2258, .F. ) ;
#2383 = EDGE_CURVE ( 'NONE', #2300, #1390, #3252, .T. ) ;
#2384 = VECTOR ( 'NONE', #1313, 1000.000000000000227 ) ;
#2385 = VECTOR ( 'NONE', #8730, 1000.000000000000000 ) ;
#2386 = CARTESIAN_POINT ( 'NONE',  ( 40.59504080363448963, 42.18247202539614449, 7.400000000000000355 ) ) ;
#2387 = ORIENTED_EDGE ( 'NONE', *, *, #6230, .T. ) ;
#2388 = ORIENTED_EDGE ( 'NONE', *, *, #9779, .F. ) ;
#2389 = LINE ( 'NONE', #2339, #4546 ) ;
#2390 = DIRECTION ( 'NONE',  ( 3.011203194556595896E-16, 1.000000000000000000, -0.000000000000000000 ) ) ;
#2391 = PLANE ( 'NONE',  #3970 ) ;
#2392 = CARTESIAN_POINT ( 'NONE',  ( 80.59504080363404910, 46.18247202539613028, 10.00000000000000000 ) ) ;
#2393 = VECTOR ( 'NONE', #4648, 1000.000000000000000 ) ;
#2394 = DIRECTION ( 'NONE',  ( 1.000000000000000000, -0.000000000000000000, 0.000000000000000000 ) ) ;
#2395 = CARTESIAN_POINT ( 'NONE',  ( 0.000000000000000000, 28.88980021391638431, 0.9599999985689978699 ) ) ;
#2396 = CARTESIAN_POINT ( 'NONE',  ( 54.42884860408192793, 27.75317541498460372, 10.00000000000000000 ) ) ;
#2397 = ORIENTED_EDGE ( 'NONE', *, *, #2153, .F. ) ;
#2398 = ORIENTED_EDGE ( 'NONE', *, *, #852, .T. ) ;
#2399 = EDGE_CURVE ( 'NONE', #7153, #7168, #1735, .T. ) ;
#2400 = CARTESIAN_POINT ( 'NONE',  ( 17.46155956311902457, 19.96343870725181802, 4.000000000000000000 ) ) ;
#2401 = ORIENTED_EDGE ( 'NONE', *, *, #1435, .F. ) ;
#2402 = VECTOR ( 'NONE', #6604, 999.9999999999998863 ) ;
#2403 = VERTEX_POINT ( 'NONE', #8729 ) ;
#2404 = CARTESIAN_POINT ( 'NONE',  ( 24.39487291362403099, 59.35339717067414256, 6.000000000000000000 ) ) ;
#2405 = LINE ( 'NONE', #4122, #8375 ) ;
#2406 = CARTESIAN_POINT ( 'NONE',  ( 0.000000000000000000, 51.26230093957098433, 4.000000000000000000 ) ) ;
#2407 = LINE ( 'NONE', #268, #1894 ) ;
#2408 = VECTOR ( 'NONE', #502, 1000.000000000000227 ) ;
#2409 = ORIENTED_EDGE ( 'NONE', *, *, #9514, .T. ) ;
#2410 = VERTEX_POINT ( 'NONE', #4682 ) ;
#2411 = EDGE_CURVE ( 'NONE', #4915, #2248, #4734, .T. ) ;
#2412 = CARTESIAN_POINT ( 'NONE',  ( 70.21056651558843953, 21.79799773735025070, 7.400000000000000355 ) ) ;
#2413 = VERTEX_POINT ( 'NONE', #1596 ) ;
#2414 = VERTEX_POINT ( 'NONE', #2354 ) ;
#2415 = VECTOR ( 'NONE', #9605, 1000.000000000000000 ) ;
#2416 = CARTESIAN_POINT ( 'NONE',  ( 79.97474980950003953, 6.992565577373023977, 0.000000000000000000 ) ) ;
#2417 = FACE_OUTER_BOUND ( 'NONE', #3735, .T. ) ;
#2418 = ADVANCED_FACE ( 'NONE', ( #881 ), #9386, .F. ) ;
#2419 = FACE_BOUND ( 'NONE', #8534, .T. ) ;
#2420 = CARTESIAN_POINT ( 'NONE',  ( 74.46692151384306158, 56.44252476504900073, 10.00099999999999945 ) ) ;
#2421 = ORIENTED_EDGE ( 'NONE', *, *, #199, .F. ) ;
#2422 = ORIENTED_EDGE ( 'NONE', *, *, #2705, .F. ) ;
#2423 = CARTESIAN_POINT ( 'NONE',  ( 33.28236328531323807, 25.79799773735023294, 7.400000000000000355 ) ) ;
#2424 = ORIENTED_EDGE ( 'NONE', *, *, #8388, .F. ) ;
#2425 = VECTOR ( 'NONE', #7516, 1000.000000000000000 ) ;
#2426 = CARTESIAN_POINT ( 'NONE',  ( 13.47460042933632707, 35.99023488137317628, 7.400000000000000355 ) ) ;
#2427 = CARTESIAN_POINT ( 'NONE',  ( 40.59504080363448963, 46.18247202539613028, 7.400000000000000355 ) ) ;
#2428 = CARTESIAN_POINT ( 'NONE',  ( 16.74646490045120828, 19.79799773735025425, 7.400000000000000355 ) ) ;
#2429 = FACE_OUTER_BOUND ( 'NONE', #7914, .T. ) ;
#2430 = ORIENTED_EDGE ( 'NONE', *, *, #3956, .F. ) ;
#2431 = VECTOR ( 'NONE', #6956, 1000.000000000000000 ) ;
#2432 = CARTESIAN_POINT ( 'NONE',  ( 6.938702044474186259, 37.99023488137319049, 7.400000000000000355 ) ) ;
#2433 = EDGE_LOOP ( 'NONE', ( #997, #8368, #9105, #6025 ) ) ;
#2434 = ORIENTED_EDGE ( 'NONE', *, *, #3188, .T. ) ;
#2435 = LINE ( 'NONE', #1671, #458 ) ;
#2436 = CARTESIAN_POINT ( 'NONE',  ( 24.39487291362403454, 53.90641816659306329, 6.000000000000000000 ) ) ;
#2437 = EDGE_CURVE ( 'NONE', #834, #6843, #3209, .T. ) ;
#2438 = CARTESIAN_POINT ( 'NONE',  ( 78.02967197712095526, 27.05713778620855692, 10.00099999999999945 ) ) ;
#2439 = CARTESIAN_POINT ( 'NONE',  ( 41.42884860408194214, 27.75317541498460372, 4.000000000000000000 ) ) ;
#2440 = EDGE_CURVE ( 'NONE', #6096, #6668, #6407, .T. ) ;
#2441 = CARTESIAN_POINT ( 'NONE',  ( 78.02967197712095526, 27.05713778620855692, 7.400000000000000355 ) ) ;
#2442 = LINE ( 'NONE', #5535, #7753 ) ;
#2443 = CARTESIAN_POINT ( 'NONE',  ( 57.32317633251940237, 58.37470916941907717, 10.00000000000000000 ) ) ;
#2444 = CARTESIAN_POINT ( 'NONE',  ( 5.000000000000903277, 57.98214359204602175, 10.00099999999999945 ) ) ;
#2445 = EDGE_LOOP ( 'NONE', ( #5317, #2814, #9968, #754 ) ) ;
#2446 = LINE ( 'NONE', #7765, #8941 ) ;
#2447 = ORIENTED_EDGE ( 'NONE', *, *, #276, .T. ) ;
#2448 = ORIENTED_EDGE ( 'NONE', *, *, #6515, .F. ) ;
#2449 = DIRECTION ( 'NONE',  ( 1.982541115402065702E-15, 1.000000000000000000, 0.000000000000000000 ) ) ;
#2450 = DIRECTION ( 'NONE',  ( 0.7071067811865474617, -0.7071067811865474617, 0.000000000000000000 ) ) ;
#2451 = DIRECTION ( 'NONE',  ( 0.8660254037844384856, 0.5000000000000002220, 0.000000000000000000 ) ) ;
#2452 = AXIS2_PLACEMENT_3D ( 'NONE', #2444, #9579, #2592 ) ;
#2453 =( LENGTH_UNIT ( ) NAMED_UNIT ( * ) SI_UNIT ( .MILLI., .METRE. ) );
#2454 = EDGE_CURVE ( 'NONE', #3412, #8312, #9482, .T. ) ;
#2455 = ORIENTED_EDGE ( 'NONE', *, *, #7458, .F. ) ;
#2456 = ORIENTED_EDGE ( 'NONE', *, *, #631, .F. ) ;
#2457 = DIRECTION ( 'NONE',  ( 1.000000000000000000, -0.000000000000000000, 0.000000000000000000 ) ) ;
#2458 = ORIENTED_EDGE ( 'NONE', *, *, #2309, .F. ) ;
#2459 = PLANE ( 'NONE',  #1672 ) ;
#2460 = LINE ( 'NONE', #6182, #6589 ) ;
#2461 = EDGE_CURVE ( 'NONE', #2653, #4203, #7060, .T. ) ;
#2462 = DIRECTION ( 'NONE',  ( 0.5773502691896212902, 0.5773502691896212902, -0.5773502691896346128 ) ) ;
#2463 = VECTOR ( 'NONE', #8684, 1000.000000000000000 ) ;
#2464 = PLANE ( 'NONE',  #5634 ) ;
#2465 = CARTESIAN_POINT ( 'NONE',  ( 7.130939188497061210, 48.18247202539613028, 7.400000000000000355 ) ) ;
#2466 = EDGE_LOOP ( 'NONE', ( #5495, #652, #6323, #3453, #73, #4994, #8264, #1422, #7054, #8302, #223, #5846 ) ) ;
#2467 = ORIENTED_EDGE ( 'NONE', *, *, #2399, .T. ) ;
#2468 = CARTESIAN_POINT ( 'NONE',  ( 13.47460042933632707, 35.99023488137317628, 7.400000000000000355 ) ) ;
#2469 = ORIENTED_EDGE ( 'NONE', *, *, #613, .F. ) ;
#2470 = CIRCLE ( 'NONE', #3277, 1.699999999999999289 ) ;
#2471 = EDGE_CURVE ( 'NONE', #8525, #834, #4881, .T. ) ;
#2472 = EDGE_CURVE ( 'NONE', #5957, #3848, #7967, .T. ) ;
#2473 = DIRECTION ( 'NONE',  ( -0.8660254037844378194, -0.5000000000000013323, 0.000000000000000000 ) ) ;
#2474 = DIRECTION ( 'NONE',  ( -0.8660254037844379305, 0.5000000000000011102, 0.000000000000000000 ) ) ;
#2475 = CARTESIAN_POINT ( 'NONE',  ( 64.56983569344401985, 40.61884720954800088, -8.271542309605473875 ) ) ;
#2476 = VECTOR ( 'NONE', #2555, 1000.000000000000114 ) ;
#2477 = CARTESIAN_POINT ( 'NONE',  ( 10.40280365961193354, 31.99023488137319760, 7.400000000000000355 ) ) ;
#2478 = ORIENTED_EDGE ( 'NONE', *, *, #1224, .F. ) ;
#2479 = CARTESIAN_POINT ( 'NONE',  ( 5.000000000000903277, 54.01736618697488979, 10.00000000000000000 ) ) ;
#2480 = ORIENTED_EDGE ( 'NONE', *, *, #8089, .F. ) ;
#2481 = EDGE_CURVE ( 'NONE', #2965, #6545, #8124, .T. ) ;
#2482 = DIRECTION ( 'NONE',  ( 0.8660254037844384856, 0.5000000000000002220, 0.000000000000000000 ) ) ;
#2483 = VECTOR ( 'NONE', #8635, 999.9999999999998863 ) ;
#2484 = DIRECTION ( 'NONE',  ( 1.000000000000000000, -0.000000000000000000, 0.000000000000000000 ) ) ;
#2485 = CARTESIAN_POINT ( 'NONE',  ( 60.40280365961140774, 31.99023488137319760, 10.00000000000000000 ) ) ;
#2486 = CARTESIAN_POINT ( 'NONE',  ( 16.55422775642833599, 9.605760593327309138, 10.00000000000000000 ) ) ;
#2487 = CARTESIAN_POINT ( 'NONE',  ( 47.32317633251951605, 58.37470916941907717, 7.400000000000000355 ) ) ;
#2488 = LINE ( 'NONE', #1880, #1763 ) ;
#2489 = CARTESIAN_POINT ( 'NONE',  ( 6.554227756428436358, 17.60576059332729670, 10.00000000000000000 ) ) ;
#2490 = ORIENTED_EDGE ( 'NONE', *, *, #4686, .T. ) ;
#2491 = ORIENTED_EDGE ( 'NONE', *, *, #1676, .T. ) ;
#2492 = CARTESIAN_POINT ( 'NONE',  ( 33.28236328531323807, 23.35317541498460514, 10.00000000000000000 ) ) ;
#2493 = EDGE_LOOP ( 'NONE', ( #8736, #314, #497, #5823, #4432, #798 ) ) ;
#2494 = EDGE_CURVE ( 'NONE', #5378, #6509, #5043, .T. ) ;
#2495 = ORIENTED_EDGE ( 'NONE', *, *, #3175, .T. ) ;
#2496 = LINE ( 'NONE', #3357, #9708 ) ;
#2497 = DIRECTION ( 'NONE',  ( -1.000000000000000000, 1.982541115402065702E-15, 0.000000000000000000 ) ) ;
#2498 = LINE ( 'NONE', #3303, #7519 ) ;
#2499 = ORIENTED_EDGE ( 'NONE', *, *, #3455, .T. ) ;
#2500 = EDGE_LOOP ( 'NONE', ( #8094, #1683, #5418, #8299 ) ) ;
#2501 = DIRECTION ( 'NONE',  ( -0.000000000000000000, 1.000000000000000000, 0.000000000000000000 ) ) ;
#2502 = ORIENTED_EDGE ( 'NONE', *, *, #7310, .F. ) ;
#2503 = ORIENTED_EDGE ( 'NONE', *, *, #1815, .T. ) ;
#2504 = CARTESIAN_POINT ( 'NONE',  ( 27.13093918849684982, 48.18247202539613028, 7.400000000000000355 ) ) ;
#2505 = PLANE ( 'NONE',  #7869 ) ;
#2506 = CARTESIAN_POINT ( 'NONE',  ( 7.337836594548965863, -7.337836594548863722, 10.00000000000000000 ) ) ;
#2507 = AXIS2_PLACEMENT_3D ( 'NONE', #7456, #9689, #9635 ) ;
#2508 = CARTESIAN_POINT ( 'NONE',  ( 24.39487291362403454, 53.90641816659306329, 6.000000000000000000 ) ) ;
#2509 = CARTESIAN_POINT ( 'NONE',  ( 0.007098098182035939008, 57.66626307465578805, 4.000000000000000000 ) ) ;
#2510 = VERTEX_POINT ( 'NONE', #9534 ) ;
#2511 = ORIENTED_EDGE ( 'NONE', *, *, #4647, .T. ) ;
#2512 = DIRECTION ( 'NONE',  ( -0.8660254037844379305, 0.5000000000000011102, 0.000000000000000000 ) ) ;
#2513 = ORIENTED_EDGE ( 'NONE', *, *, #5293, .F. ) ;
#2514 = EDGE_CURVE ( 'NONE', #7207, #4042, #5800, .T. ) ;
#2515 = AXIS2_PLACEMENT_3D ( 'NONE', #355, #9675, #5837 ) ;
#2516 = PLANE ( 'NONE',  #8659 ) ;
#2517 = CARTESIAN_POINT ( 'NONE',  ( 78.03000421669587183, 30.62029848427303591, 7.400000000000000355 ) ) ;
#2518 = LINE ( 'NONE', #1662, #8520 ) ;
#2519 = AXIS2_PLACEMENT_3D ( 'NONE', #1819, #9571, #1161 ) ;
#2520 = VECTOR ( 'NONE', #396, 1000.000000000000227 ) ;
#2521 = DIRECTION ( 'NONE',  ( -5.782411586589358625E-16, -1.000000000000000000, 0.000000000000000000 ) ) ;
#2522 = VERTEX_POINT ( 'NONE', #6462 ) ;
#2523 = EDGE_CURVE ( 'NONE', #3402, #6900, #5133, .T. ) ;
#2524 = CARTESIAN_POINT ( 'NONE',  ( 76.74646490045059011, 19.79799773735025425, 10.00000000000000000 ) ) ;
#2525 = VERTEX_POINT ( 'NONE', #7315 ) ;
#2526 = VECTOR ( 'NONE', #510, 1000.000000000000227 ) ;
#2527 = VECTOR ( 'NONE', #6053, 1000.000000000000000 ) ;
#2528 = FACE_OUTER_BOUND ( 'NONE', #2107, .T. ) ;
#2529 = FACE_OUTER_BOUND ( 'NONE', #9106, .T. ) ;
#2530 = CARTESIAN_POINT ( 'NONE',  ( 27.13093918849685338, 40.18247202539614449, 7.400000000000000355 ) ) ;
#2531 = CARTESIAN_POINT ( 'NONE',  ( 33.47460042933611390, 31.99023488137320470, 7.400000000000000355 ) ) ;
#2532 = LINE ( 'NONE', #8007, #5287 ) ;
#2533 = DIRECTION ( 'NONE',  ( -0.8660254037844381525, 0.5000000000000007772, 0.000000000000000000 ) ) ;
#2534 = EDGE_LOOP ( 'NONE', ( #6269, #1381, #1218, #5718 ) ) ;
#2535 = DIRECTION ( 'NONE',  ( 0.000000000000000000, 0.000000000000000000, 1.000000000000000000 ) ) ;
#2536 = ADVANCED_FACE ( 'NONE', ( #2750 ), #7410, .F. ) ;
#2537 = VECTOR ( 'NONE', #1187, 1000.000000000000227 ) ;
#2538 = ORIENTED_EDGE ( 'NONE', *, *, #3603, .T. ) ;
#2539 = ORIENTED_EDGE ( 'NONE', *, *, #5270, .F. ) ;
#2540 = LINE ( 'NONE', #4228, #6688 ) ;
#2541 = EDGE_LOOP ( 'NONE', ( #3159, #5440, #33, #5059 ) ) ;
#2542 = ORIENTED_EDGE ( 'NONE', *, *, #5373, .T. ) ;
#2543 = CARTESIAN_POINT ( 'NONE',  ( 60.59504080363427647, 46.18247202539613028, 7.400000000000000355 ) ) ;
#2544 = EDGE_CURVE ( 'NONE', #9717, #6077, #1129, .T. ) ;
#2545 = VECTOR ( 'NONE', #4721, 1000.000000000000000 ) ;
#2546 = DIRECTION ( 'NONE',  ( 1.000000000000000000, 0.000000000000000000, 0.000000000000000000 ) ) ;
#2547 = CARTESIAN_POINT ( 'NONE',  ( 77.13093918849631336, 48.18247202539613028, 10.00000000000000000 ) ) ;
#2548 = DIRECTION ( 'NONE',  ( 0.5000000000000015543, 0.8660254037844378194, 0.000000000000000000 ) ) ;
#2549 = ADVANCED_FACE ( 'NONE', ( #475 ), #4279, .F. ) ;
#2550 = VERTEX_POINT ( 'NONE', #8825 ) ;
#2551 = ORIENTED_EDGE ( 'NONE', *, *, #2163, .T. ) ;
#2552 = VECTOR ( 'NONE', #1344, 1000.000000000000000 ) ;
#2553 = CARTESIAN_POINT ( 'NONE',  ( 78.03203064794003296, 52.35311032234201889, 10.00099999999999945 ) ) ;
#2554 = EDGE_LOOP ( 'NONE', ( #1327, #99, #4481, #8240 ) ) ;
#2555 = DIRECTION ( 'NONE',  ( 0.7071067811865479058, 0.7071067811865471286, -0.000000000000000000 ) ) ;
#2556 = VERTEX_POINT ( 'NONE', #3548 ) ;
#2557 = LINE ( 'NONE', #4746, #6215 ) ;
#2558 = CARTESIAN_POINT ( 'NONE',  ( 9.714451465470119729E-14, 28.93771831048124454, 4.000000000000000000 ) ) ;
#2559 = VECTOR ( 'NONE', #5438, 1000.000000000000000 ) ;
#2560 = ADVANCED_FACE ( 'NONE', ( #1989 ), #4931, .F. ) ;
#2561 = DIRECTION ( 'NONE',  ( 0.000000000000000000, -1.000000000000000000, 0.000000000000000000 ) ) ;
#2562 = EDGE_CURVE ( 'NONE', #4817, #8028, #5745, .T. ) ;
#2563 = LINE ( 'NONE', #2765, #6132 ) ;
#2564 = DIRECTION ( 'NONE',  ( 1.000000000000000000, -3.011203194556595896E-16, 0.000000000000000000 ) ) ;
#2565 = ORIENTED_EDGE ( 'NONE', *, *, #744, .F. ) ;
#2566 = EDGE_LOOP ( 'NONE', ( #6353, #8687, #50, #7191, #7949, #350 ) ) ;
#2567 = CARTESIAN_POINT ( 'NONE',  ( 40.40280365961161380, 35.99023488137318338, 7.400000000000000355 ) ) ;
#2568 = ORIENTED_EDGE ( 'NONE', *, *, #9220, .T. ) ;
#2569 = VECTOR ( 'NONE', #746, 1000.000000000000000 ) ;
#2570 = CARTESIAN_POINT ( 'NONE',  ( 37.32317633251962263, 50.37470916941909138, 10.00000000000000000 ) ) ;
#2571 = DIRECTION ( 'NONE',  ( 0.8660254037844385966, -0.5000000000000000000, 0.000000000000000000 ) ) ;
#2572 = EDGE_CURVE ( 'NONE', #7423, #950, #3454, .T. ) ;
#2573 = EDGE_CURVE ( 'NONE', #6415, #2323, #7454, .T. ) ;
#2574 = VECTOR ( 'NONE', #1191, 1000.000000000000000 ) ;
#2575 = LINE ( 'NONE', #7037, #2852 ) ;
#2576 = DIRECTION ( 'NONE',  ( -1.000000000000000000, 0.000000000000000000, 0.000000000000000000 ) ) ;
#2577 = VERTEX_POINT ( 'NONE', #6561 ) ;
#2578 = FACE_OUTER_BOUND ( 'NONE', #4663, .T. ) ;
#2579 = VERTEX_POINT ( 'NONE', #8882 ) ;
#2580 = AXIS2_PLACEMENT_3D ( 'NONE', #7158, #6359, #5543 ) ;
#2581 = DIRECTION ( 'NONE',  ( -0.000000000000000000, -1.000000000000000000, -0.000000000000000000 ) ) ;
#2582 = LINE ( 'NONE', #9521, #3986 ) ;
#2583 = DIRECTION ( 'NONE',  ( -0.000000000000000000, -1.000000000000000000, -0.000000000000000000 ) ) ;
#2584 = LINE ( 'NONE', #7099, #4981 ) ;
#2585 = EDGE_CURVE ( 'NONE', #1939, #4465, #2649, .T. ) ;
#2586 = DIRECTION ( 'NONE',  ( -0.000000000000000000, -0.000000000000000000, 1.000000000000000000 ) ) ;
#2587 = CARTESIAN_POINT ( 'NONE',  ( 76.93870204447344463, 37.99023488137319049, 7.400000000000000355 ) ) ;
#2588 = EDGE_CURVE ( 'NONE', #5968, #1755, #1889, .T. ) ;
#2589 = DIRECTION ( 'NONE',  ( -0.8660254037844375974, -0.5000000000000016653, 0.000000000000000000 ) ) ;
#2590 = DIRECTION ( 'NONE',  ( 0.000000000000000000, 0.000000000000000000, 1.000000000000000000 ) ) ;
#2591 = VECTOR ( 'NONE', #7609, 1000.000000000000000 ) ;
#2592 = DIRECTION ( 'NONE',  ( -0.7071067811863814834, -0.7071067811867136621, 0.000000000000000000 ) ) ;
#2593 = ORIENTED_EDGE ( 'NONE', *, *, #1525, .F. ) ;
#2594 = PLANE ( 'NONE',  #5070 ) ;
#2595 = VERTEX_POINT ( 'NONE', #8776 ) ;
#2596 = VERTEX_POINT ( 'NONE', #2798 ) ;
#2597 = ADVANCED_FACE ( 'NONE', ( #5847 ), #6612, .F. ) ;
#2598 = DIRECTION ( 'NONE',  ( -0.8660254037844379305, 0.5000000000000011102, 0.000000000000000000 ) ) ;
#2599 = DIRECTION ( 'NONE',  ( -0.7071067811865475727, -0.7071067811865475727, 0.000000000000000000 ) ) ;
#2600 = CARTESIAN_POINT ( 'NONE',  ( 5.873484235277215859, 45.25038475940630889, 6.000000000000000000 ) ) ;
#2601 = FILL_AREA_STYLE ('',( #4124 ) ) ;
#2602 = EDGE_CURVE ( 'NONE', #3214, #183, #9633, .T. ) ;
#2603 = ORIENTED_EDGE ( 'NONE', *, *, #744, .T. ) ;
#2604 = EDGE_LOOP ( 'NONE', ( #4927, #5454, #2842, #4834 ) ) ;
#2605 = CARTESIAN_POINT ( 'NONE',  ( 57.13093918849653363, 40.18247202539614449, 7.400000000000000355 ) ) ;
#2606 = VERTEX_POINT ( 'NONE', #669 ) ;
#2607 = DIRECTION ( 'NONE',  ( -0.000000000000000000, -0.000000000000000000, -1.000000000000000000 ) ) ;
#2608 = ORIENTED_EDGE ( 'NONE', *, *, #8680, .T. ) ;
#2609 = VECTOR ( 'NONE', #446, 1000.000000000000114 ) ;
#2610 = EDGE_CURVE ( 'NONE', #6181, #3070, #8466, .T. ) ;
#2611 = CARTESIAN_POINT ( 'NONE',  ( 54.61482092964090640, 59.34967741935614782, 10.00000000000000000 ) ) ;
#2612 = PLANE ( 'NONE',  #3819 ) ;
#2613 = EDGE_CURVE ( 'NONE', #5153, #1854, #5380, .T. ) ;
#2614 = CARTESIAN_POINT ( 'NONE',  ( 53.66683757335877658, 46.18247202539612317, 7.400000000000000355 ) ) ;
#2615 = CARTESIAN_POINT ( 'NONE',  ( 16.55422775642833599, 9.605760593327309138, 10.00000000000000000 ) ) ;
#2616 = PLANE ( 'NONE',  #6311 ) ;
#2617 = ORIENTED_EDGE ( 'NONE', *, *, #2871, .F. ) ;
#2618 = ORIENTED_EDGE ( 'NONE', *, *, #1247, .T. ) ;
#2619 = CARTESIAN_POINT ( 'NONE',  ( 10.58880365760802356, 8.415085090169998949, 10.00000000000000000 ) ) ;
#2620 = ORIENTED_EDGE ( 'NONE', *, *, #5512, .F. ) ;
#2621 = EDGE_CURVE ( 'NONE', #3155, #2248, #1527, .T. ) ;
#2622 = EDGE_CURVE ( 'NONE', #707, #550, #4618, .T. ) ;
#2623 = VECTOR ( 'NONE', #8632, 1000.000000000000227 ) ;
#2624 = LINE ( 'NONE', #450, #4638 ) ;
#2625 = PLANE ( 'NONE',  #6442 ) ;
#2626 = CARTESIAN_POINT ( 'NONE',  ( 17.46155956311902457, 3.469446951953614189E-15, 4.000000000000000000 ) ) ;
#2627 = CARTESIAN_POINT ( 'NONE',  ( 40.83180065388673796, 38.69286487643512373, 1.699885383662997906 ) ) ;
#2628 = ORIENTED_EDGE ( 'NONE', *, *, #256, .T. ) ;
#2629 = VECTOR ( 'NONE', #1684, 1000.000000000000000 ) ;
#2630 = DIRECTION ( 'NONE',  ( 0.8660254037844384856, 0.5000000000000002220, 0.000000000000000000 ) ) ;
#2631 = VERTEX_POINT ( 'NONE', #2183 ) ;
#2632 = DIRECTION ( 'NONE',  ( -0.000000000000000000, -0.000000000000000000, 1.000000000000000000 ) ) ;
#2633 = DIRECTION ( 'NONE',  ( -0.8660254037844378194, -0.5000000000000013323, 0.000000000000000000 ) ) ;
#2634 = DIRECTION ( 'NONE',  ( -0.000000000000000000, -1.000000000000000000, -0.000000000000000000 ) ) ;
#2635 = VECTOR ( 'NONE', #9931, 999.9999999999998863 ) ;
#2636 = CARTESIAN_POINT ( 'NONE',  ( 40.83180065388673796, 38.69286487643512373, 3.399999999999983036 ) ) ;
#2637 = CARTESIAN_POINT ( 'NONE',  ( 53.85907471738165242, 56.37470916941907007, 7.400000000000000355 ) ) ;
#2638 = DIRECTION ( 'NONE',  ( 0.000000000000000000, 0.000000000000000000, 1.000000000000000000 ) ) ;
#2639 = ORIENTED_EDGE ( 'NONE', *, *, #8172, .T. ) ;
#2640 = DIRECTION ( 'NONE',  ( 0.7071067811865479058, -0.7071067811865472397, 0.000000000000000000 ) ) ;
#2641 = CARTESIAN_POINT ( 'NONE',  ( 30.59504080363459622, 46.18247202539613028, 7.400000000000000355 ) ) ;
#2642 = VERTEX_POINT ( 'NONE', #7558 ) ;
#2643 = ORIENTED_EDGE ( 'NONE', *, *, #66, .F. ) ;
#2644 = DIRECTION ( 'NONE',  ( 0.000000000000000000, 1.000000000000000000, 0.000000000000000000 ) ) ;
#2645 = AXIS2_PLACEMENT_3D ( 'NONE', #1715, #9416, #3334 ) ;
#2646 = ORIENTED_EDGE ( 'NONE', *, *, #6808, .T. ) ;
#2647 = ADVANCED_FACE ( 'NONE', ( #567 ), #8268, .F. ) ;
#2648 = VERTEX_POINT ( 'NONE', #9836 ) ;
#2649 = LINE ( 'NONE', #9585, #3721 ) ;
#2650 = CARTESIAN_POINT ( 'NONE',  ( 13.09012614129057717, 15.60576059332728605, 7.400000000000000355 ) ) ;
#2651 = DIRECTION ( 'NONE',  ( 0.8660254037844385966, -0.5000000000000000000, 0.000000000000000000 ) ) ;
#2652 = CARTESIAN_POINT ( 'NONE',  ( 10.59504080363480760, 42.18247202539614449, 10.00000000000000000 ) ) ;
#2653 = VERTEX_POINT ( 'NONE', #1480 ) ;
#2654 = ORIENTED_EDGE ( 'NONE', *, *, #6089, .F. ) ;
#2655 = DIRECTION ( 'NONE',  ( 0.000000000000000000, 0.000000000000000000, 1.000000000000000000 ) ) ;
#2656 = ORIENTED_EDGE ( 'NONE', *, *, #4706, .T. ) ;
#2657 = EDGE_CURVE ( 'NONE', #24, #2274, #5280, .T. ) ;
#2658 = PLANE ( 'NONE',  #9430 ) ;
#2659 = ORIENTED_EDGE ( 'NONE', *, *, #7114, .T. ) ;
#2660 = LINE ( 'NONE', #5859, #4807 ) ;
#2661 = DIRECTION ( 'NONE',  ( -0.000000000000000000, 0.000000000000000000, 1.000000000000000000 ) ) ;
#2662 = CARTESIAN_POINT ( 'NONE',  ( 40.83180065388673796, 43.69286487643512373, 3.399999999999983036 ) ) ;
#2663 = CARTESIAN_POINT ( 'NONE',  ( 77.13093918849631336, 48.18247202539613028, 7.400000000000000355 ) ) ;
#2664 = CARTESIAN_POINT ( 'NONE',  ( 78.03159327970408299, 47.66247914339058411, 10.00099999999999945 ) ) ;
#2665 = CARTESIAN_POINT ( 'NONE',  ( 69.83157658086554420, 23.35317541498460159, 7.400000000000000355 ) ) ;
#2666 = EDGE_CURVE ( 'NONE', #2300, #1149, #9934, .T. ) ;
#2667 = EDGE_LOOP ( 'NONE', ( #8200, #6131, #8506, #1492 ) ) ;
#2668 = ORIENTED_EDGE ( 'NONE', *, *, #8721, .F. ) ;
#2669 = CARTESIAN_POINT ( 'NONE',  ( 13.09012614129057717, 15.60576059332728605, 10.00000000000000000 ) ) ;
#2670 = VERTEX_POINT ( 'NONE', #7660 ) ;
#2671 = VECTOR ( 'NONE', #2800, 1000.000000000000000 ) ;
#2672 = ADVANCED_FACE ( 'NONE', ( #8369 ), #9780, .T. ) ;
#2673 = CARTESIAN_POINT ( 'NONE',  ( 67.13093918849642705, 48.18247202539613028, 10.00000000000000000 ) ) ;
#2674 = DIRECTION ( 'NONE',  ( -1.000000000000000000, 0.000000000000000000, 0.000000000000000000 ) ) ;
#2675 = CARTESIAN_POINT ( 'NONE',  ( 36.63180065388673512, 43.69286487643512373, 1.699885383662997906 ) ) ;
#2676 = CARTESIAN_POINT ( 'NONE',  ( 70.59504080363419121, 46.18247202539613028, 7.400000000000000355 ) ) ;
#2677 = EDGE_CURVE ( 'NONE', #4922, #3366, #9176, .T. ) ;
#2678 = ORIENTED_EDGE ( 'NONE', *, *, #1499, .T. ) ;
#2679 = VECTOR ( 'NONE', #1118, 1000.000000000000000 ) ;
#2680 = DIRECTION ( 'NONE',  ( -1.000000000000000000, 0.000000000000000000, -0.000000000000000000 ) ) ;
#2681 = ORIENTED_EDGE ( 'NONE', *, *, #4052, .T. ) ;
#2682 = DIRECTION ( 'NONE',  ( -0.8660254037844377084, 0.5000000000000015543, 0.000000000000000000 ) ) ;
#2683 = VECTOR ( 'NONE', #7815, 1000.000000000000227 ) ;
#2684 = LINE ( 'NONE', #8762, #912 ) ;
#2685 = CARTESIAN_POINT ( 'NONE',  ( 0.000000000000000000, 5.000000000000022204, 4.000000000000000000 ) ) ;
#2686 = CARTESIAN_POINT ( 'NONE',  ( 10.21056651558905770, 21.79799773735025070, 10.00000000000000000 ) ) ;
#2687 = DIRECTION ( 'NONE',  ( -0.4999999999999985012, -0.8660254037844395958, 0.000000000000000000 ) ) ;
#2688 = EDGE_CURVE ( 'NONE', #3005, #8494, #3596, .T. ) ;
#2689 = LINE ( 'NONE', #2027, #1263 ) ;
#2690 = CARTESIAN_POINT ( 'NONE',  ( 63.85907471738156005, 56.37470916941907007, 7.400000000000000355 ) ) ;
#2691 = ADVANCED_FACE ( 'NONE', ( #4421 ), #7708, .F. ) ;
#2692 = DIRECTION ( 'NONE',  ( 0.8660254037844384856, 0.5000000000000002220, 0.000000000000000000 ) ) ;
#2693 = VECTOR ( 'NONE', #4457, 1000.000000000000000 ) ;
#2694 = AXIS2_PLACEMENT_3D ( 'NONE', #4460, #7547, #2177 ) ;
#2695 = DIRECTION ( 'NONE',  ( 0.7071067811865492381, 0.7071067811865457964, -0.000000000000000000 ) ) ;
#2696 = ORIENTED_EDGE ( 'NONE', *, *, #9, .T. ) ;
#2697 = ADVANCED_FACE ( 'NONE', ( #6049 ), #5946, .F. ) ;
#2698 = ORIENTED_EDGE ( 'NONE', *, *, #2184, .F. ) ;
#2699 = DIRECTION ( 'NONE',  ( 0.000000000000000000, -0.7071067811865556774, 0.7071067811865393571 ) ) ;
#2700 = LINE ( 'NONE', #2650, #906 ) ;
#2701 = DIRECTION ( 'NONE',  ( -0.7061519002946796686, 0.7080603743397965166, 0.000000000000000000 ) ) ;
#2702 = LINE ( 'NONE', #425, #7553 ) ;
#2703 = VECTOR ( 'NONE', #168, 1000.000000000000000 ) ;
#2704 = VECTOR ( 'NONE', #7995, 1000.000000000000000 ) ;
#2705 = EDGE_CURVE ( 'NONE', #9984, #7972, #8419, .T. ) ;
#2706 = ADVANCED_FACE ( 'NONE', ( #9123 ), #5182, .F. ) ;
#2707 = ORIENTED_EDGE ( 'NONE', *, *, #8413, .F. ) ;
#2708 = ORIENTED_EDGE ( 'NONE', *, *, #8218, .T. ) ;
#2709 = DIRECTION ( 'NONE',  ( 0.8660254037844385966, -0.5000000000000000000, 0.000000000000000000 ) ) ;
#2710 = EDGE_LOOP ( 'NONE', ( #7247, #538, #1032, #3477 ) ) ;
#2711 = AXIS2_PLACEMENT_3D ( 'NONE', #1357, #7696, #662 ) ;
#2712 = CARTESIAN_POINT ( 'NONE',  ( 23.85907471738197216, 52.37470916941909849, 7.400000000000000355 ) ) ;
#2713 = ORIENTED_EDGE ( 'NONE', *, *, #8117, .F. ) ;
#2714 = VECTOR ( 'NONE', #6099, 1000.000000000000000 ) ;
#2715 = CARTESIAN_POINT ( 'NONE',  ( 20.78727794765757864, 56.37470916941907717, 7.400000000000000355 ) ) ;
#2716 = CARTESIAN_POINT ( 'NONE',  ( 0.000000000000000000, 24.08592075184099457, 4.000000000000000000 ) ) ;
#2717 = DIRECTION ( 'NONE',  ( 0.000000000000000000, 1.000000000000000000, 0.000000000000000000 ) ) ;
#2718 = FACE_OUTER_BOUND ( 'NONE', #2348, .T. ) ;
#2719 = ADVANCED_FACE ( 'NONE', ( #5997 ), #4471, .F. ) ;
#2720 = VECTOR ( 'NONE', #7634, 1000.000000000000114 ) ;
#2721 = DIRECTION ( 'NONE',  ( 0.7071067811865524577, -0.7071067811865425767, 0.000000000000000000 ) ) ;
#2722 = ORIENTED_EDGE ( 'NONE', *, *, #6008, .T. ) ;
#2723 = ORIENTED_EDGE ( 'NONE', *, *, #2115, .F. ) ;
#2724 = LINE ( 'NONE', #3321, #517 ) ;
#2725 = VERTEX_POINT ( 'NONE', #9886 ) ;
#2726 = VECTOR ( 'NONE', #9267, 1000.000000000000114 ) ;
#2727 = EDGE_CURVE ( 'NONE', #4321, #2908, #8713, .T. ) ;
#2728 = AXIS2_PLACEMENT_3D ( 'NONE', #7517, #8234, #5759 ) ;
#2729 = LINE ( 'NONE', #7993, #7533 ) ;
#2730 = FACE_OUTER_BOUND ( 'NONE', #9787, .T. ) ;
#2731 = LINE ( 'NONE', #2626, #6597 ) ;
#2732 = ADVANCED_FACE ( 'NONE', ( #9274 ), #8512, .T. ) ;
#2733 = DIRECTION ( 'NONE',  ( 0.000000000000000000, -1.000000000000000000, 0.000000000000000000 ) ) ;
#2734 = ORIENTED_EDGE ( 'NONE', *, *, #5150, .T. ) ;
#2735 = AXIS2_PLACEMENT_3D ( 'NONE', #6935, #7589, #9864 ) ;
#2736 = CARTESIAN_POINT ( 'NONE',  ( 17.32317633251982869, 58.37470916941907717, 10.00000000000000000 ) ) ;
#2737 = ORIENTED_EDGE ( 'NONE', *, *, #8353, .T. ) ;
#2738 = EDGE_CURVE ( 'NONE', #6951, #5366, #1953, .T. ) ;
#2739 = DIRECTION ( 'NONE',  ( 1.000000000000000000, 0.000000000000000000, 0.000000000000000000 ) ) ;
#2740 = AXIS2_PLACEMENT_3D ( 'NONE', #5735, #309, #2638 ) ;
#2741 = DIRECTION ( 'NONE',  ( -0.000000000000000000, -0.000000000000000000, 1.000000000000000000 ) ) ;
#2742 = LINE ( 'NONE', #6496, #4309 ) ;
#2743 = FACE_OUTER_BOUND ( 'NONE', #984, .T. ) ;
#2744 = DIRECTION ( 'NONE',  ( 0.8660254037844394848, -0.4999999999999984457, 0.000000000000000000 ) ) ;
#2745 = LINE ( 'NONE', #1265, #465 ) ;
#2746 = LINE ( 'NONE', #6503, #9539 ) ;
#2747 = CARTESIAN_POINT ( 'NONE',  ( 57.32317633251940947, 50.37470916941909138, 7.400000000000000355 ) ) ;
#2748 = ORIENTED_EDGE ( 'NONE', *, *, #8733, .F. ) ;
#2749 = EDGE_LOOP ( 'NONE', ( #2097, #9750, #7104, #9004, #1426, #6330 ) ) ;
#2750 = FACE_OUTER_BOUND ( 'NONE', #4176, .T. ) ;
#2751 = EDGE_CURVE ( 'NONE', #5957, #1914, #6392, .T. ) ;
#2752 = DIRECTION ( 'NONE',  ( -0.8660254037844377084, -0.5000000000000016653, 0.000000000000000000 ) ) ;
#2753 = CARTESIAN_POINT ( 'NONE',  ( 5.871324698771779538, 34.33421759231527659, 10.00099999999999945 ) ) ;
#2754 = DIRECTION ( 'NONE',  ( -0.000000000000000000, 0.000000000000000000, 1.000000000000000000 ) ) ;
#2755 = VECTOR ( 'NONE', #4433, 1000.000000000000000 ) ;
#2756 = ORIENTED_EDGE ( 'NONE', *, *, #2923, .T. ) ;
#2757 = ORIENTED_EDGE ( 'NONE', *, *, #8431, .T. ) ;
#2758 = CARTESIAN_POINT ( 'NONE',  ( 65.74084972657725245, 30.61190122397092495, 1.109997883926998163 ) ) ;
#2759 = ORIENTED_EDGE ( 'NONE', *, *, #418, .F. ) ;
#2760 = FACE_OUTER_BOUND ( 'NONE', #9618, .T. ) ;
#2761 = ORIENTED_EDGE ( 'NONE', *, *, #6136, .F. ) ;
#2762 = PLANE ( 'NONE',  #4487 ) ;
#2763 = DIRECTION ( 'NONE',  ( 0.8660254037844385966, -0.5000000000000000000, 0.000000000000000000 ) ) ;
#2764 = CARTESIAN_POINT ( 'NONE',  ( 12.01402484683469041, 10.59981128446109366, 0.000000000000000000 ) ) ;
#2765 = CARTESIAN_POINT ( 'NONE',  ( 30.61060500309818977, 30.68592075184099599, 3.399999999999983036 ) ) ;
#2766 = LINE ( 'NONE', #1040, #5493 ) ;
#2767 = EDGE_LOOP ( 'NONE', ( #8024, #3760, #7730, #5739 ) ) ;
#2768 = ORIENTED_EDGE ( 'NONE', *, *, #6807, .T. ) ;
#2769 = CARTESIAN_POINT ( 'NONE',  ( 8.888803657608024267, 8.415085090169998949, 10.00000000000000000 ) ) ;
#2770 = ORIENTED_EDGE ( 'NONE', *, *, #1089, .T. ) ;
#2771 = EDGE_CURVE ( 'NONE', #8313, #9594, #2389, .T. ) ;
#2772 = ADVANCED_FACE ( 'NONE', ( #2528 ), #5630, .F. ) ;
#2773 = DIRECTION ( 'NONE',  ( -1.355284293265842525E-13, 1.000000000000000000, 0.000000000000000000 ) ) ;
#2774 = VECTOR ( 'NONE', #8070, 1000.000000000000000 ) ;
#2775 = LINE ( 'NONE', #6642, #8053 ) ;
#2776 = EDGE_CURVE ( 'NONE', #108, #3656, #769, .T. ) ;
#2777 = LINE ( 'NONE', #5874, #2704 ) ;
#2778 = DIRECTION ( 'NONE',  ( 1.652117596168386770E-15, 1.000000000000000000, 0.000000000000000000 ) ) ;
#2779 = ORIENTED_EDGE ( 'NONE', *, *, #3900, .T. ) ;
#2780 = ORIENTED_EDGE ( 'NONE', *, *, #4490, .F. ) ;
#2781 = DIRECTION ( 'NONE',  ( -1.000000000000000000, 0.000000000000000000, -0.000000000000000000 ) ) ;
#2782 = ORIENTED_EDGE ( 'NONE', *, *, #4843, .F. ) ;
#2783 = EDGE_CURVE ( 'NONE', #3145, #783, #53, .T. ) ;
#2784 = PLANE ( 'NONE',  #1911 ) ;
#2785 = FACE_OUTER_BOUND ( 'NONE', #9995, .T. ) ;
#2786 = CARTESIAN_POINT ( 'NONE',  ( 73.34807733323548007, 40.95871309031685570, 5.000000000000000000 ) ) ;
#2787 = LINE ( 'NONE', #3541, #932 ) ;
#2788 = CARTESIAN_POINT ( 'NONE',  ( 0.000000000000000000, 0.000000000000000000, 1.109999999999998099 ) ) ;
#2789 = VECTOR ( 'NONE', #172, 1000.000000000000000 ) ;
#2790 = DIRECTION ( 'NONE',  ( 0.000000000000000000, 0.000000000000000000, -1.000000000000000000 ) ) ;
#2791 = CARTESIAN_POINT ( 'NONE',  ( 65.34807733323546586, 45.95871309031685570, 4.000000000000000000 ) ) ;
#2792 = ORIENTED_EDGE ( 'NONE', *, *, #3570, .T. ) ;
#2793 = LINE ( 'NONE', #2894, #1504 ) ;
#2794 = ORIENTED_EDGE ( 'NONE', *, *, #563, .T. ) ;
#2795 = ORIENTED_EDGE ( 'NONE', *, *, #995, .T. ) ;
#2796 = EDGE_CURVE ( 'NONE', #3613, #288, #1580, .T. ) ;
#2797 = VECTOR ( 'NONE', #8978, 1000.000000000000000 ) ;
#2798 = CARTESIAN_POINT ( 'NONE',  ( 18.61060500309818977, 24.68592075184099954, 3.399999999999983036 ) ) ;
#2799 = PLANE ( 'NONE',  #4000 ) ;
#2800 = DIRECTION ( 'NONE',  ( -0.000000000000000000, -0.000000000000000000, 1.000000000000000000 ) ) ;
#2801 = EDGE_CURVE ( 'NONE', #8738, #2171, #3093, .T. ) ;
#2802 = DIRECTION ( 'NONE',  ( 9.324293839476711010E-05, 0.9999999956528771161, 0.000000000000000000 ) ) ;
#2803 = VECTOR ( 'NONE', #1351, 1000.000000000000000 ) ;
#2804 = ORIENTED_EDGE ( 'NONE', *, *, #598, .T. ) ;
#2805 = ORIENTED_EDGE ( 'NONE', *, *, #8001, .F. ) ;
#2806 = DIRECTION ( 'NONE',  ( 1.000000000000000000, 0.000000000000000000, 0.000000000000000000 ) ) ;
#2807 = EDGE_LOOP ( 'NONE', ( #986, #5200, #1940, #656 ) ) ;
#2808 = LINE ( 'NONE', #5959, #3390 ) ;
#2809 = VERTEX_POINT ( 'NONE', #6241 ) ;
#2810 = CARTESIAN_POINT ( 'NONE',  ( 53.85907471738165242, 52.37470916941909849, 7.400000000000000355 ) ) ;
#2811 = DIRECTION ( 'NONE',  ( 0.8660254037844384856, 0.5000000000000002220, 0.000000000000000000 ) ) ;
#2812 = LINE ( 'NONE', #490, #7387 ) ;
#2813 = ORIENTED_EDGE ( 'NONE', *, *, #8965, .T. ) ;
#2814 = ORIENTED_EDGE ( 'NONE', *, *, #4822, .T. ) ;
#2815 = ADVANCED_FACE ( 'NONE', ( #8610 ), #5483, .F. ) ;
#2816 = PLANE ( 'NONE',  #7157 ) ;
#2817 = EDGE_LOOP ( 'NONE', ( #3578, #1844, #7364, #1490 ) ) ;
#2818 = CARTESIAN_POINT ( 'NONE',  ( 11.68769779765030847, 35.83617119703320952, 6.000000000000000000 ) ) ;
#2819 = LINE ( 'NONE', #2061, #7085 ) ;
#2820 = CARTESIAN_POINT ( 'NONE',  ( 55.42884860408193504, 23.35317541498460159, 4.000000000000000000 ) ) ;
#2821 = CARTESIAN_POINT ( 'NONE',  ( 70.78727794765704573, 56.37470916941907717, 7.400000000000000355 ) ) ;
#2822 = VERTEX_POINT ( 'NONE', #6194 ) ;
#2823 = ORIENTED_EDGE ( 'NONE', *, *, #6394, .F. ) ;
#2824 = EDGE_CURVE ( 'NONE', #587, #6776, #7755, .T. ) ;
#2825 = EDGE_CURVE ( 'NONE', #6916, #9030, #3289, .T. ) ;
#2826 = ORIENTED_EDGE ( 'NONE', *, *, #6208, .F. ) ;
#2827 = VERTEX_POINT ( 'NONE', #5530 ) ;
#2828 = PLANE ( 'NONE',  #210 ) ;
#2829 = VECTOR ( 'NONE', #4423, 1000.000000000000000 ) ;
#2830 = ORIENTED_EDGE ( 'NONE', *, *, #7244, .F. ) ;
#2831 = FACE_OUTER_BOUND ( 'NONE', #3786, .T. ) ;
#2832 = CARTESIAN_POINT ( 'NONE',  ( 73.47460042933569468, 31.99023488137320470, 10.00000000000000000 ) ) ;
#2833 = FACE_BOUND ( 'NONE', #2749, .T. ) ;
#2834 = CARTESIAN_POINT ( 'NONE',  ( 50.78727794765726600, 52.37470916941909138, 7.400000000000000355 ) ) ;
#2835 = DIRECTION ( 'NONE',  ( -0.000000000000000000, 1.000000000000000000, -0.000000000000000000 ) ) ;
#2836 = AXIS2_PLACEMENT_3D ( 'NONE', #1011, #1582, #8660 ) ;
#2837 = CARTESIAN_POINT ( 'NONE',  ( 53.47460042933590074, 31.99023488137320470, 10.00000000000000000 ) ) ;
#2838 = ORIENTED_EDGE ( 'NONE', *, *, #9987, .F. ) ;
#2839 = EDGE_CURVE ( 'NONE', #1858, #3547, #6299, .T. ) ;
#2840 = CARTESIAN_POINT ( 'NONE',  ( 73.66683757335856342, 42.18247202539615159, 10.00000000000000000 ) ) ;
#2841 = ORIENTED_EDGE ( 'NONE', *, *, #9443, .F. ) ;
#2842 = ORIENTED_EDGE ( 'NONE', *, *, #4951, .F. ) ;
#2843 = AXIS2_PLACEMENT_3D ( 'NONE', #2921, #9958, #3675 ) ;
#2844 = DIRECTION ( 'NONE',  ( -0.8660254037844378194, -0.5000000000000013323, 0.000000000000000000 ) ) ;
#2845 = LINE ( 'NONE', #1528, #7055 ) ;
#2846 = CARTESIAN_POINT ( 'NONE',  ( 43.66683757335889027, 46.18247202539612317, 7.400000000000000355 ) ) ;
#2847 = EDGE_CURVE ( 'NONE', #3169, #62, #3948, .T. ) ;
#2848 = LINE ( 'NONE', #5949, #8041 ) ;
#2849 = DIRECTION ( 'NONE',  ( 0.8660254037844384856, 0.5000000000000002220, 0.000000000000000000 ) ) ;
#2850 = AXIS2_PLACEMENT_3D ( 'NONE', #3314, #7694, #9496 ) ;
#2851 = EDGE_CURVE ( 'NONE', #6649, #9405, #2435, .T. ) ;
#2852 = VECTOR ( 'NONE', #1618, 1000.000000000000000 ) ;
#2853 = ORIENTED_EDGE ( 'NONE', *, *, #4302, .T. ) ;
#2854 = EDGE_LOOP ( 'NONE', ( #8464, #1883, #8315, #3006 ) ) ;
#2855 = LINE ( 'NONE', #7513, #8934 ) ;
#2856 = ORIENTED_EDGE ( 'NONE', *, *, #1973, .T. ) ;
#2857 = EDGE_CURVE ( 'NONE', #5430, #8098, #5575, .T. ) ;
#2858 = DIRECTION ( 'NONE',  ( -0.000000000000000000, -0.000000000000000000, 1.000000000000000000 ) ) ;
#2859 = ORIENTED_EDGE ( 'NONE', *, *, #9795, .F. ) ;
#2860 = DIRECTION ( 'NONE',  ( -0.8660254037844379305, 0.5000000000000011102, 0.000000000000000000 ) ) ;
#2861 = VECTOR ( 'NONE', #4489, 1000.000000000000000 ) ;
#2862 = VECTOR ( 'NONE', #4566, 1000.000000000000000 ) ;
#2863 = CARTESIAN_POINT ( 'NONE',  ( 3.090126141290682416, 11.60576059332731091, 7.400000000000000355 ) ) ;
#2864 = CARTESIAN_POINT ( 'NONE',  ( 6.992565577373027530, 59.97470916941908570, 10.00099999999999945 ) ) ;
#2865 = ORIENTED_EDGE ( 'NONE', *, *, #1222, .F. ) ;
#2866 = ORIENTED_EDGE ( 'NONE', *, *, #8100, .F. ) ;
#2867 = AXIS2_PLACEMENT_3D ( 'NONE', #5487, #1629, #8717 ) ;
#2868 = VECTOR ( 'NONE', #6783, 1000.000000000000000 ) ;
#2869 = CARTESIAN_POINT ( 'NONE',  ( 37.32317633251962263, 58.37470916941907717, 7.400000000000000355 ) ) ;
#2870 = ORIENTED_EDGE ( 'NONE', *, *, #5501, .F. ) ;
#2871 = EDGE_CURVE ( 'NONE', #6545, #9820, #4818, .T. ) ;
#2872 = VECTOR ( 'NONE', #4758, 1000.000000000000000 ) ;
#2873 = FACE_OUTER_BOUND ( 'NONE', #6939, .T. ) ;
#2874 = CARTESIAN_POINT ( 'NONE',  ( 16.26968486712803141, 5.000000000000023093, 10.00099999999999945 ) ) ;
#2875 = DIRECTION ( 'NONE',  ( -1.000000000000000000, 0.000000000000000000, -0.000000000000000000 ) ) ;
#2876 = DIRECTION ( 'NONE',  ( 0.5000000000000001110, 0.8660254037844387076, 0.000000000000000000 ) ) ;
#2877 = ORIENTED_EDGE ( 'NONE', *, *, #5861, .F. ) ;
#2878 = VERTEX_POINT ( 'NONE', #7143 ) ;
#2879 = CARTESIAN_POINT ( 'NONE',  ( 53.85907471738165242, 56.37470916941907007, 7.400000000000000355 ) ) ;
#2880 = ORIENTED_EDGE ( 'NONE', *, *, #4101, .F. ) ;
#2881 = AXIS2_PLACEMENT_3D ( 'NONE', #8722, #6400, #4874 ) ;
#2882 = VECTOR ( 'NONE', #4056, 1000.000000000000114 ) ;
#2883 = DIRECTION ( 'NONE',  ( 0.8660254037844384856, 0.5000000000000002220, 0.000000000000000000 ) ) ;
#2884 = ORIENTED_EDGE ( 'NONE', *, *, #6165, .F. ) ;
#2885 = DIRECTION ( 'NONE',  ( 0.000000000000000000, 0.000000000000000000, 1.000000000000000000 ) ) ;
#2886 = EDGE_CURVE ( 'NONE', #1624, #3319, #4105, .T. ) ;
#2887 = LINE ( 'NONE', #8356, #8840 ) ;
#2888 = FACE_BOUND ( 'NONE', #7858, .T. ) ;
#2889 = CARTESIAN_POINT ( 'NONE',  ( 70.40280365961129405, 35.99023488137318338, 10.00000000000000000 ) ) ;
#2890 = VECTOR ( 'NONE', #3041, 1000.000000000000000 ) ;
#2891 = CARTESIAN_POINT ( 'NONE',  ( 42.42884860408194214, 27.75317541498460372, 4.000000000000000000 ) ) ;
#2892 = FACE_OUTER_BOUND ( 'NONE', #2854, .T. ) ;
#2893 = ORIENTED_EDGE ( 'NONE', *, *, #9333, .F. ) ;
#2894 = CARTESIAN_POINT ( 'NONE',  ( 26.93870204447397398, 37.99023488137319049, 7.400000000000000355 ) ) ;
#2895 = ORIENTED_EDGE ( 'NONE', *, *, #2688, .T. ) ;
#2896 = VECTOR ( 'NONE', #1653, 1000.000000000000000 ) ;
#2897 = VERTEX_POINT ( 'NONE', #1976 ) ;
#2898 = CARTESIAN_POINT ( 'NONE',  ( 66.74646490045067537, 27.79799773735024004, 7.400000000000000355 ) ) ;
#2899 = ADVANCED_FACE ( 'NONE', ( #7397 ), #2784, .T. ) ;
#2900 = CARTESIAN_POINT ( 'NONE',  ( 13.09012614129057717, 15.60576059332728605, 7.400000000000000355 ) ) ;
#2901 = EDGE_CURVE ( 'NONE', #8892, #5445, #1056, .T. ) ;
#2902 = DIRECTION ( 'NONE',  ( -0.8660254037844379305, 0.5000000000000011102, 0.000000000000000000 ) ) ;
#2903 = LINE ( 'NONE', #673, #9658 ) ;
#2904 = CARTESIAN_POINT ( 'NONE',  ( 23.73212781767187707, 57.66334277808476827, 0.000000000000000000 ) ) ;
#2905 = ORIENTED_EDGE ( 'NONE', *, *, #8928, .T. ) ;
#2906 = EDGE_LOOP ( 'NONE', ( #8495, #9692, #2424, #7314 ) ) ;
#2907 = CARTESIAN_POINT ( 'NONE',  ( 70.59504080363419121, 42.18247202539614449, 7.400000000000000355 ) ) ;
#2908 = VERTEX_POINT ( 'NONE', #3439 ) ;
#2909 = EDGE_CURVE ( 'NONE', #3848, #221, #7249, .T. ) ;
#2910 = ORIENTED_EDGE ( 'NONE', *, *, #7049, .T. ) ;
#2911 = DIRECTION ( 'NONE',  ( 0.8660254037844384856, 0.5000000000000002220, 0.000000000000000000 ) ) ;
#2912 = EDGE_CURVE ( 'NONE', #62, #7337, #8808, .T. ) ;
#2913 = EDGE_CURVE ( 'NONE', #5302, #5993, #1872, .T. ) ;
#2914 = PLANE ( 'NONE',  #4129 ) ;
#2915 = DIRECTION ( 'NONE',  ( -0.000000000000000000, -0.000000000000000000, -1.000000000000000000 ) ) ;
#2916 = ORIENTED_EDGE ( 'NONE', *, *, #4370, .F. ) ;
#2917 = ORIENTED_EDGE ( 'NONE', *, *, #5703, .F. ) ;
#2918 = AXIS2_PLACEMENT_3D ( 'NONE', #1273, #4376, #7266 ) ;
#2919 = DIRECTION ( 'NONE',  ( 0.5000000000000012212, 0.8660254037844380415, 0.000000000000000000 ) ) ;
#2920 = VERTEX_POINT ( 'NONE', #7303 ) ;
#2921 = CARTESIAN_POINT ( 'NONE',  ( 8.888803657608024267, 56.44252476504900073, 10.00099999999999945 ) ) ;
#2922 = EDGE_CURVE ( 'NONE', #6891, #9037, #353, .T. ) ;
#2923 = EDGE_CURVE ( 'NONE', #2556, #4667, #9619, .T. ) ;
#2924 = LINE ( 'NONE', #8995, #9016 ) ;
#2925 = DIRECTION ( 'NONE',  ( -0.000000000000000000, -0.000000000000000000, -1.000000000000000000 ) ) ;
#2926 = LINE ( 'NONE', #699, #2569 ) ;
#2927 = ORIENTED_EDGE ( 'NONE', *, *, #2223, .F. ) ;
#2928 = ORIENTED_EDGE ( 'NONE', *, *, #7192, .F. ) ;
#2929 = LINE ( 'NONE', #600, #9562 ) ;
#2930 = EDGE_LOOP ( 'NONE', ( #3644, #7188, #6583, #6984 ) ) ;
#2931 = EDGE_CURVE ( 'NONE', #9254, #8129, #2020, .T. ) ;
#2932 = CARTESIAN_POINT ( 'NONE',  ( 53.66683757335877658, 46.18247202539612317, 7.400000000000000355 ) ) ;
#2933 = ORIENTED_EDGE ( 'NONE', *, *, #1990, .T. ) ;
#2934 = VECTOR ( 'NONE', #8402, 1000.000000000000000 ) ;
#2935 = FACE_OUTER_BOUND ( 'NONE', #9301, .T. ) ;
#2936 = CARTESIAN_POINT ( 'NONE',  ( 46.93870204447377148, 29.99023488137320115, 7.400000000000000355 ) ) ;
#2937 = FACE_BOUND ( 'NONE', #6493, .T. ) ;
#2938 = CARTESIAN_POINT ( 'NONE',  ( 5.000000000000530243, 33.46289289354402285, 10.00099999999999945 ) ) ;
#2939 = CARTESIAN_POINT ( 'NONE',  ( 67.13093918849642705, 48.18247202539613028, 7.400000000000000355 ) ) ;
#2940 = CARTESIAN_POINT ( 'NONE',  ( 43.47460042933601443, 31.99023488137320470, 10.00000000000000000 ) ) ;
#2941 = ORIENTED_EDGE ( 'NONE', *, *, #7007, .F. ) ;
#2942 = DIRECTION ( 'NONE',  ( 0.000000000000000000, -1.000000000000000000, 0.000000000000000000 ) ) ;
#2943 = ORIENTED_EDGE ( 'NONE', *, *, #7360, .T. ) ;
#2944 = ORIENTED_EDGE ( 'NONE', *, *, #9349, .F. ) ;
#2945 = DIRECTION ( 'NONE',  ( 0.0001230892683152483291, 0.9999999924245159821, 0.000000000000000000 ) ) ;
#2946 = DIRECTION ( 'NONE',  ( 0.000000000000000000, 1.000000000000000000, 0.000000000000000000 ) ) ;
#2947 = CARTESIAN_POINT ( 'NONE',  ( 31.54653210253800211, 28.88980021391638431, 4.000000000000000000 ) ) ;
#2948 = VECTOR ( 'NONE', #9144, 1000.000000000000000 ) ;
#2949 = CARTESIAN_POINT ( 'NONE',  ( 46.94653210253800779, 0.000000000000000000, 0.9599999985689978699 ) ) ;
#2950 = DIRECTION ( 'NONE',  ( 0.8660254037844378194, -0.5000000000000015543, 0.000000000000000000 ) ) ;
#2951 = CARTESIAN_POINT ( 'NONE',  ( 63.47460042933579416, 35.99023488137317628, 7.400000000000000355 ) ) ;
#2952 = ORIENTED_EDGE ( 'NONE', *, *, #9009, .T. ) ;
#2953 = VERTEX_POINT ( 'NONE', #6494 ) ;
#2954 = ADVANCED_FACE ( 'NONE', ( #3537 ), #8958, .F. ) ;
#2955 = EDGE_CURVE ( 'NONE', #2670, #8682, #9673, .T. ) ;
#2956 = FACE_OUTER_BOUND ( 'NONE', #4211, .T. ) ;
#2957 = VECTOR ( 'NONE', #4373, 1000.000000000000114 ) ;
#2958 = ORIENTED_EDGE ( 'NONE', *, *, #7601, .T. ) ;
#2959 = ORIENTED_EDGE ( 'NONE', *, *, #432, .T. ) ;
#2960 = FACE_OUTER_BOUND ( 'NONE', #7243, .T. ) ;
#2961 = CARTESIAN_POINT ( 'NONE',  ( 64.56983569344401985, 40.61884720954800088, 0.3999999999999975797 ) ) ;
#2962 = LINE ( 'NONE', #9901, #1884 ) ;
#2963 = VECTOR ( 'NONE', #1203, 999.9999999999998863 ) ;
#2964 = ORIENTED_EDGE ( 'NONE', *, *, #6750, .T. ) ;
#2965 = VERTEX_POINT ( 'NONE', #8867 ) ;
#2966 = EDGE_CURVE ( 'NONE', #6278, #5309, #1928, .T. ) ;
#2967 = FACE_OUTER_BOUND ( 'NONE', #8405, .T. ) ;
#2968 = ORIENTED_EDGE ( 'NONE', *, *, #4936, .T. ) ;
#2969 = DIRECTION ( 'NONE',  ( 0.7071067811865486830, -0.7071067811865464625, 0.000000000000000000 ) ) ;
#2970 = EDGE_CURVE ( 'NONE', #8620, #7463, #1160, .T. ) ;
#2971 = CARTESIAN_POINT ( 'NONE',  ( 70.59504080363419121, 46.18247202539613028, 7.400000000000000355 ) ) ;
#2972 = CARTESIAN_POINT ( 'NONE',  ( 17.32317633251982869, 58.37470916941907717, 7.400000000000000355 ) ) ;
#2973 = DIRECTION ( 'NONE',  ( 0.8660254037844384856, 0.5000000000000002220, 0.000000000000000000 ) ) ;
#2974 = ORIENTED_EDGE ( 'NONE', *, *, #3063, .T. ) ;
#2975 = EDGE_LOOP ( 'NONE', ( #8044, #4188, #8838, #1987 ) ) ;
#2976 = CARTESIAN_POINT ( 'NONE',  ( 43.85907471738176611, 52.37470916941909849, 7.400000000000000355 ) ) ;
#2977 = ORIENTED_EDGE ( 'NONE', *, *, #7211, .T. ) ;
#2978 = CARTESIAN_POINT ( 'NONE',  ( 63.47460042933579416, 35.99023488137317628, 7.400000000000000355 ) ) ;
#2979 = ORIENTED_EDGE ( 'NONE', *, *, #5016, .T. ) ;
#2980 = CARTESIAN_POINT ( 'NONE',  ( 20.85129627085182946, 23.35317541498460159, 10.00000000000000000 ) ) ;
#2981 = CARTESIAN_POINT ( 'NONE',  ( 6.746464900451311308, 27.79799773735024004, 7.400000000000000355 ) ) ;
#2982 = FACE_BOUND ( 'NONE', #1657, .T. ) ;
#2983 = EDGE_CURVE ( 'NONE', #9295, #5366, #5730, .T. ) ;
#2984 = ADVANCED_FACE ( 'NONE', ( #7347 ), #3488, .F. ) ;
#2985 = CARTESIAN_POINT ( 'NONE',  ( 10.59504080363480760, 42.18247202539614449, 10.00000000000000000 ) ) ;
#2986 = PLANE ( 'NONE',  #3987 ) ;
#2987 = CARTESIAN_POINT ( 'NONE',  ( 70.21056651558843953, 25.79799773735024004, 7.400000000000000355 ) ) ;
#2988 = VERTEX_POINT ( 'NONE', #1115 ) ;
#2989 = DIRECTION ( 'NONE',  ( -0.000000000000000000, -0.000000000000000000, 1.000000000000000000 ) ) ;
#2990 = ORIENTED_EDGE ( 'NONE', *, *, #4455, .T. ) ;
#2991 = ORIENTED_EDGE ( 'NONE', *, *, #6432, .F. ) ;
#2992 = CARTESIAN_POINT ( 'NONE',  ( 23.77356091487909495, 59.97470916941908570, 10.00099999999999945 ) ) ;
#2993 = CARTESIAN_POINT ( 'NONE',  ( 73.34807733323548007, 45.95871309031685570, 5.000000000000000000 ) ) ;
#2994 = AXIS2_PLACEMENT_3D ( 'NONE', #2406, #1788, #4072 ) ;
#2995 = DIRECTION ( 'NONE',  ( -1.887397745837881465E-14, -1.000000000000000000, 0.000000000000000000 ) ) ;
#2996 = EDGE_CURVE ( 'NONE', #6689, #1934, #5835, .T. ) ;
#2997 = DIRECTION ( 'NONE',  ( 0.0001230892683151790486, 0.9999999924245159821, -0.000000000000000000 ) ) ;
#2998 = DIRECTION ( 'NONE',  ( -0.000000000000000000, -0.000000000000000000, 1.000000000000000000 ) ) ;
#2999 = DIRECTION ( 'NONE',  ( -0.8660254037844378194, -0.5000000000000013323, 0.000000000000000000 ) ) ;
#3000 = EDGE_LOOP ( 'NONE', ( #9656, #3682, #3788, #5344 ) ) ;
#3001 = ORIENTED_EDGE ( 'NONE', *, *, #1471, .T. ) ;
#3002 = ADVANCED_FACE ( 'NONE', ( #5073 ), #8156, .F. ) ;
#3003 = VECTOR ( 'NONE', #3740, 1000.000000000000000 ) ;
#3004 = CARTESIAN_POINT ( 'NONE',  ( 8.888803657608024267, 56.44252476504900073, 0.000000000000000000 ) ) ;
#3005 = VERTEX_POINT ( 'NONE', #3581 ) ;
#3006 = ORIENTED_EDGE ( 'NONE', *, *, #5878, .T. ) ;
#3007 = CARTESIAN_POINT ( 'NONE',  ( 66.93870204447355832, 29.99023488137320115, 7.400000000000000355 ) ) ;
#3008 = EDGE_CURVE ( 'NONE', #7594, #5176, #556, .T. ) ;
#3009 = DIRECTION ( 'NONE',  ( -0.000000000000000000, -0.000000000000000000, 1.000000000000000000 ) ) ;
#3010 = CARTESIAN_POINT ( 'NONE',  ( 13.47460042933632707, 31.99023488137320470, 10.00000000000000000 ) ) ;
#3011 = EDGE_CURVE ( 'NONE', #3157, #6404, #6693, .T. ) ;
#3012 = VECTOR ( 'NONE', #7907, 1000.000000000000000 ) ;
#3013 = VECTOR ( 'NONE', #8272, 1000.000000000000000 ) ;
#3014 = ORIENTED_EDGE ( 'NONE', *, *, #6165, .T. ) ;
#3015 = VERTEX_POINT ( 'NONE', #4513 ) ;
#3016 = DIRECTION ( 'NONE',  ( 0.000000000000000000, 0.000000000000000000, -1.000000000000000000 ) ) ;
#3017 = EDGE_LOOP ( 'NONE', ( #9609, #2880, #4666, #5356 ) ) ;
#3018 = VECTOR ( 'NONE', #1905, 1000.000000000000000 ) ;
#3019 = VECTOR ( 'NONE', #8765, 1000.000000000000000 ) ;
#3020 = ADVANCED_FACE ( 'NONE', ( #4456 ), #9874, .T. ) ;
#3021 = EDGE_CURVE ( 'NONE', #4776, #3985, #708, .T. ) ;
#3022 = PLANE ( 'NONE',  #4957 ) ;
#3023 = DIRECTION ( 'NONE',  ( 0.7049845209112707289, -0.7092226908915888473, 0.000000000000000000 ) ) ;
#3024 = FACE_OUTER_BOUND ( 'NONE', #2042, .T. ) ;
#3025 = VECTOR ( 'NONE', #6101, 1000.000000000000114 ) ;
#3026 = VECTOR ( 'NONE', #2213, 1000.000000000000000 ) ;
#3027 = DIRECTION ( 'NONE',  ( -0.8660254037844373753, -0.5000000000000021094, 0.000000000000000000 ) ) ;
#3028 = ORIENTED_EDGE ( 'NONE', *, *, #4810, .T. ) ;
#3029 = ORIENTED_EDGE ( 'NONE', *, *, #7795, .F. ) ;
#3030 = CARTESIAN_POINT ( 'NONE',  ( 40.83180065388673796, 43.69286487643512373, 3.399999999999983036 ) ) ;
#3031 = EDGE_LOOP ( 'NONE', ( #4019, #6369, #9818, #4570, #1041, #7461 ) ) ;
#3032 = CARTESIAN_POINT ( 'NONE',  ( 60.40280365961140774, 31.99023488137319760, 7.400000000000000355 ) ) ;
#3033 = ORIENTED_EDGE ( 'NONE', *, *, #1292, .T. ) ;
#3034 = EDGE_CURVE ( 'NONE', #2403, #2300, #5324, .T. ) ;
#3035 = VECTOR ( 'NONE', #464, 1000.000000000000000 ) ;
#3036 = DIRECTION ( 'NONE',  ( 0.5000000000000003331, -0.8660254037844385966, 0.000000000000000000 ) ) ;
#3037 = FACE_BOUND ( 'NONE', #7070, .T. ) ;
#3038 = FACE_OUTER_BOUND ( 'NONE', #5379, .T. ) ;
#3039 = DIRECTION ( 'NONE',  ( -0.8660254037844378194, -0.5000000000000013323, 0.000000000000000000 ) ) ;
#3040 = ADVANCED_FACE ( 'NONE', ( #2935 ), #7646, .T. ) ;
#3041 = DIRECTION ( 'NONE',  ( -0.000000000000000000, -0.000000000000000000, 1.000000000000000000 ) ) ;
#3042 = ORIENTED_EDGE ( 'NONE', *, *, #5332, .T. ) ;
#3043 = VECTOR ( 'NONE', #6529, 1000.000000000000000 ) ;
#3044 = LINE ( 'NONE', #716, #7971 ) ;
#3045 = ORIENTED_EDGE ( 'NONE', *, *, #6478, .T. ) ;
#3046 = ADVANCED_FACE ( 'NONE', ( #6083 ), #9768, .F. ) ;
#3047 = ORIENTED_EDGE ( 'NONE', *, *, #9800, .F. ) ;
#3048 = DIRECTION ( 'NONE',  ( -0.000000000000000000, -0.000000000000000000, -1.000000000000000000 ) ) ;
#3049 = AXIS2_PLACEMENT_3D ( 'NONE', #8618, #2535, #7052 ) ;
#3050 = CARTESIAN_POINT ( 'NONE',  ( 30.78727794765747205, 52.37470916941909138, 10.00000000000000000 ) ) ;
#3051 = EDGE_CURVE ( 'NONE', #7670, #7782, #2173, .T. ) ;
#3052 = CARTESIAN_POINT ( 'NONE',  ( 17.46155956311902813, 6.186614173228023539, 10.00000000000000000 ) ) ;
#3053 = VECTOR ( 'NONE', #8406, 1000.000000000000000 ) ;
#3054 = DIRECTION ( 'NONE',  ( 0.5000000000000003331, -0.8660254037844385966, 0.000000000000000000 ) ) ;
#3055 = DIRECTION ( 'NONE',  ( 1.887397745837881465E-14, 1.000000000000000000, -0.000000000000000000 ) ) ;
#3056 = CARTESIAN_POINT ( 'NONE',  ( 0.000000000000000000, 53.13706121412302252, 4.000000000000000000 ) ) ;
#3057 = CARTESIAN_POINT ( 'NONE',  ( 20.01832937156607883, 15.60576059332729315, 7.400000000000000355 ) ) ;
#3058 = ORIENTED_EDGE ( 'NONE', *, *, #6517, .T. ) ;
#3059 = EDGE_LOOP ( 'NONE', ( #4743, #5744, #4069, #1605 ) ) ;
#3060 = VECTOR ( 'NONE', #7187, 1000.000000000000000 ) ;
#3061 = PLANE ( 'NONE',  #201 ) ;
#3062 = ORIENTED_EDGE ( 'NONE', *, *, #1177, .F. ) ;
#3063 = EDGE_CURVE ( 'NONE', #173, #4900, #4363, .T. ) ;
#3064 = ORIENTED_EDGE ( 'NONE', *, *, #9415, .T. ) ;
#3065 = CARTESIAN_POINT ( 'NONE',  ( 0.000000000000000000, 0.000000000000000000, 1.699885383662997906 ) ) ;
#3066 = CARTESIAN_POINT ( 'NONE',  ( 13.47460042933632707, 35.99023488137317628, 10.00000000000000000 ) ) ;
#3067 = CARTESIAN_POINT ( 'NONE',  ( 70.40280365961129405, 31.99023488137319760, 10.00000000000000000 ) ) ;
#3068 = AXIS2_PLACEMENT_3D ( 'NONE', #7497, #1417, #9725 ) ;
#3069 = VERTEX_POINT ( 'NONE', #8256 ) ;
#3070 = VERTEX_POINT ( 'NONE', #6893 ) ;
#3071 = DIRECTION ( 'NONE',  ( 0.000000000000000000, 0.000000000000000000, -1.000000000000000000 ) ) ;
#3072 = ORIENTED_EDGE ( 'NONE', *, *, #6166, .T. ) ;
#3073 = DIRECTION ( 'NONE',  ( 0.000000000000000000, 0.000000000000000000, -1.000000000000000000 ) ) ;
#3074 = DIRECTION ( 'NONE',  ( 0.000000000000000000, 0.000000000000000000, 1.000000000000000000 ) ) ;
#3075 = DIRECTION ( 'NONE',  ( -1.000000000000000000, 0.000000000000000000, 0.000000000000000000 ) ) ;
#3076 = ORIENTED_EDGE ( 'NONE', *, *, #7882, .F. ) ;
#3077 = ORIENTED_EDGE ( 'NONE', *, *, #5095, .F. ) ;
#3078 = LINE ( 'NONE', #3887, #993 ) ;
#3079 = EDGE_LOOP ( 'NONE', ( #4100, #5345, #287, #6705, #9417, #8598, #1156, #2748, #5048, #4090, #851, #4700, #7531, #2000, #7068, #6569, #794, #4786, #9359, #8982, #8153, #996, #8439, #4478, #2696, #1926, #6470, #7265, #3923, #4751, #7200, #8708, #1702, #2041, #4427, #1044, #7681, #8288, #8014, #7394, #5166, #8345, #5810, #4351, #4402, #9020 ) ) ;
#3080 = ADVANCED_FACE ( 'NONE', ( #2831 ), #9112, .F. ) ;
#3081 = CARTESIAN_POINT ( 'NONE',  ( 60.78727794765715231, 56.37470916941907717, 7.400000000000000355 ) ) ;
#3082 = ORIENTED_EDGE ( 'NONE', *, *, #470, .F. ) ;
#3083 = DIRECTION ( 'NONE',  ( 0.000000000000000000, 1.000000000000000000, 0.000000000000000000 ) ) ;
#3084 = CARTESIAN_POINT ( 'NONE',  ( 23.66683757335909633, 46.18247202539612317, 10.00000000000000000 ) ) ;
#3085 = LINE ( 'NONE', #3691, #8046 ) ;
#3086 = DIRECTION ( 'NONE',  ( 0.5000000000000012212, 0.8660254037844380415, 0.000000000000000000 ) ) ;
#3087 = LINE ( 'NONE', #10028, #8549 ) ;
#3088 = ORIENTED_EDGE ( 'NONE', *, *, #6710, .T. ) ;
#3089 = EDGE_CURVE ( 'NONE', #4015, #3989, #5117, .T. ) ;
#3090 = CARTESIAN_POINT ( 'NONE',  ( 5.000000000000030198, 6.992565577373023977, 10.00099999999999945 ) ) ;
#3091 = ORIENTED_EDGE ( 'NONE', *, *, #455, .T. ) ;
#3092 = ORIENTED_EDGE ( 'NONE', *, *, #3764, .T. ) ;
#3093 = LINE ( 'NONE', #1720, #6291 ) ;
#3094 = CARTESIAN_POINT ( 'NONE',  ( 5.000000000000030198, 6.992565577373023977, 0.000000000000000000 ) ) ;
#3095 = CARTESIAN_POINT ( 'NONE',  ( 56.93870204447365779, 37.99023488137319049, 7.400000000000000355 ) ) ;
#3096 = LINE ( 'NONE', #9277, #8364 ) ;
#3097 = DIRECTION ( 'NONE',  ( -0.7071067811865556774, 0.000000000000000000, -0.7071067811865393571 ) ) ;
#3098 = DIRECTION ( 'NONE',  ( 0.000000000000000000, -1.000000000000000000, 0.000000000000000000 ) ) ;
#3099 = VECTOR ( 'NONE', #8448, 1000.000000000000000 ) ;
#3100 = CARTESIAN_POINT ( 'NONE',  ( 60.78727794765715231, 52.37470916941909138, 10.00000000000000000 ) ) ;
#3101 = ORIENTED_EDGE ( 'NONE', *, *, #2573, .F. ) ;
#3102 = ORIENTED_EDGE ( 'NONE', *, *, #2440, .F. ) ;
#3103 = LINE ( 'NONE', #6966, #8780 ) ;
#3104 = ORIENTED_EDGE ( 'NONE', *, *, #3415, .T. ) ;
#3105 = ORIENTED_EDGE ( 'NONE', *, *, #6618, .F. ) ;
#3106 = VECTOR ( 'NONE', #3476, 1000.000000000000227 ) ;
#3107 = CARTESIAN_POINT ( 'NONE',  ( 53.85907471738165242, 56.37470916941907007, 10.00000000000000000 ) ) ;
#3108 = LINE ( 'NONE', #9852, #1369 ) ;
#3109 = CARTESIAN_POINT ( 'NONE',  ( 63.66683757335867000, 42.18247202539615159, 7.400000000000000355 ) ) ;
#3110 = EDGE_CURVE ( 'NONE', #9030, #2596, #8206, .T. ) ;
#3111 = VECTOR ( 'NONE', #6267, 1000.000000000000114 ) ;
#3112 = VERTEX_POINT ( 'NONE', #6792 ) ;
#3113 = ORIENTED_EDGE ( 'NONE', *, *, #5191, .T. ) ;
#3114 = LINE ( 'NONE', #7776, #2137 ) ;
#3115 = ORIENTED_EDGE ( 'NONE', *, *, #8924, .T. ) ;
#3116 = VECTOR ( 'NONE', #4569, 1000.000000000000227 ) ;
#3117 = CARTESIAN_POINT ( 'NONE',  ( 59.14084972657722261, 31.21190122397094413, 4.000000000000000000 ) ) ;
#3118 = CARTESIAN_POINT ( 'NONE',  ( 40.21056651558873796, 25.79799773735024004, 10.00000000000000000 ) ) ;
#3119 = EDGE_CURVE ( 'NONE', #1853, #3655, #1259, .T. ) ;
#3120 = CARTESIAN_POINT ( 'NONE',  ( 37.32317633251962263, 58.37470916941907717, 7.400000000000000355 ) ) ;
#3121 = ORIENTED_EDGE ( 'NONE', *, *, #2095, .F. ) ;
#3122 = ORIENTED_EDGE ( 'NONE', *, *, #2399, .F. ) ;
#3123 = LINE ( 'NONE', #7784, #7950 ) ;
#3124 = VECTOR ( 'NONE', #9492, 1000.000000000000227 ) ;
#3125 = ORIENTED_EDGE ( 'NONE', *, *, #5900, .F. ) ;
#3126 = PLANE ( 'NONE',  #6535 ) ;
#3127 = CARTESIAN_POINT ( 'NONE',  ( 11.13621310223726368, 34.33421759231528370, 6.000000000000000000 ) ) ;
#3128 = DIRECTION ( 'NONE',  ( -1.000000000000000000, 0.000000000000000000, -0.000000000000000000 ) ) ;
#3129 = ADVANCED_FACE ( 'NONE', ( #6845 ), #9161, .T. ) ;
#3130 = CARTESIAN_POINT ( 'NONE',  ( 20.40280365961182696, 35.99023488137318338, 7.400000000000000355 ) ) ;
#3131 = DIRECTION ( 'NONE',  ( 0.8660254037844385966, -0.5000000000000000000, 0.000000000000000000 ) ) ;
#3132 = VERTEX_POINT ( 'NONE', #5216 ) ;
#3133 = DIRECTION ( 'NONE',  ( 0.000000000000000000, 0.000000000000000000, 1.000000000000000000 ) ) ;
#3134 = VERTEX_POINT ( 'NONE', #1467 ) ;
#3135 = EDGE_LOOP ( 'NONE', ( #7229, #1427, #6168, #4238 ) ) ;
#3136 = DIRECTION ( 'NONE',  ( 0.5000000000000015543, 0.8660254037844378194, 0.000000000000000000 ) ) ;
#3137 = DIRECTION ( 'NONE',  ( 0.000000000000000000, 0.000000000000000000, -1.000000000000000000 ) ) ;
#3138 = CARTESIAN_POINT ( 'NONE',  ( 30.61060500309818977, 30.68592075184099599, 1.109999999999998099 ) ) ;
#3139 = DIRECTION ( 'NONE',  ( -0.8660254037844379305, 0.5000000000000011102, 0.000000000000000000 ) ) ;
#3140 = ADVANCED_FACE ( 'NONE', ( #8305 ), #77, .F. ) ;
#3141 = CARTESIAN_POINT ( 'NONE',  ( 13.85907471738207697, 56.37470916941907007, 7.400000000000000355 ) ) ;
#3142 = DIRECTION ( 'NONE',  ( 0.000000000000000000, 1.000000000000000000, 0.000000000000000000 ) ) ;
#3143 = CARTESIAN_POINT ( 'NONE',  ( 55.24873883105453842, 26.93328518801199323, 7.400000000000001243 ) ) ;
#3144 = EDGE_LOOP ( 'NONE', ( #5523, #2698, #1791, #1234 ) ) ;
#3145 = VERTEX_POINT ( 'NONE', #6372 ) ;
#3146 = CARTESIAN_POINT ( 'NONE',  ( 11.30691806564784763, 11.30691806564793467, 4.000000000000000000 ) ) ;
#3147 = EDGE_LOOP ( 'NONE', ( #738, #6110, #9778, #8039, #7428, #5051 ) ) ;
#3148 = EDGE_LOOP ( 'NONE', ( #2639, #3235, #4761, #8277 ) ) ;
#3149 = VECTOR ( 'NONE', #9989, 1000.000000000000000 ) ;
#3150 = LINE ( 'NONE', #4781, #1293 ) ;
#3151 = DIRECTION ( 'NONE',  ( -0.000000000000000000, -0.000000000000000000, 1.000000000000000000 ) ) ;
#3152 = CARTESIAN_POINT ( 'NONE',  ( 57.32317633251940237, 58.37470916941907717, 10.00000000000000000 ) ) ;
#3153 = CARTESIAN_POINT ( 'NONE',  ( 17.46155956311902457, 19.96343870725181802, 10.00099999999999945 ) ) ;
#3154 = VECTOR ( 'NONE', #188, 1000.000000000000000 ) ;
#3155 = VERTEX_POINT ( 'NONE', #2611 ) ;
#3156 = EDGE_CURVE ( 'NONE', #5518, #135, #7880, .T. ) ;
#3157 = VERTEX_POINT ( 'NONE', #8689 ) ;
#3158 = LINE ( 'NONE', #9294, #3111 ) ;
#3159 = ORIENTED_EDGE ( 'NONE', *, *, #4507, .F. ) ;
#3160 = EDGE_LOOP ( 'NONE', ( #7733, #988, #8064, #9547 ) ) ;
#3161 = EDGE_CURVE ( 'NONE', #4042, #6013, #5509, .T. ) ;
#3162 = AXIS2_PLACEMENT_3D ( 'NONE', #1481, #9225, #2290 ) ;
#3163 = VECTOR ( 'NONE', #3380, 1000.000000000000227 ) ;
#3164 = DIRECTION ( 'NONE',  ( 0.5000000000000012212, 0.8660254037844380415, 0.000000000000000000 ) ) ;
#3165 = DIRECTION ( 'NONE',  ( -0.5773502691896257311, -0.5773502691896257311, 0.5773502691896257311 ) ) ;
#3166 = CARTESIAN_POINT ( 'NONE',  ( 73.47460042933569468, 31.99023488137320470, 7.400000000000000355 ) ) ;
#3167 = DIRECTION ( 'NONE',  ( 0.000000000000000000, 0.000000000000000000, -1.000000000000000000 ) ) ;
#3168 = ORIENTED_EDGE ( 'NONE', *, *, #7799, .F. ) ;
#3169 = VERTEX_POINT ( 'NONE', #130 ) ;
#3170 = VECTOR ( 'NONE', #2915, 1000.000000000000000 ) ;
#3171 = AXIS2_PLACEMENT_3D ( 'NONE', #2788, #6602, #4977 ) ;
#3172 = CARTESIAN_POINT ( 'NONE',  ( 53.47460042933590074, 35.99023488137317628, 7.400000000000000355 ) ) ;
#3173 = ORIENTED_EDGE ( 'NONE', *, *, #4497, .F. ) ;
#3174 = EDGE_CURVE ( 'NONE', #6768, #8572, #8587, .T. ) ;
#3175 = EDGE_CURVE ( 'NONE', #6854, #4727, #4851, .T. ) ;
#3176 = VECTOR ( 'NONE', #9690, 1000.000000000000114 ) ;
#3177 = VECTOR ( 'NONE', #4097, 999.9999999999998863 ) ;
#3178 = PLANE ( 'NONE',  #5925 ) ;
#3179 = CARTESIAN_POINT ( 'NONE',  ( 17.46155956311902457, 17.08191233049011259, 7.400000000000000355 ) ) ;
#3180 = CARTESIAN_POINT ( 'NONE',  ( 5.871324698771779538, 34.33421759231527659, 10.00000000000000000 ) ) ;
#3181 = DIRECTION ( 'NONE',  ( 0.8660254037844385966, -0.5000000000000000000, 0.000000000000000000 ) ) ;
#3182 = ORIENTED_EDGE ( 'NONE', *, *, #6651, .F. ) ;
#3183 = AXIS2_PLACEMENT_3D ( 'NONE', #6601, #5077, #1822 ) ;
#3184 = VECTOR ( 'NONE', #422, 1000.000000000000000 ) ;
#3185 = CARTESIAN_POINT ( 'NONE',  ( 0.000000000000000000, 0.000000000000000000, 7.400000000000000355 ) ) ;
#3186 = EDGE_LOOP ( 'NONE', ( #6401, #3899, #3058, #2270, #627, #9268 ) ) ;
#3187 = EDGE_CURVE ( 'NONE', #6004, #5582, #1649, .T. ) ;
#3188 = EDGE_CURVE ( 'NONE', #8334, #6951, #2557, .T. ) ;
#3189 = ORIENTED_EDGE ( 'NONE', *, *, #6259, .T. ) ;
#3190 = DIRECTION ( 'NONE',  ( -0.7071067811865607844, 1.401868266681968552E-15, 0.7071067811865342501 ) ) ;
#3191 = DIRECTION ( 'NONE',  ( -0.000000000000000000, -0.000000000000000000, -1.000000000000000000 ) ) ;
#3192 = DIRECTION ( 'NONE',  ( -1.000000000000000000, 0.000000000000000000, -0.000000000000000000 ) ) ;
#3193 = DIRECTION ( 'NONE',  ( -0.000000000000000000, -0.000000000000000000, 1.000000000000000000 ) ) ;
#3194 = AXIS2_PLACEMENT_3D ( 'NONE', #6729, #9959, #2162 ) ;
#3195 = VECTOR ( 'NONE', #5679, 1000.000000000000000 ) ;
#3196 = CARTESIAN_POINT ( 'NONE',  ( 74.41423944072103325, 5.000000000000023093, 10.00099999999999945 ) ) ;
#3197 = CARTESIAN_POINT ( 'NONE',  ( 40.78727794765736547, 56.37470916941907717, 10.00000000000000000 ) ) ;
#3198 = ORIENTED_EDGE ( 'NONE', *, *, #319, .T. ) ;
#3199 = LINE ( 'NONE', #7912, #7254 ) ;
#3200 = DIRECTION ( 'NONE',  ( 6.369488388617203926E-16, -1.000000000000000000, 0.000000000000000000 ) ) ;
#3201 = ORIENTED_EDGE ( 'NONE', *, *, #1800, .T. ) ;
#3202 = CARTESIAN_POINT ( 'NONE',  ( 36.74646490045099512, 27.79799773735024004, 10.00000000000000000 ) ) ;
#3203 = ORIENTED_EDGE ( 'NONE', *, *, #4987, .F. ) ;
#3204 = EDGE_CURVE ( 'NONE', #1387, #3134, #1695, .T. ) ;
#3205 = EDGE_CURVE ( 'NONE', #9717, #3366, #1748, .T. ) ;
#3206 = VECTOR ( 'NONE', #6851, 1000.000000000000000 ) ;
#3207 = EDGE_LOOP ( 'NONE', ( #7140, #2455, #7043, #7121 ) ) ;
#3208 = ADVANCED_FACE ( 'NONE', ( #4792 ), #2459, .F. ) ;
#3209 = LINE ( 'NONE', #3300, #8096 ) ;
#3210 = CARTESIAN_POINT ( 'NONE',  ( 78.03063262841251913, 37.35980846479957762, 7.400000000000000355 ) ) ;
#3211 = CARTESIAN_POINT ( 'NONE',  ( 77.98218423212703954, 5.000000000000023093, 10.00000000000000000 ) ) ;
#3212 = FACE_OUTER_BOUND ( 'NONE', #4229, .T. ) ;
#3213 = VECTOR ( 'NONE', #1201, 1000.000000000000000 ) ;
#3214 = VERTEX_POINT ( 'NONE', #6421 ) ;
#3215 = ORIENTED_EDGE ( 'NONE', *, *, #5419, .F. ) ;
#3216 = CARTESIAN_POINT ( 'NONE',  ( 73.15243468099103552, 12.06030566349624422, 0.000000000000000000 ) ) ;
#3217 = VERTEX_POINT ( 'NONE', #5660 ) ;
#3218 = ADVANCED_FACE ( 'NONE', ( #3221 ), #6525, .F. ) ;
#3219 = EDGE_CURVE ( 'NONE', #7337, #1082, #3369, .T. ) ;
#3220 = VECTOR ( 'NONE', #2346, 1000.000000000000114 ) ;
#3221 = FACE_OUTER_BOUND ( 'NONE', #1183, .T. ) ;
#3222 = LINE ( 'NONE', #2506, #3645 ) ;
#3223 = DIRECTION ( 'NONE',  ( -0.000000000000000000, -0.000000000000000000, 1.000000000000000000 ) ) ;
#3224 = PLANE ( 'NONE',  #958 ) ;
#3225 = ORIENTED_EDGE ( 'NONE', *, *, #2365, .F. ) ;
#3226 = VERTEX_POINT ( 'NONE', #4946 ) ;
#3227 = CARTESIAN_POINT ( 'NONE',  ( 10.59504080363480760, 46.18247202539613028, 10.00000000000000000 ) ) ;
#3228 = ORIENTED_EDGE ( 'NONE', *, *, #253, .T. ) ;
#3229 = ADVANCED_FACE ( 'NONE', ( #1797 ), #4893, .F. ) ;
#3230 = VECTOR ( 'NONE', #8577, 1000.000000000000227 ) ;
#3231 = DIRECTION ( 'NONE',  ( 0.9387210029487057517, -0.3446779346331528826, 0.000000000000000000 ) ) ;
#3232 = DIRECTION ( 'NONE',  ( 1.000000000000000000, 0.000000000000000000, 0.000000000000000000 ) ) ;
#3233 = DIRECTION ( 'NONE',  ( 0.5000000000000003331, -0.8660254037844385966, 0.000000000000000000 ) ) ;
#3234 = CARTESIAN_POINT ( 'NONE',  ( 54.42884860408192793, 27.75317541498460372, 7.400000000000002132 ) ) ;
#3235 = ORIENTED_EDGE ( 'NONE', *, *, #4166, .F. ) ;
#3236 = VECTOR ( 'NONE', #8657, 1000.000000000000000 ) ;
#3237 = CARTESIAN_POINT ( 'NONE',  ( 16.55422775642833599, 9.605760593327309138, 7.400000000000000355 ) ) ;
#3238 = ORIENTED_EDGE ( 'NONE', *, *, #1648, .T. ) ;
#3239 = DIRECTION ( 'NONE',  ( -1.000000000000000000, 0.000000000000000000, 0.000000000000000000 ) ) ;
#3240 = CARTESIAN_POINT ( 'NONE',  ( 58.06984934592702530, 35.50332283157010949, 0.3999999999999941380 ) ) ;
#3241 = LINE ( 'NONE', #6348, #3323 ) ;
#3242 = CARTESIAN_POINT ( 'NONE',  ( 30.21056651558884809, 25.79799773735024004, 7.400000000000000355 ) ) ;
#3243 = DIRECTION ( 'NONE',  ( -1.000000000000000000, 0.000000000000000000, -0.000000000000000000 ) ) ;
#3244 = LINE ( 'NONE', #4675, #8241 ) ;
#3245 = DIRECTION ( 'NONE',  ( -0.000000000000000000, -0.000000000000000000, -1.000000000000000000 ) ) ;
#3246 = EDGE_CURVE ( 'NONE', #9792, #3015, #1035, .T. ) ;
#3247 = CARTESIAN_POINT ( 'NONE',  ( 0.000000000000000000, 0.000000000000000000, 7.400000000000000355 ) ) ;
#3248 = EDGE_LOOP ( 'NONE', ( #9487, #861, #2617, #1394 ) ) ;
#3249 = PLANE ( 'NONE',  #1336 ) ;
#3250 = ORIENTED_EDGE ( 'NONE', *, *, #3933, .F. ) ;
#3251 = VERTEX_POINT ( 'NONE', #2416 ) ;
#3252 = LINE ( 'NONE', #6258, #495 ) ;
#3253 = DIRECTION ( 'NONE',  ( -0.000000000000000000, -0.000000000000000000, -1.000000000000000000 ) ) ;
#3254 = FACE_OUTER_BOUND ( 'NONE', #8548, .T. ) ;
#3255 = VECTOR ( 'NONE', #1510, 1000.000000000000000 ) ;
#3256 =( NAMED_UNIT ( * ) SI_UNIT ( $, .STERADIAN. ) SOLID_ANGLE_UNIT ( ) );
#3257 = EDGE_CURVE ( 'NONE', #4880, #3925, #5707, .T. ) ;
#3258 = EDGE_CURVE ( 'NONE', #1030, #1705, #9397, .T. ) ;
#3259 = VERTEX_POINT ( 'NONE', #3264 ) ;
#3260 = ORIENTED_EDGE ( 'NONE', *, *, #9, .F. ) ;
#3261 = CARTESIAN_POINT ( 'NONE',  ( 13.85907471738207697, 52.37470916941909849, 7.400000000000000355 ) ) ;
#3262 = ORIENTED_EDGE ( 'NONE', *, *, #9148, .T. ) ;
#3263 = ORIENTED_EDGE ( 'NONE', *, *, #4272, .T. ) ;
#3264 = CARTESIAN_POINT ( 'NONE',  ( 56.93870204447366490, 29.99023488137320115, 7.400000000000000355 ) ) ;
#3265 = LINE ( 'NONE', #7225, #7705 ) ;
#3266 = DIRECTION ( 'NONE',  ( 0.8660254037844384856, 0.5000000000000002220, 0.000000000000000000 ) ) ;
#3267 = VECTOR ( 'NONE', #7680, 1000.000000000000000 ) ;
#3268 = LINE ( 'NONE', #10014, #4824 ) ;
#3269 = EDGE_CURVE ( 'NONE', #5084, #1515, #9444, .T. ) ;
#3270 = ADVANCED_FACE ( 'NONE', ( #2005 ), #8182, .T. ) ;
#3271 = LINE ( 'NONE', #2420, #7264 ) ;
#3272 = EDGE_LOOP ( 'NONE', ( #2538, #7766, #9381, #692 ) ) ;
#3273 = VERTEX_POINT ( 'NONE', #6574 ) ;
#3274 = EDGE_CURVE ( 'NONE', #1535, #4298, #9040, .T. ) ;
#3275 = DIRECTION ( 'NONE',  ( -0.5000000000000021094, 0.8660254037844374864, 0.000000000000000000 ) ) ;
#3276 = ORIENTED_EDGE ( 'NONE', *, *, #2303, .T. ) ;
#3277 = AXIS2_PLACEMENT_3D ( 'NONE', #3004, #3866, #6312 ) ;
#3278 = CARTESIAN_POINT ( 'NONE',  ( 10.59981128446159460, 12.01402484683418415, 4.000000000000000000 ) ) ;
#3279 = CARTESIAN_POINT ( 'NONE',  ( 78.03203064794003296, 52.35311032234201889, 10.00000000000000000 ) ) ;
#3280 = FACE_OUTER_BOUND ( 'NONE', #3851, .T. ) ;
#3281 = AXIS2_PLACEMENT_3D ( 'NONE', #38, #5321, #2375 ) ;
#3282 = DIRECTION ( 'NONE',  ( -0.7071067811865556774, 0.000000000000000000, 0.7071067811865393571 ) ) ;
#3283 = ORIENTED_EDGE ( 'NONE', *, *, #7430, .F. ) ;
#3284 = VECTOR ( 'NONE', #176, 1000.000000000000000 ) ;
#3285 = LINE ( 'NONE', #1668, #6371 ) ;
#3286 = ORIENTED_EDGE ( 'NONE', *, *, #3934, .F. ) ;
#3287 = ADVANCED_FACE ( 'NONE', ( #7468 ), #5814, .F. ) ;
#3288 = EDGE_CURVE ( 'NONE', #6687, #7823, #5860, .T. ) ;
#3289 = LINE ( 'NONE', #7846, #9352 ) ;
#3290 = CARTESIAN_POINT ( 'NONE',  ( 40.40280365961161380, 31.99023488137319760, 10.00000000000000000 ) ) ;
#3291 = CARTESIAN_POINT ( 'NONE',  ( 10.21056651558905770, 21.79799773735025070, 7.400000000000000355 ) ) ;
#3292 = FACE_OUTER_BOUND ( 'NONE', #5540, .T. ) ;
#3293 = DIRECTION ( 'NONE',  ( 0.8660254037844377084, -0.5000000000000015543, 0.000000000000000000 ) ) ;
#3294 = FACE_OUTER_BOUND ( 'NONE', #3031, .T. ) ;
#3295 = ORIENTED_EDGE ( 'NONE', *, *, #9264, .F. ) ;
#3296 = ORIENTED_EDGE ( 'NONE', *, *, #9189, .T. ) ;
#3297 = CARTESIAN_POINT ( 'NONE',  ( 5.871926122045817209, 37.37433151539415377, 10.00099999999999945 ) ) ;
#3298 = ORIENTED_EDGE ( 'NONE', *, *, #10023, .T. ) ;
#3299 = ORIENTED_EDGE ( 'NONE', *, *, #5270, .T. ) ;
#3300 = CARTESIAN_POINT ( 'NONE',  ( 65.74084972657725245, 30.61190122397092495, 3.399999999999968825 ) ) ;
#3301 = ADVANCED_FACE ( 'NONE', ( #6628 ), #385, .F. ) ;
#3302 = CARTESIAN_POINT ( 'NONE',  ( 27.32317633251972566, 58.37470916941907717, 10.00000000000000000 ) ) ;
#3303 = CARTESIAN_POINT ( 'NONE',  ( 32.14653210253800353, 35.48980021391638928, 4.000000000000000000 ) ) ;
#3304 = CARTESIAN_POINT ( 'NONE',  ( 57.32317633251940237, 58.37470916941907717, 7.400000000000000355 ) ) ;
#3305 = ORIENTED_EDGE ( 'NONE', *, *, #5361, .F. ) ;
#3306 = ORIENTED_EDGE ( 'NONE', *, *, #6188, .F. ) ;
#3307 = DIRECTION ( 'NONE',  ( -1.000000000000000000, 0.000000000000000000, -0.000000000000000000 ) ) ;
#3308 = ORIENTED_EDGE ( 'NONE', *, *, #1564, .T. ) ;
#3309 = PLANE ( 'NONE',  #1830 ) ;
#3310 = VERTEX_POINT ( 'NONE', #1239 ) ;
#3311 = EDGE_CURVE ( 'NONE', #5178, #727, #7327, .T. ) ;
#3312 = EDGE_CURVE ( 'NONE', #2670, #8173, #8282, .T. ) ;
#3313 = DIRECTION ( 'NONE',  ( -0.8660254037844377084, 0.5000000000000015543, 0.000000000000000000 ) ) ;
#3314 = CARTESIAN_POINT ( 'NONE',  ( 20.40280365961182696, 31.99023488137319760, 7.400000000000000355 ) ) ;
#3315 = FACE_OUTER_BOUND ( 'NONE', #7475, .T. ) ;
#3316 = AXIS2_PLACEMENT_3D ( 'NONE', #9026, #1943, #5045 ) ;
#3317 = CARTESIAN_POINT ( 'NONE',  ( 67.32317633251929578, 50.37470916941909138, 7.400000000000000355 ) ) ;
#3318 = CARTESIAN_POINT ( 'NONE',  ( 26.93870204447397398, 37.99023488137319049, 10.00000000000000000 ) ) ;
#3319 = VERTEX_POINT ( 'NONE', #3611 ) ;
#3320 = VERTEX_POINT ( 'NONE', #5197 ) ;
#3321 = CARTESIAN_POINT ( 'NONE',  ( 58.06984934592702530, 40.61884720954800088, 3.399999999999996803 ) ) ;
#3322 = ORIENTED_EDGE ( 'NONE', *, *, #9333, .T. ) ;
#3323 = VECTOR ( 'NONE', #1628, 999.9999999999998863 ) ;
#3324 = EDGE_CURVE ( 'NONE', #1832, #7346, #4389, .T. ) ;
#3325 = EDGE_CURVE ( 'NONE', #3460, #9303, #8984, .T. ) ;
#3326 = FACE_OUTER_BOUND ( 'NONE', #7129, .T. ) ;
#3327 = PLANE ( 'NONE',  #938 ) ;
#3328 = CARTESIAN_POINT ( 'NONE',  ( 0.000000000000000000, 0.000000000000000000, 7.400000000000000355 ) ) ;
#3329 = VECTOR ( 'NONE', #1355, 1000.000000000000227 ) ;
#3330 = VECTOR ( 'NONE', #6124, 1000.000000000000000 ) ;
#3331 = CARTESIAN_POINT ( 'NONE',  ( 54.42884860408192793, 27.75317541498460372, 4.000000000000000000 ) ) ;
#3332 = ORIENTED_EDGE ( 'NONE', *, *, #4843, .T. ) ;
#3333 = EDGE_CURVE ( 'NONE', #8572, #3558, #7425, .T. ) ;
#3334 = DIRECTION ( 'NONE',  ( 0.8660254037844385966, -0.5000000000000000000, 0.000000000000000000 ) ) ;
#3335 = EDGE_LOOP ( 'NONE', ( #3898, #7450, #2823, #9502 ) ) ;
#3336 = VECTOR ( 'NONE', #323, 1000.000000000000000 ) ;
#3337 = ADVANCED_FACE ( 'NONE', ( #6675 ), #8894, .F. ) ;
#3338 = AXIS2_PLACEMENT_3D ( 'NONE', #3141, #3243, #4011 ) ;
#3339 = CARTESIAN_POINT ( 'NONE',  ( 11.68769779765030847, 35.83617119703320952, 6.000000000000000000 ) ) ;
#3340 = DIRECTION ( 'NONE',  ( 0.000000000000000000, 1.000000000000000000, 0.000000000000000000 ) ) ;
#3341 = DIRECTION ( 'NONE',  ( -0.8660254037844385966, 0.5000000000000000000, 0.000000000000000000 ) ) ;
#3342 = ADVANCED_FACE ( 'NONE', ( #8842 ), #1955, .T. ) ;
#3343 = CARTESIAN_POINT ( 'NONE',  ( 6.938702044474189812, 29.99023488137320115, 7.400000000000000355 ) ) ;
#3344 = LINE ( 'NONE', #4872, #8998 ) ;
#3345 = CARTESIAN_POINT ( 'NONE',  ( 30.61060500309818977, 30.68592075184099599, 3.399999999999983036 ) ) ;
#3346 = ORIENTED_EDGE ( 'NONE', *, *, #4052, .F. ) ;
#3347 = LINE ( 'NONE', #923, #6460 ) ;
#3348 = CARTESIAN_POINT ( 'NONE',  ( 78.03063262841251913, 37.35980846479957762, 10.00099999999999945 ) ) ;
#3349 = VECTOR ( 'NONE', #9677, 1000.000000000000114 ) ;
#3350 = VECTOR ( 'NONE', #3151, 1000.000000000000000 ) ;
#3351 = ADVANCED_FACE ( 'NONE', ( #1904 ), #1141, .T. ) ;
#3352 = VERTEX_POINT ( 'NONE', #5909 ) ;
#3353 = EDGE_LOOP ( 'NONE', ( #9480, #9716, #9063, #1124 ) ) ;
#3354 = FACE_OUTER_BOUND ( 'NONE', #6357, .T. ) ;
#3355 = ORIENTED_EDGE ( 'NONE', *, *, #4347, .T. ) ;
#3356 = EDGE_LOOP ( 'NONE', ( #328, #9794, #8252, #2551 ) ) ;
#3357 = CARTESIAN_POINT ( 'NONE',  ( 6.746464900451311308, 27.79799773735024004, 7.400000000000000355 ) ) ;
#3358 = VECTOR ( 'NONE', #4354, 1000.000000000000000 ) ;
#3359 = CARTESIAN_POINT ( 'NONE',  ( 73.15243468099103552, 6.261804759730023484, 10.00099999999999945 ) ) ;
#3360 = CARTESIAN_POINT ( 'NONE',  ( 73.34807733323548007, 40.95871309031685570, 4.000000000000000000 ) ) ;
#3361 = DIRECTION ( 'NONE',  ( 1.000000000000000000, 0.000000000000000000, 0.000000000000000000 ) ) ;
#3362 = EDGE_LOOP ( 'NONE', ( #7472, #9804, #3104, #2756, #3228, #6431 ) ) ;
#3363 = EDGE_LOOP ( 'NONE', ( #6333, #9729, #889, #5092 ) ) ;
#3364 = VECTOR ( 'NONE', #9183, 1000.000000000000000 ) ;
#3365 = PLANE ( 'NONE',  #4255 ) ;
#3366 = VERTEX_POINT ( 'NONE', #3518 ) ;
#3367 = DIRECTION ( 'NONE',  ( 3.011203194556595896E-16, 1.000000000000000000, -0.000000000000000000 ) ) ;
#3368 = EDGE_LOOP ( 'NONE', ( #1402, #1620, #4397, #7813 ) ) ;
#3369 = LINE ( 'NONE', #4035, #9432 ) ;
#3370 = CARTESIAN_POINT ( 'NONE',  ( 24.39487291362403454, 53.90641816659306329, 6.000000000000000000 ) ) ;
#3371 = AXIS2_PLACEMENT_3D ( 'NONE', #1712, #6387, #2521 ) ;
#3372 = CARTESIAN_POINT ( 'NONE',  ( 66.93870204447355832, 37.99023488137319049, 7.400000000000000355 ) ) ;
#3373 = LINE ( 'NONE', #1909, #790 ) ;
#3374 = LINE ( 'NONE', #3522, #7592 ) ;
#3375 = ORIENTED_EDGE ( 'NONE', *, *, #7477, .F. ) ;
#3376 = ORIENTED_EDGE ( 'NONE', *, *, #6018, .F. ) ;
#3377 = LINE ( 'NONE', #4253, #5701 ) ;
#3378 = VERTEX_POINT ( 'NONE', #5962 ) ;
#3379 = VECTOR ( 'NONE', #9565, 1000.000000000000000 ) ;
#3380 = DIRECTION ( 'NONE',  ( -0.8660254037844378194, -0.5000000000000013323, 0.000000000000000000 ) ) ;
#3381 = DIRECTION ( 'NONE',  ( 0.5773502691896257311, -0.5773502691896257311, -0.5773502691896257311 ) ) ;
#3382 = VECTOR ( 'NONE', #4271, 1000.000000000000000 ) ;
#3383 = DIRECTION ( 'NONE',  ( 1.000000000000000000, -0.000000000000000000, -0.000000000000000000 ) ) ;
#3384 = CARTESIAN_POINT ( 'NONE',  ( 41.42884860408194214, 24.35317541498458738, 10.00000000000000000 ) ) ;
#3385 = ORIENTED_EDGE ( 'NONE', *, *, #2886, .F. ) ;
#3386 = EDGE_CURVE ( 'NONE', #5181, #2132, #2050, .T. ) ;
#3387 = EDGE_CURVE ( 'NONE', #5240, #9187, #438, .T. ) ;
#3388 = DIRECTION ( 'NONE',  ( 0.8660254037844384856, 0.5000000000000002220, 0.000000000000000000 ) ) ;
#3389 = ORIENTED_EDGE ( 'NONE', *, *, #9987, .T. ) ;
#3390 = VECTOR ( 'NONE', #5905, 1000.000000000000000 ) ;
#3391 = CARTESIAN_POINT ( 'NONE',  ( 13.66683757335920113, 42.18247202539615159, 7.400000000000000355 ) ) ;
#3392 = LINE ( 'NONE', #1874, #9971 ) ;
#3393 = CARTESIAN_POINT ( 'NONE',  ( 73.15243468099103552, 6.261804759730023484, 0.000000000000000000 ) ) ;
#3394 = CARTESIAN_POINT ( 'NONE',  ( 30.61060500309818977, 30.68592075184099599, 1.109999999999998099 ) ) ;
#3395 = CARTESIAN_POINT ( 'NONE',  ( 23.85907471738197216, 56.37470916941907007, 10.00000000000000000 ) ) ;
#3396 = DIRECTION ( 'NONE',  ( -0.000000000000000000, -0.000000000000000000, -1.000000000000000000 ) ) ;
#3397 = LINE ( 'NONE', #1726, #1103 ) ;
#3398 = LINE ( 'NONE', #3348, #970 ) ;
#3399 = EDGE_CURVE ( 'NONE', #6691, #4385, #4620, .T. ) ;
#3400 = VECTOR ( 'NONE', #8168, 1000.000000000000000 ) ;
#3401 = CARTESIAN_POINT ( 'NONE',  ( 20.21056651558895112, 22.71244565972173035, 10.00099999999999945 ) ) ;
#3402 = VERTEX_POINT ( 'NONE', #7727 ) ;
#3403 = DIRECTION ( 'NONE',  ( -0.000000000000000000, 0.000000000000000000, 1.000000000000000000 ) ) ;
#3404 = ORIENTED_EDGE ( 'NONE', *, *, #5137, .T. ) ;
#3405 = VERTEX_POINT ( 'NONE', #3717 ) ;
#3406 = DIRECTION ( 'NONE',  ( 0.000000000000000000, 0.000000000000000000, -1.000000000000000000 ) ) ;
#3407 = DIRECTION ( 'NONE',  ( -0.000000000000000000, -0.000000000000000000, -1.000000000000000000 ) ) ;
#3408 = DIRECTION ( 'NONE',  ( 0.000000000000000000, 1.000000000000000000, 0.000000000000000000 ) ) ;
#3409 = EDGE_CURVE ( 'NONE', #2065, #8291, #6211, .T. ) ;
#3410 = CARTESIAN_POINT ( 'NONE',  ( 13.85907471738207697, 52.37470916941909849, 10.00000000000000000 ) ) ;
#3411 = VERTEX_POINT ( 'NONE', #9138 ) ;
#3412 = VERTEX_POINT ( 'NONE', #6163 ) ;
#3413 = LINE ( 'NONE', #9440, #8605 ) ;
#3414 = VERTEX_POINT ( 'NONE', #2961 ) ;
#3415 = EDGE_CURVE ( 'NONE', #2092, #2556, #4542, .T. ) ;
#3416 = EDGE_CURVE ( 'NONE', #1578, #8313, #3108, .T. ) ;
#3417 = DIRECTION ( 'NONE',  ( -1.000000000000000000, 3.011203194556595896E-16, 0.000000000000000000 ) ) ;
#3418 = VERTEX_POINT ( 'NONE', #734 ) ;
#3419 = VECTOR ( 'NONE', #9060, 1000.000000000000227 ) ;
#3420 = DIRECTION ( 'NONE',  ( -0.000000000000000000, -0.000000000000000000, 1.000000000000000000 ) ) ;
#3421 = DIRECTION ( 'NONE',  ( -0.000000000000000000, 0.000000000000000000, 1.000000000000000000 ) ) ;
#3422 = FACE_OUTER_BOUND ( 'NONE', #9801, .T. ) ;
#3423 = CARTESIAN_POINT ( 'NONE',  ( 27.13093918849685338, 40.18247202539614449, 7.400000000000000355 ) ) ;
#3424 = CARTESIAN_POINT ( 'NONE',  ( 57.32317633251940947, 50.37470916941909138, 10.00000000000000000 ) ) ;
#3425 = CARTESIAN_POINT ( 'NONE',  ( 60.40280365961140774, 31.99023488137319760, 7.400000000000000355 ) ) ;
#3426 = ORIENTED_EDGE ( 'NONE', *, *, #4628, .F. ) ;
#3427 = ORIENTED_EDGE ( 'NONE', *, *, #7289, .F. ) ;
#3428 = LINE ( 'NONE', #5013, #3430 ) ;
#3429 = ORIENTED_EDGE ( 'NONE', *, *, #2886, .T. ) ;
#3430 = VECTOR ( 'NONE', #8798, 1000.000000000000000 ) ;
#3431 = CARTESIAN_POINT ( 'NONE',  ( 16.93870204447408057, 37.99023488137319049, 7.400000000000000355 ) ) ;
#3432 = FACE_OUTER_BOUND ( 'NONE', #7638, .T. ) ;
#3433 = CARTESIAN_POINT ( 'NONE',  ( 10.01832937156618364, 15.60576059332729315, 7.400000000000000355 ) ) ;
#3434 = LINE ( 'NONE', #3483, #6630 ) ;
#3435 = ORIENTED_EDGE ( 'NONE', *, *, #5767, .F. ) ;
#3436 = AXIS2_PLACEMENT_3D ( 'NONE', #2758, #8933, #1998 ) ;
#3437 = CARTESIAN_POINT ( 'NONE',  ( 14.72082814748423907, 25.49722228093273557, 10.00000000000000000 ) ) ;
#3438 = ORIENTED_EDGE ( 'NONE', *, *, #3110, .T. ) ;
#3439 = CARTESIAN_POINT ( 'NONE',  ( 13.47460042933632707, 35.99023488137317628, 10.00000000000000000 ) ) ;
#3440 = EDGE_CURVE ( 'NONE', #1181, #3418, #9900, .T. ) ;
#3441 = CARTESIAN_POINT ( 'NONE',  ( 55.24511320246803336, 59.97470916941927044, 10.00000000000000000 ) ) ;
#3442 = LINE ( 'NONE', #5123, #8340 ) ;
#3443 = AXIS2_PLACEMENT_3D ( 'NONE', #7041, #49, #1425 ) ;
#3444 = LINE ( 'NONE', #4976, #5951 ) ;
#3445 = CARTESIAN_POINT ( 'NONE',  ( -21.63100838201660636, 21.63100838201653531, 4.000000000000000000 ) ) ;
#3446 = LINE ( 'NONE', #2587, #4687 ) ;
#3447 = CARTESIAN_POINT ( 'NONE',  ( 33.85907471738186558, 56.37470916941907007, 7.400000000000000355 ) ) ;
#3448 = DIRECTION ( 'NONE',  ( 0.8660254037844384856, 0.5000000000000002220, 0.000000000000000000 ) ) ;
#3449 = CARTESIAN_POINT ( 'NONE',  ( 6.938702044474189812, 29.99023488137320115, 10.00000000000000000 ) ) ;
#3450 = DIRECTION ( 'NONE',  ( -0.8660254037844378194, -0.5000000000000013323, 0.000000000000000000 ) ) ;
#3451 = VECTOR ( 'NONE', #5096, 1000.000000000000227 ) ;
#3452 = EDGE_LOOP ( 'NONE', ( #2678, #10008, #1085, #8728 ) ) ;
#3453 = ORIENTED_EDGE ( 'NONE', *, *, #7381, .T. ) ;
#3454 = LINE ( 'NONE', #6663, #6814 ) ;
#3455 = EDGE_CURVE ( 'NONE', #1192, #5364, #5351, .T. ) ;
#3456 = DIRECTION ( 'NONE',  ( -0.8660254037844381525, 0.5000000000000008882, 0.000000000000000000 ) ) ;
#3457 = LINE ( 'NONE', #477, #6720 ) ;
#3458 = DIRECTION ( 'NONE',  ( -1.000000000000000000, 0.000000000000000000, -0.000000000000000000 ) ) ;
#3459 = ORIENTED_EDGE ( 'NONE', *, *, #3957, .T. ) ;
#3460 = VERTEX_POINT ( 'NONE', #7772 ) ;
#3461 = DIRECTION ( 'NONE',  ( -1.000000000000000000, 3.469446951953610639E-15, 0.000000000000000000 ) ) ;
#3462 = ORIENTED_EDGE ( 'NONE', *, *, #3956, .T. ) ;
#3463 = VERTEX_POINT ( 'NONE', #2198 ) ;
#3464 = CARTESIAN_POINT ( 'NONE',  ( 54.61482092964091350, 59.34967741935614782, 6.000000000000000000 ) ) ;
#3465 = EDGE_LOOP ( 'NONE', ( #7808, #9706, #1366, #4938 ) ) ;
#3466 = DIRECTION ( 'NONE',  ( -0.8660254037844381525, 0.5000000000000007772, 0.000000000000000000 ) ) ;
#3467 = DIRECTION ( 'NONE',  ( -0.000000000000000000, -0.000000000000000000, -1.000000000000000000 ) ) ;
#3468 = LINE ( 'NONE', #5100, #8030 ) ;
#3469 = LINE ( 'NONE', #2663, #4470 ) ;
#3470 = EDGE_CURVE ( 'NONE', #8028, #115, #7576, .T. ) ;
#3471 = ADVANCED_FACE ( 'NONE', ( #5298 ), #2914, .T. ) ;
#3472 = CARTESIAN_POINT ( 'NONE',  ( 75.02984732797570189, 28.93771831048098520, 0.000000000000000000 ) ) ;
#3473 = DIRECTION ( 'NONE',  ( 0.000000000000000000, -1.000000000000000000, 0.000000000000000000 ) ) ;
#3474 = ORIENTED_EDGE ( 'NONE', *, *, #1280, .T. ) ;
#3475 = ORIENTED_EDGE ( 'NONE', *, *, #9676, .T. ) ;
#3476 = DIRECTION ( 'NONE',  ( 0.8660254037844384856, 0.5000000000000002220, 0.000000000000000000 ) ) ;
#3477 = ORIENTED_EDGE ( 'NONE', *, *, #5565, .T. ) ;
#3478 = EDGE_CURVE ( 'NONE', #1364, #208, #6011, .T. ) ;
#3479 = VECTOR ( 'NONE', #4684, 1000.000000000000000 ) ;
#3480 = CARTESIAN_POINT ( 'NONE',  ( 23.66683757335909633, 42.18247202539615159, 7.400000000000000355 ) ) ;
#3481 = DIRECTION ( 'NONE',  ( -1.000000000000000000, 0.000000000000000000, 0.000000000000000000 ) ) ;
#3482 = CARTESIAN_POINT ( 'NONE',  ( 60.21056651558853190, 23.35317541498460514, 10.00099999999999945 ) ) ;
#3483 = CARTESIAN_POINT ( 'NONE',  ( 0.000000000000000000, 52.77490806565516834, 4.000000000000000000 ) ) ;
#3484 = ORIENTED_EDGE ( 'NONE', *, *, #6498, .F. ) ;
#3485 = VECTOR ( 'NONE', #4918, 1000.000000000000000 ) ;
#3486 = PLANE ( 'NONE',  #4745 ) ;
#3487 = ORIENTED_EDGE ( 'NONE', *, *, #2909, .T. ) ;
#3488 = PLANE ( 'NONE',  #9034 ) ;
#3489 = VECTOR ( 'NONE', #9466, 1000.000000000000114 ) ;
#3490 = CARTESIAN_POINT ( 'NONE',  ( 33.66683757335898974, 46.18247202539612317, 7.400000000000000355 ) ) ;
#3491 = VECTOR ( 'NONE', #3571, 1000.000000000000114 ) ;
#3492 = CARTESIAN_POINT ( 'NONE',  ( 5.797973287353575422, 10.04238431462353809, 10.00000000000000000 ) ) ;
#3493 = PLANE ( 'NONE',  #3514 ) ;
#3494 = FACE_OUTER_BOUND ( 'NONE', #7058, .T. ) ;
#3495 = APPLICATION_PROTOCOL_DEFINITION ( 'draft international standard', 'automotive_design', 1998, #9068 ) ;
#3496 = DIRECTION ( 'NONE',  ( 0.8660254037844379305, -0.5000000000000011102, 0.000000000000000000 ) ) ;
#3497 = CARTESIAN_POINT ( 'NONE',  ( 73.15243468099103552, 20.03231731485909961, 10.00000000000000000 ) ) ;
#3498 = VECTOR ( 'NONE', #9721, 1000.000000000000000 ) ;
#3499 = VECTOR ( 'NONE', #723, 1000.000000000000227 ) ;
#3500 = DIRECTION ( 'NONE',  ( -0.8660254037844379305, 0.5000000000000011102, 0.000000000000000000 ) ) ;
#3501 = ORIENTED_EDGE ( 'NONE', *, *, #715, .F. ) ;
#3502 = VERTEX_POINT ( 'NONE', #3767 ) ;
#3503 = CARTESIAN_POINT ( 'NONE',  ( 40.83180065388673796, 43.69286487643512373, 3.399999999999983036 ) ) ;
#3504 = CARTESIAN_POINT ( 'NONE',  ( 36.63180065388673512, 38.69286487643513084, 1.699885383662997906 ) ) ;
#3505 = CARTESIAN_POINT ( 'NONE',  ( 5.000000000000030198, 6.992565577373023977, 10.00000000000000000 ) ) ;
#3506 = LINE ( 'NONE', #6616, #3176 ) ;
#3507 = STYLED_ITEM ( 'NONE', ( #6362 ), #7160 ) ;
#3508 = VECTOR ( 'NONE', #6022, 1000.000000000000227 ) ;
#3509 = EDGE_LOOP ( 'NONE', ( #7320, #1147, #8432, #8683 ) ) ;
#3510 = ORIENTED_EDGE ( 'NONE', *, *, #6243, .F. ) ;
#3511 = ADVANCED_FACE ( 'NONE', ( #8531 ), #4488, .F. ) ;
#3512 = CARTESIAN_POINT ( 'NONE',  ( 40.59504080363448963, 42.18247202539614449, 7.400000000000000355 ) ) ;
#3513 = EDGE_LOOP ( 'NONE', ( #8631, #5729, #1549, #7323, #1766, #6452 ) ) ;
#3514 = AXIS2_PLACEMENT_3D ( 'NONE', #9723, #4163, #7253 ) ;
#3515 = CARTESIAN_POINT ( 'NONE',  ( -14.23144644677175386, 14.23144644677176629, 4.000000000000000000 ) ) ;
#3516 = VERTEX_POINT ( 'NONE', #1543 ) ;
#3517 = FACE_OUTER_BOUND ( 'NONE', #6609, .T. ) ;
#3518 = CARTESIAN_POINT ( 'NONE',  ( 23.28236328531334465, 23.35317541498460514, 10.00000000000000000 ) ) ;
#3519 = FACE_OUTER_BOUND ( 'NONE', #565, .T. ) ;
#3520 = DIRECTION ( 'NONE',  ( 2.518321216464164144E-16, -1.000000000000000000, 0.000000000000000000 ) ) ;
#3521 = AXIS2_PLACEMENT_3D ( 'NONE', #397, #8802, #3530 ) ;
#3522 = CARTESIAN_POINT ( 'NONE',  ( -2.595249223493786950, 2.617091902073043208, 4.000000000000000000 ) ) ;
#3523 = ORIENTED_EDGE ( 'NONE', *, *, #8691, .T. ) ;
#3524 = ORIENTED_EDGE ( 'NONE', *, *, #739, .T. ) ;
#3525 = EDGE_CURVE ( 'NONE', #6046, #1331, #6770, .T. ) ;
#3526 = CARTESIAN_POINT ( 'NONE',  ( 20.78727794765757864, 56.37470916941907717, 7.400000000000000355 ) ) ;
#3527 = ORIENTED_EDGE ( 'NONE', *, *, #3089, .F. ) ;
#3528 = VECTOR ( 'NONE', #2296, 1000.000000000000000 ) ;
#3529 = CARTESIAN_POINT ( 'NONE',  ( 70.59504080363419121, 46.18247202539613028, 10.00000000000000000 ) ) ;
#3530 = DIRECTION ( 'NONE',  ( 0.8660254037844384856, 0.5000000000000002220, 0.000000000000000000 ) ) ;
#3531 = CARTESIAN_POINT ( 'NONE',  ( 56.93870204447365779, 37.99023488137319049, 7.400000000000000355 ) ) ;
#3532 = DIRECTION ( 'NONE',  ( -0.8660254037844377084, 0.5000000000000015543, 0.000000000000000000 ) ) ;
#3533 = EDGE_LOOP ( 'NONE', ( #527, #3659, #8943, #972 ) ) ;
#3534 = VECTOR ( 'NONE', #960, 1000.000000000000000 ) ;
#3535 = CARTESIAN_POINT ( 'NONE',  ( 17.32317633251983224, 50.37470916941909138, 10.00000000000000000 ) ) ;
#3536 = ORIENTED_EDGE ( 'NONE', *, *, #7882, .T. ) ;
#3537 = FACE_OUTER_BOUND ( 'NONE', #3746, .T. ) ;
#3538 = AXIS2_PLACEMENT_3D ( 'NONE', #6961, #8569, #4723 ) ;
#3539 = PLANE ( 'NONE',  #98 ) ;
#3540 = LINE ( 'NONE', #2685, #4629 ) ;
#3541 = CARTESIAN_POINT ( 'NONE',  ( 13.66683757335920113, 46.18247202539612317, 10.00000000000000000 ) ) ;
#3542 = DIRECTION ( 'NONE',  ( -0.8660254037844378194, 0.5000000000000015543, 0.000000000000000000 ) ) ;
#3543 = LINE ( 'NONE', #9681, #7743 ) ;
#3544 = CARTESIAN_POINT ( 'NONE',  ( 53.48264078761654616, 52.77490806565516834, 6.000000000000000000 ) ) ;
#3545 = CARTESIAN_POINT ( 'NONE',  ( 24.39487291362403099, 57.66326120127521193, 0.000000000000000000 ) ) ;
#3546 = ORIENTED_EDGE ( 'NONE', *, *, #5167, .F. ) ;
#3547 = VERTEX_POINT ( 'NONE', #6873 ) ;
#3548 = CARTESIAN_POINT ( 'NONE',  ( 11.68769779765030847, 43.83617119703320952, 6.000000000000000000 ) ) ;
#3549 = CARTESIAN_POINT ( 'NONE',  ( 40.83180065388673796, 43.69286487643512373, 1.699885383662997906 ) ) ;
#3550 = DIRECTION ( 'NONE',  ( 0.0001978291858416224519, 0.9999999804318063790, 0.000000000000000000 ) ) ;
#3551 = EDGE_CURVE ( 'NONE', #2550, #7997, #634, .T. ) ;
#3552 = DIRECTION ( 'NONE',  ( -0.000000000000000000, 0.000000000000000000, 1.000000000000000000 ) ) ;
#3553 = EDGE_CURVE ( 'NONE', #313, #8782, #2150, .T. ) ;
#3554 = VECTOR ( 'NONE', #1024, 1000.000000000000000 ) ;
#3555 = ORIENTED_EDGE ( 'NONE', *, *, #4573, .F. ) ;
#3556 = ORIENTED_EDGE ( 'NONE', *, *, #3187, .F. ) ;
#3557 = DIRECTION ( 'NONE',  ( 0.000000000000000000, 0.000000000000000000, -1.000000000000000000 ) ) ;
#3558 = VERTEX_POINT ( 'NONE', #9193 ) ;
#3559 = LINE ( 'NONE', #8231, #5236 ) ;
#3560 = ORIENTED_EDGE ( 'NONE', *, *, #300, .F. ) ;
#3561 = LINE ( 'NONE', #1087, #2537 ) ;
#3562 = DIRECTION ( 'NONE',  ( 0.7071067811867293162, 0.7071067811863657182, 0.000000000000000000 ) ) ;
#3563 = LINE ( 'NONE', #7469, #3018 ) ;
#3564 = EDGE_CURVE ( 'NONE', #4044, #8129, #2255, .T. ) ;
#3565 = EDGE_CURVE ( 'NONE', #5743, #3743, #4589, .T. ) ;
#3566 = VERTEX_POINT ( 'NONE', #6922 ) ;
#3567 = EDGE_LOOP ( 'NONE', ( #4509, #6067 ) ) ;
#3568 = PLANE ( 'NONE',  #1813 ) ;
#3569 = EDGE_LOOP ( 'NONE', ( #7180, #2668, #2877, #6147 ) ) ;
#3570 = EDGE_CURVE ( 'NONE', #2908, #5617, #10004, .T. ) ;
#3571 = DIRECTION ( 'NONE',  ( -0.8660254037844379305, 0.5000000000000011102, 0.000000000000000000 ) ) ;
#3572 = AXIS2_PLACEMENT_3D ( 'NONE', #3837, #6938, #6178 ) ;
#3573 = CARTESIAN_POINT ( 'NONE',  ( 59.74084972657723824, 30.61190122397092495, 3.399999999999968825 ) ) ;
#3574 = LINE ( 'NONE', #3482, #7396 ) ;
#3575 = DIRECTION ( 'NONE',  ( 0.8660254037844384856, 0.5000000000000002220, 0.000000000000000000 ) ) ;
#3576 = EDGE_LOOP ( 'NONE', ( #5916, #4041, #1665, #5427 ) ) ;
#3577 = ORIENTED_EDGE ( 'NONE', *, *, #9842, .T. ) ;
#3578 = ORIENTED_EDGE ( 'NONE', *, *, #2070, .T. ) ;
#3579 = CARTESIAN_POINT ( 'NONE',  ( 75.02984732797570189, 28.93771831048098520, 4.000000000000000000 ) ) ;
#3580 = ORIENTED_EDGE ( 'NONE', *, *, #5694, .F. ) ;
#3581 = CARTESIAN_POINT ( 'NONE',  ( 67.13093918849644126, 40.18247202539614449, 7.400000000000000355 ) ) ;
#3582 = LINE ( 'NONE', #2227, #1392 ) ;
#3583 = DIRECTION ( 'NONE',  ( -0.000000000000000000, -0.000000000000000000, 1.000000000000000000 ) ) ;
#3584 = CARTESIAN_POINT ( 'NONE',  ( 55.42884860408193504, 24.35317541498459448, 7.400000000000002132 ) ) ;
#3585 = CARTESIAN_POINT ( 'NONE',  ( 73.28236328531281174, 25.79799773735023294, 10.00000000000000000 ) ) ;
#3586 = ORIENTED_EDGE ( 'NONE', *, *, #1893, .T. ) ;
#3587 = VECTOR ( 'NONE', #4642, 1000.000000000000114 ) ;
#3588 = FACE_OUTER_BOUND ( 'NONE', #2534, .T. ) ;
#3590 = EDGE_CURVE ( 'NONE', #8129, #7742, #5593, .T. ) ;
#3589 = ORIENTED_EDGE ( 'NONE', *, *, #1666, .F. ) ;
#3591 = ORIENTED_EDGE ( 'NONE', *, *, #1540, .F. ) ;
#3592 = CARTESIAN_POINT ( 'NONE',  ( 73.15243468099103552, 12.06030566349624422, 4.000000000000000000 ) ) ;
#3593 = VERTEX_POINT ( 'NONE', #8676 ) ;
#3594 = EDGE_LOOP ( 'NONE', ( #3475, #768, #8608, #1754 ) ) ;
#3595 = VECTOR ( 'NONE', #471, 1000.000000000000227 ) ;
#3596 = LINE ( 'NONE', #5229, #2105 ) ;
#3597 = CARTESIAN_POINT ( 'NONE',  ( 78.02831089662203112, 12.45999491999002373, 0.000000000000000000 ) ) ;
#3598 = CARTESIAN_POINT ( 'NONE',  ( 78.02831089662203112, 12.45999491999002373, 10.00000000000000000 ) ) ;
#3599 = PLANE ( 'NONE',  #1398 ) ;
#3600 = AXIS2_PLACEMENT_3D ( 'NONE', #7324, #5756, #4190 ) ;
#3601 = VERTEX_POINT ( 'NONE', #4736 ) ;
#3602 = ORIENTED_EDGE ( 'NONE', *, *, #1983, .T. ) ;
#3603 = EDGE_CURVE ( 'NONE', #1242, #2988, #1835, .T. ) ;
#3604 = DIRECTION ( 'NONE',  ( -0.000000000000000000, -0.000000000000000000, 1.000000000000000000 ) ) ;
#3605 = ORIENTED_EDGE ( 'NONE', *, *, #7673, .T. ) ;
#3606 = ADVANCED_FACE ( 'NONE', ( #7018 ), #9389, .T. ) ;
#3607 = ADVANCED_FACE ( 'NONE', ( #7969 ), #6317, .T. ) ;
#3608 = CARTESIAN_POINT ( 'NONE',  ( 66.93870204447355832, 29.99023488137320115, 10.00000000000000000 ) ) ;
#3609 = ORIENTED_EDGE ( 'NONE', *, *, #8317, .T. ) ;
#3610 = CARTESIAN_POINT ( 'NONE',  ( 77.98218423212703954, 5.000000000000023093, 10.00099999999999945 ) ) ;
#3611 = CARTESIAN_POINT ( 'NONE',  ( 71.31952070086403239, 59.97470916941927044, 0.000000000000000000 ) ) ;
#3612 = CARTESIAN_POINT ( 'NONE',  ( 26.74646490045110170, 27.79799773735024004, 10.00000000000000000 ) ) ;
#3613 = VERTEX_POINT ( 'NONE', #167 ) ;
#3614 = ORIENTED_EDGE ( 'NONE', *, *, #5661, .T. ) ;
#3615 = CARTESIAN_POINT ( 'NONE',  ( 23.85907471738197216, 56.37470916941907007, 7.400000000000000355 ) ) ;
#3616 = ORIENTED_EDGE ( 'NONE', *, *, #9418, .T. ) ;
#3617 = ADVANCED_FACE ( 'NONE', ( #4933 ), #8580, .T. ) ;
#3618 = EDGE_CURVE ( 'NONE', #8834, #2965, #4123, .T. ) ;
#3619 = DIRECTION ( 'NONE',  ( 1.000000000000000000, -0.000000000000000000, 0.000000000000000000 ) ) ;
#3620 = DIRECTION ( 'NONE',  ( -0.8660254037844378194, -0.5000000000000013323, 0.000000000000000000 ) ) ;
#3621 = CARTESIAN_POINT ( 'NONE',  ( 43.47460042933601443, 31.99023488137320470, 7.400000000000000355 ) ) ;
#3622 = LINE ( 'NONE', #1299, #4359 ) ;
#3623 = ORIENTED_EDGE ( 'NONE', *, *, #8786, .T. ) ;
#3624 = ORIENTED_EDGE ( 'NONE', *, *, #5625, .T. ) ;
#3625 = LINE ( 'NONE', #3681, #2934 ) ;
#3626 = ORIENTED_EDGE ( 'NONE', *, *, #2004, .F. ) ;
#3627 = ADVANCED_FACE ( 'NONE', ( #3254 ), #8628, .T. ) ;
#3628 = ADVANCED_FACE ( 'NONE', ( #935 ), #3966, .F. ) ;
#3629 = CARTESIAN_POINT ( 'NONE',  ( 50.78727794765726600, 56.37470916941907717, 10.00000000000000000 ) ) ;
#3630 = VECTOR ( 'NONE', #1131, 999.9999999999998863 ) ;
#3631 = ORIENTED_EDGE ( 'NONE', *, *, #5878, .F. ) ;
#3632 = DIRECTION ( 'NONE',  ( 0.000000000000000000, -1.000000000000000000, 0.000000000000000000 ) ) ;
#3633 = CARTESIAN_POINT ( 'NONE',  ( 12.01402484683469041, 5.000000000000022204, 0.000000000000000000 ) ) ;
#3634 = LINE ( 'NONE', #5265, #1868 ) ;
#3635 = CARTESIAN_POINT ( 'NONE',  ( 0.000000000000000000, 53.13706121412302252, 0.000000000000000000 ) ) ;
#3636 = CARTESIAN_POINT ( 'NONE',  ( 69.83157658086554420, 23.35317541498460159, 4.000000000000000000 ) ) ;
#3637 = VECTOR ( 'NONE', #1469, 1000.000000000000000 ) ;
#3638 = CARTESIAN_POINT ( 'NONE',  ( 60.78727794765715231, 56.37470916941907717, 7.400000000000000355 ) ) ;
#3639 = ADVANCED_FACE ( 'NONE', ( #1026 ), #5499, .T. ) ;
#3640 = EDGE_LOOP ( 'NONE', ( #6217, #3555, #5779, #7504 ) ) ;
#3641 = EDGE_CURVE ( 'NONE', #6689, #6649, #122, .T. ) ;
#3642 = FACE_OUTER_BOUND ( 'NONE', #3911, .T. ) ;
#3643 = ORIENTED_EDGE ( 'NONE', *, *, #3900, .F. ) ;
#3644 = ORIENTED_EDGE ( 'NONE', *, *, #2284, .T. ) ;
#3645 = VECTOR ( 'NONE', #6375, 999.9999999999998863 ) ;
#3646 = CARTESIAN_POINT ( 'NONE',  ( 78.03203064794003296, 52.35311032234201889, 7.400000000000000355 ) ) ;
#3647 = CARTESIAN_POINT ( 'NONE',  ( 43.66683757335889027, 46.18247202539612317, 7.400000000000000355 ) ) ;
#3648 = CARTESIAN_POINT ( 'NONE',  ( 42.38734786855102499, 32.42898426308398996, 0.3999999999999980793 ) ) ;
#3649 = CARTESIAN_POINT ( 'NONE',  ( 5.871324698771779538, 34.33421759231527659, 7.400000000000000355 ) ) ;
#3650 = CARTESIAN_POINT ( 'NONE',  ( 55.24511320246803336, 59.97470916941927044, 4.000000000000000000 ) ) ;
#3651 = EDGE_CURVE ( 'NONE', #4500, #2596, #9536, .T. ) ;
#3652 = AXIS2_PLACEMENT_3D ( 'NONE', #4685, #3872, #1446 ) ;
#3653 = ORIENTED_EDGE ( 'NONE', *, *, #1424, .T. ) ;
#3654 = VECTOR ( 'NONE', #9228, 1000.000000000000000 ) ;
#3655 = VERTEX_POINT ( 'NONE', #2600 ) ;
#3656 = VERTEX_POINT ( 'NONE', #3152 ) ;
#3657 = LINE ( 'NONE', #8379, #7486 ) ;
#3658 = EDGE_LOOP ( 'NONE', ( #2974, #3047, #2916, #6518 ) ) ;
#3659 = ORIENTED_EDGE ( 'NONE', *, *, #8414, .F. ) ;
#3660 = EDGE_CURVE ( 'NONE', #8796, #8508, #4783, .T. ) ;
#3661 = LINE ( 'NONE', #3870, #8741 ) ;
#3662 = PRESENTATION_LAYER_ASSIGNMENT (  '', '', ( #3507 ) ) ;
#3663 = VECTOR ( 'NONE', #3727, 1000.000000000000000 ) ;
#3664 = DIRECTION ( 'NONE',  ( -0.000000000000000000, -0.000000000000000000, 1.000000000000000000 ) ) ;
#3665 = CARTESIAN_POINT ( 'NONE',  ( 67.13093918849644126, 40.18247202539614449, 10.00000000000000000 ) ) ;
#3666 = EDGE_CURVE ( 'NONE', #5023, #6298, #9436, .T. ) ;
#3667 = EDGE_CURVE ( 'NONE', #9582, #9631, #2498, .T. ) ;
#3668 = ORIENTED_EDGE ( 'NONE', *, *, #6024, .F. ) ;
#3669 = VERTEX_POINT ( 'NONE', #9484 ) ;
#3670 = VECTOR ( 'NONE', #4516, 1000.000000000000000 ) ;
#3671 = CIRCLE ( 'NONE', #5603, 1.700000000000001066 ) ;
#3672 = CARTESIAN_POINT ( 'NONE',  ( 63.85907471738156005, 52.37470916941909849, 10.00000000000000000 ) ) ;
#3673 = EDGE_LOOP ( 'NONE', ( #9816, #9332, #9441, #6712 ) ) ;
#3674 = AXIS2_PLACEMENT_3D ( 'NONE', #8693, #7075, #7027 ) ;
#3675 = DIRECTION ( 'NONE',  ( -1.000000000000000000, 0.000000000000000000, 0.000000000000000000 ) ) ;
#3676 = DIRECTION ( 'NONE',  ( 0.8660254037844377084, -0.5000000000000015543, 0.000000000000000000 ) ) ;
#3677 = FACE_OUTER_BOUND ( 'NONE', #3569, .T. ) ;
#3678 = CARTESIAN_POINT ( 'NONE',  ( 47.13093918849664732, 40.18247202539614449, 10.00000000000000000 ) ) ;
#3679 = ORIENTED_EDGE ( 'NONE', *, *, #598, .F. ) ;
#3680 = VERTEX_POINT ( 'NONE', #2547 ) ;
#3681 = CARTESIAN_POINT ( 'NONE',  ( 75.02984732797570189, 0.000000000000000000, 0.000000000000000000 ) ) ;
#3682 = ORIENTED_EDGE ( 'NONE', *, *, #2771, .F. ) ;
#3683 = VECTOR ( 'NONE', #6155, 1000.000000000000114 ) ;
#3684 = VECTOR ( 'NONE', #820, 1000.000000000000000 ) ;
#3685 = CARTESIAN_POINT ( 'NONE',  ( 40.21056651558873796, 25.79799773735024004, 10.00000000000000000 ) ) ;
#3686 = ORIENTED_EDGE ( 'NONE', *, *, #5107, .T. ) ;
#3687 = VECTOR ( 'NONE', #5263, 1000.000000000000000 ) ;
#3688 = CARTESIAN_POINT ( 'NONE',  ( 0.000000000000000000, 0.000000000000000000, 7.400000000000000355 ) ) ;
#3689 = CARTESIAN_POINT ( 'NONE',  ( 65.74084972657725245, 30.61190122397092495, 1.109997883926998163 ) ) ;
#3690 = LINE ( 'NONE', #661, #3003 ) ;
#3691 = CARTESIAN_POINT ( 'NONE',  ( 40.59504080363448963, 46.18247202539613028, 7.400000000000000355 ) ) ;
#3692 = EDGE_CURVE ( 'NONE', #1375, #5062, #6261, .T. ) ;
#3693 = EDGE_CURVE ( 'NONE', #1283, #8573, #4378, .T. ) ;
#3694 = VECTOR ( 'NONE', #1555, 1000.000000000000000 ) ;
#3695 = CARTESIAN_POINT ( 'NONE',  ( 32.14653210253800353, 0.000000000000000000, 0.9599999985689978699 ) ) ;
#3696 = CARTESIAN_POINT ( 'NONE',  ( 54.61415088855444111, 53.90613964737286068, 6.000000000000000000 ) ) ;
#3697 = ORIENTED_EDGE ( 'NONE', *, *, #7538, .T. ) ;
#3698 = EDGE_LOOP ( 'NONE', ( #3523, #574, #3835, #6056 ) ) ;
#3699 = CARTESIAN_POINT ( 'NONE',  ( 13.66683757335920113, 46.18247202539612317, 7.400000000000000355 ) ) ;
#3700 = ORIENTED_EDGE ( 'NONE', *, *, #8481, .T. ) ;
#3701 = VECTOR ( 'NONE', #2564, 1000.000000000000000 ) ;
#3702 = EDGE_LOOP ( 'NONE', ( #1963, #1794, #9696, #9835, #196, #7380 ) ) ;
#3703 = DIRECTION ( 'NONE',  ( 1.000000000000000000, 0.000000000000000000, 0.000000000000000000 ) ) ;
#3704 = DIRECTION ( 'NONE',  ( -0.000000000000000000, -0.000000000000000000, 1.000000000000000000 ) ) ;
#3705 = PLANE ( 'NONE',  #4453 ) ;
#3706 = LINE ( 'NONE', #6152, #8686 ) ;
#3707 = EDGE_CURVE ( 'NONE', #9631, #7832, #5803, .T. ) ;
#3708 = CARTESIAN_POINT ( 'NONE',  ( 41.09101200953325872, 41.09101200953325872, 10.00000000000000000 ) ) ;
#3709 = DIRECTION ( 'NONE',  ( 0.8660254037844384856, 0.5000000000000002220, 0.000000000000000000 ) ) ;
#3710 = ORIENTED_EDGE ( 'NONE', *, *, #8243, .T. ) ;
#3711 = ORIENTED_EDGE ( 'NONE', *, *, #1867, .T. ) ;
#3712 = DIRECTION ( 'NONE',  ( 0.8660254037844384856, 0.5000000000000002220, 0.000000000000000000 ) ) ;
#3713 = ORIENTED_EDGE ( 'NONE', *, *, #6793, .F. ) ;
#3714 = ORIENTED_EDGE ( 'NONE', *, *, #1268, .F. ) ;
#3715 = DIRECTION ( 'NONE',  ( -0.7071067811865474617, 0.7071067811865474617, 0.000000000000000000 ) ) ;
#3716 = AXIS2_PLACEMENT_3D ( 'NONE', #8527, #8626, #8674 ) ;
#3717 = CARTESIAN_POINT ( 'NONE',  ( 46.93870204447377148, 37.99023488137319049, 10.00000000000000000 ) ) ;
#3718 = CARTESIAN_POINT ( 'NONE',  ( 16.55422775642833244, 17.60576059332729670, 7.400000000000000355 ) ) ;
#3719 = ORIENTED_EDGE ( 'NONE', *, *, #1927, .T. ) ;
#3720 = ORIENTED_EDGE ( 'NONE', *, *, #5373, .F. ) ;
#3721 = VECTOR ( 'NONE', #5693, 1000.000000000000000 ) ;
#3722 = LINE ( 'NONE', #6068, #2948 ) ;
#3723 = ORIENTED_EDGE ( 'NONE', *, *, #6198, .F. ) ;
#3724 = EDGE_CURVE ( 'NONE', #8449, #9313, #8126, .T. ) ;
#3725 = CARTESIAN_POINT ( 'NONE',  ( 78.03192893766751581, 51.26230093957098433, 4.000000000000000000 ) ) ;
#3726 = LINE ( 'NONE', #9054, #1094 ) ;
#3727 = DIRECTION ( 'NONE',  ( -0.000000000000000000, -0.000000000000000000, -1.000000000000000000 ) ) ;
#3728 = DIRECTION ( 'NONE',  ( 0.000000000000000000, -1.000000000000000000, 0.000000000000000000 ) ) ;
#3729 = ORIENTED_EDGE ( 'NONE', *, *, #9418, .F. ) ;
#3730 = ORIENTED_EDGE ( 'NONE', *, *, #7128, .F. ) ;
#3731 = CARTESIAN_POINT ( 'NONE',  ( 70.78727794765704573, 56.37470916941907717, 7.400000000000000355 ) ) ;
#3732 = VERTEX_POINT ( 'NONE', #1891 ) ;
#3733 = EDGE_CURVE ( 'NONE', #9925, #4285, #322, .T. ) ;
#3734 = FACE_OUTER_BOUND ( 'NONE', #4254, .T. ) ;
#3735 = EDGE_LOOP ( 'NONE', ( #8082, #9760, #10021, #7556 ) ) ;
#3736 = EDGE_CURVE ( 'NONE', #5378, #9344, #1176, .T. ) ;
#3737 = VECTOR ( 'NONE', #2373, 1000.000000000000114 ) ;
#3738 = DIRECTION ( 'NONE',  ( 0.8660254037844384856, 0.5000000000000002220, 0.000000000000000000 ) ) ;
#3739 = FACE_OUTER_BOUND ( 'NONE', #2287, .T. ) ;
#3740 = DIRECTION ( 'NONE',  ( -0.000000000000000000, -0.000000000000000000, 1.000000000000000000 ) ) ;
#3741 = LINE ( 'NONE', #8259, #9499 ) ;
#3742 = CARTESIAN_POINT ( 'NONE',  ( 6.554227756428439911, 9.605760593327309138, 7.400000000000000355 ) ) ;
#3743 = VERTEX_POINT ( 'NONE', #5948 ) ;
#3744 = CARTESIAN_POINT ( 'NONE',  ( 26.74646490045110170, 27.79799773735024004, 7.400000000000000355 ) ) ;
#3745 = ORIENTED_EDGE ( 'NONE', *, *, #7248, .F. ) ;
#3746 = EDGE_LOOP ( 'NONE', ( #3942, #9607, #7678, #8327 ) ) ;
#3747 = CARTESIAN_POINT ( 'NONE',  ( 59.74084972657723824, 30.61190122397092495, 3.399999999999968825 ) ) ;
#3748 = ORIENTED_EDGE ( 'NONE', *, *, #4147, .F. ) ;
#3749 = EDGE_CURVE ( 'NONE', #6678, #9392, #1541, .T. ) ;
#3750 = EDGE_CURVE ( 'NONE', #1755, #4203, #8170, .T. ) ;
#3751 = EDGE_LOOP ( 'NONE', ( #10017, #6324, #9099, #3332 ) ) ;
#3752 = DIRECTION ( 'NONE',  ( -0.000000000000000000, 0.000000000000000000, -1.000000000000000000 ) ) ;
#3753 = DIRECTION ( 'NONE',  ( 1.000000000000000000, 0.000000000000000000, 0.000000000000000000 ) ) ;
#3754 = PLANE ( 'NONE',  #3803 ) ;
#3755 = VECTOR ( 'NONE', #8097, 999.9999999999998863 ) ;
#3756 = DIRECTION ( 'NONE',  ( -0.9999999924245159821, 0.0001230892683151790486, 0.000000000000000000 ) ) ;
#3757 = CARTESIAN_POINT ( 'NONE',  ( 55.24873883105453842, 26.93328518801199323, -10.67514906227531313 ) ) ;
#3758 = CARTESIAN_POINT ( 'NONE',  ( 47.32317633251951605, 58.37470916941907717, 10.00000000000000000 ) ) ;
#3759 = ORIENTED_EDGE ( 'NONE', *, *, #3920, .F. ) ;
#3760 = ORIENTED_EDGE ( 'NONE', *, *, #7348, .F. ) ;
#3761 = CARTESIAN_POINT ( 'NONE',  ( 73.28236328531281174, 25.79799773735023294, 7.400000000000000355 ) ) ;
#3762 = AXIS2_PLACEMENT_3D ( 'NONE', #4928, #8015, #928 ) ;
#3763 = ORIENTED_EDGE ( 'NONE', *, *, #1104, .T. ) ;
#3764 = EDGE_CURVE ( 'NONE', #9044, #4817, #5898, .T. ) ;
#3765 = ORIENTED_EDGE ( 'NONE', *, *, #3288, .F. ) ;
#3766 = CARTESIAN_POINT ( 'NONE',  ( 69.83157658086554420, 23.35317541498460159, 7.400000000000000355 ) ) ;
#3767 = CARTESIAN_POINT ( 'NONE',  ( 10.59981128446159460, 12.01402484683418415, 0.000000000000000000 ) ) ;
#3768 = CARTESIAN_POINT ( 'NONE',  ( 0.000000000000000000, 0.000000000000000000, 7.400000000000000355 ) ) ;
#3769 = VECTOR ( 'NONE', #7595, 1000.000000000000000 ) ;
#3770 = AXIS2_PLACEMENT_3D ( 'NONE', #1090, #7824, #8742 ) ;
#3771 = ORIENTED_EDGE ( 'NONE', *, *, #5752, .T. ) ;
#3772 = VERTEX_POINT ( 'NONE', #372 ) ;
#3773 = DIRECTION ( 'NONE',  ( -0.5000000000000001110, -0.8660254037844387076, 0.000000000000000000 ) ) ;
#3774 = ORIENTED_EDGE ( 'NONE', *, *, #7211, .F. ) ;
#3775 = EDGE_CURVE ( 'NONE', #6160, #2577, #1225, .T. ) ;
#3776 = VECTOR ( 'NONE', #4193, 1000.000000000000000 ) ;
#3777 = ADVANCED_FACE ( 'NONE', ( #1275 ), #4233, .F. ) ;
#3778 = DIRECTION ( 'NONE',  ( -0.8660254037844379305, 0.5000000000000011102, 0.000000000000000000 ) ) ;
#3779 = CARTESIAN_POINT ( 'NONE',  ( 63.85907471738156005, 52.37470916941909849, 10.00000000000000000 ) ) ;
#3780 = LINE ( 'NONE', #547, #7554 ) ;
#3781 = CARTESIAN_POINT ( 'NONE',  ( 11.13621310223726368, 34.33421759231528370, 6.000000000000000000 ) ) ;
#3782 = EDGE_CURVE ( 'NONE', #9684, #2147, #6708, .T. ) ;
#3783 = ORIENTED_EDGE ( 'NONE', *, *, #8673, .F. ) ;
#3784 = VERTEX_POINT ( 'NONE', #7413 ) ;
#3785 = CARTESIAN_POINT ( 'NONE',  ( 5.872625374704102619, 40.90895984451453415, 7.400000000000000355 ) ) ;
#3786 = EDGE_LOOP ( 'NONE', ( #9047, #6534, #3101, #6646 ) ) ;
#3787 = FACE_OUTER_BOUND ( 'NONE', #4886, .T. ) ;
#3788 = ORIENTED_EDGE ( 'NONE', *, *, #3416, .F. ) ;
#3789 = DIRECTION ( 'NONE',  ( 0.000000000000000000, 0.000000000000000000, 1.000000000000000000 ) ) ;
#3790 = DIRECTION ( 'NONE',  ( -0.000000000000000000, 0.000000000000000000, -1.000000000000000000 ) ) ;
#3791 = FACE_BOUND ( 'NONE', #4448, .T. ) ;
#3792 = LINE ( 'NONE', #6896, #9491 ) ;
#3793 = DIRECTION ( 'NONE',  ( -1.000000000000000000, 0.000000000000000000, 0.000000000000000000 ) ) ;
#3794 = EDGE_CURVE ( 'NONE', #8583, #8173, #3457, .T. ) ;
#3795 = LINE ( 'NONE', #713, #9685 ) ;
#3796 = ORIENTED_EDGE ( 'NONE', *, *, #2839, .F. ) ;
#3797 = ADVANCED_FACE ( 'NONE', ( #6665 ), #5138, .F. ) ;
#3798 = FACE_OUTER_BOUND ( 'NONE', #7442, .T. ) ;
#3799 = EDGE_LOOP ( 'NONE', ( #6418, #5060, #864, #2958 ) ) ;
#3800 = EDGE_LOOP ( 'NONE', ( #8953, #6066, #2511, #1278, #6413, #5053 ) ) ;
#3801 = DIRECTION ( 'NONE',  ( 0.000000000000000000, 0.000000000000000000, -1.000000000000000000 ) ) ;
#3802 = DIRECTION ( 'NONE',  ( -1.000000000000000000, -6.313997449038182439E-16, 0.000000000000000000 ) ) ;
#3803 = AXIS2_PLACEMENT_3D ( 'NONE', #3648, #9078, #1370 ) ;
#3804 = CARTESIAN_POINT ( 'NONE',  ( 43.85907471738176611, 56.37470916941907007, 10.00000000000000000 ) ) ;
#3805 = LINE ( 'NONE', #4622, #6275 ) ;
#3806 = CARTESIAN_POINT ( 'NONE',  ( 40.21056651558873796, 23.35317541498461225, 10.00099999999999945 ) ) ;
#3807 = PLANE ( 'NONE',  #2090 ) ;
#3808 = CARTESIAN_POINT ( 'NONE',  ( 12.07195935263215958, 6.938893903907228378E-15, 0.000000000000000000 ) ) ;
#3809 = ADVANCED_FACE ( 'NONE', ( #6615 ), #5088, .T. ) ;
#3810 = ORIENTED_EDGE ( 'NONE', *, *, #5191, .F. ) ;
#3811 = ORIENTED_EDGE ( 'NONE', *, *, #8413, .T. ) ;
#3812 = VECTOR ( 'NONE', #9770, 1000.000000000000227 ) ;
#3813 = CARTESIAN_POINT ( 'NONE',  ( 46.93870204447377148, 29.99023488137320115, 7.400000000000000355 ) ) ;
#3814 = ORIENTED_EDGE ( 'NONE', *, *, #6230, .F. ) ;
#3815 = ORIENTED_EDGE ( 'NONE', *, *, #6231, .F. ) ;
#3816 = LINE ( 'NONE', #6920, #7930 ) ;
#3817 = DIRECTION ( 'NONE',  ( 0.8660254037844385966, -0.5000000000000000000, 0.000000000000000000 ) ) ;
#3818 = LINE ( 'NONE', #6063, #9812 ) ;
#3819 = AXIS2_PLACEMENT_3D ( 'NONE', #2662, #1848, #4947 ) ;
#3820 = VECTOR ( 'NONE', #4095, 1000.000000000000000 ) ;
#3821 = EDGE_CURVE ( 'NONE', #1685, #2809, #524, .T. ) ;
#3822 = ADVANCED_FACE ( 'NONE', ( #8884 ), #9784, .F. ) ;
#3823 = EDGE_LOOP ( 'NONE', ( #6820, #3774, #5548, #5807 ) ) ;
#3824 = ORIENTED_EDGE ( 'NONE', *, *, #5552, .F. ) ;
#3825 = CARTESIAN_POINT ( 'NONE',  ( 36.74646490045099512, 27.79799773735024004, 10.00000000000000000 ) ) ;
#3826 = ORIENTED_EDGE ( 'NONE', *, *, #2776, .T. ) ;
#3827 = AXIS2_PLACEMENT_3D ( 'NONE', #636, #788, #2256 ) ;
#3828 = VECTOR ( 'NONE', #5734, 1000.000000000000000 ) ;
#3829 = DIRECTION ( 'NONE',  ( 1.000000000000000000, -0.000000000000000000, 0.000000000000000000 ) ) ;
#3830 = CARTESIAN_POINT ( 'NONE',  ( 63.47460042933579416, 35.99023488137317628, 10.00000000000000000 ) ) ;
#3831 = ADVANCED_FACE ( 'NONE', ( #5184 ), #1075, .T. ) ;
#3832 = AXIS2_PLACEMENT_3D ( 'NONE', #4934, #1892, #2754 ) ;
#3833 = VECTOR ( 'NONE', #4961, 1000.000000000000000 ) ;
#3834 = LINE ( 'NONE', #2165, #5165 ) ;
#3835 = ORIENTED_EDGE ( 'NONE', *, *, #9453, .F. ) ;
#3836 = ORIENTED_EDGE ( 'NONE', *, *, #2329, .T. ) ;
#3837 = CARTESIAN_POINT ( 'NONE',  ( 17.13093918849695640, 48.18247202539613028, 7.400000000000000355 ) ) ;
#3838 = ORIENTED_EDGE ( 'NONE', *, *, #1423, .T. ) ;
#3839 = CARTESIAN_POINT ( 'NONE',  ( 5.871324698771779538, 34.33421759231527659, 6.000000000000000000 ) ) ;
#3840 = VERTEX_POINT ( 'NONE', #8320 ) ;
#3841 = VECTOR ( 'NONE', #8309, 1000.000000000000000 ) ;
#3842 = ADVANCED_FACE ( 'NONE', ( #6100 ), #3705, .F. ) ;
#3843 = CARTESIAN_POINT ( 'NONE',  ( 5.000000000000212275, 16.70842677977146806, 7.400000000000000355 ) ) ;
#3844 = CARTESIAN_POINT ( 'NONE',  ( 40.78727794765736547, 52.37470916941909138, 7.400000000000000355 ) ) ;
#3845 = CARTESIAN_POINT ( 'NONE',  ( 65.34807733323546586, 40.95871309031685570, 4.000000000000000000 ) ) ;
#3846 = CARTESIAN_POINT ( 'NONE',  ( 79.97474980949952794, 57.98214359204602175, 0.000000000000000000 ) ) ;
#3847 = PLANE ( 'NONE',  #9201 ) ;
#3848 = VERTEX_POINT ( 'NONE', #3095 ) ;
#3849 = VECTOR ( 'NONE', #1297, 1000.000000000000000 ) ;
#3850 = CARTESIAN_POINT ( 'NONE',  ( 78.03192893766751581, 51.26230093957098433, 0.000000000000000000 ) ) ;
#3851 = EDGE_LOOP ( 'NONE', ( #6566, #232, #8526, #9871, #9031, #3028 ) ) ;
#3852 = ORIENTED_EDGE ( 'NONE', *, *, #5982, .F. ) ;
#3853 = EDGE_CURVE ( 'NONE', #7782, #1515, #5231, .T. ) ;
#3854 = CARTESIAN_POINT ( 'NONE',  ( 76.16692151384303600, 8.415085090169998949, 0.000000000000000000 ) ) ;
#3855 = VECTOR ( 'NONE', #2589, 1000.000000000000114 ) ;
#3856 = CARTESIAN_POINT ( 'NONE',  ( 6.938702044474189812, 29.99023488137320115, 10.00000000000000000 ) ) ;
#3857 = DIRECTION ( 'NONE',  ( -0.8660254037844379305, 0.5000000000000011102, 0.000000000000000000 ) ) ;
#3858 = VECTOR ( 'NONE', #4973, 1000.000000000000000 ) ;
#3859 = CARTESIAN_POINT ( 'NONE',  ( 10.21056651558905770, 25.79799773735024004, 7.400000000000000355 ) ) ;
#3860 = FACE_OUTER_BOUND ( 'NONE', #3148, .T. ) ;
#3861 = CARTESIAN_POINT ( 'NONE',  ( 65.16983569344401417, 41.21884720954800940, 4.000000000000000000 ) ) ;
#3862 = CARTESIAN_POINT ( 'NONE',  ( 10.21056651558905770, 21.79799773735025070, 7.400000000000000355 ) ) ;
#3863 = ORIENTED_EDGE ( 'NONE', *, *, #2355, .F. ) ;
#3864 = ORIENTED_EDGE ( 'NONE', *, *, #226, .F. ) ;
#3865 = VECTOR ( 'NONE', #5465, 1000.000000000000000 ) ;
#3866 = DIRECTION ( 'NONE',  ( 0.000000000000000000, 0.000000000000000000, -1.000000000000000000 ) ) ;
#3867 = ORIENTED_EDGE ( 'NONE', *, *, #1101, .T. ) ;
#3868 = ORIENTED_EDGE ( 'NONE', *, *, #4175, .T. ) ;
#3869 = ADVANCED_FACE ( 'NONE', ( #8 ), #6861, .F. ) ;
#3870 = CARTESIAN_POINT ( 'NONE',  ( 16.74646490045120828, 19.79799773735025425, 7.400000000000000355 ) ) ;
#3871 = CARTESIAN_POINT ( 'NONE',  ( 59.74084972657723824, 30.61190122397092495, 3.399999999999968825 ) ) ;
#3872 = DIRECTION ( 'NONE',  ( 0.000000000000000000, 0.000000000000000000, 1.000000000000000000 ) ) ;
#3873 = EDGE_LOOP ( 'NONE', ( #2195, #5482, #741, #4681 ) ) ;
#3874 = VERTEX_POINT ( 'NONE', #5999 ) ;
#3875 = LINE ( 'NONE', #7873, #8452 ) ;
#3876 = EDGE_LOOP ( 'NONE', ( #539, #2119, #9315, #7465 ) ) ;
#3877 = VECTOR ( 'NONE', #3448, 1000.000000000000227 ) ;
#3878 = ADVANCED_FACE ( 'NONE', ( #6150 ), #3754, .T. ) ;
#3879 = EDGE_CURVE ( 'NONE', #9631, #8186, #6811, .T. ) ;
#3880 = VERTEX_POINT ( 'NONE', #6196 ) ;
#3881 = DIRECTION ( 'NONE',  ( -0.000000000000000000, -0.000000000000000000, 1.000000000000000000 ) ) ;
#3882 = LINE ( 'NONE', #5511, #7893 ) ;
#3883 = AXIS2_PLACEMENT_3D ( 'NONE', #4868, #3136, #7800 ) ;
#3884 = FACE_OUTER_BOUND ( 'NONE', #3888, .T. ) ;
#3885 = ORIENTED_EDGE ( 'NONE', *, *, #3440, .F. ) ;
#3886 = ORIENTED_EDGE ( 'NONE', *, *, #3051, .T. ) ;
#3887 = CARTESIAN_POINT ( 'NONE',  ( 32.14653210253800353, 34.88980021391638076, 0.9599999985689978699 ) ) ;
#3888 = EDGE_LOOP ( 'NONE', ( #3867, #3730, #2351, #1550 ) ) ;
#3889 = LINE ( 'NONE', #3685, #5076 ) ;
#3890 = EDGE_CURVE ( 'NONE', #4334, #7463, #1322, .T. ) ;
#3891 = CARTESIAN_POINT ( 'NONE',  ( 79.97474980950003953, 6.992565577373023977, 10.00099999999999945 ) ) ;
#3892 = LINE ( 'NONE', #6184, #1736 ) ;
#3893 = LINE ( 'NONE', #2475, #5953 ) ;
#3894 = CARTESIAN_POINT ( 'NONE',  ( 75.02984732797570189, 13.93771831048098697, 0.000000000000000000 ) ) ;
#3895 = ORIENTED_EDGE ( 'NONE', *, *, #8817, .T. ) ;
#3896 = ADVANCED_FACE ( 'NONE', ( #5339 ), #6051, .F. ) ;
#3897 = LINE ( 'NONE', #3747, #2316 ) ;
#3898 = ORIENTED_EDGE ( 'NONE', *, *, #3324, .T. ) ;
#3899 = ORIENTED_EDGE ( 'NONE', *, *, #4963, .T. ) ;
#3900 = EDGE_CURVE ( 'NONE', #3378, #1146, #2343, .T. ) ;
#3901 = DIRECTION ( 'NONE',  ( -0.000000000000000000, -0.000000000000000000, 1.000000000000000000 ) ) ;
#3902 = LINE ( 'NONE', #5531, #7077 ) ;
#3903 = DIRECTION ( 'NONE',  ( -0.000000000000000000, -0.000000000000000000, 1.000000000000000000 ) ) ;
#3904 = EDGE_CURVE ( 'NONE', #2031, #231, #7507, .T. ) ;
#3905 = FACE_OUTER_BOUND ( 'NONE', #7116, .T. ) ;
#3906 = CARTESIAN_POINT ( 'NONE',  ( 50.78727794765726600, 52.37470916941909138, 7.400000000000000355 ) ) ;
#3907 = LINE ( 'NONE', #3197, #4206 ) ;
#3908 = LINE ( 'NONE', #2951, #7734 ) ;
#3909 = EDGE_CURVE ( 'NONE', #231, #2827, #2187, .T. ) ;
#3910 = ORIENTED_EDGE ( 'NONE', *, *, #9550, .T. ) ;
#3911 = EDGE_LOOP ( 'NONE', ( #317, #6320, #8463, #5141 ) ) ;
#3912 = PLANE ( 'NONE',  #8139 ) ;
#3913 = ORIENTED_EDGE ( 'NONE', *, *, #5024, .F. ) ;
#3914 = VERTEX_POINT ( 'NONE', #570 ) ;
#3915 = VECTOR ( 'NONE', #3461, 1000.000000000000000 ) ;
#3916 = DIRECTION ( 'NONE',  ( 0.000000000000000000, 1.000000000000000000, 0.000000000000000000 ) ) ;
#3917 = LINE ( 'NONE', #6260, #1873 ) ;
#3918 = DIRECTION ( 'NONE',  ( 1.000000000000000000, 0.000000000000000000, 0.000000000000000000 ) ) ;
#3919 = LINE ( 'NONE', #1384, #2861 ) ;
#3920 = EDGE_CURVE ( 'NONE', #3655, #2092, #8270, .T. ) ;
#3921 = VECTOR ( 'NONE', #8071, 1000.000000000000227 ) ;
#3922 = ORIENTED_EDGE ( 'NONE', *, *, #5613, .F. ) ;
#3923 = ORIENTED_EDGE ( 'NONE', *, *, #2657, .T. ) ;
#3924 = CARTESIAN_POINT ( 'NONE',  ( 63.85907471738156005, 56.37470916941907007, 10.00000000000000000 ) ) ;
#3925 = VERTEX_POINT ( 'NONE', #3052 ) ;
#3926 = VERTEX_POINT ( 'NONE', #8371 ) ;
#3927 = AXIS2_PLACEMENT_3D ( 'NONE', #7843, #4155, #9462 ) ;
#3928 = LINE ( 'NONE', #5510, #1560 ) ;
#3929 = CARTESIAN_POINT ( 'NONE',  ( 30.59504080363459622, 42.18247202539614449, 7.400000000000000355 ) ) ;
#3930 = DIRECTION ( 'NONE',  ( 1.000000000000000000, -0.000000000000000000, 0.000000000000000000 ) ) ;
#3931 = ORIENTED_EDGE ( 'NONE', *, *, #455, .F. ) ;
#3932 = VERTEX_POINT ( 'NONE', #9276 ) ;
#3933 = EDGE_CURVE ( 'NONE', #6013, #2171, #1431, .T. ) ;
#3934 = EDGE_CURVE ( 'NONE', #3134, #2653, #9178, .T. ) ;
#3935 = CARTESIAN_POINT ( 'NONE',  ( 23.77356091487909495, 59.97470916941908570, 10.00000000000000000 ) ) ;
#3936 = VECTOR ( 'NONE', #2607, 1000.000000000000000 ) ;
#3937 = EDGE_LOOP ( 'NONE', ( #6942, #7767, #7511, #7797 ) ) ;
#3938 = FACE_OUTER_BOUND ( 'NONE', #6334, .T. ) ;
#3939 = CARTESIAN_POINT ( 'NONE',  ( 74.43211764624987836, 51.26230093957098433, 0.000000000000000000 ) ) ;
#3940 = CARTESIAN_POINT ( 'NONE',  ( 10.01832937156618364, 15.60576059332729315, 7.400000000000000355 ) ) ;
#3941 = DIRECTION ( 'NONE',  ( -0.5773502691896257311, -0.5773502691896257311, -0.5773502691896257311 ) ) ;
#3942 = ORIENTED_EDGE ( 'NONE', *, *, #6892, .T. ) ;
#3943 = EDGE_CURVE ( 'NONE', #7286, #9753, #5382, .T. ) ;
#3944 = EDGE_CURVE ( 'NONE', #842, #5965, #7710, .T. ) ;
#3945 = PLANE ( 'NONE',  #3443 ) ;
#3946 = ORIENTED_EDGE ( 'NONE', *, *, #9763, .T. ) ;
#3947 = EDGE_LOOP ( 'NONE', ( #4845, #4526, #493, #7274 ) ) ;
#3948 = LINE ( 'NONE', #7044, #1095 ) ;
#3949 = CARTESIAN_POINT ( 'NONE',  ( 69.83157658086554420, 23.35317541498460159, 10.00099999999999945 ) ) ;
#3950 = CARTESIAN_POINT ( 'NONE',  ( 66.74646490045067537, 27.79799773735024004, 10.00000000000000000 ) ) ;
#3951 = EDGE_CURVE ( 'NONE', #8382, #9481, #6958, .T. ) ;
#3952 = DIRECTION ( 'NONE',  ( 0.8660254037844384856, 0.5000000000000002220, 0.000000000000000000 ) ) ;
#3953 = DIRECTION ( 'NONE',  ( -0.000000000000000000, -0.000000000000000000, -1.000000000000000000 ) ) ;
#3954 = CARTESIAN_POINT ( 'NONE',  ( 53.47460042933590074, 35.99023488137317628, 7.400000000000000355 ) ) ;
#3955 = CARTESIAN_POINT ( 'NONE',  ( 6.992565577373027530, 59.97470916941908570, 0.000000000000000000 ) ) ;
#3956 = EDGE_CURVE ( 'NONE', #9392, #6678, #1377, .T. ) ;
#3957 = EDGE_CURVE ( 'NONE', #8312, #9582, #3241, .T. ) ;
#3958 = VERTEX_POINT ( 'NONE', #5532 ) ;
#3959 = ORIENTED_EDGE ( 'NONE', *, *, #2572, .T. ) ;
#3960 = FACE_OUTER_BOUND ( 'NONE', #3144, .T. ) ;
#3961 = ORIENTED_EDGE ( 'NONE', *, *, #8647, .T. ) ;
#3962 = VERTEX_POINT ( 'NONE', #7001 ) ;
#3963 = VECTOR ( 'NONE', #6062, 1000.000000000000000 ) ;
#3964 = DIRECTION ( 'NONE',  ( -0.5773502691896165162, -0.5773502691896237327, -0.5773502691896370553 ) ) ;
#3965 = DIRECTION ( 'NONE',  ( 0.000000000000000000, 0.000000000000000000, -1.000000000000000000 ) ) ;
#3966 = PLANE ( 'NONE',  #4780 ) ;
#3967 = ADVANCED_FACE ( 'NONE', ( #7145 ), #917, .F. ) ;
#3968 = LINE ( 'NONE', #6262, #2703 ) ;
#3969 = EDGE_CURVE ( 'NONE', #1971, #1914, #9421, .T. ) ;
#3970 = AXIS2_PLACEMENT_3D ( 'NONE', #104, #4058, #7195 ) ;
#3971 = EDGE_LOOP ( 'NONE', ( #1590, #5412, #9979, #8216, #4740, #1916 ) ) ;
#3972 = VERTEX_POINT ( 'NONE', #869 ) ;
#3973 = CARTESIAN_POINT ( 'NONE',  ( 60.78727794765715231, 52.37470916941909138, 10.00000000000000000 ) ) ;
#3974 = EDGE_LOOP ( 'NONE', ( #1066, #3631, #9912, #5699 ) ) ;
#3975 = EDGE_CURVE ( 'NONE', #5153, #9088, #4870, .T. ) ;
#3976 = VECTOR ( 'NONE', #3253, 1000.000000000000000 ) ;
#3977 = VECTOR ( 'NONE', #7779, 1000.000000000000227 ) ;
#3978 = DIRECTION ( 'NONE',  ( -0.000000000000000000, -0.000000000000000000, -1.000000000000000000 ) ) ;
#3979 = ADVANCED_FACE ( 'NONE', ( #6395 ), #55, .F. ) ;
#3980 = EDGE_CURVE ( 'NONE', #7692, #6916, #152, .T. ) ;
#3981 = DIRECTION ( 'NONE',  ( 1.000000000000000000, 1.317956502048527864E-15, 0.000000000000000000 ) ) ;
#3982 = FACE_BOUND ( 'NONE', #7892, .T. ) ;
#3983 = PLANE ( 'NONE',  #6473 ) ;
#3984 = ORIENTED_EDGE ( 'NONE', *, *, #8665, .T. ) ;
#3985 = VERTEX_POINT ( 'NONE', #7849 ) ;
#3986 = VECTOR ( 'NONE', #1930, 1000.000000000000227 ) ;
#3987 = AXIS2_PLACEMENT_3D ( 'NONE', #6948, #6088, #1473 ) ;
#3988 = CARTESIAN_POINT ( 'NONE',  ( 33.66683757335898974, 46.18247202539612317, 10.00000000000000000 ) ) ;
#3989 = VERTEX_POINT ( 'NONE', #3950 ) ;
#3990 = EDGE_CURVE ( 'NONE', #9591, #7938, #4820, .T. ) ;
#3991 = EDGE_CURVE ( 'NONE', #1508, #1242, #1722, .T. ) ;
#3992 = VECTOR ( 'NONE', #1583, 1000.000000000000000 ) ;
#3993 = VECTOR ( 'NONE', #6643, 1000.000000000000000 ) ;
#3994 = PLANE ( 'NONE',  #5113 ) ;
#3995 = DIRECTION ( 'NONE',  ( -9.324293839476711010E-05, -0.9999999956528771161, 0.000000000000000000 ) ) ;
#3996 = DIRECTION ( 'NONE',  ( -0.8660254037844375974, -0.5000000000000016653, 0.000000000000000000 ) ) ;
#3997 = LINE ( 'NONE', #860, #5970 ) ;
#3998 = ORIENTED_EDGE ( 'NONE', *, *, #3455, .F. ) ;
#3999 = VECTOR ( 'NONE', #6848, 1000.000000000000000 ) ;
#4000 = AXIS2_PLACEMENT_3D ( 'NONE', #5897, #8826, #7316 ) ;
#4001 = LINE ( 'NONE', #5572, #1994 ) ;
#4002 = ORIENTED_EDGE ( 'NONE', *, *, #2523, .T. ) ;
#4003 = ORIENTED_EDGE ( 'NONE', *, *, #2585, .T. ) ;
#4004 = CARTESIAN_POINT ( 'NONE',  ( 63.47460042933579416, 35.99023488137317628, 7.400000000000000355 ) ) ;
#4005 = EDGE_CURVE ( 'NONE', #5876, #6415, #8514, .T. ) ;
#4006 = ADVANCED_FACE ( 'NONE', ( #9322 ), #7047, .F. ) ;
#4007 = CARTESIAN_POINT ( 'NONE',  ( 5.000000000000903277, 57.98214359204602175, 10.00099999999999945 ) ) ;
#4008 = CARTESIAN_POINT ( 'NONE',  ( 16.93870204447408412, 29.99023488137320115, 7.400000000000000355 ) ) ;
#4009 = DIRECTION ( 'NONE',  ( -0.000000000000000000, -0.000000000000000000, 1.000000000000000000 ) ) ;
#4010 = VECTOR ( 'NONE', #8942, 1000.000000000000000 ) ;
#4011 = DIRECTION ( 'NONE',  ( -0.000000000000000000, 0.000000000000000000, 1.000000000000000000 ) ) ;
#4012 = DIRECTION ( 'NONE',  ( 0.000000000000000000, -1.000000000000000000, 0.000000000000000000 ) ) ;
#4013 = CARTESIAN_POINT ( 'NONE',  ( 16.74646490045120473, 27.79799773735024004, 7.400000000000000355 ) ) ;
#4014 = LINE ( 'NONE', #6028, #4884 ) ;
#4015 = VERTEX_POINT ( 'NONE', #5577 ) ;
#4016 = LINE ( 'NONE', #5742, #5222 ) ;
#4017 = VERTEX_POINT ( 'NONE', #7908 ) ;
#4018 = VECTOR ( 'NONE', #7603, 1000.000000000000227 ) ;
#4019 = ORIENTED_EDGE ( 'NONE', *, *, #2847, .T. ) ;
#4020 = AXIS2_PLACEMENT_3D ( 'NONE', #6033, #7541, #509 ) ;
#4021 = DIRECTION ( 'NONE',  ( -0.8660254037844375974, -0.5000000000000016653, 0.000000000000000000 ) ) ;
#4022 = ADVANCED_FACE ( 'NONE', ( #4720 ), #2391, .F. ) ;
#4023 = LINE ( 'NONE', #836, #9637 ) ;
#4024 = CARTESIAN_POINT ( 'NONE',  ( 53.85907471738165242, 52.37470916941909849, 10.00000000000000000 ) ) ;
#4025 = DIRECTION ( 'NONE',  ( 0.000000000000000000, 1.000000000000000000, 0.000000000000000000 ) ) ;
#4026 = ADVANCED_FACE ( 'NONE', ( #8564 ), #9375, .F. ) ;
#4027 = VECTOR ( 'NONE', #9512, 999.9999999999998863 ) ;
#4028 = EDGE_LOOP ( 'NONE', ( #3623, #4688, #718, #8475 ) ) ;
#4029 = ORIENTED_EDGE ( 'NONE', *, *, #6055, .T. ) ;
#4030 = CARTESIAN_POINT ( 'NONE',  ( 20.21056651558895112, 25.79799773735024004, 7.400000000000000355 ) ) ;
#4031 = ORIENTED_EDGE ( 'NONE', *, *, #3478, .F. ) ;
#4032 = EDGE_CURVE ( 'NONE', #5153, #1437, #7802, .T. ) ;
#4033 = VERTEX_POINT ( 'NONE', #2530 ) ;
#4034 = VECTOR ( 'NONE', #9705, 1000.000000000000114 ) ;
#4035 = CARTESIAN_POINT ( 'NONE',  ( 70.78727794765704573, 56.37470916941907717, 7.400000000000000355 ) ) ;
#4036 = PLANE ( 'NONE',  #4322 ) ;
#4037 = DIRECTION ( 'NONE',  ( 0.000000000000000000, 0.000000000000000000, 1.000000000000000000 ) ) ;
#4038 = EDGE_CURVE ( 'NONE', #7872, #1254, #5632, .T. ) ;
#4039 = CARTESIAN_POINT ( 'NONE',  ( 53.47460042933590074, 35.99023488137317628, 7.400000000000000355 ) ) ;
#4040 = DIRECTION ( 'NONE',  ( -0.7071067811865474617, 0.7071067811865474617, 0.000000000000000000 ) ) ;
#4041 = ORIENTED_EDGE ( 'NONE', *, *, #2142, .F. ) ;
#4042 = VERTEX_POINT ( 'NONE', #6550 ) ;
#4043 = LINE ( 'NONE', #7891, #1641 ) ;
#4044 = VERTEX_POINT ( 'NONE', #2786 ) ;
#4045 = AXIS2_PLACEMENT_3D ( 'NONE', #255, #1882, #6455 ) ;
#4046 = PLANE ( 'NONE',  #2032 ) ;
#4047 = CARTESIAN_POINT ( 'NONE',  ( 6.992565577374029395, 5.000000000000023093, 0.000000000000000000 ) ) ;
#4048 = UNCERTAINTY_MEASURE_WITH_UNIT (LENGTH_MEASURE( 1.000000000000000082E-05 ), #1121, 'distance_accuracy_value', 'NONE');
#4049 = CARTESIAN_POINT ( 'NONE',  ( 40.83180065388673796, 38.69286487643512373, 1.699885383662997906 ) ) ;
#4050 = FACE_OUTER_BOUND ( 'NONE', #1866, .T. ) ;
#4051 = ORIENTED_EDGE ( 'NONE', *, *, #7094, .F. ) ;
#4052 = EDGE_CURVE ( 'NONE', #6014, #9313, #4316, .T. ) ;
#4053 = EDGE_CURVE ( 'NONE', #9344, #922, #7446, .T. ) ;
#4054 = CARTESIAN_POINT ( 'NONE',  ( 23.06165955430742187, 58.33397611666539717, 4.000000000000000000 ) ) ;
#4055 = ORIENTED_EDGE ( 'NONE', *, *, #4562, .F. ) ;
#4056 = DIRECTION ( 'NONE',  ( -0.8660254037844375974, -0.5000000000000016653, 0.000000000000000000 ) ) ;
#4057 = FACE_OUTER_BOUND ( 'NONE', #5114, .T. ) ;
#4058 = DIRECTION ( 'NONE',  ( -0.5000000000000016653, 0.8660254037844377084, 0.000000000000000000 ) ) ;
#4059 = DIRECTION ( 'NONE',  ( -0.5000000000000001110, -0.8660254037844387076, 0.000000000000000000 ) ) ;
#4060 = CARTESIAN_POINT ( 'NONE',  ( 0.000000000000000000, 34.90332283157010806, 4.000000000000000000 ) ) ;
#4061 =( NAMED_UNIT ( * ) PLANE_ANGLE_UNIT ( ) SI_UNIT ( $, .RADIAN. ) );
#4062 = LINE ( 'NONE', #9379, #9679 ) ;
#4063 = EDGE_CURVE ( 'NONE', #2988, #9087, #1876, .T. ) ;
#4064 = ORIENTED_EDGE ( 'NONE', *, *, #369, .T. ) ;
#4065 = VERTEX_POINT ( 'NONE', #5031 ) ;
#4066 = EDGE_CURVE ( 'NONE', #8075, #4766, #511, .T. ) ;
#4067 = CARTESIAN_POINT ( 'NONE',  ( 76.74646490045059011, 19.79799773735025425, 7.400000000000000355 ) ) ;
#4068 = ORIENTED_EDGE ( 'NONE', *, *, #405, .T. ) ;
#4069 = ORIENTED_EDGE ( 'NONE', *, *, #4705, .F. ) ;
#4070 = CARTESIAN_POINT ( 'NONE',  ( 73.28236328531281174, 21.79799773735025781, 7.400000000000000355 ) ) ;
#4071 = DIRECTION ( 'NONE',  ( 0.000000000000000000, 0.000000000000000000, -1.000000000000000000 ) ) ;
#4072 = DIRECTION ( 'NONE',  ( 0.000000000000000000, -0.000000000000000000, -1.000000000000000000 ) ) ;
#4073 = VECTOR ( 'NONE', #1612, 1000.000000000000227 ) ;
#4074 = CARTESIAN_POINT ( 'NONE',  ( 23.28236328531334465, 25.79799773735023294, 7.400000000000000355 ) ) ;
#4075 = ORIENTED_EDGE ( 'NONE', *, *, #3333, .F. ) ;
#4076 = ORIENTED_EDGE ( 'NONE', *, *, #7151, .T. ) ;
#4077 = EDGE_CURVE ( 'NONE', #4334, #6160, #6600, .T. ) ;
#4078 = ADVANCED_FACE ( 'NONE', ( #7351 ), #8112, .T. ) ;
#4079 = DIRECTION ( 'NONE',  ( -0.7071067811865492381, 0.7071067811865457964, 0.000000000000000000 ) ) ;
#4080 = ORIENTED_EDGE ( 'NONE', *, *, #1267, .F. ) ;
#4081 = DIRECTION ( 'NONE',  ( 0.000000000000000000, 0.000000000000000000, -1.000000000000000000 ) ) ;
#4082 = ORIENTED_EDGE ( 'NONE', *, *, #4671, .T. ) ;
#4083 = CARTESIAN_POINT ( 'NONE',  ( 80.40280365961119458, 35.99023488137318338, 7.400000000000000355 ) ) ;
#4084 = DIRECTION ( 'NONE',  ( 0.8660254037844384856, 0.5000000000000002220, 0.000000000000000000 ) ) ;
#4085 = DIRECTION ( 'NONE',  ( 0.8660254037844384856, 0.5000000000000002220, 0.000000000000000000 ) ) ;
#4086 = VECTOR ( 'NONE', #4079, 1000.000000000000227 ) ;
#4087 = EDGE_CURVE ( 'NONE', #212, #4865, #3540, .T. ) ;
#4088 = CARTESIAN_POINT ( 'NONE',  ( 32.14653210253800353, 28.88980021391638431, 3.399999999999983036 ) ) ;
#4089 = DIRECTION ( 'NONE',  ( 1.000000000000000000, 0.000000000000000000, -0.000000000000000000 ) ) ;
#4090 = ORIENTED_EDGE ( 'NONE', *, *, #7830, .F. ) ;
#4091 = ORIENTED_EDGE ( 'NONE', *, *, #5935, .F. ) ;
#4092 = CARTESIAN_POINT ( 'NONE',  ( 60.21056651558853190, 25.79799773735024004, 7.400000000000000355 ) ) ;
#4093 = ORIENTED_EDGE ( 'NONE', *, *, #8180, .F. ) ;
#4094 = VECTOR ( 'NONE', #6507, 1000.000000000000000 ) ;
#4095 = DIRECTION ( 'NONE',  ( -0.000000000000000000, -0.000000000000000000, 1.000000000000000000 ) ) ;
#4096 = CARTESIAN_POINT ( 'NONE',  ( 17.13093918849695640, 48.18247202539613028, 10.00000000000000000 ) ) ;
#4097 = DIRECTION ( 'NONE',  ( 0.5773502691896212902, -0.5773502691896212902, -0.5773502691896346128 ) ) ;
#4098 = VECTOR ( 'NONE', #9003, 1000.000000000000000 ) ;
#4099 = LINE ( 'NONE', #908, #4027 ) ;
#4100 = ORIENTED_EDGE ( 'NONE', *, *, #3478, .T. ) ;
#4101 = EDGE_CURVE ( 'NONE', #1254, #2878, #1210, .T. ) ;
#4102 = CARTESIAN_POINT ( 'NONE',  ( 40.21056651558873796, 21.79799773735025070, 7.400000000000000355 ) ) ;
#4103 = ORIENTED_EDGE ( 'NONE', *, *, #8966, .T. ) ;
#4104 = EDGE_CURVE ( 'NONE', #67, #6159, #3442, .T. ) ;
#4105 = LINE ( 'NONE', #7951, #6284 ) ;
#4106 = CARTESIAN_POINT ( 'NONE',  ( 77.13093918849631336, 48.18247202539613028, 10.00000000000000000 ) ) ;
#4107 = DIRECTION ( 'NONE',  ( -1.000000000000000000, 0.000000000000000000, 0.000000000000000000 ) ) ;
#4108 = EDGE_CURVE ( 'NONE', #8052, #550, #2742, .T. ) ;
#4109 = CARTESIAN_POINT ( 'NONE',  ( 8.888803657608024267, 8.415085090169998949, 10.00099999999999945 ) ) ;
#4110 = EDGE_CURVE ( 'NONE', #3669, #9540, #8915, .T. ) ;
#4111 = CARTESIAN_POINT ( 'NONE',  ( 27.13093918849684982, 48.18247202539613028, 7.400000000000000355 ) ) ;
#4112 = PLANE ( 'NONE',  #5824 ) ;
#4113 = EDGE_LOOP ( 'NONE', ( #5560, #8510, #5496, #8304 ) ) ;
#4114 = DIRECTION ( 'NONE',  ( 1.000000000000000000, 0.000000000000000000, -0.000000000000000000 ) ) ;
#4115 = DIRECTION ( 'NONE',  ( -0.000000000000000000, -0.000000000000000000, 1.000000000000000000 ) ) ;
#4116 = EDGE_LOOP ( 'NONE', ( #279, #6381, #1913, #63, #149, #4051, #9271, #7928, #2478, #7473, #9213, #3250, #5395, #8400, #8390, #8595 ) ) ;
#4117 = ORIENTED_EDGE ( 'NONE', *, *, #1335, .T. ) ;
#4118 = DIRECTION ( 'NONE',  ( -0.8660254037844379305, 0.5000000000000011102, 0.000000000000000000 ) ) ;
#4119 = ORIENTED_EDGE ( 'NONE', *, *, #5706, .F. ) ;
#4120 = ORIENTED_EDGE ( 'NONE', *, *, #5853, .T. ) ;
#4121 = LINE ( 'NONE', #7015, #4860 ) ;
#4122 = CARTESIAN_POINT ( 'NONE',  ( 20.78727794765757864, 52.37470916941909138, 7.400000000000000355 ) ) ;
#4123 = LINE ( 'NONE', #4883, #5590 ) ;
#4124 = FILL_AREA_STYLE_COLOUR ( '', #8519 ) ;
#4125 = EDGE_CURVE ( 'NONE', #727, #950, #9621, .T. ) ;
#4126 = EDGE_CURVE ( 'NONE', #3411, #3784, #5075, .T. ) ;
#4127 = ORIENTED_EDGE ( 'NONE', *, *, #7881, .T. ) ;
#4128 = VERTEX_POINT ( 'NONE', #4162 ) ;
#4129 = AXIS2_PLACEMENT_3D ( 'NONE', #5448, #7623, #4635 ) ;
#4130 = PLANE ( 'NONE',  #361 ) ;
#4131 = EDGE_LOOP ( 'NONE', ( #8267, #4342, #1138, #6762 ) ) ;
#4132 = LINE ( 'NONE', #329, #6541 ) ;
#4133 = EDGE_LOOP ( 'NONE', ( #9928, #8095, #3299, #3189 ) ) ;
#4134 = CARTESIAN_POINT ( 'NONE',  ( 40.83180065388673796, 38.69286487643512373, 1.699885383662997906 ) ) ;
#4135 = FACE_OUTER_BOUND ( 'NONE', #2930, .T. ) ;
#4136 = EDGE_CURVE ( 'NONE', #5278, #9568, #8158, .T. ) ;
#4137 = EDGE_CURVE ( 'NONE', #6915, #5278, #5787, .T. ) ;
#4138 = LINE ( 'NONE', #7283, #1711 ) ;
#4139 = AXIS2_PLACEMENT_3D ( 'NONE', #9308, #901, #6183 ) ;
#4140 = DIRECTION ( 'NONE',  ( 0.8660254037844384856, 0.5000000000000002220, 0.000000000000000000 ) ) ;
#4141 = DIRECTION ( 'NONE',  ( -0.7071067811865472397, -0.7071067811865479058, 0.000000000000000000 ) ) ;
#4142 = ORIENTED_EDGE ( 'NONE', *, *, #543, .T. ) ;
#4143 = ORIENTED_EDGE ( 'NONE', *, *, #6892, .F. ) ;
#4144 = LINE ( 'NONE', #1099, #7957 ) ;
#4145 = EDGE_LOOP ( 'NONE', ( #9244, #6738, #6827, #3113 ) ) ;
#4146 = VECTOR ( 'NONE', #7984, 1000.000000000000000 ) ;
#4147 = EDGE_CURVE ( 'NONE', #5355, #115, #1059, .T. ) ;
#4148 = CARTESIAN_POINT ( 'NONE',  ( 40.40280365961161380, 35.99023488137318338, 10.00000000000000000 ) ) ;
#4149 = CARTESIAN_POINT ( 'NONE',  ( 6.938702044474186259, 37.99023488137319049, 7.400000000000000355 ) ) ;
#4150 = DIRECTION ( 'NONE',  ( 0.000000000000000000, 0.000000000000000000, -1.000000000000000000 ) ) ;
#4151 = VECTOR ( 'NONE', #1334, 1000.000000000000227 ) ;
#4152 = VECTOR ( 'NONE', #4164, 1000.000000000000000 ) ;
#4153 = CARTESIAN_POINT ( 'NONE',  ( 27.32317633251972921, 50.37470916941909138, 10.00000000000000000 ) ) ;
#4154 = VERTEX_POINT ( 'NONE', #1261 ) ;
#4155 = DIRECTION ( 'NONE',  ( 0.5000000000000012212, 0.8660254037844380415, 0.000000000000000000 ) ) ;
#4156 = ORIENTED_EDGE ( 'NONE', *, *, #4442, .F. ) ;
#4157 = EDGE_CURVE ( 'NONE', #726, #6079, #5682, .T. ) ;
#4158 =( GEOMETRIC_REPRESENTATION_CONTEXT ( 3 ) GLOBAL_UNCERTAINTY_ASSIGNED_CONTEXT ( ( #190 ) ) GLOBAL_UNIT_ASSIGNED_CONTEXT ( ( #2453, #8629, #3256 ) ) REPRESENTATION_CONTEXT ( 'NONE', 'WORKASPACE' ) );
#4159 = VECTOR ( 'NONE', #4445, 1000.000000000000227 ) ;
#4160 = DIRECTION ( 'NONE',  ( -0.000000000000000000, -0.000000000000000000, -1.000000000000000000 ) ) ;
#4161 = DIRECTION ( 'NONE',  ( -1.000000000000000000, 0.000000000000000000, -0.000000000000000000 ) ) ;
#4162 = CARTESIAN_POINT ( 'NONE',  ( 74.46692151384306158, 56.44252476504900073, 0.000000000000000000 ) ) ;
#4163 = DIRECTION ( 'NONE',  ( 0.5000000000000008882, 0.8660254037844381525, 0.000000000000000000 ) ) ;
#4164 = DIRECTION ( 'NONE',  ( -1.982541115402065702E-15, -1.000000000000000000, 0.000000000000000000 ) ) ;
#4165 = CARTESIAN_POINT ( 'NONE',  ( 50.78727794765726600, 56.37470916941907717, 10.00000000000000000 ) ) ;
#4166 = EDGE_CURVE ( 'NONE', #3169, #3669, #8810, .T. ) ;
#4167 = LINE ( 'NONE', #9474, #619 ) ;
#4168 = DIRECTION ( 'NONE',  ( 0.000000000000000000, 0.000000000000000000, -1.000000000000000000 ) ) ;
#4169 = VECTOR ( 'NONE', #3952, 1000.000000000000227 ) ;
#4170 = VECTOR ( 'NONE', #6730, 1000.000000000000000 ) ;
#4171 = LINE ( 'NONE', #4831, #1967 ) ;
#4172 = ORIENTED_EDGE ( 'NONE', *, *, #8160, .F. ) ;
#4173 = CARTESIAN_POINT ( 'NONE',  ( 5.000000000000096811, 10.50309440688320173, 10.00099999999999945 ) ) ;
#4174 = ORIENTED_EDGE ( 'NONE', *, *, #227, .T. ) ;
#4175 = EDGE_CURVE ( 'NONE', #1565, #3070, #9572, .T. ) ;
#4176 = EDGE_LOOP ( 'NONE', ( #4360, #578, #7452, #3713 ) ) ;
#4177 = CARTESIAN_POINT ( 'NONE',  ( 69.83157658086554420, 23.35317541498460159, 7.400000000000000355 ) ) ;
#4178 = VECTOR ( 'NONE', #6782, 1000.000000000000000 ) ;
#4179 = VECTOR ( 'NONE', #9720, 1000.000000000000000 ) ;
#4180 = CARTESIAN_POINT ( 'NONE',  ( 50.40280365961151432, 35.99023488137318338, 10.00000000000000000 ) ) ;
#4181 = CARTESIAN_POINT ( 'NONE',  ( 47.32317633251951605, 58.37470916941907717, 7.400000000000000355 ) ) ;
#4182 = LINE ( 'NONE', #8677, #9327 ) ;
#4183 = EDGE_LOOP ( 'NONE', ( #1374, #395, #9566, #1501, #8772, #3122, #343, #7415 ) ) ;
#4184 = EDGE_LOOP ( 'NONE', ( #5132, #963, #6976, #1127 ) ) ;
#4185 = VECTOR ( 'NONE', #4829, 1000.000000000000227 ) ;
#4186 = LINE ( 'NONE', #1745, #3915 ) ;
#4187 = VECTOR ( 'NONE', #4217, 1000.000000000000000 ) ;
#4188 = ORIENTED_EDGE ( 'NONE', *, *, #3174, .T. ) ;
#4189 = EDGE_CURVE ( 'NONE', #6076, #7429, #3634, .T. ) ;
#4190 = DIRECTION ( 'NONE',  ( -0.000000000000000000, 0.000000000000000000, 1.000000000000000000 ) ) ;
#4191 = ORIENTED_EDGE ( 'NONE', *, *, #1406, .T. ) ;
#4192 = DIRECTION ( 'NONE',  ( -0.5000000000000021094, 0.8660254037844374864, 0.000000000000000000 ) ) ;
#4193 = DIRECTION ( 'NONE',  ( 0.000000000000000000, -1.000000000000000000, 0.000000000000000000 ) ) ;
#4194 = CARTESIAN_POINT ( 'NONE',  ( 30.21056651558884454, 23.35317541498461225, 10.00000000000000000 ) ) ;
#4195 = VECTOR ( 'NONE', #3131, 1000.000000000000227 ) ;
#4196 = PLANE ( 'NONE',  #589 ) ;
#4197 = VECTOR ( 'NONE', #2632, 1000.000000000000000 ) ;
#4198 = DIRECTION ( 'NONE',  ( -0.8660254037844377084, -0.5000000000000016653, 0.000000000000000000 ) ) ;
#4199 = CARTESIAN_POINT ( 'NONE',  ( 73.28236328531281174, 25.79799773735023294, 7.400000000000000355 ) ) ;
#4200 = ORIENTED_EDGE ( 'NONE', *, *, #4694, .T. ) ;
#4201 = ORIENTED_EDGE ( 'NONE', *, *, #5825, .F. ) ;
#4202 = DIRECTION ( 'NONE',  ( -0.000000000000000000, -0.000000000000000000, 1.000000000000000000 ) ) ;
#4203 = VERTEX_POINT ( 'NONE', #9215 ) ;
#4204 = ADVANCED_FACE ( 'NONE', ( #9876 ), #2228, .F. ) ;
#4205 = EDGE_CURVE ( 'NONE', #4065, #5993, #7648, .T. ) ;
#4206 = VECTOR ( 'NONE', #9378, 1000.000000000000227 ) ;
#4207 = CARTESIAN_POINT ( 'NONE',  ( 65.34807733323546586, 40.95871309031685570, 5.000000000000000000 ) ) ;
#4208 = DIRECTION ( 'NONE',  ( 0.8660254037844384856, 0.5000000000000002220, 0.000000000000000000 ) ) ;
#4209 = LINE ( 'NONE', #5723, #1895 ) ;
#4210 = DIRECTION ( 'NONE',  ( -0.000000000000000000, -0.000000000000000000, 1.000000000000000000 ) ) ;
#4211 = EDGE_LOOP ( 'NONE', ( #3088, #1961, #3105, #3810 ) ) ;
#4212 = ADVANCED_FACE ( 'NONE', ( #3791, #4564, #2833, #7493, #2937, #8258, #2125, #9165, #5986, #8408, #2982, #5218, #5326, #5933, #4458, #8307, #2175, #9825, #1311, #9921, #1518, #2888, #6085 ), #1414, .F. ) ;
#4213 = EDGE_CURVE ( 'NONE', #8441, #8880, #6796, .T. ) ;
#4214 = CARTESIAN_POINT ( 'NONE',  ( 13.28236328531345123, 21.79799773735025781, 7.400000000000000355 ) ) ;
#4215 = VERTEX_POINT ( 'NONE', #710 ) ;
#4216 = VECTOR ( 'NONE', #6769, 1000.000000000000000 ) ;
#4217 = DIRECTION ( 'NONE',  ( -0.000000000000000000, -0.000000000000000000, -1.000000000000000000 ) ) ;
#4218 = CARTESIAN_POINT ( 'NONE',  ( 17.13093918849695640, 48.18247202539613028, 7.400000000000000355 ) ) ;
#4219 = DIRECTION ( 'NONE',  ( 0.8660254037844385966, -0.5000000000000000000, 0.000000000000000000 ) ) ;
#4220 = LINE ( 'NONE', #8811, #764 ) ;
#4221 = CARTESIAN_POINT ( 'NONE',  ( 26.74646490045110170, 27.79799773735024004, 7.400000000000000355 ) ) ;
#4222 = DIRECTION ( 'NONE',  ( 0.8660254037844385966, -0.5000000000000000000, 0.000000000000000000 ) ) ;
#4223 = DIRECTION ( 'NONE',  ( -0.8660254037844373753, -0.5000000000000021094, 0.000000000000000000 ) ) ;
#4224 = LINE ( 'NONE', #2641, #7443 ) ;
#4225 = VECTOR ( 'NONE', #8970, 1000.000000000000227 ) ;
#4226 = EDGE_LOOP ( 'NONE', ( #9719, #9858, #879, #1670 ) ) ;
#4227 = EDGE_CURVE ( 'NONE', #7828, #3414, #6895, .T. ) ;
#4228 = CARTESIAN_POINT ( 'NONE',  ( 17.13093918849695640, 48.18247202539613028, 7.400000000000000355 ) ) ;
#4229 = EDGE_LOOP ( 'NONE', ( #4627, #541, #4, #4003 ) ) ;
#4230 = ORIENTED_EDGE ( 'NONE', *, *, #4269, .T. ) ;
#4231 = DIRECTION ( 'NONE',  ( -0.000000000000000000, 0.000000000000000000, 1.000000000000000000 ) ) ;
#4232 = CARTESIAN_POINT ( 'NONE',  ( 16.74646490045120473, 27.79799773735024004, 7.400000000000000355 ) ) ;
#4233 = PLANE ( 'NONE',  #1045 ) ;
#4234 = LINE ( 'NONE', #5089, #2376 ) ;
#4235 = EDGE_LOOP ( 'NONE', ( #6732, #9532, #7677, #1781, #2944, #14 ) ) ;
#4236 = ORIENTED_EDGE ( 'NONE', *, *, #5983, .T. ) ;
#4237 = DIRECTION ( 'NONE',  ( -0.000000000000000000, -0.000000000000000000, -1.000000000000000000 ) ) ;
#4238 = ORIENTED_EDGE ( 'NONE', *, *, #6309, .T. ) ;
#4239 = ORIENTED_EDGE ( 'NONE', *, *, #6547, .F. ) ;
#4240 = FACE_OUTER_BOUND ( 'NONE', #8931, .T. ) ;
#4241 = ORIENTED_EDGE ( 'NONE', *, *, #6853, .T. ) ;
#4242 = CIRCLE ( 'NONE', #9891, 1.700000000000001066 ) ;
#4243 = DIRECTION ( 'NONE',  ( -0.000000000000000000, -0.000000000000000000, 1.000000000000000000 ) ) ;
#4244 = CARTESIAN_POINT ( 'NONE',  ( 5.875044450089777825, 53.13706121412302252, 10.00099999999999945 ) ) ;
#4245 = LINE ( 'NONE', #3612, #6419 ) ;
#4246 = CARTESIAN_POINT ( 'NONE',  ( 79.97474980949952794, 57.98214359204602175, 10.00000000000000000 ) ) ;
#4247 = ADVANCED_FACE ( 'NONE', ( #7545 ), #2073, .F. ) ;
#4248 = LINE ( 'NONE', #284, #126 ) ;
#4249 = ADVANCED_FACE ( 'NONE', ( #3037, #6138 ), #8358, .T. ) ;
#4250 = CARTESIAN_POINT ( 'NONE',  ( 30.21056651558884809, 25.79799773735024004, 7.400000000000000355 ) ) ;
#4251 = ORIENTED_EDGE ( 'NONE', *, *, #2163, .F. ) ;
#4252 = EDGE_LOOP ( 'NONE', ( #1318, #4581, #7261, #2304 ) ) ;
#4253 = CARTESIAN_POINT ( 'NONE',  ( 73.47460042933569468, 35.99023488137317628, 10.00000000000000000 ) ) ;
#4254 = EDGE_LOOP ( 'NONE', ( #927, #95, #5924, #185 ) ) ;
#4255 = AXIS2_PLACEMENT_3D ( 'NONE', #1842, #9489, #5754 ) ;
#4256 = LINE ( 'NONE', #5827, #1386 ) ;
#4257 = CARTESIAN_POINT ( 'NONE',  ( 41.42884860408194214, 23.35317541498460159, -10.67514906227531313 ) ) ;
#4258 = LINE ( 'NONE', #399, #6921 ) ;
#4259 = CARTESIAN_POINT ( 'NONE',  ( 6.938702044474186259, 37.99023488137319049, 10.00000000000000000 ) ) ;
#4260 = EDGE_LOOP ( 'NONE', ( #5960, #7325, #6624, #937 ) ) ;
#4261 = AXIS2_PLACEMENT_3D ( 'NONE', #7312, #7963, #161 ) ;
#4262 = CARTESIAN_POINT ( 'NONE',  ( 79.97474980950003953, 10.50829548434902350, 10.00000000000000000 ) ) ;
#4263 = ORIENTED_EDGE ( 'NONE', *, *, #4490, .T. ) ;
#4264 = CARTESIAN_POINT ( 'NONE',  ( 77.86692151384302463, 8.415085090169998949, 10.00099999999999945 ) ) ;
#4265 = FACE_OUTER_BOUND ( 'NONE', #9075, .T. ) ;
#4266 = DIRECTION ( 'NONE',  ( 0.8660254037844385966, -0.5000000000000000000, 0.000000000000000000 ) ) ;
#4267 = VECTOR ( 'NONE', #2883, 1000.000000000000227 ) ;
#4268 = LINE ( 'NONE', #7306, #3349 ) ;
#4269 = EDGE_CURVE ( 'NONE', #5146, #7972, #6745, .T. ) ;
#4270 = CARTESIAN_POINT ( 'NONE',  ( 5.000000000000532019, 33.46289289354402285, 4.000000000000000000 ) ) ;
#4271 = DIRECTION ( 'NONE',  ( 0.000000000000000000, -1.000000000000000000, 0.000000000000000000 ) ) ;
#4272 = EDGE_CURVE ( 'NONE', #2147, #707, #3690, .T. ) ;
#4273 = CARTESIAN_POINT ( 'NONE',  ( 76.74646490045059011, 19.79799773735025425, 7.400000000000000355 ) ) ;
#4274 = CARTESIAN_POINT ( 'NONE',  ( 12.07195935263212583, 58.33397611666538296, 4.000000000000000000 ) ) ;
#4275 = ADVANCED_FACE ( 'NONE', ( #6285 ), #2516, .F. ) ;
#4276 = DIRECTION ( 'NONE',  ( 0.5000000000000003331, -0.8660254037844385966, 0.000000000000000000 ) ) ;
#4277 = ORIENTED_EDGE ( 'NONE', *, *, #4827, .T. ) ;
#4278 = EDGE_LOOP ( 'NONE', ( #677, #2430 ) ) ;
#4279 = PLANE ( 'NONE',  #2918 ) ;
#4280 = LINE ( 'NONE', #3504, #8668 ) ;
#4281 = CARTESIAN_POINT ( 'NONE',  ( 60.59504080363427647, 42.18247202539614449, 10.00000000000000000 ) ) ;
#4282 = CARTESIAN_POINT ( 'NONE',  ( 17.46155956311902813, 10.12960885616448969, 10.00099999999999945 ) ) ;
#4283 = EDGE_CURVE ( 'NONE', #7168, #1149, #8600, .T. ) ;
#4284 = ADVANCED_FACE ( 'NONE', ( #7788 ), #1569, .T. ) ;
#4285 = VERTEX_POINT ( 'NONE', #7833 ) ;
#4286 = VERTEX_POINT ( 'NONE', #3084 ) ;
#4287 = DIRECTION ( 'NONE',  ( 0.8660254037844385966, -0.5000000000000000000, 0.000000000000000000 ) ) ;
#4288 = ORIENTED_EDGE ( 'NONE', *, *, #4392, .F. ) ;
#4289 = LINE ( 'NONE', #5052, #4753 ) ;
#4290 = ORIENTED_EDGE ( 'NONE', *, *, #1049, .T. ) ;
#4291 = LINE ( 'NONE', #9796, #8042 ) ;
#4292 = CARTESIAN_POINT ( 'NONE',  ( 10.40280365961193354, 31.99023488137319760, 7.400000000000000355 ) ) ;
#4293 = CARTESIAN_POINT ( 'NONE',  ( 67.13093918849644126, 40.18247202539614449, 10.00000000000000000 ) ) ;
#4294 = CARTESIAN_POINT ( 'NONE',  ( 63.28236328531291832, 25.79799773735023294, 10.00000000000000000 ) ) ;
#4295 = ADVANCED_FACE ( 'NONE', ( #1660 ), #3994, .F. ) ;
#4296 = LINE ( 'NONE', #1803, #2257 ) ;
#4297 = ORIENTED_EDGE ( 'NONE', *, *, #8218, .F. ) ;
#4298 = VERTEX_POINT ( 'NONE', #4659 ) ;
#4299 = LINE ( 'NONE', #394, #3755 ) ;
#4300 = ORIENTED_EDGE ( 'NONE', *, *, #7578, .T. ) ;
#4301 = EDGE_CURVE ( 'NONE', #1902, #2897, #5519, .T. ) ;
#4302 = EDGE_CURVE ( 'NONE', #288, #6027, #1616, .T. ) ;
#4303 = AXIS2_PLACEMENT_3D ( 'NONE', #1383, #8384, #1445 ) ;
#4304 = PLANE ( 'NONE',  #5604 ) ;
#4305 = CARTESIAN_POINT ( 'NONE',  ( 33.85907471738186558, 52.37470916941909849, 10.00000000000000000 ) ) ;
#4306 = CARTESIAN_POINT ( 'NONE',  ( 71.31952070086403239, 54.37489788495683740, 0.000000000000000000 ) ) ;
#4307 = PLANE ( 'NONE',  #8879 ) ;
#4308 = ORIENTED_EDGE ( 'NONE', *, *, #9702, .T. ) ;
#4309 = VECTOR ( 'NONE', #3583, 1000.000000000000000 ) ;
#4310 = DIRECTION ( 'NONE',  ( -0.5000000000000016653, 0.8660254037844377084, 0.000000000000000000 ) ) ;
#4311 = ORIENTED_EDGE ( 'NONE', *, *, #5767, .T. ) ;
#4312 = DIRECTION ( 'NONE',  ( 0.5000000000000003331, -0.8660254037844385966, 0.000000000000000000 ) ) ;
#4313 = VECTOR ( 'NONE', #568, 1000.000000000000000 ) ;
#4314 = PLANE ( 'NONE',  #2519 ) ;
#4315 = VECTOR ( 'NONE', #9552, 1000.000000000000227 ) ;
#4316 = LINE ( 'NONE', #4365, #420 ) ;
#4317 = CARTESIAN_POINT ( 'NONE',  ( 25.52610449534172687, 52.77490806565516834, 6.000000000000000000 ) ) ;
#4318 = CARTESIAN_POINT ( 'NONE',  ( 50.40280365961151432, 35.99023488137318338, 7.400000000000000355 ) ) ;
#4319 = CARTESIAN_POINT ( 'NONE',  ( 0.000000000000000000, 0.000000000000000000, 7.400000000000000355 ) ) ;
#4320 = LINE ( 'NONE', #5687, #5028 ) ;
#4321 = VERTEX_POINT ( 'NONE', #2426 ) ;
#4322 = AXIS2_PLACEMENT_3D ( 'NONE', #6526, #5662, #6944 ) ;
#4323 = AXIS2_PLACEMENT_3D ( 'NONE', #5839, #5079, #466 ) ;
#4324 = CARTESIAN_POINT ( 'NONE',  ( 17.46155956311902457, 17.08191233049010904, 10.00000000000000000 ) ) ;
#4325 = ORIENTED_EDGE ( 'NONE', *, *, #2796, .F. ) ;
#4326 = ADVANCED_FACE ( 'NONE', ( #9262 ), #4046, .F. ) ;
#4327 = VERTEX_POINT ( 'NONE', #3278 ) ;
#4328 = DIRECTION ( 'NONE',  ( -0.000000000000000000, -0.000000000000000000, 1.000000000000000000 ) ) ;
#4329 = LINE ( 'NONE', #7412, #1086 ) ;
#4330 = DIRECTION ( 'NONE',  ( -1.887397745837881465E-14, -1.000000000000000000, 0.000000000000000000 ) ) ;
#4331 = PLANE ( 'NONE',  #8196 ) ;
#4332 = AXIS2_PLACEMENT_3D ( 'NONE', #9841, #6000, #9227 ) ;
#4333 = AXIS2_PLACEMENT_3D ( 'NONE', #1154, #6685, #1048 ) ;
#4334 = VERTEX_POINT ( 'NONE', #8552 ) ;
#4335 = ORIENTED_EDGE ( 'NONE', *, *, #7840, .F. ) ;
#4336 = PLANE ( 'NONE',  #6682 ) ;
#4337 = ORIENTED_EDGE ( 'NONE', *, *, #7189, .T. ) ;
#4338 = EDGE_CURVE ( 'NONE', #1692, #8785, #1707, .T. ) ;
#4339 = ADVANCED_FACE ( 'NONE', ( #6383 ), #3178, .T. ) ;
#4340 = AXIS2_PLACEMENT_3D ( 'NONE', #1677, #4059, #6247 ) ;
#4341 = DIRECTION ( 'NONE',  ( -1.000000000000000000, 0.000000000000000000, 0.000000000000000000 ) ) ;
#4342 = ORIENTED_EDGE ( 'NONE', *, *, #8800, .F. ) ;
#4343 = CARTESIAN_POINT ( 'NONE',  ( 13.47460042933632707, 31.99023488137320470, 7.400000000000000355 ) ) ;
#4344 = DIRECTION ( 'NONE',  ( 0.7071067811863657182, -0.7071067811867293162, 0.000000000000000000 ) ) ;
#4345 = CARTESIAN_POINT ( 'NONE',  ( 70.40280365961129405, 35.99023488137318338, 7.400000000000000355 ) ) ;
#4346 = VECTOR ( 'NONE', #9456, 1000.000000000000114 ) ;
#4347 = EDGE_CURVE ( 'NONE', #2920, #7829, #6339, .T. ) ;
#4348 = ORIENTED_EDGE ( 'NONE', *, *, #3565, .F. ) ;
#4349 = ORIENTED_EDGE ( 'NONE', *, *, #1499, .F. ) ;
#4350 = DIRECTION ( 'NONE',  ( 0.000000000000000000, 0.000000000000000000, 1.000000000000000000 ) ) ;
#4351 = ORIENTED_EDGE ( 'NONE', *, *, #1540, .T. ) ;
#4352 = AXIS2_PLACEMENT_3D ( 'NONE', #8211, #2790, #468 ) ;
#4353 = DIRECTION ( 'NONE',  ( 0.000000000000000000, 1.000000000000000000, 0.000000000000000000 ) ) ;
#4354 = DIRECTION ( 'NONE',  ( -0.000000000000000000, -0.000000000000000000, 1.000000000000000000 ) ) ;
#4355 = DIRECTION ( 'NONE',  ( 1.000000000000000000, 0.000000000000000000, 0.000000000000000000 ) ) ;
#4356 = DIRECTION ( 'NONE',  ( -0.8660254037844375974, -0.5000000000000016653, 0.000000000000000000 ) ) ;
#4357 = ADVANCED_FACE ( 'NONE', ( #3938 ), #4707, .F. ) ;
#4358 = ORIENTED_EDGE ( 'NONE', *, *, #797, .F. ) ;
#4359 = VECTOR ( 'NONE', #5313, 1000.000000000000000 ) ;
#4360 = ORIENTED_EDGE ( 'NONE', *, *, #8551, .T. ) ;
#4361 = DIRECTION ( 'NONE',  ( -0.000000000000000000, -0.000000000000000000, 1.000000000000000000 ) ) ;
#4362 = VERTEX_POINT ( 'NONE', #2330 ) ;
#4363 = LINE ( 'NONE', #6272, #9840 ) ;
#4364 = LINE ( 'NONE', #3689, #8190 ) ;
#4365 = CARTESIAN_POINT ( 'NONE',  ( 41.42884860408194214, 23.35317541498460159, 10.00000000000000000 ) ) ;
#4366 = DIRECTION ( 'NONE',  ( 1.000000000000000000, 1.317956502048527864E-15, 0.000000000000000000 ) ) ;
#4367 = LINE ( 'NONE', #6499, #1885 ) ;
#4368 = EDGE_CURVE ( 'NONE', #5104, #3251, #9455, .T. ) ;
#4369 = CARTESIAN_POINT ( 'NONE',  ( 7.188803657608023201, 8.415085090169998949, 0.000000000000000000 ) ) ;
#4370 = EDGE_CURVE ( 'NONE', #6749, #1290, #956, .T. ) ;
#4371 = ORIENTED_EDGE ( 'NONE', *, *, #7715, .F. ) ;
#4372 = EDGE_CURVE ( 'NONE', #1636, #9582, #5566, .T. ) ;
#4373 = DIRECTION ( 'NONE',  ( -0.7071067811865457964, 0.7071067811865492381, 0.000000000000000000 ) ) ;
#4374 = ORIENTED_EDGE ( 'NONE', *, *, #5853, .F. ) ;
#4375 = ORIENTED_EDGE ( 'NONE', *, *, #3409, .F. ) ;
#4376 = DIRECTION ( 'NONE',  ( -1.000000000000000000, 0.000000000000000000, -0.000000000000000000 ) ) ;
#4377 = CARTESIAN_POINT ( 'NONE',  ( 17.32317633251982869, 58.37470916941907717, 7.400000000000000355 ) ) ;
#4378 = LINE ( 'NONE', #4181, #2671 ) ;
#4379 = DIRECTION ( 'NONE',  ( 0.8660254037844385966, -0.5000000000000000000, 0.000000000000000000 ) ) ;
#4380 = VECTOR ( 'NONE', #4485, 1000.000000000000000 ) ;
#4381 = ADVANCED_FACE ( 'NONE', ( #7942 ), #1000, .F. ) ;
#4382 = ORIENTED_EDGE ( 'NONE', *, *, #976, .F. ) ;
#4383 = ORIENTED_EDGE ( 'NONE', *, *, #34, .F. ) ;
#4384 = CARTESIAN_POINT ( 'NONE',  ( 10.40280365961193354, 31.99023488137319760, 7.400000000000000355 ) ) ;
#4385 = VERTEX_POINT ( 'NONE', #7339 ) ;
#4386 = DIRECTION ( 'NONE',  ( 0.8660254037844384856, 0.5000000000000002220, 0.000000000000000000 ) ) ;
#4387 = ORIENTED_EDGE ( 'NONE', *, *, #6808, .F. ) ;
#4388 = DIRECTION ( 'NONE',  ( 1.000000000000000000, 0.000000000000000000, -0.000000000000000000 ) ) ;
#4389 = LINE ( 'NONE', #8088, #1199 ) ;
#4390 = DIRECTION ( 'NONE',  ( 0.000000000000000000, 1.000000000000000000, 0.000000000000000000 ) ) ;
#4391 = EDGE_CURVE ( 'NONE', #7704, #7667, #2012, .T. ) ;
#4392 = EDGE_CURVE ( 'NONE', #6900, #8328, #5108, .T. ) ;
#4393 = ADVANCED_FACE ( 'NONE', ( #5672 ), #4304, .F. ) ;
#4394 = VERTEX_POINT ( 'NONE', #5773 ) ;
#4395 = ORIENTED_EDGE ( 'NONE', *, *, #833, .F. ) ;
#4396 = FACE_OUTER_BOUND ( 'NONE', #3673, .T. ) ;
#4397 = ORIENTED_EDGE ( 'NONE', *, *, #2602, .F. ) ;
#4398 = CARTESIAN_POINT ( 'NONE',  ( 0.000000000000000000, 28.88980021391638431, 0.9599999985689978699 ) ) ;
#4399 = CARTESIAN_POINT ( 'NONE',  ( 40.42884860408197056, 23.35317541498460869, 4.000000000000000000 ) ) ;
#4400 = CARTESIAN_POINT ( 'NONE',  ( 60.21056651558853190, 25.79799773735024004, 7.400000000000000355 ) ) ;
#4401 = CARTESIAN_POINT ( 'NONE',  ( 57.46984934592701677, 34.90332283157010806, 4.000000000000000000 ) ) ;
#4402 = ORIENTED_EDGE ( 'NONE', *, *, #7477, .T. ) ;
#4403 = EDGE_LOOP ( 'NONE', ( #3298, #8436, #3560, #5678 ) ) ;
#4404 = DIRECTION ( 'NONE',  ( 0.000000000000000000, -1.000000000000000000, 0.000000000000000000 ) ) ;
#4405 = ORIENTED_EDGE ( 'NONE', *, *, #4972, .F. ) ;
#4406 = CARTESIAN_POINT ( 'NONE',  ( 23.66683757335909633, 42.18247202539615159, 10.00000000000000000 ) ) ;
#4407 = ORIENTED_EDGE ( 'NONE', *, *, #2481, .F. ) ;
#4408 = ADVANCED_FACE ( 'NONE', ( #3326 ), #8801, .T. ) ;
#4409 = CARTESIAN_POINT ( 'NONE',  ( 76.93870204447344463, 37.99023488137319049, 10.00000000000000000 ) ) ;
#4410 = DIRECTION ( 'NONE',  ( -0.000000000000000000, -0.000000000000000000, -1.000000000000000000 ) ) ;
#4411 = DIRECTION ( 'NONE',  ( 1.000000000000000000, -0.000000000000000000, 0.000000000000000000 ) ) ;
#4412 = PLANE ( 'NONE',  #5794 ) ;
#4413 = LINE ( 'NONE', #6849, #2862 ) ;
#4414 = AXIS2_PLACEMENT_3D ( 'NONE', #8486, #1548, #127 ) ;
#4415 = LINE ( 'NONE', #1881, #10006 ) ;
#4416 = VERTEX_POINT ( 'NONE', #3431 ) ;
#4417 = CARTESIAN_POINT ( 'NONE',  ( 41.42884860408194214, 26.75317541498458951, 4.000000000000000000 ) ) ;
#4418 = ORIENTED_EDGE ( 'NONE', *, *, #5656, .F. ) ;
#4419 = ORIENTED_EDGE ( 'NONE', *, *, #2923, .F. ) ;
#4420 = VECTOR ( 'NONE', #7669, 1000.000000000000114 ) ;
#4421 = FACE_OUTER_BOUND ( 'NONE', #2288, .T. ) ;
#4422 = DIRECTION ( 'NONE',  ( 0.5000000000000015543, 0.8660254037844378194, 0.000000000000000000 ) ) ;
#4423 = DIRECTION ( 'NONE',  ( 0.000000000000000000, -1.000000000000000000, 0.000000000000000000 ) ) ;
#4424 = CARTESIAN_POINT ( 'NONE',  ( 33.47460042933611390, 35.99023488137317628, 7.400000000000000355 ) ) ;
#4425 = DIRECTION ( 'NONE',  ( -0.000000000000000000, -0.000000000000000000, -1.000000000000000000 ) ) ;
#4426 = AXIS2_PLACEMENT_3D ( 'NONE', #9617, #4310, #459 ) ;
#4427 = ORIENTED_EDGE ( 'NONE', *, *, #6877, .T. ) ;
#4428 = EDGE_LOOP ( 'NONE', ( #8815, #7377, #3404, #6390 ) ) ;
#4429 = VECTOR ( 'NONE', #944, 1000.000000000000227 ) ;
#4430 = FACE_OUTER_BOUND ( 'NONE', #3353, .T. ) ;
#4431 = EDGE_LOOP ( 'NONE', ( #8214, #2495, #2302, #7925, #6786, #7551, #2458, #1172 ) ) ;
#4432 = ORIENTED_EDGE ( 'NONE', *, *, #6810, .F. ) ;
#4433 = DIRECTION ( 'NONE',  ( 0.000000000000000000, -1.000000000000000000, 0.000000000000000000 ) ) ;
#4434 = CARTESIAN_POINT ( 'NONE',  ( 79.97474980950003953, 54.29582948390102359, 10.00099999999999945 ) ) ;
#4435 = DIRECTION ( 'NONE',  ( -0.8660254037844375974, -0.5000000000000016653, 0.000000000000000000 ) ) ;
#4436 = ADVANCED_BREP_SHAPE_REPRESENTATION ( '\X2\63a565367aef656370ed\X0\', ( #7160, #3068 ), #9691 ) ;
#4437 = ORIENTED_EDGE ( 'NONE', *, *, #904, .F. ) ;
#4438 = ORIENTED_EDGE ( 'NONE', *, *, #8903, .F. ) ;
#4439 = LINE ( 'NONE', #6679, #7966 ) ;
#4440 = ORIENTED_EDGE ( 'NONE', *, *, #705, .F. ) ;
#4441 = EDGE_CURVE ( 'NONE', #9753, #1694, #5872, .T. ) ;
#4442 = EDGE_CURVE ( 'NONE', #737, #5570, #4256, .T. ) ;
#4443 = LINE ( 'NONE', #1249, #8992 ) ;
#4444 = DIRECTION ( 'NONE',  ( 0.8660254037844377084, -0.5000000000000015543, 0.000000000000000000 ) ) ;
#4445 = DIRECTION ( 'NONE',  ( -0.8660254037844378194, -0.5000000000000013323, 0.000000000000000000 ) ) ;
#4446 = CARTESIAN_POINT ( 'NONE',  ( 27.32317633251972566, 58.37470916941907717, 7.400000000000000355 ) ) ;
#4447 = ORIENTED_EDGE ( 'NONE', *, *, #3312, .F. ) ;
#4448 = EDGE_LOOP ( 'NONE', ( #8979, #9932, #6875, #9845, #3626, #6174 ) ) ;
#4449 = PLANE ( 'NONE',  #2122 ) ;
#4450 = ORIENTED_EDGE ( 'NONE', *, *, #6177, .F. ) ;
#4451 = EDGE_CURVE ( 'NONE', #3310, #212, #293, .T. ) ;
#4452 = LINE ( 'NONE', #3437, #2963 ) ;
#4453 = AXIS2_PLACEMENT_3D ( 'NONE', #6757, #672, #7561 ) ;
#4454 = VERTEX_POINT ( 'NONE', #2673 ) ;
#4455 = EDGE_CURVE ( 'NONE', #4817, #5355, #6436, .T. ) ;
#4456 = FACE_OUTER_BOUND ( 'NONE', #961, .T. ) ;
#4457 = DIRECTION ( 'NONE',  ( 0.000000000000000000, -1.000000000000000000, 0.000000000000000000 ) ) ;
#4458 = FACE_BOUND ( 'NONE', #6593, .T. ) ;
#4459 = DIRECTION ( 'NONE',  ( 0.000000000000000000, 0.000000000000000000, 1.000000000000000000 ) ) ;
#4460 = CARTESIAN_POINT ( 'NONE',  ( 16.55422775642833599, 9.605760593327309138, 7.400000000000000355 ) ) ;
#4461 = PRODUCT_CONTEXT ( 'NONE', #9068, 'mechanical' ) ;
#4462 = AXIS2_PLACEMENT_3D ( 'NONE', #6945, #8752, #5721 ) ;
#4463 = DIRECTION ( 'NONE',  ( 0.9999999924245159821, -0.0001230892683152483562, 0.000000000000000000 ) ) ;
#4464 = ORIENTED_EDGE ( 'NONE', *, *, #2562, .T. ) ;
#4465 = VERTEX_POINT ( 'NONE', #4148 ) ;
#4466 = PLANE ( 'NONE',  #5877 ) ;
#4467 = ORIENTED_EDGE ( 'NONE', *, *, #8619, .F. ) ;
#4468 = VECTOR ( 'NONE', #3753, 1000.000000000000000 ) ;
#4469 = ORIENTED_EDGE ( 'NONE', *, *, #8773, .F. ) ;
#4470 = VECTOR ( 'NONE', #1849, 1000.000000000000114 ) ;
#4471 = PLANE ( 'NONE',  #8255 ) ;
#4472 = CARTESIAN_POINT ( 'NONE',  ( 20.21056651558895112, 0.000000000000000000, 10.00000000000000000 ) ) ;
#4473 = CARTESIAN_POINT ( 'NONE',  ( 59.74084972657723824, 30.61190122397092495, 1.109997883926998163 ) ) ;
#4474 = PLANE ( 'NONE',  #1567 ) ;
#4475 = PLANE ( 'NONE',  #8679 ) ;
#4476 = DIRECTION ( 'NONE',  ( -0.8660254037844373753, -0.5000000000000021094, 0.000000000000000000 ) ) ;
#4477 = VECTOR ( 'NONE', #7932, 1000.000000000000227 ) ;
#4478 = ORIENTED_EDGE ( 'NONE', *, *, #9544, .F. ) ;
#4479 = AXIS2_PLACEMENT_3D ( 'NONE', #513, #1164, #5937 ) ;
#4480 = EDGE_LOOP ( 'NONE', ( #2370, #1634, #341, #9035 ) ) ;
#4481 = ORIENTED_EDGE ( 'NONE', *, *, #4890, .T. ) ;
#4482 = CARTESIAN_POINT ( 'NONE',  ( 50.40280365961151432, 35.99023488137318338, 7.400000000000000355 ) ) ;
#4483 = ORIENTED_EDGE ( 'NONE', *, *, #5866, .T. ) ;
#4484 = ORIENTED_EDGE ( 'NONE', *, *, #8929, .F. ) ;
#4485 = DIRECTION ( 'NONE',  ( -0.000000000000000000, -0.000000000000000000, 1.000000000000000000 ) ) ;
#4486 = VECTOR ( 'NONE', #7562, 1000.000000000000000 ) ;
#4487 = AXIS2_PLACEMENT_3D ( 'NONE', #4343, #8839, #5758 ) ;
#4488 = PLANE ( 'NONE',  #6890 ) ;
#4489 = DIRECTION ( 'NONE',  ( -1.000000000000000000, 3.011203194556595896E-16, 0.000000000000000000 ) ) ;
#4490 = EDGE_CURVE ( 'NONE', #6096, #8508, #2729, .T. ) ;
#4491 = ORIENTED_EDGE ( 'NONE', *, *, #6546, .T. ) ;
#4492 = ORIENTED_EDGE ( 'NONE', *, *, #5003, .F. ) ;
#4493 = VECTOR ( 'NONE', #7352, 1000.000000000000000 ) ;
#4494 = VECTOR ( 'NONE', #6149, 1000.000000000000000 ) ;
#4495 = PLANE ( 'NONE',  #9092 ) ;
#4496 = VERTEX_POINT ( 'NONE', #5064 ) ;
#4497 = EDGE_CURVE ( 'NONE', #3989, #2104, #8149, .T. ) ;
#4498 = VECTOR ( 'NONE', #7375, 1000.000000000000000 ) ;
#4499 = VECTOR ( 'NONE', #8761, 1000.000000000000114 ) ;
#4500 = VERTEX_POINT ( 'NONE', #8949 ) ;
#4501 = DIRECTION ( 'NONE',  ( -0.5000000000000001110, -0.8660254037844387076, 0.000000000000000000 ) ) ;
#4502 = CARTESIAN_POINT ( 'NONE',  ( 24.39487291362403099, 59.35339717067414256, 6.000000000000000000 ) ) ;
#4503 = CARTESIAN_POINT ( 'NONE',  ( 73.34807733323548007, 45.95871309031685570, 5.000000000000000000 ) ) ;
#4504 = CARTESIAN_POINT ( 'NONE',  ( 11.68769779765030847, 43.83617119703320952, 6.000000000000000000 ) ) ;
#4505 = ORIENTED_EDGE ( 'NONE', *, *, #7244, .T. ) ;
#4506 = ORIENTED_EDGE ( 'NONE', *, *, #9850, .T. ) ;
#4507 = EDGE_CURVE ( 'NONE', #3502, #6866, #1197, .T. ) ;
#4508 = DIRECTION ( 'NONE',  ( 0.8660254037844384856, 0.5000000000000002220, 0.000000000000000000 ) ) ;
#4509 = ORIENTED_EDGE ( 'NONE', *, *, #3399, .F. ) ;
#4510 = VECTOR ( 'NONE', #7652, 1000.000000000000000 ) ;
#4511 = CARTESIAN_POINT ( 'NONE',  ( 78.02906416080763563, 20.53850676557981458, 7.400000000000000355 ) ) ;
#4512 = VERTEX_POINT ( 'NONE', #8193 ) ;
#4513 = CARTESIAN_POINT ( 'NONE',  ( 57.46984934592701677, 41.21884720954800940, 4.000000000000000000 ) ) ;
#4514 = DIRECTION ( 'NONE',  ( -0.000000000000000000, -0.000000000000000000, 1.000000000000000000 ) ) ;
#4515 = CARTESIAN_POINT ( 'NONE',  ( 53.47460042933590074, 31.99023488137320470, 7.400000000000000355 ) ) ;
#4516 = DIRECTION ( 'NONE',  ( 1.000000000000000000, 0.000000000000000000, 0.000000000000000000 ) ) ;
#4517 = AXIS2_PLACEMENT_3D ( 'NONE', #8398, #2876, #9814 ) ;
#4518 = FACE_OUTER_BOUND ( 'NONE', #9945, .T. ) ;
#4519 = SHAPE_DEFINITION_REPRESENTATION ( #2332, #4436 ) ;
#4520 = LINE ( 'NONE', #1521, #8871 ) ;
#4521 = EDGE_LOOP ( 'NONE', ( #2568, #4438, #3238, #7764 ) ) ;
#4522 = EDGE_CURVE ( 'NONE', #4766, #5152, #9561, .T. ) ;
#4523 = CARTESIAN_POINT ( 'NONE',  ( 57.32317633251940237, 58.37470916941907717, 7.400000000000000355 ) ) ;
#4524 = ORIENTED_EDGE ( 'NONE', *, *, #9307, .F. ) ;
#4525 = AXIS2_PLACEMENT_3D ( 'NONE', #9281, #6201, #5437 ) ;
#4526 = ORIENTED_EDGE ( 'NONE', *, *, #4077, .F. ) ;
#4527 = DIRECTION ( 'NONE',  ( 0.7071067811865494601, 0.7071067811865456854, -0.000000000000000000 ) ) ;
#4528 = LINE ( 'NONE', #4472, #8347 ) ;
#4529 = CARTESIAN_POINT ( 'NONE',  ( 23.77356091487909495, 59.97470916941908570, 10.00000000000000000 ) ) ;
#4530 = DIRECTION ( 'NONE',  ( -0.8660254037844378194, -0.5000000000000013323, 0.000000000000000000 ) ) ;
#4531 = DIRECTION ( 'NONE',  ( 1.000000000000000000, 0.000000000000000000, 0.000000000000000000 ) ) ;
#4532 = CARTESIAN_POINT ( 'NONE',  ( 7.130939188497064762, 40.18247202539614449, 7.400000000000000355 ) ) ;
#4533 = EDGE_CURVE ( 'NONE', #7234, #6079, #2624, .T. ) ;
#4534 = ORIENTED_EDGE ( 'NONE', *, *, #7192, .T. ) ;
#4535 = VERTEX_POINT ( 'NONE', #3529 ) ;
#4536 = FACE_OUTER_BOUND ( 'NONE', #8378, .T. ) ;
#4537 = ORIENTED_EDGE ( 'NONE', *, *, #6721, .F. ) ;
#4538 = EDGE_CURVE ( 'NONE', #3566, #5624, #4959, .T. ) ;
#4539 = ORIENTED_EDGE ( 'NONE', *, *, #7536, .T. ) ;
#4540 = PLANE ( 'NONE',  #7290 ) ;
#4541 = VECTOR ( 'NONE', #8012, 1000.000000000000000 ) ;
#4542 = LINE ( 'NONE', #8331, #3479 ) ;
#4543 = CARTESIAN_POINT ( 'NONE',  ( 50.78727794765726600, 56.37470916941907717, 7.400000000000000355 ) ) ;
#4544 = ORIENTED_EDGE ( 'NONE', *, *, #374, .F. ) ;
#4545 = VERTEX_POINT ( 'NONE', #4207 ) ;
#4546 = VECTOR ( 'NONE', #1769, 1000.000000000000000 ) ;
#4547 = DIRECTION ( 'NONE',  ( 0.8660254037844384856, 0.5000000000000002220, 0.000000000000000000 ) ) ;
#4548 = ORIENTED_EDGE ( 'NONE', *, *, #6968, .T. ) ;
#4549 = ADVANCED_FACE ( 'NONE', ( #7294 ), #344, .F. ) ;
#4550 = LINE ( 'NONE', #1343, #2201 ) ;
#4551 = DIRECTION ( 'NONE',  ( 0.7071067811865343611, -0.000000000000000000, 0.7071067811865607844 ) ) ;
#4552 = DIRECTION ( 'NONE',  ( -0.5000000000000016653, 0.8660254037844377084, 0.000000000000000000 ) ) ;
#4553 = LINE ( 'NONE', #4504, #9042 ) ;
#4554 = ORIENTED_EDGE ( 'NONE', *, *, #2738, .F. ) ;
#4555 = EDGE_LOOP ( 'NONE', ( #5209, #9459, #6953, #2542 ) ) ;
#4556 = LINE ( 'NONE', #6556, #6504 ) ;
#4557 = ORIENTED_EDGE ( 'NONE', *, *, #4899, .F. ) ;
#4558 = DIRECTION ( 'NONE',  ( 1.000000000000000000, 0.000000000000000000, -0.000000000000000000 ) ) ;
#4559 = ORIENTED_EDGE ( 'NONE', *, *, #2383, .F. ) ;
#4560 = DIRECTION ( 'NONE',  ( -0.7071067811865497932, -0.7071067811865453523, 0.000000000000000000 ) ) ;
#4561 = ADVANCED_FACE ( 'NONE', ( #1151 ), #9807, .F. ) ;
#4562 = EDGE_CURVE ( 'NONE', #434, #2002, #9756, .T. ) ;
#4563 = FACE_OUTER_BOUND ( 'NONE', #391, .T. ) ;
#4564 = FACE_BOUND ( 'NONE', #6523, .T. ) ;
#4565 = CARTESIAN_POINT ( 'NONE',  ( 73.66683757335856342, 42.18247202539615159, 7.400000000000000355 ) ) ;
#4566 = DIRECTION ( 'NONE',  ( -0.000000000000000000, -0.000000000000000000, 1.000000000000000000 ) ) ;
#4567 = CARTESIAN_POINT ( 'NONE',  ( 20.21056651558895112, 22.71244565972173035, 10.00000000000000000 ) ) ;
#4568 = ORIENTED_EDGE ( 'NONE', *, *, #5353, .T. ) ;
#4569 = DIRECTION ( 'NONE',  ( 0.8660254037844385966, -0.5000000000000000000, 0.000000000000000000 ) ) ;
#4570 = ORIENTED_EDGE ( 'NONE', *, *, #3782, .T. ) ;
#4571 = VERTEX_POINT ( 'NONE', #8994 ) ;
#4572 = CARTESIAN_POINT ( 'NONE',  ( 54.61482092964090640, 59.34967741935614782, 10.00099999999999945 ) ) ;
#4573 = EDGE_CURVE ( 'NONE', #6491, #7689, #9202, .T. ) ;
#4574 = DIRECTION ( 'NONE',  ( -0.000000000000000000, -0.000000000000000000, 1.000000000000000000 ) ) ;
#4575 = DIRECTION ( 'NONE',  ( 0.8660254037844385966, -0.5000000000000000000, 0.000000000000000000 ) ) ;
#4576 = VECTOR ( 'NONE', #2106, 1000.000000000000000 ) ;
#4577 = CARTESIAN_POINT ( 'NONE',  ( 16.55422775642833599, 9.605760593327309138, 7.400000000000000355 ) ) ;
#4578 = DIRECTION ( 'NONE',  ( -1.000000000000000000, 0.000000000000000000, -0.000000000000000000 ) ) ;
#4579 = CARTESIAN_POINT ( 'NONE',  ( 79.97474980950003953, 54.29582948390102359, 10.00000000000000000 ) ) ;
#4580 = PLANE ( 'NONE',  #6940 ) ;
#4581 = ORIENTED_EDGE ( 'NONE', *, *, #9550, .F. ) ;
#4582 = ORIENTED_EDGE ( 'NONE', *, *, #4879, .F. ) ;
#4583 = DIRECTION ( 'NONE',  ( 0.8660254037844385966, -0.5000000000000000000, 0.000000000000000000 ) ) ;
#4584 = VECTOR ( 'NONE', #4583, 1000.000000000000227 ) ;
#4585 = ORIENTED_EDGE ( 'NONE', *, *, #4704, .F. ) ;
#4586 = ORIENTED_EDGE ( 'NONE', *, *, #2052, .T. ) ;
#4587 = DIRECTION ( 'NONE',  ( 0.5773502691896257311, -0.5773502691896257311, 0.5773502691896257311 ) ) ;
#4588 = ADVANCED_FACE ( 'NONE', ( #2060 ), #5971, .T. ) ;
#4589 = LINE ( 'NONE', #7675, #9141 ) ;
#4590 = PLANE ( 'NONE',  #3652 ) ;
#4591 = VECTOR ( 'NONE', #8711, 1000.000000000000000 ) ;
#4592 = ORIENTED_EDGE ( 'NONE', *, *, #2318, .F. ) ;
#4593 = ORIENTED_EDGE ( 'NONE', *, *, #2857, .F. ) ;
#4594 = PLANE ( 'NONE',  #4414 ) ;
#4595 = ORIENTED_EDGE ( 'NONE', *, *, #1574, .F. ) ;
#4596 = DIRECTION ( 'NONE',  ( 0.000000000000000000, 1.000000000000000000, 0.000000000000000000 ) ) ;
#4597 = ADVANCED_FACE ( 'NONE', ( #5158 ), #3022, .F. ) ;
#4598 = LINE ( 'NONE', #7480, #9506 ) ;
#4599 = DIRECTION ( 'NONE',  ( -1.000000000000000000, 0.000000000000000000, 0.000000000000000000 ) ) ;
#4600 = ORIENTED_EDGE ( 'NONE', *, *, #6135, .F. ) ;
#4601 = ORIENTED_EDGE ( 'NONE', *, *, #3274, .T. ) ;
#4602 = DIRECTION ( 'NONE',  ( 0.000000000000000000, 1.000000000000000000, 0.000000000000000000 ) ) ;
#4603 = VERTEX_POINT ( 'NONE', #7585 ) ;
#4604 = CARTESIAN_POINT ( 'NONE',  ( 43.85907471738176611, 52.37470916941909849, 7.400000000000000355 ) ) ;
#4605 = ORIENTED_EDGE ( 'NONE', *, *, #951, .T. ) ;
#4606 = CARTESIAN_POINT ( 'NONE',  ( 7.130939188497064762, 40.18247202539614449, 7.400000000000000355 ) ) ;
#4607 = DIRECTION ( 'NONE',  ( -1.000000000000000000, 0.000000000000000000, -0.000000000000000000 ) ) ;
#4608 = CARTESIAN_POINT ( 'NONE',  ( 60.59504080363427647, 46.18247202539613028, 7.400000000000000355 ) ) ;
#4609 = CARTESIAN_POINT ( 'NONE',  ( 63.66683757335867000, 42.18247202539615159, 10.00000000000000000 ) ) ;
#4610 = CARTESIAN_POINT ( 'NONE',  ( 76.74646490045057590, 27.79799773735024004, 7.400000000000000355 ) ) ;
#4611 = ORIENTED_EDGE ( 'NONE', *, *, #7133, .T. ) ;
#4612 = VECTOR ( 'NONE', #837, 1000.000000000000227 ) ;
#4613 = ADVANCED_FACE ( 'NONE', ( #5359 ), #8244, .F. ) ;
#4614 = EDGE_CURVE ( 'NONE', #8316, #9555, #4443, .T. ) ;
#4615 = LINE ( 'NONE', #8416, #9266 ) ;
#4616 = ORIENTED_EDGE ( 'NONE', *, *, #5740, .F. ) ;
#4617 = ORIENTED_EDGE ( 'NONE', *, *, #9394, .F. ) ;
#4618 = LINE ( 'NONE', #9224, #9387 ) ;
#4619 = LINE ( 'NONE', #7709, #4468 ) ;
#4620 = CIRCLE ( 'NONE', #4303, 1.699999999999999289 ) ;
#4621 = DIRECTION ( 'NONE',  ( 0.000000000000000000, -1.000000000000000000, 0.000000000000000000 ) ) ;
#4622 = CARTESIAN_POINT ( 'NONE',  ( 20.85129627085182946, 23.35317541498460159, 7.400000000000000355 ) ) ;
#4623 = DIRECTION ( 'NONE',  ( -0.7041374183556817767, 0.7100637267678131526, 0.000000000000000000 ) ) ;
#4624 = PLANE ( 'NONE',  #805 ) ;
#4625 = DIRECTION ( 'NONE',  ( 0.000000000000000000, 1.000000000000000000, 0.000000000000000000 ) ) ;
#4626 = ORIENTED_EDGE ( 'NONE', *, *, #1675, .F. ) ;
#4627 = ORIENTED_EDGE ( 'NONE', *, *, #8993, .T. ) ;
#4628 = EDGE_CURVE ( 'NONE', #7234, #2169, #7433, .T. ) ;
#4629 = VECTOR ( 'NONE', #1162, 1000.000000000000000 ) ;
#4630 = DIRECTION ( 'NONE',  ( 0.000000000000000000, 1.000000000000000000, 0.000000000000000000 ) ) ;
#4631 = ORIENTED_EDGE ( 'NONE', *, *, #3933, .T. ) ;
#4632 = ORIENTED_EDGE ( 'NONE', *, *, #6810, .T. ) ;
#4633 = EDGE_CURVE ( 'NONE', #135, #2953, #4550, .T. ) ;
#4634 = DIRECTION ( 'NONE',  ( -0.8660254037844375974, -0.5000000000000016653, 0.000000000000000000 ) ) ;
#4635 = DIRECTION ( 'NONE',  ( 1.000000000000000000, 0.000000000000000000, -0.000000000000000000 ) ) ;
#4636 = DIRECTION ( 'NONE',  ( -0.000000000000000000, -0.000000000000000000, 1.000000000000000000 ) ) ;
#4637 = VECTOR ( 'NONE', #305, 1000.000000000000000 ) ;
#4638 = VECTOR ( 'NONE', #1919, 1000.000000000000000 ) ;
#4639 = VERTEX_POINT ( 'NONE', #590 ) ;
#4640 = ORIENTED_EDGE ( 'NONE', *, *, #7559, .F. ) ;
#4641 = ADVANCED_FACE ( 'NONE', ( #2873 ), #695, .F. ) ;
#4642 = DIRECTION ( 'NONE',  ( 0.7071067811865457964, -0.7071067811865492381, 0.000000000000000000 ) ) ;
#4643 = ORIENTED_EDGE ( 'NONE', *, *, #2727, .T. ) ;
#4644 = VECTOR ( 'NONE', #2308, 1000.000000000000227 ) ;
#4645 = AXIS2_PLACEMENT_3D ( 'NONE', #6698, #308, #410 ) ;
#4646 = CARTESIAN_POINT ( 'NONE',  ( 26.93870204447397754, 29.99023488137320115, 10.00000000000000000 ) ) ;
#4647 = EDGE_CURVE ( 'NONE', #416, #7423, #7526, .T. ) ;
#4648 = DIRECTION ( 'NONE',  ( -0.000000000000000000, -0.000000000000000000, 1.000000000000000000 ) ) ;
#4649 = VECTOR ( 'NONE', #5633, 1000.000000000000227 ) ;
#4650 = AXIS2_PLACEMENT_3D ( 'NONE', #4735, #7968, #7111 ) ;
#4651 = DIRECTION ( 'NONE',  ( -0.9999999924245159821, 0.0001230892683140344564, 0.000000000000000000 ) ) ;
#4652 = ORIENTED_EDGE ( 'NONE', *, *, #3651, .F. ) ;
#4653 = ORIENTED_EDGE ( 'NONE', *, *, #6909, .F. ) ;
#4654 = PLANE ( 'NONE',  #1487 ) ;
#4655 = ORIENTED_EDGE ( 'NONE', *, *, #2901, .T. ) ;
#4656 = LINE ( 'NONE', #2221, #5886 ) ;
#4657 = ORIENTED_EDGE ( 'NONE', *, *, #6647, .T. ) ;
#4658 = VECTOR ( 'NONE', #5873, 1000.000000000000114 ) ;
#4659 = CARTESIAN_POINT ( 'NONE',  ( 6.554227756428439911, 9.605760593327309138, 7.400000000000000355 ) ) ;
#4660 = DIRECTION ( 'NONE',  ( -0.8660254037844375974, -0.5000000000000016653, 0.000000000000000000 ) ) ;
#4661 = CARTESIAN_POINT ( 'NONE',  ( 17.46155956311903523, 10.12960885616449502, 10.00000000000000000 ) ) ;
#4662 = DIRECTION ( 'NONE',  ( -0.5000000000000001110, -0.8660254037844387076, 0.000000000000000000 ) ) ;
#4663 = EDGE_LOOP ( 'NONE', ( #6257, #9292, #9142, #6117, #7637 ) ) ;
#4664 = VECTOR ( 'NONE', #4223, 1000.000000000000227 ) ;
#4665 = DIRECTION ( 'NONE',  ( 0.3446779346331529381, 0.9387210029487057517, 0.000000000000000000 ) ) ;
#4666 = ORIENTED_EDGE ( 'NONE', *, *, #4038, .F. ) ;
#4667 = VERTEX_POINT ( 'NONE', #2818 ) ;
#4668 = CARTESIAN_POINT ( 'NONE',  ( 65.74084972657725245, 30.61190122397092495, 3.399999999999968825 ) ) ;
#4669 = VECTOR ( 'NONE', #2733, 1000.000000000000000 ) ;
#4670 = LINE ( 'NONE', #1771, #1410 ) ;
#4671 = EDGE_CURVE ( 'NONE', #4015, #2312, #6683, .T. ) ;
#4672 = CARTESIAN_POINT ( 'NONE',  ( 11.68769779765031025, 0.000000000000000000, 4.000000000000000000 ) ) ;
#4673 = CARTESIAN_POINT ( 'NONE',  ( 30.21056651558884809, 25.79799773735024004, 10.00000000000000000 ) ) ;
#4674 = CARTESIAN_POINT ( 'NONE',  ( 31.54653210253800211, 0.000000000000000000, 4.000000000000000000 ) ) ;
#4675 = CARTESIAN_POINT ( 'NONE',  ( 6.746464900451311308, 27.79799773735024004, 7.400000000000000355 ) ) ;
#4676 = LINE ( 'NONE', #3808, #9195 ) ;
#4677 = ORIENTED_EDGE ( 'NONE', *, *, #6681, .T. ) ;
#4678 = ORIENTED_EDGE ( 'NONE', *, *, #8705, .F. ) ;
#4679 = FACE_OUTER_BOUND ( 'NONE', #2541, .T. ) ;
#4680 = EDGE_LOOP ( 'NONE', ( #2314, #5189, #5259, #4689 ) ) ;
#4681 = ORIENTED_EDGE ( 'NONE', *, *, #2095, .T. ) ;
#4682 = CARTESIAN_POINT ( 'NONE',  ( 23.73212781767187707, 57.66334277808476827, 4.000000000000000000 ) ) ;
#4683 = DIRECTION ( 'NONE',  ( -0.000000000000000000, -0.000000000000000000, -1.000000000000000000 ) ) ;
#4684 = DIRECTION ( 'NONE',  ( 0.7071067811865462405, -0.7071067811865489050, -0.000000000000000000 ) ) ;
#4685 = CARTESIAN_POINT ( 'NONE',  ( 0.000000000000000000, 0.000000000000000000, 7.400000000000000355 ) ) ;
#4686 = EDGE_CURVE ( 'NONE', #4954, #1454, #8293, .T. ) ;
#4687 = VECTOR ( 'NONE', #4921, 1000.000000000000227 ) ;
#4688 = ORIENTED_EDGE ( 'NONE', *, *, #7035, .F. ) ;
#4689 = ORIENTED_EDGE ( 'NONE', *, *, #6321, .T. ) ;
#4690 = FACE_OUTER_BOUND ( 'NONE', #2807, .T. ) ;
#4691 = EDGE_LOOP ( 'NONE', ( #5901, #272, #6821, #7206, #2069, #4076 ) ) ;
#4692 = VECTOR ( 'NONE', #1542, 1000.000000000000000 ) ;
#4693 = ADVANCED_FACE ( 'NONE', ( #2161 ), #5252, .F. ) ;
#4694 = EDGE_CURVE ( 'NONE', #5582, #3157, #6071, .T. ) ;
#4695 = CARTESIAN_POINT ( 'NONE',  ( 40.40280365961161380, 31.99023488137319760, 7.400000000000000355 ) ) ;
#4696 = FACE_OUTER_BOUND ( 'NONE', #9284, .T. ) ;
#4697 = AXIS2_PLACEMENT_3D ( 'NONE', #320, #6510, #3406 ) ;
#4698 = CARTESIAN_POINT ( 'NONE',  ( 47.54653210253800921, 35.48980021391638928, 4.000000000000000000 ) ) ;
#4699 = EDGE_LOOP ( 'NONE', ( #8861, #6667, #1611, #5705, #6459, #7390 ) ) ;
#4700 = ORIENTED_EDGE ( 'NONE', *, *, #1918, .T. ) ;
#4701 = DIRECTION ( 'NONE',  ( -0.000000000000000000, -0.000000000000000000, 1.000000000000000000 ) ) ;
#4702 = VERTEX_POINT ( 'NONE', #8395 ) ;
#4703 = DIRECTION ( 'NONE',  ( -0.000000000000000000, 0.000000000000000000, -1.000000000000000000 ) ) ;
#4704 = EDGE_CURVE ( 'NONE', #9898, #4832, #1455, .T. ) ;
#4705 = EDGE_CURVE ( 'NONE', #8186, #8428, #7735, .T. ) ;
#4706 = EDGE_CURVE ( 'NONE', #7829, #4512, #6327, .T. ) ;
#4707 = PLANE ( 'NONE',  #7698 ) ;
#4708 = CARTESIAN_POINT ( 'NONE',  ( 78.03203064794003296, 52.35311032234201889, 7.400000000000000355 ) ) ;
#4709 = CARTESIAN_POINT ( 'NONE',  ( 13.09012614129057717, 15.60576059332728605, 10.00000000000000000 ) ) ;
#4710 = CARTESIAN_POINT ( 'NONE',  ( 76.16692151384303600, 56.44252476504900073, 0.000000000000000000 ) ) ;
#4711 = ORIENTED_EDGE ( 'NONE', *, *, #7272, .T. ) ;
#4712 = CARTESIAN_POINT ( 'NONE',  ( 54.61415088855444111, 53.90613964737286068, 6.000000000000000000 ) ) ;
#4713 = ORIENTED_EDGE ( 'NONE', *, *, #644, .F. ) ;
#4714 = VECTOR ( 'NONE', #9302, 1000.000000000000000 ) ;
#4715 = EDGE_CURVE ( 'NONE', #9313, #208, #132, .T. ) ;
#4716 = ORIENTED_EDGE ( 'NONE', *, *, #3750, .F. ) ;
#4717 = CARTESIAN_POINT ( 'NONE',  ( 60.40280365961140774, 35.99023488137318338, 7.400000000000000355 ) ) ;
#4718 = CYLINDRICAL_SURFACE ( 'NONE', #5771, 1.699999999999993072 ) ;
#4719 = EDGE_CURVE ( 'NONE', #3874, #9984, #6273, .T. ) ;
#4720 = FACE_OUTER_BOUND ( 'NONE', #9830, .T. ) ;
#4721 = DIRECTION ( 'NONE',  ( -1.000000000000000000, -0.000000000000000000, -0.000000000000000000 ) ) ;
#4722 = DIRECTION ( 'NONE',  ( -0.8660254037844374864, -0.5000000000000021094, 0.000000000000000000 ) ) ;
#4723 = DIRECTION ( 'NONE',  ( 0.8660254037844385966, -0.5000000000000000000, 0.000000000000000000 ) ) ;
#4724 = LINE ( 'NONE', #8011, #8387 ) ;
#4725 = EDGE_CURVE ( 'NONE', #8428, #7832, #1606, .T. ) ;
#4726 = VERTEX_POINT ( 'NONE', #79 ) ;
#4727 = VERTEX_POINT ( 'NONE', #9249 ) ;
#4728 = PLANE ( 'NONE',  #368 ) ;
#4729 = EDGE_LOOP ( 'NONE', ( #4836, #5976, #6791, #9868 ) ) ;
#4730 = EDGE_CURVE ( 'NONE', #6014, #1192, #3222, .T. ) ;
#4731 = EDGE_CURVE ( 'NONE', #5481, #5195, #6171, .T. ) ;
#4732 = ORIENTED_EDGE ( 'NONE', *, *, #1589, .F. ) ;
#4733 = VECTOR ( 'NONE', #7628, 1000.000000000000000 ) ;
#4734 = LINE ( 'NONE', #2404, #9863 ) ;
#4735 = CARTESIAN_POINT ( 'NONE',  ( 8.888803657608024267, 56.44252476504900073, 10.00000000000000000 ) ) ;
#4736 = CARTESIAN_POINT ( 'NONE',  ( 71.31952070086403239, 54.37489788495683740, 4.000000000000000000 ) ) ;
#4737 = DIRECTION ( 'NONE',  ( -1.000000000000000000, -2.518321216464164144E-16, 0.000000000000000000 ) ) ;
#4738 = ORIENTED_EDGE ( 'NONE', *, *, #7490, .F. ) ;
#4739 = VECTOR ( 'NONE', #6006, 1000.000000000000000 ) ;
#4740 = ORIENTED_EDGE ( 'NONE', *, *, #3551, .T. ) ;
#4741 = ORIENTED_EDGE ( 'NONE', *, *, #7985, .F. ) ;
#4742 = CARTESIAN_POINT ( 'NONE',  ( 36.93870204447387096, 29.99023488137320115, 7.400000000000000355 ) ) ;
#4743 = ORIENTED_EDGE ( 'NONE', *, *, #3707, .T. ) ;
#4744 = ADVANCED_FACE ( 'NONE', ( #2417 ), #9446, .F. ) ;
#4745 = AXIS2_PLACEMENT_3D ( 'NONE', #2120, #2680, #8910 ) ;
#4746 = CARTESIAN_POINT ( 'NONE',  ( 74.46692151384304736, 8.415085090169998949, 10.00099999999999945 ) ) ;
#4747 = LINE ( 'NONE', #8443, #9966 ) ;
#4748 = FACE_BOUND ( 'NONE', #9953, .T. ) ;
#4749 = DIRECTION ( 'NONE',  ( -0.000000000000000000, -0.000000000000000000, -1.000000000000000000 ) ) ;
#4750 = ORIENTED_EDGE ( 'NONE', *, *, #1759, .F. ) ;
#4751 = ORIENTED_EDGE ( 'NONE', *, *, #9704, .T. ) ;
#4752 = PLANE ( 'NONE',  #7459 ) ;
#4753 = VECTOR ( 'NONE', #7369, 1000.000000000000000 ) ;
#4754 = ORIENTED_EDGE ( 'NONE', *, *, #2341, .F. ) ;
#4755 = EDGE_CURVE ( 'NONE', #5852, #9490, #4747, .T. ) ;
#4756 = ADVANCED_FACE ( 'NONE', ( #5461 ), #1553, .F. ) ;
#4757 = CARTESIAN_POINT ( 'NONE',  ( -1.250939572066449346, 1.250939572066456229, 4.000000000000000000 ) ) ;
#4758 = DIRECTION ( 'NONE',  ( 0.000000000000000000, -1.000000000000000000, 0.000000000000000000 ) ) ;
#4759 = DIRECTION ( 'NONE',  ( 0.000000000000000000, 0.000000000000000000, -1.000000000000000000 ) ) ;
#4760 = CARTESIAN_POINT ( 'NONE',  ( 23.85907471738197216, 56.37470916941907007, 10.00000000000000000 ) ) ;
#4761 = ORIENTED_EDGE ( 'NONE', *, *, #5159, .F. ) ;
#4762 = EDGE_LOOP ( 'NONE', ( #6468, #9707, #5256, #3643, #3580, #626 ) ) ;
#4763 = EDGE_CURVE ( 'NONE', #6268, #25, #6979, .T. ) ;
#4764 = LINE ( 'NONE', #1816, #7811 ) ;
#4765 = VERTEX_POINT ( 'NONE', #5409 ) ;
#4766 = VERTEX_POINT ( 'NONE', #9399 ) ;
#4767 = DIRECTION ( 'NONE',  ( -0.7071067811865479058, -0.7071067811865471286, 0.000000000000000000 ) ) ;
#4768 = PLANE ( 'NONE',  #7382 ) ;
#4769 = DIRECTION ( 'NONE',  ( -0.000000000000000000, -0.000000000000000000, 1.000000000000000000 ) ) ;
#4770 = LINE ( 'NONE', #2439, #8854 ) ;
#4771 = LINE ( 'NONE', #5635, #4152 ) ;
#4772 = CARTESIAN_POINT ( 'NONE',  ( 19.18225557754956867, 33.22464126408733165, 10.00000000000000000 ) ) ;
#4773 = LINE ( 'NONE', #2443, #4185 ) ;
#4774 = ADVANCED_FACE ( 'NONE', ( #7825 ), #29, .F. ) ;
#4775 = ORIENTED_EDGE ( 'NONE', *, *, #2983, .T. ) ;
#4776 = VERTEX_POINT ( 'NONE', #3117 ) ;
#4777 = DIRECTION ( 'NONE',  ( 0.8660254037844385966, -0.5000000000000000000, 0.000000000000000000 ) ) ;
#4778 = ORIENTED_EDGE ( 'NONE', *, *, #9336, .F. ) ;
#4779 = EDGE_LOOP ( 'NONE', ( #7857, #84 ) ) ;
#4780 = AXIS2_PLACEMENT_3D ( 'NONE', #7112, #8778, #215 ) ;
#4781 = CARTESIAN_POINT ( 'NONE',  ( 16.74646490045120828, 19.79799773735025425, 10.00000000000000000 ) ) ;
#4782 = CARTESIAN_POINT ( 'NONE',  ( 41.42884860408194214, 26.75317541498458951, 10.00000000000000000 ) ) ;
#4783 = LINE ( 'NONE', #4024, #8972 ) ;
#4784 = ADVANCED_FACE ( 'NONE', ( #6222 ), #9353, .F. ) ;
#4785 = VECTOR ( 'NONE', #9468, 1000.000000000000000 ) ;
#4786 = ORIENTED_EDGE ( 'NONE', *, *, #3794, .T. ) ;
#4787 = EDGE_LOOP ( 'NONE', ( #1562, #3198, #5456, #9686, #5014, #7871 ) ) ;
#4788 = DIRECTION ( 'NONE',  ( 0.000000000000000000, -1.000000000000000000, 0.000000000000000000 ) ) ;
#4789 = VERTEX_POINT ( 'NONE', #2364 ) ;
#4790 = VECTOR ( 'NONE', #8169, 1000.000000000000000 ) ;
#4791 = AXIS2_PLACEMENT_3D ( 'NONE', #7884, #7025, #4037 ) ;
#4792 = FACE_OUTER_BOUND ( 'NONE', #429, .T. ) ;
#4793 = DIRECTION ( 'NONE',  ( -0.000000000000000000, -0.000000000000000000, 1.000000000000000000 ) ) ;
#4794 = DIRECTION ( 'NONE',  ( 0.000000000000000000, 1.000000000000000000, 0.000000000000000000 ) ) ;
#4795 = EDGE_CURVE ( 'NONE', #8447, #2878, #8542, .T. ) ;
#4796 = DIRECTION ( 'NONE',  ( 0.000000000000000000, 1.000000000000000000, -0.000000000000000000 ) ) ;
#4797 = EDGE_CURVE ( 'NONE', #6440, #5641, #3928, .T. ) ;
#4798 = CARTESIAN_POINT ( 'NONE',  ( 73.15243468099103552, 20.03231731485909961, 10.00099999999999945 ) ) ;
#4799 = ORIENTED_EDGE ( 'NONE', *, *, #7328, .T. ) ;
#4800 = EDGE_LOOP ( 'NONE', ( #1817, #6107, #6118, #5588 ) ) ;
#4801 = VECTOR ( 'NONE', #3083, 1000.000000000000000 ) ;
#4802 = VECTOR ( 'NONE', #7910, 1000.000000000000000 ) ;
#4803 = CARTESIAN_POINT ( 'NONE',  ( 50.40280365961151432, 31.99023488137319760, 10.00000000000000000 ) ) ;
#4804 = ORIENTED_EDGE ( 'NONE', *, *, #853, .T. ) ;
#4805 = EDGE_CURVE ( 'NONE', #173, #6749, #5557, .T. ) ;
#4806 = VECTOR ( 'NONE', #216, 1000.000000000000000 ) ;
#4807 = VECTOR ( 'NONE', #4243, 1000.000000000000000 ) ;
#4808 = CARTESIAN_POINT ( 'NONE',  ( 56.93870204447366490, 29.99023488137320115, 7.400000000000000355 ) ) ;
#4809 = LINE ( 'NONE', #2379, #2055 ) ;
#4810 = EDGE_CURVE ( 'NONE', #1591, #3460, #1697, .T. ) ;
#4811 = CARTESIAN_POINT ( 'NONE',  ( 46.93870204447377148, 37.99023488137319049, 7.400000000000000355 ) ) ;
#4812 = LINE ( 'NONE', #2477, #3060 ) ;
#4813 = VERTEX_POINT ( 'NONE', #8091 ) ;
#4814 = AXIS2_PLACEMENT_3D ( 'NONE', #4565, #9012, #711 ) ;
#4815 = AXIS2_PLACEMENT_3D ( 'NONE', #198, #1209, #6653 ) ;
#4816 = DIRECTION ( 'NONE',  ( -0.8660254037844375974, -0.5000000000000016653, 0.000000000000000000 ) ) ;
#4817 = VERTEX_POINT ( 'NONE', #1143 ) ;
#4818 = LINE ( 'NONE', #964, #2882 ) ;
#4819 = CARTESIAN_POINT ( 'NONE',  ( 37.32317633251962263, 50.37470916941909138, 7.400000000000000355 ) ) ;
#4820 = LINE ( 'NONE', #4672, #5433 ) ;
#4821 = CARTESIAN_POINT ( 'NONE',  ( 37.13093918849674679, 40.18247202539614449, 10.00000000000000000 ) ) ;
#4822 = EDGE_CURVE ( 'NONE', #183, #9348, #8792, .T. ) ;
#4823 = EDGE_CURVE ( 'NONE', #2577, #8081, #8692, .T. ) ;
#4824 = VECTOR ( 'NONE', #9447, 1000.000000000000000 ) ;
#4825 = CARTESIAN_POINT ( 'NONE',  ( 73.66683757335856342, 46.18247202539612317, 10.00000000000000000 ) ) ;
#4826 = DIRECTION ( 'NONE',  ( -0.000000000000000000, -0.000000000000000000, -1.000000000000000000 ) ) ;
#4827 = EDGE_CURVE ( 'NONE', #783, #7530, #4138, .T. ) ;
#4828 = ORIENTED_EDGE ( 'NONE', *, *, #5816, .T. ) ;
#4829 = DIRECTION ( 'NONE',  ( -0.8660254037844373753, -0.5000000000000021094, 0.000000000000000000 ) ) ;
#4830 = AXIS2_PLACEMENT_3D ( 'NONE', #2100, #9700, #5005 ) ;
#4831 = CARTESIAN_POINT ( 'NONE',  ( 16.26968486712803141, 5.000000000000023093, 0.000000000000000000 ) ) ;
#4832 = VERTEX_POINT ( 'NONE', #6576 ) ;
#4833 = LINE ( 'NONE', #1782, #8292 ) ;
#4834 = ORIENTED_EDGE ( 'NONE', *, *, #8705, .T. ) ;
#4835 = VECTOR ( 'NONE', #1680, 1000.000000000000114 ) ;
#4836 = ORIENTED_EDGE ( 'NONE', *, *, #8673, .T. ) ;
#4837 = CARTESIAN_POINT ( 'NONE',  ( 20.85129627085182946, 23.35317541498460159, 10.00099999999999945 ) ) ;
#4838 = CARTESIAN_POINT ( 'NONE',  ( 65.74084972657725245, 30.61190122397092495, 1.109997883926998163 ) ) ;
#4839 = CARTESIAN_POINT ( 'NONE',  ( 0.000000000000000000, 34.88980021391638076, 0.9599999985689978699 ) ) ;
#4840 = CARTESIAN_POINT ( 'NONE',  ( 76.74646490045057590, 27.79799773735024004, 7.400000000000000355 ) ) ;
#4841 = EDGE_CURVE ( 'NONE', #9815, #9428, #5008, .T. ) ;
#4842 = VECTOR ( 'NONE', #6288, 1000.000000000000000 ) ;
#4843 = EDGE_CURVE ( 'NONE', #2595, #8412, #4895, .T. ) ;
#4844 = ORIENTED_EDGE ( 'NONE', *, *, #8924, .F. ) ;
#4845 = ORIENTED_EDGE ( 'NONE', *, *, #1224, .T. ) ;
#4846 = LINE ( 'NONE', #6469, #5542 ) ;
#4847 = ORIENTED_EDGE ( 'NONE', *, *, #7014, .T. ) ;
#4848 = ORIENTED_EDGE ( 'NONE', *, *, #4719, .T. ) ;
#4849 = EDGE_CURVE ( 'NONE', #9568, #5968, #335, .T. ) ;
#4850 = AXIS2_PLACEMENT_3D ( 'NONE', #5636, #8873, #4222 ) ;
#4851 = LINE ( 'NONE', #7931, #8148 ) ;
#4852 = PLANE ( 'NONE',  #2850 ) ;
#4853 = CARTESIAN_POINT ( 'NONE',  ( 16.26968486712803141, 5.000000000000022204, 10.00000000000000000 ) ) ;
#4854 = CARTESIAN_POINT ( 'NONE',  ( 10.58880365760802356, 56.44252476504900073, 10.00099999999999945 ) ) ;
#4855 = CARTESIAN_POINT ( 'NONE',  ( 37.13093918849674679, 40.18247202539614449, 7.400000000000000355 ) ) ;
#4856 = ORIENTED_EDGE ( 'NONE', *, *, #480, .F. ) ;
#4857 = ORIENTED_EDGE ( 'NONE', *, *, #26, .F. ) ;
#4858 = LINE ( 'NONE', #7291, #187 ) ;
#4859 = EDGE_LOOP ( 'NONE', ( #4611, #3203, #2206, #1436 ) ) ;
#4860 = VECTOR ( 'NONE', #7919, 1000.000000000000000 ) ;
#4861 = DIRECTION ( 'NONE',  ( -0.7071067811865496822, -0.7071067811865453523, 0.000000000000000000 ) ) ;
#4862 = DIRECTION ( 'NONE',  ( -0.000000000000000000, -0.000000000000000000, -1.000000000000000000 ) ) ;
#4863 = LINE ( 'NONE', #7944, #6114 ) ;
#4864 = FACE_OUTER_BOUND ( 'NONE', #7109, .T. ) ;
#4865 = VERTEX_POINT ( 'NONE', #7330 ) ;
#4866 = CARTESIAN_POINT ( 'NONE',  ( 13.09012614129057717, 11.60576059332731091, 10.00000000000000000 ) ) ;
#4867 = ORIENTED_EDGE ( 'NONE', *, *, #7729, .F. ) ;
#4868 = CARTESIAN_POINT ( 'NONE',  ( 40.21056651558873796, 25.79799773735024004, 7.400000000000000355 ) ) ;
#4869 = CARTESIAN_POINT ( 'NONE',  ( 6.938702044474186259, 37.99023488137319049, 10.00000000000000000 ) ) ;
#4870 = LINE ( 'NONE', #6302, #7374 ) ;
#4871 = CARTESIAN_POINT ( 'NONE',  ( 70.40280365961129405, 35.99023488137318338, 10.00000000000000000 ) ) ;
#4872 = CARTESIAN_POINT ( 'NONE',  ( 20.59504080363470280, 46.18247202539613028, 7.400000000000000355 ) ) ;
#4873 = LINE ( 'NONE', #7956, #6954 ) ;
#4874 = DIRECTION ( 'NONE',  ( -1.000000000000000000, 0.000000000000000000, 0.000000000000000000 ) ) ;
#4875 = CARTESIAN_POINT ( 'NONE',  ( 54.61415088855444822, 53.90613964737285357, 4.000000000000000000 ) ) ;
#4876 = VERTEX_POINT ( 'NONE', #7174 ) ;
#4877 = FACE_OUTER_BOUND ( 'NONE', #3017, .T. ) ;
#4878 = VERTEX_POINT ( 'NONE', #1908 ) ;
#4879 = EDGE_CURVE ( 'NONE', #8000, #393, #3469, .T. ) ;
#4880 = VERTEX_POINT ( 'NONE', #4853 ) ;
#4881 = LINE ( 'NONE', #6315, #5668 ) ;
#4882 = CARTESIAN_POINT ( 'NONE',  ( 17.13093918849695996, 40.18247202539614449, 7.400000000000000355 ) ) ;
#4883 = CARTESIAN_POINT ( 'NONE',  ( 20.59504080363470280, 42.18247202539614449, 7.400000000000000355 ) ) ;
#4884 = VECTOR ( 'NONE', #8300, 1000.000000000000114 ) ;
#4885 = DIRECTION ( 'NONE',  ( -0.8660254037844378194, 0.5000000000000015543, 0.000000000000000000 ) ) ;
#4886 = EDGE_LOOP ( 'NONE', ( #8386, #6623, #2191, #6856, #8232, #9903 ) ) ;
#4887 = ORIENTED_EDGE ( 'NONE', *, *, #78, .F. ) ;
#4888 = CARTESIAN_POINT ( 'NONE',  ( 69.83157658086554420, 23.35317541498460159, 10.00099999999999945 ) ) ;
#4889 = EDGE_LOOP ( 'NONE', ( #8911, #8947, #5226, #9191 ) ) ;
#4890 = EDGE_CURVE ( 'NONE', #4500, #3214, #5607, .T. ) ;
#4891 = DIRECTION ( 'NONE',  ( 6.313997449038182439E-16, -1.000000000000000000, 0.000000000000000000 ) ) ;
#4892 = ORIENTED_EDGE ( 'NONE', *, *, #7613, .F. ) ;
#4893 = PLANE ( 'NONE',  #5402 ) ;
#4894 = DIRECTION ( 'NONE',  ( -3.469446951953610639E-15, -1.000000000000000000, 0.000000000000000000 ) ) ;
#4895 = LINE ( 'NONE', #572, #9311 ) ;
#4896 = VECTOR ( 'NONE', #576, 1000.000000000000000 ) ;
#4897 = CARTESIAN_POINT ( 'NONE',  ( 40.59504080363448963, 46.18247202539613028, 10.00000000000000000 ) ) ;
#4898 = DIRECTION ( 'NONE',  ( -0.8660254037844378194, -0.5000000000000013323, 0.000000000000000000 ) ) ;
#4899 = EDGE_CURVE ( 'NONE', #1914, #7704, #388, .T. ) ;
#4900 = VERTEX_POINT ( 'NONE', #5761 ) ;
#4901 = ORIENTED_EDGE ( 'NONE', *, *, #2110, .T. ) ;
#4902 = DIRECTION ( 'NONE',  ( -0.7071067811865474617, -0.7071067811865474617, -0.000000000000000000 ) ) ;
#4903 = EDGE_LOOP ( 'NONE', ( #2603, #297, #7416, #1478 ) ) ;
#4904 = VECTOR ( 'NONE', #1477, 1000.000000000000000 ) ;
#4905 = EDGE_CURVE ( 'NONE', #4215, #1971, #6527, .T. ) ;
#4906 = ADVANCED_FACE ( 'NONE', ( #3315 ), #9652, .F. ) ;
#4907 = CARTESIAN_POINT ( 'NONE',  ( 43.66683757335889027, 42.18247202539615159, 7.400000000000000355 ) ) ;
#4908 = DIRECTION ( 'NONE',  ( -0.5000000000000021094, 0.8660254037844374864, 0.000000000000000000 ) ) ;
#4909 = CARTESIAN_POINT ( 'NONE',  ( 60.40280365961140774, 31.99023488137319760, 7.400000000000000355 ) ) ;
#4910 = VECTOR ( 'NONE', #5780, 1000.000000000000000 ) ;
#4911 = FACE_OUTER_BOUND ( 'NONE', #456, .T. ) ;
#4912 = ORIENTED_EDGE ( 'NONE', *, *, #1859, .F. ) ;
#4913 = VECTOR ( 'NONE', #3313, 1000.000000000000227 ) ;
#4914 = DIRECTION ( 'NONE',  ( 0.000000000000000000, 1.000000000000000000, 0.000000000000000000 ) ) ;
#4915 = VERTEX_POINT ( 'NONE', #9497 ) ;
#4916 = DIRECTION ( 'NONE',  ( 1.887397745837881465E-14, 1.000000000000000000, 0.000000000000000000 ) ) ;
#4917 = CARTESIAN_POINT ( 'NONE',  ( 67.13093918849642705, 48.18247202539613028, 7.400000000000000355 ) ) ;
#4918 = DIRECTION ( 'NONE',  ( 0.000000000000000000, 1.000000000000000000, 0.000000000000000000 ) ) ;
#4919 = DIRECTION ( 'NONE',  ( -0.000000000000000000, -0.000000000000000000, 1.000000000000000000 ) ) ;
#4920 = CARTESIAN_POINT ( 'NONE',  ( 10.40280365961193354, 31.99023488137319760, 7.400000000000000355 ) ) ;
#4921 = DIRECTION ( 'NONE',  ( -0.8660254037844378194, -0.5000000000000013323, 0.000000000000000000 ) ) ;
#4922 = VERTEX_POINT ( 'NONE', #5663 ) ;
#4923 = FACE_OUTER_BOUND ( 'NONE', #7889, .T. ) ;
#4924 = PLANE ( 'NONE',  #7122 ) ;
#4925 = EDGE_CURVE ( 'NONE', #162, #6965, #5952, .T. ) ;
#4926 = EDGE_LOOP ( 'NONE', ( #8606, #7013, #8484, #704 ) ) ;
#4927 = ORIENTED_EDGE ( 'NONE', *, *, #6651, .T. ) ;
#4928 = CARTESIAN_POINT ( 'NONE',  ( 3.282363285313557366, 21.79799773735025781, 7.400000000000000355 ) ) ;
#4929 = VERTEX_POINT ( 'NONE', #2089 ) ;
#4930 = ORIENTED_EDGE ( 'NONE', *, *, #4755, .F. ) ;
#4931 = PLANE ( 'NONE',  #4697 ) ;
#4932 = CARTESIAN_POINT ( 'NONE',  ( 16.74646490045120473, 27.79799773735024004, 7.400000000000000355 ) ) ;
#4933 = FACE_OUTER_BOUND ( 'NONE', #1691, .T. ) ;
#4934 = CARTESIAN_POINT ( 'NONE',  ( 63.47460042933579416, 35.99023488137317628, 7.400000000000000355 ) ) ;
#4935 = EDGE_CURVE ( 'NONE', #8596, #8075, #5186, .T. ) ;
#4936 = EDGE_CURVE ( 'NONE', #8749, #7917, #7509, .T. ) ;
#4937 = VERTEX_POINT ( 'NONE', #3650 ) ;
#4938 = ORIENTED_EDGE ( 'NONE', *, *, #3399, .T. ) ;
#4939 = VECTOR ( 'NONE', #5282, 1000.000000000000000 ) ;
#4940 = DIRECTION ( 'NONE',  ( -1.000000000000000000, 0.000000000000000000, 0.000000000000000000 ) ) ;
#4941 = ORIENTED_EDGE ( 'NONE', *, *, #217, .F. ) ;
#4942 = ORIENTED_EDGE ( 'NONE', *, *, #1088, .T. ) ;
#4943 = CARTESIAN_POINT ( 'NONE',  ( 47.32317633251952316, 50.37470916941909138, 7.400000000000000355 ) ) ;
#4944 = EDGE_LOOP ( 'NONE', ( #5288, #174, #2964, #9002, #3700, #6986 ) ) ;
#4945 = CARTESIAN_POINT ( 'NONE',  ( 20.59504080363470280, 46.18247202539613028, 10.00000000000000000 ) ) ;
#4946 = CARTESIAN_POINT ( 'NONE',  ( 36.93870204447387096, 29.99023488137320115, 7.400000000000000355 ) ) ;
#4947 = DIRECTION ( 'NONE',  ( 0.000000000000000000, -1.000000000000000000, 0.000000000000000000 ) ) ;
#4948 = FACE_OUTER_BOUND ( 'NONE', #5199, .T. ) ;
#4949 = VECTOR ( 'NONE', #6035, 1000.000000000000000 ) ;
#4950 = CARTESIAN_POINT ( 'NONE',  ( 27.13093918849684982, 48.18247202539613028, 7.400000000000000355 ) ) ;
#4951 = EDGE_CURVE ( 'NONE', #3932, #1858, #283, .T. ) ;
#4952 = DIRECTION ( 'NONE',  ( -0.000000000000000000, -0.000000000000000000, 1.000000000000000000 ) ) ;
#4953 = VERTEX_POINT ( 'NONE', #2614 ) ;
#4954 = VERTEX_POINT ( 'NONE', #5709 ) ;
#4955 = LINE ( 'NONE', #8900, #1323 ) ;
#4956 = ORIENTED_EDGE ( 'NONE', *, *, #1770, .T. ) ;
#4957 = AXIS2_PLACEMENT_3D ( 'NONE', #4398, #4353, #499 ) ;
#4958 = ADVANCED_FACE ( 'NONE', ( #4948 ), #4196, .F. ) ;
#4959 = LINE ( 'NONE', #1105, #3820 ) ;
#4960 = CARTESIAN_POINT ( 'NONE',  ( 63.85907471738156005, 52.37470916941909849, 7.400000000000000355 ) ) ;
#4961 = DIRECTION ( 'NONE',  ( 0.000000000000000000, 0.000000000000000000, -1.000000000000000000 ) ) ;
#4962 = VECTOR ( 'NONE', #5760, 1000.000000000000000 ) ;
#4963 = EDGE_CURVE ( 'NONE', #3772, #1030, #7564, .T. ) ;
#4964 = VECTOR ( 'NONE', #3055, 1000.000000000000000 ) ;
#4965 = CARTESIAN_POINT ( 'NONE',  ( 23.85907471738197216, 56.37470916941907007, 7.400000000000000355 ) ) ;
#4966 = ORIENTED_EDGE ( 'NONE', *, *, #7962, .F. ) ;
#4967 = EDGE_CURVE ( 'NONE', #5691, #6677, #825, .T. ) ;
#4968 = CARTESIAN_POINT ( 'NONE',  ( 76.74646490045059011, 19.79799773735025425, 7.400000000000000355 ) ) ;
#4969 = EDGE_LOOP ( 'NONE', ( #7067, #3838, #5602, #9121 ) ) ;
#4970 = AXIS2_PLACEMENT_3D ( 'NONE', #4424, #3458, #5046 ) ;
#4971 = AXIS2_PLACEMENT_3D ( 'NONE', #4400, #9103, #5206 ) ;
#4972 = EDGE_CURVE ( 'NONE', #8585, #382, #7614, .T. ) ;
#4973 = DIRECTION ( 'NONE',  ( -0.000000000000000000, -0.000000000000000000, -1.000000000000000000 ) ) ;
#4974 = CARTESIAN_POINT ( 'NONE',  ( 50.78727794765726600, 56.37470916941907717, 7.400000000000000355 ) ) ;
#4975 = CARTESIAN_POINT ( 'NONE',  ( 47.13093918849664732, 40.18247202539614449, 7.400000000000000355 ) ) ;
#4976 = CARTESIAN_POINT ( 'NONE',  ( 79.97474980950003953, 54.29582948390102359, 10.00099999999999945 ) ) ;
#4977 = DIRECTION ( 'NONE',  ( -1.000000000000000000, 0.000000000000000000, 0.000000000000000000 ) ) ;
#4978 = CARTESIAN_POINT ( 'NONE',  ( 76.93870204447344463, 37.99023488137319049, 7.400000000000000355 ) ) ;
#4979 = DIRECTION ( 'NONE',  ( 1.000000000000000000, 0.000000000000000000, 0.000000000000000000 ) ) ;
#4980 = DIRECTION ( 'NONE',  ( 0.7070197385735585982, -0.7071938130861842309, 0.000000000000000000 ) ) ;
#4981 = VECTOR ( 'NONE', #3139, 1000.000000000000114 ) ;
#4982 = AXIS2_PLACEMENT_3D ( 'NONE', #9275, #2484, #3137 ) ;
#4983 = LINE ( 'NONE', #1730, #8273 ) ;
#4984 = CARTESIAN_POINT ( 'NONE',  ( 37.13093918849674679, 48.18247202539613028, 7.400000000000000355 ) ) ;
#4985 = ORIENTED_EDGE ( 'NONE', *, *, #6647, .F. ) ;
#4986 = ORIENTED_EDGE ( 'NONE', *, *, #8453, .T. ) ;
#4987 = EDGE_CURVE ( 'NONE', #9481, #3962, #624, .T. ) ;
#4988 = DIRECTION ( 'NONE',  ( -0.000000000000000000, -0.000000000000000000, 1.000000000000000000 ) ) ;
#4989 = ADVANCED_FACE ( 'NONE', ( #1485 ), #5436, .F. ) ;
#4990 = VECTOR ( 'NONE', #6274, 1000.000000000000227 ) ;
#4991 = DIRECTION ( 'NONE',  ( -0.000000000000000000, 0.000000000000000000, 1.000000000000000000 ) ) ;
#4992 = DIRECTION ( 'NONE',  ( -0.000000000000000000, -0.000000000000000000, -1.000000000000000000 ) ) ;
#4993 = FACE_OUTER_BOUND ( 'NONE', #4133, .T. ) ;
#4994 = ORIENTED_EDGE ( 'NONE', *, *, #2955, .F. ) ;
#4995 = VERTEX_POINT ( 'NONE', #2243 ) ;
#4996 = VECTOR ( 'NONE', #3496, 1000.000000000000114 ) ;
#4997 = FACE_OUTER_BOUND ( 'NONE', #3452, .T. ) ;
#4998 = VECTOR ( 'NONE', #9065, 1000.000000000000227 ) ;
#4999 = ORIENTED_EDGE ( 'NONE', *, *, #4647, .F. ) ;
#5000 = LINE ( 'NONE', #1084, #1341 ) ;
#5001 = ORIENTED_EDGE ( 'NONE', *, *, #6374, .T. ) ;
#5002 = LINE ( 'NONE', #9699, #5297 ) ;
#5003 = EDGE_CURVE ( 'NONE', #3069, #1508, #7664, .T. ) ;
#5004 = ADVANCED_FACE ( 'NONE', ( #3860 ), #4475, .F. ) ;
#5005 = DIRECTION ( 'NONE',  ( 0.000000000000000000, -0.000000000000000000, 1.000000000000000000 ) ) ;
#5006 = CARTESIAN_POINT ( 'NONE',  ( 13.66683757335920113, 42.18247202539615159, 7.400000000000000355 ) ) ;
#5007 = VECTOR ( 'NONE', #7127, 1000.000000000000000 ) ;
#5008 = LINE ( 'NONE', #4246, #4146 ) ;
#5009 = DIRECTION ( 'NONE',  ( -0.5773502691896212902, -0.5773502691896212902, -0.5773502691896346128 ) ) ;
#5010 = CARTESIAN_POINT ( 'NONE',  ( 40.59504080363448963, 42.18247202539614449, 7.400000000000000355 ) ) ;
#5011 = EDGE_LOOP ( 'NONE', ( #875, #3033, #1489, #9184 ) ) ;
#5012 = ORIENTED_EDGE ( 'NONE', *, *, #5711, .F. ) ;
#5013 = CARTESIAN_POINT ( 'NONE',  ( 5.000000000000291323, 20.80631971775588696, 10.00099999999999945 ) ) ;
#5014 = ORIENTED_EDGE ( 'NONE', *, *, #5047, .T. ) ;
#5015 = AXIS2_PLACEMENT_3D ( 'NONE', #9654, #2721, #1959 ) ;
#5016 = EDGE_CURVE ( 'NONE', #9428, #922, #674, .T. ) ;
#5017 = EDGE_CURVE ( 'NONE', #2156, #6228, #9938, .T. ) ;
#5018 = EDGE_CURVE ( 'NONE', #3880, #6378, #9992, .T. ) ;
#5019 = DIRECTION ( 'NONE',  ( 0.7071067811865475727, 0.7071067811865475727, -0.000000000000000000 ) ) ;
#5020 = CARTESIAN_POINT ( 'NONE',  ( 56.74646490045078195, 27.79799773735024004, 7.400000000000000355 ) ) ;
#5021 = DIRECTION ( 'NONE',  ( -0.000000000000000000, -0.000000000000000000, 1.000000000000000000 ) ) ;
#5022 = LINE ( 'NONE', #2627, #9362 ) ;
#5023 = VERTEX_POINT ( 'NONE', #6911 ) ;
#5024 = EDGE_CURVE ( 'NONE', #8734, #382, #1372, .T. ) ;
#5025 = CARTESIAN_POINT ( 'NONE',  ( 53.48264078761654616, 52.77490806565516834, 6.000000000000000000 ) ) ;
#5026 = ORIENTED_EDGE ( 'NONE', *, *, #3387, .F. ) ;
#5027 = EDGE_CURVE ( 'NONE', #1535, #6740, #8374, .T. ) ;
#5028 = VECTOR ( 'NONE', #1168, 1000.000000000000000 ) ;
#5029 = CARTESIAN_POINT ( 'NONE',  ( 4.999999999999900524, -9.367506770274758310E-14, 4.000000000000000000 ) ) ;
#5030 = DIRECTION ( 'NONE',  ( -0.000000000000000000, -0.000000000000000000, -1.000000000000000000 ) ) ;
#5031 = CARTESIAN_POINT ( 'NONE',  ( 64.56983569344401985, 35.50332283157010949, 0.3999999999999941380 ) ) ;
#5032 = CARTESIAN_POINT ( 'NONE',  ( 5.000000000000030198, 31.10954502862883331, 10.00000000000000000 ) ) ;
#5033 = DIRECTION ( 'NONE',  ( -9.324293839476711010E-05, -0.9999999956528771161, 0.000000000000000000 ) ) ;
#5034 = CARTESIAN_POINT ( 'NONE',  ( 26.93870204447397398, 37.99023488137319049, 10.00000000000000000 ) ) ;
#5035 = DIRECTION ( 'NONE',  ( -0.8660254037844379305, 0.5000000000000011102, 0.000000000000000000 ) ) ;
#5036 = AXIS2_PLACEMENT_3D ( 'NONE', #7904, #6999, #4767 ) ;
#5037 = ADVANCED_FACE ( 'NONE', ( #2293 ), #1433, .T. ) ;
#5038 = CARTESIAN_POINT ( 'NONE',  ( 36.63180065388673512, 38.69286487643513084, 1.699885383662997906 ) ) ;
#5039 = FACE_OUTER_BOUND ( 'NONE', #4889, .T. ) ;
#5040 = ORIENTED_EDGE ( 'NONE', *, *, #1564, .F. ) ;
#5041 = VERTEX_POINT ( 'NONE', #777 ) ;
#5042 = ADVANCED_FACE ( 'NONE', ( #6960 ), #11, .T. ) ;
#5043 = LINE ( 'NONE', #9687, #9548 ) ;
#5044 = DIRECTION ( 'NONE',  ( -0.000000000000000000, -0.000000000000000000, 1.000000000000000000 ) ) ;
#5045 = DIRECTION ( 'NONE',  ( -0.000000000000000000, 0.000000000000000000, 1.000000000000000000 ) ) ;
#5046 = DIRECTION ( 'NONE',  ( -0.000000000000000000, 0.000000000000000000, 1.000000000000000000 ) ) ;
#5047 = EDGE_CURVE ( 'NONE', #313, #9293, #7759, .T. ) ;
#5048 = ORIENTED_EDGE ( 'NONE', *, *, #8748, .F. ) ;
#5049 = EDGE_LOOP ( 'NONE', ( #7409, #1451, #5289, #7484 ) ) ;
#5050 = CARTESIAN_POINT ( 'NONE',  ( 70.40280365961129405, 35.99023488137318338, 7.400000000000000355 ) ) ;
#5051 = ORIENTED_EDGE ( 'NONE', *, *, #4189, .F. ) ;
#5052 = CARTESIAN_POINT ( 'NONE',  ( 5.000000000000030198, 6.992565577373023977, 10.00099999999999945 ) ) ;
#5053 = ORIENTED_EDGE ( 'NONE', *, *, #4442, .T. ) ;
#5054 = CARTESIAN_POINT ( 'NONE',  ( 40.21056651558873796, 25.79799773735024004, 7.400000000000000355 ) ) ;
#5055 = DIRECTION ( 'NONE',  ( -0.000000000000000000, -0.000000000000000000, -1.000000000000000000 ) ) ;
#5056 = CARTESIAN_POINT ( 'NONE',  ( 65.74084972657725245, 30.61190122397092495, 3.399999999999968825 ) ) ;
#5057 = DIRECTION ( 'NONE',  ( -0.000000000000000000, -0.000000000000000000, 1.000000000000000000 ) ) ;
#5058 = FACE_BOUND ( 'NONE', #4779, .T. ) ;
#5059 = ORIENTED_EDGE ( 'NONE', *, *, #10011, .T. ) ;
#5060 = ORIENTED_EDGE ( 'NONE', *, *, #3258, .F. ) ;
#5061 = LINE ( 'NONE', #289, #3106 ) ;
#5062 = VERTEX_POINT ( 'NONE', #2904 ) ;
#5063 = VECTOR ( 'NONE', #5700, 1000.000000000000000 ) ;
#5064 = CARTESIAN_POINT ( 'NONE',  ( 73.28236328531281174, 25.79799773735023294, 7.400000000000000355 ) ) ;
#5065 = DIRECTION ( 'NONE',  ( 0.8660254037844385966, -0.5000000000000000000, 0.000000000000000000 ) ) ;
#5066 = DIRECTION ( 'NONE',  ( 1.577021341797097018E-15, 1.000000000000000000, 0.000000000000000000 ) ) ;
#5067 = DIRECTION ( 'NONE',  ( -0.8660254037844375974, -0.5000000000000016653, 0.000000000000000000 ) ) ;
#5068 = EDGE_LOOP ( 'NONE', ( #8546, #6700, #1100, #5508 ) ) ;
#5069 = EDGE_CURVE ( 'NONE', #6581, #3732, #2139, .T. ) ;
#5070 = AXIS2_PLACEMENT_3D ( 'NONE', #9629, #2695, #9429 ) ;
#5071 = LINE ( 'NONE', #5025, #2803 ) ;
#5072 = EDGE_LOOP ( 'NONE', ( #9463, #4075, #4349, #1512 ) ) ;
#5073 = FACE_OUTER_BOUND ( 'NONE', #6319, .T. ) ;
#5074 = DIRECTION ( 'NONE',  ( -0.5000000000000014433, 0.8660254037844379305, 0.000000000000000000 ) ) ;
#5075 = LINE ( 'NONE', #8004, #3485 ) ;
#5076 = VECTOR ( 'NONE', #2327, 1000.000000000000227 ) ;
#5077 = DIRECTION ( 'NONE',  ( 0.5000000000000008882, 0.8660254037844381525, 0.000000000000000000 ) ) ;
#5078 = VECTOR ( 'NONE', #9549, 1000.000000000000000 ) ;
#5079 = DIRECTION ( 'NONE',  ( -0.5000000000000016653, 0.8660254037844377084, 0.000000000000000000 ) ) ;
#5080 = CARTESIAN_POINT ( 'NONE',  ( 50.59504080363439016, 42.18247202539614449, 7.400000000000000355 ) ) ;
#5081 = CARTESIAN_POINT ( 'NONE',  ( 43.66683757335889027, 46.18247202539612317, 10.00000000000000000 ) ) ;
#5082 = EDGE_CURVE ( 'NONE', #8174, #4535, #9890, .T. ) ;
#5083 = CARTESIAN_POINT ( 'NONE',  ( 27.13093918849685338, 40.18247202539614449, 7.400000000000000355 ) ) ;
#5084 = VERTEX_POINT ( 'NONE', #4111 ) ;
#5085 = ORIENTED_EDGE ( 'NONE', *, *, #659, .F. ) ;
#5086 = DIRECTION ( 'NONE',  ( -1.000000000000000000, 0.000000000000000000, 0.000000000000000000 ) ) ;
#5087 = CARTESIAN_POINT ( 'NONE',  ( 73.66683757335856342, 46.18247202539612317, 7.400000000000000355 ) ) ;
#5088 = PLANE ( 'NONE',  #2507 ) ;
#5089 = CARTESIAN_POINT ( 'NONE',  ( 53.47460042933590074, 31.99023488137320470, 10.00000000000000000 ) ) ;
#5090 = ADVANCED_FACE ( 'NONE', ( #7805 ), #968, .F. ) ;
#5091 = ORIENTED_EDGE ( 'NONE', *, *, #6321, .F. ) ;
#5092 = ORIENTED_EDGE ( 'NONE', *, *, #5599, .T. ) ;
#5093 = LINE ( 'NONE', #9695, #4896 ) ;
#5094 = ORIENTED_EDGE ( 'NONE', *, *, #6780, .T. ) ;
#5095 = EDGE_CURVE ( 'NONE', #8173, #6181, #6350, .T. ) ;
#5096 = DIRECTION ( 'NONE',  ( 0.8660254037844384856, 0.5000000000000002220, 0.000000000000000000 ) ) ;
#5097 = ORIENTED_EDGE ( 'NONE', *, *, #3879, .T. ) ;
#5098 = DIRECTION ( 'NONE',  ( -0.8660254037844374864, -0.5000000000000021094, 0.000000000000000000 ) ) ;
#5099 = CARTESIAN_POINT ( 'NONE',  ( 73.28236328531281174, 25.79799773735023294, 10.00000000000000000 ) ) ;
#5100 = CARTESIAN_POINT ( 'NONE',  ( 36.93870204447387096, 29.99023488137320115, 10.00000000000000000 ) ) ;
#5101 = VERTEX_POINT ( 'NONE', #5534 ) ;
#5102 = EDGE_LOOP ( 'NONE', ( #8346, #6789, #8403, #9896 ) ) ;
#5103 = CARTESIAN_POINT ( 'NONE',  ( 6.938702044474189812, 29.99023488137320115, 7.400000000000000355 ) ) ;
#5104 = VERTEX_POINT ( 'NONE', #57 ) ;
#5105 = ADVANCED_FACE ( 'NONE', ( #9424 ), #9524, .F. ) ;
#5106 = VECTOR ( 'NONE', #5148, 1000.000000000000000 ) ;
#5107 = EDGE_CURVE ( 'NONE', #158, #2121, #7050, .T. ) ;
#5108 = LINE ( 'NONE', #8048, #1058 ) ;
#5109 = CARTESIAN_POINT ( 'NONE',  ( 5.873920715178181595, 47.45673207144913874, 7.400000000000000355 ) ) ;
#5110 = DIRECTION ( 'NONE',  ( -0.000000000000000000, 0.000000000000000000, 1.000000000000000000 ) ) ;
#5111 = FACE_OUTER_BOUND ( 'NONE', #8727, .T. ) ;
#5112 = ORIENTED_EDGE ( 'NONE', *, *, #2913, .T. ) ;
#5113 = AXIS2_PLACEMENT_3D ( 'NONE', #8648, #7086, #6989 ) ;
#5114 = EDGE_LOOP ( 'NONE', ( #791, #9072, #6482, #6839 ) ) ;
#5115 = CARTESIAN_POINT ( 'NONE',  ( 20.78727794765757864, 56.37470916941907717, 7.400000000000000355 ) ) ;
#5116 = ORIENTED_EDGE ( 'NONE', *, *, #9924, .F. ) ;
#5117 = LINE ( 'NONE', #6741, #3687 ) ;
#5118 = ADVANCED_FACE ( 'NONE', ( #5580 ), #7100, .F. ) ;
#5119 = EDGE_CURVE ( 'NONE', #2064, #32, #1724, .T. ) ;
#5120 = VECTOR ( 'NONE', #354, 1000.000000000000000 ) ;
#5121 = LINE ( 'NONE', #3490, #5450 ) ;
#5122 = VECTOR ( 'NONE', #4794, 1000.000000000000000 ) ;
#5123 = CARTESIAN_POINT ( 'NONE',  ( 43.85907471738176611, 52.37470916941909849, 7.400000000000000355 ) ) ;
#5124 = FACE_OUTER_BOUND ( 'NONE', #887, .T. ) ;
#5125 = CARTESIAN_POINT ( 'NONE',  ( 64.56983569344401985, 40.61884720954800088, 3.399999999999993250 ) ) ;
#5126 = CARTESIAN_POINT ( 'NONE',  ( 36.03180065388673370, 44.29286487643512515, 4.000000000000000000 ) ) ;
#5127 = FACE_OUTER_BOUND ( 'NONE', #46, .T. ) ;
#5128 = VECTOR ( 'NONE', #735, 1000.000000000000000 ) ;
#5129 = VECTOR ( 'NONE', #9181, 1000.000000000000000 ) ;
#5130 = CARTESIAN_POINT ( 'NONE',  ( 20.21056651558895112, 25.79799773735024004, 7.400000000000000355 ) ) ;
#5131 = ORIENTED_EDGE ( 'NONE', *, *, #2258, .T. ) ;
#5132 = ORIENTED_EDGE ( 'NONE', *, *, #9050, .T. ) ;
#5133 = LINE ( 'NONE', #8220, #5513 ) ;
#5134 = ADVANCED_FACE ( 'NONE', ( #8719 ), #106, .T. ) ;
#5135 = EDGE_CURVE ( 'NONE', #1401, #2525, #5684, .T. ) ;
#5136 = CARTESIAN_POINT ( 'NONE',  ( 5.000000000000030198, 10.50309440688323903, 10.00000000000000000 ) ) ;
#5137 = EDGE_CURVE ( 'NONE', #9490, #4571, #8615, .T. ) ;
#5138 = PLANE ( 'NONE',  #7691 ) ;
#5139 = CARTESIAN_POINT ( 'NONE',  ( 23.66683757335909633, 46.18247202539612317, 7.400000000000000355 ) ) ;
#5140 = VECTOR ( 'NONE', #6540, 1000.000000000000000 ) ;
#5141 = ORIENTED_EDGE ( 'NONE', *, *, #3553, .T. ) ;
#5142 = ORIENTED_EDGE ( 'NONE', *, *, #7538, .F. ) ;
#5143 = DIRECTION ( 'NONE',  ( 1.000000000000000000, -0.000000000000000000, 0.000000000000000000 ) ) ;
#5144 = ORIENTED_EDGE ( 'NONE', *, *, #4104, .F. ) ;
#5145 = DIRECTION ( 'NONE',  ( -0.000000000000000000, -0.000000000000000000, 1.000000000000000000 ) ) ;
#5146 = VERTEX_POINT ( 'NONE', #9377 ) ;
#5147 = LINE ( 'NONE', #2810, #2215 ) ;
#5148 = DIRECTION ( 'NONE',  ( 0.000000000000000000, -1.000000000000000000, 0.000000000000000000 ) ) ;
#5149 = CARTESIAN_POINT ( 'NONE',  ( 30.21056651558884454, 23.35317541498461225, 10.00099999999999945 ) ) ;
#5150 = EDGE_CURVE ( 'NONE', #2965, #8328, #3344, .T. ) ;
#5151 = VECTOR ( 'NONE', #4444, 1000.000000000000227 ) ;
#5152 = VERTEX_POINT ( 'NONE', #9324 ) ;
#5153 = VERTEX_POINT ( 'NONE', #2441 ) ;
#5154 = FACE_OUTER_BOUND ( 'NONE', #8377, .T. ) ;
#5155 = ORIENTED_EDGE ( 'NONE', *, *, #5613, .T. ) ;
#5156 = EDGE_CURVE ( 'NONE', #5445, #3405, #2532, .T. ) ;
#5157 = VECTOR ( 'NONE', #6352, 1000.000000000000000 ) ;
#5158 = FACE_OUTER_BOUND ( 'NONE', #5011, .T. ) ;
#5159 = EDGE_CURVE ( 'NONE', #8052, #3169, #1823, .T. ) ;
#5160 = LINE ( 'NONE', #7527, #9670 ) ;
#5161 = DIRECTION ( 'NONE',  ( -0.000000000000000000, -0.000000000000000000, 1.000000000000000000 ) ) ;
#5162 = CARTESIAN_POINT ( 'NONE',  ( 57.32317633251940237, 58.37470916941907717, 7.400000000000000355 ) ) ;
#5163 = ORIENTED_EDGE ( 'NONE', *, *, #8654, .F. ) ;
#5164 = ORIENTED_EDGE ( 'NONE', *, *, #6932, .T. ) ;
#5165 = VECTOR ( 'NONE', #5255, 1000.000000000000227 ) ;
#5166 = ORIENTED_EDGE ( 'NONE', *, *, #2309, .T. ) ;
#5167 = EDGE_CURVE ( 'NONE', #5257, #1805, #4771, .T. ) ;
#5168 = PLANE ( 'NONE',  #5228 ) ;
#5169 = ORIENTED_EDGE ( 'NONE', *, *, #3590, .T. ) ;
#5170 = DIRECTION ( 'NONE',  ( -0.8660254037844374864, -0.5000000000000021094, 0.000000000000000000 ) ) ;
#5171 = CARTESIAN_POINT ( 'NONE',  ( 57.32317633251940947, 50.37470916941909138, 10.00000000000000000 ) ) ;
#5172 = DIRECTION ( 'NONE',  ( 0.000000000000000000, 0.000000000000000000, -1.000000000000000000 ) ) ;
#5173 = LINE ( 'NONE', #2938, #1575 ) ;
#5174 = CARTESIAN_POINT ( 'NONE',  ( 30.61060500309818622, 24.68592075184099954, 3.399999999999983036 ) ) ;
#5175 = CARTESIAN_POINT ( 'NONE',  ( 79.97474980950003953, 6.992565577373023977, 10.00099999999999945 ) ) ;
#5176 = VERTEX_POINT ( 'NONE', #6397 ) ;
#5177 = ADVANCED_FACE ( 'NONE', ( #920 ), #7147, .T. ) ;
#5178 = VERTEX_POINT ( 'NONE', #6450 ) ;
#5179 = CARTESIAN_POINT ( 'NONE',  ( 47.32317633251951605, 58.37470916941907717, 7.400000000000000355 ) ) ;
#5180 = ORIENTED_EDGE ( 'NONE', *, *, #2931, .F. ) ;
#5181 = VERTEX_POINT ( 'NONE', #4920 ) ;
#5182 = PLANE ( 'NONE',  #6002 ) ;
#5183 = LINE ( 'NONE', #9988, #92 ) ;
#5184 = FACE_OUTER_BOUND ( 'NONE', #2466, .T. ) ;
#5185 = PLANE ( 'NONE',  #4970 ) ;
#5186 = LINE ( 'NONE', #8744, #3013 ) ;
#5187 = VECTOR ( 'NONE', #2033, 1000.000000000000227 ) ;
#5188 = ORIENTED_EDGE ( 'NONE', *, *, #3409, .T. ) ;
#5189 = ORIENTED_EDGE ( 'NONE', *, *, #7975, .F. ) ;
#5190 = ADVANCED_FACE ( 'NONE', ( #1061 ), #1264, .T. ) ;
#5191 = EDGE_CURVE ( 'NONE', #8700, #5257, #4367, .T. ) ;
#5192 = CARTESIAN_POINT ( 'NONE',  ( 79.97474980949952794, 57.98214359204602175, 0.000000000000000000 ) ) ;
#5193 = ORIENTED_EDGE ( 'NONE', *, *, #8242, .T. ) ;
#5194 = CARTESIAN_POINT ( 'NONE',  ( 63.28236328531291832, 25.79799773735023294, 10.00000000000000000 ) ) ;
#5195 = VERTEX_POINT ( 'NONE', #3395 ) ;
#5196 = LINE ( 'NONE', #9851, #6802 ) ;
#5197 = CARTESIAN_POINT ( 'NONE',  ( 23.47460042933622049, 31.99023488137320470, 10.00000000000000000 ) ) ;
#5198 = PLANE ( 'NONE',  #6742 ) ;
#5199 = EDGE_LOOP ( 'NONE', ( #7899, #8888, #3295, #2830 ) ) ;
#5200 = ORIENTED_EDGE ( 'NONE', *, *, #3219, .F. ) ;
#5201 = EDGE_CURVE ( 'NONE', #8836, #9233, #8062, .T. ) ;
#5202 = CARTESIAN_POINT ( 'NONE',  ( 64.56983569344401985, 40.61884720954800088, -8.271542309605473875 ) ) ;
#5203 = ORIENTED_EDGE ( 'NONE', *, *, #3736, .F. ) ;
#5204 = CARTESIAN_POINT ( 'NONE',  ( 66.74646490045067537, 27.79799773735024004, 7.400000000000000355 ) ) ;
#5205 = CARTESIAN_POINT ( 'NONE',  ( 5.875044450089794701, 53.13706121412302252, 4.000000000000000000 ) ) ;
#5206 = DIRECTION ( 'NONE',  ( -0.8660254037844381525, 0.5000000000000008882, 0.000000000000000000 ) ) ;
#5207 = CARTESIAN_POINT ( 'NONE',  ( 53.66683757335877658, 42.18247202539615159, 7.400000000000000355 ) ) ;
#5208 = EDGE_LOOP ( 'NONE', ( #2917, #6069, #6060, #1450 ) ) ;
#5209 = ORIENTED_EDGE ( 'NONE', *, *, #7490, .T. ) ;
#5210 = CARTESIAN_POINT ( 'NONE',  ( 17.32317633251983224, 50.37470916941909138, 7.400000000000000355 ) ) ;
#5211 = ORIENTED_EDGE ( 'NONE', *, *, #432, .F. ) ;
#5212 = DIRECTION ( 'NONE',  ( -0.8660254037844375974, -0.5000000000000016653, 0.000000000000000000 ) ) ;
#5213 = EDGE_LOOP ( 'NONE', ( #9856, #5315, #8685, #3556 ) ) ;
#5214 = AXIS2_PLACEMENT_3D ( 'NONE', #6977, #939, #6218 ) ;
#5215 = ADVANCED_FACE ( 'NONE', ( #3494 ), #1980, .F. ) ;
#5216 = CARTESIAN_POINT ( 'NONE',  ( 25.52610449534172687, 52.77490806565516834, 4.000000000000000000 ) ) ;
#5217 = CARTESIAN_POINT ( 'NONE',  ( 30.59504080363459622, 42.18247202539614449, 7.400000000000000355 ) ) ;
#5218 = FACE_BOUND ( 'NONE', #4235, .T. ) ;
#5219 = EDGE_CURVE ( 'NONE', #1054, #6096, #1120, .T. ) ;
#5220 = CARTESIAN_POINT ( 'NONE',  ( 53.85907471738165242, 52.37470916941909849, 7.400000000000000355 ) ) ;
#5221 = CARTESIAN_POINT ( 'NONE',  ( 77.98218423212628636, 59.97470916941927044, 10.00000000000000000 ) ) ;
#5222 = VECTOR ( 'NONE', #7262, 999.9999999999998863 ) ;
#5223 = LINE ( 'NONE', #9071, #2890 ) ;
#5224 = VERTEX_POINT ( 'NONE', #9623 ) ;
#5225 = DIRECTION ( 'NONE',  ( -0.000000000000000000, -0.000000000000000000, 1.000000000000000000 ) ) ;
#5226 = ORIENTED_EDGE ( 'NONE', *, *, #9827, .T. ) ;
#5227 = ORIENTED_EDGE ( 'NONE', *, *, #2610, .F. ) ;
#5228 = AXIS2_PLACEMENT_3D ( 'NONE', #7488, #8253, #1304 ) ;
#5229 = CARTESIAN_POINT ( 'NONE',  ( 67.13093918849644126, 40.18247202539614449, 7.400000000000000355 ) ) ;
#5230 = LINE ( 'NONE', #5338, #4313 ) ;
#5231 = LINE ( 'NONE', #7662, #6567 ) ;
#5232 = ADVANCED_FACE ( 'NONE', ( #9680 ), #8260, .T. ) ;
#5233 = CARTESIAN_POINT ( 'NONE',  ( 66.93870204447355832, 37.99023488137319049, 7.400000000000000355 ) ) ;
#5234 = CARTESIAN_POINT ( 'NONE',  ( 47.13093918849664021, 48.18247202539613028, 7.400000000000000355 ) ) ;
#5235 = CARTESIAN_POINT ( 'NONE',  ( 18.01060500309818835, 24.08592075184099457, 4.000000000000000000 ) ) ;
#5236 = VECTOR ( 'NONE', #5145, 1000.000000000000000 ) ;
#5237 = VERTEX_POINT ( 'NONE', #2637 ) ;
#5238 = EDGE_LOOP ( 'NONE', ( #3042, #3723, #5334, #8229 ) ) ;
#5239 = LINE ( 'NONE', #4482, #1821 ) ;
#5240 = VERTEX_POINT ( 'NONE', #3585 ) ;
#5241 = ORIENTED_EDGE ( 'NONE', *, *, #1871, .T. ) ;
#5242 = DIRECTION ( 'NONE',  ( -1.000000000000000000, 0.000000000000000000, -0.000000000000000000 ) ) ;
#5243 = CARTESIAN_POINT ( 'NONE',  ( 23.47460042933622049, 35.99023488137317628, 7.400000000000000355 ) ) ;
#5244 = DIRECTION ( 'NONE',  ( -0.5000000000000016653, 0.8660254037844377084, 0.000000000000000000 ) ) ;
#5245 = ADVANCED_FACE ( 'NONE', ( #8917 ), #7255, .F. ) ;
#5246 = ORIENTED_EDGE ( 'NONE', *, *, #9127, .T. ) ;
#5247 = ORIENTED_EDGE ( 'NONE', *, *, #4972, .T. ) ;
#5248 = DIRECTION ( 'NONE',  ( -0.8660254037844379305, 0.5000000000000011102, 0.000000000000000000 ) ) ;
#5249 = ORIENTED_EDGE ( 'NONE', *, *, #9754, .T. ) ;
#5250 = VECTOR ( 'NONE', #489, 1000.000000000000000 ) ;
#5251 = EDGE_CURVE ( 'NONE', #7750, #9815, #8162, .T. ) ;
#5252 = PLANE ( 'NONE',  #93 ) ;
#5253 = DIRECTION ( 'NONE',  ( 0.8660254037844385966, -0.5000000000000000000, 0.000000000000000000 ) ) ;
#5254 = CARTESIAN_POINT ( 'NONE',  ( 78.02906416080763563, 20.53850676557981458, 10.00000000000000000 ) ) ;
#5255 = DIRECTION ( 'NONE',  ( 0.8660254037844385966, -0.5000000000000000000, 0.000000000000000000 ) ) ;
#5256 = ORIENTED_EDGE ( 'NONE', *, *, #8829, .F. ) ;
#5257 = VERTEX_POINT ( 'NONE', #1879 ) ;
#5258 = LINE ( 'NONE', #3030, #1152 ) ;
#5259 = ORIENTED_EDGE ( 'NONE', *, *, #5712, .T. ) ;
#5260 = FACE_OUTER_BOUND ( 'NONE', #1295, .T. ) ;
#5261 = AXIS2_PLACEMENT_3D ( 'NONE', #4839, #7161, #1640 ) ;
#5262 = VERTEX_POINT ( 'NONE', #4221 ) ;
#5263 = DIRECTION ( 'NONE',  ( -0.000000000000000000, -0.000000000000000000, 1.000000000000000000 ) ) ;
#5264 = LINE ( 'NONE', #6894, #9477 ) ;
#5265 = CARTESIAN_POINT ( 'NONE',  ( 73.15243468099103552, 0.000000000000000000, 4.000000000000000000 ) ) ;
#5266 = CARTESIAN_POINT ( 'NONE',  ( 32.14653210253800353, 34.88980021391638076, 3.399999999999983036 ) ) ;
#5267 = LINE ( 'NONE', #6141, #7232 ) ;
#5268 = APPLICATION_PROTOCOL_DEFINITION ( 'draft international standard', 'automotive_design', 1998, #9258 ) ;
#5269 = VECTOR ( 'NONE', #7098, 1000.000000000000227 ) ;
#5270 = EDGE_CURVE ( 'NONE', #4545, #158, #9772, .T. ) ;
#5271 = CARTESIAN_POINT ( 'NONE',  ( 50.59504080363439016, 42.18247202539614449, 10.00000000000000000 ) ) ;
#5273 = ADVANCED_FACE ( 'NONE', ( #8872 ), #359, .F. ) ;
#5272 = ORIENTED_EDGE ( 'NONE', *, *, #5895, .F. ) ;
#5274 = VERTEX_POINT ( 'NONE', #7401 ) ;
#5275 = LINE ( 'NONE', #8366, #8301 ) ;
#5276 = ORIENTED_EDGE ( 'NONE', *, *, #8243, .F. ) ;
#5277 = VECTOR ( 'NONE', #7921, 1000.000000000000000 ) ;
#5278 = VERTEX_POINT ( 'NONE', #5888 ) ;
#5279 = VECTOR ( 'NONE', #6423, 1000.000000000000227 ) ;
#5280 = LINE ( 'NONE', #1428, #8904 ) ;
#5281 = PLANE ( 'NONE',  #1227 ) ;
#5282 = DIRECTION ( 'NONE',  ( -0.000000000000000000, -0.000000000000000000, -1.000000000000000000 ) ) ;
#5283 = CARTESIAN_POINT ( 'NONE',  ( 70.78727794765704573, 56.37470916941907717, 7.400000000000000355 ) ) ;
#5284 = CARTESIAN_POINT ( 'NONE',  ( 5.000000000000030198, 6.992565577373023977, 7.400000000000000355 ) ) ;
#5285 = LINE ( 'NONE', #3862, #1917 ) ;
#5286 = AXIS2_PLACEMENT_3D ( 'NONE', #2558, #4894, #5556 ) ;
#5287 = VECTOR ( 'NONE', #1678, 1000.000000000000000 ) ;
#5288 = ORIENTED_EDGE ( 'NONE', *, *, #2573, .T. ) ;
#5289 = ORIENTED_EDGE ( 'NONE', *, *, #8192, .F. ) ;
#5290 = LINE ( 'NONE', #9740, #6197 ) ;
#5291 = ORIENTED_EDGE ( 'NONE', *, *, #4686, .F. ) ;
#5292 = EDGE_CURVE ( 'NONE', #911, #6031, #2025, .T. ) ;
#5293 = EDGE_CURVE ( 'NONE', #6004, #7972, #1933, .T. ) ;
#5294 = ORIENTED_EDGE ( 'NONE', *, *, #3590, .F. ) ;
#5295 = LINE ( 'NONE', #6210, #5350 ) ;
#5296 = VECTOR ( 'NONE', #8271, 1000.000000000000000 ) ;
#5297 = VECTOR ( 'NONE', #3466, 1000.000000000000227 ) ;
#5298 = FACE_OUTER_BOUND ( 'NONE', #3800, .T. ) ;
#5299 = FACE_OUTER_BOUND ( 'NONE', #4183, .T. ) ;
#5300 = ORIENTED_EDGE ( 'NONE', *, *, #5626, .T. ) ;
#5301 = VERTEX_POINT ( 'NONE', #8114 ) ;
#5302 = VERTEX_POINT ( 'NONE', #5125 ) ;
#5303 = VECTOR ( 'NONE', #3232, 1000.000000000000000 ) ;
#5304 = AXIS2_PLACEMENT_3D ( 'NONE', #3549, #1130, #4991 ) ;
#5305 = CARTESIAN_POINT ( 'NONE',  ( 63.47460042933579416, 31.99023488137320470, 7.400000000000000355 ) ) ;
#5306 = ORIENTED_EDGE ( 'NONE', *, *, #6721, .T. ) ;
#5307 = ADVANCED_FACE ( 'NONE', ( #8210 ), #7448, .T. ) ;
#5308 = VECTOR ( 'NONE', #389, 1000.000000000000000 ) ;
#5309 = VERTEX_POINT ( 'NONE', #4270 ) ;
#5310 = DIRECTION ( 'NONE',  ( -0.000000000000000000, -0.000000000000000000, 1.000000000000000000 ) ) ;
#5311 = CARTESIAN_POINT ( 'NONE',  ( 73.34807733323548007, 40.95871309031685570, 4.000000000000000000 ) ) ;
#5312 = DIRECTION ( 'NONE',  ( -0.8660254037844375974, -0.5000000000000016653, 0.000000000000000000 ) ) ;
#5313 = DIRECTION ( 'NONE',  ( 0.000000000000000000, -1.000000000000000000, 0.000000000000000000 ) ) ;
#5314 = EDGE_LOOP ( 'NONE', ( #5975, #9082, #4655, #5906, #4300, #2813 ) ) ;
#5315 = ORIENTED_EDGE ( 'NONE', *, *, #1267, .T. ) ;
#5316 = CARTESIAN_POINT ( 'NONE',  ( 65.34807733323546586, 45.95871309031685570, 5.000000000000000000 ) ) ;
#5317 = ORIENTED_EDGE ( 'NONE', *, *, #2602, .T. ) ;
#5318 = ADVANCED_FACE ( 'NONE', ( #7353 ), #2076, .F. ) ;
#5319 = ADVANCED_FACE ( 'NONE', ( #2127 ), #8360, .F. ) ;
#5320 = VECTOR ( 'NONE', #8874, 1000.000000000000000 ) ;
#5321 = DIRECTION ( 'NONE',  ( 0.000000000000000000, 0.000000000000000000, -1.000000000000000000 ) ) ;
#5322 = ORIENTED_EDGE ( 'NONE', *, *, #2472, .F. ) ;
#5323 = VECTOR ( 'NONE', #3664, 1000.000000000000000 ) ;
#5324 = LINE ( 'NONE', #2980, #467 ) ;
#5325 = PLANE ( 'NONE',  #1559 ) ;
#5326 = FACE_BOUND ( 'NONE', #5955, .T. ) ;
#5327 = DIRECTION ( 'NONE',  ( -0.8660254037844381525, 0.5000000000000007772, 0.000000000000000000 ) ) ;
#5328 = AXIS2_PLACEMENT_3D ( 'NONE', #7437, #6591, #3575 ) ;
#5329 = CARTESIAN_POINT ( 'NONE',  ( 73.28236328531281174, 21.79799773735025781, 7.400000000000000355 ) ) ;
#5330 = CARTESIAN_POINT ( 'NONE',  ( 17.46155956311902457, 19.96343870725181802, 7.400000000000000355 ) ) ;
#5331 = VERTEX_POINT ( 'NONE', #3636 ) ;
#5332 = EDGE_CURVE ( 'NONE', #7823, #5424, #5267, .T. ) ;
#5333 = DIRECTION ( 'NONE',  ( 0.000000000000000000, 1.000000000000000000, 0.000000000000000000 ) ) ;
#5334 = ORIENTED_EDGE ( 'NONE', *, *, #9316, .F. ) ;
#5335 = PRODUCT_DEFINITION_FORMATION_WITH_SPECIFIED_SOURCE ( '‰ª', '', #2249, .NOT_KNOWN. ) ;
#5336 = ORIENTED_EDGE ( 'NONE', *, *, #7536, .F. ) ;
#5337 = DIRECTION ( 'NONE',  ( 0.8660254037844384856, 0.5000000000000002220, 0.000000000000000000 ) ) ;
#5338 = CARTESIAN_POINT ( 'NONE',  ( 63.28236328531291832, 25.79799773735023294, 7.400000000000000355 ) ) ;
#5339 = FACE_OUTER_BOUND ( 'NONE', #1279, .T. ) ;
#5340 = LINE ( 'NONE', #3649, #3025 ) ;
#5341 = DIRECTION ( 'NONE',  ( -0.000000000000000000, -0.000000000000000000, -1.000000000000000000 ) ) ;
#5342 = DIRECTION ( 'NONE',  ( -0.5000000000000001110, -0.8660254037844387076, 0.000000000000000000 ) ) ;
#5343 = CARTESIAN_POINT ( 'NONE',  ( 10.01832937156618364, 11.60576059332730381, 7.400000000000000355 ) ) ;
#5344 = ORIENTED_EDGE ( 'NONE', *, *, #1965, .T. ) ;
#5345 = ORIENTED_EDGE ( 'NONE', *, *, #375, .T. ) ;
#5346 = DIRECTION ( 'NONE',  ( 0.5773502691896216232, -0.5773502691896207351, 0.5773502691896349459 ) ) ;
#5347 = EDGE_LOOP ( 'NONE', ( #2826, #4440, #9944, #4383 ) ) ;
#5348 = ORIENTED_EDGE ( 'NONE', *, *, #6044, .F. ) ;
#5349 = LINE ( 'NONE', #3766, #2425 ) ;
#5350 = VECTOR ( 'NONE', #4587, 999.9999999999998863 ) ;
#5351 = LINE ( 'NONE', #2356, #2353 ) ;
#5352 = CARTESIAN_POINT ( 'NONE',  ( 63.66683757335867000, 46.18247202539612317, 10.00000000000000000 ) ) ;
#5353 = EDGE_CURVE ( 'NONE', #2606, #4454, #1416, .T. ) ;
#5354 = ADVANCED_FACE ( 'NONE', ( #2280 ), #560, .F. ) ;
#5355 = VERTEX_POINT ( 'NONE', #6747 ) ;
#5356 = ORIENTED_EDGE ( 'NONE', *, *, #7799, .T. ) ;
#5357 = DIRECTION ( 'NONE',  ( -0.8660254037844378194, -0.5000000000000013323, 0.000000000000000000 ) ) ;
#5358 = ORIENTED_EDGE ( 'NONE', *, *, #3909, .F. ) ;
#5359 = FACE_OUTER_BOUND ( 'NONE', #6370, .T. ) ;
#5360 = DIRECTION ( 'NONE',  ( 0.000000000000000000, -1.000000000000000000, 0.000000000000000000 ) ) ;
#5361 = EDGE_CURVE ( 'NONE', #6660, #2413, #7650, .T. ) ;
#5362 = CARTESIAN_POINT ( 'NONE',  ( 63.66683757335867000, 46.18247202539612317, 7.400000000000000355 ) ) ;
#5363 = ORIENTED_EDGE ( 'NONE', *, *, #2970, .T. ) ;
#5364 = VERTEX_POINT ( 'NONE', #2891 ) ;
#5365 = CARTESIAN_POINT ( 'NONE',  ( 40.78727794765736547, 52.37470916941909138, 7.400000000000000355 ) ) ;
#5366 = VERTEX_POINT ( 'NONE', #5374 ) ;
#5367 = CARTESIAN_POINT ( 'NONE',  ( 6.992565577373026642, 59.97470916941908570, 10.00000000000000000 ) ) ;
#5368 = VERTEX_POINT ( 'NONE', #5988 ) ;
#5369 = CARTESIAN_POINT ( 'NONE',  ( 73.28236328531281174, 21.79799773735025781, 7.400000000000000355 ) ) ;
#5370 = CARTESIAN_POINT ( 'NONE',  ( 58.06984934592702530, 40.61884720954800088, 3.399999999999996803 ) ) ;
#5371 = CARTESIAN_POINT ( 'NONE',  ( 56.93870204447365779, 37.99023488137319049, 10.00000000000000000 ) ) ;
#5372 = EDGE_CURVE ( 'NONE', #5526, #2725, #9265, .T. ) ;
#5373 = EDGE_CURVE ( 'NONE', #8155, #8935, #4413, .T. ) ;
#5374 = CARTESIAN_POINT ( 'NONE',  ( 77.86692151384302463, 8.415085090169998949, 0.000000000000000000 ) ) ;
#5375 = DIRECTION ( 'NONE',  ( 0.000000000000000000, -1.000000000000000000, 0.000000000000000000 ) ) ;
#5376 = ORIENTED_EDGE ( 'NONE', *, *, #7120, .T. ) ;
#5377 = LINE ( 'NONE', #8507, #6048 ) ;
#5378 = VERTEX_POINT ( 'NONE', #5221 ) ;
#5379 = EDGE_LOOP ( 'NONE', ( #1216, #138, #2761, #2722 ) ) ;
#5380 = LINE ( 'NONE', #3646, #816 ) ;
#5381 = LINE ( 'NONE', #8319, #121 ) ;
#5382 = LINE ( 'NONE', #8470, #7848 ) ;
#5383 = AXIS2_PLACEMENT_3D ( 'NONE', #5305, #3773, #6878 ) ;
#5384 = DIRECTION ( 'NONE',  ( -0.000000000000000000, -0.000000000000000000, 1.000000000000000000 ) ) ;
#5385 = ADVANCED_FACE ( 'NONE', ( #6037 ), #8457, .F. ) ;
#5386 = ADVANCED_FACE ( 'NONE', ( #1358 ), #6185, .F. ) ;
#5387 = CARTESIAN_POINT ( 'NONE',  ( 54.61482092964090640, 59.34967741935614782, 10.00099999999999945 ) ) ;
#5388 = DIRECTION ( 'NONE',  ( -0.5000000000000001110, -0.8660254037844387076, 0.000000000000000000 ) ) ;
#5389 = LINE ( 'NONE', #8474, #8227 ) ;
#5390 = ADVANCED_FACE ( 'NONE', ( #4518 ), #7602, .F. ) ;
#5391 = ORIENTED_EDGE ( 'NONE', *, *, #9243, .T. ) ;
#5392 = ORIENTED_EDGE ( 'NONE', *, *, #9085, .T. ) ;
#5393 = FACE_OUTER_BOUND ( 'NONE', #5692, .T. ) ;
#5394 = VECTOR ( 'NONE', #9383, 1000.000000000000227 ) ;
#5395 = ORIENTED_EDGE ( 'NONE', *, *, #405, .F. ) ;
#5396 = ORIENTED_EDGE ( 'NONE', *, *, #1089, .F. ) ;
#5397 = ADVANCED_FACE ( 'NONE', ( #9923 ), #2986, .T. ) ;
#5398 = CARTESIAN_POINT ( 'NONE',  ( 46.59237599792525231, 46.59237599792501072, 4.000000000000000000 ) ) ;
#5399 = DIRECTION ( 'NONE',  ( 0.7071067811865556774, 0.000000000000000000, 0.7071067811865393571 ) ) ;
#5400 = DIRECTION ( 'NONE',  ( -0.000000000000000000, -0.000000000000000000, 1.000000000000000000 ) ) ;
#5401 = VECTOR ( 'NONE', #602, 1000.000000000000000 ) ;
#5402 = AXIS2_PLACEMENT_3D ( 'NONE', #6326, #7123, #7982 ) ;
#5403 = ADVANCED_FACE ( 'NONE', ( #2333 ), #6897, .F. ) ;
#5404 = ORIENTED_EDGE ( 'NONE', *, *, #1354, .F. ) ;
#5405 = EDGE_LOOP ( 'NONE', ( #4942, #5858, #5502, #638 ) ) ;
#5406 = FACE_OUTER_BOUND ( 'NONE', #4680, .T. ) ;
#5407 = ORIENTED_EDGE ( 'NONE', *, *, #4125, .F. ) ;
#5408 = EDGE_CURVE ( 'NONE', #428, #6926, #9217, .T. ) ;
#5409 = CARTESIAN_POINT ( 'NONE',  ( 43.47460042933601443, 35.99023488137317628, 7.400000000000000355 ) ) ;
#5410 = CARTESIAN_POINT ( 'NONE',  ( 50.40280365961151432, 31.99023488137319760, 7.400000000000000355 ) ) ;
#5411 = LINE ( 'NONE', #3120, #5007 ) ;
#5412 = ORIENTED_EDGE ( 'NONE', *, *, #2223, .T. ) ;
#5413 = ORIENTED_EDGE ( 'NONE', *, *, #5969, .F. ) ;
#5414 = LINE ( 'NONE', #8496, #2609 ) ;
#5415 = ORIENTED_EDGE ( 'NONE', *, *, #2454, .T. ) ;
#5416 = EDGE_CURVE ( 'NONE', #922, #9272, #761, .T. ) ;
#5417 = FACE_BOUND ( 'NONE', #7820, .T. ) ;
#5418 = ORIENTED_EDGE ( 'NONE', *, *, #3957, .F. ) ;
#5419 = EDGE_CURVE ( 'NONE', #9481, #5481, #2518, .T. ) ;
#5420 = CARTESIAN_POINT ( 'NONE',  ( 75.02984732797570189, 0.000000000000000000, 4.000000000000000000 ) ) ;
#5421 = DIRECTION ( 'NONE',  ( -0.000000000000000000, -0.000000000000000000, -1.000000000000000000 ) ) ;
#5422 = CARTESIAN_POINT ( 'NONE',  ( 77.13093918849631336, 48.18247202539613028, 7.400000000000000355 ) ) ;
#5423 = CARTESIAN_POINT ( 'NONE',  ( 53.66683757335877658, 42.18247202539615159, 7.400000000000000355 ) ) ;
#5424 = VERTEX_POINT ( 'NONE', #4709 ) ;
#5425 = VECTOR ( 'NONE', #3009, 1000.000000000000000 ) ;
#5426 = LINE ( 'NONE', #4523, #7494 ) ;
#5427 = ORIENTED_EDGE ( 'NONE', *, *, #8274, .T. ) ;
#5428 = ADVANCED_FACE ( 'NONE', ( #8602 ), #1002, .T. ) ;
#5429 = ADVANCED_FACE ( 'NONE', ( #7088 ), #9367, .F. ) ;
#5430 = VERTEX_POINT ( 'NONE', #8555 ) ;
#5431 = CARTESIAN_POINT ( 'NONE',  ( 13.47460042933632707, 35.99023488137317628, 7.400000000000000355 ) ) ;
#5432 = FACE_OUTER_BOUND ( 'NONE', #4926, .T. ) ;
#5433 = VECTOR ( 'NONE', #6246, 1000.000000000000000 ) ;
#5434 = DIRECTION ( 'NONE',  ( -5.782411586589358625E-16, -1.000000000000000000, 0.000000000000000000 ) ) ;
#5435 = PLANE ( 'NONE',  #9338 ) ;
#5436 = PLANE ( 'NONE',  #2049 ) ;
#5437 = DIRECTION ( 'NONE',  ( 0.8660254037844385966, -0.5000000000000000000, 0.000000000000000000 ) ) ;
#5438 = DIRECTION ( 'NONE',  ( 0.000000000000000000, 1.000000000000000000, 0.000000000000000000 ) ) ;
#5439 = ORIENTED_EDGE ( 'NONE', *, *, #7162, .F. ) ;
#5440 = ORIENTED_EDGE ( 'NONE', *, *, #1556, .F. ) ;
#5441 = VECTOR ( 'NONE', #545, 1000.000000000000000 ) ;
#5442 = LINE ( 'NONE', #1491, #5394 ) ;
#5443 = ORIENTED_EDGE ( 'NONE', *, *, #8966, .F. ) ;
#5444 = EDGE_CURVE ( 'NONE', #8081, #1316, #2575, .T. ) ;
#5445 = VERTEX_POINT ( 'NONE', #4811 ) ;
#5446 = EDGE_CURVE ( 'NONE', #6768, #183, #7790, .T. ) ;
#5447 = FACE_OUTER_BOUND ( 'NONE', #4944, .T. ) ;
#5448 = CARTESIAN_POINT ( 'NONE',  ( 0.000000000000000000, 0.000000000000000000, 7.400000000000000355 ) ) ;
#5449 = DIRECTION ( 'NONE',  ( 0.000000000000000000, 0.000000000000000000, -1.000000000000000000 ) ) ;
#5450 = VECTOR ( 'NONE', #2741, 1000.000000000000000 ) ;
#5451 = AXIS2_PLACEMENT_3D ( 'NONE', #8310, #6798, #8410 ) ;
#5452 = ADVANCED_FACE ( 'NONE', ( #239 ), #9411, .F. ) ;
#5453 = ORIENTED_EDGE ( 'NONE', *, *, #775, .T. ) ;
#5454 = ORIENTED_EDGE ( 'NONE', *, *, #8589, .F. ) ;
#5455 = LINE ( 'NONE', #7732, #5871 ) ;
#5456 = ORIENTED_EDGE ( 'NONE', *, *, #203, .T. ) ;
#5457 = ADVANCED_FACE ( 'NONE', ( #9310 ), #5622, .F. ) ;
#5458 = AXIS2_PLACEMENT_3D ( 'NONE', #3768, #687, #6874 ) ;
#5459 = ADVANCED_FACE ( 'NONE', ( #3280 ), #6341, .T. ) ;
#5460 = VECTOR ( 'NONE', #7371, 1000.000000000000227 ) ;
#5461 = FACE_OUTER_BOUND ( 'NONE', #3356, .T. ) ;
#5462 = LINE ( 'NONE', #6980, #6283 ) ;
#5463 = VECTOR ( 'NONE', #1060, 1000.000000000000000 ) ;
#5464 = VECTOR ( 'NONE', #3704, 1000.000000000000000 ) ;
#5465 = DIRECTION ( 'NONE',  ( -0.000000000000000000, -0.000000000000000000, 1.000000000000000000 ) ) ;
#5466 = VERTEX_POINT ( 'NONE', #813 ) ;
#5467 = ORIENTED_EDGE ( 'NONE', *, *, #8414, .T. ) ;
#5468 = CARTESIAN_POINT ( 'NONE',  ( 73.28236328531281174, 21.79799773735025781, 10.00000000000000000 ) ) ;
#5469 = VERTEX_POINT ( 'NONE', #3940 ) ;
#5470 = DIRECTION ( 'NONE',  ( 1.000000000000000000, 0.000000000000000000, -0.000000000000000000 ) ) ;
#5471 = EDGE_CURVE ( 'NONE', #4900, #651, #6234, .T. ) ;
#5472 = VECTOR ( 'NONE', #5360, 1000.000000000000000 ) ;
#5473 = VECTOR ( 'NONE', #7193, 1000.000000000000227 ) ;
#5474 = CARTESIAN_POINT ( 'NONE',  ( 50.40280365961151432, 31.99023488137319760, 10.00000000000000000 ) ) ;
#5475 = CARTESIAN_POINT ( 'NONE',  ( 23.66683757335909633, 42.18247202539615159, 10.00000000000000000 ) ) ;
#5476 = DIRECTION ( 'NONE',  ( 1.000000000000000000, -0.000000000000000000, 0.000000000000000000 ) ) ;
#5477 = CARTESIAN_POINT ( 'NONE',  ( 30.61060500309818622, 24.68592075184099954, 1.109999999999998099 ) ) ;
#5478 = ORIENTED_EDGE ( 'NONE', *, *, #7787, .F. ) ;
#5479 = VECTOR ( 'NONE', #2999, 1000.000000000000227 ) ;
#5480 = PLANE ( 'NONE',  #2645 ) ;
#5481 = VERTEX_POINT ( 'NONE', #7835 ) ;
#5482 = ORIENTED_EDGE ( 'NONE', *, *, #8274, .F. ) ;
#5483 = PLANE ( 'NONE',  #8061 ) ;
#5484 = VECTOR ( 'NONE', #2973, 1000.000000000000227 ) ;
#5485 = DIRECTION ( 'NONE',  ( 0.000000000000000000, 0.000000000000000000, -1.000000000000000000 ) ) ;
#5486 = DIRECTION ( 'NONE',  ( -0.8660254037844377084, -0.5000000000000016653, 0.000000000000000000 ) ) ;
#5487 = CARTESIAN_POINT ( 'NONE',  ( 0.000000000000000000, 12.01402484683418415, 4.000000000000000000 ) ) ;
#5488 = DIRECTION ( 'NONE',  ( -0.5000000000000021094, 0.8660254037844374864, 0.000000000000000000 ) ) ;
#5489 = CARTESIAN_POINT ( 'NONE',  ( 10.40280365961193354, 31.99023488137319760, 10.00000000000000000 ) ) ;
#5490 = PLANE ( 'NONE',  #8709 ) ;
#5491 = ORIENTED_EDGE ( 'NONE', *, *, #4136, .F. ) ;
#5492 = ORIENTED_EDGE ( 'NONE', *, *, #2544, .F. ) ;
#5493 = VECTOR ( 'NONE', #8746, 1000.000000000000227 ) ;
#5494 = FACE_OUTER_BOUND ( 'NONE', #2667, .T. ) ;
#5495 = ORIENTED_EDGE ( 'NONE', *, *, #1207, .F. ) ;
#5496 = ORIENTED_EDGE ( 'NONE', *, *, #253, .F. ) ;
#5497 = DIRECTION ( 'NONE',  ( -0.4999999999999985012, -0.8660254037844395958, 0.000000000000000000 ) ) ;
#5498 = CARTESIAN_POINT ( 'NONE',  ( 62.84720929291043490, 62.84720929291043490, 4.000000000000000000 ) ) ;
#5499 = PLANE ( 'NONE',  #8333 ) ;
#5500 = CARTESIAN_POINT ( 'NONE',  ( 40.40280365961161380, 35.99023488137318338, 7.400000000000000355 ) ) ;
#5501 = EDGE_CURVE ( 'NONE', #3414, #5302, #3893, .T. ) ;
#5502 = ORIENTED_EDGE ( 'NONE', *, *, #5845, .F. ) ;
#5503 = ORIENTED_EDGE ( 'NONE', *, *, #3269, .F. ) ;
#5504 = CARTESIAN_POINT ( 'NONE',  ( 5.871926122045821650, 37.37433151539415377, 10.00000000000000000 ) ) ;
#5505 = ORIENTED_EDGE ( 'NONE', *, *, #2825, .T. ) ;
#5506 = VERTEX_POINT ( 'NONE', #5568 ) ;
#5507 = AXIS2_PLACEMENT_3D ( 'NONE', #4070, #5497, #213 ) ;
#5508 = ORIENTED_EDGE ( 'NONE', *, *, #3641, .F. ) ;
#5509 = LINE ( 'NONE', #224, #2483 ) ;
#5510 = CARTESIAN_POINT ( 'NONE',  ( -4.857225732735059864E-14, 34.33421759231526948, 4.000000000000000000 ) ) ;
#5511 = CARTESIAN_POINT ( 'NONE',  ( 47.32317633251952316, 50.37470916941909138, 10.00000000000000000 ) ) ;
#5512 = EDGE_CURVE ( 'NONE', #205, #4416, #9511, .T. ) ;
#5513 = VECTOR ( 'NONE', #7359, 1000.000000000000227 ) ;
#5514 = PLANE ( 'NONE',  #5659 ) ;
#5515 = EDGE_LOOP ( 'NONE', ( #8582, #601, #3286, #6778 ) ) ;
#5516 = ORIENTED_EDGE ( 'NONE', *, *, #1551, .F. ) ;
#5517 = FACE_OUTER_BOUND ( 'NONE', #2181, .T. ) ;
#5518 = VERTEX_POINT ( 'NONE', #4049 ) ;
#5519 = LINE ( 'NONE', #140, #8986 ) ;
#5520 = DIRECTION ( 'NONE',  ( -1.000000000000000000, 0.000000000000000000, 0.000000000000000000 ) ) ;
#5521 = DIRECTION ( 'NONE',  ( 0.8660254037844384856, 0.5000000000000002220, 0.000000000000000000 ) ) ;
#5522 = CARTESIAN_POINT ( 'NONE',  ( 3.474600429336432317, 31.99023488137320470, 7.400000000000000355 ) ) ;
#5523 = ORIENTED_EDGE ( 'NONE', *, *, #3387, .T. ) ;
#5524 = EDGE_CURVE ( 'NONE', #8609, #1558, #8706, .T. ) ;
#5525 = CARTESIAN_POINT ( 'NONE',  ( 5.000000000000901501, 54.01736618697488979, 10.00000000000000000 ) ) ;
#5526 = VERTEX_POINT ( 'NONE', #191 ) ;
#5527 = AXIS2_PLACEMENT_3D ( 'NONE', #3247, #5537, #9475 ) ;
#5528 = ORIENTED_EDGE ( 'NONE', *, *, #7762, .F. ) ;
#5529 = EDGE_CURVE ( 'NONE', #2323, #9762, #6386, .T. ) ;
#5530 = CARTESIAN_POINT ( 'NONE',  ( 23.77356091487909495, 59.97470916941908570, 0.000000000000000000 ) ) ;
#5531 = CARTESIAN_POINT ( 'NONE',  ( 23.66683757335909633, 46.18247202539612317, 7.400000000000000355 ) ) ;
#5532 = CARTESIAN_POINT ( 'NONE',  ( 30.59504080363459622, 42.18247202539614449, 10.00000000000000000 ) ) ;
#5533 = DIRECTION ( 'NONE',  ( -0.000000000000000000, -0.000000000000000000, 1.000000000000000000 ) ) ;
#5534 = CARTESIAN_POINT ( 'NONE',  ( 18.04695950082008338, 20.54883864495287682, 7.400000000000000355 ) ) ;
#5535 = CARTESIAN_POINT ( 'NONE',  ( 73.28236328531281174, 25.79799773735023294, 7.400000000000000355 ) ) ;
#5536 = DIRECTION ( 'NONE',  ( 0.000000000000000000, -1.000000000000000000, 0.000000000000000000 ) ) ;
#5537 = DIRECTION ( 'NONE',  ( 0.000000000000000000, 0.000000000000000000, 1.000000000000000000 ) ) ;
#5538 = EDGE_LOOP ( 'NONE', ( #7029, #8560, #9058, #3546 ) ) ;
#5539 = DIRECTION ( 'NONE',  ( -0.000000000000000000, -0.000000000000000000, 1.000000000000000000 ) ) ;
#5540 = EDGE_LOOP ( 'NONE', ( #7012, #3961, #1301, #2204 ) ) ;
#5541 = ORIENTED_EDGE ( 'NONE', *, *, #3021, .T. ) ;
#5542 = VECTOR ( 'NONE', #9542, 1000.000000000000000 ) ;
#5543 = DIRECTION ( 'NONE',  ( 0.000000000000000000, 0.000000000000000000, -1.000000000000000000 ) ) ;
#5544 = EDGE_CURVE ( 'NONE', #7594, #8700, #4863, .T. ) ;
#5545 = LINE ( 'NONE', #7017, #3350 ) ;
#5546 = CARTESIAN_POINT ( 'NONE',  ( 16.93870204447408412, 29.99023488137320115, 10.00000000000000000 ) ) ;
#5547 = VECTOR ( 'NONE', #6803, 1000.000000000000000 ) ;
#5548 = ORIENTED_EDGE ( 'NONE', *, *, #7998, .F. ) ;
#5549 = ORIENTED_EDGE ( 'NONE', *, *, #2141, .F. ) ;
#5550 = DIRECTION ( 'NONE',  ( 0.000000000000000000, 0.000000000000000000, -1.000000000000000000 ) ) ;
#5551 = VERTEX_POINT ( 'NONE', #4661 ) ;
#5552 = EDGE_CURVE ( 'NONE', #8576, #6268, #6991, .T. ) ;
#5553 = EDGE_CURVE ( 'NONE', #3214, #7692, #452, .T. ) ;
#5554 = VECTOR ( 'NONE', #4361, 1000.000000000000000 ) ;
#5555 = CARTESIAN_POINT ( 'NONE',  ( 50.78727794765726600, 56.37470916941907717, 7.400000000000000355 ) ) ;
#5556 = DIRECTION ( 'NONE',  ( 1.000000000000000000, -3.469446951953610639E-15, 0.000000000000000000 ) ) ;
#5557 = LINE ( 'NONE', #947, #750 ) ;
#5558 = CARTESIAN_POINT ( 'NONE',  ( 0.000000000000000000, 0.000000000000000000, 4.000000000000000000 ) ) ;
#5559 = CARTESIAN_POINT ( 'NONE',  ( 16.74646490045120828, 19.79799773735025425, 10.00000000000000000 ) ) ;
#5560 = ORIENTED_EDGE ( 'NONE', *, *, #1513, .F. ) ;
#5561 = ORIENTED_EDGE ( 'NONE', *, *, #3618, .T. ) ;
#5562 = CARTESIAN_POINT ( 'NONE',  ( 16.26968486712802786, 5.000000000000022204, 4.000000000000000000 ) ) ;
#5563 = EDGE_LOOP ( 'NONE', ( #7580, #7204, #9153, #6804, #2158, #3931 ) ) ;
#5564 = EDGE_CURVE ( 'NONE', #4789, #3463, #1921, .T. ) ;
#5565 = EDGE_CURVE ( 'NONE', #9672, #1971, #7386, .T. ) ;
#5566 = LINE ( 'NONE', #7135, #3154 ) ;
#5567 = FACE_OUTER_BOUND ( 'NONE', #8769, .T. ) ;
#5568 = CARTESIAN_POINT ( 'NONE',  ( 57.13093918849652653, 48.18247202539613028, 7.400000000000000355 ) ) ;
#5569 = LINE ( 'NONE', #5522, #4195 ) ;
#5570 = VERTEX_POINT ( 'NONE', #501 ) ;
#5571 = EDGE_CURVE ( 'NONE', #4362, #1109, #1251, .T. ) ;
#5572 = CARTESIAN_POINT ( 'NONE',  ( 10.01832937156618364, 11.60576059332730381, 7.400000000000000355 ) ) ;
#5573 = VERTEX_POINT ( 'NONE', #7436 ) ;
#5574 = EDGE_CURVE ( 'NONE', #3558, #5573, #1969, .T. ) ;
#5575 = LINE ( 'NONE', #9419, #10000 ) ;
#5576 = FACE_OUTER_BOUND ( 'NONE', #898, .T. ) ;
#5577 = CARTESIAN_POINT ( 'NONE',  ( 66.74646490045067537, 27.79799773735024004, 7.400000000000000355 ) ) ;
#5578 = EDGE_CURVE ( 'NONE', #1340, #6134, #3574, .T. ) ;
#5579 = FACE_OUTER_BOUND ( 'NONE', #3000, .T. ) ;
#5580 = FACE_OUTER_BOUND ( 'NONE', #8238, .T. ) ;
#5581 = LINE ( 'NONE', #8008, #315 ) ;
#5582 = VERTEX_POINT ( 'NONE', #9758 ) ;
#5583 = CARTESIAN_POINT ( 'NONE',  ( 23.47460042933622049, 35.99023488137317628, 10.00000000000000000 ) ) ;
#5584 = EDGE_CURVE ( 'NONE', #1149, #3310, #2731, .T. ) ;
#5585 = EDGE_LOOP ( 'NONE', ( #2116, #2780, #1266, #4483 ) ) ;
#5586 = ORIENTED_EDGE ( 'NONE', *, *, #2052, .F. ) ;
#5587 = FACE_OUTER_BOUND ( 'NONE', #9880, .T. ) ;
#5588 = ORIENTED_EDGE ( 'NONE', *, *, #3980, .F. ) ;
#5589 = ORIENTED_EDGE ( 'NONE', *, *, #5907, .F. ) ;
#5590 = VECTOR ( 'NONE', #6464, 1000.000000000000000 ) ;
#5591 = DIRECTION ( 'NONE',  ( -0.7071067811865474617, 0.7071067811865474617, 0.000000000000000000 ) ) ;
#5592 = DIRECTION ( 'NONE',  ( -0.000000000000000000, -0.000000000000000000, 1.000000000000000000 ) ) ;
#5593 = LINE ( 'NONE', #3360, #9624 ) ;
#5594 = ADVANCED_FACE ( 'NONE', ( #5775 ), #8803, .F. ) ;
#5595 = CARTESIAN_POINT ( 'NONE',  ( 20.85129627085182946, 23.35317541498460159, 10.00000000000000000 ) ) ;
#5596 = AXIS2_PLACEMENT_3D ( 'NONE', #3844, #4411, #1356 ) ;
#5597 = ORIENTED_EDGE ( 'NONE', *, *, #5945, .T. ) ;
#5598 = ORIENTED_EDGE ( 'NONE', *, *, #4126, .F. ) ;
#5599 = EDGE_CURVE ( 'NONE', #9820, #8298, #4209, .T. ) ;
#5600 = LINE ( 'NONE', #379, #2463 ) ;
#5601 = ORIENTED_EDGE ( 'NONE', *, *, #7524, .T. ) ;
#5602 = ORIENTED_EDGE ( 'NONE', *, *, #6710, .F. ) ;
#5603 = AXIS2_PLACEMENT_3D ( 'NONE', #9838, #2086, #7506 ) ;
#5604 = AXIS2_PLACEMENT_3D ( 'NONE', #9611, #6641, #237 ) ;
#5605 = DIRECTION ( 'NONE',  ( -0.000000000000000000, -0.000000000000000000, 1.000000000000000000 ) ) ;
#5606 = CARTESIAN_POINT ( 'NONE',  ( 0.000000000000000000, 0.000000000000000000, 7.400000000000000355 ) ) ;
#5607 = LINE ( 'NONE', #1037, #5772 ) ;
#5608 = DIRECTION ( 'NONE',  ( -1.000000000000000000, 0.000000000000000000, -0.000000000000000000 ) ) ;
#5609 = PLANE ( 'NONE',  #1277 ) ;
#5610 = EDGE_LOOP ( 'NONE', ( #1442, #7989, #2870, #1379 ) ) ;
#5611 = ORIENTED_EDGE ( 'NONE', *, *, #2494, .T. ) ;
#5612 = EDGE_CURVE ( 'NONE', #8682, #7997, #9564, .T. ) ;
#5613 = EDGE_CURVE ( 'NONE', #3848, #7704, #8907, .T. ) ;
#5614 = VECTOR ( 'NONE', #8090, 1000.000000000000000 ) ;
#5615 = VECTOR ( 'NONE', #9878, 1000.000000000000114 ) ;
#5616 = FACE_OUTER_BOUND ( 'NONE', #3248, .T. ) ;
#5617 = VERTEX_POINT ( 'NONE', #8050 ) ;
#5618 = AXIS2_PLACEMENT_3D ( 'NONE', #3718, #5244, #1544 ) ;
#5619 = VECTOR ( 'NONE', #8104, 1000.000000000000000 ) ;
#5620 = CARTESIAN_POINT ( 'NONE',  ( 26.93870204447397754, 29.99023488137320115, 7.400000000000000355 ) ) ;
#5621 = FACE_OUTER_BOUND ( 'NONE', #6345, .T. ) ;
#5622 = PLANE ( 'NONE',  #925 ) ;
#5623 = CARTESIAN_POINT ( 'NONE',  ( 11.68769779765030847, 43.83617119703320952, 6.000000000000000000 ) ) ;
#5624 = VERTEX_POINT ( 'NONE', #1107 ) ;
#5625 = EDGE_CURVE ( 'NONE', #1364, #6014, #7341, .T. ) ;
#5626 = EDGE_CURVE ( 'NONE', #5469, #6216, #7296, .T. ) ;
#5627 = AXIS2_PLACEMENT_3D ( 'NONE', #2023, #409, #4366 ) ;
#5628 = DIRECTION ( 'NONE',  ( -0.7071067811865474617, 0.7071067811865474617, -0.000000000000000000 ) ) ;
#5629 = ORIENTED_EDGE ( 'NONE', *, *, #6309, .F. ) ;
#5630 = PLANE ( 'NONE',  #3883 ) ;
#5631 = DIRECTION ( 'NONE',  ( 0.7070197385735585982, -0.7071938130861842309, 0.000000000000000000 ) ) ;
#5632 = LINE ( 'NONE', #8716, #2193 ) ;
#5633 = DIRECTION ( 'NONE',  ( -0.8660254037844377084, 0.5000000000000015543, 0.000000000000000000 ) ) ;
#5634 = AXIS2_PLACEMENT_3D ( 'NONE', #8638, #4796, #3074 ) ;
#5635 = CARTESIAN_POINT ( 'NONE',  ( 65.74084972657725245, 30.61190122397092495, 1.109997883926998163 ) ) ;
#5636 = CARTESIAN_POINT ( 'NONE',  ( 23.85907471738197216, 52.37470916941909849, 7.400000000000000355 ) ) ;
#5637 = ORIENTED_EDGE ( 'NONE', *, *, #9234, .F. ) ;
#5638 = CARTESIAN_POINT ( 'NONE',  ( 74.43211764624987836, 51.26230093957098433, 4.000000000000000000 ) ) ;
#5639 = EDGE_CURVE ( 'NONE', #2953, #4285, #9613, .T. ) ;
#5640 = ORIENTED_EDGE ( 'NONE', *, *, #9842, .F. ) ;
#5641 = VERTEX_POINT ( 'NONE', #8151 ) ;
#5642 = DIRECTION ( 'NONE',  ( 0.000000000000000000, 0.000000000000000000, 1.000000000000000000 ) ) ;
#5643 = VERTEX_POINT ( 'NONE', #4306 ) ;
#5644 = VECTOR ( 'NONE', #515, 1000.000000000000114 ) ;
#5645 = ORIENTED_EDGE ( 'NONE', *, *, #6632, .T. ) ;
#5646 = AXIS2_PLACEMENT_3D ( 'NONE', #9350, #658, #5170 ) ;
#5647 = DIRECTION ( 'NONE',  ( -0.000000000000000000, -0.000000000000000000, 1.000000000000000000 ) ) ;
#5648 = LINE ( 'NONE', #6316, #2385 ) ;
#5649 = DIRECTION ( 'NONE',  ( 0.000000000000000000, -1.000000000000000000, 0.000000000000000000 ) ) ;
#5650 = CARTESIAN_POINT ( 'NONE',  ( 47.32317633251952316, 50.37470916941909138, 10.00000000000000000 ) ) ;
#5651 = AXIS2_PLACEMENT_3D ( 'NONE', #1765, #240, #3181 ) ;
#5652 = ORIENTED_EDGE ( 'NONE', *, *, #3724, .F. ) ;
#5653 = ORIENTED_EDGE ( 'NONE', *, *, #3890, .T. ) ;
#5654 = FACE_OUTER_BOUND ( 'NONE', #639, .T. ) ;
#5655 = ORIENTED_EDGE ( 'NONE', *, *, #60, .F. ) ;
#5656 = EDGE_CURVE ( 'NONE', #4394, #1547, #2777, .T. ) ;
#5657 = LINE ( 'NONE', #7169, #866 ) ;
#5658 = EDGE_LOOP ( 'NONE', ( #3826, #18, #562, #6209 ) ) ;
#5659 = AXIS2_PLACEMENT_3D ( 'NONE', #7028, #9299, #1609 ) ;
#5660 = CARTESIAN_POINT ( 'NONE',  ( 36.74646490045099512, 27.79799773735024004, 7.400000000000000355 ) ) ;
#5661 = EDGE_CURVE ( 'NONE', #1437, #9984, #4258, .T. ) ;
#5662 = DIRECTION ( 'NONE',  ( -0.5000000000000016653, 0.8660254037844377084, 0.000000000000000000 ) ) ;
#5663 = CARTESIAN_POINT ( 'NONE',  ( 23.28236328531334465, 25.79799773735023294, 10.00000000000000000 ) ) ;
#5664 = DIRECTION ( 'NONE',  ( 0.000000000000000000, -1.000000000000000000, 0.000000000000000000 ) ) ;
#5665 = DIRECTION ( 'NONE',  ( 1.000000000000000000, -0.000000000000000000, 0.000000000000000000 ) ) ;
#5666 = VERTEX_POINT ( 'NONE', #9666 ) ;
#5667 = ORIENTED_EDGE ( 'NONE', *, *, #3693, .T. ) ;
#5668 = VECTOR ( 'NONE', #2449, 1000.000000000000000 ) ;
#5669 = FACE_OUTER_BOUND ( 'NONE', #3640, .T. ) ;
#5670 = ORIENTED_EDGE ( 'NONE', *, *, #147, .T. ) ;
#5671 = VECTOR ( 'NONE', #3916, 1000.000000000000000 ) ;
#5672 = FACE_OUTER_BOUND ( 'NONE', #7370, .T. ) ;
#5673 = CARTESIAN_POINT ( 'NONE',  ( 40.59504080363448963, 42.18247202539614449, 7.400000000000000355 ) ) ;
#5674 = CARTESIAN_POINT ( 'NONE',  ( 60.21056651558853190, 25.79799773735024004, 10.00000000000000000 ) ) ;
#5675 = DIRECTION ( 'NONE',  ( 0.000000000000000000, -1.000000000000000000, 0.000000000000000000 ) ) ;
#5676 = ORIENTED_EDGE ( 'NONE', *, *, #6632, .F. ) ;
#5677 = LINE ( 'NONE', #4102, #9755 ) ;
#5678 = ORIENTED_EDGE ( 'NONE', *, *, #3257, .F. ) ;
#5679 = DIRECTION ( 'NONE',  ( 0.000000000000000000, -1.000000000000000000, 0.000000000000000000 ) ) ;
#5680 = ADVANCED_FACE ( 'NONE', ( #8951 ), #2014, .F. ) ;
#5681 = CARTESIAN_POINT ( 'NONE',  ( 69.83157658086554420, 23.35317541498460159, 10.00000000000000000 ) ) ;
#5682 = LINE ( 'NONE', #3393, #6898 ) ;
#5683 = LINE ( 'NONE', #4673, #8373 ) ;
#5684 = LINE ( 'NONE', #6304, #5777 ) ;
#5685 = DIRECTION ( 'NONE',  ( 0.000000000000000000, 0.000000000000000000, -1.000000000000000000 ) ) ;
#5686 = CARTESIAN_POINT ( 'NONE',  ( 78.02831089662203112, 12.45999491999002373, 10.00099999999999945 ) ) ;
#5687 = CARTESIAN_POINT ( 'NONE',  ( 76.93870204447344463, 29.99023488137320115, 7.400000000000000355 ) ) ;
#5688 = PLANE ( 'NONE',  #9247 ) ;
#5689 = ORIENTED_EDGE ( 'NONE', *, *, #5471, .T. ) ;
#5690 = CARTESIAN_POINT ( 'NONE',  ( 40.40280365961161380, 31.99023488137319760, 7.400000000000000355 ) ) ;
#5691 = VERTEX_POINT ( 'NONE', #8996 ) ;
#5692 = EDGE_LOOP ( 'NONE', ( #7754, #4371, #2991, #4568 ) ) ;
#5693 = DIRECTION ( 'NONE',  ( -0.000000000000000000, -0.000000000000000000, 1.000000000000000000 ) ) ;
#5694 = EDGE_CURVE ( 'NONE', #8573, #3378, #9204, .T. ) ;
#5695 = FACE_OUTER_BOUND ( 'NONE', #3937, .T. ) ;
#5696 = CARTESIAN_POINT ( 'NONE',  ( 0.000000000000000000, 0.000000000000000000, 7.400000000000000355 ) ) ;
#5697 = PLANE ( 'NONE',  #3832 ) ;
#5698 = ORIENTED_EDGE ( 'NONE', *, *, #4087, .F. ) ;
#5699 = ORIENTED_EDGE ( 'NONE', *, *, #9052, .T. ) ;
#5700 = DIRECTION ( 'NONE',  ( -0.000000000000000000, -0.000000000000000000, -1.000000000000000000 ) ) ;
#5701 = VECTOR ( 'NONE', #5867, 1000.000000000000000 ) ;
#5702 = ORIENTED_EDGE ( 'NONE', *, *, #5156, .T. ) ;
#5703 = EDGE_CURVE ( 'NONE', #1573, #7260, #8246, .T. ) ;
#5704 = CARTESIAN_POINT ( 'NONE',  ( 36.93870204447387096, 37.99023488137319049, 10.00000000000000000 ) ) ;
#5705 = ORIENTED_EDGE ( 'NONE', *, *, #9810, .T. ) ;
#5706 = EDGE_CURVE ( 'NONE', #4726, #6965, #7481, .T. ) ;
#5707 = LINE ( 'NONE', #8790, #1997 ) ;
#5708 = CARTESIAN_POINT ( 'NONE',  ( 16.74646490045120473, 27.79799773735024004, 7.400000000000000355 ) ) ;
#5709 = CARTESIAN_POINT ( 'NONE',  ( 78.03192893766751581, 51.26230093957098433, 4.000000000000000000 ) ) ;
#5710 = AXIS2_PLACEMENT_3D ( 'NONE', #9791, #5143, #3557 ) ;
#5711 = EDGE_CURVE ( 'NONE', #8367, #4603, #9910, .T. ) ;
#5712 = EDGE_CURVE ( 'NONE', #1595, #9255, #7588, .T. ) ;
#5713 = CARTESIAN_POINT ( 'NONE',  ( 40.42884860408197056, 23.35317541498461225, 10.00000000000000000 ) ) ;
#5714 = CARTESIAN_POINT ( 'NONE',  ( 23.66683757335909633, 42.18247202539615159, 7.400000000000000355 ) ) ;
#5715 = ORIENTED_EDGE ( 'NONE', *, *, #5719, .F. ) ;
#5716 = ORIENTED_EDGE ( 'NONE', *, *, #9559, .F. ) ;
#5717 = LINE ( 'NONE', #2669, #7476 ) ;
#5718 = ORIENTED_EDGE ( 'NONE', *, *, #1471, .F. ) ;
#5719 = EDGE_CURVE ( 'NONE', #1340, #8609, #8343, .T. ) ;
#5720 = VECTOR ( 'NONE', #5346, 1000.000000000000000 ) ;
#5721 = DIRECTION ( 'NONE',  ( -0.8660254037844381525, 0.5000000000000008882, 0.000000000000000000 ) ) ;
#5722 = PLANE ( 'NONE',  #3521 ) ;
#5723 = CARTESIAN_POINT ( 'NONE',  ( 13.66683757335920113, 46.18247202539612317, 7.400000000000000355 ) ) ;
#5724 = AXIS2_PLACEMENT_3D ( 'NONE', #3090, #6855, #7654 ) ;
#5725 = LINE ( 'NONE', #6884, #6779 ) ;
#5726 = ORIENTED_EDGE ( 'NONE', *, *, #1281, .F. ) ;
#5727 = ADVANCED_FACE ( 'NONE', ( #9811 ), #9055, .F. ) ;
#5728 = CARTESIAN_POINT ( 'NONE',  ( 71.31952070086403239, 59.97470916941927044, 4.000000000000000000 ) ) ;
#5729 = ORIENTED_EDGE ( 'NONE', *, *, #26, .T. ) ;
#5730 = LINE ( 'NONE', #4264, #3858 ) ;
#5731 = CARTESIAN_POINT ( 'NONE',  ( 64.56983569344401985, 40.61884720954800088, -8.271542309605473875 ) ) ;
#5732 = CARTESIAN_POINT ( 'NONE',  ( 5.000000000000903277, 54.01736618697488979, 10.00099999999999945 ) ) ;
#5733 = DIRECTION ( 'NONE',  ( -1.982541115402065702E-15, -1.000000000000000000, 0.000000000000000000 ) ) ;
#5734 = DIRECTION ( 'NONE',  ( 0.000000000000000000, 1.000000000000000000, 0.000000000000000000 ) ) ;
#5735 = CARTESIAN_POINT ( 'NONE',  ( 71.31952070086403239, 0.000000000000000000, 4.000000000000000000 ) ) ;
#5736 = PLANE ( 'NONE',  #4352 ) ;
#5737 = CARTESIAN_POINT ( 'NONE',  ( 10.40280365961193354, 31.99023488137319760, 10.00000000000000000 ) ) ;
#5738 = DIRECTION ( 'NONE',  ( 0.000000000000000000, 1.000000000000000000, 0.000000000000000000 ) ) ;
#5739 = ORIENTED_EDGE ( 'NONE', *, *, #7289, .T. ) ;
#5740 = EDGE_CURVE ( 'NONE', #5965, #2631, #3780, .T. ) ;
#5741 = EDGE_CURVE ( 'NONE', #3112, #632, #5973, .T. ) ;
#5742 = CARTESIAN_POINT ( 'NONE',  ( 38.03180065388671238, 42.29286487643514647, 1.999999999999971356 ) ) ;
#5743 = VERTEX_POINT ( 'NONE', #648 ) ;
#5744 = ORIENTED_EDGE ( 'NONE', *, *, #4725, .F. ) ;
#5745 = LINE ( 'NONE', #5896, #1622 ) ;
#5746 = CARTESIAN_POINT ( 'NONE',  ( 30.21056651558884809, 23.35317541498461225, 7.400000000000000355 ) ) ;
#5747 = CARTESIAN_POINT ( 'NONE',  ( 21.03102140169215772, 46.00531091476222656, 14.51551070084607886 ) ) ;
#5748 = LINE ( 'NONE', #4282, #6596 ) ;
#5749 = ORIENTED_EDGE ( 'NONE', *, *, #7150, .F. ) ;
#5750 = ORIENTED_EDGE ( 'NONE', *, *, #705, .T. ) ;
#5751 = ADVANCED_FACE ( 'NONE', ( #3677 ), #9151, .F. ) ;
#5752 = EDGE_CURVE ( 'NONE', #3352, #9254, #8296, .T. ) ;
#5753 = VECTOR ( 'NONE', #2995, 1000.000000000000000 ) ;
#5754 = DIRECTION ( 'NONE',  ( 0.000000000000000000, 0.000000000000000000, -1.000000000000000000 ) ) ;
#5755 = ORIENTED_EDGE ( 'NONE', *, *, #5584, .F. ) ;
#5756 = DIRECTION ( 'NONE',  ( -1.000000000000000000, 0.000000000000000000, -0.000000000000000000 ) ) ;
#5757 = ORIENTED_EDGE ( 'NONE', *, *, #6547, .T. ) ;
#5758 = DIRECTION ( 'NONE',  ( 0.8660254037844385966, -0.5000000000000000000, 0.000000000000000000 ) ) ;
#5759 = DIRECTION ( 'NONE',  ( 1.000000000000000000, 0.000000000000000000, -0.000000000000000000 ) ) ;
#5760 = DIRECTION ( 'NONE',  ( -0.7070197385735585982, 0.7071938130861842309, -0.000000000000000000 ) ) ;
#5761 = CARTESIAN_POINT ( 'NONE',  ( 5.872625374704102619, 40.90895984451453415, 10.00000000000000000 ) ) ;
#5762 = VECTOR ( 'NONE', #306, 1000.000000000000000 ) ;
#5763 = LINE ( 'NONE', #4294, #2239 ) ;
#5764 = PLANE ( 'NONE',  #9049 ) ;
#5765 = ORIENTED_EDGE ( 'NONE', *, *, #5444, .T. ) ;
#5766 = VERTEX_POINT ( 'NONE', #592 ) ;
#5767 = EDGE_CURVE ( 'NONE', #690, #434, #1345, .T. ) ;
#5768 = EDGE_CURVE ( 'NONE', #2031, #4915, #7528, .T. ) ;
#5769 = DIRECTION ( 'NONE',  ( 0.000000000000000000, -1.000000000000000000, 0.000000000000000000 ) ) ;
#5770 = VERTEX_POINT ( 'NONE', #6834 ) ;
#5771 = AXIS2_PLACEMENT_3D ( 'NONE', #9321, #3191, #7801 ) ;
#5772 = VECTOR ( 'NONE', #7933, 1000.000000000000000 ) ;
#5773 = CARTESIAN_POINT ( 'NONE',  ( 13.09012614129057717, 11.60576059332731091, 7.400000000000000355 ) ) ;
#5774 = FACE_OUTER_BOUND ( 'NONE', #8132, .T. ) ;
#5775 = FACE_OUTER_BOUND ( 'NONE', #3974, .T. ) ;
#5776 = VECTOR ( 'NONE', #2277, 1000.000000000000227 ) ;
#5777 = VECTOR ( 'NONE', #7852, 1000.000000000000000 ) ;
#5778 = CARTESIAN_POINT ( 'NONE',  ( 76.74646490045057590, 27.79799773735024004, 7.400000000000000355 ) ) ;
#5779 = ORIENTED_EDGE ( 'NONE', *, *, #6807, .F. ) ;
#5780 = DIRECTION ( 'NONE',  ( -0.000000000000000000, -0.000000000000000000, 1.000000000000000000 ) ) ;
#5781 = VERTEX_POINT ( 'NONE', #5254 ) ;
#5782 = ADVANCED_FACE ( 'NONE', ( #6883 ), #1458, .F. ) ;
#5783 = VECTOR ( 'NONE', #9437, 1000.000000000000227 ) ;
#5784 = VECTOR ( 'NONE', #2062, 1000.000000000000000 ) ;
#5785 = DIRECTION ( 'NONE',  ( 0.5000000000000003331, -0.8660254037844385966, 0.000000000000000000 ) ) ;
#5786 = PLANE ( 'NONE',  #8831 ) ;
#5787 = LINE ( 'NONE', #6654, #7208 ) ;
#5788 = CARTESIAN_POINT ( 'NONE',  ( 70.78727794765704573, 52.37470916941909138, 7.400000000000000355 ) ) ;
#5789 = ADVANCED_FACE ( 'NONE', ( #3024 ), #2762, .F. ) ;
#5790 = CARTESIAN_POINT ( 'NONE',  ( 78.03203064794003296, 52.35311032234201889, 7.400000000000000355 ) ) ;
#5791 = LINE ( 'NONE', #6603, #1447 ) ;
#5792 = CARTESIAN_POINT ( 'NONE',  ( 5.873484235277215859, 45.25038475940630889, 6.000000000000000000 ) ) ;
#5793 = LINE ( 'NONE', #3544, #6325 ) ;
#5794 = AXIS2_PLACEMENT_3D ( 'NONE', #5220, #8456, #7600 ) ;
#5795 = AXIS2_PLACEMENT_3D ( 'NONE', #7045, #7, #5485 ) ;
#5796 = LINE ( 'NONE', #8876, #1802 ) ;
#5797 = LINE ( 'NONE', #8877, #9584 ) ;
#5798 = VERTEX_POINT ( 'NONE', #1140 ) ;
#5799 = EDGE_LOOP ( 'NONE', ( #403, #4143, #7608, #7991, #3815, #6670 ) ) ;
#5800 = LINE ( 'NONE', #1073, #657 ) ;
#5801 = VECTOR ( 'NONE', #5057, 1000.000000000000000 ) ;
#5802 = LINE ( 'NONE', #4232, #3184 ) ;
#5803 = LINE ( 'NONE', #5747, #3630 ) ;
#5804 = DIRECTION ( 'NONE',  ( -1.000000000000000000, 0.000000000000000000, 0.000000000000000000 ) ) ;
#5805 = EDGE_CURVE ( 'NONE', #2065, #3217, #5908, .T. ) ;
#5806 = ORIENTED_EDGE ( 'NONE', *, *, #6514, .F. ) ;
#5807 = ORIENTED_EDGE ( 'NONE', *, *, #5656, .T. ) ;
#5808 = AXIS2_PLACEMENT_3D ( 'NONE', #4532, #625, #3709 ) ;
#5809 = FACE_OUTER_BOUND ( 'NONE', #804, .T. ) ;
#5810 = ORIENTED_EDGE ( 'NONE', *, *, #5564, .T. ) ;
#5811 = DIRECTION ( 'NONE',  ( -0.000000000000000000, -0.000000000000000000, 1.000000000000000000 ) ) ;
#5812 = ORIENTED_EDGE ( 'NONE', *, *, #4573, .T. ) ;
#5813 = DIRECTION ( 'NONE',  ( 0.5000000000000012212, 0.8660254037844380415, 0.000000000000000000 ) ) ;
#5814 = PLANE ( 'NONE',  #8391 ) ;
#5815 = DIRECTION ( 'NONE',  ( 0.000000000000000000, 0.000000000000000000, -1.000000000000000000 ) ) ;
#5816 = EDGE_CURVE ( 'NONE', #3926, #5146, #3561, .T. ) ;
#5817 = VECTOR ( 'NONE', #3027, 1000.000000000000227 ) ;
#5818 = PLANE ( 'NONE',  #9999 ) ;
#5819 = DIRECTION ( 'NONE',  ( 0.000000000000000000, 0.000000000000000000, -1.000000000000000000 ) ) ;
#5820 = VERTEX_POINT ( 'NONE', #6717 ) ;
#5821 = EDGE_LOOP ( 'NONE', ( #9606, #8478, #8451, #7024 ) ) ;
#5822 = CARTESIAN_POINT ( 'NONE',  ( 70.21056651558843953, 22.97418548026170626, 7.400000000000000355 ) ) ;
#5823 = ORIENTED_EDGE ( 'NONE', *, *, #2110, .F. ) ;
#5824 = AXIS2_PLACEMENT_3D ( 'NONE', #3345, #9575, #7256 ) ;
#5825 = EDGE_CURVE ( 'NONE', #7938, #5274, #4291, .T. ) ;
#5826 = EDGE_CURVE ( 'NONE', #8328, #7940, #332, .T. ) ;
#5827 = CARTESIAN_POINT ( 'NONE',  ( 13.85907471738207697, 52.37470916941909849, 7.400000000000000355 ) ) ;
#5828 = DIRECTION ( 'NONE',  ( 0.000000000000000000, 0.000000000000000000, 1.000000000000000000 ) ) ;
#5829 = CARTESIAN_POINT ( 'NONE',  ( 63.47460042933579416, 31.99023488137320470, 10.00000000000000000 ) ) ;
#5830 = CARTESIAN_POINT ( 'NONE',  ( 53.85907471738165242, 56.37470916941907007, 7.400000000000000355 ) ) ;
#5831 = ORIENTED_EDGE ( 'NONE', *, *, #2824, .T. ) ;
#5832 = LINE ( 'NONE', #1974, #4910 ) ;
#5833 = ORIENTED_EDGE ( 'NONE', *, *, #5920, .T. ) ;
#5834 = VECTOR ( 'NONE', #1785, 1000.000000000000000 ) ;
#5835 = LINE ( 'NONE', #8913, #4187 ) ;
#5836 = DIRECTION ( 'NONE',  ( -0.8660254037844378194, -0.5000000000000013323, 0.000000000000000000 ) ) ;
#5837 = DIRECTION ( 'NONE',  ( 0.7070197385735547124, -0.7071938130861881167, 0.000000000000000000 ) ) ;
#5838 = DIRECTION ( 'NONE',  ( -9.324293839476711010E-05, -0.9999999956528771161, 0.000000000000000000 ) ) ;
#5839 = CARTESIAN_POINT ( 'NONE',  ( 27.32317633251972566, 58.37470916941907717, 7.400000000000000355 ) ) ;
#5840 = ADVANCED_FACE ( 'NONE', ( #8029 ), #7424, .T. ) ;
#5841 = CARTESIAN_POINT ( 'NONE',  ( 10.01832937156618364, 15.60576059332729315, 7.400000000000000355 ) ) ;
#5842 = LINE ( 'NONE', #6605, #1779 ) ;
#5843 = CARTESIAN_POINT ( 'NONE',  ( 79.97474980950003953, 10.50829548434902350, 0.000000000000000000 ) ) ;
#5844 = ORIENTED_EDGE ( 'NONE', *, *, #47, .T. ) ;
#5845 = EDGE_CURVE ( 'NONE', #9925, #1401, #7326, .T. ) ;
#5846 = ORIENTED_EDGE ( 'NONE', *, *, #8180, .T. ) ;
#5847 = FACE_OUTER_BOUND ( 'NONE', #3363, .T. ) ;
#5848 = PLANE ( 'NONE',  #8047 ) ;
#5849 = CARTESIAN_POINT ( 'NONE',  ( 40.42884860408197056, 23.35317541498461225, 10.00000000000000000 ) ) ;
#5850 = DIRECTION ( 'NONE',  ( 0.000000000000000000, -0.000000000000000000, -1.000000000000000000 ) ) ;
#5851 = ORIENTED_EDGE ( 'NONE', *, *, #4822, .F. ) ;
#5852 = VERTEX_POINT ( 'NONE', #6674 ) ;
#5853 = EDGE_CURVE ( 'NONE', #7234, #6689, #7280, .T. ) ;
#5854 = PLANE ( 'NONE',  #1006 ) ;
#5855 = ORIENTED_EDGE ( 'NONE', *, *, #61, .T. ) ;
#5856 = EDGE_CURVE ( 'NONE', #5224, #6457, #7238, .T. ) ;
#5857 = DIRECTION ( 'NONE',  ( 0.000000000000000000, -1.000000000000000000, -0.000000000000000000 ) ) ;
#5858 = ORIENTED_EDGE ( 'NONE', *, *, #5135, .F. ) ;
#5859 = CARTESIAN_POINT ( 'NONE',  ( 53.66683757335877658, 42.18247202539615159, 7.400000000000000355 ) ) ;
#5860 = LINE ( 'NONE', #1288, #5323 ) ;
#5861 = EDGE_CURVE ( 'NONE', #378, #6043, #5002, .T. ) ;
#5862 = LINE ( 'NONE', #1957, #1718 ) ;
#5863 = DIRECTION ( 'NONE',  ( 0.000000000000000000, -1.000000000000000000, 0.000000000000000000 ) ) ;
#5864 = ORIENTED_EDGE ( 'NONE', *, *, #8330, .F. ) ;
#5865 = ORIENTED_EDGE ( 'NONE', *, *, #5082, .F. ) ;
#5866 = EDGE_CURVE ( 'NONE', #1054, #8796, #5147, .T. ) ;
#5867 = DIRECTION ( 'NONE',  ( 0.000000000000000000, -1.000000000000000000, 0.000000000000000000 ) ) ;
#5868 = ORIENTED_EDGE ( 'NONE', *, *, #118, .F. ) ;
#5869 = EDGE_CURVE ( 'NONE', #4727, #1340, #6524, .T. ) ;
#5870 = ADVANCED_FACE ( 'NONE', ( #8233 ), #5961, .F. ) ;
#5871 = VECTOR ( 'NONE', #2262, 1000.000000000000000 ) ;
#5872 = LINE ( 'NONE', #3480, #9156 ) ;
#5873 = DIRECTION ( 'NONE',  ( -0.8660254037844379305, 0.5000000000000011102, 0.000000000000000000 ) ) ;
#5874 = CARTESIAN_POINT ( 'NONE',  ( 13.09012614129057717, 11.60576059332731091, 7.400000000000000355 ) ) ;
#5875 = LINE ( 'NONE', #8952, #7584 ) ;
#5876 = VERTEX_POINT ( 'NONE', #435 ) ;
#5877 = AXIS2_PLACEMENT_3D ( 'NONE', #2029, #7356, #1269 ) ;
#5878 = EDGE_CURVE ( 'NONE', #4929, #9568, #2660, .T. ) ;
#5879 = ADVANCED_FACE ( 'NONE', ( #488 ), #9038, .T. ) ;
#5880 = ADVANCED_FACE ( 'NONE', ( #534 ), #6573, .F. ) ;
#5881 = CARTESIAN_POINT ( 'NONE',  ( 65.16983569344401417, 0.000000000000000000, 4.000000000000000000 ) ) ;
#5882 = VERTEX_POINT ( 'NONE', #8135 ) ;
#5883 = CARTESIAN_POINT ( 'NONE',  ( 5.871324698771779538, 34.33421759231527659, 10.00000000000000000 ) ) ;
#5884 = CARTESIAN_POINT ( 'NONE',  ( 36.74646490045099512, 27.79799773735024004, 7.400000000000000355 ) ) ;
#5885 = DIRECTION ( 'NONE',  ( -0.000000000000000000, -0.000000000000000000, 1.000000000000000000 ) ) ;
#5886 = VECTOR ( 'NONE', #2275, 1000.000000000000114 ) ;
#5887 = FACE_OUTER_BOUND ( 'NONE', #3465, .T. ) ;
#5888 = CARTESIAN_POINT ( 'NONE',  ( 53.66683757335877658, 46.18247202539612317, 10.00000000000000000 ) ) ;
#5889 = PLANE ( 'NONE',  #131 ) ;
#5890 = ADVANCED_FACE ( 'NONE', ( #3517 ), #6627, .T. ) ;
#5891 = CARTESIAN_POINT ( 'NONE',  ( 20.40280365961182696, 35.99023488137318338, 7.400000000000000355 ) ) ;
#5892 = DIRECTION ( 'NONE',  ( 0.8660254037844377084, -0.5000000000000015543, 0.000000000000000000 ) ) ;
#5893 = ORIENTED_EDGE ( 'NONE', *, *, #8589, .T. ) ;
#5894 = ORIENTED_EDGE ( 'NONE', *, *, #8317, .F. ) ;
#5895 = EDGE_CURVE ( 'NONE', #6668, #700, #7212, .T. ) ;
#5896 = CARTESIAN_POINT ( 'NONE',  ( 43.66683757335889027, 42.18247202539615159, 7.400000000000000355 ) ) ;
#5897 = CARTESIAN_POINT ( 'NONE',  ( 64.56983569344401985, 40.61884720954800088, 3.399999999999996803 ) ) ;
#5898 = LINE ( 'NONE', #2846, #2186 ) ;
#5899 = CARTESIAN_POINT ( 'NONE',  ( 24.39487291362403099, 57.66326120127521193, 4.000000000000000000 ) ) ;
#5900 = EDGE_CURVE ( 'NONE', #5430, #3743, #5545, .T. ) ;
#5901 = ORIENTED_EDGE ( 'NONE', *, *, #2411, .T. ) ;
#5902 = ORIENTED_EDGE ( 'NONE', *, *, #6151, .F. ) ;
#5903 = LINE ( 'NONE', #8228, #530 ) ;
#5904 = EDGE_LOOP ( 'NONE', ( #6106, #665, #2866, #5943 ) ) ;
#5905 = DIRECTION ( 'NONE',  ( -0.000000000000000000, -0.000000000000000000, 1.000000000000000000 ) ) ;
#5906 = ORIENTED_EDGE ( 'NONE', *, *, #8330, .T. ) ;
#5907 = EDGE_CURVE ( 'NONE', #6457, #5224, #9006, .T. ) ;
#5908 = LINE ( 'NONE', #5054, #5460 ) ;
#5909 = CARTESIAN_POINT ( 'NONE',  ( 73.34807733323548007, 45.95871309031685570, 5.000000000000000000 ) ) ;
#5910 = LINE ( 'NONE', #8985, #3170 ) ;
#5911 = ADVANCED_FACE ( 'NONE', ( #7771 ), #214, .F. ) ;
#5912 = AXIS2_PLACEMENT_3D ( 'NONE', #9839, #9226, #4575 ) ;
#5913 = ORIENTED_EDGE ( 'NONE', *, *, #2037, .F. ) ;
#5914 = EDGE_LOOP ( 'NONE', ( #8586, #5094, #4297, #1246, #876, #3260 ) ) ;
#5915 = DIRECTION ( 'NONE',  ( 1.000000000000000000, 0.000000000000000000, -0.000000000000000000 ) ) ;
#5916 = ORIENTED_EDGE ( 'NONE', *, *, #6634, .T. ) ;
#5917 = VECTOR ( 'NONE', #2291, 1000.000000000000000 ) ;
#5918 = DIRECTION ( 'NONE',  ( 0.8660254037844385966, -0.5000000000000000000, 0.000000000000000000 ) ) ;
#5919 = PLANE ( 'NONE',  #3194 ) ;
#5920 = EDGE_CURVE ( 'NONE', #6192, #8944, #1737, .T. ) ;
#5921 = CARTESIAN_POINT ( 'NONE',  ( -21.63100838201660636, 21.63100838201653531, 0.000000000000000000 ) ) ;
#5922 = DIRECTION ( 'NONE',  ( 0.5773502691896212902, -0.5773502691896212902, -0.5773502691896347239 ) ) ;
#5923 = ORIENTED_EDGE ( 'NONE', *, *, #9220, .F. ) ;
#5924 = ORIENTED_EDGE ( 'NONE', *, *, #514, .F. ) ;
#5925 = AXIS2_PLACEMENT_3D ( 'NONE', #856, #8501, #40 ) ;
#5926 = ORIENTED_EDGE ( 'NONE', *, *, #8846, .F. ) ;
#5927 = CARTESIAN_POINT ( 'NONE',  ( 58.06984934592702530, 35.50332283157010949, -8.271542309605473875 ) ) ;
#5928 = ORIENTED_EDGE ( 'NONE', *, *, #5805, .F. ) ;
#5929 = CARTESIAN_POINT ( 'NONE',  ( 5.873484235277215859, 45.25038475940630889, 6.000000000000000000 ) ) ;
#5930 = VECTOR ( 'NONE', #7647, 1000.000000000000000 ) ;
#5931 = CARTESIAN_POINT ( 'NONE',  ( 47.13093918849664021, 48.18247202539613028, 7.400000000000000355 ) ) ;
#5932 = VECTOR ( 'NONE', #6781, 1000.000000000000000 ) ;
#5933 = FACE_BOUND ( 'NONE', #5563, .T. ) ;
#5934 = LINE ( 'NONE', #2834, #4493 ) ;
#5935 = EDGE_CURVE ( 'NONE', #3962, #5195, #1688, .T. ) ;
#5936 = EDGE_CURVE ( 'NONE', #9392, #4702, #4023, .T. ) ;
#5937 = DIRECTION ( 'NONE',  ( 1.000000000000000000, 0.000000000000000000, -0.000000000000000000 ) ) ;
#5938 = LINE ( 'NONE', #4273, #6621 ) ;
#5939 = ORIENTED_EDGE ( 'NONE', *, *, #4763, .T. ) ;
#5940 = VECTOR ( 'NONE', #2242, 1000.000000000000000 ) ;
#5941 = AXIS2_PLACEMENT_3D ( 'NONE', #143, #7186, #905 ) ;
#5942 = CARTESIAN_POINT ( 'NONE',  ( 23.47460042933622049, 35.99023488137317628, 7.400000000000000355 ) ) ;
#5943 = ORIENTED_EDGE ( 'NONE', *, *, #5578, .F. ) ;
#5944 = ORIENTED_EDGE ( 'NONE', *, *, #4533, .T. ) ;
#5945 = EDGE_CURVE ( 'NONE', #9037, #3402, #6408, .T. ) ;
#5946 = PLANE ( 'NONE',  #331 ) ;
#5947 = LINE ( 'NONE', #3647, #2200 ) ;
#5948 = CARTESIAN_POINT ( 'NONE',  ( 37.13093918849674679, 40.18247202539614449, 10.00000000000000000 ) ) ;
#5949 = CARTESIAN_POINT ( 'NONE',  ( 50.40280365961151432, 31.99023488137319760, 7.400000000000000355 ) ) ;
#5950 = EDGE_CURVE ( 'NONE', #9753, #4033, #3917, .T. ) ;
#5951 = VECTOR ( 'NONE', #8059, 1000.000000000000000 ) ;
#5952 = LINE ( 'NONE', #9029, #7214 ) ;
#5953 = VECTOR ( 'NONE', #6438, 1000.000000000000000 ) ;
#5954 = ORIENTED_EDGE ( 'NONE', *, *, #2283, .F. ) ;
#5955 = EDGE_LOOP ( 'NONE', ( #4288, #1229, #2237, #1846, #680, #6009 ) ) ;
#5956 = FACE_OUTER_BOUND ( 'NONE', #1603, .T. ) ;
#5957 = VERTEX_POINT ( 'NONE', #8675 ) ;
#5958 = VECTOR ( 'NONE', #2571, 1000.000000000000227 ) ;
#5959 = CARTESIAN_POINT ( 'NONE',  ( 33.47460042933611390, 31.99023488137320470, 7.400000000000000355 ) ) ;
#5960 = ORIENTED_EDGE ( 'NONE', *, *, #1380, .F. ) ;
#5961 = PLANE ( 'NONE',  #9172 ) ;
#5962 = CARTESIAN_POINT ( 'NONE',  ( 43.85907471738176611, 56.37470916941907007, 10.00000000000000000 ) ) ;
#5963 = DIRECTION ( 'NONE',  ( 0.000000000000000000, -0.000000000000000000, 1.000000000000000000 ) ) ;
#5964 = VECTOR ( 'NONE', #4476, 1000.000000000000227 ) ;
#5965 = VERTEX_POINT ( 'NONE', #9339 ) ;
#5966 = ORIENTED_EDGE ( 'NONE', *, *, #8902, .T. ) ;
#5967 = LINE ( 'NONE', #6828, #7322 ) ;
#5968 = VERTEX_POINT ( 'NONE', #9483 ) ;
#5969 = EDGE_CURVE ( 'NONE', #5820, #5178, #2405, .T. ) ;
#5970 = VECTOR ( 'NONE', #3941, 999.9999999999998863 ) ;
#5971 = PLANE ( 'NONE',  #2363 ) ;
#5972 = CARTESIAN_POINT ( 'NONE',  ( 30.78727794765747205, 56.37470916941907717, 7.400000000000000355 ) ) ;
#5973 = LINE ( 'NONE', #1397, #2377 ) ;
#5974 = CARTESIAN_POINT ( 'NONE',  ( 77.98218423212703954, 5.000000000000023093, 0.000000000000000000 ) ) ;
#5975 = ORIENTED_EDGE ( 'NONE', *, *, #418, .T. ) ;
#5976 = ORIENTED_EDGE ( 'NONE', *, *, #9095, .F. ) ;
#5977 = VECTOR ( 'NONE', #6912, 999.9999999999998863 ) ;
#5978 = CARTESIAN_POINT ( 'NONE',  ( 80.21056651558834005, 25.79799773735024004, 10.00000000000000000 ) ) ;
#5979 = ORIENTED_EDGE ( 'NONE', *, *, #4905, .F. ) ;
#5980 = DIRECTION ( 'NONE',  ( -0.000000000000000000, -0.000000000000000000, 1.000000000000000000 ) ) ;
#5981 = ORIENTED_EDGE ( 'NONE', *, *, #7657, .F. ) ;
#5982 = EDGE_CURVE ( 'NONE', #3418, #6046, #6463, .T. ) ;
#5983 = EDGE_CURVE ( 'NONE', #9233, #6581, #1639, .T. ) ;
#5984 = CARTESIAN_POINT ( 'NONE',  ( 59.14084972657722261, 0.000000000000000000, 4.000000000000000000 ) ) ;
#5985 = CARTESIAN_POINT ( 'NONE',  ( 54.42884860408192793, 27.75317541498460372, 10.00000000000000000 ) ) ;
#5986 = FACE_BOUND ( 'NONE', #4762, .T. ) ;
#5987 = DIRECTION ( 'NONE',  ( -0.000000000000000000, -0.000000000000000000, -1.000000000000000000 ) ) ;
#5988 = CARTESIAN_POINT ( 'NONE',  ( 5.000000000000122569, 12.01402484683418415, 0.000000000000000000 ) ) ;
#5989 = LINE ( 'NONE', #1664, #4842 ) ;
#5990 = ORIENTED_EDGE ( 'NONE', *, *, #4706, .F. ) ;
#5991 = VECTOR ( 'NONE', #9289, 1000.000000000000000 ) ;
#5992 = DIRECTION ( 'NONE',  ( -0.8660254037844375974, -0.5000000000000016653, 0.000000000000000000 ) ) ;
#5993 = VERTEX_POINT ( 'NONE', #166 ) ;
#5994 = ADVANCED_FACE ( 'NONE', ( #266 ), #6360, .F. ) ;
#5995 = ADVANCED_FACE ( 'NONE', ( #882 ), #980, .F. ) ;
#5996 = VERTEX_POINT ( 'NONE', #7061 ) ;
#5997 = FACE_OUTER_BOUND ( 'NONE', #3368, .T. ) ;
#5998 = LINE ( 'NONE', #6907, #7859 ) ;
#5999 = CARTESIAN_POINT ( 'NONE',  ( 76.93870204447344463, 29.99023488137320115, 10.00000000000000000 ) ) ;
#6000 = DIRECTION ( 'NONE',  ( 0.5000000000000003331, -0.8660254037844385966, 0.000000000000000000 ) ) ;
#6001 = CARTESIAN_POINT ( 'NONE',  ( 65.74084972657725245, 30.61190122397092495, 3.399999999999968825 ) ) ;
#6002 = AXIS2_PLACEMENT_3D ( 'NONE', #7505, #6906, #9986 ) ;
#6003 = ORIENTED_EDGE ( 'NONE', *, *, #9048, .F. ) ;
#6004 = VERTEX_POINT ( 'NONE', #3210 ) ;
#6005 = ORIENTED_EDGE ( 'NONE', *, *, #6038, .F. ) ;
#6006 = DIRECTION ( 'NONE',  ( 0.000000000000000000, 1.000000000000000000, 0.000000000000000000 ) ) ;
#6007 = ORIENTED_EDGE ( 'NONE', *, *, #3775, .T. ) ;
#6008 = EDGE_CURVE ( 'NONE', #393, #2064, #5648, .T. ) ;
#6009 = ORIENTED_EDGE ( 'NONE', *, *, #5826, .F. ) ;
#6010 = DIRECTION ( 'NONE',  ( -0.000000000000000000, 0.000000000000000000, 1.000000000000000000 ) ) ;
#6011 = LINE ( 'NONE', #686, #7841 ) ;
#6012 = FACE_OUTER_BOUND ( 'NONE', #8352, .T. ) ;
#6013 = VERTEX_POINT ( 'NONE', #8627 ) ;
#6014 = VERTEX_POINT ( 'NONE', #4782 ) ;
#6015 = FACE_OUTER_BOUND ( 'NONE', #9964, .T. ) ;
#6016 = VECTOR ( 'NONE', #4701, 1000.000000000000000 ) ;
#6017 = ORIENTED_EDGE ( 'NONE', *, *, #6794, .F. ) ;
#6018 = EDGE_CURVE ( 'NONE', #6983, #8447, #7865, .T. ) ;
#6019 = ORIENTED_EDGE ( 'NONE', *, *, #374, .T. ) ;
#6020 = CARTESIAN_POINT ( 'NONE',  ( 33.47460042933611390, 35.99023488137317628, 7.400000000000000355 ) ) ;
#6021 = CARTESIAN_POINT ( 'NONE',  ( -3.469446951953614189E-14, 58.33397611666537586, 4.000000000000000000 ) ) ;
#6022 = DIRECTION ( 'NONE',  ( -0.8660254037844373753, -0.5000000000000021094, 0.000000000000000000 ) ) ;
#6023 = CARTESIAN_POINT ( 'NONE',  ( 0.000000000000000000, 45.25038475940630889, 4.000000000000000000 ) ) ;
#6024 = EDGE_CURVE ( 'NONE', #6581, #9044, #4329, .T. ) ;
#6025 = ORIENTED_EDGE ( 'NONE', *, *, #9357, .T. ) ;
#6026 = ORIENTED_EDGE ( 'NONE', *, *, #4205, .F. ) ;
#6027 = VERTEX_POINT ( 'NONE', #4180 ) ;
#6028 = CARTESIAN_POINT ( 'NONE',  ( 10.59504080363480760, 46.18247202539613028, 10.00000000000000000 ) ) ;
#6029 = ORIENTED_EDGE ( 'NONE', *, *, #4053, .F. ) ;
#6030 = PLANE ( 'NONE',  #3281 ) ;
#6031 = VERTEX_POINT ( 'NONE', #9634 ) ;
#6032 = VECTOR ( 'NONE', #4788, 1000.000000000000000 ) ;
#6033 = CARTESIAN_POINT ( 'NONE',  ( 55.24511320246803336, 59.97470916941927044, 10.00099999999999945 ) ) ;
#6034 = DIRECTION ( 'NONE',  ( 0.8660254037844384856, 0.5000000000000002220, 0.000000000000000000 ) ) ;
#6035 = DIRECTION ( 'NONE',  ( -0.000000000000000000, -0.000000000000000000, 1.000000000000000000 ) ) ;
#6036 = LINE ( 'NONE', #2176, #3670 ) ;
#6037 = FACE_OUTER_BOUND ( 'NONE', #977, .T. ) ;
#6038 = EDGE_CURVE ( 'NONE', #6817, #4394, #2700, .T. ) ;
#6039 = AXIS2_PLACEMENT_3D ( 'NONE', #3761, #8670, #3403 ) ;
#6040 = CARTESIAN_POINT ( 'NONE',  ( 17.13093918849695996, 40.18247202539614449, 7.400000000000000355 ) ) ;
#6041 = ORIENTED_EDGE ( 'NONE', *, *, #4763, .F. ) ;
#6042 = EDGE_CURVE ( 'NONE', #7423, #2595, #8077, .T. ) ;
#6043 = VERTEX_POINT ( 'NONE', #8777 ) ;
#6044 = EDGE_CURVE ( 'NONE', #6816, #4832, #5802, .T. ) ;
#6045 = LINE ( 'NONE', #2840, #6365 ) ;
#6046 = VERTEX_POINT ( 'NONE', #3597 ) ;
#6047 = ORIENTED_EDGE ( 'NONE', *, *, #4925, .T. ) ;
#6048 = VECTOR ( 'NONE', #9221, 999.9999999999998863 ) ;
#6049 = FACE_OUTER_BOUND ( 'NONE', #9371, .T. ) ;
#6050 = CARTESIAN_POINT ( 'NONE',  ( 5.875044450089794701, 53.13706121412302252, 0.000000000000000000 ) ) ;
#6051 = PLANE ( 'NONE',  #5912 ) ;
#6052 = CARTESIAN_POINT ( 'NONE',  ( 23.73212781767187707, 57.66334277808476827, 4.000000000000000000 ) ) ;
#6053 = DIRECTION ( 'NONE',  ( 0.000000000000000000, 1.000000000000000000, 0.000000000000000000 ) ) ;
#6054 = CARTESIAN_POINT ( 'NONE',  ( 47.32317633251951605, 58.37470916941907717, 7.400000000000000355 ) ) ;
#6055 = EDGE_CURVE ( 'NONE', #135, #9925, #4280, .T. ) ;
#6056 = ORIENTED_EDGE ( 'NONE', *, *, #1476, .T. ) ;
#6057 = ORIENTED_EDGE ( 'NONE', *, *, #4823, .T. ) ;
#6058 = PLANE ( 'NONE',  #5710 ) ;
#6059 = ORIENTED_EDGE ( 'NONE', *, *, #8704, .T. ) ;
#6060 = ORIENTED_EDGE ( 'NONE', *, *, #5292, .T. ) ;
#6061 = CARTESIAN_POINT ( 'NONE',  ( 0.000000000000000000, 0.000000000000000000, 7.400000000000000355 ) ) ;
#6062 = DIRECTION ( 'NONE',  ( -0.000000000000000000, -0.000000000000000000, -1.000000000000000000 ) ) ;
#6063 = CARTESIAN_POINT ( 'NONE',  ( 60.59504080363427647, 46.18247202539613028, 10.00000000000000000 ) ) ;
#6064 = ADVANCED_FACE ( 'NONE', ( #7361 ), #6707, .F. ) ;
#6065 = ADVANCED_FACE ( 'NONE', ( #5695 ), #5848, .F. ) ;
#6066 = ORIENTED_EDGE ( 'NONE', *, *, #1588, .T. ) ;
#6067 = ORIENTED_EDGE ( 'NONE', *, *, #1028, .F. ) ;
#6068 = CARTESIAN_POINT ( 'NONE',  ( 43.47460042933601443, 35.99023488137317628, 7.400000000000000355 ) ) ;
#6069 = ORIENTED_EDGE ( 'NONE', *, *, #739, .F. ) ;
#6070 = ORIENTED_EDGE ( 'NONE', *, *, #1973, .F. ) ;
#6071 = LINE ( 'NONE', #2211, #1228 ) ;
#6072 = DIRECTION ( 'NONE',  ( 0.0001978291858416224519, 0.9999999804318063790, -0.000000000000000000 ) ) ;
#6073 = ADVANCED_FACE ( 'NONE', ( #8125 ), #1274, .F. ) ;
#6074 = CARTESIAN_POINT ( 'NONE',  ( 24.39487291362403454, 53.90641816659306329, 6.000000000000000000 ) ) ;
#6075 = CARTESIAN_POINT ( 'NONE',  ( 13.85907471738207697, 56.37470916941907007, 10.00000000000000000 ) ) ;
#6076 = VERTEX_POINT ( 'NONE', #7455 ) ;
#6077 = VERTEX_POINT ( 'NONE', #5746 ) ;
#6078 = DIRECTION ( 'NONE',  ( -0.8660254037844379305, 0.5000000000000011102, 0.000000000000000000 ) ) ;
#6079 = VERTEX_POINT ( 'NONE', #523 ) ;
#6080 = PLANE ( 'NONE',  #1179 ) ;
#6081 = VECTOR ( 'NONE', #3408, 1000.000000000000000 ) ;
#6082 = ORIENTED_EDGE ( 'NONE', *, *, #642, .T. ) ;
#6083 = FACE_OUTER_BOUND ( 'NONE', #6251, .T. ) ;
#6084 = CARTESIAN_POINT ( 'NONE',  ( 16.55422775642833244, 17.60576059332729670, 7.400000000000000355 ) ) ;
#6085 = FACE_OUTER_BOUND ( 'NONE', #7964, .T. ) ;
#6086 = AXIS2_PLACEMENT_3D ( 'NONE', #4434, #4344, #3562 ) ;
#6087 = CARTESIAN_POINT ( 'NONE',  ( 26.93870204447397754, 29.99023488137320115, 10.00000000000000000 ) ) ;
#6088 = DIRECTION ( 'NONE',  ( 0.000000000000000000, 0.000000000000000000, 1.000000000000000000 ) ) ;
#6089 = EDGE_CURVE ( 'NONE', #4667, #9591, #1942, .T. ) ;
#6090 = AXIS2_PLACEMENT_3D ( 'NONE', #9522, #966, #5486 ) ;
#6091 = CARTESIAN_POINT ( 'NONE',  ( 5.871324698771779538, 34.33421759231527659, 7.400000000000000355 ) ) ;
#6092 = ORIENTED_EDGE ( 'NONE', *, *, #644, .T. ) ;
#6093 = DIRECTION ( 'NONE',  ( -0.8660254037844385966, 0.5000000000000000000, 0.000000000000000000 ) ) ;
#6094 = ORIENTED_EDGE ( 'NONE', *, *, #7162, .T. ) ;
#6095 = VECTOR ( 'NONE', #2946, 1000.000000000000000 ) ;
#6096 = VERTEX_POINT ( 'NONE', #6664 ) ;
#6097 = AXIS2_PLACEMENT_3D ( 'NONE', #4695, #3829, #8591 ) ;
#6098 = DIRECTION ( 'NONE',  ( -0.7071067811865455743, 0.7071067811865493491, 0.000000000000000000 ) ) ;
#6099 = DIRECTION ( 'NONE',  ( -0.7100637267678131526, -0.7041374183556817767, 0.000000000000000000 ) ) ;
#6100 = FACE_OUTER_BOUND ( 'NONE', #9222, .T. ) ;
#6101 = DIRECTION ( 'NONE',  ( 0.0001978291858416224519, 0.9999999804318063790, -0.000000000000000000 ) ) ;
#6102 = CARTESIAN_POINT ( 'NONE',  ( 63.66683757335867000, 46.18247202539612317, 7.400000000000000355 ) ) ;
#6103 = CARTESIAN_POINT ( 'NONE',  ( 50.40280365961151432, 31.99023488137319760, 7.400000000000000355 ) ) ;
#6104 = VECTOR ( 'NONE', #5815, 1000.000000000000000 ) ;
#6105 = AXIS2_PLACEMENT_3D ( 'NONE', #5174, #2230, #3793 ) ;
#6106 = ORIENTED_EDGE ( 'NONE', *, *, #5719, .T. ) ;
#6107 = ORIENTED_EDGE ( 'NONE', *, *, #8523, .T. ) ;
#6108 = CARTESIAN_POINT ( 'NONE',  ( 50.78727794765726600, 56.37470916941907717, 7.400000000000000355 ) ) ;
#6109 = ORIENTED_EDGE ( 'NONE', *, *, #8647, .F. ) ;
#6110 = ORIENTED_EDGE ( 'NONE', *, *, #4157, .T. ) ;
#6111 = ADVANCED_FACE ( 'NONE', ( #9735 ), #6511, .F. ) ;
#6112 = DIRECTION ( 'NONE',  ( -1.000000000000000000, 1.652117596168386770E-15, 0.000000000000000000 ) ) ;
#6113 = VECTOR ( 'NONE', #623, 1000.000000000000000 ) ;
#6114 = VECTOR ( 'NONE', #1571, 1000.000000000000000 ) ;
#6115 = CARTESIAN_POINT ( 'NONE',  ( 7.130939188497061210, 48.18247202539613028, 7.400000000000000355 ) ) ;
#6116 = FACE_OUTER_BOUND ( 'NONE', #8380, .T. ) ;
#6117 = ORIENTED_EDGE ( 'NONE', *, *, #8338, .T. ) ;
#6118 = ORIENTED_EDGE ( 'NONE', *, *, #2825, .F. ) ;
#6119 = AXIS2_PLACEMENT_3D ( 'NONE', #957, #9263, #7185 ) ;
#6120 = DIRECTION ( 'NONE',  ( 1.000000000000000000, -0.000000000000000000, 0.000000000000000000 ) ) ;
#6121 = ORIENTED_EDGE ( 'NONE', *, *, #9307, .T. ) ;
#6122 = ADVANCED_FACE ( 'NONE', ( #321 ), #2799, .F. ) ;
#6123 = AXIS2_PLACEMENT_3D ( 'NONE', #1250, #9713, #5065 ) ;
#6124 = DIRECTION ( 'NONE',  ( -0.000000000000000000, 1.000000000000000000, 0.000000000000000000 ) ) ;
#6125 = LINE ( 'NONE', #3779, #285 ) ;
#6126 = CARTESIAN_POINT ( 'NONE',  ( 47.32317633251951605, 58.37470916941907717, 10.00000000000000000 ) ) ;
#6127 = DIRECTION ( 'NONE',  ( -0.000000000000000000, -0.000000000000000000, -1.000000000000000000 ) ) ;
#6128 = ORIENTED_EDGE ( 'NONE', *, *, #6943, .T. ) ;
#6129 = EDGE_LOOP ( 'NONE', ( #2326, #2144, #8922, #4595 ) ) ;
#6130 = DIRECTION ( 'NONE',  ( -0.8660254037844378194, -0.5000000000000013323, 0.000000000000000000 ) ) ;
#6131 = ORIENTED_EDGE ( 'NONE', *, *, #7471, .F. ) ;
#6132 = VECTOR ( 'NONE', #7227, 1000.000000000000000 ) ;
#6133 = DIRECTION ( 'NONE',  ( 0.000000000000000000, 0.000000000000000000, -1.000000000000000000 ) ) ;
#6134 = VERTEX_POINT ( 'NONE', #1074 ) ;
#6135 = EDGE_CURVE ( 'NONE', #4639, #6955, #1890, .T. ) ;
#6136 = EDGE_CURVE ( 'NONE', #393, #3972, #1991, .T. ) ;
#6137 = CYLINDRICAL_SURFACE ( 'NONE', #7064, 1.699999999999993072 ) ;
#6138 = FACE_OUTER_BOUND ( 'NONE', #1654, .T. ) ;
#6139 = PLANE ( 'NONE',  #6434 ) ;
#6140 = CIRCLE ( 'NONE', #955, 1.699999999999979305 ) ;
#6141 = CARTESIAN_POINT ( 'NONE',  ( 16.55422775642833244, 17.60576059332729670, 10.00000000000000000 ) ) ;
#6142 = DIRECTION ( 'NONE',  ( -2.518321216464164144E-16, 1.000000000000000000, 0.000000000000000000 ) ) ;
#6143 = ORIENTED_EDGE ( 'NONE', *, *, #4841, .F. ) ;
#6144 = DIRECTION ( 'NONE',  ( -1.000000000000000000, 0.000000000000000000, 0.000000000000000000 ) ) ;
#6145 = ORIENTED_EDGE ( 'NONE', *, *, #3415, .F. ) ;
#6146 = AXIS2_PLACEMENT_3D ( 'NONE', #4978, #8063, #6451 ) ;
#6147 = ORIENTED_EDGE ( 'NONE', *, *, #9363, .T. ) ;
#6148 = DIRECTION ( 'NONE',  ( -0.000000000000000000, -0.000000000000000000, -1.000000000000000000 ) ) ;
#6149 = DIRECTION ( 'NONE',  ( -0.000000000000000000, -0.000000000000000000, 1.000000000000000000 ) ) ;
#6150 = FACE_OUTER_BOUND ( 'NONE', #1186, .T. ) ;
#6151 = EDGE_CURVE ( 'NONE', #3412, #5526, #1223, .T. ) ;
#6152 = CARTESIAN_POINT ( 'NONE',  ( 73.66683757335856342, 42.18247202539615159, 7.400000000000000355 ) ) ;
#6153 = DIRECTION ( 'NONE',  ( -0.8660254037844379305, 0.5000000000000011102, 0.000000000000000000 ) ) ;
#6154 = DIRECTION ( 'NONE',  ( -0.000000000000000000, -0.000000000000000000, 1.000000000000000000 ) ) ;
#6155 = DIRECTION ( 'NONE',  ( -0.8660254037844379305, 0.5000000000000011102, 0.000000000000000000 ) ) ;
#6156 = ORIENTED_EDGE ( 'NONE', *, *, #8107, .F. ) ;
#6157 = ORIENTED_EDGE ( 'NONE', *, *, #919, .T. ) ;
#6158 = CARTESIAN_POINT ( 'NONE',  ( 70.78727794765704573, 56.37470916941907717, 10.00000000000000000 ) ) ;
#6159 = VERTEX_POINT ( 'NONE', #2034 ) ;
#6160 = VERTEX_POINT ( 'NONE', #5136 ) ;
#6161 = DIRECTION ( 'NONE',  ( -1.000000000000000000, 3.011203194556595896E-16, 0.000000000000000000 ) ) ;
#6162 = VECTOR ( 'NONE', #5647, 1000.000000000000000 ) ;
#6163 = CARTESIAN_POINT ( 'NONE',  ( 46.94653210253800779, 34.88980021391638076, 0.9599999985689978699 ) ) ;
#6164 = LINE ( 'NONE', #3010, #4644 ) ;
#6165 = EDGE_CURVE ( 'NONE', #9044, #1952, #5947, .T. ) ;
#6166 = EDGE_CURVE ( 'NONE', #9272, #5301, #2845, .T. ) ;
#6167 = EDGE_LOOP ( 'NONE', ( #6711, #5629, #7438, #366 ) ) ;
#6168 = ORIENTED_EDGE ( 'NONE', *, *, #3943, .F. ) ;
#6169 = LINE ( 'NONE', #3825, #6520 ) ;
#6170 = ORIENTED_EDGE ( 'NONE', *, *, #5372, .F. ) ;
#6171 = LINE ( 'NONE', #1650, #1552 ) ;
#6172 = DIRECTION ( 'NONE',  ( -0.8660254037844378194, -0.5000000000000013323, 0.000000000000000000 ) ) ;
#6173 = LINE ( 'NONE', #595, #8394 ) ;
#6174 = ORIENTED_EDGE ( 'NONE', *, *, #8993, .F. ) ;
#6175 = ORIENTED_EDGE ( 'NONE', *, *, #9704, .F. ) ;
#6176 = EDGE_CURVE ( 'NONE', #6668, #8023, #7560, .T. ) ;
#6177 = EDGE_CURVE ( 'NONE', #4876, #6228, #9077, .T. ) ;
#6178 = DIRECTION ( 'NONE',  ( -0.8660254037844377084, -0.5000000000000016653, 0.000000000000000000 ) ) ;
#6179 = ORIENTED_EDGE ( 'NONE', *, *, #832, .F. ) ;
#6180 = LINE ( 'NONE', #8498, #8948 ) ;
#6181 = VERTEX_POINT ( 'NONE', #6050 ) ;
#6182 = CARTESIAN_POINT ( 'NONE',  ( 24.39487291362403099, 59.35339717067414256, 0.000000000000000000 ) ) ;
#6183 = DIRECTION ( 'NONE',  ( 1.000000000000000000, 0.000000000000000000, -0.000000000000000000 ) ) ;
#6184 = CARTESIAN_POINT ( 'NONE',  ( 55.42884860408193504, 23.35317541498460159, 7.400000000000002132 ) ) ;
#6185 = PLANE ( 'NONE',  #2694 ) ;
#6186 = DIRECTION ( 'NONE',  ( -0.8660254037844377084, 0.5000000000000015543, 0.000000000000000000 ) ) ;
#6187 = ORIENTED_EDGE ( 'NONE', *, *, #9929, .F. ) ;
#6188 = EDGE_CURVE ( 'NONE', #8944, #7723, #3671, .T. ) ;
#6189 = EDGE_CURVE ( 'NONE', #8186, #1636, #4619, .T. ) ;
#6190 = EDGE_CURVE ( 'NONE', #2312, #6854, #5230, .T. ) ;
#6191 = CARTESIAN_POINT ( 'NONE',  ( 78.03094427258407961, 40.70209020296626079, 10.00000000000000000 ) ) ;
#6192 = VERTEX_POINT ( 'NONE', #2185 ) ;
#6193 = ORIENTED_EDGE ( 'NONE', *, *, #3008, .F. ) ;
#6194 = CARTESIAN_POINT ( 'NONE',  ( 65.74084972657723824, 23.61190122397092495, 3.399999999999968825 ) ) ;
#6195 = CARTESIAN_POINT ( 'NONE',  ( 18.61060500309818977, 30.68592075184099599, 3.399999999999983036 ) ) ;
#6196 = CARTESIAN_POINT ( 'NONE',  ( 40.21056651558873796, 23.35317541498461225, 10.00000000000000000 ) ) ;
#6197 = VECTOR ( 'NONE', #2145, 1000.000000000000227 ) ;
#6198 = EDGE_CURVE ( 'NONE', #6817, #5424, #9177, .T. ) ;
#6199 = CARTESIAN_POINT ( 'NONE',  ( 53.47460042933590074, 35.99023488137317628, 7.400000000000000355 ) ) ;
#6200 = CARTESIAN_POINT ( 'NONE',  ( 23.47460042933622049, 35.99023488137317628, 7.400000000000000355 ) ) ;
#6201 = DIRECTION ( 'NONE',  ( -0.5000000000000001110, -0.8660254037844387076, 0.000000000000000000 ) ) ;
#6202 = PLANE ( 'NONE',  #2881 ) ;
#6203 = ORIENTED_EDGE ( 'NONE', *, *, #1177, .T. ) ;
#6204 = ORIENTED_EDGE ( 'NONE', *, *, #8980, .T. ) ;
#6205 = CARTESIAN_POINT ( 'NONE',  ( 66.93870204447355832, 29.99023488137320115, 10.00000000000000000 ) ) ;
#6206 = VECTOR ( 'NONE', #9683, 1000.000000000000000 ) ;
#6207 = ORIENTED_EDGE ( 'NONE', *, *, #5251, .T. ) ;
#6208 = EDGE_CURVE ( 'NONE', #9898, #9074, #4528, .T. ) ;
#6209 = ORIENTED_EDGE ( 'NONE', *, *, #9095, .T. ) ;
#6210 = CARTESIAN_POINT ( 'NONE',  ( 64.56983569344401985, 35.50332283157010949, 3.399999999999996803 ) ) ;
#6211 = LINE ( 'NONE', #20, #8490 ) ;
#6212 = DIRECTION ( 'NONE',  ( 0.5000000000000008882, 0.8660254037844381525, 0.000000000000000000 ) ) ;
#6213 = EDGE_LOOP ( 'NONE', ( #8134, #125, #583, #7590 ) ) ;
#6214 = VECTOR ( 'NONE', #1033, 1000.000000000000000 ) ;
#6215 = VECTOR ( 'NONE', #3978, 1000.000000000000000 ) ;
#6216 = VERTEX_POINT ( 'NONE', #7610 ) ;
#6217 = ORIENTED_EDGE ( 'NONE', *, *, #404, .T. ) ;
#6218 = DIRECTION ( 'NONE',  ( 0.000000000000000000, 0.000000000000000000, -1.000000000000000000 ) ) ;
#6219 = ORIENTED_EDGE ( 'NONE', *, *, #8275, .F. ) ;
#6220 = ADVANCED_FACE ( 'NONE', ( #7661 ), #5281, .F. ) ;
#6221 = VERTEX_POINT ( 'NONE', #770 ) ;
#6222 = FACE_OUTER_BOUND ( 'NONE', #9245, .T. ) ;
#6223 = CARTESIAN_POINT ( 'NONE',  ( 20.59504080363470280, 46.18247202539613028, 10.00000000000000000 ) ) ;
#6224 = DIRECTION ( 'NONE',  ( -0.000000000000000000, 0.000000000000000000, -1.000000000000000000 ) ) ;
#6225 = ORIENTED_EDGE ( 'NONE', *, *, #8488, .F. ) ;
#6226 = ORIENTED_EDGE ( 'NONE', *, *, #1621, .T. ) ;
#6227 = LINE ( 'NONE', #5468, #3737 ) ;
#6228 = VERTEX_POINT ( 'NONE', #720 ) ;
#6229 = DIRECTION ( 'NONE',  ( -0.5000000000000001110, -0.8660254037844387076, 0.000000000000000000 ) ) ;
#6230 = EDGE_CURVE ( 'NONE', #4639, #7604, #5998, .T. ) ;
#6231 = EDGE_CURVE ( 'NONE', #4454, #7090, #5381, .T. ) ;
#6232 = DIRECTION ( 'NONE',  ( 0.8660254037844384856, 0.5000000000000002220, 0.000000000000000000 ) ) ;
#6233 = LINE ( 'NONE', #9410, #6606 ) ;
#6234 = LINE ( 'NONE', #3180, #280 ) ;
#6235 = DIRECTION ( 'NONE',  ( 0.000000000000000000, 1.000000000000000000, 0.000000000000000000 ) ) ;
#6236 = ORIENTED_EDGE ( 'NONE', *, *, #4715, .T. ) ;
#6237 = VECTOR ( 'NONE', #8434, 1000.000000000000114 ) ;
#6238 = CARTESIAN_POINT ( 'NONE',  ( 27.13093918849684982, 48.18247202539613028, 10.00000000000000000 ) ) ;
#6239 = VERTEX_POINT ( 'NONE', #3856 ) ;
#6240 = ORIENTED_EDGE ( 'NONE', *, *, #9872, .T. ) ;
#6241 = CARTESIAN_POINT ( 'NONE',  ( 78.02831089662203112, 12.45999491999002373, 10.00000000000000000 ) ) ;
#6242 = EDGE_CURVE ( 'NONE', #6854, #6904, #5183, .T. ) ;
#6243 = EDGE_CURVE ( 'NONE', #3547, #4362, #8269, .T. ) ;
#6244 = CARTESIAN_POINT ( 'NONE',  ( 40.21056651558873796, 23.35317541498461225, 7.400000000000000355 ) ) ;
#6245 = VECTOR ( 'NONE', #1820, 1000.000000000000227 ) ;
#6246 = DIRECTION ( 'NONE',  ( 0.000000000000000000, 1.000000000000000000, 0.000000000000000000 ) ) ;
#6247 = DIRECTION ( 'NONE',  ( 0.8660254037844385966, -0.5000000000000000000, 0.000000000000000000 ) ) ;
#6248 = CARTESIAN_POINT ( 'NONE',  ( 5.875044450089794701, 53.13706121412302252, 4.000000000000000000 ) ) ;
#6249 = LINE ( 'NONE', #9229, #8886 ) ;
#6250 = DIRECTION ( 'NONE',  ( -0.000000000000000000, -0.000000000000000000, 1.000000000000000000 ) ) ;
#6251 = EDGE_LOOP ( 'NONE', ( #6704, #7568, #9369, #5155 ) ) ;
#6252 = EDGE_LOOP ( 'NONE', ( #302, #4741, #1171, #8189 ) ) ;
#6253 = VECTOR ( 'NONE', #5836, 1000.000000000000227 ) ;
#6254 = AXIS2_PLACEMENT_3D ( 'NONE', #1861, #6586, #2773 ) ;
#6255 = DIRECTION ( 'NONE',  ( 0.7071067811865449082, 0.7071067811865502373, -0.000000000000000000 ) ) ;
#6256 = EDGE_LOOP ( 'NONE', ( #6865, #6427, #5144, #7408 ) ) ;
#6257 = ORIENTED_EDGE ( 'NONE', *, *, #2283, .T. ) ;
#6258 = CARTESIAN_POINT ( 'NONE',  ( 17.46155956311902457, 19.96343870725181802, 10.00000000000000000 ) ) ;
#6259 = EDGE_CURVE ( 'NONE', #158, #3352, #1321, .T. ) ;
#6260 = CARTESIAN_POINT ( 'NONE',  ( 23.66683757335909633, 42.18247202539615159, 7.400000000000000355 ) ) ;
#6261 = LINE ( 'NONE', #883, #892 ) ;
#6262 = CARTESIAN_POINT ( 'NONE',  ( 30.40280365961172038, 35.99023488137318338, 7.400000000000000355 ) ) ;
#6263 = VECTOR ( 'NONE', #7373, 1000.000000000000227 ) ;
#6264 = VECTOR ( 'NONE', #6813, 1000.000000000000000 ) ;
#6265 = ORIENTED_EDGE ( 'NONE', *, *, #5861, .T. ) ;
#6266 = EDGE_LOOP ( 'NONE', ( #1404, #3863, #7440, #3429 ) ) ;
#6267 = DIRECTION ( 'NONE',  ( -0.8660254037844379305, 0.5000000000000011102, 0.000000000000000000 ) ) ;
#6268 = VERTEX_POINT ( 'NONE', #3050 ) ;
#6269 = ORIENTED_EDGE ( 'NONE', *, *, #2851, .T. ) ;
#6270 = VECTOR ( 'NONE', #9242, 1000.000000000000000 ) ;
#6271 = AXIS2_PLACEMENT_3D ( 'NONE', #959, #858, #2380 ) ;
#6272 = CARTESIAN_POINT ( 'NONE',  ( 5.872625374704102619, 40.90895984451453415, 10.00099999999999945 ) ) ;
#6273 = LINE ( 'NONE', #2319, #9478 ) ;
#6274 = DIRECTION ( 'NONE',  ( -0.8660254037844378194, -0.5000000000000013323, 0.000000000000000000 ) ) ;
#6275 = VECTOR ( 'NONE', #6910, 1000.000000000000114 ) ;
#6276 = VECTOR ( 'NONE', #7267, 1000.000000000000000 ) ;
#6277 = FACE_OUTER_BOUND ( 'NONE', #6481, .T. ) ;
#6278 = VERTEX_POINT ( 'NONE', #1430 ) ;
#6279 = EDGE_LOOP ( 'NONE', ( #5163, #549, #3946, #3524 ) ) ;
#6280 = DIRECTION ( 'NONE',  ( 0.8660254037844385966, -0.5000000000000000000, 0.000000000000000000 ) ) ;
#6281 = ORIENTED_EDGE ( 'NONE', *, *, #9304, .F. ) ;
#6282 = EDGE_CURVE ( 'NONE', #6509, #3155, #6860, .T. ) ;
#6283 = VECTOR ( 'NONE', #30, 1000.000000000000000 ) ;
#6284 = VECTOR ( 'NONE', #4160, 1000.000000000000000 ) ;
#6285 = FACE_OUTER_BOUND ( 'NONE', #4480, .T. ) ;
#6286 = LINE ( 'NONE', #9365, #7245 ) ;
#6287 = CARTESIAN_POINT ( 'NONE',  ( 22.61060500309813293, 26.68592075184105994, -0.6000000000000474953 ) ) ;
#6288 = DIRECTION ( 'NONE',  ( -1.000000000000000000, 0.000000000000000000, 0.000000000000000000 ) ) ;
#6289 = ORIENTED_EDGE ( 'NONE', *, *, #3934, .T. ) ;
#6290 = VECTOR ( 'NONE', #6186, 1000.000000000000227 ) ;
#6291 = VECTOR ( 'NONE', #7095, 1000.000000000000114 ) ;
#6292 = ADVANCED_FACE ( 'NONE', ( #2240 ), #8420, .F. ) ;
#6293 = AXIS2_PLACEMENT_3D ( 'NONE', #1353, #3164, #7172 ) ;
#6294 = ADVANCED_FACE ( 'NONE', ( #8469 ), #6301, .F. ) ;
#6295 = EDGE_CURVE ( 'NONE', #5624, #1462, #4670, .T. ) ;
#6296 = LINE ( 'NONE', #910, #4591 ) ;
#6297 = VERTEX_POINT ( 'NONE', #3240 ) ;
#6298 = VERTEX_POINT ( 'NONE', #8563 ) ;
#6299 = LINE ( 'NONE', #4004, #1744 ) ;
#6300 = VECTOR ( 'NONE', #5067, 1000.000000000000114 ) ;
#6301 = PLANE ( 'NONE',  #5795 ) ;
#6302 = CARTESIAN_POINT ( 'NONE',  ( 80.21056651558834005, 25.79799773735024004, 7.400000000000000355 ) ) ;
#6303 = DIRECTION ( 'NONE',  ( -0.000000000000000000, -0.000000000000000000, 1.000000000000000000 ) ) ;
#6304 = CARTESIAN_POINT ( 'NONE',  ( 6.293389235082327845E-14, 38.09286487643519337, 4.000000000000000000 ) ) ;
#6305 = LINE ( 'NONE', #4772, #5977 ) ;
#6306 = DIRECTION ( 'NONE',  ( 0.8660254037844384856, 0.5000000000000002220, 0.000000000000000000 ) ) ;
#6307 = ORIENTED_EDGE ( 'NONE', *, *, #976, .T. ) ;
#6308 = ORIENTED_EDGE ( 'NONE', *, *, #102, .F. ) ;
#6309 = EDGE_CURVE ( 'NONE', #7286, #4286, #3902, .T. ) ;
#6310 = ADVANCED_FACE ( 'NONE', ( #5432 ), #1673, .F. ) ;
#6311 = AXIS2_PLACEMENT_3D ( 'NONE', #5010, #5665, #286 ) ;
#6312 = DIRECTION ( 'NONE',  ( -1.000000000000000000, 0.000000000000000000, 0.000000000000000000 ) ) ;
#6313 = VERTEX_POINT ( 'NONE', #3094 ) ;
#6314 = ORIENTED_EDGE ( 'NONE', *, *, #9380, .F. ) ;
#6315 = CARTESIAN_POINT ( 'NONE',  ( 66.34084972657718993, -1.315234622136491798E-13, 4.000000000000000000 ) ) ;
#6316 = CARTESIAN_POINT ( 'NONE',  ( 73.66683757335856342, 46.18247202539612317, 7.400000000000000355 ) ) ;
#6317 = PLANE ( 'NONE',  #6406 ) ;
#6318 = SURFACE_STYLE_USAGE ( .BOTH. , #9342 ) ;
#6319 = EDGE_LOOP ( 'NONE', ( #4002, #5676, #2261, #5597 ) ) ;
#6320 = ORIENTED_EDGE ( 'NONE', *, *, #7552, .F. ) ;
#6321 = EDGE_CURVE ( 'NONE', #9255, #651, #151, .T. ) ;
#6322 = LINE ( 'NONE', #4742, #2623 ) ;
#6323 = ORIENTED_EDGE ( 'NONE', *, *, #3063, .F. ) ;
#6324 = ORIENTED_EDGE ( 'NONE', *, *, #1405, .F. ) ;
#6325 = VECTOR ( 'NONE', #1936, 1000.000000000000000 ) ;
#6326 = CARTESIAN_POINT ( 'NONE',  ( 37.13093918849674679, 48.18247202539613028, 7.400000000000000355 ) ) ;
#6327 = LINE ( 'NONE', #4646, #427 ) ;
#6328 = EDGE_CURVE ( 'NONE', #1019, #3613, #6393, .T. ) ;
#6329 = CARTESIAN_POINT ( 'NONE',  ( 40.83180065388673796, 43.69286487643512373, 1.699885383662997906 ) ) ;
#6330 = ORIENTED_EDGE ( 'NONE', *, *, #1893, .F. ) ;
#6331 = VECTOR ( 'NONE', #2238, 999.9999999999998863 ) ;
#6332 = DIRECTION ( 'NONE',  ( 0.5000000000000003331, -0.8660254037844385966, 0.000000000000000000 ) ) ;
#6333 = ORIENTED_EDGE ( 'NONE', *, *, #7644, .T. ) ;
#6334 = EDGE_LOOP ( 'NONE', ( #9996, #4055, #3435, #4142 ) ) ;
#6335 = EDGE_CURVE ( 'NONE', #2596, #183, #9420, .T. ) ;
#6336 = CARTESIAN_POINT ( 'NONE',  ( 30.59504080363459622, 46.18247202539613028, 7.400000000000000355 ) ) ;
#6337 = ORIENTED_EDGE ( 'NONE', *, *, #7867, .F. ) ;
#6338 = EDGE_CURVE ( 'NONE', #3680, #2064, #1627, .T. ) ;
#6339 = LINE ( 'NONE', #5620, #7525 ) ;
#6340 = LINE ( 'NONE', #6384, #7404 ) ;
#6341 = PLANE ( 'NONE',  #6751 ) ;
#6342 = DIRECTION ( 'NONE',  ( 0.7071067811865474617, -0.7071067811865474617, -0.000000000000000000 ) ) ;
#6343 = EDGE_LOOP ( 'NONE', ( #3710, #5926, #9439, #1204 ) ) ;
#6344 = CARTESIAN_POINT ( 'NONE',  ( 23.85907471738197216, 52.37470916941909849, 7.400000000000000355 ) ) ;
#6345 = EDGE_LOOP ( 'NONE', ( #6109, #9844, #5833, #6775 ) ) ;
#6346 = DIRECTION ( 'NONE',  ( -0.000000000000000000, -0.000000000000000000, -1.000000000000000000 ) ) ;
#6347 = CARTESIAN_POINT ( 'NONE',  ( 76.16692151384303600, 56.44252476504900073, 10.00099999999999945 ) ) ;
#6348 = CARTESIAN_POINT ( 'NONE',  ( 35.31659869789939421, 23.25986680927776362, -8.229933404638899219 ) ) ;
#6349 = DIRECTION ( 'NONE',  ( -1.000000000000000000, 0.000000000000000000, 0.000000000000000000 ) ) ;
#6350 = LINE ( 'NONE', #6248, #914 ) ;
#6351 = DIRECTION ( 'NONE',  ( 1.000000000000000000, 0.000000000000000000, -0.000000000000000000 ) ) ;
#6352 = DIRECTION ( 'NONE',  ( 1.000000000000000000, 0.000000000000000000, 0.000000000000000000 ) ) ;
#6353 = ORIENTED_EDGE ( 'NONE', *, *, #3975, .T. ) ;
#6354 = VERTEX_POINT ( 'NONE', #3290 ) ;
#6355 = LINE ( 'NONE', #4173, #9098 ) ;
#6356 = ORIENTED_EDGE ( 'NONE', *, *, #7139, .F. ) ;
#6357 = EDGE_LOOP ( 'NONE', ( #4117, #1741, #5085, #2166, #8644, #1887 ) ) ;
#6358 = AXIS2_PLACEMENT_3D ( 'NONE', #1081, #6519, #3307 ) ;
#6359 = DIRECTION ( 'NONE',  ( 1.000000000000000000, -0.000000000000000000, 0.000000000000000000 ) ) ;
#6360 = PLANE ( 'NONE',  #9965 ) ;
#6361 = DIRECTION ( 'NONE',  ( 0.8660254037844385966, -0.5000000000000000000, 0.000000000000000000 ) ) ;
#6362 = PRESENTATION_STYLE_ASSIGNMENT (( #6318 ) ) ;
#6363 = ADVANCED_FACE ( 'NONE', ( #1581 ), #54, .F. ) ;
#6364 = ADVANCED_FACE ( 'NONE', ( #2529 ), #2342, .F. ) ;
#6365 = VECTOR ( 'NONE', #5892, 1000.000000000000227 ) ;
#6366 = ORIENTED_EDGE ( 'NONE', *, *, #1714, .F. ) ;
#6367 = ORIENTED_EDGE ( 'NONE', *, *, #3667, .T. ) ;
#6368 = PLANE ( 'NONE',  #39 ) ;
#6369 = ORIENTED_EDGE ( 'NONE', *, *, #2912, .T. ) ;
#6370 = EDGE_LOOP ( 'NONE', ( #5376, #6754, #8427, #5363 ) ) ;
#6371 = VECTOR ( 'NONE', #4816, 1000.000000000000114 ) ;
#6372 = CARTESIAN_POINT ( 'NONE',  ( 70.40280365961129405, 31.99023488137319760, 7.400000000000000355 ) ) ;
#6373 = PLANE ( 'NONE',  #9162 ) ;
#6374 = EDGE_CURVE ( 'NONE', #9088, #2084, #8658, .T. ) ;
#6375 = DIRECTION ( 'NONE',  ( 0.7071067811865425767, 0.7071067811865525687, -0.000000000000000000 ) ) ;
#6376 = CARTESIAN_POINT ( 'NONE',  ( 12.01402484683469041, 10.59981128446109366, 4.000000000000000000 ) ) ;
#6377 = LINE ( 'NONE', #4798, #2896 ) ;
#6378 = VERTEX_POINT ( 'NONE', #6244 ) ;
#6379 = ORIENTED_EDGE ( 'NONE', *, *, #3853, .T. ) ;
#6380 = CARTESIAN_POINT ( 'NONE',  ( 47.32317633251952316, 50.37470916941909138, 7.400000000000000355 ) ) ;
#6381 = ORIENTED_EDGE ( 'NONE', *, *, #4301, .T. ) ;
#6382 = ADVANCED_FACE ( 'NONE', ( #9374 ), #4718, .F. ) ;
#6383 = FACE_OUTER_BOUND ( 'NONE', #1136, .T. ) ;
#6384 = CARTESIAN_POINT ( 'NONE',  ( 10.59504080363480760, 46.18247202539613028, 7.400000000000000355 ) ) ;
#6385 = PRODUCT_DEFINITION_CONTEXT ( 'detailed design', #9258, 'design' ) ;
#6386 = LINE ( 'NONE', #9457, #8688 ) ;
#6387 = DIRECTION ( 'NONE',  ( -1.000000000000000000, 5.782411586589358625E-16, 0.000000000000000000 ) ) ;
#6388 = ORIENTED_EDGE ( 'NONE', *, *, #7478, .T. ) ;
#6389 = LINE ( 'NONE', #2524, #8789 ) ;
#6390 = ORIENTED_EDGE ( 'NONE', *, *, #1717, .T. ) ;
#6391 = ADVANCED_FACE ( 'NONE', ( #5576 ), #4768, .F. ) ;
#6392 = LINE ( 'NONE', #4717, #3236 ) ;
#6393 = LINE ( 'NONE', #868, #6584 ) ;
#6394 = EDGE_CURVE ( 'NONE', #2299, #2182, #916, .T. ) ;
#6395 = FACE_OUTER_BOUND ( 'NONE', #7155, .T. ) ;
#6396 = CARTESIAN_POINT ( 'NONE',  ( 10.01832937156618364, 11.60576059332730381, 10.00000000000000000 ) ) ;
#6397 = CARTESIAN_POINT ( 'NONE',  ( 59.74084972657723824, 23.61190122397092495, 3.399999999999968825 ) ) ;
#6398 = FACE_OUTER_BOUND ( 'NONE', #6266, .T. ) ;
#6399 = ORIENTED_EDGE ( 'NONE', *, *, #6338, .T. ) ;
#6400 = DIRECTION ( 'NONE',  ( 0.000000000000000000, 0.7071067811865475727, 0.7071067811865475727 ) ) ;
#6401 = ORIENTED_EDGE ( 'NONE', *, *, #1589, .T. ) ;
#6402 = ORIENTED_EDGE ( 'NONE', *, *, #4935, .T. ) ;
#6403 = LINE ( 'NONE', #9479, #2146 ) ;
#6404 = VERTEX_POINT ( 'NONE', #1721 ) ;
#6405 = EDGE_LOOP ( 'NONE', ( #193, #159, #8890, #2856 ) ) ;
#6406 = AXIS2_PLACEMENT_3D ( 'NONE', #5696, #7922, #9341 ) ;
#6407 = LINE ( 'NONE', #835, #3230 ) ;
#6408 = LINE ( 'NONE', #4882, #5277 ) ;
#6409 = DIRECTION ( 'NONE',  ( -1.000000000000000000, 0.000000000000000000, 0.000000000000000000 ) ) ;
#6410 = DIRECTION ( 'NONE',  ( 0.8660254037844384856, 0.5000000000000002220, 0.000000000000000000 ) ) ;
#6411 = VECTOR ( 'NONE', #7033, 1000.000000000000000 ) ;
#6412 = VERTEX_POINT ( 'NONE', #965 ) ;
#6413 = ORIENTED_EDGE ( 'NONE', *, *, #7934, .T. ) ;
#6414 = CARTESIAN_POINT ( 'NONE',  ( 13.85907471738207697, 52.37470916941909849, 7.400000000000000355 ) ) ;
#6415 = VERTEX_POINT ( 'NONE', #4819 ) ;
#6416 = ADVANCED_FACE ( 'NONE', ( #4057 ), #7144, .F. ) ;
#6417 = CARTESIAN_POINT ( 'NONE',  ( 74.41423944072103325, 5.000000000000023093, 0.000000000000000000 ) ) ;
#6418 = ORIENTED_EDGE ( 'NONE', *, *, #9269, .T. ) ;
#6419 = VECTOR ( 'NONE', #4435, 1000.000000000000114 ) ;
#6420 = VECTOR ( 'NONE', #2111, 1000.000000000000000 ) ;
#6421 = CARTESIAN_POINT ( 'NONE',  ( 18.61060500309818977, 30.68592075184099599, 1.109999999999998099 ) ) ;
#6422 = CARTESIAN_POINT ( 'NONE',  ( 57.13093918849652653, 48.18247202539613028, 7.400000000000000355 ) ) ;
#6423 = DIRECTION ( 'NONE',  ( 0.8660254037844385966, -0.5000000000000000000, 0.000000000000000000 ) ) ;
#6424 = LINE ( 'NONE', #229, #1594 ) ;
#6425 = CARTESIAN_POINT ( 'NONE',  ( 53.85907471738165242, 56.37470916941907007, 7.400000000000000355 ) ) ;
#6426 = EDGE_LOOP ( 'NONE', ( #9382, #5726, #7679, #7313 ) ) ;
#6427 = ORIENTED_EDGE ( 'NONE', *, *, #275, .F. ) ;
#6428 = AXIS2_PLACEMENT_3D ( 'NONE', #5500, #2548, #4885 ) ;
#6429 = AXIS2_PLACEMENT_3D ( 'NONE', #1630, #8662, #154 ) ;
#6430 = PLANE ( 'NONE',  #682 ) ;
#6431 = ORIENTED_EDGE ( 'NONE', *, *, #8862, .T. ) ;
#6432 = EDGE_CURVE ( 'NONE', #2606, #3273, #2021, .T. ) ;
#6433 = ADVANCED_FACE ( 'NONE', ( #2785 ), #5786, .F. ) ;
#6434 = AXIS2_PLACEMENT_3D ( 'NONE', #2279, #3128, #7789 ) ;
#6435 = AXIS2_PLACEMENT_3D ( 'NONE', #5498, #2599, #2450 ) ;
#6436 = LINE ( 'NONE', #4907, #8191 ) ;
#6437 = CARTESIAN_POINT ( 'NONE',  ( 5.000000000000903277, 54.01736618697488979, 10.00099999999999945 ) ) ;
#6438 = DIRECTION ( 'NONE',  ( -0.000000000000000000, -0.000000000000000000, 1.000000000000000000 ) ) ;
#6439 = LINE ( 'NONE', #4760, #473 ) ;
#6440 = VERTEX_POINT ( 'NONE', #9674 ) ;
#6441 = EDGE_CURVE ( 'NONE', #4937, #1624, #8868, .T. ) ;
#6442 = AXIS2_PLACEMENT_3D ( 'NONE', #7994, #7295, #4208 ) ;
#6443 = PLANE ( 'NONE',  #1021 ) ;
#6444 = ORIENTED_EDGE ( 'NONE', *, *, #47, .F. ) ;
#6445 = CARTESIAN_POINT ( 'NONE',  ( 64.56983569344401985, 40.61884720954800088, 3.399999999999996803 ) ) ;
#6446 = LINE ( 'NONE', #1310, #2526 ) ;
#6447 = CARTESIAN_POINT ( 'NONE',  ( 33.85907471738186558, 52.37470916941909849, 7.400000000000000355 ) ) ;
#6448 = DIRECTION ( 'NONE',  ( 0.8660254037844384856, 0.5000000000000002220, 0.000000000000000000 ) ) ;
#6449 = AXIS2_PLACEMENT_3D ( 'NONE', #1762, #4862, #7943 ) ;
#6450 = CARTESIAN_POINT ( 'NONE',  ( 20.78727794765757864, 52.37470916941909138, 10.00000000000000000 ) ) ;
#6451 = DIRECTION ( 'NONE',  ( -0.8660254037844378194, -0.5000000000000013323, 0.000000000000000000 ) ) ;
#6452 = ORIENTED_EDGE ( 'NONE', *, *, #5003, .T. ) ;
#6453 = AXIS2_PLACEMENT_3D ( 'NONE', #3688, #3789, #606 ) ;
#6454 = PLANE ( 'NONE',  #3049 ) ;
#6455 = DIRECTION ( 'NONE',  ( 0.000000000000000000, 0.000000000000000000, -1.000000000000000000 ) ) ;
#6456 = PLANE ( 'NONE',  #5527 ) ;
#6457 = VERTEX_POINT ( 'NONE', #7194 ) ;
#6458 = CARTESIAN_POINT ( 'NONE',  ( 16.93870204447408412, 29.99023488137320115, 10.00000000000000000 ) ) ;
#6459 = ORIENTED_EDGE ( 'NONE', *, *, #3943, .T. ) ;
#6460 = VECTOR ( 'NONE', #3245, 1000.000000000000000 ) ;
#6461 = ORIENTED_EDGE ( 'NONE', *, *, #2610, .T. ) ;
#6462 = CARTESIAN_POINT ( 'NONE',  ( 63.66683757335867000, 42.18247202539615159, 7.400000000000000355 ) ) ;
#6463 = LINE ( 'NONE', #933, #934 ) ;
#6464 = DIRECTION ( 'NONE',  ( 0.000000000000000000, 1.000000000000000000, 0.000000000000000000 ) ) ;
#6465 = SURFACE_STYLE_FILL_AREA ( #2601 ) ;
#6466 = AXIS2_PLACEMENT_3D ( 'NONE', #2987, #1474, #6748 ) ;
#6467 = ORIENTED_EDGE ( 'NONE', *, *, #9949, .F. ) ;
#6468 = ORIENTED_EDGE ( 'NONE', *, *, #9269, .F. ) ;
#6469 = CARTESIAN_POINT ( 'NONE',  ( 12.07195935263212583, 55.33397611666537586, 4.000000000000000000 ) ) ;
#6470 = ORIENTED_EDGE ( 'NONE', *, *, #9288, .T. ) ;
#6471 = LINE ( 'NONE', #9596, #6214 ) ;
#6472 = ORIENTED_EDGE ( 'NONE', *, *, #2102, .F. ) ;
#6473 = AXIS2_PLACEMENT_3D ( 'NONE', #847, #3930, #3167 ) ;
#6474 = CARTESIAN_POINT ( 'NONE',  ( 0.000000000000000000, 41.21884720954800940, 4.000000000000000000 ) ) ;
#6475 = DIRECTION ( 'NONE',  ( -0.8660254037844373753, -0.5000000000000021094, 0.000000000000000000 ) ) ;
#6476 = ADVANCED_FACE ( 'NONE', ( #1117 ), #4314, .F. ) ;
#6477 = DIRECTION ( 'NONE',  ( 0.5000000000000003331, -0.8660254037844385966, 0.000000000000000000 ) ) ;
#6478 = EDGE_CURVE ( 'NONE', #2579, #3463, #8914, .T. ) ;
#6479 = CARTESIAN_POINT ( 'NONE',  ( 13.85907471738207697, 56.37470916941907007, 10.00000000000000000 ) ) ;
#6480 = DIRECTION ( 'NONE',  ( -0.000000000000000000, -0.000000000000000000, 1.000000000000000000 ) ) ;
#6481 = EDGE_LOOP ( 'NONE', ( #7030, #9885, #5868, #9345 ) ) ;
#6482 = ORIENTED_EDGE ( 'NONE', *, *, #1237, .T. ) ;
#6483 = LINE ( 'NONE', #9557, #8131 ) ;
#6484 = ORIENTED_EDGE ( 'NONE', *, *, #6681, .F. ) ;
#6485 = VECTOR ( 'NONE', #421, 1000.000000000000000 ) ;
#6486 = DIRECTION ( 'NONE',  ( 0.7071067811865502373, -0.7071067811865449082, 0.000000000000000000 ) ) ;
#6487 = LINE ( 'NONE', #8857, #4658 ) ;
#6488 = EDGE_CURVE ( 'NONE', #2247, #1300, #462, .T. ) ;
#6489 = DIRECTION ( 'NONE',  ( 5.782411586589358625E-16, 1.000000000000000000, 0.000000000000000000 ) ) ;
#6490 = LINE ( 'NONE', #296, #7427 ) ;
#6491 = VERTEX_POINT ( 'NONE', #9620 ) ;
#6492 = LINE ( 'NONE', #962, #7171 ) ;
#6493 = EDGE_LOOP ( 'NONE', ( #4716, #7571, #7845, #5491, #9661, #2941 ) ) ;
#6494 = CARTESIAN_POINT ( 'NONE',  ( 36.63180065388673512, 43.69286487643512373, 1.699885383662997906 ) ) ;
#6495 = LINE ( 'NONE', #4974, #1067 ) ;
#6496 = CARTESIAN_POINT ( 'NONE',  ( 63.85907471738156005, 52.37470916941909849, 7.400000000000000355 ) ) ;
#6497 = DIRECTION ( 'NONE',  ( -0.000000000000000000, -0.000000000000000000, 1.000000000000000000 ) ) ;
#6498 = EDGE_CURVE ( 'NONE', #2220, #8000, #2582, .T. ) ;
#6499 = CARTESIAN_POINT ( 'NONE',  ( 65.74084972657725245, 30.61190122397092495, 1.109997883926998163 ) ) ;
#6500 = PLANE ( 'NONE',  #4850 ) ;
#6501 = ADVANCED_FACE ( 'NONE', ( #4265 ), #1057, .F. ) ;
#6502 = DIRECTION ( 'NONE',  ( -0.000000000000000000, -0.000000000000000000, 1.000000000000000000 ) ) ;
#6503 = CARTESIAN_POINT ( 'NONE',  ( 40.40280365961161380, 31.99023488137319760, 7.400000000000000355 ) ) ;
#6504 = VECTOR ( 'NONE', #6078, 1000.000000000000114 ) ;
#6505 = PLANE ( 'NONE',  #2452 ) ;
#6506 = EDGE_LOOP ( 'NONE', ( #2770, #6785, #9488, #5812 ) ) ;
#6507 = DIRECTION ( 'NONE',  ( 0.000000000000000000, 0.000000000000000000, -1.000000000000000000 ) ) ;
#6508 = ORIENTED_EDGE ( 'NONE', *, *, #7221, .F. ) ;
#6509 = VERTEX_POINT ( 'NONE', #3441 ) ;
#6510 = DIRECTION ( 'NONE',  ( 0.000000000000000000, -1.000000000000000000, -0.000000000000000000 ) ) ;
#6511 = PLANE ( 'NONE',  #8855 ) ;
#6512 = DIRECTION ( 'NONE',  ( 0.5000000000000012212, 0.8660254037844380415, 0.000000000000000000 ) ) ;
#6513 = CARTESIAN_POINT ( 'NONE',  ( 73.15243468099103552, 6.261804759730023484, 10.00000000000000000 ) ) ;
#6514 = EDGE_CURVE ( 'NONE', #3366, #7153, #7350, .T. ) ;
#6515 = EDGE_CURVE ( 'NONE', #6457, #6691, #3392, .T. ) ;
#6516 = ORIENTED_EDGE ( 'NONE', *, *, #1574, .T. ) ;
#6517 = EDGE_CURVE ( 'NONE', #1030, #1283, #6495, .T. ) ;
#6518 = ORIENTED_EDGE ( 'NONE', *, *, #4805, .F. ) ;
#6519 = DIRECTION ( 'NONE',  ( 0.000000000000000000, 0.000000000000000000, -1.000000000000000000 ) ) ;
#6520 = VECTOR ( 'NONE', #5357, 1000.000000000000227 ) ;
#6521 = ORIENTED_EDGE ( 'NONE', *, *, #3565, .T. ) ;
#6522 = CARTESIAN_POINT ( 'NONE',  ( 5.000000000000530243, 33.46289289354402285, 7.400000000000000355 ) ) ;
#6523 = EDGE_LOOP ( 'NONE', ( #503, #5990, #8146, #7719, #4484, #4887 ) ) ;
#6524 = LINE ( 'NONE', #1235, #7879 ) ;
#6525 = PLANE ( 'NONE',  #3770 ) ;
#6526 = CARTESIAN_POINT ( 'NONE',  ( 16.93870204447408057, 37.99023488137319049, 7.400000000000000355 ) ) ;
#6527 = LINE ( 'NONE', #991, #7223 ) ;
#6528 = VECTOR ( 'NONE', #9943, 1000.000000000000114 ) ;
#6529 = DIRECTION ( 'NONE',  ( -0.000000000000000000, -0.000000000000000000, -1.000000000000000000 ) ) ;
#6530 = CARTESIAN_POINT ( 'NONE',  ( 12.07195935263215958, 6.938893903907228378E-15, 4.000000000000000000 ) ) ;
#6531 = ORIENTED_EDGE ( 'NONE', *, *, #5018, .T. ) ;
#6532 = ORIENTED_EDGE ( 'NONE', *, *, #7269, .F. ) ;
#6533 = CARTESIAN_POINT ( 'NONE',  ( 6.746464900451314861, 19.79799773735025425, 7.400000000000000355 ) ) ;
#6534 = ORIENTED_EDGE ( 'NONE', *, *, #186, .F. ) ;
#6535 = AXIS2_PLACEMENT_3D ( 'NONE', #4604, #6229, #9969 ) ;
#6536 = EDGE_CURVE ( 'NONE', #8280, #4362, #7398, .T. ) ;
#6537 = EDGE_CURVE ( 'NONE', #9540, #1082, #2684, .T. ) ;
#6538 = DIRECTION ( 'NONE',  ( -0.000000000000000000, -0.000000000000000000, 1.000000000000000000 ) ) ;
#6539 = PLANE ( 'NONE',  #6123 ) ;
#6540 = DIRECTION ( 'NONE',  ( -0.000000000000000000, -0.000000000000000000, 1.000000000000000000 ) ) ;
#6541 = VECTOR ( 'NONE', #1951, 1000.000000000000000 ) ;
#6542 = DIRECTION ( 'NONE',  ( -0.5000000000000014433, 0.8660254037844379305, 0.000000000000000000 ) ) ;
#6543 = ORIENTED_EDGE ( 'NONE', *, *, #3618, .F. ) ;
#6544 = FACE_OUTER_BOUND ( 'NONE', #2148, .T. ) ;
#6545 = VERTEX_POINT ( 'NONE', #4218 ) ;
#6546 = EDGE_CURVE ( 'NONE', #3217, #1113, #407, .T. ) ;
#6547 = EDGE_CURVE ( 'NONE', #3516, #6918, #5121, .T. ) ;
#6548 = CARTESIAN_POINT ( 'NONE',  ( 67.13093918849644126, 40.18247202539614449, 7.400000000000000355 ) ) ;
#6549 = CARTESIAN_POINT ( 'NONE',  ( 36.74646490045099512, 27.79799773735024004, 7.400000000000000355 ) ) ;
#6550 = CARTESIAN_POINT ( 'NONE',  ( 6.746464900451314861, 19.79799773735025425, 10.00000000000000000 ) ) ;
#6551 = CARTESIAN_POINT ( 'NONE',  ( 43.47460042933601443, 35.99023488137317628, 7.400000000000000355 ) ) ;
#6552 = DIRECTION ( 'NONE',  ( -0.7071067811865464625, -0.7071067811865486830, 0.000000000000000000 ) ) ;
#6553 =( NAMED_UNIT ( * ) SI_UNIT ( $, .STERADIAN. ) SOLID_ANGLE_UNIT ( ) );
#6554 = LINE ( 'NONE', #5841, #9837 ) ;
#6555 = FACE_OUTER_BOUND ( 'NONE', #2322, .T. ) ;
#6556 = CARTESIAN_POINT ( 'NONE',  ( 30.40280365961172038, 35.99023488137318338, 10.00000000000000000 ) ) ;
#6557 = CARTESIAN_POINT ( 'NONE',  ( 17.32317633251983224, 50.37470916941909138, 7.400000000000000355 ) ) ;
#6558 = EDGE_LOOP ( 'NONE', ( #9132, #9017, #5652, #5443 ) ) ;
#6559 = ADVANCED_FACE ( 'NONE', ( #8157 ), #3539, .F. ) ;
#6560 = ORIENTED_EDGE ( 'NONE', *, *, #2621, .F. ) ;
#6561 = CARTESIAN_POINT ( 'NONE',  ( 5.000000000000030198, 6.992565577373023977, 10.00000000000000000 ) ) ;
#6562 = DIRECTION ( 'NONE',  ( 0.000000000000000000, 1.000000000000000000, 0.000000000000000000 ) ) ;
#6563 = DIRECTION ( 'NONE',  ( -0.5000000000000001110, -0.8660254037844387076, 0.000000000000000000 ) ) ;
#6564 = FACE_OUTER_BOUND ( 'NONE', #74, .T. ) ;
#6565 = ORIENTED_EDGE ( 'NONE', *, *, #9657, .T. ) ;
#6566 = ORIENTED_EDGE ( 'NONE', *, *, #1956, .T. ) ;
#6567 = VECTOR ( 'NONE', #2902, 1000.000000000000114 ) ;
#6568 = LINE ( 'NONE', #9643, #1981 ) ;
#6569 = ORIENTED_EDGE ( 'NONE', *, *, #5825, .T. ) ;
#6570 = EDGE_CURVE ( 'NONE', #6043, #8585, #6446, .T. ) ;
#6571 = LINE ( 'NONE', #2712, #2159 ) ;
#6572 = ORIENTED_EDGE ( 'NONE', *, *, #1956, .F. ) ;
#6573 = PLANE ( 'NONE',  #765 ) ;
#6574 = CARTESIAN_POINT ( 'NONE',  ( 63.66683757335867000, 46.18247202539612317, 7.400000000000000355 ) ) ;
#6575 = CARTESIAN_POINT ( 'NONE',  ( 33.66683757335898974, 46.18247202539612317, 10.00000000000000000 ) ) ;
#6576 = CARTESIAN_POINT ( 'NONE',  ( 16.74646490045120473, 27.79799773735024004, 10.00000000000000000 ) ) ;
#6577 = AXIS2_PLACEMENT_3D ( 'NONE', #823, #4769, #4107 ) ;
#6578 = LINE ( 'NONE', #9653, #4010 ) ;
#6579 = PLANE ( 'NONE',  #5015 ) ;
#6580 = ORIENTED_EDGE ( 'NONE', *, *, #1405, .T. ) ;
#6581 = VERTEX_POINT ( 'NONE', #5931 ) ;
#6582 = DIRECTION ( 'NONE',  ( 0.8660254037844384856, 0.5000000000000002220, 0.000000000000000000 ) ) ;
#6583 = ORIENTED_EDGE ( 'NONE', *, *, #7947, .F. ) ;
#6584 = VECTOR ( 'NONE', #7952, 1000.000000000000000 ) ;
#6585 = AXIS2_PLACEMENT_3D ( 'NONE', #3423, #6477, #2849 ) ;
#6586 = DIRECTION ( 'NONE',  ( 1.000000000000000000, 1.355284293265842525E-13, -0.000000000000000000 ) ) ;
#6587 = CARTESIAN_POINT ( 'NONE',  ( 5.000000000000122569, 12.01402484683418415, 4.000000000000000000 ) ) ;
#6588 = DIRECTION ( 'NONE',  ( 9.324293839476711010E-05, 0.9999999956528771161, 0.000000000000000000 ) ) ;
#6589 = VECTOR ( 'NONE', #8636, 1000.000000000000000 ) ;
#6590 = VECTOR ( 'NONE', #3953, 1000.000000000000000 ) ;
#6591 = DIRECTION ( 'NONE',  ( 0.5000000000000003331, -0.8660254037844385966, 0.000000000000000000 ) ) ;
#6592 = EDGE_CURVE ( 'NONE', #7119, #4512, #3582, .T. ) ;
#6593 = EDGE_LOOP ( 'NONE', ( #9174, #7514, #9952, #7039, #3182, #3029 ) ) ;
#6594 = CARTESIAN_POINT ( 'NONE',  ( 10.59504080363480760, 42.18247202539614449, 7.400000000000000355 ) ) ;
#6595 = VERTEX_POINT ( 'NONE', #3633 ) ;
#6596 = VECTOR ( 'NONE', #8127, 1000.000000000000000 ) ;
#6597 = VECTOR ( 'NONE', #348, 1000.000000000000000 ) ;
#6598 = DIRECTION ( 'NONE',  ( -0.0001230892683140344564, -0.9999999924245159821, 0.000000000000000000 ) ) ;
#6599 = CARTESIAN_POINT ( 'NONE',  ( 55.42884860408194214, 26.75317541498458951, 4.000000000000000000 ) ) ;
#6600 = LINE ( 'NONE', #3492, #900 ) ;
#6601 = CARTESIAN_POINT ( 'NONE',  ( 60.59504080363427647, 46.18247202539613028, 7.400000000000000355 ) ) ;
#6602 = DIRECTION ( 'NONE',  ( 0.000000000000000000, 0.000000000000000000, -1.000000000000000000 ) ) ;
#6603 = CARTESIAN_POINT ( 'NONE',  ( 6.938893903907228378E-15, 23.35317541498462290, 4.000000000000000000 ) ) ;
#6604 = DIRECTION ( 'NONE',  ( 0.7071067811863814834, 0.7071067811867136621, 0.000000000000000000 ) ) ;
#6605 = CARTESIAN_POINT ( 'NONE',  ( 70.40280365961129405, 31.99023488137319760, 10.00000000000000000 ) ) ;
#6606 = VECTOR ( 'NONE', #8649, 1000.000000000000000 ) ;
#6607 = VECTOR ( 'NONE', #3802, 1000.000000000000000 ) ;
#6608 = CARTESIAN_POINT ( 'NONE',  ( 60.21056651558853190, 23.35317541498460514, 10.00000000000000000 ) ) ;
#6609 = EDGE_LOOP ( 'NONE', ( #9883, #8521, #7421, #1947 ) ) ;
#6610 = ADVANCED_FACE ( 'NONE', ( #4563 ), #5325, .T. ) ;
#6611 = VERTEX_POINT ( 'NONE', #5217 ) ;
#6612 = PLANE ( 'NONE',  #8101 ) ;
#6613 = VECTOR ( 'NONE', #1047, 1000.000000000000114 ) ;
#6614 = CARTESIAN_POINT ( 'NONE',  ( 11.68769779765030847, 35.83617119703320952, 6.000000000000000000 ) ) ;
#6615 = FACE_OUTER_BOUND ( 'NONE', #1338, .T. ) ;
#6616 = CARTESIAN_POINT ( 'NONE',  ( 40.70065559444936554, 40.69063719969623349, 4.000000000000000000 ) ) ;
#6617 = ADVANCED_FACE ( 'NONE', ( #3739 ), #6137, .F. ) ;
#6618 = EDGE_CURVE ( 'NONE', #5257, #6843, #4364, .T. ) ;
#6619 = ORIENTED_EDGE ( 'NONE', *, *, #4063, .T. ) ;
#6620 = ORIENTED_EDGE ( 'NONE', *, *, #8005, .F. ) ;
#6621 = VECTOR ( 'NONE', #9014, 1000.000000000000227 ) ;
#6622 = PLANE ( 'NONE',  #3436 ) ;
#6623 = ORIENTED_EDGE ( 'NONE', *, *, #1439, .T. ) ;
#6624 = ORIENTED_EDGE ( 'NONE', *, *, #8733, .T. ) ;
#6625 = CARTESIAN_POINT ( 'NONE',  ( 33.47460042933611390, 35.99023488137317628, 10.00000000000000000 ) ) ;
#6626 = ORIENTED_EDGE ( 'NONE', *, *, #4372, .F. ) ;
#6627 = PLANE ( 'NONE',  #6435 ) ;
#6628 = FACE_OUTER_BOUND ( 'NONE', #3509, .T. ) ;
#6629 = DIRECTION ( 'NONE',  ( 0.000000000000000000, -1.000000000000000000, 0.000000000000000000 ) ) ;
#6630 = VECTOR ( 'NONE', #8999, 1000.000000000000000 ) ;
#6631 = CARTESIAN_POINT ( 'NONE',  ( 75.02984732797570189, 28.93771831048098520, 4.000000000000000000 ) ) ;
#6632 = EDGE_CURVE ( 'NONE', #8834, #6900, #2887, .T. ) ;
#6633 = EDGE_CURVE ( 'NONE', #3985, #5176, #7445, .T. ) ;
#6634 = EDGE_CURVE ( 'NONE', #9646, #3874, #7492, .T. ) ;
#6635 = CARTESIAN_POINT ( 'NONE',  ( 0.000000000000000000, 0.000000000000000000, 0.000000000000000000 ) ) ;
#6636 = ORIENTED_EDGE ( 'NONE', *, *, #9537, .T. ) ;
#6637 = EDGE_LOOP ( 'NONE', ( #5653, #7617, #9318, #9916 ) ) ;
#6638 = CARTESIAN_POINT ( 'NONE',  ( 63.66683757335867000, 42.18247202539615159, 10.00000000000000000 ) ) ;
#6639 = ORIENTED_EDGE ( 'NONE', *, *, #6208, .T. ) ;
#6640 = VECTOR ( 'NONE', #6480, 1000.000000000000000 ) ;
#6641 = DIRECTION ( 'NONE',  ( -0.000000000000000000, 1.000000000000000000, 0.000000000000000000 ) ) ;
#6642 = CARTESIAN_POINT ( 'NONE',  ( 0.3472840214997011121, -0.3473695258972286926, 4.000000000000000000 ) ) ;
#6643 = DIRECTION ( 'NONE',  ( -0.000000000000000000, -0.000000000000000000, 1.000000000000000000 ) ) ;
#6644 = EDGE_CURVE ( 'NONE', #6412, #3732, #8407, .T. ) ;
#6645 = PLANE ( 'NONE',  #795 ) ;
#6646 = ORIENTED_EDGE ( 'NONE', *, *, #504, .T. ) ;
#6647 = EDGE_CURVE ( 'NONE', #9232, #8734, #660, .T. ) ;
#6648 = LINE ( 'NONE', #7441, #9590 ) ;
#6649 = VERTEX_POINT ( 'NONE', #9066 ) ;
#6650 = VECTOR ( 'NONE', #2858, 1000.000000000000000 ) ;
#6651 = EDGE_CURVE ( 'NONE', #1230, #8280, #2124, .T. ) ;
#6652 = DIRECTION ( 'NONE',  ( 0.8660254037844384856, 0.5000000000000002220, 0.000000000000000000 ) ) ;
#6653 = DIRECTION ( 'NONE',  ( -0.000000000000000000, 1.000000000000000000, 0.000000000000000000 ) ) ;
#6654 = CARTESIAN_POINT ( 'NONE',  ( 57.13093918849652653, 48.18247202539613028, 10.00000000000000000 ) ) ;
#6655 = LINE ( 'NONE', #307, #8528 ) ;
#6656 = DIRECTION ( 'NONE',  ( 1.000000000000000000, -0.000000000000000000, -0.000000000000000000 ) ) ;
#6657 = DIRECTION ( 'NONE',  ( 0.8660254037844385966, -0.5000000000000000000, 0.000000000000000000 ) ) ;
#6658 = FACE_OUTER_BOUND ( 'NONE', #8909, .T. ) ;
#6659 = FACE_OUTER_BOUND ( 'NONE', #447, .T. ) ;
#6660 = VERTEX_POINT ( 'NONE', #5369 ) ;
#6661 = ORIENTED_EDGE ( 'NONE', *, *, #2307, .T. ) ;
#6662 = EDGE_CURVE ( 'NONE', #2510, #1578, #9010, .T. ) ;
#6663 = CARTESIAN_POINT ( 'NONE',  ( 17.32317633251982869, 58.37470916941907717, 7.400000000000000355 ) ) ;
#6664 = CARTESIAN_POINT ( 'NONE',  ( 57.32317633251940947, 50.37470916941909138, 7.400000000000000355 ) ) ;
#6665 = FACE_OUTER_BOUND ( 'NONE', #8533, .T. ) ;
#6666 = CARTESIAN_POINT ( 'NONE',  ( 5.871324698771779538, 34.33421759231527659, 6.000000000000000000 ) ) ;
#6667 = ORIENTED_EDGE ( 'NONE', *, *, #8388, .T. ) ;
#6668 = VERTEX_POINT ( 'NONE', #1413 ) ;
#6669 = CARTESIAN_POINT ( 'NONE',  ( 66.34084972657724677, 31.21190122397094413, 4.000000000000000000 ) ) ;
#6670 = ORIENTED_EDGE ( 'NONE', *, *, #9127, .F. ) ;
#6671 = CARTESIAN_POINT ( 'NONE',  ( 76.74646490045057590, 27.79799773735024004, 10.00000000000000000 ) ) ;
#6672 = ORIENTED_EDGE ( 'NONE', *, *, #3724, .T. ) ;
#6673 = VECTOR ( 'NONE', #85, 1000.000000000000000 ) ;
#6674 = CARTESIAN_POINT ( 'NONE',  ( 58.06984934592702530, 35.50332283157010949, 3.399999999999993250 ) ) ;
#6675 = FACE_OUTER_BOUND ( 'NONE', #3272, .T. ) ;
#6676 = LINE ( 'NONE', #9748, #5614 ) ;
#6677 = VERTEX_POINT ( 'NONE', #2981 ) ;
#6678 = VERTEX_POINT ( 'NONE', #8454 ) ;
#6679 = CARTESIAN_POINT ( 'NONE',  ( 28.61060500309822530, 26.68592075184097467, 1.399999999999961497 ) ) ;
#6680 = ORIENTED_EDGE ( 'NONE', *, *, #8338, .F. ) ;
#6681 = EDGE_CURVE ( 'NONE', #8508, #700, #2072, .T. ) ;
#6682 = AXIS2_PLACEMENT_3D ( 'NONE', #7419, #2806, #484 ) ;
#6683 = LINE ( 'NONE', #5204, #8348 ) ;
#6684 = LINE ( 'NONE', #546, #8221 ) ;
#6685 = DIRECTION ( 'NONE',  ( -1.000000000000000000, 0.000000000000000000, -0.000000000000000000 ) ) ;
#6686 = FACE_OUTER_BOUND ( 'NONE', #1946, .T. ) ;
#6687 = VERTEX_POINT ( 'NONE', #6084 ) ;
#6688 = VECTOR ( 'NONE', #261, 1000.000000000000000 ) ;
#6689 = VERTEX_POINT ( 'NONE', #6795 ) ;
#6690 = LINE ( 'NONE', #3535, #4267 ) ;
#6691 = VERTEX_POINT ( 'NONE', #7598 ) ;
#6692 = ADVANCED_FACE ( 'NONE', ( #1468 ), #9875, .F. ) ;
#6693 = LINE ( 'NONE', #4409, #7420 ) ;
#6694 = CARTESIAN_POINT ( 'NONE',  ( 76.16692151384303600, 8.415085090169998949, 10.00099999999999945 ) ) ;
#6695 = CARTESIAN_POINT ( 'NONE',  ( 20.78727794765757864, 56.37470916941907717, 10.00000000000000000 ) ) ;
#6696 = AXIS2_PLACEMENT_3D ( 'NONE', #9110, #1563, #7744 ) ;
#6697 = LINE ( 'NONE', #6551, #5463 ) ;
#6698 = CARTESIAN_POINT ( 'NONE',  ( 77.98218423212628636, 59.97470916941927044, 10.00099999999999945 ) ) ;
#6699 = FACE_OUTER_BOUND ( 'NONE', #4145, .T. ) ;
#6700 = ORIENTED_EDGE ( 'NONE', *, *, #7961, .F. ) ;
#6701 = EDGE_CURVE ( 'NONE', #8734, #1192, #9113, .T. ) ;
#6702 = ORIENTED_EDGE ( 'NONE', *, *, #7252, .F. ) ;
#6703 = LINE ( 'NONE', #8165, #2957 ) ;
#6704 = ORIENTED_EDGE ( 'NONE', *, *, #4391, .T. ) ;
#6705 = ORIENTED_EDGE ( 'NONE', *, *, #4283, .T. ) ;
#6706 = DIRECTION ( 'NONE',  ( -9.324293839476711010E-05, -0.9999999956528771161, 0.000000000000000000 ) ) ;
#6707 = PLANE ( 'NONE',  #605 ) ;
#6708 = LINE ( 'NONE', #7317, #7366 ) ;
#6709 = DIRECTION ( 'NONE',  ( -0.000000000000000000, -0.000000000000000000, 1.000000000000000000 ) ) ;
#6710 = EDGE_CURVE ( 'NONE', #8700, #8226, #5264, .T. ) ;
#6711 = ORIENTED_EDGE ( 'NONE', *, *, #9349, .T. ) ;
#6712 = ORIENTED_EDGE ( 'NONE', *, *, #4731, .T. ) ;
#6713 = CARTESIAN_POINT ( 'NONE',  ( 33.47460042933611390, 31.99023488137320470, 7.400000000000000355 ) ) ;
#6714 = ORIENTED_EDGE ( 'NONE', *, *, #186, .T. ) ;
#6715 = LINE ( 'NONE', #9793, #6650 ) ;
#6716 = ORIENTED_EDGE ( 'NONE', *, *, #809, .F. ) ;
#6717 = CARTESIAN_POINT ( 'NONE',  ( 20.78727794765757864, 52.37470916941909138, 7.400000000000000355 ) ) ;
#6718 = CARTESIAN_POINT ( 'NONE',  ( 27.32317633251972921, 50.37470916941909138, 7.400000000000000355 ) ) ;
#6719 = FACE_OUTER_BOUND ( 'NONE', #1537, .T. ) ;
#6720 = VECTOR ( 'NONE', #3550, 1000.000000000000114 ) ;
#6721 = EDGE_CURVE ( 'NONE', #5506, #6915, #8690, .T. ) ;
#6722 = EDGE_LOOP ( 'NONE', ( #5637, #7107, #8932, #767 ) ) ;
#6723 = ORIENTED_EDGE ( 'NONE', *, *, #118, .T. ) ;
#6724 = ADVANCED_FACE ( 'NONE', ( #3422 ), #4852, .F. ) ;
#6725 = DIRECTION ( 'NONE',  ( -0.000000000000000000, -0.000000000000000000, 1.000000000000000000 ) ) ;
#6726 = ORIENTED_EDGE ( 'NONE', *, *, #1714, .T. ) ;
#6727 = VECTOR ( 'NONE', #463, 1000.000000000000000 ) ;
#6728 = DIRECTION ( 'NONE',  ( 0.000000000000000000, 0.000000000000000000, -1.000000000000000000 ) ) ;
#6729 = CARTESIAN_POINT ( 'NONE',  ( 73.34807733323548007, 45.95871309031685570, 5.000000000000000000 ) ) ;
#6730 = DIRECTION ( 'NONE',  ( -0.000000000000000000, -0.000000000000000000, -1.000000000000000000 ) ) ;
#6731 = LINE ( 'NONE', #8344, #139 ) ;
#6732 = ORIENTED_EDGE ( 'NONE', *, *, #903, .F. ) ;
#6733 = ORIENTED_EDGE ( 'NONE', *, *, #3175, .F. ) ;
#6734 = ADVANCED_FACE ( 'NONE', ( #7983 ), #8743, .F. ) ;
#6735 = ADVANCED_FACE ( 'NONE', ( #4135 ), #4036, .F. ) ;
#6736 = VECTOR ( 'NONE', #6486, 1000.000000000000114 ) ;
#6737 = CARTESIAN_POINT ( 'NONE',  ( 50.59504080363439016, 42.18247202539614449, 7.400000000000000355 ) ) ;
#6738 = ORIENTED_EDGE ( 'NONE', *, *, #470, .T. ) ;
#6739 = CARTESIAN_POINT ( 'NONE',  ( 78.03094427258407961, 40.70209020296626079, 10.00099999999999945 ) ) ;
#6740 = VERTEX_POINT ( 'NONE', #3843 ) ;
#6741 = CARTESIAN_POINT ( 'NONE',  ( 66.74646490045067537, 27.79799773735024004, 7.400000000000000355 ) ) ;
#6742 = AXIS2_PLACEMENT_3D ( 'NONE', #536, #6772, #2006 ) ;
#6743 = CARTESIAN_POINT ( 'NONE',  ( 63.88585078461365896, 23.61190122397092495, -0.7450010580365385993 ) ) ;
#6744 = AXIS2_PLACEMENT_3D ( 'NONE', #204, #7955, #2394 ) ;
#6745 = LINE ( 'NONE', #9067, #3812 ) ;
#6746 = CARTESIAN_POINT ( 'NONE',  ( 65.34807733323546586, 40.95871309031685570, 5.000000000000000000 ) ) ;
#6747 = CARTESIAN_POINT ( 'NONE',  ( 47.13093918849664732, 40.18247202539614449, 7.400000000000000355 ) ) ;
#6748 = DIRECTION ( 'NONE',  ( -0.8660254037844385966, 0.5000000000000000000, 0.000000000000000000 ) ) ;
#6749 = VERTEX_POINT ( 'NONE', #4606 ) ;
#6750 = EDGE_CURVE ( 'NONE', #9762, #7818, #177, .T. ) ;
#6751 = AXIS2_PLACEMENT_3D ( 'NONE', #3328, #7748, #7897 ) ;
#6752 = LINE ( 'NONE', #9833, #5547 ) ;
#6753 = ORIENTED_EDGE ( 'NONE', *, *, #3324, .F. ) ;
#6754 = ORIENTED_EDGE ( 'NONE', *, *, #5626, .F. ) ;
#6755 = DIRECTION ( 'NONE',  ( 1.000000000000000000, 0.000000000000000000, -0.000000000000000000 ) ) ;
#6756 = DIRECTION ( 'NONE',  ( 0.000000000000000000, -1.000000000000000000, 0.000000000000000000 ) ) ;
#6757 = CARTESIAN_POINT ( 'NONE',  ( 20.59504080363470280, 46.18247202539613028, 7.400000000000000355 ) ) ;
#6758 = DIRECTION ( 'NONE',  ( 0.000000000000000000, -1.000000000000000000, 0.000000000000000000 ) ) ;
#6759 = VECTOR ( 'NONE', #5987, 1000.000000000000000 ) ;
#6760 = DIRECTION ( 'NONE',  ( -0.000000000000000000, -0.000000000000000000, 1.000000000000000000 ) ) ;
#6761 = VECTOR ( 'NONE', #7847, 1000.000000000000114 ) ;
#6762 = ORIENTED_EDGE ( 'NONE', *, *, #7128, .T. ) ;
#6763 = ORIENTED_EDGE ( 'NONE', *, *, #7478, .F. ) ;
#6764 = CARTESIAN_POINT ( 'NONE',  ( 17.32317633251982869, 58.37470916941907717, 10.00000000000000000 ) ) ;
#6765 = ORIENTED_EDGE ( 'NONE', *, *, #6259, .F. ) ;
#6766 = ADVANCED_FACE ( 'NONE', ( #7282 ), #6373, .F. ) ;
#6767 = VECTOR ( 'NONE', #3381, 999.9999999999998863 ) ;
#6768 = VERTEX_POINT ( 'NONE', #7173 ) ;
#6769 = DIRECTION ( 'NONE',  ( 0.000000000000000000, -1.000000000000000000, 0.000000000000000000 ) ) ;
#6770 = LINE ( 'NONE', #6824, #9783 ) ;
#6771 = EDGE_CURVE ( 'NONE', #6857, #4535, #1036, .T. ) ;
#6772 = DIRECTION ( 'NONE',  ( 1.000000000000000000, -0.000000000000000000, 0.000000000000000000 ) ) ;
#6773 = VECTOR ( 'NONE', #4625, 1000.000000000000000 ) ;
#6774 = VECTOR ( 'NONE', #915, 1000.000000000000227 ) ;
#6775 = ORIENTED_EDGE ( 'NONE', *, *, #6188, .T. ) ;
#6776 = VERTEX_POINT ( 'NONE', #4194 ) ;
#6777 = DIRECTION ( 'NONE',  ( 0.000000000000000000, 0.000000000000000000, 1.000000000000000000 ) ) ;
#6778 = ORIENTED_EDGE ( 'NONE', *, *, #9039, .T. ) ;
#6779 = VECTOR ( 'NONE', #2216, 1000.000000000000000 ) ;
#6780 = EDGE_CURVE ( 'NONE', #1375, #3593, #2460, .T. ) ;
#6781 = DIRECTION ( 'NONE',  ( -0.000000000000000000, -0.000000000000000000, -1.000000000000000000 ) ) ;
#6782 = DIRECTION ( 'NONE',  ( -1.000000000000000000, -6.313997449038182439E-16, 0.000000000000000000 ) ) ;
#6783 = DIRECTION ( 'NONE',  ( 0.000000000000000000, 1.000000000000000000, 0.000000000000000000 ) ) ;
#6784 = DIRECTION ( 'NONE',  ( 0.8660254037844385966, -0.5000000000000000000, 0.000000000000000000 ) ) ;
#6785 = ORIENTED_EDGE ( 'NONE', *, *, #7288, .F. ) ;
#6786 = ORIENTED_EDGE ( 'NONE', *, *, #9754, .F. ) ;
#6787 = VECTOR ( 'NONE', #3098, 1000.000000000000000 ) ;
#6788 = CARTESIAN_POINT ( 'NONE',  ( 60.78727794765715231, 56.37470916941907717, 10.00000000000000000 ) ) ;
#6789 = ORIENTED_EDGE ( 'NONE', *, *, #1965, .F. ) ;
#6790 = PLANE ( 'NONE',  #2152 ) ;
#6791 = ORIENTED_EDGE ( 'NONE', *, *, #6176, .F. ) ;
#6792 = CARTESIAN_POINT ( 'NONE',  ( 5.000000000000290434, 20.80631971775588696, 7.400000000000000355 ) ) ;
#6793 = EDGE_CURVE ( 'NONE', #1975, #8937, #3265, .T. ) ;
#6794 = EDGE_CURVE ( 'NONE', #2648, #8367, #990, .T. ) ;
#6795 = CARTESIAN_POINT ( 'NONE',  ( 74.41423944072103325, 5.000000000000023093, 10.00000000000000000 ) ) ;
#6796 = LINE ( 'NONE', #4515, #2358 ) ;
#6797 = CARTESIAN_POINT ( 'NONE',  ( 36.93870204447387096, 29.99023488137320115, 10.00000000000000000 ) ) ;
#6798 = DIRECTION ( 'NONE',  ( 0.5000000000000003331, -0.8660254037844385966, 0.000000000000000000 ) ) ;
#6799 = ORIENTED_EDGE ( 'NONE', *, *, #9211, .T. ) ;
#6800 = DIRECTION ( 'NONE',  ( 0.0001230892683152483562, 0.9999999924245159821, 0.000000000000000000 ) ) ;
#6801 = ORIENTED_EDGE ( 'NONE', *, *, #4157, .F. ) ;
#6802 = VECTOR ( 'NONE', #3715, 1000.000000000000114 ) ;
#6803 = DIRECTION ( 'NONE',  ( 0.000000000000000000, -1.000000000000000000, 0.000000000000000000 ) ) ;
#6804 = ORIENTED_EDGE ( 'NONE', *, *, #2622, .F. ) ;
#6805 = ORIENTED_EDGE ( 'NONE', *, *, #6867, .T. ) ;
#6806 = DIRECTION ( 'NONE',  ( 0.000000000000000000, 0.000000000000000000, -1.000000000000000000 ) ) ;
#6807 = EDGE_CURVE ( 'NONE', #7207, #6491, #1696, .T. ) ;
#6808 = EDGE_CURVE ( 'NONE', #5876, #8075, #282, .T. ) ;
#6809 = CARTESIAN_POINT ( 'NONE',  ( 40.78727794765736547, 56.37470916941907717, 7.400000000000000355 ) ) ;
#6810 = EDGE_CURVE ( 'NONE', #3732, #1952, #7883, .T. ) ;
#6811 = LINE ( 'NONE', #2947, #9460 ) ;
#6812 = PLANE ( 'NONE',  #4332 ) ;
#6813 = DIRECTION ( 'NONE',  ( -0.000000000000000000, -0.000000000000000000, 1.000000000000000000 ) ) ;
#6814 = VECTOR ( 'NONE', #522, 1000.000000000000000 ) ;
#6815 = DIRECTION ( 'NONE',  ( 0.5000000000000001110, 0.8660254037844387076, 0.000000000000000000 ) ) ;
#6816 = VERTEX_POINT ( 'NONE', #5708 ) ;
#6817 = VERTEX_POINT ( 'NONE', #945 ) ;
#6818 = EDGE_LOOP ( 'NONE', ( #219, #8438, #4732, #1643 ) ) ;
#6819 = DIRECTION ( 'NONE',  ( -0.000000000000000000, -0.000000000000000000, 1.000000000000000000 ) ) ;
#6820 = ORIENTED_EDGE ( 'NONE', *, *, #9779, .T. ) ;
#6821 = ORIENTED_EDGE ( 'NONE', *, *, #2153, .T. ) ;
#6822 = CARTESIAN_POINT ( 'NONE',  ( 32.14653210253800353, 0.000000000000000000, 0.9599999985689978699 ) ) ;
#6823 = ADVANCED_FACE ( 'NONE', ( #334 ), #2505, .T. ) ;
#6824 = CARTESIAN_POINT ( 'NONE',  ( 78.02831089662203112, 12.45999491999002373, 0.000000000000000000 ) ) ;
#6825 = FACE_OUTER_BOUND ( 'NONE', #5238, .T. ) ;
#6826 = ORIENTED_EDGE ( 'NONE', *, *, #2931, .T. ) ;
#6827 = ORIENTED_EDGE ( 'NONE', *, *, #5544, .T. ) ;
#6828 = CARTESIAN_POINT ( 'NONE',  ( 37.32317633251962263, 50.37470916941909138, 7.400000000000000355 ) ) ;
#6829 = ORIENTED_EDGE ( 'NONE', *, *, #9009, .F. ) ;
#6830 = ADVANCED_FACE ( 'NONE', ( #9551 ), #2612, .F. ) ;
#6831 = EDGE_CURVE ( 'NONE', #8561, #380, #8033, .T. ) ;
#6832 = DIRECTION ( 'NONE',  ( -1.000000000000000000, 0.000000000000000000, -0.000000000000000000 ) ) ;
#6833 = CARTESIAN_POINT ( 'NONE',  ( 31.54653210253800211, 28.28980021391638289, 4.000000000000000000 ) ) ;
#6834 = CARTESIAN_POINT ( 'NONE',  ( 17.32317633251983224, 50.37470916941909138, 10.00000000000000000 ) ) ;
#6835 = PLANE ( 'NONE',  #4517 ) ;
#6836 = ORIENTED_EDGE ( 'NONE', *, *, #7876, .F. ) ;
#6837 = ORIENTED_EDGE ( 'NONE', *, *, #6701, .F. ) ;
#6838 = CARTESIAN_POINT ( 'NONE',  ( 23.85907471738197216, 52.37470916941909849, 10.00000000000000000 ) ) ;
#6839 = ORIENTED_EDGE ( 'NONE', *, *, #3733, .F. ) ;
#6840 = ADVANCED_FACE ( 'NONE', ( #3519 ), #5198, .F. ) ;
#6841 = EDGE_CURVE ( 'NONE', #6776, #6077, #7329, .T. ) ;
#6842 = LINE ( 'NONE', #8404, #5401 ) ;
#6843 = VERTEX_POINT ( 'NONE', #5056 ) ;
#6844 = VECTOR ( 'NONE', #1031, 1000.000000000000000 ) ;
#6845 = FACE_OUTER_BOUND ( 'NONE', #1524, .T. ) ;
#6846 = CARTESIAN_POINT ( 'NONE',  ( 79.97474980950003953, 10.50829548434902350, 10.00099999999999945 ) ) ;
#6847 = CARTESIAN_POINT ( 'NONE',  ( 64.56983569344401985, 35.50332283157010949, -8.271542309605473875 ) ) ;
#6848 = DIRECTION ( 'NONE',  ( -0.000000000000000000, -0.000000000000000000, 1.000000000000000000 ) ) ;
#6849 = CARTESIAN_POINT ( 'NONE',  ( 10.40280365961193354, 35.99023488137318338, 7.400000000000000355 ) ) ;
#6850 = VECTOR ( 'NONE', #2942, 1000.000000000000000 ) ;
#6851 = DIRECTION ( 'NONE',  ( 1.000000000000000000, -0.000000000000000000, -0.000000000000000000 ) ) ;
#6852 = ORIENTED_EDGE ( 'NONE', *, *, #5752, .F. ) ;
#6853 = EDGE_CURVE ( 'NONE', #8976, #1853, #9853, .T. ) ;
#6854 = VERTEX_POINT ( 'NONE', #439 ) ;
#6855 = DIRECTION ( 'NONE',  ( -1.000000000000000000, 1.887397745837881465E-14, 0.000000000000000000 ) ) ;
#6856 = ORIENTED_EDGE ( 'NONE', *, *, #1380, .T. ) ;
#6857 = VERTEX_POINT ( 'NONE', #386 ) ;
#6858 = AXIS2_PLACEMENT_3D ( 'NONE', #7641, #9305, #6133 ) ;
#6859 = DIRECTION ( 'NONE',  ( 0.000000000000000000, -1.000000000000000000, 0.000000000000000000 ) ) ;
#6860 = LINE ( 'NONE', #9935, #2714 ) ;
#6861 = PLANE ( 'NONE',  #8977 ) ;
#6862 = CARTESIAN_POINT ( 'NONE',  ( 33.28236328531323807, 25.79799773735023294, 10.00000000000000000 ) ) ;
#6863 = CARTESIAN_POINT ( 'NONE',  ( 79.97474980949952794, 57.98214359204602175, 10.00099999999999945 ) ) ;
#6864 = CARTESIAN_POINT ( 'NONE',  ( 40.40280365961161380, 31.99023488137319760, 10.00000000000000000 ) ) ;
#6865 = ORIENTED_EDGE ( 'NONE', *, *, #8829, .T. ) ;
#6866 = VERTEX_POINT ( 'NONE', #2764 ) ;
#6867 = EDGE_CURVE ( 'NONE', #8937, #1401, #5862, .T. ) ;
#6868 = CARTESIAN_POINT ( 'NONE',  ( 10.21056651558905770, 21.79799773735025070, 10.00000000000000000 ) ) ;
#6869 = ORIENTED_EDGE ( 'NONE', *, *, #8645, .F. ) ;
#6870 = EDGE_LOOP ( 'NONE', ( #8640, #1996, #1539, #7642 ) ) ;
#6871 = EDGE_CURVE ( 'NONE', #7821, #6354, #3468, .T. ) ;
#6872 = DIRECTION ( 'NONE',  ( 0.000000000000000000, 0.000000000000000000, 1.000000000000000000 ) ) ;
#6873 = CARTESIAN_POINT ( 'NONE',  ( 63.47460042933579416, 31.99023488137320470, 7.400000000000000355 ) ) ;
#6874 = DIRECTION ( 'NONE',  ( 1.000000000000000000, 0.000000000000000000, -0.000000000000000000 ) ) ;
#6875 = ORIENTED_EDGE ( 'NONE', *, *, #1055, .F. ) ;
#6876 = EDGE_LOOP ( 'NONE', ( #8187, #3527, #9119, #9834 ) ) ;
#6877 = EDGE_CURVE ( 'NONE', #4954, #1181, #2812, .T. ) ;
#6878 = DIRECTION ( 'NONE',  ( 0.8660254037844385966, -0.5000000000000000000, 0.000000000000000000 ) ) ;
#6879 = ORIENTED_EDGE ( 'NONE', *, *, #693, .F. ) ;
#6880 = DIRECTION ( 'NONE',  ( -0.000000000000000000, 1.000000000000000000, -0.000000000000000000 ) ) ;
#6881 = EDGE_CURVE ( 'NONE', #3145, #6975, #3563, .T. ) ;
#6882 = DIRECTION ( 'NONE',  ( 0.000000000000000000, -0.000000000000000000, -1.000000000000000000 ) ) ;
#6883 = FACE_OUTER_BOUND ( 'NONE', #1285, .T. ) ;
#6884 = CARTESIAN_POINT ( 'NONE',  ( 60.21056651558853190, 25.79799773735024004, 7.400000000000000355 ) ) ;
#6885 = ORIENTED_EDGE ( 'NONE', *, *, #1111, .T. ) ;
#6886 = ORIENTED_EDGE ( 'NONE', *, *, #6055, .F. ) ;
#6887 = LINE ( 'NONE', #5365, #3255 ) ;
#6888 = ORIENTED_EDGE ( 'NONE', *, *, #2272, .T. ) ;
#6889 = CARTESIAN_POINT ( 'NONE',  ( 75.02984732797570189, 0.000000000000000000, 4.000000000000000000 ) ) ;
#6890 = AXIS2_PLACEMENT_3D ( 'NONE', #3871, #5399, #1598 ) ;
#6891 = VERTEX_POINT ( 'NONE', #5006 ) ;
#6892 = EDGE_CURVE ( 'NONE', #6926, #6857, #2051, .T. ) ;
#6893 = CARTESIAN_POINT ( 'NONE',  ( 5.000000000000896172, 54.01736618697488979, 0.000000000000000000 ) ) ;
#6894 = CARTESIAN_POINT ( 'NONE',  ( 59.74084972657723824, 30.61190122397092495, 1.109997883926998163 ) ) ;
#6895 = LINE ( 'NONE', #7695, #8184 ) ;
#6896 = CARTESIAN_POINT ( 'NONE',  ( 16.26968486712803141, 5.000000000000023093, 10.00000000000000000 ) ) ;
#6897 = PLANE ( 'NONE',  #270 ) ;
#6898 = VECTOR ( 'NONE', #2583, 1000.000000000000000 ) ;
#6899 = DIRECTION ( 'NONE',  ( 0.8660254037844384856, 0.5000000000000002220, 0.000000000000000000 ) ) ;
#6900 = VERTEX_POINT ( 'NONE', #9701 ) ;
#6901 = PLANE ( 'NONE',  #703 ) ;
#6902 = ORIENTED_EDGE ( 'NONE', *, *, #1648, .F. ) ;
#6903 = AXIS2_PLACEMENT_3D ( 'NONE', #5731, #4161, #7250 ) ;
#6904 = VERTEX_POINT ( 'NONE', #1240 ) ;
#6905 = VECTOR ( 'NONE', #2462, 999.9999999999998863 ) ;
#6906 = DIRECTION ( 'NONE',  ( 0.000000000000000000, 0.7071067811865556774, 0.7071067811865393571 ) ) ;
#6907 = CARTESIAN_POINT ( 'NONE',  ( 55.42884860408193504, 24.35317541498459448, 7.400000000000002132 ) ) ;
#6908 = CARTESIAN_POINT ( 'NONE',  ( 23.77356091487909495, 59.97470916941908570, 10.00099999999999945 ) ) ;
#6909 = EDGE_CURVE ( 'NONE', #783, #3932, #8940, .T. ) ;
#6910 = DIRECTION ( 'NONE',  ( 0.7071067811865497932, 0.7071067811865453523, -0.000000000000000000 ) ) ;
#6911 = CARTESIAN_POINT ( 'NONE',  ( 46.94653210253800779, 28.88980021391638431, 0.9599999985689978699 ) ) ;
#6912 = DIRECTION ( 'NONE',  ( -0.8660254037844387076, 0.5000000000000001110, 0.000000000000000000 ) ) ;
#6913 = DIRECTION ( 'NONE',  ( 5.782411586589351722E-16, -1.000000000000000000, 0.000000000000000000 ) ) ;
#6914 = VECTOR ( 'NONE', #8424, 1000.000000000000000 ) ;
#6915 = VERTEX_POINT ( 'NONE', #8137 ) ;
#6916 = VERTEX_POINT ( 'NONE', #7426 ) ;
#6917 = LINE ( 'NONE', #64, #5720 ) ;
#6918 = VERTEX_POINT ( 'NONE', #6575 ) ;
#6919 = ORIENTED_EDGE ( 'NONE', *, *, #7344, .F. ) ;
#6920 = CARTESIAN_POINT ( 'NONE',  ( 6.938893903907228378E-15, 23.35317541498462290, 4.000000000000000000 ) ) ;
#6921 = VECTOR ( 'NONE', #6588, 1000.000000000000114 ) ;
#6922 = CARTESIAN_POINT ( 'NONE',  ( 77.13093918849631336, 40.18247202539614449, 7.400000000000000355 ) ) ;
#6923 = CARTESIAN_POINT ( 'NONE',  ( 30.61060500309818977, 30.68592075184099599, 1.109999999999998099 ) ) ;
#6924 = EDGE_CURVE ( 'NONE', #8782, #3320, #6676, .T. ) ;
#6925 = ORIENTED_EDGE ( 'NONE', *, *, #8363, .T. ) ;
#6926 = VERTEX_POINT ( 'NONE', #3665 ) ;
#6927 = AXIS2_PLACEMENT_3D ( 'NONE', #1262, #1979, #7447 ) ;
#6928 = CARTESIAN_POINT ( 'NONE',  ( 73.15243468099103552, 20.03231731485909961, 7.400000000000000355 ) ) ;
#6929 = ORIENTED_EDGE ( 'NONE', *, *, #5016, .F. ) ;
#6930 = EDGE_CURVE ( 'NONE', #6031, #7260, #5910, .T. ) ;
#6931 = AXIS2_PLACEMENT_3D ( 'NONE', #7435, #451, #9510 ) ;
#6932 = EDGE_CURVE ( 'NONE', #5643, #3319, #1289, .T. ) ;
#6933 = CARTESIAN_POINT ( 'NONE',  ( 41.42884860408194214, 24.35317541498458738, -10.67514906227531313 ) ) ;
#6934 = DIRECTION ( 'NONE',  ( 0.000000000000000000, -1.000000000000000000, 0.000000000000000000 ) ) ;
#6935 = CARTESIAN_POINT ( 'NONE',  ( 30.21056651558884809, 21.79799773735025070, 7.400000000000000355 ) ) ;
#6936 = ORIENTED_EDGE ( 'NONE', *, *, #4213, .F. ) ;
#6937 = ORIENTED_EDGE ( 'NONE', *, *, #8551, .F. ) ;
#6938 = DIRECTION ( 'NONE',  ( -0.5000000000000016653, 0.8660254037844377084, 0.000000000000000000 ) ) ;
#6939 = EDGE_LOOP ( 'NONE', ( #1348, #2757, #9739, #2448 ) ) ;
#6940 = AXIS2_PLACEMENT_3D ( 'NONE', #7566, #6815, #2190 ) ;
#6941 = CARTESIAN_POINT ( 'NONE',  ( 0.000000000000000000, 0.000000000000000000, 7.400000000000000355 ) ) ;
#6942 = ORIENTED_EDGE ( 'NONE', *, *, #6644, .T. ) ;
#6943 = EDGE_CURVE ( 'NONE', #6221, #4922, #4245, .T. ) ;
#6944 = DIRECTION ( 'NONE',  ( -0.8660254037844377084, -0.5000000000000016653, 0.000000000000000000 ) ) ;
#6945 = CARTESIAN_POINT ( 'NONE',  ( 60.78727794765715231, 56.37470916941907717, 7.400000000000000355 ) ) ;
#6946 = LINE ( 'NONE', #4608, #448 ) ;
#6947 = VECTOR ( 'NONE', #7685, 1000.000000000000000 ) ;
#6948 = CARTESIAN_POINT ( 'NONE',  ( 0.000000000000000000, 0.000000000000000000, 7.400000000000000355 ) ) ;
#6949 = ADVANCED_FACE ( 'NONE', ( #6719 ), #9798, .T. ) ;
#6950 = LINE ( 'NONE', #3744, #2726 ) ;
#6951 = VERTEX_POINT ( 'NONE', #7518 ) ;
#6952 = DIRECTION ( 'NONE',  ( -0.000000000000000000, -0.000000000000000000, 1.000000000000000000 ) ) ;
#6953 = ORIENTED_EDGE ( 'NONE', *, *, #642, .F. ) ;
#6954 = VECTOR ( 'NONE', #4826, 1000.000000000000000 ) ;
#6955 = VERTEX_POINT ( 'NONE', #9041 ) ;
#6956 = DIRECTION ( 'NONE',  ( -0.000000000000000000, -0.000000000000000000, 1.000000000000000000 ) ) ;
#6957 = DIRECTION ( 'NONE',  ( -0.7071067811867293162, -0.7071067811863657182, 0.000000000000000000 ) ) ;
#6958 = LINE ( 'NONE', #7953, #1545 ) ;
#6959 = CARTESIAN_POINT ( 'NONE',  ( 6.992565577373027530, 59.97470916941908570, 0.000000000000000000 ) ) ;
#6960 = FACE_OUTER_BOUND ( 'NONE', #3059, .T. ) ;
#6961 = CARTESIAN_POINT ( 'NONE',  ( 23.66683757335909633, 42.18247202539615159, 7.400000000000000355 ) ) ;
#6962 = DIRECTION ( 'NONE',  ( 0.000000000000000000, 1.000000000000000000, 0.000000000000000000 ) ) ;
#6963 = AXIS2_PLACEMENT_3D ( 'NONE', #3065, #2254, #8433 ) ;
#6964 = ORIENTED_EDGE ( 'NONE', *, *, #9043, .T. ) ;
#6965 = VERTEX_POINT ( 'NONE', #2101 ) ;
#6966 = CARTESIAN_POINT ( 'NONE',  ( 6.554227756428436358, 17.60576059332729670, 7.400000000000000355 ) ) ;
#6967 = ORIENTED_EDGE ( 'NONE', *, *, #6190, .F. ) ;
#6968 = EDGE_CURVE ( 'NONE', #8494, #6857, #9651, .T. ) ;
#6969 = ADVANCED_FACE ( 'NONE', ( #1599 ), #4590, .T. ) ;
#6970 = ORIENTED_EDGE ( 'NONE', *, *, #4899, .T. ) ;
#6971 = CARTESIAN_POINT ( 'NONE',  ( 54.61482092964089929, 59.34967741935614072, 4.000000000000000000 ) ) ;
#6972 = VECTOR ( 'NONE', #3801, 1000.000000000000000 ) ;
#6973 = CARTESIAN_POINT ( 'NONE',  ( 73.34807733323548007, 40.95871309031685570, 5.000000000000000000 ) ) ;
#6974 = CARTESIAN_POINT ( 'NONE',  ( 40.59504080363448963, 42.18247202539614449, 10.00000000000000000 ) ) ;
#6975 = VERTEX_POINT ( 'NONE', #3067 ) ;
#6976 = ORIENTED_EDGE ( 'NONE', *, *, #8965, .F. ) ;
#6977 = CARTESIAN_POINT ( 'NONE',  ( 70.78727794765704573, 52.37470916941909138, 7.400000000000000355 ) ) ;
#6978 = ORIENTED_EDGE ( 'NONE', *, *, #8773, .T. ) ;
#6979 = LINE ( 'NONE', #10013, #5122 ) ;
#6980 = CARTESIAN_POINT ( 'NONE',  ( 26.74646490045110170, 27.79799773735024004, 7.400000000000000355 ) ) ;
#6981 = CLOSED_SHELL ( 'NONE', ( #4641, #6617, #7512, #6310, #2732, #3628, #4549, #1906, #8284, #1828, #4249, #9711, #7875, #3831, #1448, #8161, #9570, #3020, #5037, #5994, #1169, #6391, #7026, #7115, #8590, #6364, #4744, #2210, #9008, #7631, #4326, #874, #9238, #8339, #4212, #771, #7974, #6382, #7693, #263, #5134, #5840, #8955, #6610, #8781, #7275, #3342, #4408, #5190, #7349, #2672, #6949, #35, #7976, #48, #2984, #5680, #7537, #1114, #9642, #3606, #1850, #6734, #3617, #5890, #9960, #2899, #4078, #2007, #7778, #4588, #1312, #2647, #8120, #3967, #7183, #7209, #4597, #2264, #3627, #1907, #732, #6073, #9343, #2209, #1948, #2298, #9231, #9188, #2719, #2560, #5232, #6501, #3301, #4295, #508, #3878, #5911, #9334, #3869, #987, #8830, #4393, #8066, #4774, #9765, #4339, #6122, #8681, #4784, #4247, #5177, #9133, #5042, #2706, #1814, #5318, #9956, #822, #6830, #2297, #2536, #6416, #2815, #4958, #3511, #5995, #8045, #810, #5751, #7439, #9884, #1659, #10022, #8263, #2108, #1196, #2418, #1157, #9252, #9391, #3351, #8035, #7839, #7850, #5390, #1862, #7066, #160, #789, #5105, #5782, #5880, #843, #3471, #6692, #9809, #2549, #5403, #5273, #6995, #4284, #4275, #3797, #7417, #3046, #7671, #5429, #9789, #9616, #599, #7177, #7299, #6766, #6840, #6969, #360, #1255, #3979, #1306, #4006, #1484, #5428, #5457, #6294, #7549, #1786, #6111, #5319, #3639, #4026, #9503, #6064, #1566, #1538, #5727, #8099, #6433, #2772, #8646, #9786, #1727, #6559, #6363, #3607, #8735, #5386, #555, #1516, #1760, #7083, #6823, #3287, #635, #2691, #9053, #5354, #8073, #4022, #3140, #4613, #585, #8467, #5004, #3208, #1184, #171, #696, #8718, #3002, #1703, #2597, #336, #3842, #1855, #3129, #4906, #9859, #7905, #8491, #236, #88, #5397, #9641, #3896, #1472, #3229, #1205, #9669, #5, #1365, #7702, #9603, #5870, #4381, #2154, #521, #2024, #1841, #7235, #5090, #7036, #2317, #5879, #3080, #7498, #5118, #492, #6220, #4204, #2340, #5385, #9950, #491, #5245, #3777, #773, #5459, #1150, #4561, #3822, #245, #6065, #72, #2234, #755, #9101, #5594, #2697, #7569, #728, #3809, #2954, #5215, #4989, #1004, #8565, #6292, #1840, #9250, #5452, #670, #6476, #943, #3270, #3337, #5789, #4693, #6735, #2130, #6724, #8912, #7392, #9240, #1342, #3218, #7682, #9586, #5307, #8034, #862, #7236, #4357, #7134, #4756, #3040 ) ) ;
#6982 = FACE_OUTER_BOUND ( 'NONE', #1837, .T. ) ;
#6983 = VERTEX_POINT ( 'NONE', #6974 ) ;
#6984 = ORIENTED_EDGE ( 'NONE', *, *, #8089, .T. ) ;
#6985 = LINE ( 'NONE', #137, #2295 ) ;
#6986 = ORIENTED_EDGE ( 'NONE', *, *, #4005, .T. ) ;
#6987 = EDGE_CURVE ( 'NONE', #5466, #5430, #2962, .T. ) ;
#6988 = DIRECTION ( 'NONE',  ( -0.7071067811865574537, 4.088782444489056373E-16, 0.7071067811865375807 ) ) ;
#6989 = DIRECTION ( 'NONE',  ( 0.000000000000000000, 0.000000000000000000, -1.000000000000000000 ) ) ;
#6990 = LINE ( 'NONE', #4047, #1584 ) ;
#6991 = LINE ( 'NONE', #42, #9981 ) ;
#6992 = CARTESIAN_POINT ( 'NONE',  ( 70.59504080363419121, 46.18247202539613028, 10.00000000000000000 ) ) ;
#6993 = ORIENTED_EDGE ( 'NONE', *, *, #975, .T. ) ;
#6994 = AXIS2_PLACEMENT_3D ( 'NONE', #496, #2919, #5248 ) ;
#6995 = ADVANCED_FACE ( 'NONE', ( #6012 ), #71, .F. ) ;
#6996 = CARTESIAN_POINT ( 'NONE',  ( 79.97474980950003953, 6.992565577373023977, 10.00000000000000000 ) ) ;
#6997 = ORIENTED_EDGE ( 'NONE', *, *, #2771, .T. ) ;
#6998 = ORIENTED_EDGE ( 'NONE', *, *, #7559, .T. ) ;
#6999 = DIRECTION ( 'NONE',  ( -0.7071067811865471286, 0.7071067811865479058, 0.000000000000000000 ) ) ;
#7000 = DIRECTION ( 'NONE',  ( -1.000000000000000000, 0.000000000000000000, 0.000000000000000000 ) ) ;
#7001 = CARTESIAN_POINT ( 'NONE',  ( 27.32317633251972566, 58.37470916941907717, 10.00000000000000000 ) ) ;
#7002 = VECTOR ( 'NONE', #16, 1000.000000000000000 ) ;
#7003 = PLANE ( 'NONE',  #3183 ) ;
#7004 = CARTESIAN_POINT ( 'NONE',  ( 63.85907471738156005, 52.37470916941909849, 7.400000000000000355 ) ) ;
#7005 = DIRECTION ( 'NONE',  ( 0.8660254037844385966, -0.5000000000000000000, 0.000000000000000000 ) ) ;
#7006 = FACE_OUTER_BOUND ( 'NONE', #5914, .T. ) ;
#7007 = EDGE_CURVE ( 'NONE', #4203, #6915, #3818, .T. ) ;
#7008 = ORIENTED_EDGE ( 'NONE', *, *, #9764, .F. ) ;
#7009 = ORIENTED_EDGE ( 'NONE', *, *, #4719, .F. ) ;
#7010 = DIRECTION ( 'NONE',  ( -0.8660254037844378194, -0.5000000000000013323, 0.000000000000000000 ) ) ;
#7011 = AXIS2_PLACEMENT_3D ( 'NONE', #4067, #7154, #8771 ) ;
#7012 = ORIENTED_EDGE ( 'NONE', *, *, #1412, .T. ) ;
#7013 = ORIENTED_EDGE ( 'NONE', *, *, #5936, .T. ) ;
#7014 = EDGE_CURVE ( 'NONE', #5366, #6951, #7877, .T. ) ;
#7015 = CARTESIAN_POINT ( 'NONE',  ( 71.31952070086403239, 54.37489788495683740, 4.000000000000000000 ) ) ;
#7016 = EDGE_CURVE ( 'NONE', #5573, #9348, #7676, .T. ) ;
#7017 = CARTESIAN_POINT ( 'NONE',  ( 37.13093918849674679, 40.18247202539614449, 7.400000000000000355 ) ) ;
#7018 = FACE_OUTER_BOUND ( 'NONE', #6426, .T. ) ;
#7019 = LINE ( 'NONE', #1497, #5128 ) ;
#7020 = VECTOR ( 'NONE', #2336, 1000.000000000000000 ) ;
#7021 = ORIENTED_EDGE ( 'NONE', *, *, #9469, .F. ) ;
#7022 = ORIENTED_EDGE ( 'NONE', *, *, #6008, .F. ) ;
#7023 = CARTESIAN_POINT ( 'NONE',  ( 27.32317633251972921, 50.37470916941909138, 10.00000000000000000 ) ) ;
#7024 = ORIENTED_EDGE ( 'NONE', *, *, #6295, .T. ) ;
#7025 = DIRECTION ( 'NONE',  ( -0.7071067811865475727, 0.7071067811865475727, 0.000000000000000000 ) ) ;
#7026 = ADVANCED_FACE ( 'NONE', ( #5299 ), #9291, .F. ) ;
#7027 = DIRECTION ( 'NONE',  ( -0.8660254037844378194, 0.5000000000000015543, 0.000000000000000000 ) ) ;
#7028 = CARTESIAN_POINT ( 'NONE',  ( 17.46155956311902813, 6.186614173228023539, 10.00099999999999945 ) ) ;
#7029 = ORIENTED_EDGE ( 'NONE', *, *, #6618, .T. ) ;
#7030 = ORIENTED_EDGE ( 'NONE', *, *, #2245, .T. ) ;
#7031 = CARTESIAN_POINT ( 'NONE',  ( 11.13621310223726368, 34.33421759231528370, 6.000000000000000000 ) ) ;
#7032 = ORIENTED_EDGE ( 'NONE', *, *, #7961, .T. ) ;
#7033 = DIRECTION ( 'NONE',  ( 0.000000000000000000, 1.000000000000000000, 0.000000000000000000 ) ) ;
#7034 = LINE ( 'NONE', #8553, #2872 ) ;
#7035 = EDGE_CURVE ( 'NONE', #2522, #428, #8532, .T. ) ;
#7036 = ADVANCED_FACE ( 'NONE', ( #8385 ), #8435, .F. ) ;
#7037 = CARTESIAN_POINT ( 'NONE',  ( 6.992565577374029395, 5.000000000000023093, 10.00099999999999945 ) ) ;
#7038 = FACE_OUTER_BOUND ( 'NONE', #763, .T. ) ;
#7039 = ORIENTED_EDGE ( 'NONE', *, *, #6536, .F. ) ;
#7040 = VECTOR ( 'NONE', #7816, 1000.000000000000000 ) ;
#7041 = CARTESIAN_POINT ( 'NONE',  ( 33.66683757335898974, 46.18247202539612317, 7.400000000000000355 ) ) ;
#7042 = ORIENTED_EDGE ( 'NONE', *, *, #9168, .F. ) ;
#7043 = ORIENTED_EDGE ( 'NONE', *, *, #684, .F. ) ;
#7044 = CARTESIAN_POINT ( 'NONE',  ( 67.32317633251929578, 50.37470916941909138, 7.400000000000000355 ) ) ;
#7045 = CARTESIAN_POINT ( 'NONE',  ( 20.21056651558895112, 21.79799773735025070, 7.400000000000000355 ) ) ;
#7046 = VECTOR ( 'NONE', #3903, 1000.000000000000000 ) ;
#7047 = PLANE ( 'NONE',  #87 ) ;
#7048 = LINE ( 'NONE', #202, #8213 ) ;
#7049 = EDGE_CURVE ( 'NONE', #2171, #6740, #8483, .T. ) ;
#7050 = LINE ( 'NONE', #9471, #6590 ) ;
#7051 = CARTESIAN_POINT ( 'NONE',  ( 0.000000000000000000, 0.000000000000000000, 7.400000000000000355 ) ) ;
#7052 = DIRECTION ( 'NONE',  ( 1.000000000000000000, 0.000000000000000000, -0.000000000000000000 ) ) ;
#7053 = ORIENTED_EDGE ( 'NONE', *, *, #2461, .T. ) ;
#7054 = ORIENTED_EDGE ( 'NONE', *, *, #8928, .F. ) ;
#7055 = VECTOR ( 'NONE', #6957, 1000.000000000000114 ) ;
#7056 = AXIS2_PLACEMENT_3D ( 'NONE', #8856, #5019, #8102 ) ;
#7057 = CARTESIAN_POINT ( 'NONE',  ( 53.85907471738165242, 52.37470916941909849, 7.400000000000000355 ) ) ;
#7058 = EDGE_LOOP ( 'NONE', ( #2369, #4617, #7625, #1352 ) ) ;
#7059 = ORIENTED_EDGE ( 'NONE', *, *, #9464, .T. ) ;
#7060 = LINE ( 'NONE', #2543, #6162 ) ;
#7061 = CARTESIAN_POINT ( 'NONE',  ( 70.21056651558843953, 25.79799773735024004, 10.00000000000000000 ) ) ;
#7062 = CARTESIAN_POINT ( 'NONE',  ( 30.54606450874868173, -30.54606450874760171, 4.000000000000000000 ) ) ;
#7063 = DIRECTION ( 'NONE',  ( -0.8660254037844379305, 0.5000000000000011102, 0.000000000000000000 ) ) ;
#7064 = AXIS2_PLACEMENT_3D ( 'NONE', #6694, #4410, #9163 ) ;
#7065 = VECTOR ( 'NONE', #9070, 1000.000000000000000 ) ;
#7066 = ADVANCED_FACE ( 'NONE', ( #6116 ), #7624, .T. ) ;
#7067 = ORIENTED_EDGE ( 'NONE', *, *, #3008, .T. ) ;
#7068 = ORIENTED_EDGE ( 'NONE', *, *, #3990, .T. ) ;
#7069 = LINE ( 'NONE', #4030, #3267 ) ;
#7070 = EDGE_LOOP ( 'NONE', ( #4554, #1986 ) ) ;
#7071 = VECTOR ( 'NONE', #9636, 1000.000000000000000 ) ;
#7072 = VECTOR ( 'NONE', #9746, 1000.000000000000000 ) ;
#7073 = DIRECTION ( 'NONE',  ( 0.000000000000000000, 0.000000000000000000, 1.000000000000000000 ) ) ;
#7074 = DIRECTION ( 'NONE',  ( 1.000000000000000000, 0.000000000000000000, 0.000000000000000000 ) ) ;
#7075 = DIRECTION ( 'NONE',  ( 0.5000000000000015543, 0.8660254037844378194, 0.000000000000000000 ) ) ;
#7076 = VECTOR ( 'NONE', #5733, 1000.000000000000000 ) ;
#7077 = VECTOR ( 'NONE', #8715, 1000.000000000000000 ) ;
#7078 = CARTESIAN_POINT ( 'NONE',  ( 66.93870204447355832, 29.99023488137320115, 7.400000000000000355 ) ) ;
#7079 = ORIENTED_EDGE ( 'NONE', *, *, #3021, .F. ) ;
#7080 = ORIENTED_EDGE ( 'NONE', *, *, #226, .T. ) ;
#7081 = CARTESIAN_POINT ( 'NONE',  ( 47.13093918849664021, 48.18247202539613028, 7.400000000000000355 ) ) ;
#7082 = EDGE_LOOP ( 'NONE', ( #3868, #5227, #3077, #4447, #2078 ) ) ;
#7083 = ADVANCED_FACE ( 'NONE', ( #6825 ), #2151, .F. ) ;
#7084 = EDGE_CURVE ( 'NONE', #5617, #1242, #6164, .T. ) ;
#7085 = VECTOR ( 'NONE', #9150, 1000.000000000000000 ) ;
#7086 = DIRECTION ( 'NONE',  ( 1.000000000000000000, 0.000000000000000000, 0.000000000000000000 ) ) ;
#7087 = FACE_OUTER_BOUND ( 'NONE', #3135, .T. ) ;
#7088 = FACE_OUTER_BOUND ( 'NONE', #2710, .T. ) ;
#7089 = LINE ( 'NONE', #3234, #298 ) ;
#7090 = VERTEX_POINT ( 'NONE', #5352 ) ;
#7091 = VECTOR ( 'NONE', #6306, 1000.000000000000227 ) ;
#7092 = DIRECTION ( 'NONE',  ( 0.000000000000000000, 1.000000000000000000, 0.000000000000000000 ) ) ;
#7093 = ORIENTED_EDGE ( 'NONE', *, *, #885, .F. ) ;
#7094 = EDGE_CURVE ( 'NONE', #6313, #5368, #7019, .T. ) ;
#7095 = DIRECTION ( 'NONE',  ( -0.8660254037844375974, -0.5000000000000016653, 0.000000000000000000 ) ) ;
#7096 = VECTOR ( 'NONE', #8297, 1000.000000000000000 ) ;
#7097 = DIRECTION ( 'NONE',  ( -0.000000000000000000, -0.000000000000000000, 1.000000000000000000 ) ) ;
#7098 = DIRECTION ( 'NONE',  ( 0.8660254037844385966, -0.5000000000000000000, 0.000000000000000000 ) ) ;
#7099 = CARTESIAN_POINT ( 'NONE',  ( 10.40280365961193354, 35.99023488137318338, 10.00000000000000000 ) ) ;
#7100 = PLANE ( 'NONE',  #6429 ) ;
#7101 = LINE ( 'NONE', #1062, #3382 ) ;
#7102 = LINE ( 'NONE', #1063, #7091 ) ;
#7103 = ORIENTED_EDGE ( 'NONE', *, *, #1676, .F. ) ;
#7104 = ORIENTED_EDGE ( 'NONE', *, *, #7084, .F. ) ;
#7105 = VECTOR ( 'NONE', #1165, 1000.000000000000000 ) ;
#7106 = CARTESIAN_POINT ( 'NONE',  ( 20.40280365961182696, 31.99023488137319760, 7.400000000000000355 ) ) ;
#7107 = ORIENTED_EDGE ( 'NONE', *, *, #1717, .F. ) ;
#7108 = EDGE_CURVE ( 'NONE', #7692, #9348, #838, .T. ) ;
#7109 = EDGE_LOOP ( 'NONE', ( #8751, #7489, #4856, #839 ) ) ;
#7110 = LINE ( 'NONE', #7864, #5671 ) ;
#7111 = DIRECTION ( 'NONE',  ( -1.000000000000000000, 0.000000000000000000, 0.000000000000000000 ) ) ;
#7112 = CARTESIAN_POINT ( 'NONE',  ( 55.42884860408193504, 23.35317541498460159, -10.67514906227531313 ) ) ;
#7113 = CARTESIAN_POINT ( 'NONE',  ( 57.13093918849652653, 48.18247202539613028, 7.400000000000000355 ) ) ;
#7114 = EDGE_CURVE ( 'NONE', #8449, #3880, #3919, .T. ) ;
#7115 = ADVANCED_FACE ( 'NONE', ( #884 ), #1690, .F. ) ;
#7116 = EDGE_LOOP ( 'NONE', ( #7335, #4537, #5528, #7053 ) ) ;
#7117 = ORIENTED_EDGE ( 'NONE', *, *, #4032, .F. ) ;
#7118 = LINE ( 'NONE', #7023, #7794 ) ;
#7119 = VERTEX_POINT ( 'NONE', #1789 ) ;
#7120 = EDGE_CURVE ( 'NONE', #7463, #6216, #7817, .T. ) ;
#7121 = ORIENTED_EDGE ( 'NONE', *, *, #6841, .F. ) ;
#7122 = AXIS2_PLACEMENT_3D ( 'NONE', #8212, #9682, #4168 ) ;
#7123 = DIRECTION ( 'NONE',  ( -0.5000000000000014433, 0.8660254037844379305, 0.000000000000000000 ) ) ;
#7124 = DIRECTION ( 'NONE',  ( -0.8660254037844378194, 0.5000000000000015543, 0.000000000000000000 ) ) ;
#7125 = CARTESIAN_POINT ( 'NONE',  ( 23.85907471738197216, 52.37470916941909849, 7.400000000000000355 ) ) ;
#7126 = LINE ( 'NONE', #948, #4990 ) ;
#7127 = DIRECTION ( 'NONE',  ( -0.000000000000000000, -0.000000000000000000, 1.000000000000000000 ) ) ;
#7128 = EDGE_CURVE ( 'NONE', #8848, #7483, #3968, .T. ) ;
#7129 = EDGE_LOOP ( 'NONE', ( #3605, #9283, #6929, #6143 ) ) ;
#7130 = ORIENTED_EDGE ( 'NONE', *, *, #2471, .T. ) ;
#7131 = CARTESIAN_POINT ( 'NONE',  ( 23.47460042933622049, 35.99023488137317628, 7.400000000000000355 ) ) ;
#7132 = VERTEX_POINT ( 'NONE', #3304 ) ;
#7133 = EDGE_CURVE ( 'NONE', #25, #3962, #7970, .T. ) ;
#7134 = ADVANCED_FACE ( 'NONE', ( #3212 ), #123, .F. ) ;
#7135 = CARTESIAN_POINT ( 'NONE',  ( 47.54653210253800921, 0.000000000000000000, 4.000000000000000000 ) ) ;
#7136 = DIRECTION ( 'NONE',  ( -0.7071067811867248754, 0.7071067811863702701, 0.000000000000000000 ) ) ;
#7137 = DIRECTION ( 'NONE',  ( -0.8660254037844381525, 0.5000000000000007772, 0.000000000000000000 ) ) ;
#7138 = PLANE ( 'NONE',  #3371 ) ;
#7139 = EDGE_CURVE ( 'NONE', #9088, #4496, #9390, .T. ) ;
#7140 = ORIENTED_EDGE ( 'NONE', *, *, #2824, .F. ) ;
#7141 = CARTESIAN_POINT ( 'NONE',  ( 56.93870204447366490, 29.99023488137320115, 7.400000000000000355 ) ) ;
#7142 = EDGE_LOOP ( 'NONE', ( #2656, #8289, #5749, #3355 ) ) ;
#7143 = CARTESIAN_POINT ( 'NONE',  ( 37.13093918849674679, 48.18247202539613028, 10.00000000000000000 ) ) ;
#7144 = PLANE ( 'NONE',  #4815 ) ;
#7145 = FACE_OUTER_BOUND ( 'NONE', #1479, .T. ) ;
#7146 = LINE ( 'NONE', #2392, #4649 ) ;
#7147 = PLANE ( 'NONE',  #6744 ) ;
#7148 = CARTESIAN_POINT ( 'NONE',  ( 57.46984934592701677, 0.000000000000000000, 4.000000000000000000 ) ) ;
#7149 = LINE ( 'NONE', #156, #5157 ) ;
#7150 = EDGE_CURVE ( 'NONE', #2920, #7119, #1076, .T. ) ;
#7151 = EDGE_CURVE ( 'NONE', #8367, #4915, #1027, .T. ) ;
#7152 = LINE ( 'NONE', #3401, #8753 ) ;
#7153 = VERTEX_POINT ( 'NONE', #5595 ) ;
#7154 = DIRECTION ( 'NONE',  ( 0.5000000000000003331, -0.8660254037844385966, 0.000000000000000000 ) ) ;
#7155 = EDGE_LOOP ( 'NONE', ( #8026, #4754, #2196, #9865 ) ) ;
#7156 = EDGE_LOOP ( 'NONE', ( #1493, #8968, #9694, #5300 ) ) ;
#7157 = AXIS2_PLACEMENT_3D ( 'NONE', #7582, #6777, #7431 ) ;
#7158 = CARTESIAN_POINT ( 'NONE',  ( 50.78727794765726600, 52.37470916941909138, 7.400000000000000355 ) ) ;
#7159 = DIRECTION ( 'NONE',  ( 0.8660254037844385966, -0.5000000000000000000, 0.000000000000000000 ) ) ;
#7160 = MANIFOLD_SOLID_BREP ( '\X2\52079664\X0\-\X2\62c94f38\X0\14', #6981 ) ;
#7161 = DIRECTION ( 'NONE',  ( 0.000000000000000000, 1.000000000000000000, 0.000000000000000000 ) ) ;
#7162 = EDGE_CURVE ( 'NONE', #5506, #4953, #7923, .T. ) ;
#7163 = EDGE_CURVE ( 'NONE', #2121, #9254, #4182, .T. ) ;
#7164 = CIRCLE ( 'NONE', #8458, 1.700000000000001066 ) ;
#7165 = VERTEX_POINT ( 'NONE', #4074 ) ;
#7166 = VERTEX_POINT ( 'NONE', #5650 ) ;
#7167 = FACE_OUTER_BOUND ( 'NONE', #2053, .T. ) ;
#7168 = VERTEX_POINT ( 'NONE', #8732 ) ;
#7169 = CARTESIAN_POINT ( 'NONE',  ( 13.28236328531345123, 21.79799773735025781, 7.400000000000000355 ) ) ;
#7170 = EDGE_LOOP ( 'NONE', ( #9097, #5586, #4467, #5667 ) ) ;
#7171 = VECTOR ( 'NONE', #7301, 1000.000000000000227 ) ;
#7172 = DIRECTION ( 'NONE',  ( -0.8660254037844379305, 0.5000000000000011102, 0.000000000000000000 ) ) ;
#7173 = CARTESIAN_POINT ( 'NONE',  ( 18.01060500309818835, 31.28592075184100096, 4.000000000000000000 ) ) ;
#7174 = CARTESIAN_POINT ( 'NONE',  ( 23.06165955430742187, 58.33397611666539717, 0.000000000000000000 ) ) ;
#7175 = FACE_OUTER_BOUND ( 'NONE', #9493, .T. ) ;
#7176 = EDGE_CURVE ( 'NONE', #8226, #6843, #2407, .T. ) ;
#7177 = ADVANCED_FACE ( 'NONE', ( #9538 ), #5697, .F. ) ;
#7178 = CARTESIAN_POINT ( 'NONE',  ( 31.54653210253800211, 35.48980021391638928, 4.000000000000000000 ) ) ;
#7179 = ORIENTED_EDGE ( 'NONE', *, *, #4032, .T. ) ;
#7180 = ORIENTED_EDGE ( 'NONE', *, *, #5524, .T. ) ;
#7181 = DIRECTION ( 'NONE',  ( -0.8660254037844377084, 0.5000000000000015543, 0.000000000000000000 ) ) ;
#7182 = ORIENTED_EDGE ( 'NONE', *, *, #2259, .T. ) ;
#7183 = ADVANCED_FACE ( 'NONE', ( #1276 ), #4331, .F. ) ;
#7184 = DIRECTION ( 'NONE',  ( 0.000000000000000000, 1.000000000000000000, 0.000000000000000000 ) ) ;
#7185 = DIRECTION ( 'NONE',  ( -1.000000000000000000, 0.000000000000000000, -0.000000000000000000 ) ) ;
#7186 = DIRECTION ( 'NONE',  ( 0.000000000000000000, 0.000000000000000000, 1.000000000000000000 ) ) ;
#7187 = DIRECTION ( 'NONE',  ( 0.000000000000000000, 1.000000000000000000, 0.000000000000000000 ) ) ;
#7188 = ORIENTED_EDGE ( 'NONE', *, *, #2727, .F. ) ;
#7189 = EDGE_CURVE ( 'NONE', #1202, #2988, #2702, .T. ) ;
#7190 = CARTESIAN_POINT ( 'NONE',  ( 47.32317633251952316, 50.37470916941909138, 7.400000000000000355 ) ) ;
#7191 = ORIENTED_EDGE ( 'NONE', *, *, #5361, .T. ) ;
#7192 = EDGE_CURVE ( 'NONE', #8880, #4215, #4234, .T. ) ;
#7193 = DIRECTION ( 'NONE',  ( 0.8660254037844385966, -0.5000000000000000000, 0.000000000000000000 ) ) ;
#7194 = CARTESIAN_POINT ( 'NONE',  ( 7.188803657608024977, 56.44252476504900073, 10.00000000000000000 ) ) ;
#7195 = DIRECTION ( 'NONE',  ( -0.8660254037844377084, -0.5000000000000016653, 0.000000000000000000 ) ) ;
#7196 = FACE_OUTER_BOUND ( 'NONE', #6252, .T. ) ;
#7197 = DIRECTION ( 'NONE',  ( -0.7071067811865457964, -0.7071067811865492381, 0.000000000000000000 ) ) ;
#7198 = FACE_OUTER_BOUND ( 'NONE', #940, .T. ) ;
#7199 = VECTOR ( 'NONE', #8078, 1000.000000000000000 ) ;
#7200 = ORIENTED_EDGE ( 'NONE', *, *, #6441, .T. ) ;
#7201 = CARTESIAN_POINT ( 'NONE',  ( 11.30691806564784763, 11.30691806564793467, 4.000000000000000000 ) ) ;
#7202 = CARTESIAN_POINT ( 'NONE',  ( 10.59504080363480760, 46.18247202539613028, 7.400000000000000355 ) ) ;
#7203 = FACE_OUTER_BOUND ( 'NONE', #528, .T. ) ;
#7204 = ORIENTED_EDGE ( 'NONE', *, *, #4110, .F. ) ;
#7205 = CARTESIAN_POINT ( 'NONE',  ( 42.42884860408194214, 27.75317541498460372, 10.00000000000000000 ) ) ;
#7206 = ORIENTED_EDGE ( 'NONE', *, *, #7470, .T. ) ;
#7207 = VERTEX_POINT ( 'NONE', #7318 ) ;
#7208 = VECTOR ( 'NONE', #9722, 1000.000000000000227 ) ;
#7209 = ADVANCED_FACE ( 'NONE', ( #4993 ), #3599, .T. ) ;
#7210 = CARTESIAN_POINT ( 'NONE',  ( 67.32317633251929578, 58.37470916941907717, 10.00000000000000000 ) ) ;
#7211 = EDGE_CURVE ( 'NONE', #1522, #8479, #9785, .T. ) ;
#7212 = LINE ( 'NONE', #69, #2056 ) ;
#7213 = DIRECTION ( 'NONE',  ( -0.000000000000000000, -0.000000000000000000, 1.000000000000000000 ) ) ;
#7214 = VECTOR ( 'NONE', #2561, 1000.000000000000000 ) ;
#7215 = EDGE_LOOP ( 'NONE', ( #4600, #2387, #5478, #9001 ) ) ;
#7216 = EDGE_LOOP ( 'NONE', ( #8887, #840, #2759, #7720 ) ) ;
#7217 = FACE_OUTER_BOUND ( 'NONE', #8797, .T. ) ;
#7218 = VERTEX_POINT ( 'NONE', #7414 ) ;
#7219 = CARTESIAN_POINT ( 'NONE',  ( 41.43180065388673938, 44.29286487643512515, 4.000000000000000000 ) ) ;
#7220 = ORIENTED_EDGE ( 'NONE', *, *, #5661, .F. ) ;
#7221 = EDGE_CURVE ( 'NONE', #8641, #8892, #2848, .T. ) ;
#7222 = VECTOR ( 'NONE', #607, 1000.000000000000227 ) ;
#7223 = VECTOR ( 'NONE', #4085, 1000.000000000000227 ) ;
#7224 = CARTESIAN_POINT ( 'NONE',  ( 63.85907471738156005, 56.37470916941907007, 7.400000000000000355 ) ) ;
#7225 = CARTESIAN_POINT ( 'NONE',  ( 0.000000000000000000, 44.29286487643512515, 4.000000000000000000 ) ) ;
#7226 = DIRECTION ( 'NONE',  ( -0.8660254037844381525, 0.5000000000000007772, 0.000000000000000000 ) ) ;
#7227 = DIRECTION ( 'NONE',  ( -5.782411586589358625E-16, -1.000000000000000000, 0.000000000000000000 ) ) ;
#7228 = CARTESIAN_POINT ( 'NONE',  ( 79.97474980950003953, 6.992565577373023977, 0.000000000000000000 ) ) ;
#7229 = ORIENTED_EDGE ( 'NONE', *, *, #1039, .T. ) ;
#7230 = ORIENTED_EDGE ( 'NONE', *, *, #3204, .T. ) ;
#7231 = AXIS2_PLACEMENT_3D ( 'NONE', #2199, #9194, #7773 ) ;
#7232 = VECTOR ( 'NONE', #9828, 1000.000000000000114 ) ;
#7233 = CARTESIAN_POINT ( 'NONE',  ( 73.66683757335856342, 46.18247202539612317, 7.400000000000000355 ) ) ;
#7234 = VERTEX_POINT ( 'NONE', #6513 ) ;
#7235 = ADVANCED_FACE ( 'NONE', ( #478 ), #2088, .F. ) ;
#7236 = ADVANCED_FACE ( 'NONE', ( #6564 ), #5185, .F. ) ;
#7237 = AXIS2_PLACEMENT_3D ( 'NONE', #4109, #824, #6349 ) ;
#7238 = CIRCLE ( 'NONE', #8205, 1.699999999999999289 ) ;
#7239 = CARTESIAN_POINT ( 'NONE',  ( 66.74646490045067537, 27.79799773735024004, 10.00000000000000000 ) ) ;
#7240 = DIRECTION ( 'NONE',  ( -0.000000000000000000, -0.000000000000000000, -1.000000000000000000 ) ) ;
#7241 = CARTESIAN_POINT ( 'NONE',  ( 30.61060500309818977, 30.68592075184099599, 1.109999999999998099 ) ) ;
#7242 = DIRECTION ( 'NONE',  ( 0.000000000000000000, 1.000000000000000000, 0.000000000000000000 ) ) ;
#7243 = EDGE_LOOP ( 'NONE', ( #377, #8621, #9160, #7319 ) ) ;
#7244 = EDGE_CURVE ( 'NONE', #834, #4776, #9028, .T. ) ;
#7245 = VECTOR ( 'NONE', #5520, 1000.000000000000000 ) ;
#7246 = LINE ( 'NONE', #2479, #1511 ) ;
#7247 = ORIENTED_EDGE ( 'NONE', *, *, #3969, .T. ) ;
#7248 = EDGE_CURVE ( 'NONE', #1853, #6440, #8828, .T. ) ;
#7249 = LINE ( 'NONE', #9569, #9507 ) ;
#7250 = DIRECTION ( 'NONE',  ( -0.000000000000000000, 0.000000000000000000, 1.000000000000000000 ) ) ;
#7251 = CARTESIAN_POINT ( 'NONE',  ( 67.32317633251929578, 50.37470916941909138, 7.400000000000000355 ) ) ;
#7252 = EDGE_CURVE ( 'NONE', #8833, #5770, #9589, .T. ) ;
#7253 = DIRECTION ( 'NONE',  ( -0.8660254037844381525, 0.5000000000000008882, 0.000000000000000000 ) ) ;
#7254 = VECTOR ( 'NONE', #1824, 1000.000000000000000 ) ;
#7255 = PLANE ( 'NONE',  #4323 ) ;
#7256 = DIRECTION ( 'NONE',  ( 1.000000000000000000, 0.000000000000000000, 0.000000000000000000 ) ) ;
#7257 = AXIS2_PLACEMENT_3D ( 'NONE', #1206, #4312, #7491 ) ;
#7258 = CARTESIAN_POINT ( 'NONE',  ( 0.000000000000000000, 0.000000000000000000, 7.400000000000000355 ) ) ;
#7259 = PLANE ( 'NONE',  #1615 ) ;
#7260 = VERTEX_POINT ( 'NONE', #8171 ) ;
#7261 = ORIENTED_EDGE ( 'NONE', *, *, #7894, .F. ) ;
#7262 = DIRECTION ( 'NONE',  ( 0.5773502691896212902, -0.5773502691896212902, -0.5773502691896346128 ) ) ;
#7263 = VERTEX_POINT ( 'NONE', #2652 ) ;
#7264 = VECTOR ( 'NONE', #4749, 1000.000000000000000 ) ;
#7265 = ORIENTED_EDGE ( 'NONE', *, *, #8005, .T. ) ;
#7266 = DIRECTION ( 'NONE',  ( -0.000000000000000000, 0.000000000000000000, 1.000000000000000000 ) ) ;
#7267 = DIRECTION ( 'NONE',  ( -1.000000000000000000, 0.000000000000000000, 0.000000000000000000 ) ) ;
#7268 = CARTESIAN_POINT ( 'NONE',  ( 30.78727794765747205, 56.37470916941907717, 7.400000000000000355 ) ) ;
#7269 = EDGE_CURVE ( 'NONE', #612, #5551, #5748, .T. ) ;
#7270 = EDGE_CURVE ( 'NONE', #4832, #3840, #7363, .T. ) ;
#7271 = DIRECTION ( 'NONE',  ( 2.518321216464164144E-16, -1.000000000000000000, 0.000000000000000000 ) ) ;
#7272 = EDGE_CURVE ( 'NONE', #2410, #1613, #3506, .T. ) ;
#7273 = ORIENTED_EDGE ( 'NONE', *, *, #3666, .F. ) ;
#7274 = ORIENTED_EDGE ( 'NONE', *, *, #3274, .F. ) ;
#7275 = ADVANCED_FACE ( 'NONE', ( #8224 ), #1993, .T. ) ;
#7276 = CARTESIAN_POINT ( 'NONE',  ( 0.000000000000000000, 0.000000000000000000, 7.400000000000000355 ) ) ;
#7277 = VERTEX_POINT ( 'NONE', #5899 ) ;
#7278 = CARTESIAN_POINT ( 'NONE',  ( 40.83180065388673796, 43.69286487643512373, 1.699885383662997906 ) ) ;
#7279 = ORIENTED_EDGE ( 'NONE', *, *, #4301, .F. ) ;
#7280 = LINE ( 'NONE', #1954, #7072 ) ;
#7281 = DIRECTION ( 'NONE',  ( -0.000000000000000000, -0.000000000000000000, 1.000000000000000000 ) ) ;
#7282 = FACE_OUTER_BOUND ( 'NONE', #533, .T. ) ;
#7283 = CARTESIAN_POINT ( 'NONE',  ( 70.40280365961129405, 35.99023488137318338, 7.400000000000000355 ) ) ;
#7284 = CARTESIAN_POINT ( 'NONE',  ( 33.85907471738186558, 56.37470916941907007, 7.400000000000000355 ) ) ;
#7285 = FACE_OUTER_BOUND ( 'NONE', #9094, .T. ) ;
#7286 = VERTEX_POINT ( 'NONE', #5139 ) ;
#7287 = ORIENTED_EDGE ( 'NONE', *, *, #7998, .T. ) ;
#7288 = EDGE_CURVE ( 'NONE', #5691, #842, #9937, .T. ) ;
#7289 = EDGE_CURVE ( 'NONE', #2410, #5062, #8372, .T. ) ;
#7290 = AXIS2_PLACEMENT_3D ( 'NONE', #6061, #6872, #579 ) ;
#7291 = CARTESIAN_POINT ( 'NONE',  ( 78.02831089662203112, 12.45999491999002373, 10.00099999999999945 ) ) ;
#7292 = ORIENTED_EDGE ( 'NONE', *, *, #6570, .T. ) ;
#7293 = VECTOR ( 'NONE', #2598, 1000.000000000000114 ) ;
#7294 = FACE_OUTER_BOUND ( 'NONE', #7215, .T. ) ;
#7295 = DIRECTION ( 'NONE',  ( 0.5000000000000003331, -0.8660254037844385966, 0.000000000000000000 ) ) ;
#7296 = LINE ( 'NONE', #3433, #5140 ) ;
#7297 = CARTESIAN_POINT ( 'NONE',  ( 79.97474980950003953, 10.50829548434902350, 10.00000000000000000 ) ) ;
#7298 = ORIENTED_EDGE ( 'NONE', *, *, #479, .F. ) ;
#7299 = ADVANCED_FACE ( 'NONE', ( #9128 ), #4474, .F. ) ;
#7300 = EDGE_CURVE ( 'NONE', #3412, #5023, #8515, .T. ) ;
#7301 = DIRECTION ( 'NONE',  ( 0.8660254037844385966, -0.5000000000000000000, 0.000000000000000000 ) ) ;
#7302 = ORIENTED_EDGE ( 'NONE', *, *, #4441, .T. ) ;
#7303 = CARTESIAN_POINT ( 'NONE',  ( 26.93870204447397754, 29.99023488137320115, 7.400000000000000355 ) ) ;
#7304 = CARTESIAN_POINT ( 'NONE',  ( 20.21056651558895112, 21.79799773735025070, 7.400000000000000355 ) ) ;
#7305 = CARTESIAN_POINT ( 'NONE',  ( 33.85907471738186558, 52.37470916941909849, 10.00000000000000000 ) ) ;
#7306 = CARTESIAN_POINT ( 'NONE',  ( 39.89101200953326298, 39.89101200953326298, 4.000000000000000000 ) ) ;
#7307 = CARTESIAN_POINT ( 'NONE',  ( 65.34807733323546586, 45.95871309031685570, 5.000000000000000000 ) ) ;
#7308 = LINE ( 'NONE', #3447, #2067 ) ;
#7309 = DIRECTION ( 'NONE',  ( 0.7071938130861842309, 0.7070197385735585982, 0.000000000000000000 ) ) ;
#7310 = EDGE_CURVE ( 'NONE', #7153, #9074, #3096, .T. ) ;
#7311 = LINE ( 'NONE', #3449, #8920 ) ;
#7312 = CARTESIAN_POINT ( 'NONE',  ( 40.59504080363448963, 46.18247202539613028, 7.400000000000000355 ) ) ;
#7313 = ORIENTED_EDGE ( 'NONE', *, *, #9025, .T. ) ;
#7314 = ORIENTED_EDGE ( 'NONE', *, *, #8285, .T. ) ;
#7315 = CARTESIAN_POINT ( 'NONE',  ( 41.43180065388673938, 38.09286487643512231, 4.000000000000000000 ) ) ;
#7316 = DIRECTION ( 'NONE',  ( 0.000000000000000000, -1.000000000000000000, 0.000000000000000000 ) ) ;
#7317 = CARTESIAN_POINT ( 'NONE',  ( 67.32317633251929578, 58.37470916941907717, 7.400000000000000355 ) ) ;
#7318 = CARTESIAN_POINT ( 'NONE',  ( 6.746464900451314861, 19.79799773735025425, 7.400000000000000355 ) ) ;
#7319 = ORIENTED_EDGE ( 'NONE', *, *, #9022, .T. ) ;
#7320 = ORIENTED_EDGE ( 'NONE', *, *, #4205, .T. ) ;
#7321 = DIRECTION ( 'NONE',  ( 0.7071067811865556774, 0.000000000000000000, 0.7071067811865393571 ) ) ;
#7322 = VECTOR ( 'NONE', #6725, 1000.000000000000000 ) ;
#7323 = ORIENTED_EDGE ( 'NONE', *, *, #7947, .T. ) ;
#7324 = CARTESIAN_POINT ( 'NONE',  ( 46.94653210253800779, 0.000000000000000000, 0.9599999985689978699 ) ) ;
#7325 = ORIENTED_EDGE ( 'NONE', *, *, #10011, .F. ) ;
#7326 = LINE ( 'NONE', #1903, #111 ) ;
#7327 = LINE ( 'NONE', #9600, #398 ) ;
#7328 = EDGE_CURVE ( 'NONE', #3070, #2182, #2344, .T. ) ;
#7329 = LINE ( 'NONE', #5149, #6104 ) ;
#7330 = CARTESIAN_POINT ( 'NONE',  ( 12.01402484683469041, 5.000000000000022204, 4.000000000000000000 ) ) ;
#7331 = AXIS2_PLACEMENT_3D ( 'NONE', #2080, #1938, #3500 ) ;
#7332 = LINE ( 'NONE', #6631, #5308 ) ;
#7333 = LINE ( 'NONE', #7228, #481 ) ;
#7334 = ORIENTED_EDGE ( 'NONE', *, *, #5703, .T. ) ;
#7335 = ORIENTED_EDGE ( 'NONE', *, *, #7007, .T. ) ;
#7336 = CARTESIAN_POINT ( 'NONE',  ( 33.47460042933611390, 35.99023488137317628, 7.400000000000000355 ) ) ;
#7337 = VERTEX_POINT ( 'NONE', #5283 ) ;
#7338 = VECTOR ( 'NONE', #5980, 1000.000000000000000 ) ;
#7339 = CARTESIAN_POINT ( 'NONE',  ( 10.58880365760802356, 56.44252476504900073, 0.000000000000000000 ) ) ;
#7340 = CARTESIAN_POINT ( 'NONE',  ( 77.13093918849631336, 48.18247202539613028, 7.400000000000000355 ) ) ;
#7341 = LINE ( 'NONE', #1810, #9659 ) ;
#7342 = LINE ( 'NONE', #7297, #3213 ) ;
#7343 = ORIENTED_EDGE ( 'NONE', *, *, #8536, .T. ) ;
#7344 = EDGE_CURVE ( 'NONE', #1454, #7917, #1371, .T. ) ;
#7345 = CARTESIAN_POINT ( 'NONE',  ( 13.09012614129057717, 15.60576059332728605, 7.400000000000000355 ) ) ;
#7346 = VERTEX_POINT ( 'NONE', #6959 ) ;
#7347 = FACE_OUTER_BOUND ( 'NONE', #4691, .T. ) ;
#7348 = EDGE_CURVE ( 'NONE', #7277, #1375, #2903, .T. ) ;
#7349 = ADVANCED_FACE ( 'NONE', ( #571 ), #8471, .T. ) ;
#7350 = LINE ( 'NONE', #5681, #4637 ) ;
#7351 = FACE_OUTER_BOUND ( 'NONE', #974, .T. ) ;
#7352 = DIRECTION ( 'NONE',  ( -0.000000000000000000, -0.000000000000000000, 1.000000000000000000 ) ) ;
#7353 = FACE_OUTER_BOUND ( 'NONE', #5072, .T. ) ;
#7354 = CARTESIAN_POINT ( 'NONE',  ( 10.40280365961193354, 35.99023488137318338, 10.00000000000000000 ) ) ;
#7355 = PLANE ( 'NONE',  #1 ) ;
#7356 = DIRECTION ( 'NONE',  ( 0.000000000000000000, -1.000000000000000000, 0.000000000000000000 ) ) ;
#7357 = ORIENTED_EDGE ( 'NONE', *, *, #1739, .T. ) ;
#7358 = ORIENTED_EDGE ( 'NONE', *, *, #1376, .F. ) ;
#7359 = DIRECTION ( 'NONE',  ( 0.8660254037844384856, 0.5000000000000002220, 0.000000000000000000 ) ) ;
#7360 = EDGE_CURVE ( 'NONE', #1034, #1180, #9889, .T. ) ;
#7361 = FACE_OUTER_BOUND ( 'NONE', #9210, .T. ) ;
#7362 = DIRECTION ( 'NONE',  ( -0.000000000000000000, -0.000000000000000000, 1.000000000000000000 ) ) ;
#7363 = LINE ( 'NONE', #9737, #2214 ) ;
#7364 = ORIENTED_EDGE ( 'NONE', *, *, #453, .F. ) ;
#7365 = ORIENTED_EDGE ( 'NONE', *, *, #880, .F. ) ;
#7366 = VECTOR ( 'NONE', #2035, 1000.000000000000114 ) ;
#7367 = CARTESIAN_POINT ( 'NONE',  ( 0.000000000000000000, 51.26230093957098433, 4.000000000000000000 ) ) ;
#7368 = ORIENTED_EDGE ( 'NONE', *, *, #8680, .F. ) ;
#7369 = DIRECTION ( 'NONE',  ( -0.000000000000000000, -0.000000000000000000, -1.000000000000000000 ) ) ;
#7370 = EDGE_LOOP ( 'NONE', ( #7844, #2499, #3375, #4657 ) ) ;
#7371 = DIRECTION ( 'NONE',  ( -0.8660254037844377084, 0.5000000000000015543, 0.000000000000000000 ) ) ;
#7372 = DIRECTION ( 'NONE',  ( -0.000000000000000000, -0.000000000000000000, 1.000000000000000000 ) ) ;
#7373 = DIRECTION ( 'NONE',  ( -0.8660254037844377084, 0.5000000000000015543, 0.000000000000000000 ) ) ;
#7374 = VECTOR ( 'NONE', #3341, 1000.000000000000227 ) ;
#7375 = DIRECTION ( 'NONE',  ( 0.000000000000000000, 1.000000000000000000, 0.000000000000000000 ) ) ;
#7376 = LINE ( 'NONE', #441, #8080 ) ;
#7377 = ORIENTED_EDGE ( 'NONE', *, *, #9985, .T. ) ;
#7378 = ORIENTED_EDGE ( 'NONE', *, *, #7787, .T. ) ;
#7379 = CARTESIAN_POINT ( 'NONE',  ( 55.24873883105453842, 26.93328518801199323, 10.00000000000000000 ) ) ;
#7380 = ORIENTED_EDGE ( 'NONE', *, *, #9528, .T. ) ;
#7381 = EDGE_CURVE ( 'NONE', #173, #7997, #5340, .T. ) ;
#7382 = AXIS2_PLACEMENT_3D ( 'NONE', #3949, #2390, #103 ) ;
#7383 = AXIS2_PLACEMENT_3D ( 'NONE', #7479, #3619, #6728 ) ;
#7384 = DIRECTION ( 'NONE',  ( 0.8660254037844384856, 0.5000000000000002220, 0.000000000000000000 ) ) ;
#7385 = PLANE ( 'NONE',  #6931 ) ;
#7386 = LINE ( 'NONE', #4909, #5619 ) ;
#7387 = VECTOR ( 'NONE', #8283, 1000.000000000000114 ) ;
#7388 = AXIS2_PLACEMENT_3D ( 'NONE', #3742, #610, #9117 ) ;
#7389 = DIRECTION ( 'NONE',  ( 0.000000000000000000, -0.000000000000000000, 1.000000000000000000 ) ) ;
#7390 = ORIENTED_EDGE ( 'NONE', *, *, #5950, .T. ) ;
#7391 = EDGE_CURVE ( 'NONE', #3972, #32, #3706, .T. ) ;
#7392 = ADVANCED_FACE ( 'NONE', ( #7711 ), #6812, .F. ) ;
#7393 = FACE_OUTER_BOUND ( 'NONE', #9777, .T. ) ;
#7394 = ORIENTED_EDGE ( 'NONE', *, *, #2315, .T. ) ;
#7395 = VECTOR ( 'NONE', #6758, 1000.000000000000000 ) ;
#7396 = VECTOR ( 'NONE', #4150, 1000.000000000000000 ) ;
#7397 = FACE_OUTER_BOUND ( 'NONE', #2767, .T. ) ;
#7398 = LINE ( 'NONE', #1977, #3498 ) ;
#7399 = CARTESIAN_POINT ( 'NONE',  ( 53.66683757335877658, 46.18247202539612317, 10.00000000000000000 ) ) ;
#7400 = FACE_OUTER_BOUND ( 'NONE', #5585, .T. ) ;
#7401 = CARTESIAN_POINT ( 'NONE',  ( 10.27348423527721799, 45.25038475940630889, 4.000000000000000000 ) ) ;
#7402 = LINE ( 'NONE', #5792, #5320 ) ;
#7403 = FACE_OUTER_BOUND ( 'NONE', #4729, .T. ) ;
#7404 = VECTOR ( 'NONE', #2474, 1000.000000000000114 ) ;
#7405 = PRODUCT_DEFINITION ( 'Êú', '', #5335, #6385 ) ;
#7406 = ORIENTED_EDGE ( 'NONE', *, *, #9243, .F. ) ;
#7407 = PLANE ( 'NONE',  #7331 ) ;
#7408 = ORIENTED_EDGE ( 'NONE', *, *, #8488, .T. ) ;
#7409 = ORIENTED_EDGE ( 'NONE', *, *, #1307, .T. ) ;
#7410 = PLANE ( 'NONE',  #1139 ) ;
#7411 = VECTOR ( 'NONE', #3520, 1000.000000000000000 ) ;
#7412 = CARTESIAN_POINT ( 'NONE',  ( 47.13093918849664021, 48.18247202539613028, 7.400000000000000355 ) ) ;
#7413 = CARTESIAN_POINT ( 'NONE',  ( 10.59504080363480760, 46.18247202539613028, 7.400000000000000355 ) ) ;
#7414 = CARTESIAN_POINT ( 'NONE',  ( 58.06984934592702530, 40.61884720954800088, 3.399999999999993250 ) ) ;
#7415 = ORIENTED_EDGE ( 'NONE', *, *, #34, .T. ) ;
#7416 = ORIENTED_EDGE ( 'NONE', *, *, #4705, .T. ) ;
#7417 = ADVANCED_FACE ( 'NONE', ( #9179 ), #9079, .F. ) ;
#7418 = AXIS2_PLACEMENT_3D ( 'NONE', #5175, #2640, #7499 ) ;
#7419 = CARTESIAN_POINT ( 'NONE',  ( 11.68769779765030847, 35.83617119703320952, 6.000000000000000000 ) ) ;
#7420 = VECTOR ( 'NONE', #9919, 1000.000000000000227 ) ;
#7421 = ORIENTED_EDGE ( 'NONE', *, *, #2366, .T. ) ;
#7422 = CARTESIAN_POINT ( 'NONE',  ( 73.66683757335856342, 46.18247202539612317, 10.00000000000000000 ) ) ;
#7423 = VERTEX_POINT ( 'NONE', #7663 ) ;
#7424 = PLANE ( 'NONE',  #9328 ) ;
#7425 = LINE ( 'NONE', #2716, #8442 ) ;
#7426 = CARTESIAN_POINT ( 'NONE',  ( 30.61060500309818622, 24.68592075184099954, 1.109999999999998099 ) ) ;
#7427 = VECTOR ( 'NONE', #4356, 1000.000000000000114 ) ;
#7428 = ORIENTED_EDGE ( 'NONE', *, *, #9610, .T. ) ;
#7429 = VERTEX_POINT ( 'NONE', #2292 ) ;
#7430 = EDGE_CURVE ( 'NONE', #1522, #612, #1483, .T. ) ;
#7431 = DIRECTION ( 'NONE',  ( 1.000000000000000000, 0.000000000000000000, -0.000000000000000000 ) ) ;
#7432 = ORIENTED_EDGE ( 'NONE', *, *, #1927, .F. ) ;
#7433 = LINE ( 'NONE', #9860, #3330 ) ;
#7434 = EDGE_CURVE ( 'NONE', #5101, #2247, #3805, .T. ) ;
#7435 = CARTESIAN_POINT ( 'NONE',  ( 40.21056651558873796, 21.79799773735025070, 7.400000000000000355 ) ) ;
#7436 = CARTESIAN_POINT ( 'NONE',  ( 31.21060500309819119, 31.28592075184100096, 4.000000000000000000 ) ) ;
#7437 = CARTESIAN_POINT ( 'NONE',  ( 6.938702044474189812, 29.99023488137320115, 7.400000000000000355 ) ) ;
#7438 = ORIENTED_EDGE ( 'NONE', *, *, #9810, .F. ) ;
#7439 = ADVANCED_FACE ( 'NONE', ( #774 ), #5435, .F. ) ;
#7440 = ORIENTED_EDGE ( 'NONE', *, *, #8634, .T. ) ;
#7441 = CARTESIAN_POINT ( 'NONE',  ( 23.06165955430742187, 58.33397611666539717, 4.000000000000000000 ) ) ;
#7442 = EDGE_LOOP ( 'NONE', ( #3474, #2768, #1219, #8225, #483, #9970 ) ) ;
#7443 = VECTOR ( 'NONE', #312, 1000.000000000000114 ) ;
#7444 = DIRECTION ( 'NONE',  ( 0.000000000000000000, 0.000000000000000000, 1.000000000000000000 ) ) ;
#7445 = LINE ( 'NONE', #6743, #259 ) ;
#7446 = LINE ( 'NONE', #1931, #8824 ) ;
#7447 = DIRECTION ( 'NONE',  ( -0.8660254037844379305, 0.5000000000000011102, 0.000000000000000000 ) ) ;
#7448 = PLANE ( 'NONE',  #4479 ) ;
#7449 = LINE ( 'NONE', #8816, #2402 ) ;
#7450 = ORIENTED_EDGE ( 'NONE', *, *, #8954, .F. ) ;
#7451 = CARTESIAN_POINT ( 'NONE',  ( 0.000000000000000000, 28.88980021391638431, 3.399999999999983036 ) ) ;
#7452 = ORIENTED_EDGE ( 'NONE', *, *, #1237, .F. ) ;
#7453 = ORIENTED_EDGE ( 'NONE', *, *, #2783, .F. ) ;
#7454 = LINE ( 'NONE', #9734, #4225 ) ;
#7455 = CARTESIAN_POINT ( 'NONE',  ( 73.15243468099103552, 12.06030566349624422, 4.000000000000000000 ) ) ;
#7456 = CARTESIAN_POINT ( 'NONE',  ( 0.000000000000000000, 0.000000000000000000, 7.400000000000000355 ) ) ;
#7457 = DIRECTION ( 'NONE',  ( 0.9999999956528772271, -9.324293839476712365E-05, 0.000000000000000000 ) ) ;
#7458 = EDGE_CURVE ( 'NONE', #9933, #587, #153, .T. ) ;
#7459 = AXIS2_PLACEMENT_3D ( 'NONE', #1656, #850, #806 ) ;
#7460 = EDGE_LOOP ( 'NONE', ( #4450, #4750, #9640, #9774 ) ) ;
#7461 = ORIENTED_EDGE ( 'NONE', *, *, #5159, .T. ) ;
#7462 = DIRECTION ( 'NONE',  ( 0.000000000000000000, 0.000000000000000000, -1.000000000000000000 ) ) ;
#7463 = VERTEX_POINT ( 'NONE', #6396 ) ;
#7464 = CARTESIAN_POINT ( 'NONE',  ( 43.85907471738176611, 56.37470916941907007, 7.400000000000000355 ) ) ;
#7465 = ORIENTED_EDGE ( 'NONE', *, *, #7471, .T. ) ;
#7466 = VECTOR ( 'NONE', #1806, 1000.000000000000227 ) ;
#7467 = DIRECTION ( 'NONE',  ( -0.000000000000000000, -0.000000000000000000, 1.000000000000000000 ) ) ;
#7468 = FACE_OUTER_BOUND ( 'NONE', #1637, .T. ) ;
#7469 = CARTESIAN_POINT ( 'NONE',  ( 70.40280365961129405, 31.99023488137319760, 7.400000000000000355 ) ) ;
#7470 = EDGE_CURVE ( 'NONE', #5766, #2648, #56, .T. ) ;
#7471 = EDGE_CURVE ( 'NONE', #8836, #8975, #8661, .T. ) ;
#7472 = ORIENTED_EDGE ( 'NONE', *, *, #3119, .T. ) ;
#7473 = ORIENTED_EDGE ( 'NONE', *, *, #5027, .T. ) ;
#7474 = CARTESIAN_POINT ( 'NONE',  ( 58.06984934592702530, 40.61884720954800088, -8.271542309605473875 ) ) ;
#7475 = EDGE_LOOP ( 'NONE', ( #792, #1777, #7358, #9942 ) ) ;
#7476 = VECTOR ( 'NONE', #5769, 1000.000000000000000 ) ;
#7477 = EDGE_CURVE ( 'NONE', #9232, #5364, #4770, .T. ) ;
#7478 = EDGE_CURVE ( 'NONE', #8334, #9295, #9821, .T. ) ;
#7479 = CARTESIAN_POINT ( 'NONE',  ( 10.01832937156618364, 11.60576059332730381, 7.400000000000000355 ) ) ;
#7480 = CARTESIAN_POINT ( 'NONE',  ( 65.34807733323546586, 45.95871309031685570, 4.000000000000000000 ) ) ;
#7481 = LINE ( 'NONE', #3621, #3026 ) ;
#7482 = CARTESIAN_POINT ( 'NONE',  ( 7.130939188497061210, 48.18247202539613028, 10.00000000000000000 ) ) ;
#7483 = VERTEX_POINT ( 'NONE', #918 ) ;
#7484 = ORIENTED_EDGE ( 'NONE', *, *, #7391, .T. ) ;
#7485 = DIRECTION ( 'NONE',  ( 0.000000000000000000, -1.000000000000000000, 0.000000000000000000 ) ) ;
#7486 = VECTOR ( 'NONE', #629, 1000.000000000000000 ) ;
#7487 = ORIENTED_EDGE ( 'NONE', *, *, #9743, .T. ) ;
#7488 = CARTESIAN_POINT ( 'NONE',  ( 13.28236328531345123, 25.79799773735023294, 7.400000000000000355 ) ) ;
#7489 = ORIENTED_EDGE ( 'NONE', *, *, #3386, .F. ) ;
#7490 = EDGE_CURVE ( 'NONE', #8935, #9255, #2584, .T. ) ;
#7491 = DIRECTION ( 'NONE',  ( 0.8660254037844384856, 0.5000000000000002220, 0.000000000000000000 ) ) ;
#7492 = LINE ( 'NONE', #2832, #8678 ) ;
#7493 = FACE_BOUND ( 'NONE', #5799, .T. ) ;
#7494 = VECTOR ( 'NONE', #2989, 1000.000000000000000 ) ;
#7495 = DIRECTION ( 'NONE',  ( -0.000000000000000000, -0.000000000000000000, -1.000000000000000000 ) ) ;
#7496 = DIRECTION ( 'NONE',  ( -0.8660254037844379305, 0.5000000000000011102, 0.000000000000000000 ) ) ;
#7497 = CARTESIAN_POINT ( 'NONE',  ( 0.000000000000000000, 0.000000000000000000, 0.000000000000000000 ) ) ;
#7498 = ADVANCED_FACE ( 'NONE', ( #8614 ), #9470, .F. ) ;
#7499 = DIRECTION ( 'NONE',  ( 0.7071067811865472397, 0.7071067811865479058, 0.000000000000000000 ) ) ;
#7500 = ORIENTED_EDGE ( 'NONE', *, *, #6488, .T. ) ;
#7501 = PLANE ( 'NONE',  #9907 ) ;
#7502 = EDGE_LOOP ( 'NONE', ( #7620, #2723, #5598, #7515 ) ) ;
#7503 = EDGE_CURVE ( 'NONE', #3069, #5617, #1013, .T. ) ;
#7504 = ORIENTED_EDGE ( 'NONE', *, *, #2514, .T. ) ;
#7505 = CARTESIAN_POINT ( 'NONE',  ( 0.000000000000000000, 28.88980021391638431, 3.399999999999983036 ) ) ;
#7506 = DIRECTION ( 'NONE',  ( -1.000000000000000000, 0.000000000000000000, 0.000000000000000000 ) ) ;
#7507 = LINE ( 'NONE', #4529, #9297 ) ;
#7508 = CARTESIAN_POINT ( 'NONE',  ( 0.000000000000000000, 51.26230093957098433, 0.000000000000000000 ) ) ;
#7509 = LINE ( 'NONE', #1325, #8669 ) ;
#7510 = VERTEX_POINT ( 'NONE', #2531 ) ;
#7511 = ORIENTED_EDGE ( 'NONE', *, *, #5983, .F. ) ;
#7512 = ADVANCED_FACE ( 'NONE', ( #3292 ), #1723, .F. ) ;
#7513 = CARTESIAN_POINT ( 'NONE',  ( 17.13093918849695996, 40.18247202539614449, 7.400000000000000355 ) ) ;
#7514 = ORIENTED_EDGE ( 'NONE', *, *, #2070, .F. ) ;
#7515 = ORIENTED_EDGE ( 'NONE', *, *, #1675, .T. ) ;
#7516 = DIRECTION ( 'NONE',  ( 1.000000000000000000, -3.011203194556595896E-16, 0.000000000000000000 ) ) ;
#7517 = CARTESIAN_POINT ( 'NONE',  ( 0.000000000000000000, 0.000000000000000000, 7.400000000000000355 ) ) ;
#7518 = CARTESIAN_POINT ( 'NONE',  ( 74.46692151384304736, 8.415085090169998949, 0.000000000000000000 ) ) ;
#7519 = VECTOR ( 'NONE', #6409, 1000.000000000000000 ) ;
#7520 = ORIENTED_EDGE ( 'NONE', *, *, #504, .F. ) ;
#7521 = ORIENTED_EDGE ( 'NONE', *, *, #5501, .T. ) ;
#7522 = LINE ( 'NONE', #586, #194 ) ;
#7523 = VERTEX_POINT ( 'NONE', #3343 ) ;
#7524 = EDGE_CURVE ( 'NONE', #3914, #3680, #7146, .T. ) ;
#7525 = VECTOR ( 'NONE', #9409, 1000.000000000000000 ) ;
#7526 = LINE ( 'NONE', #9051, #3491 ) ;
#7527 = CARTESIAN_POINT ( 'NONE',  ( 64.59584866854075358, 23.61190122397092495, 2.254998941963440640 ) ) ;
#7528 = LINE ( 'NONE', #9961, #3663 ) ;
#7529 = FACE_OUTER_BOUND ( 'NONE', #3207, .T. ) ;
#7530 = VERTEX_POINT ( 'NONE', #4871 ) ;
#7531 = ORIENTED_EDGE ( 'NONE', *, *, #4797, .T. ) ;
#7532 = VECTOR ( 'NONE', #9688, 1000.000000000000114 ) ;
#7533 = VECTOR ( 'NONE', #1046, 1000.000000000000000 ) ;
#7534 = CARTESIAN_POINT ( 'NONE',  ( 47.13093918849664732, 40.18247202539614449, 10.00000000000000000 ) ) ;
#7535 = ORIENTED_EDGE ( 'NONE', *, *, #347, .T. ) ;
#7536 = EDGE_CURVE ( 'NONE', #3743, #6983, #7804, .T. ) ;
#7537 = ADVANCED_FACE ( 'NONE', ( #7196 ), #870, .T. ) ;
#7538 = EDGE_CURVE ( 'NONE', #8479, #5551, #9423, .T. ) ;
#7539 = DIRECTION ( 'NONE',  ( -0.000000000000000000, -0.000000000000000000, 1.000000000000000000 ) ) ;
#7540 = ORIENTED_EDGE ( 'NONE', *, *, #4522, .F. ) ;
#7541 = DIRECTION ( 'NONE',  ( 0.000000000000000000, 1.000000000000000000, 0.000000000000000000 ) ) ;
#7542 = VECTOR ( 'NONE', #8959, 1000.000000000000000 ) ;
#7543 = DIRECTION ( 'NONE',  ( -0.000000000000000000, -0.000000000000000000, 1.000000000000000000 ) ) ;
#7544 = VECTOR ( 'NONE', #9013, 1000.000000000000227 ) ;
#7545 = FACE_OUTER_BOUND ( 'NONE', #3160, .T. ) ;
#7546 = CARTESIAN_POINT ( 'NONE',  ( 63.66683757335867000, 46.18247202539612317, 7.400000000000000355 ) ) ;
#7547 = DIRECTION ( 'NONE',  ( 0.5000000000000003331, -0.8660254037844385966, 0.000000000000000000 ) ) ;
#7548 = DIRECTION ( 'NONE',  ( 0.000000000000000000, 0.000000000000000000, 1.000000000000000000 ) ) ;
#7549 = ADVANCED_FACE ( 'NONE', ( #5579 ), #9323, .F. ) ;
#7550 = EDGE_LOOP ( 'NONE', ( #6047, #4119, #1731, #2804 ) ) ;
#7551 = ORIENTED_EDGE ( 'NONE', *, *, #6135, .T. ) ;
#7552 = EDGE_CURVE ( 'NONE', #9293, #3320, #7048, .T. ) ;
#7553 = VECTOR ( 'NONE', #6709, 1000.000000000000000 ) ;
#7554 = VECTOR ( 'NONE', #5312, 1000.000000000000114 ) ;
#7555 = LINE ( 'NONE', #5083, #3595 ) ;
#7556 = ORIENTED_EDGE ( 'NONE', *, *, #1666, .T. ) ;
#7557 = ORIENTED_EDGE ( 'NONE', *, *, #7716, .F. ) ;
#7558 = CARTESIAN_POINT ( 'NONE',  ( 37.32317633251962263, 58.37470916941907717, 10.00000000000000000 ) ) ;
#7559 = EDGE_CURVE ( 'NONE', #587, #6221, #5683, .T. ) ;
#7560 = LINE ( 'NONE', #2135, #6095 ) ;
#7561 = DIRECTION ( 'NONE',  ( -0.8660254037844379305, 0.5000000000000011102, 0.000000000000000000 ) ) ;
#7562 = DIRECTION ( 'NONE',  ( 0.000000000000000000, -1.000000000000000000, 0.000000000000000000 ) ) ;
#7563 = AXIS2_PLACEMENT_3D ( 'NONE', #1773, #7909, #967 ) ;
#7564 = LINE ( 'NONE', #3906, #2527 ) ;
#7565 = AXIS2_PLACEMENT_3D ( 'NONE', #9435, #120, #4071 ) ;
#7566 = CARTESIAN_POINT ( 'NONE',  ( 70.59504080363419121, 46.18247202539613028, 7.400000000000000355 ) ) ;
#7567 = EDGE_LOOP ( 'NONE', ( #9393, #2202, #1232, #182 ) ) ;
#7568 = ORIENTED_EDGE ( 'NONE', *, *, #9872, .F. ) ;
#7569 = ADVANCED_FACE ( 'NONE', ( #3905 ), #7003, .F. ) ;
#7570 = CARTESIAN_POINT ( 'NONE',  ( 69.83157658086554420, 23.35317541498460159, 10.00000000000000000 ) ) ;
#7571 = ORIENTED_EDGE ( 'NONE', *, *, #2588, .F. ) ;
#7572 = VECTOR ( 'NONE', #6934, 1000.000000000000000 ) ;
#7573 = VECTOR ( 'NONE', #2581, 1000.000000000000000 ) ;
#7574 = EDGE_LOOP ( 'NONE', ( #8969, #9849, #4999, #4956 ) ) ;
#7575 = FACE_OUTER_BOUND ( 'NONE', #5405, .T. ) ;
#7576 = LINE ( 'NONE', #2306, #4612 ) ;
#7577 = DIRECTION ( 'NONE',  ( 1.000000000000000000, -0.000000000000000000, 0.000000000000000000 ) ) ;
#7578 = EDGE_CURVE ( 'NONE', #4765, #4726, #6697, .T. ) ;
#7579 = AXIS2_PLACEMENT_3D ( 'NONE', #4950, #8140, #4198 ) ;
#7580 = ORIENTED_EDGE ( 'NONE', *, *, #6537, .F. ) ;
#7581 = ORIENTED_EDGE ( 'NONE', *, *, #8881, .T. ) ;
#7582 = CARTESIAN_POINT ( 'NONE',  ( 0.000000000000000000, 0.000000000000000000, 7.400000000000000355 ) ) ;
#7583 = ORIENTED_EDGE ( 'NONE', *, *, #5552, .T. ) ;
#7584 = VECTOR ( 'NONE', #5922, 999.9999999999998863 ) ;
#7585 = CARTESIAN_POINT ( 'NONE',  ( 24.39487291362402033, 53.90641816659306329, 4.000000000000000000 ) ) ;
#7586 = CARTESIAN_POINT ( 'NONE',  ( 33.47460042933611390, 31.99023488137320470, 7.400000000000000355 ) ) ;
#7587 = EDGE_CURVE ( 'NONE', #6843, #2822, #8113, .T. ) ;
#7588 = LINE ( 'NONE', #2164, #8851 ) ;
#7589 = DIRECTION ( 'NONE',  ( 1.000000000000000000, -0.000000000000000000, 0.000000000000000000 ) ) ;
#7590 = ORIENTED_EDGE ( 'NONE', *, *, #6243, .T. ) ;
#7591 = EDGE_LOOP ( 'NONE', ( #2895, #6993, #6121, #7918, #2409, #9300 ) ) ;
#7592 = VECTOR ( 'NONE', #1096, 1000.000000000000114 ) ;
#7593 = FACE_OUTER_BOUND ( 'NONE', #2094, .T. ) ;
#7594 = VERTEX_POINT ( 'NONE', #9622 ) ;
#7595 = DIRECTION ( 'NONE',  ( 0.000000000000000000, 1.000000000000000000, 0.000000000000000000 ) ) ;
#7596 = ORIENTED_EDGE ( 'NONE', *, *, #9050, .F. ) ;
#7597 = CARTESIAN_POINT ( 'NONE',  ( 30.61060500309818622, 24.68592075184099954, 3.399999999999983036 ) ) ;
#7598 = CARTESIAN_POINT ( 'NONE',  ( 7.188803657608024977, 56.44252476504900073, 0.000000000000000000 ) ) ;
#7599 = DIRECTION ( 'NONE',  ( 0.000000000000000000, 0.000000000000000000, -1.000000000000000000 ) ) ;
#7600 = DIRECTION ( 'NONE',  ( 0.8660254037844385966, -0.5000000000000000000, 0.000000000000000000 ) ) ;
#7601 = EDGE_CURVE ( 'NONE', #3772, #2414, #5934, .T. ) ;
#7602 = PLANE ( 'NONE',  #8357 ) ;
#7603 = DIRECTION ( 'NONE',  ( 0.8660254037844385966, -0.5000000000000000000, 0.000000000000000000 ) ) ;
#7604 = VERTEX_POINT ( 'NONE', #3584 ) ;
#7605 = VECTOR ( 'NONE', #8281, 1000.000000000000227 ) ;
#7606 = DIRECTION ( 'NONE',  ( -1.000000000000000000, 0.000000000000000000, 0.000000000000000000 ) ) ;
#7607 = ORIENTED_EDGE ( 'NONE', *, *, #3564, .F. ) ;
#7608 = ORIENTED_EDGE ( 'NONE', *, *, #5408, .F. ) ;
#7609 = DIRECTION ( 'NONE',  ( 0.000000000000000000, -1.000000000000000000, 0.000000000000000000 ) ) ;
#7610 = CARTESIAN_POINT ( 'NONE',  ( 10.01832937156618364, 15.60576059332729315, 10.00000000000000000 ) ) ;
#7611 = CARTESIAN_POINT ( 'NONE',  ( 10.27348423527721799, 45.25038475940630889, 6.000000000000000000 ) ) ;
#7612 = CARTESIAN_POINT ( 'NONE',  ( 24.39487291362403099, 59.35339717067414256, 10.00099999999999945 ) ) ;
#7613 = EDGE_CURVE ( 'NONE', #241, #1034, #4220, .T. ) ;
#7614 = LINE ( 'NONE', #3757, #9486 ) ;
#7615 = AXIS2_PLACEMENT_3D ( 'NONE', #3854, #6, #3239 ) ;
#7616 = LINE ( 'NONE', #6864, #2559 ) ;
#7617 = ORIENTED_EDGE ( 'NONE', *, *, #2970, .F. ) ;
#7618 = ORIENTED_EDGE ( 'NONE', *, *, #5416, .T. ) ;
#7619 = DIRECTION ( 'NONE',  ( -0.7071067811865502373, 0.7071067811865449082, 0.000000000000000000 ) ) ;
#7620 = ORIENTED_EDGE ( 'NONE', *, *, #7729, .T. ) ;
#7621 = ORIENTED_EDGE ( 'NONE', *, *, #3525, .F. ) ;
#7622 = LINE ( 'NONE', #8480, #4216 ) ;
#7623 = DIRECTION ( 'NONE',  ( 0.000000000000000000, 0.000000000000000000, 1.000000000000000000 ) ) ;
#7624 = PLANE ( 'NONE',  #5458 ) ;
#7625 = ORIENTED_EDGE ( 'NONE', *, *, #8230, .F. ) ;
#7626 = EDGE_CURVE ( 'NONE', #62, #9540, #9771, .T. ) ;
#7627 = EDGE_LOOP ( 'NONE', ( #819, #785, #6702, #7021, #7103, #5407 ) ) ;
#7628 = DIRECTION ( 'NONE',  ( -1.000000000000000000, 0.000000000000000000, 0.000000000000000000 ) ) ;
#7629 = VECTOR ( 'NONE', #4404, 1000.000000000000000 ) ;
#7630 = ORIENTED_EDGE ( 'NONE', *, *, #8141, .T. ) ;
#7631 = ADVANCED_FACE ( 'NONE', ( #5124 ), #9573, .F. ) ;
#7632 = CARTESIAN_POINT ( 'NONE',  ( 20.21056651558895112, 25.79799773735024004, 10.00000000000000000 ) ) ;
#7633 = VECTOR ( 'NONE', #9504, 1000.000000000000000 ) ;
#7634 = DIRECTION ( 'NONE',  ( 0.8660254037844394848, -0.4999999999999985012, 0.000000000000000000 ) ) ;
#7635 = DIRECTION ( 'NONE',  ( -0.8660254037844377084, -0.5000000000000016653, 0.000000000000000000 ) ) ;
#7636 = DIRECTION ( 'NONE',  ( -0.000000000000000000, -0.000000000000000000, -1.000000000000000000 ) ) ;
#7637 = ORIENTED_EDGE ( 'NONE', *, *, #1072, .T. ) ;
#7638 = EDGE_LOOP ( 'NONE', ( #8219, #4375, #5516, #1899 ) ) ;
#7639 = DIRECTION ( 'NONE',  ( 1.000000000000000000, -0.000000000000000000, 0.000000000000000000 ) ) ;
#7640 = ORIENTED_EDGE ( 'NONE', *, *, #659, .T. ) ;
#7641 = CARTESIAN_POINT ( 'NONE',  ( 20.59504080363470280, 42.18247202539614449, 7.400000000000000355 ) ) ;
#7642 = ORIENTED_EDGE ( 'NONE', *, *, #2471, .F. ) ;
#7643 = VECTOR ( 'NONE', #4547, 1000.000000000000227 ) ;
#7644 = EDGE_CURVE ( 'NONE', #8298, #5882, #2787, .T. ) ;
#7645 = EDGE_CURVE ( 'NONE', #6955, #4789, #4268, .T. ) ;
#7646 = PLANE ( 'NONE',  #6453 ) ;
#7647 = DIRECTION ( 'NONE',  ( 0.000000000000000000, 0.000000000000000000, 1.000000000000000000 ) ) ;
#7648 = LINE ( 'NONE', #6847, #4949 ) ;
#7649 = CARTESIAN_POINT ( 'NONE',  ( 58.06984934592702530, 40.61884720954800088, 0.3999999999999941380 ) ) ;
#7650 = LINE ( 'NONE', #5329, #5615 ) ;
#7651 = VECTOR ( 'NONE', #8278, 1000.000000000000000 ) ;
#7652 = DIRECTION ( 'NONE',  ( -0.000000000000000000, -0.000000000000000000, 1.000000000000000000 ) ) ;
#7653 = ORIENTED_EDGE ( 'NONE', *, *, #6633, .T. ) ;
#7654 = DIRECTION ( 'NONE',  ( -1.887397745837881465E-14, -1.000000000000000000, 0.000000000000000000 ) ) ;
#7655 = ORIENTED_EDGE ( 'NONE', *, *, #8954, .T. ) ;
#7656 = EDGE_CURVE ( 'NONE', #2046, #9925, #8006, .T. ) ;
#7657 = EDGE_CURVE ( 'NONE', #5301, #1454, #6655, .T. ) ;
#7658 = ORIENTED_EDGE ( 'NONE', *, *, #4338, .F. ) ;
#7659 = VECTOR ( 'NONE', #2630, 1000.000000000000227 ) ;
#7660 = CARTESIAN_POINT ( 'NONE',  ( 5.875044450089780490, 53.13706121412302252, 10.00000000000000000 ) ) ;
#7661 = FACE_OUTER_BOUND ( 'NONE', #2433, .T. ) ;
#7662 = CARTESIAN_POINT ( 'NONE',  ( 30.59504080363459622, 46.18247202539613028, 10.00000000000000000 ) ) ;
#7663 = CARTESIAN_POINT ( 'NONE',  ( 17.32317633251982869, 58.37470916941907717, 7.400000000000000355 ) ) ;
#7664 = LINE ( 'NONE', #1585, #3499 ) ;
#7665 = DIRECTION ( 'NONE',  ( -1.000000000000000000, 0.000000000000000000, 0.000000000000000000 ) ) ;
#7666 = CARTESIAN_POINT ( 'NONE',  ( 10.58880365760802356, 8.415085090169998949, 10.00099999999999945 ) ) ;
#7667 = VERTEX_POINT ( 'NONE', #356 ) ;
#7668 = ORIENTED_EDGE ( 'NONE', *, *, #8117, .T. ) ;
#7669 = DIRECTION ( 'NONE',  ( 9.324293839476711010E-05, 0.9999999956528771161, 0.000000000000000000 ) ) ;
#7670 = VERTEX_POINT ( 'NONE', #8916 ) ;
#7671 = ADVANCED_FACE ( 'NONE', ( #2743 ), #3493, .F. ) ;
#7672 = ORIENTED_EDGE ( 'NONE', *, *, #4935, .F. ) ;
#7673 = EDGE_CURVE ( 'NONE', #9815, #9272, #3444, .T. ) ;
#7674 = LINE ( 'NONE', #2098, #649 ) ;
#7675 = CARTESIAN_POINT ( 'NONE',  ( 33.66683757335898974, 42.18247202539615159, 10.00000000000000000 ) ) ;
#7676 = LINE ( 'NONE', #7728, #110 ) ;
#7677 = ORIENTED_EDGE ( 'NONE', *, *, #7924, .F. ) ;
#7678 = ORIENTED_EDGE ( 'NONE', *, *, #2688, .F. ) ;
#7679 = ORIENTED_EDGE ( 'NONE', *, *, #8581, .T. ) ;
#7680 = DIRECTION ( 'NONE',  ( -0.000000000000000000, -0.000000000000000000, 1.000000000000000000 ) ) ;
#7681 = ORIENTED_EDGE ( 'NONE', *, *, #4338, .T. ) ;
#7682 = ADVANCED_FACE ( 'NONE', ( #8209 ), #1119, .F. ) ;
#7683 = CARTESIAN_POINT ( 'NONE',  ( 22.11659869789935584, 18.85986680927772952, 13.42993340463886476 ) ) ;
#7684 = CARTESIAN_POINT ( 'NONE',  ( 46.93870204447377148, 37.99023488137319049, 7.400000000000000355 ) ) ;
#7685 = DIRECTION ( 'NONE',  ( 0.000000000000000000, -1.000000000000000000, 0.000000000000000000 ) ) ;
#7686 = VERTEX_POINT ( 'NONE', #5032 ) ;
#7687 = ORIENTED_EDGE ( 'NONE', *, *, #8422, .T. ) ;
#7688 = LINE ( 'NONE', #7031, #8593 ) ;
#7689 = VERTEX_POINT ( 'NONE', #2686 ) ;
#7690 = CARTESIAN_POINT ( 'NONE',  ( 65.74084972657723824, 23.61190122397092495, 1.109997883926998163 ) ) ;
#7691 = AXIS2_PLACEMENT_3D ( 'NONE', #8223, #6563, #2651 ) ;
#7692 = VERTEX_POINT ( 'NONE', #3394 ) ;
#7693 = ADVANCED_FACE ( 'NONE', ( #5887 ), #1211, .F. ) ;
#7694 = DIRECTION ( 'NONE',  ( 1.000000000000000000, -0.000000000000000000, 0.000000000000000000 ) ) ;
#7695 = CARTESIAN_POINT ( 'NONE',  ( 64.56983569344401985, 40.61884720954800088, 0.3999999999999975797 ) ) ;
#7696 = DIRECTION ( 'NONE',  ( 1.000000000000000000, 5.782411586589351722E-16, -0.000000000000000000 ) ) ;
#7697 = DIRECTION ( 'NONE',  ( 0.8660254037844394848, -0.4999999999999985012, 0.000000000000000000 ) ) ;
#7698 = AXIS2_PLACEMENT_3D ( 'NONE', #89, #8702, #2473 ) ;
#7699 = LINE ( 'NONE', #3638, #2250 ) ;
#7700 = EDGE_CURVE ( 'NONE', #2648, #3132, #512, .T. ) ;
#7701 = ORIENTED_EDGE ( 'NONE', *, *, #7300, .F. ) ;
#7702 = ADVANCED_FACE ( 'NONE', ( #7400 ), #4412, .F. ) ;
#7703 = DIRECTION ( 'NONE',  ( 0.000000000000000000, 1.000000000000000000, 0.000000000000000000 ) ) ;
#7704 = VERTEX_POINT ( 'NONE', #5371 ) ;
#7705 = VECTOR ( 'NONE', #9601, 1000.000000000000000 ) ;
#7706 = ORIENTED_EDGE ( 'NONE', *, *, #4370, .T. ) ;
#7707 = VECTOR ( 'NONE', #1751, 1000.000000000000000 ) ;
#7708 = PLANE ( 'NONE',  #9064 ) ;
#7709 = CARTESIAN_POINT ( 'NONE',  ( 0.000000000000000000, 28.28980021391638289, 4.000000000000000000 ) ) ;
#7710 = LINE ( 'NONE', #772, #575 ) ;
#7711 = FACE_OUTER_BOUND ( 'NONE', #7142, .T. ) ;
#7712 = DIRECTION ( 'NONE',  ( -0.7100637267678131526, -0.7041374183556817767, 0.000000000000000000 ) ) ;
#7713 = DIRECTION ( 'NONE',  ( -1.000000000000000000, 0.000000000000000000, 0.000000000000000000 ) ) ;
#7714 = FACE_OUTER_BOUND ( 'NONE', #2203, .T. ) ;
#7715 = EDGE_CURVE ( 'NONE', #3273, #7090, #9116, .T. ) ;
#7716 = EDGE_CURVE ( 'NONE', #4545, #7742, #2229, .T. ) ;
#7717 = VECTOR ( 'NONE', #1740, 1000.000000000000227 ) ;
#7718 = VECTOR ( 'NONE', #5341, 1000.000000000000000 ) ;
#7719 = ORIENTED_EDGE ( 'NONE', *, *, #6924, .F. ) ;
#7720 = ORIENTED_EDGE ( 'NONE', *, *, #6328, .T. ) ;
#7721 = LINE ( 'NONE', #782, #6528 ) ;
#7722 = EDGE_LOOP ( 'NONE', ( #2252, #10010, #878, #701 ) ) ;
#7723 = VERTEX_POINT ( 'NONE', #9216 ) ;
#7724 = PLANE ( 'NONE',  #157 ) ;
#7725 = VECTOR ( 'NONE', #812, 1000.000000000000227 ) ;
#7726 = AXIS2_PLACEMENT_3D ( 'NONE', #2972, #4552, #7635 ) ;
#7727 = CARTESIAN_POINT ( 'NONE',  ( 17.13093918849695996, 40.18247202539614449, 10.00000000000000000 ) ) ;
#7728 = CARTESIAN_POINT ( 'NONE',  ( 30.61060500309818977, 30.68592075184099599, 3.399999999999983036 ) ) ;
#7729 = EDGE_CURVE ( 'NONE', #7263, #326, #1470, .T. ) ;
#7730 = ORIENTED_EDGE ( 'NONE', *, *, #9544, .T. ) ;
#7731 = ORIENTED_EDGE ( 'NONE', *, *, #6441, .F. ) ;
#7732 = CARTESIAN_POINT ( 'NONE',  ( 30.21056651558884809, 21.79799773735025070, 7.400000000000000355 ) ) ;
#7733 = ORIENTED_EDGE ( 'NONE', *, *, #4755, .T. ) ;
#7734 = VECTOR ( 'NONE', #6250, 1000.000000000000000 ) ;
#7735 = LINE ( 'NONE', #7683, #6905 ) ;
#7736 = FACE_OUTER_BOUND ( 'NONE', #5213, .T. ) ;
#7737 = EDGE_CURVE ( 'NONE', #2897, #5309, #5173, .T. ) ;
#7738 = CARTESIAN_POINT ( 'NONE',  ( 40.83180065388673796, 43.69286487643512373, 3.399999999999983036 ) ) ;
#7739 = ORIENTED_EDGE ( 'NONE', *, *, #1681, .T. ) ;
#7740 = ORIENTED_EDGE ( 'NONE', *, *, #904, .T. ) ;
#7741 = CARTESIAN_POINT ( 'NONE',  ( 20.40280365961182696, 35.99023488137318338, 7.400000000000000355 ) ) ;
#7742 = VERTEX_POINT ( 'NONE', #3845 ) ;
#7743 = VECTOR ( 'NONE', #6657, 1000.000000000000227 ) ;
#7744 = DIRECTION ( 'NONE',  ( -0.8660254037844378194, 0.5000000000000015543, 0.000000000000000000 ) ) ;
#7745 = DIRECTION ( 'NONE',  ( 0.3446779346331528826, 0.9387210029487057517, 0.000000000000000000 ) ) ;
#7746 = DIRECTION ( 'NONE',  ( -1.000000000000000000, 0.000000000000000000, -0.000000000000000000 ) ) ;
#7747 = AXIS2_PLACEMENT_3D ( 'NONE', #548, #1346, #4599 ) ;
#7748 = DIRECTION ( 'NONE',  ( 0.000000000000000000, 0.000000000000000000, 1.000000000000000000 ) ) ;
#7749 = DIRECTION ( 'NONE',  ( 0.8660254037844385966, -0.5000000000000000000, 0.000000000000000000 ) ) ;
#7750 = VERTEX_POINT ( 'NONE', #559 ) ;
#7751 = CARTESIAN_POINT ( 'NONE',  ( 8.888803657608024267, 8.415085090169998949, 10.00000000000000000 ) ) ;
#7752 = ORIENTED_EDGE ( 'NONE', *, *, #544, .T. ) ;
#7753 = VECTOR ( 'NONE', #4012, 1000.000000000000000 ) ;
#7754 = ORIENTED_EDGE ( 'NONE', *, *, #6231, .T. ) ;
#7755 = LINE ( 'NONE', #150, #3684 ) ;
#7756 = DIRECTION ( 'NONE',  ( 0.8660254037844384856, 0.5000000000000002220, 0.000000000000000000 ) ) ;
#7757 = DIRECTION ( 'NONE',  ( 0.000000000000000000, 0.000000000000000000, -1.000000000000000000 ) ) ;
#7758 = DIRECTION ( 'NONE',  ( -0.8660254037844379305, 0.5000000000000011102, 0.000000000000000000 ) ) ;
#7759 = LINE ( 'NONE', #6200, #100 ) ;
#7760 = PLANE ( 'NONE',  #4525 ) ;
#7761 = LINE ( 'NONE', #2140, #5479 ) ;
#7762 = EDGE_CURVE ( 'NONE', #2653, #5506, #6946, .T. ) ;
#7763 = ORIENTED_EDGE ( 'NONE', *, *, #4967, .F. ) ;
#7764 = ORIENTED_EDGE ( 'NONE', *, *, #1647, .T. ) ;
#7765 = CARTESIAN_POINT ( 'NONE',  ( 23.66683757335909633, 46.18247202539612317, 10.00000000000000000 ) ) ;
#7766 = ORIENTED_EDGE ( 'NONE', *, *, #7189, .F. ) ;
#7767 = ORIENTED_EDGE ( 'NONE', *, *, #5069, .F. ) ;
#7768 = EDGE_CURVE ( 'NONE', #7260, #6181, #2074, .T. ) ;
#7769 = PLANE ( 'NONE',  #2580 ) ;
#7770 = VECTOR ( 'NONE', #6148, 1000.000000000000000 ) ;
#7771 = FACE_OUTER_BOUND ( 'NONE', #5538, .T. ) ;
#7772 = CARTESIAN_POINT ( 'NONE',  ( 27.32317633251972921, 50.37470916941909138, 7.400000000000000355 ) ) ;
#7773 = DIRECTION ( 'NONE',  ( -1.000000000000000000, 0.000000000000000000, 0.000000000000000000 ) ) ;
#7774 = ORIENTED_EDGE ( 'NONE', *, *, #7626, .F. ) ;
#7775 = ORIENTED_EDGE ( 'NONE', *, *, #6498, .T. ) ;
#7776 = CARTESIAN_POINT ( 'NONE',  ( 50.59504080363439016, 42.18247202539614449, 10.00000000000000000 ) ) ;
#7777 = ORIENTED_EDGE ( 'NONE', *, *, #1412, .F. ) ;
#7778 = ADVANCED_FACE ( 'NONE', ( #9166 ), #9826, .T. ) ;
#7779 = DIRECTION ( 'NONE',  ( -0.8660254037844377084, 0.5000000000000015543, 0.000000000000000000 ) ) ;
#7780 = FACE_OUTER_BOUND ( 'NONE', #3079, .T. ) ;
#7781 = CARTESIAN_POINT ( 'NONE',  ( 70.78727794765704573, 52.37470916941909138, 10.00000000000000000 ) ) ;
#7782 = VERTEX_POINT ( 'NONE', #760 ) ;
#7783 = EDGE_LOOP ( 'NONE', ( #7903, #5851, #681, #7809 ) ) ;
#7784 = CARTESIAN_POINT ( 'NONE',  ( 30.40280365961172038, 31.99023488137319760, 7.400000000000000355 ) ) ;
#7785 = ORIENTED_EDGE ( 'NONE', *, *, #676, .T. ) ;
#7786 = PLANE ( 'NONE',  #9115 ) ;
#7787 = EDGE_CURVE ( 'NONE', #4789, #7604, #3741, .T. ) ;
#7788 = FACE_OUTER_BOUND ( 'NONE', #5314, .T. ) ;
#7789 = DIRECTION ( 'NONE',  ( -0.000000000000000000, 0.000000000000000000, 1.000000000000000000 ) ) ;
#7790 = LINE ( 'NONE', #6287, #3177 ) ;
#7791 = CARTESIAN_POINT ( 'NONE',  ( 78.02906416080763563, 20.53850676557981814, 10.00099999999999945 ) ) ;
#7792 = ORIENTED_EDGE ( 'NONE', *, *, #1457, .F. ) ;
#7793 = EDGE_LOOP ( 'NONE', ( #1655, #3998, #9431, #8747 ) ) ;
#7794 = VECTOR ( 'NONE', #75, 1000.000000000000227 ) ;
#7795 = EDGE_CURVE ( 'NONE', #7530, #1230, #10026, .T. ) ;
#7796 = LINE ( 'NONE', #6996, #2635 ) ;
#7797 = ORIENTED_EDGE ( 'NONE', *, *, #7838, .T. ) ;
#7798 = ORIENTED_EDGE ( 'NONE', *, *, #4213, .T. ) ;
#7799 = EDGE_CURVE ( 'NONE', #7872, #8447, #3085, .T. ) ;
#7800 = DIRECTION ( 'NONE',  ( -0.8660254037844378194, 0.5000000000000015543, 0.000000000000000000 ) ) ;
#7801 = DIRECTION ( 'NONE',  ( -1.000000000000000000, 0.000000000000000000, 0.000000000000000000 ) ) ;
#7802 = LINE ( 'NONE', #2438, #4785 ) ;
#7803 = VECTOR ( 'NONE', #1328, 1000.000000000000114 ) ;
#7804 = LINE ( 'NONE', #4821, #9180 ) ;
#7805 = FACE_OUTER_BOUND ( 'NONE', #7170, .T. ) ;
#7806 = FACE_OUTER_BOUND ( 'NONE', #3576, .T. ) ;
#7807 = CARTESIAN_POINT ( 'NONE',  ( 26.93870204447397398, 37.99023488137319049, 7.400000000000000355 ) ) ;
#7808 = ORIENTED_EDGE ( 'NONE', *, *, #8431, .F. ) ;
#7809 = ORIENTED_EDGE ( 'NONE', *, *, #1449, .F. ) ;
#7810 = CARTESIAN_POINT ( 'NONE',  ( 47.13093918849664732, 40.18247202539614449, 7.400000000000000355 ) ) ;
#7811 = VECTOR ( 'NONE', #7092, 1000.000000000000000 ) ;
#7812 = ORIENTED_EDGE ( 'NONE', *, *, #9949, .T. ) ;
#7813 = ORIENTED_EDGE ( 'NONE', *, *, #4890, .F. ) ;
#7814 = LINE ( 'NONE', #164, #1945 ) ;
#7815 = DIRECTION ( 'NONE',  ( -0.8660254037844381525, 0.5000000000000007772, 0.000000000000000000 ) ) ;
#7816 = DIRECTION ( 'NONE',  ( -0.000000000000000000, -0.000000000000000000, 1.000000000000000000 ) ) ;
#7817 = LINE ( 'NONE', #8779, #1077 ) ;
#7818 = VERTEX_POINT ( 'NONE', #2126 ) ;
#7819 = VECTOR ( 'NONE', #2045, 1000.000000000000000 ) ;
#7820 = EDGE_LOOP ( 'NONE', ( #3306, #1080 ) ) ;
#7821 = VERTEX_POINT ( 'NONE', #6797 ) ;
#7822 = FACE_OUTER_BOUND ( 'NONE', #1602, .T. ) ;
#7823 = VERTEX_POINT ( 'NONE', #9877 ) ;
#7824 = DIRECTION ( 'NONE',  ( -0.5000000000000016653, 0.8660254037844377084, 0.000000000000000000 ) ) ;
#7825 = FACE_OUTER_BOUND ( 'NONE', #6558, .T. ) ;
#7826 = LINE ( 'NONE', #3929, #784 ) ;
#7827 = CARTESIAN_POINT ( 'NONE',  ( 40.83180065388673796, 43.69286487643512373, 3.399999999999983036 ) ) ;
#7828 = VERTEX_POINT ( 'NONE', #7649 ) ;
#7829 = VERTEX_POINT ( 'NONE', #6087 ) ;
#7830 = EDGE_CURVE ( 'NONE', #6278, #4327, #6036, .T. ) ;
#7831 = DIRECTION ( 'NONE',  ( -0.8660254037844374864, -0.5000000000000021094, 0.000000000000000000 ) ) ;
#7832 = VERTEX_POINT ( 'NONE', #5266 ) ;
#7833 = CARTESIAN_POINT ( 'NONE',  ( 36.63180065388673512, 43.69286487643512373, 3.399999999999983036 ) ) ;
#7834 = PLANE ( 'NONE',  #6119 ) ;
#7835 = CARTESIAN_POINT ( 'NONE',  ( 23.85907471738197216, 56.37470916941907007, 7.400000000000000355 ) ) ;
#7836 = PLANE ( 'NONE',  #1924 ) ;
#7837 = ORIENTED_EDGE ( 'NONE', *, *, #676, .F. ) ;
#7838 = EDGE_CURVE ( 'NONE', #9233, #6412, #8359, .T. ) ;
#7839 = ADVANCED_FACE ( 'NONE', ( #8409 ), #9922, .F. ) ;
#7840 = EDGE_CURVE ( 'NONE', #8081, #4880, #3792, .T. ) ;
#7841 = VECTOR ( 'NONE', #787, 1000.000000000000000 ) ;
#7842 = ORIENTED_EDGE ( 'NONE', *, *, #480, .T. ) ;
#7843 = CARTESIAN_POINT ( 'NONE',  ( 30.21056651558884809, 25.79799773735024004, 7.400000000000000355 ) ) ;
#7844 = ORIENTED_EDGE ( 'NONE', *, *, #6701, .T. ) ;
#7845 = ORIENTED_EDGE ( 'NONE', *, *, #4849, .F. ) ;
#7846 = CARTESIAN_POINT ( 'NONE',  ( 30.61060500309818622, 24.68592075184099954, 1.109999999999998099 ) ) ;
#7847 = DIRECTION ( 'NONE',  ( -0.8660254037844375974, -0.5000000000000016653, 0.000000000000000000 ) ) ;
#7848 = VECTOR ( 'NONE', #4621, 1000.000000000000000 ) ;
#7849 = CARTESIAN_POINT ( 'NONE',  ( 59.14084972657722261, 23.61190122397092495, 4.000000000000000000 ) ) ;
#7850 = ADVANCED_FACE ( 'NONE', ( #3038 ), #6139, .F. ) ;
#7851 = DIRECTION ( 'NONE',  ( 0.8660254037844384856, 0.5000000000000002220, 0.000000000000000000 ) ) ;
#7852 = DIRECTION ( 'NONE',  ( 1.000000000000000000, -1.652117596168386770E-15, 0.000000000000000000 ) ) ;
#7853 = CARTESIAN_POINT ( 'NONE',  ( 36.63180065388673512, 38.69286487643513084, 3.399999999999983036 ) ) ;
#7854 = ORIENTED_EDGE ( 'NONE', *, *, #10023, .F. ) ;
#7855 = LINE ( 'NONE', #4013, #3855 ) ;
#7856 = EDGE_CURVE ( 'NONE', #1610, #24, #902, .T. ) ;
#7857 = ORIENTED_EDGE ( 'NONE', *, *, #9189, .F. ) ;
#7858 = EDGE_LOOP ( 'NONE', ( #5589, #8990 ) ) ;
#7859 = VECTOR ( 'NONE', #9024, 1000.000000000000114 ) ;
#7860 = AXIS2_PLACEMENT_3D ( 'NONE', #9100, #4501, #5918 ) ;
#7861 = DIRECTION ( 'NONE',  ( 0.8660254037844384856, 0.5000000000000002220, 0.000000000000000000 ) ) ;
#7862 = EDGE_LOOP ( 'NONE', ( #2979, #6029, #5203, #5716 ) ) ;
#7863 = ORIENTED_EDGE ( 'NONE', *, *, #7300, .T. ) ;
#7864 = CARTESIAN_POINT ( 'NONE',  ( 30.78727794765747205, 52.37470916941909138, 7.400000000000000355 ) ) ;
#7865 = LINE ( 'NONE', #1025, #426 ) ;
#7866 = CARTESIAN_POINT ( 'NONE',  ( 18.61060500309818977, 24.68592075184099954, 1.109999999999998099 ) ) ;
#7867 = EDGE_CURVE ( 'NONE', #7218, #5302, #1617, .T. ) ;
#7868 = CARTESIAN_POINT ( 'NONE',  ( 30.78727794765747205, 56.37470916941907717, 10.00000000000000000 ) ) ;
#7869 = AXIS2_PLACEMENT_3D ( 'NONE', #5606, #1749, #8791 ) ;
#7870 = VECTOR ( 'NONE', #8812, 1000.000000000000114 ) ;
#7871 = ORIENTED_EDGE ( 'NONE', *, *, #1444, .T. ) ;
#7872 = VERTEX_POINT ( 'NONE', #2427 ) ;
#7873 = CARTESIAN_POINT ( 'NONE',  ( 78.03203064794003296, 52.35311032234201889, 10.00000000000000000 ) ) ;
#7874 = ORIENTED_EDGE ( 'NONE', *, *, #9515, .T. ) ;
#7875 = ADVANCED_FACE ( 'NONE', ( #141, #5567 ), #7834, .T. ) ;
#7876 = EDGE_CURVE ( 'NONE', #10019, #5996, #6233, .T. ) ;
#7877 = CIRCLE ( 'NONE', #7231, 1.699999999999993072 ) ;
#7878 = EDGE_LOOP ( 'NONE', ( #3389, #6175, #6070, #6560, #43 ) ) ;
#7879 = VECTOR ( 'NONE', #8087, 1000.000000000000000 ) ;
#7880 = LINE ( 'NONE', #4134, #8468 ) ;
#7881 = EDGE_CURVE ( 'NONE', #2220, #983, #1661, .T. ) ;
#7882 = EDGE_CURVE ( 'NONE', #2579, #7604, #3892, .T. ) ;
#7883 = LINE ( 'NONE', #225, #2371 ) ;
#7884 = CARTESIAN_POINT ( 'NONE',  ( 40.42884860408197056, 23.35317541498461225, 10.00099999999999945 ) ) ;
#7885 = LINE ( 'NONE', #4039, #7572 ) ;
#7886 = VECTOR ( 'NONE', #3995, 1000.000000000000114 ) ;
#7887 = VECTOR ( 'NONE', #1597, 1000.000000000000114 ) ;
#7888 = FACE_OUTER_BOUND ( 'NONE', #4260, .T. ) ;
#7889 = EDGE_LOOP ( 'NONE', ( #9019, #3984, #2143, #10007, #7287, #8724 ) ) ;
#7890 = EDGE_LOOP ( 'NONE', ( #5944, #4358, #780, #4374 ) ) ;
#7891 = CARTESIAN_POINT ( 'NONE',  ( 13.66683757335920113, 42.18247202539615159, 10.00000000000000000 ) ) ;
#7892 = EDGE_LOOP ( 'NONE', ( #5097, #8799, #8853, #6367 ) ) ;
#7893 = VECTOR ( 'NONE', #8492, 1000.000000000000227 ) ;
#7894 = EDGE_CURVE ( 'NONE', #3784, #2550, #6340, .T. ) ;
#7895 = CARTESIAN_POINT ( 'NONE',  ( 7.130939188497064762, 40.18247202539614449, 7.400000000000000355 ) ) ;
#7896 = CARTESIAN_POINT ( 'NONE',  ( 64.56983569344401985, 40.61884720954800088, 3.399999999999996803 ) ) ;
#7897 = DIRECTION ( 'NONE',  ( 1.000000000000000000, 0.000000000000000000, -0.000000000000000000 ) ) ;
#7898 = DIRECTION ( 'NONE',  ( -0.8660254037844385966, 0.5000000000000000000, 0.000000000000000000 ) ) ;
#7899 = ORIENTED_EDGE ( 'NONE', *, *, #2437, .T. ) ;
#7900 = AXIS2_PLACEMENT_3D ( 'NONE', #2347, #13, #8518 ) ;
#7901 = VECTOR ( 'NONE', #3632, 1000.000000000000000 ) ;
#7902 = CARTESIAN_POINT ( 'NONE',  ( 54.42884860408192793, 27.75317541498460372, 4.000000000000000000 ) ) ;
#7903 = ORIENTED_EDGE ( 'NONE', *, *, #7016, .T. ) ;
#7904 = CARTESIAN_POINT ( 'NONE',  ( 5.000000000000530243, 33.46289289354402285, 10.00099999999999945 ) ) ;
#7905 = ADVANCED_FACE ( 'NONE', ( #7087 ), #857, .F. ) ;
#7906 = VECTOR ( 'NONE', #7898, 1000.000000000000227 ) ;
#7907 = DIRECTION ( 'NONE',  ( -0.000000000000000000, -0.000000000000000000, -1.000000000000000000 ) ) ;
#7908 = CARTESIAN_POINT ( 'NONE',  ( 53.48264078761654616, 52.77490806565517545, 4.000000000000000000 ) ) ;
#7909 = DIRECTION ( 'NONE',  ( -0.5000000000000001110, -0.8660254037844387076, 0.000000000000000000 ) ) ;
#7910 = DIRECTION ( 'NONE',  ( 1.000000000000000000, 0.000000000000000000, 0.000000000000000000 ) ) ;
#7911 = CARTESIAN_POINT ( 'NONE',  ( 30.21056651558884809, 25.79799773735024004, 7.400000000000000355 ) ) ;
#7912 = CARTESIAN_POINT ( 'NONE',  ( 56.74646490045078195, 27.79799773735024004, 7.400000000000000355 ) ) ;
#7913 = ORIENTED_EDGE ( 'NONE', *, *, #8453, .F. ) ;
#7914 = EDGE_LOOP ( 'NONE', ( #3459, #6626, #2565, #10016 ) ) ;
#7915 = VECTOR ( 'NONE', #7713, 1000.000000000000000 ) ;
#7916 = PLANE ( 'NONE',  #7011 ) ;
#7917 = VERTEX_POINT ( 'NONE', #3939 ) ;
#7918 = ORIENTED_EDGE ( 'NONE', *, *, #6432, .T. ) ;
#7919 = DIRECTION ( 'NONE',  ( -0.000000000000000000, -0.000000000000000000, -1.000000000000000000 ) ) ;
#7920 = EDGE_CURVE ( 'NONE', #4298, #4334, #4809, .T. ) ;
#7921 = DIRECTION ( 'NONE',  ( -0.000000000000000000, -0.000000000000000000, 1.000000000000000000 ) ) ;
#7922 = DIRECTION ( 'NONE',  ( 0.000000000000000000, 0.000000000000000000, 1.000000000000000000 ) ) ;
#7923 = LINE ( 'NONE', #7113, #5783 ) ;
#7924 = EDGE_CURVE ( 'NONE', #1694, #4154, #1001, .T. ) ;
#7925 = ORIENTED_EDGE ( 'NONE', *, *, #5578, .T. ) ;
#7926 = ORIENTED_EDGE ( 'NONE', *, *, #7613, .T. ) ;
#7927 = DIRECTION ( 'NONE',  ( 0.5773502691896212902, -0.5773502691896212902, 0.5773502691896346128 ) ) ;
#7928 = ORIENTED_EDGE ( 'NONE', *, *, #3775, .F. ) ;
#7929 = ORIENTED_EDGE ( 'NONE', *, *, #358, .F. ) ;
#7930 = VECTOR ( 'NONE', #6161, 1000.000000000000000 ) ;
#7931 = CARTESIAN_POINT ( 'NONE',  ( 63.28236328531291832, 23.35317541498460514, 10.00099999999999945 ) ) ;
#7932 = DIRECTION ( 'NONE',  ( -0.8660254037844377084, 0.5000000000000015543, 0.000000000000000000 ) ) ;
#7933 = DIRECTION ( 'NONE',  ( -0.000000000000000000, 1.000000000000000000, -0.000000000000000000 ) ) ;
#7934 = EDGE_CURVE ( 'NONE', #2595, #737, #7034, .T. ) ;
#7935 = LINE ( 'NONE', #2664, #8701 ) ;
#7936 = DIRECTION ( 'NONE',  ( 0.8660254037844384856, 0.5000000000000002220, 0.000000000000000000 ) ) ;
#7937 = ORIENTED_EDGE ( 'NONE', *, *, #5024, .T. ) ;
#7938 = VERTEX_POINT ( 'NONE', #2331 ) ;
#7939 = LINE ( 'NONE', #8043, #7466 ) ;
#7940 = VERTEX_POINT ( 'NONE', #4096 ) ;
#7941 = EDGE_CURVE ( 'NONE', #1316, #6313, #6990, .T. ) ;
#7942 = FACE_OUTER_BOUND ( 'NONE', #5658, .T. ) ;
#7943 = DIRECTION ( 'NONE',  ( -1.000000000000000000, 0.000000000000000000, 0.000000000000000000 ) ) ;
#7944 = CARTESIAN_POINT ( 'NONE',  ( 59.74084972657723824, 30.61190122397092495, 1.109997883926998163 ) ) ;
#7945 = PLANE ( 'NONE',  #5328 ) ;
#7946 = VERTEX_POINT ( 'NONE', #3179 ) ;
#7947 = EDGE_CURVE ( 'NONE', #4416, #4321, #41, .T. ) ;
#7948 = CARTESIAN_POINT ( 'NONE',  ( 54.61415088855444111, 53.90613964737286068, 6.000000000000000000 ) ) ;
#7949 = ORIENTED_EDGE ( 'NONE', *, *, #8903, .T. ) ;
#7950 = VECTOR ( 'NONE', #4602, 1000.000000000000000 ) ;
#7951 = CARTESIAN_POINT ( 'NONE',  ( 71.31952070086403239, 59.97470916941927044, 4.000000000000000000 ) ) ;
#7952 = DIRECTION ( 'NONE',  ( -0.000000000000000000, -0.000000000000000000, 1.000000000000000000 ) ) ;
#7953 = CARTESIAN_POINT ( 'NONE',  ( 30.78727794765747205, 56.37470916941907717, 7.400000000000000355 ) ) ;
#7954 = CARTESIAN_POINT ( 'NONE',  ( 76.16692151384303600, 8.415085090169998949, 10.00000000000000000 ) ) ;
#7955 = DIRECTION ( 'NONE',  ( 0.000000000000000000, 0.7071067811865556774, -0.7071067811865393571 ) ) ;
#7956 = CARTESIAN_POINT ( 'NONE',  ( 12.01402484683469041, 10.59981128446109366, 4.000000000000000000 ) ) ;
#7957 = VECTOR ( 'NONE', #4902, 1000.000000000000114 ) ;
#7958 = PLANE ( 'NONE',  #946 ) ;
#7959 = DIRECTION ( 'NONE',  ( 0.000000000000000000, 0.000000000000000000, -1.000000000000000000 ) ) ;
#7960 = ORIENTED_EDGE ( 'NONE', *, *, #6536, .T. ) ;
#7961 = EDGE_CURVE ( 'NONE', #9405, #1934, #6286, .T. ) ;
#7962 = EDGE_CURVE ( 'NONE', #1070, #1462, #189, .T. ) ;
#7963 = DIRECTION ( 'NONE',  ( 0.5000000000000015543, 0.8660254037844378194, 0.000000000000000000 ) ) ;
#7964 = EDGE_LOOP ( 'NONE', ( #2421, #6726, #9438, #4616, #913, #5396, #1503, #654, #4631, #895, #2805, #494, #9501, #9135, #6007, #6057, #1500, #2335, #2707, #5142, #2388, #5211, #8625, #818, #4559, #1633, #3225, #4395, #9198, #1742, #4585, #6639, #2502, #5806, #9630, #9693, #4640, #5831, #1950, #9583, #2456, #807, #3653, #264, #6672, #3346, #431, #6837, #7937, #8010, #8788, #5715, #7965, #8055, #3173, #9881, #2608, #936, #3426, #4120, #7988, #3001, #3322, #367, #4290, #8522, #3864, #5026, #6219, #730, #3614, #7009, #8624, #1960, #7980, #4080, #1005, #9913, #8712, #8072, #9143, #1896, #7785, #6207, #8805, #9866, #5611, #3, #5392, #1008, #8860, #6799, #6516, #8485, #9450, #8899, #5655, #4867, #2011, #211, #5689, #5091, #4738, #2859 ) ) ;
#7965 = ORIENTED_EDGE ( 'NONE', *, *, #5869, .F. ) ;
#7966 = VECTOR ( 'NONE', #9905, 1000.000000000000114 ) ;
#7967 = LINE ( 'NONE', #8925, #8247 ) ;
#7968 = DIRECTION ( 'NONE',  ( -0.000000000000000000, -0.000000000000000000, 1.000000000000000000 ) ) ;
#7969 = FACE_OUTER_BOUND ( 'NONE', #3971, .T. ) ;
#7970 = LINE ( 'NONE', #7868, #756 ) ;
#7971 = VECTOR ( 'NONE', #8462, 1000.000000000000000 ) ;
#7972 = VERTEX_POINT ( 'NONE', #2517 ) ;
#7973 = ORIENTED_EDGE ( 'NONE', *, *, #5982, .T. ) ;
#7974 = ADVANCED_FACE ( 'NONE', ( #5621 ), #8703, .F. ) ;
#7975 = EDGE_CURVE ( 'NONE', #1595, #8430, #238, .T. ) ;
#7976 = ADVANCED_FACE ( 'NONE', ( #1809 ), #2013, .T. ) ;
#7977 = LINE ( 'NONE', #4888, #9261 ) ;
#7978 = ORIENTED_EDGE ( 'NONE', *, *, #4101, .T. ) ;
#7979 = DIRECTION ( 'NONE',  ( 0.7071067811865479058, 0.7071067811865471286, 0.000000000000000000 ) ) ;
#7980 = ORIENTED_EDGE ( 'NONE', *, *, #3011, .F. ) ;
#7981 = VECTOR ( 'NONE', #7539, 1000.000000000000000 ) ;
#7982 = DIRECTION ( 'NONE',  ( -0.8660254037844378194, -0.5000000000000013323, 0.000000000000000000 ) ) ;
#7983 = FACE_OUTER_BOUND ( 'NONE', #3533, .T. ) ;
#7984 = DIRECTION ( 'NONE',  ( -1.355284293265842525E-13, 1.000000000000000000, 0.000000000000000000 ) ) ;
#7985 = EDGE_CURVE ( 'NONE', #6278, #5368, #9612, .T. ) ;
#7986 = DIRECTION ( 'NONE',  ( 0.5000000000000003331, -0.8660254037844385966, 0.000000000000000000 ) ) ;
#7987 = FACE_OUTER_BOUND ( 'NONE', #3658, .T. ) ;
#7988 = ORIENTED_EDGE ( 'NONE', *, *, #3641, .T. ) ;
#7989 = ORIENTED_EDGE ( 'NONE', *, *, #7867, .T. ) ;
#7990 = CARTESIAN_POINT ( 'NONE',  ( 66.93870204447355832, 29.99023488137320115, 7.400000000000000355 ) ) ;
#7991 = ORIENTED_EDGE ( 'NONE', *, *, #8786, .F. ) ;
#7992 = EDGE_CURVE ( 'NONE', #3015, #7218, #9665, .T. ) ;
#7993 = CARTESIAN_POINT ( 'NONE',  ( 57.32317633251940947, 50.37470916941909138, 7.400000000000000355 ) ) ;
#7994 = CARTESIAN_POINT ( 'NONE',  ( 36.93870204447387096, 29.99023488137320115, 7.400000000000000355 ) ) ;
#7995 = DIRECTION ( 'NONE',  ( -0.000000000000000000, -0.000000000000000000, 1.000000000000000000 ) ) ;
#7996 = LINE ( 'NONE', #8152, #1110 ) ;
#7997 = VERTEX_POINT ( 'NONE', #5109 ) ;
#7998 = EDGE_CURVE ( 'NONE', #4394, #1522, #8103, .T. ) ;
#7999 = CARTESIAN_POINT ( 'NONE',  ( 5.000000000000096811, 10.50309440688319995, 7.400000000000000355 ) ) ;
#8000 = VERTEX_POINT ( 'NONE', #7340 ) ;
#8001 = EDGE_CURVE ( 'NONE', #6216, #8738, #6487, .T. ) ;
#8002 = CARTESIAN_POINT ( 'NONE',  ( 10.01832937156618364, 11.60576059332730381, 7.400000000000000355 ) ) ;
#8003 = DIRECTION ( 'NONE',  ( 1.000000000000000000, 0.000000000000000000, 0.000000000000000000 ) ) ;
#8004 = CARTESIAN_POINT ( 'NONE',  ( 10.59504080363480760, 42.18247202539614449, 7.400000000000000355 ) ) ;
#8005 = EDGE_CURVE ( 'NONE', #4017, #24, #2775, .T. ) ;
#8006 = LINE ( 'NONE', #2636, #3035 ) ;
#8007 = CARTESIAN_POINT ( 'NONE',  ( 46.93870204447377148, 37.99023488137319049, 7.400000000000000355 ) ) ;
#8008 = CARTESIAN_POINT ( 'NONE',  ( 5.000000000000404121, 26.78967575694467129, 10.00099999999999945 ) ) ;
#8009 = VECTOR ( 'NONE', #5649, 1000.000000000000000 ) ;
#8010 = ORIENTED_EDGE ( 'NONE', *, *, #8881, .F. ) ;
#8011 = CARTESIAN_POINT ( 'NONE',  ( 16.93870204447408412, 29.99023488137320115, 7.400000000000000355 ) ) ;
#8012 = DIRECTION ( 'NONE',  ( -0.000000000000000000, -0.000000000000000000, 1.000000000000000000 ) ) ;
#8013 = CARTESIAN_POINT ( 'NONE',  ( 36.93870204447387096, 37.99023488137319049, 10.00000000000000000 ) ) ;
#8014 = ORIENTED_EDGE ( 'NONE', *, *, #4189, .T. ) ;
#8015 = DIRECTION ( 'NONE',  ( -0.5000000000000001110, -0.8660254037844387076, 0.000000000000000000 ) ) ;
#8016 = ORIENTED_EDGE ( 'NONE', *, *, #3975, .F. ) ;
#8017 = ORIENTED_EDGE ( 'NONE', *, *, #5639, .T. ) ;
#8018 = AXIS2_PLACEMENT_3D ( 'NONE', #5370, #608, #9974 ) ;
#8019 = DIRECTION ( 'NONE',  ( -1.000000000000000000, 0.000000000000000000, -0.000000000000000000 ) ) ;
#8020 = DIRECTION ( 'NONE',  ( -0.5000000000000016653, 0.8660254037844377084, 0.000000000000000000 ) ) ;
#8021 = DIRECTION ( 'NONE',  ( 1.000000000000000000, 0.000000000000000000, -0.000000000000000000 ) ) ;
#8022 = VECTOR ( 'NONE', #3073, 1000.000000000000000 ) ;
#8023 = VERTEX_POINT ( 'NONE', #1198 ) ;
#8024 = ORIENTED_EDGE ( 'NONE', *, *, #3692, .F. ) ;
#8025 = CARTESIAN_POINT ( 'NONE',  ( 74.41423944072103325, 5.000000000000023093, 0.000000000000000000 ) ) ;
#8026 = ORIENTED_EDGE ( 'NONE', *, *, #10002, .T. ) ;
#8027 = DIRECTION ( 'NONE',  ( 0.5000000000000003331, -0.8660254037844385966, 0.000000000000000000 ) ) ;
#8028 = VERTEX_POINT ( 'NONE', #1153 ) ;
#8029 = FACE_OUTER_BOUND ( 'NONE', #5068, .T. ) ;
#8030 = VECTOR ( 'NONE', #8183, 1000.000000000000227 ) ;
#8031 = AXIS2_PLACEMENT_3D ( 'NONE', #4674, #3097, #9080 ) ;
#8032 = DIRECTION ( 'NONE',  ( 0.000000000000000000, 0.000000000000000000, 1.000000000000000000 ) ) ;
#8033 = LINE ( 'NONE', #8235, #8991 ) ;
#8034 = ADVANCED_FACE ( 'NONE', ( #2730 ), #2625, .F. ) ;
#8035 = ADVANCED_FACE ( 'NONE', ( #8150 ), #5722, .F. ) ;
#8036 = DIRECTION ( 'NONE',  ( 0.7071067811867248754, -0.7071067811863702701, 0.000000000000000000 ) ) ;
#8037 = CARTESIAN_POINT ( 'NONE',  ( 17.46155956311902457, 19.96343870725181802, 10.00000000000000000 ) ) ;
#8038 = CARTESIAN_POINT ( 'NONE',  ( 67.32317633251929578, 58.37470916941907717, 7.400000000000000355 ) ) ;
#8039 = ORIENTED_EDGE ( 'NONE', *, *, #4628, .T. ) ;
#8040 = ORIENTED_EDGE ( 'NONE', *, *, #8481, .F. ) ;
#8041 = VECTOR ( 'NONE', #8930, 1000.000000000000000 ) ;
#8042 = VECTOR ( 'NONE', #9647, 1000.000000000000000 ) ;
#8043 = CARTESIAN_POINT ( 'NONE',  ( 23.85907471738197216, 52.37470916941909849, 10.00000000000000000 ) ) ;
#8044 = ORIENTED_EDGE ( 'NONE', *, *, #1449, .T. ) ;
#8045 = ADVANCED_FACE ( 'NONE', ( #5774 ), #8950, .F. ) ;
#8046 = VECTOR ( 'NONE', #9069, 1000.000000000000000 ) ;
#8047 = AXIS2_PLACEMENT_3D ( 'NONE', #8883, #9587, #3456 ) ;
#8048 = CARTESIAN_POINT ( 'NONE',  ( 20.59504080363470280, 42.18247202539614449, 10.00000000000000000 ) ) ;
#8049 = FACE_OUTER_BOUND ( 'NONE', #3947, .T. ) ;
#8050 = CARTESIAN_POINT ( 'NONE',  ( 13.47460042933632707, 31.99023488137320470, 10.00000000000000000 ) ) ;
#8051 = PLANE ( 'NONE',  #628 ) ;
#8052 = VERTEX_POINT ( 'NONE', #4960 ) ;
#8053 = VECTOR ( 'NONE', #1920, 1000.000000000000114 ) ;
#8054 = CARTESIAN_POINT ( 'NONE',  ( 12.07195935263212583, 55.33397611666537586, 0.000000000000000000 ) ) ;
#8055 = ORIENTED_EDGE ( 'NONE', *, *, #8536, .F. ) ;
#8056 = CARTESIAN_POINT ( 'NONE',  ( 0.000000000000000000, 0.000000000000000000, 6.000000000000000000 ) ) ;
#8057 = DIRECTION ( 'NONE',  ( -0.8660254037844381525, 0.5000000000000007772, 0.000000000000000000 ) ) ;
#8058 = DIRECTION ( 'NONE',  ( 0.7071067811865474617, -0.7071067811865474617, 0.000000000000000000 ) ) ;
#8059 = DIRECTION ( 'NONE',  ( -0.000000000000000000, -0.000000000000000000, -1.000000000000000000 ) ) ;
#8060 = VECTOR ( 'NONE', #1315, 1000.000000000000227 ) ;
#8061 = AXIS2_PLACEMENT_3D ( 'NONE', #4668, #3190, #8562 ) ;
#8062 = LINE ( 'NONE', #9574, #3828 ) ;
#8063 = DIRECTION ( 'NONE',  ( -0.5000000000000014433, 0.8660254037844379305, 0.000000000000000000 ) ) ;
#8064 = ORIENTED_EDGE ( 'NONE', *, *, #7992, .T. ) ;
#8065 = AXIS2_PLACEMENT_3D ( 'NONE', #1411, #9007, #3738 ) ;
#8066 = ADVANCED_FACE ( 'NONE', ( #1968 ), #3327, .F. ) ;
#8067 = CARTESIAN_POINT ( 'NONE',  ( 56.74646490045078195, 27.79799773735024004, 10.00000000000000000 ) ) ;
#8068 = CARTESIAN_POINT ( 'NONE',  ( 78.03159327970408299, 47.66247914339058411, 7.400000000000000355 ) ) ;
#8069 = VECTOR ( 'NONE', #5605, 1000.000000000000000 ) ;
#8070 = DIRECTION ( 'NONE',  ( 0.000000000000000000, 1.000000000000000000, 0.000000000000000000 ) ) ;
#8071 = DIRECTION ( 'NONE',  ( -0.8660254037844377084, 0.5000000000000015543, 0.000000000000000000 ) ) ;
#8072 = ORIENTED_EDGE ( 'NONE', *, *, #5119, .F. ) ;
#8073 = ADVANCED_FACE ( 'NONE', ( #8049 ), #6539, .F. ) ;
#8074 = VECTOR ( 'NONE', #9962, 1000.000000000000114 ) ;
#8075 = VERTEX_POINT ( 'NONE', #4305 ) ;
#8076 = CARTESIAN_POINT ( 'NONE',  ( 57.13093918849653363, 40.18247202539614449, 10.00000000000000000 ) ) ;
#8077 = LINE ( 'NONE', #4377, #7532 ) ;
#8078 = DIRECTION ( 'NONE',  ( 0.000000000000000000, 1.000000000000000000, 0.000000000000000000 ) ) ;
#8079 = CARTESIAN_POINT ( 'NONE',  ( 73.34807733323548007, 40.95871309031685570, 5.000000000000000000 ) ) ;
#8080 = VECTOR ( 'NONE', #4952, 1000.000000000000000 ) ;
#8081 = VERTEX_POINT ( 'NONE', #1106 ) ;
#8082 = ORIENTED_EDGE ( 'NONE', *, *, #9288, .F. ) ;
#8083 = PLANE ( 'NONE',  #9741 ) ;
#8084 = ORIENTED_EDGE ( 'NONE', *, *, #7133, .F. ) ;
#8085 = DIRECTION ( 'NONE',  ( -0.8660254037844379305, 0.5000000000000011102, 0.000000000000000000 ) ) ;
#8086 = ORIENTED_EDGE ( 'NONE', *, *, #9977, .F. ) ;
#8087 = DIRECTION ( 'NONE',  ( -1.000000000000000000, 3.011203194556595896E-16, 0.000000000000000000 ) ) ;
#8088 = CARTESIAN_POINT ( 'NONE',  ( 6.992565577373027530, 59.97470916941908570, 10.00099999999999945 ) ) ;
#8089 = EDGE_CURVE ( 'NONE', #4416, #9893, #8906, .T. ) ;
#8090 = DIRECTION ( 'NONE',  ( 0.000000000000000000, -1.000000000000000000, 0.000000000000000000 ) ) ;
#8091 = CARTESIAN_POINT ( 'NONE',  ( 33.47460042933611390, 31.99023488137320470, 10.00000000000000000 ) ) ;
#8092 = DIRECTION ( 'NONE',  ( 0.000000000000000000, -1.000000000000000000, 0.000000000000000000 ) ) ;
#8093 = LINE ( 'NONE', #4250, #4034 ) ;
#8094 = ORIENTED_EDGE ( 'NONE', *, *, #3707, .F. ) ;
#8095 = ORIENTED_EDGE ( 'NONE', *, *, #880, .T. ) ;
#8096 = VECTOR ( 'NONE', #3964, 1000.000000000000114 ) ;
#8097 = DIRECTION ( 'NONE',  ( -0.7071067811865425767, -0.7071067811865525687, -0.000000000000000000 ) ) ;
#8098 = VERTEX_POINT ( 'NONE', #5673 ) ;
#8099 = ADVANCED_FACE ( 'NONE', ( #3432 ), #7385, .F. ) ;
#8100 = EDGE_CURVE ( 'NONE', #6134, #378, #8754, .T. ) ;
#8101 = AXIS2_PLACEMENT_3D ( 'NONE', #1174, #8019, #4231 ) ;
#8102 = DIRECTION ( 'NONE',  ( 0.000000000000000000, 0.000000000000000000, 1.000000000000000000 ) ) ;
#8103 = LINE ( 'NONE', #1863, #5958 ) ;
#8104 = DIRECTION ( 'NONE',  ( -0.000000000000000000, -0.000000000000000000, 1.000000000000000000 ) ) ;
#8105 = FACE_OUTER_BOUND ( 'NONE', #1270, .T. ) ;
#8106 = VERTEX_POINT ( 'NONE', #4399 ) ;
#8107 = EDGE_CURVE ( 'NONE', #8382, #25, #9909, .T. ) ;
#8108 = DIRECTION ( 'NONE',  ( -0.000000000000000000, -0.000000000000000000, -1.000000000000000000 ) ) ;
#8109 = EDGE_LOOP ( 'NONE', ( #6937, #6444, #9505, #6308 ) ) ;
#8110 = CARTESIAN_POINT ( 'NONE',  ( 73.34807733323548007, 45.95871309031685570, 4.000000000000000000 ) ) ;
#8111 = DIRECTION ( 'NONE',  ( -0.000000000000000000, -0.000000000000000000, 1.000000000000000000 ) ) ;
#8112 = PLANE ( 'NONE',  #2515 ) ;
#8113 = LINE ( 'NONE', #8159, #7076 ) ;
#8114 = CARTESIAN_POINT ( 'NONE',  ( 78.03203064794003296, 52.35311032234201889, 0.000000000000000000 ) ) ;
#8115 = CARTESIAN_POINT ( 'NONE',  ( 70.21056651558843953, 25.79799773735024004, 7.400000000000000355 ) ) ;
#8116 = LINE ( 'NONE', #5034, #5644 ) ;
#8117 = EDGE_CURVE ( 'NONE', #3226, #7821, #2924, .T. ) ;
#8118 = DIRECTION ( 'NONE',  ( 0.000000000000000000, -1.000000000000000000, 0.000000000000000000 ) ) ;
#8119 = CARTESIAN_POINT ( 'NONE',  ( 43.47460042933601443, 35.99023488137317628, 10.00000000000000000 ) ) ;
#8120 = ADVANCED_FACE ( 'NONE', ( #2212 ), #5919, .F. ) ;
#8121 = DIRECTION ( 'NONE',  ( -0.000000000000000000, 0.000000000000000000, 1.000000000000000000 ) ) ;
#8122 = ORIENTED_EDGE ( 'NONE', *, *, #3736, .T. ) ;
#8123 = EDGE_LOOP ( 'NONE', ( #3783, #6484, #8957, #516, #1838, #1579 ) ) ;
#8124 = LINE ( 'NONE', #1833, #7293 ) ;
#8125 = FACE_OUTER_BOUND ( 'NONE', #8698, .T. ) ;
#8126 = LINE ( 'NONE', #5849, #412 ) ;
#8127 = DIRECTION ( 'NONE',  ( 0.000000000000000000, 0.000000000000000000, 1.000000000000000000 ) ) ;
#8128 = ORIENTED_EDGE ( 'NONE', *, *, #5826, .T. ) ;
#8129 = VERTEX_POINT ( 'NONE', #5311 ) ;
#8130 = FACE_OUTER_BOUND ( 'NONE', #330, .T. ) ;
#8131 = VECTOR ( 'NONE', #9660, 1000.000000000000227 ) ;
#8132 = EDGE_LOOP ( 'NONE', ( #9941, #577, #7581, #4405 ) ) ;
#8133 = CARTESIAN_POINT ( 'NONE',  ( 60.40280365961140774, 35.99023488137318338, 10.00000000000000000 ) ) ;
#8134 = ORIENTED_EDGE ( 'NONE', *, *, #5571, .T. ) ;
#8135 = CARTESIAN_POINT ( 'NONE',  ( 13.66683757335920113, 42.18247202539615159, 10.00000000000000000 ) ) ;
#8136 = CARTESIAN_POINT ( 'NONE',  ( 0.000000000000000000, 0.000000000000000000, 7.400000000000000355 ) ) ;
#8137 = CARTESIAN_POINT ( 'NONE',  ( 57.13093918849652653, 48.18247202539613028, 10.00000000000000000 ) ) ;
#8138 = EDGE_CURVE ( 'NONE', #1565, #2670, #3726, .T. ) ;
#8139 = AXIS2_PLACEMENT_3D ( 'NONE', #3146, #6255, #7619 ) ;
#8140 = DIRECTION ( 'NONE',  ( -0.5000000000000016653, 0.8660254037844377084, 0.000000000000000000 ) ) ;
#8141 = EDGE_CURVE ( 'NONE', #7510, #3226, #9203, .T. ) ;
#8142 = CARTESIAN_POINT ( 'NONE',  ( 33.47460042933611390, 35.99023488137317628, 7.400000000000000355 ) ) ;
#8143 = ORIENTED_EDGE ( 'NONE', *, *, #8654, .T. ) ;
#8144 = ORIENTED_EDGE ( 'NONE', *, *, #3764, .F. ) ;
#8145 = CARTESIAN_POINT ( 'NONE',  ( 65.74084972657723824, 23.61190122397092495, 1.109997883926998163 ) ) ;
#8146 = ORIENTED_EDGE ( 'NONE', *, *, #1608, .F. ) ;
#8147 = AXIS2_PLACEMENT_3D ( 'NONE', #8154, #8303, #8865 ) ;
#8148 = VECTOR ( 'NONE', #8032, 1000.000000000000000 ) ;
#8149 = LINE ( 'NONE', #7239, #3163 ) ;
#8150 = FACE_OUTER_BOUND ( 'NONE', #5821, .T. ) ;
#8151 = CARTESIAN_POINT ( 'NONE',  ( 11.13621310223726013, 34.33421759231527659, 4.000000000000000000 ) ) ;
#8152 = CARTESIAN_POINT ( 'NONE',  ( 50.78727794765726600, 52.37470916941909138, 10.00000000000000000 ) ) ;
#8153 = ORIENTED_EDGE ( 'NONE', *, *, #9763, .F. ) ;
#8154 = CARTESIAN_POINT ( 'NONE',  ( 13.66683757335920113, 42.18247202539615159, 7.400000000000000355 ) ) ;
#8155 = VERTEX_POINT ( 'NONE', #2112 ) ;
#8156 = PLANE ( 'NONE',  #7257 ) ;
#8157 = FACE_OUTER_BOUND ( 'NONE', #4252, .T. ) ;
#8158 = LINE ( 'NONE', #7399, #6727 ) ;
#8159 = CARTESIAN_POINT ( 'NONE',  ( 65.74084972657725245, 30.61190122397092495, 3.399999999999968825 ) ) ;
#8160 = EDGE_CURVE ( 'NONE', #1331, #3251, #8342, .T. ) ;
#8161 = ADVANCED_FACE ( 'NONE', ( #9757 ), #8444, .T. ) ;
#8162 = LINE ( 'NONE', #8962, #7870 ) ;
#8163 = PLANE ( 'NONE',  #7418 ) ;
#8164 = DIRECTION ( 'NONE',  ( -0.000000000000000000, 0.000000000000000000, 1.000000000000000000 ) ) ;
#8165 = CARTESIAN_POINT ( 'NONE',  ( 73.15243468099103552, 20.03231731485909961, 10.00000000000000000 ) ) ;
#8166 = ORIENTED_EDGE ( 'NONE', *, *, #3944, .T. ) ;
#8167 = ORIENTED_EDGE ( 'NONE', *, *, #9408, .F. ) ;
#8168 = DIRECTION ( 'NONE',  ( 1.000000000000000000, -3.011203194556595896E-16, 0.000000000000000000 ) ) ;
#8169 = DIRECTION ( 'NONE',  ( 0.000000000000000000, -1.000000000000000000, 0.000000000000000000 ) ) ;
#8170 = LINE ( 'NONE', #4281, #7199 ) ;
#8171 = CARTESIAN_POINT ( 'NONE',  ( 9.875044450089784931, 53.13706121412302252, 0.000000000000000000 ) ) ;
#8172 = EDGE_CURVE ( 'NONE', #550, #3669, #6125, .T. ) ;
#8173 = VERTEX_POINT ( 'NONE', #5205 ) ;
#8174 = VERTEX_POINT ( 'NONE', #2971 ) ;
#8175 = AXIS2_PLACEMENT_3D ( 'NONE', #2753, #1482, #2136 ) ;
#8176 = DIRECTION ( 'NONE',  ( 0.8660254037844384856, 0.5000000000000002220, 0.000000000000000000 ) ) ;
#8177 = EDGE_LOOP ( 'NONE', ( #485, #7535, #9329, #5640 ) ) ;
#8178 = CARTESIAN_POINT ( 'NONE',  ( 8.888803657608024267, 8.415085090169998949, 0.000000000000000000 ) ) ;
#8179 = ORIENTED_EDGE ( 'NONE', *, *, #291, .T. ) ;
#8180 = EDGE_CURVE ( 'NONE', #8976, #8430, #8396, .T. ) ;
#8181 = DIRECTION ( 'NONE',  ( 0.000000000000000000, -1.000000000000000000, 0.000000000000000000 ) ) ;
#8182 = PLANE ( 'NONE',  #2728 ) ;
#8183 = DIRECTION ( 'NONE',  ( 0.8660254037844384856, 0.5000000000000002220, 0.000000000000000000 ) ) ;
#8184 = VECTOR ( 'NONE', #558, 1000.000000000000000 ) ;
#8185 = EDGE_CURVE ( 'NONE', #7523, #6239, #2819, .T. ) ;
#8186 = VERTEX_POINT ( 'NONE', #6833 ) ;
#8187 = ORIENTED_EDGE ( 'NONE', *, *, #1494, .T. ) ;
#8188 = DIRECTION ( 'NONE',  ( -0.000000000000000000, -0.000000000000000000, 1.000000000000000000 ) ) ;
#8189 = ORIENTED_EDGE ( 'NONE', *, *, #1556, .T. ) ;
#8190 = VECTOR ( 'NONE', #4514, 1000.000000000000000 ) ;
#8191 = VECTOR ( 'NONE', #1966, 1000.000000000000227 ) ;
#8192 = EDGE_CURVE ( 'NONE', #3972, #3566, #647, .T. ) ;
#8193 = CARTESIAN_POINT ( 'NONE',  ( 30.40280365961172038, 31.99023488137319760, 10.00000000000000000 ) ) ;
#8194 = DIRECTION ( 'NONE',  ( -0.8660254037844374864, -0.5000000000000021094, 0.000000000000000000 ) ) ;
#8195 = CARTESIAN_POINT ( 'NONE',  ( 0.000000000000000000, 0.000000000000000000, 6.000000000000000000 ) ) ;
#8196 = AXIS2_PLACEMENT_3D ( 'NONE', #8079, #526, #5850 ) ;
#8197 = AXIS2_PLACEMENT_3D ( 'NONE', #5387, #4623, #7712 ) ;
#8198 = CARTESIAN_POINT ( 'NONE',  ( 77.98218423212628636, 59.97470916941927044, 0.000000000000000000 ) ) ;
#8199 = ORIENTED_EDGE ( 'NONE', *, *, #5069, .T. ) ;
#8200 = ORIENTED_EDGE ( 'NONE', *, *, #9461, .T. ) ;
#8201 = LINE ( 'NONE', #5881, #8623 ) ;
#8202 = EDGE_LOOP ( 'NONE', ( #9731, #7926, #2943, #1134 ) ) ;
#8203 = EDGE_CURVE ( 'NONE', #2822, #8525, #5160, .T. ) ;
#8204 = VECTOR ( 'NONE', #5400, 1000.000000000000000 ) ;
#8205 = AXIS2_PLACEMENT_3D ( 'NONE', #8938, #3420, #1286 ) ;
#8206 = LINE ( 'NONE', #7597, #9354 ) ;
#8207 = CARTESIAN_POINT ( 'NONE',  ( 10.59504080363480760, 46.18247202539613028, 7.400000000000000355 ) ) ;
#8208 = DIRECTION ( 'NONE',  ( -0.8660254037844379305, 0.5000000000000011102, 0.000000000000000000 ) ) ;
#8209 = FACE_OUTER_BOUND ( 'NONE', #4131, .T. ) ;
#8210 = FACE_OUTER_BOUND ( 'NONE', #4787, .T. ) ;
#8211 = CARTESIAN_POINT ( 'NONE',  ( 0.000000000000000000, 0.000000000000000000, 1.109997883926998163 ) ) ;
#8212 = CARTESIAN_POINT ( 'NONE',  ( 60.78727794765715231, 52.37470916941909138, 7.400000000000000355 ) ) ;
#8213 = VECTOR ( 'NONE', #9523, 1000.000000000000000 ) ;
#8214 = ORIENTED_EDGE ( 'NONE', *, *, #6242, .F. ) ;
#8215 = DIRECTION ( 'NONE',  ( -0.000000000000000000, -0.000000000000000000, -1.000000000000000000 ) ) ;
#8216 = ORIENTED_EDGE ( 'NONE', *, *, #7894, .T. ) ;
#8217 = EDGE_CURVE ( 'NONE', #1613, #2156, #591, .T. ) ;
#8218 = EDGE_CURVE ( 'NONE', #4915, #3593, #1396, .T. ) ;
#8219 = ORIENTED_EDGE ( 'NONE', *, *, #1424, .F. ) ;
#8220 = CARTESIAN_POINT ( 'NONE',  ( 17.13093918849695996, 40.18247202539614449, 10.00000000000000000 ) ) ;
#8221 = VECTOR ( 'NONE', #3620, 1000.000000000000227 ) ;
#8222 = CARTESIAN_POINT ( 'NONE',  ( 56.42884860408192083, 23.35317541498460514, 10.00099999999999945 ) ) ;
#8223 = CARTESIAN_POINT ( 'NONE',  ( 53.47460042933590074, 31.99023488137320470, 7.400000000000000355 ) ) ;
#8224 = FACE_OUTER_BOUND ( 'NONE', #1888, .T. ) ;
#8225 = ORIENTED_EDGE ( 'NONE', *, *, #4967, .T. ) ;
#8226 = VERTEX_POINT ( 'NONE', #3573 ) ;
#8227 = VECTOR ( 'NONE', #1533, 1000.000000000000000 ) ;
#8228 = CARTESIAN_POINT ( 'NONE',  ( 6.554227756428439911, 9.605760593327309138, 7.400000000000000355 ) ) ;
#8229 = ORIENTED_EDGE ( 'NONE', *, *, #3288, .T. ) ;
#8230 = EDGE_CURVE ( 'NONE', #2522, #3005, #8245, .T. ) ;
#8231 = CARTESIAN_POINT ( 'NONE',  ( 43.85907471738176611, 56.37470916941907007, 7.400000000000000355 ) ) ;
#8232 = ORIENTED_EDGE ( 'NONE', *, *, #23, .T. ) ;
#8233 = FACE_OUTER_BOUND ( 'NONE', #3698, .T. ) ;
#8234 = DIRECTION ( 'NONE',  ( 0.000000000000000000, 0.000000000000000000, 1.000000000000000000 ) ) ;
#8235 = CARTESIAN_POINT ( 'NONE',  ( 70.21056651558843953, 22.97418548026170626, 10.00099999999999945 ) ) ;
#8236 = VECTOR ( 'NONE', #4651, 1000.000000000000000 ) ;
#8237 = EDGE_LOOP ( 'NONE', ( #6226, #5241, #1241, #3487, #2737, #2628 ) ) ;
#8238 = EDGE_LOOP ( 'NONE', ( #6402, #4387, #8040, #1843 ) ) ;
#8239 = DIRECTION ( 'NONE',  ( 0.000000000000000000, 0.000000000000000000, 1.000000000000000000 ) ) ;
#8240 = ORIENTED_EDGE ( 'NONE', *, *, #5553, .T. ) ;
#8241 = VECTOR ( 'NONE', #107, 1000.000000000000000 ) ;
#8242 = EDGE_CURVE ( 'NONE', #7742, #2121, #4598, .T. ) ;
#8243 = EDGE_CURVE ( 'NONE', #2642, #8596, #6684, .T. ) ;
#8244 = PLANE ( 'NONE',  #7383 ) ;
#8245 = LINE ( 'NONE', #1506, #2720 ) ;
#8246 = LINE ( 'NONE', #5921, #5784 ) ;
#8247 = VECTOR ( 'NONE', #1221, 1000.000000000000227 ) ;
#8248 = LINE ( 'NONE', #5207, #1438 ) ;
#8249 = EDGE_CURVE ( 'NONE', #8641, #288, #893, .T. ) ;
#8250 = EDGE_LOOP ( 'NONE', ( #1098, #7500, #6203, #603, #641, #2044, #5131 ) ) ;
#8251 = VERTEX_POINT ( 'NONE', #6376 ) ;
#8252 = ORIENTED_EDGE ( 'NONE', *, *, #1247, .F. ) ;
#8253 = DIRECTION ( 'NONE',  ( -1.000000000000000000, 0.000000000000000000, -0.000000000000000000 ) ) ;
#8254 = EDGE_LOOP ( 'NONE', ( #3064, #6936, #1408, #6240 ) ) ;
#8255 = AXIS2_PLACEMENT_3D ( 'NONE', #618, #3703, #6806 ) ;
#8256 = CARTESIAN_POINT ( 'NONE',  ( 13.47460042933632707, 31.99023488137320470, 7.400000000000000355 ) ) ;
#8257 = CARTESIAN_POINT ( 'NONE',  ( 66.93870204447355832, 37.99023488137319049, 10.00000000000000000 ) ) ;
#8258 = FACE_BOUND ( 'NONE', #2493, .T. ) ;
#8259 = CARTESIAN_POINT ( 'NONE',  ( 55.42884860408193504, 24.35317541498459448, -10.67514906227531313 ) ) ;
#8260 = PLANE ( 'NONE',  #3171 ) ;
#8261 = CARTESIAN_POINT ( 'NONE',  ( 43.47460042933601443, 31.99023488137320470, 7.400000000000000355 ) ) ;
#8262 = ORIENTED_EDGE ( 'NONE', *, *, #8401, .F. ) ;
#8263 = ADVANCED_FACE ( 'NONE', ( #7736 ), #1699, .F. ) ;
#8264 = ORIENTED_EDGE ( 'NONE', *, *, #3312, .T. ) ;
#8265 = DIRECTION ( 'NONE',  ( -1.000000000000000000, 0.000000000000000000, -0.000000000000000000 ) ) ;
#8266 = EDGE_LOOP ( 'NONE', ( #7357, #5413, #3714, #1128 ) ) ;
#8267 = ORIENTED_EDGE ( 'NONE', *, *, #78, .T. ) ;
#8268 = PLANE ( 'NONE',  #165 ) ;
#8269 = LINE ( 'NONE', #671, #5464 ) ;
#8270 = LINE ( 'NONE', #7611, #3149 ) ;
#8271 = DIRECTION ( 'NONE',  ( -0.000000000000000000, -0.000000000000000000, 1.000000000000000000 ) ) ;
#8272 = DIRECTION ( 'NONE',  ( 0.000000000000000000, -1.000000000000000000, 0.000000000000000000 ) ) ;
#8273 = VECTOR ( 'NONE', #3200, 1000.000000000000000 ) ;
#8274 = EDGE_CURVE ( 'NONE', #3926, #9646, #1554, .T. ) ;
#8275 = EDGE_CURVE ( 'NONE', #2084, #5240, #7126, .T. ) ;
#8276 = EDGE_LOOP ( 'NONE', ( #6041, #3501, #9541, #849, #4091, #8084 ) ) ;
#8277 = ORIENTED_EDGE ( 'NONE', *, *, #4108, .T. ) ;
#8278 = DIRECTION ( 'NONE',  ( -1.000000000000000000, 3.011203194556595896E-16, 0.000000000000000000 ) ) ;
#8279 = ORIENTED_EDGE ( 'NONE', *, *, #975, .F. ) ;
#8280 = VERTEX_POINT ( 'NONE', #3830 ) ;
#8281 = DIRECTION ( 'NONE',  ( 0.8660254037844384856, 0.5000000000000002220, 0.000000000000000000 ) ) ;
#8282 = LINE ( 'NONE', #4244, #8642 ) ;
#8283 = DIRECTION ( 'NONE',  ( -9.324293839476711010E-05, -0.9999999956528771161, 0.000000000000000000 ) ) ;
#8284 = ADVANCED_FACE ( 'NONE', ( #4748, #9251, #3982, #2320, #7780, #2419, #133 ), #9298, .T. ) ;
#8285 = EDGE_CURVE ( 'NONE', #6611, #3958, #7826, .T. ) ;
#8286 = EDGE_CURVE ( 'NONE', #4702, #4128, #776, .T. ) ;
#8287 = AXIS2_PLACEMENT_3D ( 'NONE', #1645, #2457, #5550 ) ;
#8288 = ORIENTED_EDGE ( 'NONE', *, *, #8581, .F. ) ;
#8289 = ORIENTED_EDGE ( 'NONE', *, *, #6592, .F. ) ;
#8290 = DIRECTION ( 'NONE',  ( -0.8660254037844378194, -0.5000000000000013323, 0.000000000000000000 ) ) ;
#8291 = VERTEX_POINT ( 'NONE', #3118 ) ;
#8292 = VECTOR ( 'NONE', #4118, 1000.000000000000114 ) ;
#8293 = LINE ( 'NONE', #3725, #5932 ) ;
#8294 = CARTESIAN_POINT ( 'NONE',  ( 73.66683757335856342, 42.18247202539615159, 7.400000000000000355 ) ) ;
#8295 = EDGE_CURVE ( 'NONE', #7166, #2414, #3882, .T. ) ;
#8296 = LINE ( 'NONE', #4503, #8365 ) ;
#8297 = DIRECTION ( 'NONE',  ( 0.000000000000000000, -1.000000000000000000, 0.000000000000000000 ) ) ;
#8298 = VERTEX_POINT ( 'NONE', #1652 ) ;
#8299 = ORIENTED_EDGE ( 'NONE', *, *, #369, .F. ) ;
#8300 = DIRECTION ( 'NONE',  ( -0.8660254037844379305, 0.5000000000000011102, 0.000000000000000000 ) ) ;
#8301 = VECTOR ( 'NONE', #6093, 1000.000000000000227 ) ;
#8302 = ORIENTED_EDGE ( 'NONE', *, *, #3119, .F. ) ;
#8303 = DIRECTION ( 'NONE',  ( -0.5000000000000001110, -0.8660254037844387076, 0.000000000000000000 ) ) ;
#8304 = ORIENTED_EDGE ( 'NONE', *, *, #6089, .T. ) ;
#8305 = FACE_OUTER_BOUND ( 'NONE', #7156, .T. ) ;
#8306 = DIRECTION ( 'NONE',  ( 0.8660254037844385966, -0.5000000000000000000, 0.000000000000000000 ) ) ;
#8307 = FACE_BOUND ( 'NONE', #1509, .T. ) ;
#8308 = VECTOR ( 'NONE', #8758, 1000.000000000000000 ) ;
#8309 = DIRECTION ( 'NONE',  ( -0.000000000000000000, -0.000000000000000000, 1.000000000000000000 ) ) ;
#8310 = CARTESIAN_POINT ( 'NONE',  ( 27.32317633251972921, 50.37470916941909138, 7.400000000000000355 ) ) ;
#8311 = CARTESIAN_POINT ( 'NONE',  ( 33.47460042933611390, 35.99023488137317628, 10.00000000000000000 ) ) ;
#8312 = VERTEX_POINT ( 'NONE', #9355 ) ;
#8313 = VERTEX_POINT ( 'NONE', #8592 ) ;
#8314 = LINE ( 'NONE', #3699, #6850 ) ;
#8315 = ORIENTED_EDGE ( 'NONE', *, *, #9464, .F. ) ;
#8316 = VERTEX_POINT ( 'NONE', #6329 ) ;
#8317 = EDGE_CURVE ( 'NONE', #5262, #6221, #5462, .T. ) ;
#8318 = DIRECTION ( 'NONE',  ( -0.5000000000000014433, 0.8660254037844379305, 0.000000000000000000 ) ) ;
#8319 = CARTESIAN_POINT ( 'NONE',  ( 67.13093918849642705, 48.18247202539613028, 10.00000000000000000 ) ) ;
#8320 = CARTESIAN_POINT ( 'NONE',  ( 13.28236328531345123, 25.79799773735023294, 10.00000000000000000 ) ) ;
#8321 = CARTESIAN_POINT ( 'NONE',  ( 5.000000000000903277, 54.01736618697488979, 0.000000000000000000 ) ) ;
#8322 = CARTESIAN_POINT ( 'NONE',  ( 10.21056651558905770, 25.79799773735024004, 7.400000000000000355 ) ) ;
#8323 = CARTESIAN_POINT ( 'NONE',  ( 60.21056651558853190, 25.79799773735024004, 10.00000000000000000 ) ) ;
#8324 = ORIENTED_EDGE ( 'NONE', *, *, #300, .T. ) ;
#8325 = ORIENTED_EDGE ( 'NONE', *, *, #3782, .F. ) ;
#8326 = CARTESIAN_POINT ( 'NONE',  ( 17.46155956311902457, 17.08191233049011259, 10.00099999999999945 ) ) ;
#8327 = ORIENTED_EDGE ( 'NONE', *, *, #9394, .T. ) ;
#8328 = VERTEX_POINT ( 'NONE', #6223 ) ;
#8329 = CARTESIAN_POINT ( 'NONE',  ( 16.93870204447408057, 37.99023488137319049, 10.00000000000000000 ) ) ;
#8330 = EDGE_CURVE ( 'NONE', #5445, #4765, #1752, .T. ) ;
#8331 = CARTESIAN_POINT ( 'NONE',  ( 11.68769779765030847, 43.83617119703320952, 6.000000000000000000 ) ) ;
#8332 = DIRECTION ( 'NONE',  ( 0.000000000000000000, 0.000000000000000000, -1.000000000000000000 ) ) ;
#8333 = AXIS2_PLACEMENT_3D ( 'NONE', #267, #1689, #8021 ) ;
#8334 = VERTEX_POINT ( 'NONE', #1607 ) ;
#8335 = EDGE_LOOP ( 'NONE', ( #6885, #7621, #4544, #8820 ) ) ;
#8336 = LINE ( 'NONE', #9752, #4733 ) ;
#8337 = ORIENTED_EDGE ( 'NONE', *, *, #7700, .T. ) ;
#8338 = EDGE_CURVE ( 'NONE', #3217, #241, #745, .T. ) ;
#8339 = ADVANCED_FACE ( 'NONE', ( #4696 ), #2464, .F. ) ;
#8340 = VECTOR ( 'NONE', #4266, 1000.000000000000227 ) ;
#8341 = CARTESIAN_POINT ( 'NONE',  ( 13.47460042933632707, 35.99023488137317628, 7.400000000000000355 ) ) ;
#8342 = LINE ( 'NONE', #9861, #5472 ) ;
#8343 = LINE ( 'NONE', #1298, #2868 ) ;
#8344 = CARTESIAN_POINT ( 'NONE',  ( 67.13093918849644126, 40.18247202539614449, 7.400000000000000355 ) ) ;
#8345 = ORIENTED_EDGE ( 'NONE', *, *, #7645, .T. ) ;
#8346 = ORIENTED_EDGE ( 'NONE', *, *, #643, .T. ) ;
#8347 = VECTOR ( 'NONE', #6756, 1000.000000000000000 ) ;
#8348 = VECTOR ( 'NONE', #9149, 1000.000000000000227 ) ;
#8349 = LINE ( 'NONE', #2879, #7629 ) ;
#8350 = ORIENTED_EDGE ( 'NONE', *, *, #6517, .F. ) ;
#8351 = PLANE ( 'NONE',  #6696 ) ;
#8352 = EDGE_LOOP ( 'NONE', ( #2853, #617, #6508, #1195 ) ) ;
#8353 = EDGE_CURVE ( 'NONE', #221, #8441, #7885, .T. ) ;
#8354 = DIRECTION ( 'NONE',  ( -0.000000000000000000, -0.000000000000000000, 1.000000000000000000 ) ) ;
#8355 = VECTOR ( 'NONE', #9398, 1000.000000000000000 ) ;
#8356 = CARTESIAN_POINT ( 'NONE',  ( 20.59504080363470280, 42.18247202539614449, 7.400000000000000355 ) ) ;
#8357 = AXIS2_PLACEMENT_3D ( 'NONE', #5422, #712, #663 ) ;
#8358 = PLANE ( 'NONE',  #8499 ) ;
#8359 = LINE ( 'NONE', #1415, #3999 ) ;
#8360 = PLANE ( 'NONE',  #1719 ) ;
#8361 = LINE ( 'NONE', #8311, #9351 ) ;
#8362 = ORIENTED_EDGE ( 'NONE', *, *, #7881, .F. ) ;
#8363 = EDGE_CURVE ( 'NONE', #4065, #6297, #3268, .T. ) ;
#8364 = VECTOR ( 'NONE', #2188, 1000.000000000000114 ) ;
#8365 = VECTOR ( 'NONE', #2925, 1000.000000000000000 ) ;
#8366 = CARTESIAN_POINT ( 'NONE',  ( 70.21056651558843953, 25.79799773735024004, 10.00000000000000000 ) ) ;
#8367 = VERTEX_POINT ( 'NONE', #2508 ) ;
#8368 = ORIENTED_EDGE ( 'NONE', *, *, #9560, .F. ) ;
#8369 = FACE_OUTER_BOUND ( 'NONE', #325, .T. ) ;
#8370 = DIRECTION ( 'NONE',  ( -0.8660254037844378194, 0.5000000000000015543, 0.000000000000000000 ) ) ;
#8371 = CARTESIAN_POINT ( 'NONE',  ( 73.47460042933569468, 31.99023488137320470, 7.400000000000000355 ) ) ;
#8372 = LINE ( 'NONE', #6052, #5940 ) ;
#8373 = VECTOR ( 'NONE', #7758, 1000.000000000000114 ) ;
#8374 = LINE ( 'NONE', #5284, #4964 ) ;
#8375 = VECTOR ( 'NONE', #9388, 1000.000000000000000 ) ;
#8376 = LINE ( 'NONE', #1587, #3364 ) ;
#8377 = EDGE_LOOP ( 'NONE', ( #4601, #2398, #9257, #5966, #9904, #1644 ) ) ;
#8378 = EDGE_LOOP ( 'NONE', ( #1361, #2654, #4419, #3616 ) ) ;
#8379 = CARTESIAN_POINT ( 'NONE',  ( 30.59504080363459622, 42.18247202539614449, 10.00000000000000000 ) ) ;
#8380 = EDGE_LOOP ( 'NONE', ( #7775, #9761, #8539, #9639, #6888, #8362 ) ) ;
#8381 = VECTOR ( 'NONE', #7240, 1000.000000000000000 ) ;
#8382 = VERTEX_POINT ( 'NONE', #1093 ) ;
#8383 = LINE ( 'NONE', #9089, #7605 ) ;
#8384 = DIRECTION ( 'NONE',  ( 0.000000000000000000, 0.000000000000000000, -1.000000000000000000 ) ) ;
#8385 = FACE_OUTER_BOUND ( 'NONE', #8558, .T. ) ;
#8386 = ORIENTED_EDGE ( 'NONE', *, *, #7094, .T. ) ;
#8387 = VECTOR ( 'NONE', #9326, 1000.000000000000227 ) ;
#8388 = EDGE_CURVE ( 'NONE', #6611, #7670, #8745, .T. ) ;
#8389 = VERTEX_POINT ( 'NONE', #3472 ) ;
#8390 = ORIENTED_EDGE ( 'NONE', *, *, #10002, .F. ) ;
#8391 = AXIS2_PLACEMENT_3D ( 'NONE', #580, #535, #2661 ) ;
#8392 = LINE ( 'NONE', #5103, #7643 ) ;
#8393 = ORIENTED_EDGE ( 'NONE', *, *, #9264, .T. ) ;
#8394 = VECTOR ( 'NONE', #3728, 1000.000000000000000 ) ;
#8395 = CARTESIAN_POINT ( 'NONE',  ( 77.86692151384301042, 56.44252476504900073, 0.000000000000000000 ) ) ;
#8396 = LINE ( 'NONE', #2266, #1743 ) ;
#8397 = CARTESIAN_POINT ( 'NONE',  ( 36.93870204447387096, 37.99023488137319049, 7.400000000000000355 ) ) ;
#8398 = CARTESIAN_POINT ( 'NONE',  ( 80.21056651558834005, 25.79799773735024004, 7.400000000000000355 ) ) ;
#8399 = ORIENTED_EDGE ( 'NONE', *, *, #4066, .T. ) ;
#8400 = ORIENTED_EDGE ( 'NONE', *, *, #5741, .T. ) ;
#8401 = EDGE_CURVE ( 'NONE', #3352, #4044, #4248, .T. ) ;
#8402 = DIRECTION ( 'NONE',  ( 0.000000000000000000, -1.000000000000000000, 0.000000000000000000 ) ) ;
#8403 = ORIENTED_EDGE ( 'NONE', *, *, #6662, .F. ) ;
#8404 = CARTESIAN_POINT ( 'NONE',  ( 9.714451465470119729E-14, 28.93771831048124454, 4.000000000000000000 ) ) ;
#8405 = EDGE_LOOP ( 'NONE', ( #9742, #3765, #1042, #4437 ) ) ;
#8406 = DIRECTION ( 'NONE',  ( -0.000000000000000000, -0.000000000000000000, 1.000000000000000000 ) ) ;
#8407 = LINE ( 'NONE', #9824, #5776 ) ;
#8408 = FACE_BOUND ( 'NONE', #8123, .T. ) ;
#8409 = FACE_OUTER_BOUND ( 'NONE', #5049, .T. ) ;
#8410 = DIRECTION ( 'NONE',  ( 0.8660254037844384856, 0.5000000000000002220, 0.000000000000000000 ) ) ;
#8411 = LINE ( 'NONE', #2940, #4018 ) ;
#8412 = VERTEX_POINT ( 'NONE', #6479 ) ;
#8413 = EDGE_CURVE ( 'NONE', #5551, #3925, #8793, .T. ) ;
#8414 = EDGE_CURVE ( 'NONE', #1692, #8389, #7332, .T. ) ;
#8415 = VECTOR ( 'NONE', #8118, 1000.000000000000000 ) ;
#8416 = CARTESIAN_POINT ( 'NONE',  ( 6.992565577373027530, 59.97470916941908570, 10.00000000000000000 ) ) ;
#8417 = ORIENTED_EDGE ( 'NONE', *, *, #3188, .F. ) ;
#8418 = ORIENTED_EDGE ( 'NONE', *, *, #61, .F. ) ;
#8419 = LINE ( 'NONE', #2085, #6972 ) ;
#8420 = PLANE ( 'NONE',  #3162 ) ;
#8421 = DIRECTION ( 'NONE',  ( 0.000000000000000000, 0.000000000000000000, -1.000000000000000000 ) ) ;
#8422 = EDGE_CURVE ( 'NONE', #9684, #2338, #9498, .T. ) ;
#8423 = DIRECTION ( 'NONE',  ( -1.000000000000000000, 0.000000000000000000, -0.000000000000000000 ) ) ;
#8424 = DIRECTION ( 'NONE',  ( -0.000000000000000000, -0.000000000000000000, 1.000000000000000000 ) ) ;
#8425 = DIRECTION ( 'NONE',  ( 0.000000000000000000, 0.000000000000000000, 1.000000000000000000 ) ) ;
#8426 = CARTESIAN_POINT ( 'NONE',  ( 30.78727794765747205, 52.37470916941909138, 7.400000000000000355 ) ) ;
#8427 = ORIENTED_EDGE ( 'NONE', *, *, #1600, .F. ) ;
#8428 = VERTEX_POINT ( 'NONE', #4088 ) ;
#8429 = LINE ( 'NONE', #6868, #1012 ) ;
#8430 = VERTEX_POINT ( 'NONE', #1801 ) ;
#8431 = EDGE_CURVE ( 'NONE', #5224, #4385, #8845, .T. ) ;
#8432 = ORIENTED_EDGE ( 'NONE', *, *, #1776, .F. ) ;
#8433 = DIRECTION ( 'NONE',  ( -1.000000000000000000, 0.000000000000000000, 0.000000000000000000 ) ) ;
#8434 = DIRECTION ( 'NONE',  ( -0.8660254037844375974, -0.5000000000000016653, 0.000000000000000000 ) ) ;
#8435 = PLANE ( 'NONE',  #2048 ) ;
#8436 = ORIENTED_EDGE ( 'NONE', *, *, #4451, .F. ) ;
#8437 = EDGE_CURVE ( 'NONE', #2510, #3840, #6578, .T. ) ;
#8438 = ORIENTED_EDGE ( 'NONE', *, *, #7601, .F. ) ;
#8439 = ORIENTED_EDGE ( 'NONE', *, *, #7272, .F. ) ;
#8440 = CARTESIAN_POINT ( 'NONE',  ( 36.93870204447387096, 37.99023488137319049, 7.400000000000000355 ) ) ;
#8441 = VERTEX_POINT ( 'NONE', #1851 ) ;
#8442 = VECTOR ( 'NONE', #1333, 1000.000000000000000 ) ;
#8443 = CARTESIAN_POINT ( 'NONE',  ( 60.23651146176602111, 37.66998494740910530, 1.233337884160998987 ) ) ;
#8444 = PLANE ( 'NONE',  #1421 ) ;
#8445 = LINE ( 'NONE', #6075, #7096 ) ;
#8446 = ORIENTED_EDGE ( 'NONE', *, *, #4455, .F. ) ;
#8447 = VERTEX_POINT ( 'NONE', #4897 ) ;
#8448 = DIRECTION ( 'NONE',  ( 0.000000000000000000, 1.000000000000000000, 0.000000000000000000 ) ) ;
#8449 = VERTEX_POINT ( 'NONE', #5713 ) ;
#8450 = DIRECTION ( 'NONE',  ( 0.000000000000000000, 0.000000000000000000, 1.000000000000000000 ) ) ;
#8451 = ORIENTED_EDGE ( 'NONE', *, *, #4538, .T. ) ;
#8452 = VECTOR ( 'NONE', #9199, 1000.000000000000114 ) ;
#8453 = EDGE_CURVE ( 'NONE', #2220, #3914, #7935, .T. ) ;
#8454 = CARTESIAN_POINT ( 'NONE',  ( 74.46692151384306158, 56.44252476504900073, 10.00000000000000000 ) ) ;
#8455 = DIRECTION ( 'NONE',  ( 0.000000000000000000, 1.000000000000000000, 0.000000000000000000 ) ) ;
#8456 = DIRECTION ( 'NONE',  ( -0.5000000000000001110, -0.8660254037844387076, 0.000000000000000000 ) ) ;
#8457 = PLANE ( 'NONE',  #5451 ) ;
#8458 = AXIS2_PLACEMENT_3D ( 'NONE', #7751, #6952, #7606 ) ;
#8459 = LINE ( 'NONE', #2128, #4510 ) ;
#8460 = EDGE_LOOP ( 'NONE', ( #9894, #7279, #9513, #7842, #2167, #6082, #8633, #4093 ) ) ;
#8461 = ORIENTED_EDGE ( 'NONE', *, *, #8422, .F. ) ;
#8462 = DIRECTION ( 'NONE',  ( 0.000000000000000000, -1.000000000000000000, 0.000000000000000000 ) ) ;
#8463 = ORIENTED_EDGE ( 'NONE', *, *, #5047, .F. ) ;
#8464 = ORIENTED_EDGE ( 'NONE', *, *, #4849, .T. ) ;
#8465 = VECTOR ( 'NONE', #3388, 1000.000000000000227 ) ;
#8466 = LINE ( 'NONE', #1320, #6331 ) ;
#8467 = ADVANCED_FACE ( 'NONE', ( #2718 ), #5818, .F. ) ;
#8468 = VECTOR ( 'NONE', #9495, 1000.000000000000000 ) ;
#8469 = FACE_OUTER_BOUND ( 'NONE', #5347, .T. ) ;
#8470 = CARTESIAN_POINT ( 'NONE',  ( 23.66683757335909633, 46.18247202539612317, 7.400000000000000355 ) ) ;
#8471 = PLANE ( 'NONE',  #1728 ) ;
#8472 = DIRECTION ( 'NONE',  ( -0.5000000000000015543, -0.8660254037844378194, 0.000000000000000000 ) ) ;
#8473 = LINE ( 'NONE', #3056, #1116 ) ;
#8474 = CARTESIAN_POINT ( 'NONE',  ( 70.21056651558843953, 0.000000000000000000, 10.00000000000000000 ) ) ;
#8475 = ORIENTED_EDGE ( 'NONE', *, *, #7715, .T. ) ;
#8476 = ORIENTED_EDGE ( 'NONE', *, *, #9515, .F. ) ;
#8477 = LINE ( 'NONE', #830, #1329 ) ;
#8478 = ORIENTED_EDGE ( 'NONE', *, *, #2272, .F. ) ;
#8479 = VERTEX_POINT ( 'NONE', #2615 ) ;
#8480 = CARTESIAN_POINT ( 'NONE',  ( 43.85907471738176611, 56.37470916941907007, 7.400000000000000355 ) ) ;
#8481 = EDGE_CURVE ( 'NONE', #8497, #5876, #440, .T. ) ;
#8482 = DIRECTION ( 'NONE',  ( 0.8660254037844385966, -0.5000000000000000000, 0.000000000000000000 ) ) ;
#8483 = LINE ( 'NONE', #10005, #8997 ) ;
#8484 = ORIENTED_EDGE ( 'NONE', *, *, #8286, .T. ) ;
#8485 = ORIENTED_EDGE ( 'NONE', *, *, #8138, .T. ) ;
#8486 = CARTESIAN_POINT ( 'NONE',  ( 6.938702044474186259, 37.99023488137319049, 7.400000000000000355 ) ) ;
#8487 = EDGE_LOOP ( 'NONE', ( #4677, #5272, #3102, #4263 ) ) ;
#8488 = EDGE_CURVE ( 'NONE', #67, #1146, #6424, .T. ) ;
#8489 = CARTESIAN_POINT ( 'NONE',  ( 25.52610449534172687, 52.77490806565516834, 6.000000000000000000 ) ) ;
#8490 = VECTOR ( 'NONE', #9947, 1000.000000000000000 ) ;
#8491 = ADVANCED_FACE ( 'NONE', ( #1144 ), #9703, .F. ) ;
#8492 = DIRECTION ( 'NONE',  ( 0.8660254037844384856, 0.5000000000000002220, 0.000000000000000000 ) ) ;
#8493 = LINE ( 'NONE', #7738, #304 ) ;
#8494 = VERTEX_POINT ( 'NONE', #1190 ) ;
#8495 = ORIENTED_EDGE ( 'NONE', *, *, #903, .T. ) ;
#8496 = CARTESIAN_POINT ( 'NONE',  ( 67.32317633251929578, 58.37470916941907717, 10.00000000000000000 ) ) ;
#8497 = VERTEX_POINT ( 'NONE', #7284 ) ;
#8498 = CARTESIAN_POINT ( 'NONE',  ( 30.61060500309818622, 24.68592075184099954, 1.109999999999998099 ) ) ;
#8499 = AXIS2_PLACEMENT_3D ( 'NONE', #2278, #5172, #759 ) ;
#8500 = EDGE_LOOP ( 'NONE', ( #566, #7298, #2362, #7302 ) ) ;
#8501 = DIRECTION ( 'NONE',  ( -0.7071067811865475727, -0.7071067811865475727, -0.000000000000000000 ) ) ;
#8502 = CARTESIAN_POINT ( 'NONE',  ( 16.93870204447408057, 37.99023488137319049, 7.400000000000000355 ) ) ;
#8503 = CARTESIAN_POINT ( 'NONE',  ( 20.21056651558895112, 25.79799773735024004, 7.400000000000000355 ) ) ;
#8504 = VECTOR ( 'NONE', #7384, 1000.000000000000227 ) ;
#8505 = FACE_OUTER_BOUND ( 'NONE', #6405, .T. ) ;
#8506 = ORIENTED_EDGE ( 'NONE', *, *, #8704, .F. ) ;
#8507 = CARTESIAN_POINT ( 'NONE',  ( 22.61060500309813293, 28.68592075184093559, -0.6000000000000458300 ) ) ;
#8508 = VERTEX_POINT ( 'NONE', #3424 ) ;
#8509 = VECTOR ( 'NONE', #4084, 1000.000000000000227 ) ;
#8510 = ORIENTED_EDGE ( 'NONE', *, *, #9454, .F. ) ;
#8511 = AXIS2_PLACEMENT_3D ( 'NONE', #3196, #7197, #8568 ) ;
#8512 = PLANE ( 'NONE',  #5036 ) ;
#8513 = CARTESIAN_POINT ( 'NONE',  ( 76.74646490045057590, 27.79799773735024004, 7.400000000000000355 ) ) ;
#8514 = LINE ( 'NONE', #6447, #5269 ) ;
#8515 = LINE ( 'NONE', #2949, #4486 ) ;
#8516 = DIRECTION ( 'NONE',  ( 0.000000000000000000, -0.7071067811865556774, 0.7071067811865393571 ) ) ;
#8517 = LINE ( 'NONE', #12, #6787 ) ;
#8518 = DIRECTION ( 'NONE',  ( 6.369488388617202940E-16, -1.000000000000000000, 0.000000000000000000 ) ) ;
#8519 = COLOUR_RGB ( '',0.7921568627450980005, 0.8196078431372548767, 0.9333333333333333481 ) ;
#8520 = VECTOR ( 'NONE', #3996, 1000.000000000000114 ) ;
#8521 = ORIENTED_EDGE ( 'NONE', *, *, #4936, .F. ) ;
#8522 = ORIENTED_EDGE ( 'NONE', *, *, #1647, .F. ) ;
#8523 = EDGE_CURVE ( 'NONE', #9348, #9030, #2563, .T. ) ;
#8524 = CARTESIAN_POINT ( 'NONE',  ( 78.03063262841251913, 37.35980846479957762, 10.00000000000000000 ) ) ;
#8525 = VERTEX_POINT ( 'NONE', #9604 ) ;
#8526 = ORIENTED_EDGE ( 'NONE', *, *, #3951, .T. ) ;
#8527 = CARTESIAN_POINT ( 'NONE',  ( 0.000000000000000000, 0.000000000000000000, 7.400000000000000355 ) ) ;
#8528 = VECTOR ( 'NONE', #5838, 1000.000000000000114 ) ;
#8529 = CARTESIAN_POINT ( 'NONE',  ( 7.188803657608023201, 8.415085090169998949, 10.00099999999999945 ) ) ;
#8530 = VECTOR ( 'NONE', #6489, 1000.000000000000000 ) ;
#8531 = FACE_OUTER_BOUND ( 'NONE', #1319, .T. ) ;
#8532 = LINE ( 'NONE', #3109, #6270 ) ;
#8533 = EDGE_LOOP ( 'NONE', ( #4534, #6879, #9158, #7798 ) ) ;
#8534 = EDGE_LOOP ( 'NONE', ( #5180, #1716, #8770, #5294 ) ) ;
#8535 = ORIENTED_EDGE ( 'NONE', *, *, #4823, .F. ) ;
#8536 = EDGE_CURVE ( 'NONE', #2104, #4727, #5763, .T. ) ;
#8537 = AXIS2_PLACEMENT_3D ( 'NONE', #5020, #4908, #8194 ) ;
#8538 = LINE ( 'NONE', #888, #2789 ) ;
#8539 = ORIENTED_EDGE ( 'NONE', *, *, #6136, .T. ) ;
#8540 = VECTOR ( 'NONE', #873, 1000.000000000000000 ) ;
#8541 = VECTOR ( 'NONE', #2682, 1000.000000000000227 ) ;
#8542 = LINE ( 'NONE', #844, #3977 ) ;
#8543 = DIRECTION ( 'NONE',  ( -0.8660254037844378194, -0.5000000000000013323, 0.000000000000000000 ) ) ;
#8544 = CARTESIAN_POINT ( 'NONE',  ( 53.66683757335877658, 42.18247202539615159, 10.00000000000000000 ) ) ;
#8545 = ORIENTED_EDGE ( 'NONE', *, *, #6877, .F. ) ;
#8546 = ORIENTED_EDGE ( 'NONE', *, *, #2996, .T. ) ;
#8547 = PLANE ( 'NONE',  #345 ) ;
#8548 = EDGE_LOOP ( 'NONE', ( #8179, #4064, #1051, #9059 ) ) ;
#8549 = VECTOR ( 'NONE', #9978, 1000.000000000000114 ) ;
#8550 = DIRECTION ( 'NONE',  ( -1.000000000000000000, 0.000000000000000000, 0.000000000000000000 ) ) ;
#8551 = EDGE_CURVE ( 'NONE', #1975, #9555, #3373, .T. ) ;
#8552 = CARTESIAN_POINT ( 'NONE',  ( 6.554227756428439911, 9.605760593327309138, 10.00000000000000000 ) ) ;
#8553 = CARTESIAN_POINT ( 'NONE',  ( 13.85907471738207697, 56.37470916941907007, 7.400000000000000355 ) ) ;
#8554 = VECTOR ( 'NONE', #1725, 1000.000000000000000 ) ;
#8555 = CARTESIAN_POINT ( 'NONE',  ( 37.13093918849674679, 40.18247202539614449, 7.400000000000000355 ) ) ;
#8556 = PLANE ( 'NONE',  #1271 ) ;
#8557 = EDGE_LOOP ( 'NONE', ( #4901, #8652, #8144, #3014 ) ) ;
#8558 = EDGE_LOOP ( 'NONE', ( #531, #9955, #8350, #10029 ) ) ;
#8559 = LINE ( 'NONE', #2386, #9915 ) ;
#8560 = ORIENTED_EDGE ( 'NONE', *, *, #7587, .T. ) ;
#8561 = VERTEX_POINT ( 'NONE', #992 ) ;
#8562 = DIRECTION ( 'NONE',  ( -1.982541115402065702E-15, -1.000000000000000000, 0.000000000000000000 ) ) ;
#8563 = CARTESIAN_POINT ( 'NONE',  ( 46.94653210253800779, 28.88980021391638431, 3.399999999999983036 ) ) ;
#8564 = FACE_OUTER_BOUND ( 'NONE', #1291, .T. ) ;
#8565 = ADVANCED_FACE ( 'NONE', ( #7175 ), #4580, .F. ) ;
#8566 = CARTESIAN_POINT ( 'NONE',  ( 50.59504080363439016, 42.18247202539614449, 7.400000000000000355 ) ) ;
#8567 = EDGE_CURVE ( 'NONE', #6354, #4465, #7616, .T. ) ;
#8568 = DIRECTION ( 'NONE',  ( 0.7071067811865492381, -0.7071067811865457964, 0.000000000000000000 ) ) ;
#8569 = DIRECTION ( 'NONE',  ( -0.5000000000000001110, -0.8660254037844387076, 0.000000000000000000 ) ) ;
#8570 = CARTESIAN_POINT ( 'NONE',  ( 53.85907471738165242, 52.37470916941909849, 10.00000000000000000 ) ) ;
#8571 = VECTOR ( 'NONE', #4634, 1000.000000000000114 ) ;
#8572 = VERTEX_POINT ( 'NONE', #5235 ) ;
#8573 = VERTEX_POINT ( 'NONE', #3758 ) ;
#8574 = CARTESIAN_POINT ( 'NONE',  ( 33.28236328531323807, 25.79799773735023294, 7.400000000000000355 ) ) ;
#8575 = ORIENTED_EDGE ( 'NONE', *, *, #4633, .F. ) ;
#8576 = VERTEX_POINT ( 'NONE', #8426 ) ;
#8577 = DIRECTION ( 'NONE',  ( 0.8660254037844384856, 0.5000000000000002220, 0.000000000000000000 ) ) ;
#8578 = AXIS2_PLACEMENT_3D ( 'NONE', #2992, #4527, #6098 ) ;
#8579 = DIRECTION ( 'NONE',  ( -9.324293839476711010E-05, -0.9999999956528771161, 0.000000000000000000 ) ) ;
#8580 = PLANE ( 'NONE',  #2994 ) ;
#8581 = EDGE_CURVE ( 'NONE', #6076, #8785, #2244, .T. ) ;
#8582 = ORIENTED_EDGE ( 'NONE', *, *, #3750, .T. ) ;
#8583 = VERTEX_POINT ( 'NONE', #9892 ) ;
#8584 = CARTESIAN_POINT ( 'NONE',  ( 20.78727794765757864, 56.37470916941907717, 10.00000000000000000 ) ) ;
#8585 = VERTEX_POINT ( 'NONE', #3143 ) ;
#8586 = ORIENTED_EDGE ( 'NONE', *, *, #7348, .T. ) ;
#8587 = LINE ( 'NONE', #989, #3776 ) ;
#8588 = EDGE_CURVE ( 'NONE', #6491, #5691, #5285, .T. ) ;
#8589 = EDGE_CURVE ( 'NONE', #1858, #8280, #3908, .T. ) ;
#8590 = ADVANCED_FACE ( 'NONE', ( #7006 ), #59, .F. ) ;
#8591 = DIRECTION ( 'NONE',  ( 0.000000000000000000, 0.000000000000000000, -1.000000000000000000 ) ) ;
#8592 = CARTESIAN_POINT ( 'NONE',  ( 16.74646490045120828, 19.79799773735025425, 7.400000000000000355 ) ) ;
#8593 = VECTOR ( 'NONE', #9360, 1000.000000000000000 ) ;
#8594 = DIRECTION ( 'NONE',  ( -0.000000000000000000, 0.000000000000000000, 1.000000000000000000 ) ) ;
#8595 = ORIENTED_EDGE ( 'NONE', *, *, #1359, .F. ) ;
#8596 = VERTEX_POINT ( 'NONE', #779 ) ;
#8597 = CARTESIAN_POINT ( 'NONE',  ( 53.47460042933590074, 31.99023488137320470, 7.400000000000000355 ) ) ;
#8598 = ORIENTED_EDGE ( 'NONE', *, *, #4451, .T. ) ;
#8599 = EDGE_CURVE ( 'NONE', #3405, #162, #7761, .T. ) ;
#8600 = LINE ( 'NONE', #4757, #9467 ) ;
#8601 = CARTESIAN_POINT ( 'NONE',  ( 54.61415088855444111, 53.90613964737286068, 6.000000000000000000 ) ) ;
#8602 = FACE_OUTER_BOUND ( 'NONE', #8250, .T. ) ;
#8603 = DIRECTION ( 'NONE',  ( 0.000000000000000000, 0.000000000000000000, -1.000000000000000000 ) ) ;
#8604 = EDGE_LOOP ( 'NONE', ( #113, #4239, #1827, #7978 ) ) ;
#8605 = VECTOR ( 'NONE', #7927, 999.9999999999998863 ) ;
#8606 = ORIENTED_EDGE ( 'NONE', *, *, #3749, .T. ) ;
#8607 = CARTESIAN_POINT ( 'NONE',  ( 47.54653210253800921, 28.28980021391638289, 4.000000000000000000 ) ) ;
#8608 = ORIENTED_EDGE ( 'NONE', *, *, #291, .F. ) ;
#8609 = VERTEX_POINT ( 'NONE', #8323 ) ;
#8610 = FACE_OUTER_BOUND ( 'NONE', #6870, .T. ) ;
#8611 = DIRECTION ( 'NONE',  ( -0.7071938130861842309, -0.7070197385735585982, 0.000000000000000000 ) ) ;
#8612 = DIRECTION ( 'NONE',  ( 1.000000000000000000, -0.000000000000000000, 0.000000000000000000 ) ) ;
#8613 = VECTOR ( 'NONE', #1170, 1000.000000000000114 ) ;
#8614 = FACE_OUTER_BOUND ( 'NONE', #271, .T. ) ;
#8615 = LINE ( 'NONE', #4060, #4802 ) ;
#8616 = FACE_OUTER_BOUND ( 'NONE', #8237, .T. ) ;
#8617 = ORIENTED_EDGE ( 'NONE', *, *, #7657, .T. ) ;
#8618 = CARTESIAN_POINT ( 'NONE',  ( 0.000000000000000000, 0.000000000000000000, 7.400000000000000355 ) ) ;
#8619 = EDGE_CURVE ( 'NONE', #1283, #2066, #1373, .T. ) ;
#8620 = VERTEX_POINT ( 'NONE', #5343 ) ;
#8621 = ORIENTED_EDGE ( 'NONE', *, *, #3156, .T. ) ;
#8622 = DIRECTION ( 'NONE',  ( -0.5000000000000014433, 0.8660254037844379305, 0.000000000000000000 ) ) ;
#8623 = VECTOR ( 'NONE', #1925, 1000.000000000000000 ) ;
#8624 = ORIENTED_EDGE ( 'NONE', *, *, #6634, .F. ) ;
#8625 = ORIENTED_EDGE ( 'NONE', *, *, #5332, .F. ) ;
#8626 = DIRECTION ( 'NONE',  ( 0.000000000000000000, 0.000000000000000000, 1.000000000000000000 ) ) ;
#8627 = CARTESIAN_POINT ( 'NONE',  ( 5.000000000000029310, 20.80631971775603972, 10.00000000000000000 ) ) ;
#8628 = PLANE ( 'NONE',  #5261 ) ;
#8629 =( NAMED_UNIT ( * ) PLANE_ANGLE_UNIT ( ) SI_UNIT ( $, .RADIAN. ) );
#8630 = ORIENTED_EDGE ( 'NONE', *, *, #5900, .T. ) ;
#8631 = ORIENTED_EDGE ( 'NONE', *, *, #8795, .T. ) ;
#8632 = DIRECTION ( 'NONE',  ( 0.8660254037844384856, 0.5000000000000002220, 0.000000000000000000 ) ) ;
#8633 = ORIENTED_EDGE ( 'NONE', *, *, #7975, .T. ) ;
#8634 = EDGE_CURVE ( 'NONE', #3601, #1624, #9130, .T. ) ;
#8635 = DIRECTION ( 'NONE',  ( -0.8660254037844387076, 0.5000000000000001110, 0.000000000000000000 ) ) ;
#8636 = DIRECTION ( 'NONE',  ( -6.369488388617203926E-16, 1.000000000000000000, -0.000000000000000000 ) ) ;
#8637 = DIRECTION ( 'NONE',  ( 0.8660254037844385966, -0.5000000000000000000, 0.000000000000000000 ) ) ;
#8638 = CARTESIAN_POINT ( 'NONE',  ( 10.27348423527721799, 45.25038475940630889, 6.000000000000000000 ) ) ;
#8639 = FACE_OUTER_BOUND ( 'NONE', #9061, .T. ) ;
#8640 = ORIENTED_EDGE ( 'NONE', *, *, #8203, .F. ) ;
#8641 = VERTEX_POINT ( 'NONE', #6103 ) ;
#8642 = VECTOR ( 'NONE', #5055, 1000.000000000000000 ) ;
#8643 = FACE_OUTER_BOUND ( 'NONE', #474, .T. ) ;
#8644 = ORIENTED_EDGE ( 'NONE', *, *, #2315, .F. ) ;
#8645 = EDGE_CURVE ( 'NONE', #5101, #2403, #8376, .T. ) ;
#8646 = ADVANCED_FACE ( 'NONE', ( #827 ), #1434, .F. ) ;
#8647 = EDGE_CURVE ( 'NONE', #419, #7723, #1488, .T. ) ;
#8648 = CARTESIAN_POINT ( 'NONE',  ( 58.06984934592702530, 40.61884720954800088, -8.271542309605473875 ) ) ;
#8649 = DIRECTION ( 'NONE',  ( -0.000000000000000000, -0.000000000000000000, 1.000000000000000000 ) ) ;
#8650 = DIRECTION ( 'NONE',  ( -0.0001978291858416224519, -0.9999999804318063790, 0.000000000000000000 ) ) ;
#8651 = CARTESIAN_POINT ( 'NONE',  ( 73.47460042933569468, 35.99023488137317628, 7.400000000000000355 ) ) ;
#8652 = ORIENTED_EDGE ( 'NONE', *, *, #2562, .F. ) ;
#8653 = VECTOR ( 'NONE', #7372, 1000.000000000000000 ) ;
#8654 = EDGE_CURVE ( 'NONE', #6228, #1573, #4676, .T. ) ;
#8655 = DIRECTION ( 'NONE',  ( 0.000000000000000000, 1.000000000000000000, 0.000000000000000000 ) ) ;
#8656 = ORIENTED_EDGE ( 'NONE', *, *, #2666, .F. ) ;
#8657 = DIRECTION ( 'NONE',  ( -0.000000000000000000, -0.000000000000000000, 1.000000000000000000 ) ) ;
#8658 = LINE ( 'NONE', #8513, #9155 ) ;
#8659 = AXIS2_PLACEMENT_3D ( 'NONE', #4808, #2378, #6232 ) ;
#8660 = DIRECTION ( 'NONE',  ( 0.000000000000000000, 0.000000000000000000, 1.000000000000000000 ) ) ;
#8661 = LINE ( 'NONE', #8566, #1900 ) ;
#8662 = DIRECTION ( 'NONE',  ( -1.000000000000000000, 0.000000000000000000, -0.000000000000000000 ) ) ;
#8663 = PLANE ( 'NONE',  #2740 ) ;
#8664 = CARTESIAN_POINT ( 'NONE',  ( 75.02984732797570189, 13.93771831048098697, 4.000000000000000000 ) ) ;
#8665 = EDGE_CURVE ( 'NONE', #7946, #6687, #9994, .T. ) ;
#8666 = LINE ( 'NONE', #2468, #4714 ) ;
#8667 = ORIENTED_EDGE ( 'NONE', *, *, #7856, .T. ) ;
#8668 = VECTOR ( 'NONE', #5044, 1000.000000000000000 ) ;
#8669 = VECTOR ( 'NONE', #4425, 1000.000000000000000 ) ;
#8670 = DIRECTION ( 'NONE',  ( -1.000000000000000000, 0.000000000000000000, -0.000000000000000000 ) ) ;
#8671 = ORIENTED_EDGE ( 'NONE', *, *, #6793, .T. ) ;
#8672 = ORIENTED_EDGE ( 'NONE', *, *, #8760, .F. ) ;
#8673 = EDGE_CURVE ( 'NONE', #700, #108, #9230, .T. ) ;
#8674 = DIRECTION ( 'NONE',  ( 1.000000000000000000, 0.000000000000000000, -0.000000000000000000 ) ) ;
#8675 = CARTESIAN_POINT ( 'NONE',  ( 60.40280365961140774, 35.99023488137318338, 7.400000000000000355 ) ) ;
#8676 = CARTESIAN_POINT ( 'NONE',  ( 24.39487291362403099, 59.35339717067414256, 0.000000000000000000 ) ) ;
#8677 = CARTESIAN_POINT ( 'NONE',  ( 73.34807733323548007, 45.95871309031685570, 4.000000000000000000 ) ) ;
#8678 = VECTOR ( 'NONE', #8306, 1000.000000000000227 ) ;
#8679 = AXIS2_PLACEMENT_3D ( 'NONE', #7004, #8472, #2950 ) ;
#8680 = EDGE_CURVE ( 'NONE', #5996, #8561, #5389, .T. ) ;
#8681 = ADVANCED_FACE ( 'NONE', ( #7714 ), #6202, .F. ) ;
#8682 = VERTEX_POINT ( 'NONE', #1778 ) ;
#8683 = ORIENTED_EDGE ( 'NONE', *, *, #8363, .F. ) ;
#8684 = DIRECTION ( 'NONE',  ( 0.000000000000000000, -1.000000000000000000, 0.000000000000000000 ) ) ;
#8685 = ORIENTED_EDGE ( 'NONE', *, *, #4694, .F. ) ;
#8686 = VECTOR ( 'NONE', #5384, 1000.000000000000000 ) ;
#8687 = ORIENTED_EDGE ( 'NONE', *, *, #7139, .T. ) ;
#8688 = VECTOR ( 'NONE', #1764, 1000.000000000000000 ) ;
#8689 = CARTESIAN_POINT ( 'NONE',  ( 76.93870204447344463, 37.99023488137319049, 10.00000000000000000 ) ) ;
#8690 = LINE ( 'NONE', #6422, #8355 ) ;
#8691 = EDGE_CURVE ( 'NONE', #3656, #5798, #4773, .T. ) ;
#8692 = LINE ( 'NONE', #9843, #8832 ) ;
#8693 = CARTESIAN_POINT ( 'NONE',  ( 80.40280365961119458, 35.99023488137318338, 7.400000000000000355 ) ) ;
#8694 = EDGE_CURVE ( 'NONE', #6816, #2510, #7855, .T. ) ;
#8695 = AXIS2_PLACEMENT_3D ( 'NONE', #1570, #7746, #1708 ) ;
#8696 = PLANE ( 'NONE',  #1929 ) ;
#8697 = ORIENTED_EDGE ( 'NONE', *, *, #357, .T. ) ;
#8698 = EDGE_LOOP ( 'NONE', ( #8988, #8723, #6281, #8167 ) ) ;
#8699 = LINE ( 'NONE', #8597, #4073 ) ;
#8700 = VERTEX_POINT ( 'NONE', #969 ) ;
#8701 = VECTOR ( 'NONE', #1038, 1000.000000000000000 ) ;
#8702 = DIRECTION ( 'NONE',  ( -0.5000000000000014433, 0.8660254037844379305, 0.000000000000000000 ) ) ;
#8703 = CYLINDRICAL_SURFACE ( 'NONE', #6449, 1.700000000000001066 ) ;
#8704 = EDGE_CURVE ( 'NONE', #5355, #8836, #7102, .T. ) ;
#8705 = EDGE_CURVE ( 'NONE', #3932, #1230, #4167, .T. ) ;
#8706 = LINE ( 'NONE', #5674, #9813 ) ;
#8707 = CARTESIAN_POINT ( 'NONE',  ( 46.94653210253800779, 0.000000000000000000, 3.399999999999983036 ) ) ;
#8708 = ORIENTED_EDGE ( 'NONE', *, *, #8634, .F. ) ;
#8709 = AXIS2_PLACEMENT_3D ( 'NONE', #5686, #9426, #310 ) ;
#8710 = VECTOR ( 'NONE', #1626, 1000.000000000000227 ) ;
#8711 = DIRECTION ( 'NONE',  ( -0.000000000000000000, -0.000000000000000000, -1.000000000000000000 ) ) ;
#8712 = ORIENTED_EDGE ( 'NONE', *, *, #1307, .F. ) ;
#8713 = LINE ( 'NONE', #5431, #2431 ) ;
#8714 = CIRCLE ( 'NONE', #7747, 1.699999999999993072 ) ;
#8715 = DIRECTION ( 'NONE',  ( -0.000000000000000000, -0.000000000000000000, 1.000000000000000000 ) ) ;
#8716 = CARTESIAN_POINT ( 'NONE',  ( 40.59504080363448963, 46.18247202539613028, 7.400000000000000355 ) ) ;
#8717 = DIRECTION ( 'NONE',  ( 0.000000000000000000, -0.000000000000000000, 1.000000000000000000 ) ) ;
#8718 = ADVANCED_FACE ( 'NONE', ( #3294 ), #7958, .T. ) ;
#8719 = FACE_OUTER_BOUND ( 'NONE', #7890, .T. ) ;
#8720 = FACE_OUTER_BOUND ( 'NONE', #7783, .T. ) ;
#8721 = EDGE_CURVE ( 'NONE', #6043, #1558, #3199, .T. ) ;
#8722 = CARTESIAN_POINT ( 'NONE',  ( 64.56983569344401985, 35.50332283157010949, 3.399999999999996803 ) ) ;
#8723 = ORIENTED_EDGE ( 'NONE', *, *, #102, .T. ) ;
#8724 = ORIENTED_EDGE ( 'NONE', *, *, #7430, .T. ) ;
#8725 = AXIS2_PLACEMENT_3D ( 'NONE', #7051, #8425, #6351 ) ;
#8726 = FACE_OUTER_BOUND ( 'NONE', #4521, .T. ) ;
#8727 = EDGE_LOOP ( 'NONE', ( #1747, #1079, #6886, #9655 ) ) ;
#8728 = ORIENTED_EDGE ( 'NONE', *, *, #6335, .F. ) ;
#8729 = CARTESIAN_POINT ( 'NONE',  ( 18.04695950082024680, 20.54883864495297630, 10.00000000000000000 ) ) ;
#8730 = DIRECTION ( 'NONE',  ( -0.000000000000000000, -0.000000000000000000, 1.000000000000000000 ) ) ;
#8731 = DIRECTION ( 'NONE',  ( -0.7071067811865350272, -0.7071067811865600072, 0.000000000000000000 ) ) ;
#8732 = CARTESIAN_POINT ( 'NONE',  ( 20.85129627085183301, 23.35317541498459804, 4.000000000000000000 ) ) ;
#8733 = EDGE_CURVE ( 'NONE', #8251, #4865, #4062, .T. ) ;
#8734 = VERTEX_POINT ( 'NONE', #2396 ) ;
#8735 = ADVANCED_FACE ( 'NONE', ( #4923 ), #6454, .T. ) ;
#8736 = ORIENTED_EDGE ( 'NONE', *, *, #685, .F. ) ;
#8737 = DIRECTION ( 'NONE',  ( -0.5000000000000001110, -0.8660254037844387076, 0.000000000000000000 ) ) ;
#8738 = VERTEX_POINT ( 'NONE', #2489 ) ;
#8739 = LINE ( 'NONE', #3464, #3936 ) ;
#8740 = ORIENTED_EDGE ( 'NONE', *, *, #6018, .T. ) ;
#8741 = VECTOR ( 'NONE', #2911, 1000.000000000000227 ) ;
#8742 = DIRECTION ( 'NONE',  ( -0.8660254037844377084, -0.5000000000000016653, 0.000000000000000000 ) ) ;
#8743 = PLANE ( 'NONE',  #5286 ) ;
#8744 = CARTESIAN_POINT ( 'NONE',  ( 33.85907471738186558, 56.37470916941907007, 10.00000000000000000 ) ) ;
#8745 = LINE ( 'NONE', #337, #4498 ) ;
#8746 = DIRECTION ( 'NONE',  ( 0.8660254037844385966, -0.5000000000000000000, 0.000000000000000000 ) ) ;
#8747 = ORIENTED_EDGE ( 'NONE', *, *, #5625, .F. ) ;
#8748 = EDGE_CURVE ( 'NONE', #4327, #8251, #254, .T. ) ;
#8749 = VERTEX_POINT ( 'NONE', #5638 ) ;
#8750 = LINE ( 'NONE', #1148, #7633 ) ;
#8751 = ORIENTED_EDGE ( 'NONE', *, *, #199, .T. ) ;
#8752 = DIRECTION ( 'NONE',  ( 0.5000000000000008882, 0.8660254037844381525, 0.000000000000000000 ) ) ;
#8753 = VECTOR ( 'NONE', #7959, 1000.000000000000000 ) ;
#8754 = LINE ( 'NONE', #9102, #2552 ) ;
#8755 = CARTESIAN_POINT ( 'NONE',  ( 5.873920715178180707, 47.45673207144913874, 10.00099999999999945 ) ) ;
#8756 = FACE_OUTER_BOUND ( 'NONE', #4800, .T. ) ;
#8757 = ORIENTED_EDGE ( 'NONE', *, *, #9732, .F. ) ;
#8758 = DIRECTION ( 'NONE',  ( -0.000000000000000000, -0.000000000000000000, 1.000000000000000000 ) ) ;
#8759 = ORIENTED_EDGE ( 'NONE', *, *, #9678, .F. ) ;
#8760 = EDGE_CURVE ( 'NONE', #2092, #5274, #3347, .T. ) ;
#8761 = DIRECTION ( 'NONE',  ( -0.0001978291858416224519, -0.9999999804318063790, 0.000000000000000000 ) ) ;
#8762 = CARTESIAN_POINT ( 'NONE',  ( 70.78727794765704573, 52.37470916941909138, 10.00000000000000000 ) ) ;
#8763 = CARTESIAN_POINT ( 'NONE',  ( 37.13093918849674679, 48.18247202539613028, 7.400000000000000355 ) ) ;
#8764 = CARTESIAN_POINT ( 'NONE',  ( 13.47460042933632707, 31.99023488137320470, 7.400000000000000355 ) ) ;
#8765 = DIRECTION ( 'NONE',  ( 0.000000000000000000, -1.000000000000000000, 0.000000000000000000 ) ) ;
#8766 = CARTESIAN_POINT ( 'NONE',  ( 16.26968486712803141, 5.000000000000023093, 10.00099999999999945 ) ) ;
#8767 = DIRECTION ( 'NONE',  ( 0.000000000000000000, 0.000000000000000000, 1.000000000000000000 ) ) ;
#8768 = CARTESIAN_POINT ( 'NONE',  ( 0.000000000000000000, 0.000000000000000000, 7.400000000000000355 ) ) ;
#8769 = EDGE_LOOP ( 'NONE', ( #9083, #9335, #2503, #1388, #8143, #7334, #218, #6461, #4799, #7655, #3895, #2236 ) ) ;
#8770 = ORIENTED_EDGE ( 'NONE', *, *, #8242, .F. ) ;
#8771 = DIRECTION ( 'NONE',  ( 0.8660254037844384856, 0.5000000000000002220, 0.000000000000000000 ) ) ;
#8772 = ORIENTED_EDGE ( 'NONE', *, *, #4283, .F. ) ;
#8773 = EDGE_CURVE ( 'NONE', #3319, #9344, #7149, .T. ) ;
#8774 = ORIENTED_EDGE ( 'NONE', *, *, #7552, .T. ) ;
#8775 = VECTOR ( 'NONE', #740, 1000.000000000000000 ) ;
#8776 = CARTESIAN_POINT ( 'NONE',  ( 13.85907471738207697, 56.37470916941907007, 7.400000000000000355 ) ) ;
#8777 = CARTESIAN_POINT ( 'NONE',  ( 56.74646490045078195, 27.79799773735024004, 7.400000000000000355 ) ) ;
#8778 = DIRECTION ( 'NONE',  ( 1.000000000000000000, -1.577021341797097018E-15, 0.000000000000000000 ) ) ;
#8779 = CARTESIAN_POINT ( 'NONE',  ( 10.01832937156618364, 11.60576059332730381, 10.00000000000000000 ) ) ;
#8780 = VECTOR ( 'NONE', #5539, 1000.000000000000000 ) ;
#8781 = ADVANCED_FACE ( 'NONE', ( #9526 ), #5490, .T. ) ;
#8782 = VERTEX_POINT ( 'NONE', #5583 ) ;
#8783 = ORIENTED_EDGE ( 'NONE', *, *, #6831, .F. ) ;
#8784 = DIRECTION ( 'NONE',  ( -0.000000000000000000, -0.000000000000000000, -1.000000000000000000 ) ) ;
#8785 = VERTEX_POINT ( 'NONE', #8664 ) ;
#8786 = EDGE_CURVE ( 'NONE', #7090, #428, #3397, .T. ) ;
#8787 = FACE_OUTER_BOUND ( 'NONE', #6818, .T. ) ;
#8788 = ORIENTED_EDGE ( 'NONE', *, *, #5524, .F. ) ;
#8789 = VECTOR ( 'NONE', #8806, 1000.000000000000227 ) ;
#8790 = CARTESIAN_POINT ( 'NONE',  ( 17.46155956311902813, 6.186614173228023539, 10.00000000000000000 ) ) ;
#8791 = DIRECTION ( 'NONE',  ( 1.000000000000000000, 0.000000000000000000, -0.000000000000000000 ) ) ;
#8792 = LINE ( 'NONE', #1799, #7707 ) ;
#8793 = LINE ( 'NONE', #8037, #7411 ) ;
#8794 = DIRECTION ( 'NONE',  ( -1.000000000000000000, 0.000000000000000000, -0.000000000000000000 ) ) ;
#8795 = EDGE_CURVE ( 'NONE', #1508, #1202, #4724, .T. ) ;
#8796 = VERTEX_POINT ( 'NONE', #8570 ) ;
#8797 = EDGE_LOOP ( 'NONE', ( #5391, #3536, #3814, #5249, #828, #6265, #7292 ) ) ;
#8798 = DIRECTION ( 'NONE',  ( 0.000000000000000000, 0.000000000000000000, 1.000000000000000000 ) ) ;
#8799 = ORIENTED_EDGE ( 'NONE', *, *, #6189, .T. ) ;
#8800 = EDGE_CURVE ( 'NONE', #5041, #9592, #1632, .T. ) ;
#8801 = PLANE ( 'NONE',  #6254 ) ;
#8802 = DIRECTION ( 'NONE',  ( 0.5000000000000003331, -0.8660254037844385966, 0.000000000000000000 ) ) ;
#8803 = PLANE ( 'NONE',  #4333 ) ;
#8804 = LINE ( 'NONE', #2063, #3379 ) ;
#8805 = ORIENTED_EDGE ( 'NONE', *, *, #4841, .T. ) ;
#8806 = DIRECTION ( 'NONE',  ( 0.8660254037844384856, 0.5000000000000002220, 0.000000000000000000 ) ) ;
#8807 = ORIENTED_EDGE ( 'NONE', *, *, #5135, .T. ) ;
#8808 = LINE ( 'NONE', #1818, #4179 ) ;
#8809 = CARTESIAN_POINT ( 'NONE',  ( 0.000000000000000000, 59.97470916941927044, 4.000000000000000000 ) ) ;
#8810 = LINE ( 'NONE', #7251, #5762 ) ;
#8811 = CARTESIAN_POINT ( 'NONE',  ( 33.28236328531323807, 25.79799773735023294, 7.400000000000000355 ) ) ;
#8812 = DIRECTION ( 'NONE',  ( 0.7071067811867293162, 0.7071067811863657182, 0.000000000000000000 ) ) ;
#8813 = CARTESIAN_POINT ( 'NONE',  ( 78.03000421669587183, 30.62029848427303591, 10.00000000000000000 ) ) ;
#8814 = VECTOR ( 'NONE', #7213, 1000.000000000000000 ) ;
#8815 = ORIENTED_EDGE ( 'NONE', *, *, #3246, .T. ) ;
#8816 = CARTESIAN_POINT ( 'NONE',  ( 5.000000000000903277, 57.98214359204602175, 0.000000000000000000 ) ) ;
#8817 = EDGE_CURVE ( 'NONE', #7346, #2827, #109, .T. ) ;
#8818 = PLANE ( 'NONE',  #4045 ) ;
#8819 = DIRECTION ( 'NONE',  ( -0.7092226908915888473, -0.7049845209112707289, 0.000000000000000000 ) ) ;
#8820 = ORIENTED_EDGE ( 'NONE', *, *, #3821, .F. ) ;
#8821 = DIRECTION ( 'NONE',  ( -0.8660254037844369313, -0.5000000000000028866, 0.000000000000000000 ) ) ;
#8822 = ORIENTED_EDGE ( 'NONE', *, *, #2494, .F. ) ;
#8823 = ORIENTED_EDGE ( 'NONE', *, *, #6987, .T. ) ;
#8824 = VECTOR ( 'NONE', #8058, 1000.000000000000114 ) ;
#8825 = CARTESIAN_POINT ( 'NONE',  ( 7.130939188497061210, 48.18247202539613028, 7.400000000000000355 ) ) ;
#8826 = DIRECTION ( 'NONE',  ( -0.7071067811865475727, 0.000000000000000000, 0.7071067811865475727 ) ) ;
#8827 = DIRECTION ( 'NONE',  ( 0.7071067811865474617, 0.7071067811865474617, -0.000000000000000000 ) ) ;
#8828 = LINE ( 'NONE', #6666, #7071 ) ;
#8829 = EDGE_CURVE ( 'NONE', #1146, #7166, #3543, .T. ) ;
#8830 = ADVANCED_FACE ( 'NONE', ( #6699 ), #5736, .T. ) ;
#8831 = AXIS2_PLACEMENT_3D ( 'NONE', #5884, #5074, #2633 ) ;
#8832 = VECTOR ( 'NONE', #8036, 1000.000000000000114 ) ;
#8833 = VERTEX_POINT ( 'NONE', #1982 ) ;
#8834 = VERTEX_POINT ( 'NONE', #1935 ) ;
#8835 = DIRECTION ( 'NONE',  ( 0.8660254037844384856, 0.5000000000000002220, 0.000000000000000000 ) ) ;
#8836 = VERTEX_POINT ( 'NONE', #5080 ) ;
#8837 = LINE ( 'NONE', #3515, #542 ) ;
#8838 = ORIENTED_EDGE ( 'NONE', *, *, #3333, .T. ) ;
#8839 = DIRECTION ( 'NONE',  ( -0.5000000000000001110, -0.8660254037844387076, 0.000000000000000000 ) ) ;
#8840 = VECTOR ( 'NONE', #7543, 1000.000000000000000 ) ;
#8841 = VECTOR ( 'NONE', #5033, 1000.000000000000114 ) ;
#8842 = FACE_OUTER_BOUND ( 'NONE', #9449, .T. ) ;
#8843 = CARTESIAN_POINT ( 'NONE',  ( 5.871324698771779538, 34.33421759231527659, 10.00099999999999945 ) ) ;
#8844 = DIRECTION ( 'NONE',  ( -0.000000000000000000, -0.000000000000000000, 1.000000000000000000 ) ) ;
#8845 = LINE ( 'NONE', #4854, #3043 ) ;
#8846 = EDGE_CURVE ( 'NONE', #8497, #8596, #7308, .T. ) ;
#8847 = LINE ( 'NONE', #6530, #2574 ) ;
#8848 = VERTEX_POINT ( 'NONE', #1122 ) ;
#8849 = ORIENTED_EDGE ( 'NONE', *, *, #8599, .F. ) ;
#8850 = VECTOR ( 'NONE', #2138, 1000.000000000000000 ) ;
#8851 = VECTOR ( 'NONE', #5161, 1000.000000000000000 ) ;
#8852 = DIRECTION ( 'NONE',  ( 0.000000000000000000, 1.000000000000000000, 0.000000000000000000 ) ) ;
#8853 = ORIENTED_EDGE ( 'NONE', *, *, #4372, .T. ) ;
#8854 = VECTOR ( 'NONE', #105, 1000.000000000000000 ) ;
#8855 = AXIS2_PLACEMENT_3D ( 'NONE', #4932, #8020, #1175 ) ;
#8856 = CARTESIAN_POINT ( 'NONE',  ( 55.42884860408193504, 24.35317541498459448, -10.67514906227531313 ) ) ;
#8857 = CARTESIAN_POINT ( 'NONE',  ( 10.01832937156618364, 15.60576059332729315, 10.00000000000000000 ) ) ;
#8858 = DIRECTION ( 'NONE',  ( -0.000000000000000000, -0.000000000000000000, 1.000000000000000000 ) ) ;
#8859 = LINE ( 'NONE', #1922, #6300 ) ;
#8860 = ORIENTED_EDGE ( 'NONE', *, *, #1435, .T. ) ;
#8861 = ORIENTED_EDGE ( 'NONE', *, *, #1376, .T. ) ;
#8862 = EDGE_CURVE ( 'NONE', #9396, #1853, #2745, .T. ) ;
#8863 = VECTOR ( 'NONE', #8543, 1000.000000000000227 ) ;
#8864 = AXIS2_PLACEMENT_3D ( 'NONE', #6548, #5785, #6652 ) ;
#8865 = DIRECTION ( 'NONE',  ( 0.8660254037844385966, -0.5000000000000000000, 0.000000000000000000 ) ) ;
#8866 = ORIENTED_EDGE ( 'NONE', *, *, #5150, .F. ) ;
#8867 = CARTESIAN_POINT ( 'NONE',  ( 20.59504080363470280, 46.18247202539613028, 7.400000000000000355 ) ) ;
#8868 = LINE ( 'NONE', #8809, #9648 ) ;
#8869 = DIRECTION ( 'NONE',  ( -0.000000000000000000, -0.000000000000000000, 1.000000000000000000 ) ) ;
#8870 = CARTESIAN_POINT ( 'NONE',  ( 8.888803657608024267, 56.44252476504900073, 10.00099999999999945 ) ) ;
#8871 = VECTOR ( 'NONE', #1418, 1000.000000000000000 ) ;
#8872 = FACE_OUTER_BOUND ( 'NONE', #7567, .T. ) ;
#8873 = DIRECTION ( 'NONE',  ( -0.5000000000000001110, -0.8660254037844387076, 0.000000000000000000 ) ) ;
#8874 = DIRECTION ( 'NONE',  ( -0.000000000000000000, -0.000000000000000000, -1.000000000000000000 ) ) ;
#8875 = DIRECTION ( 'NONE',  ( 0.5000000000000012212, 0.8660254037844380415, 0.000000000000000000 ) ) ;
#8876 = CARTESIAN_POINT ( 'NONE',  ( 30.40280365961172038, 35.99023488137318338, 7.400000000000000355 ) ) ;
#8877 = CARTESIAN_POINT ( 'NONE',  ( 3.282363285313557366, 21.79799773735025781, 7.400000000000000355 ) ) ;
#8878 = VERTEX_POINT ( 'NONE', #9726 ) ;
#8879 = AXIS2_PLACEMENT_3D ( 'NONE', #1155, #7242, #7389 ) ;
#8880 = VERTEX_POINT ( 'NONE', #2837 ) ;
#8881 = EDGE_CURVE ( 'NONE', #1558, #382, #1167, .T. ) ;
#8882 = CARTESIAN_POINT ( 'NONE',  ( 55.42884860408194214, 26.75317541498458951, 7.400000000000002132 ) ) ;
#8883 = CARTESIAN_POINT ( 'NONE',  ( 50.59504080363439016, 46.18247202539613028, 7.400000000000000355 ) ) ;
#8884 = FACE_OUTER_BOUND ( 'NONE', #8557, .T. ) ;
#8885 = DIRECTION ( 'NONE',  ( 0.8660254037844385966, -0.5000000000000000000, 0.000000000000000000 ) ) ;
#8886 = VECTOR ( 'NONE', #1532, 1000.000000000000000 ) ;
#8887 = ORIENTED_EDGE ( 'NONE', *, *, #2796, .T. ) ;
#8888 = ORIENTED_EDGE ( 'NONE', *, *, #7176, .F. ) ;
#8889 = DIRECTION ( 'NONE',  ( 0.5000000000000003331, -0.8660254037844385966, 0.000000000000000000 ) ) ;
#8890 = ORIENTED_EDGE ( 'NONE', *, *, #1419, .F. ) ;
#8891 = FACE_OUTER_BOUND ( 'NONE', #4431, .T. ) ;
#8892 = VERTEX_POINT ( 'NONE', #362 ) ;
#8893 = DIRECTION ( 'NONE',  ( -0.8660254037844379305, 0.5000000000000011102, 0.000000000000000000 ) ) ;
#8894 = PLANE ( 'NONE',  #978 ) ;
#8895 = DIRECTION ( 'NONE',  ( -0.000000000000000000, -0.000000000000000000, -1.000000000000000000 ) ) ;
#8896 = CARTESIAN_POINT ( 'NONE',  ( 33.85907471738186558, 56.37470916941907007, 7.400000000000000355 ) ) ;
#8897 = LINE ( 'NONE', #4199, #2415 ) ;
#8898 = ORIENTED_EDGE ( 'NONE', *, *, #6987, .F. ) ;
#8899 = ORIENTED_EDGE ( 'NONE', *, *, #951, .F. ) ;
#8900 = CARTESIAN_POINT ( 'NONE',  ( 70.78727794765704573, 56.37470916941907717, 10.00000000000000000 ) ) ;
#8901 = EDGE_LOOP ( 'NONE', ( #2382, #6997, #2054, #6869 ) ) ;
#8902 = EDGE_CURVE ( 'NONE', #5469, #5666, #6554, .T. ) ;
#8903 = EDGE_CURVE ( 'NONE', #2413, #1854, #5938, .T. ) ;
#8904 = VECTOR ( 'NONE', #2945, 1000.000000000000000 ) ;
#8905 = DIRECTION ( 'NONE',  ( 0.8660254037844385966, -0.5000000000000000000, 0.000000000000000000 ) ) ;
#8906 = LINE ( 'NONE', #346, #3358 ) ;
#8907 = LINE ( 'NONE', #3531, #3993 ) ;
#8908 = LINE ( 'NONE', #4965, #4669 ) ;
#8909 = EDGE_LOOP ( 'NONE', ( #4029, #678, #1669, #8575 ) ) ;
#8910 = DIRECTION ( 'NONE',  ( -0.000000000000000000, 0.000000000000000000, 1.000000000000000000 ) ) ;
#8911 = ORIENTED_EDGE ( 'NONE', *, *, #7768, .F. ) ;
#8912 = ADVANCED_FACE ( 'NONE', ( #9625 ), #5889, .T. ) ;
#8913 = CARTESIAN_POINT ( 'NONE',  ( 74.41423944072103325, 5.000000000000023093, 10.00099999999999945 ) ) ;
#8914 = LINE ( 'NONE', #6599, #5120 ) ;
#8915 = LINE ( 'NONE', #1978, #6245 ) ;
#8916 = CARTESIAN_POINT ( 'NONE',  ( 30.59504080363459622, 46.18247202539613028, 7.400000000000000355 ) ) ;
#8917 = FACE_OUTER_BOUND ( 'NONE', #2271, .T. ) ;
#8918 = LINE ( 'NONE', #8261, #8060 ) ;
#8919 = DIRECTION ( 'NONE',  ( 0.000000000000000000, 1.000000000000000000, 0.000000000000000000 ) ) ;
#8920 = VECTOR ( 'NONE', #2692, 1000.000000000000227 ) ;
#8921 = CARTESIAN_POINT ( 'NONE',  ( 39.15364747040881355, 39.14400986898357360, 4.000000000000000000 ) ) ;
#8922 = ORIENTED_EDGE ( 'NONE', *, *, #4175, .F. ) ;
#8923 = ORIENTED_EDGE ( 'NONE', *, *, #9125, .F. ) ;
#8924 = EDGE_CURVE ( 'NONE', #8000, #3680, #2689, .T. ) ;
#8925 = CARTESIAN_POINT ( 'NONE',  ( 60.40280365961140774, 35.99023488137318338, 7.400000000000000355 ) ) ;
#8926 = DIRECTION ( 'NONE',  ( 0.000000000000000000, 0.000000000000000000, -1.000000000000000000 ) ) ;
#8927 = DIRECTION ( 'NONE',  ( -0.9999999924245159821, 0.0001230892683140344564, 0.000000000000000000 ) ) ;
#8928 = EDGE_CURVE ( 'NONE', #3655, #8583, #7402, .T. ) ;
#8929 = EDGE_CURVE ( 'NONE', #9592, #8782, #8116, .T. ) ;
#8930 = DIRECTION ( 'NONE',  ( 0.000000000000000000, 1.000000000000000000, 0.000000000000000000 ) ) ;
#8931 = EDGE_LOOP ( 'NONE', ( #5415, #3262, #7273, #7701 ) ) ;
#8932 = ORIENTED_EDGE ( 'NONE', *, *, #2303, .F. ) ;
#8933 = DIRECTION ( 'NONE',  ( 0.000000000000000000, -1.000000000000000000, -0.000000000000000000 ) ) ;
#8934 = VECTOR ( 'NONE', #8176, 1000.000000000000227 ) ;
#8935 = VERTEX_POINT ( 'NONE', #7354 ) ;
#8936 = FACE_OUTER_BOUND ( 'NONE', #7460, .T. ) ;
#8937 = VERTEX_POINT ( 'NONE', #5126 ) ;
#8938 = CARTESIAN_POINT ( 'NONE',  ( 8.888803657608024267, 56.44252476504900073, 10.00000000000000000 ) ) ;
#8939 = DIRECTION ( 'NONE',  ( 0.000000000000000000, 0.000000000000000000, 1.000000000000000000 ) ) ;
#8940 = LINE ( 'NONE', #4345, #6263 ) ;
#8941 = VECTOR ( 'NONE', #9997, 1000.000000000000000 ) ;
#8942 = DIRECTION ( 'NONE',  ( -0.000000000000000000, -0.000000000000000000, 1.000000000000000000 ) ) ;
#8943 = ORIENTED_EDGE ( 'NONE', *, *, #1839, .F. ) ;
#8944 = VERTEX_POINT ( 'NONE', #4369 ) ;
#8945 = EDGE_CURVE ( 'NONE', #7823, #1390, #413, .T. ) ;
#8946 = LINE ( 'NONE', #9096, #1498 ) ;
#8947 = ORIENTED_EDGE ( 'NONE', *, *, #6930, .F. ) ;
#8948 = VECTOR ( 'NONE', #8550, 1000.000000000000000 ) ;
#8949 = CARTESIAN_POINT ( 'NONE',  ( 18.61060500309818977, 24.68592075184099954, 1.109999999999998099 ) ) ;
#8950 = PLANE ( 'NONE',  #8537 ) ;
#8951 = FACE_OUTER_BOUND ( 'NONE', #3362, .T. ) ;
#8952 = CARTESIAN_POINT ( 'NONE',  ( 61.74084972657721693, 28.61190122397095337, 1.399999999999951728 ) ) ;
#8953 = ORIENTED_EDGE ( 'NONE', *, *, #1268, .T. ) ;
#8954 = EDGE_CURVE ( 'NONE', #2182, #7346, #7449, .T. ) ;
#8955 = ADVANCED_FACE ( 'NONE', ( #3588 ), #8163, .T. ) ;
#8956 = DIRECTION ( 'NONE',  ( -0.000000000000000000, 0.000000000000000000, 1.000000000000000000 ) ) ;
#8957 = ORIENTED_EDGE ( 'NONE', *, *, #3660, .F. ) ;
#8958 = PLANE ( 'NONE',  #8864 ) ;
#8959 = DIRECTION ( 'NONE',  ( 0.000000000000000000, 1.000000000000000000, 0.000000000000000000 ) ) ;
#8960 = DIRECTION ( 'NONE',  ( -0.8660254037844387076, 0.5000000000000001110, 0.000000000000000000 ) ) ;
#8961 = DIRECTION ( 'NONE',  ( -0.000000000000000000, -0.000000000000000000, -1.000000000000000000 ) ) ;
#8962 = CARTESIAN_POINT ( 'NONE',  ( 79.97474980950003953, 54.29582948390102359, 10.00000000000000000 ) ) ;
#8963 = DIRECTION ( 'NONE',  ( 0.000000000000000000, 0.000000000000000000, 1.000000000000000000 ) ) ;
#8964 = CARTESIAN_POINT ( 'NONE',  ( 5.000000000000903277, 57.98214359204602175, 0.000000000000000000 ) ) ;
#8965 = EDGE_CURVE ( 'NONE', #4726, #1019, #8918, .T. ) ;
#8966 = EDGE_CURVE ( 'NONE', #8106, #8449, #4415, .T. ) ;
#8967 = LINE ( 'NONE', #3592, #1658 ) ;
#8968 = ORIENTED_EDGE ( 'NONE', *, *, #1104, .F. ) ;
#8969 = ORIENTED_EDGE ( 'NONE', *, *, #4125, .T. ) ;
#8970 = DIRECTION ( 'NONE',  ( 0.8660254037844384856, 0.5000000000000002220, 0.000000000000000000 ) ) ;
#8971 = CARTESIAN_POINT ( 'NONE',  ( 0.000000000000000000, 34.88980021391638076, 0.9599999985689978699 ) ) ;
#8972 = VECTOR ( 'NONE', #6361, 1000.000000000000227 ) ;
#8973 = DIRECTION ( 'NONE',  ( -0.8660254037844379305, 0.5000000000000011102, 0.000000000000000000 ) ) ;
#8974 = CARTESIAN_POINT ( 'NONE',  ( 0.000000000000000000, 31.21190122397094413, 4.000000000000000000 ) ) ;
#8975 = VERTEX_POINT ( 'NONE', #5271 ) ;
#8976 = VERTEX_POINT ( 'NONE', #6091 ) ;
#8977 = AXIS2_PLACEMENT_3D ( 'NONE', #4473, #721, #8421 ) ;
#8978 = DIRECTION ( 'NONE',  ( 0.000000000000000000, 0.000000000000000000, -1.000000000000000000 ) ) ;
#8979 = ORIENTED_EDGE ( 'NONE', *, *, #8567, .F. ) ;
#8980 = EDGE_CURVE ( 'NONE', #2002, #4813, #8361, .T. ) ;
#8981 = CARTESIAN_POINT ( 'NONE',  ( 40.78727794765736547, 52.37470916941909138, 10.00000000000000000 ) ) ;
#8982 = ORIENTED_EDGE ( 'NONE', *, *, #5292, .F. ) ;
#8983 = CARTESIAN_POINT ( 'NONE',  ( 57.32317633251940237, 58.37470916941907717, 7.400000000000000355 ) ) ;
#8984 = LINE ( 'NONE', #6718, #5250 ) ;
#8985 = CARTESIAN_POINT ( 'NONE',  ( 9.875044450089784931, 53.13706121412302252, 4.000000000000000000 ) ) ;
#8986 = VECTOR ( 'NONE', #9364, 1000.000000000000000 ) ;
#8987 = ORIENTED_EDGE ( 'NONE', *, *, #5107, .F. ) ;
#8988 = ORIENTED_EDGE ( 'NONE', *, *, #4614, .T. ) ;
#8989 = CARTESIAN_POINT ( 'NONE',  ( 30.21056651558884809, 25.79799773735024004, 10.00000000000000000 ) ) ;
#8990 = ORIENTED_EDGE ( 'NONE', *, *, #5856, .F. ) ;
#8991 = VECTOR ( 'NONE', #581, 1000.000000000000000 ) ;
#8992 = VECTOR ( 'NONE', #646, 1000.000000000000000 ) ;
#8993 = EDGE_CURVE ( 'NONE', #4465, #17, #611, .T. ) ;
#8994 = CARTESIAN_POINT ( 'NONE',  ( 65.16983569344401417, 34.90332283157010806, 4.000000000000000000 ) ) ;
#8995 = CARTESIAN_POINT ( 'NONE',  ( 36.93870204447387096, 29.99023488137320115, 7.400000000000000355 ) ) ;
#8996 = CARTESIAN_POINT ( 'NONE',  ( 10.21056651558905770, 25.79799773735024004, 7.400000000000000355 ) ) ;
#8997 = VECTOR ( 'NONE', #5449, 1000.000000000000000 ) ;
#8998 = VECTOR ( 'NONE', #2586, 1000.000000000000000 ) ;
#8999 = DIRECTION ( 'NONE',  ( 1.000000000000000000, 0.000000000000000000, 0.000000000000000000 ) ) ;
#9000 = ORIENTED_EDGE ( 'NONE', *, *, #2801, .T. ) ;
#9001 = ORIENTED_EDGE ( 'NONE', *, *, #7645, .F. ) ;
#9002 = ORIENTED_EDGE ( 'NONE', *, *, #9781, .T. ) ;
#9003 = DIRECTION ( 'NONE',  ( -0.000000000000000000, -0.000000000000000000, 1.000000000000000000 ) ) ;
#9004 = ORIENTED_EDGE ( 'NONE', *, *, #3570, .F. ) ;
#9005 = VECTOR ( 'NONE', #4919, 1000.000000000000000 ) ;
#9006 = CIRCLE ( 'NONE', #4650, 1.699999999999999289 ) ;
#9007 = DIRECTION ( 'NONE',  ( 0.5000000000000003331, -0.8660254037844385966, 0.000000000000000000 ) ) ;
#9008 = ADVANCED_FACE ( 'NONE', ( #8505 ), #1360, .F. ) ;
#9009 = EDGE_CURVE ( 'NONE', #5262, #7165, #6950, .T. ) ;
#9010 = LINE ( 'NONE', #9920, #2693 ) ;
#9011 = CARTESIAN_POINT ( 'NONE',  ( 0.000000000000000000, 0.000000000000000000, 10.00000000000000000 ) ) ;
#9012 = DIRECTION ( 'NONE',  ( -0.5000000000000015543, -0.8660254037844378194, 0.000000000000000000 ) ) ;
#9013 = DIRECTION ( 'NONE',  ( 0.8660254037844385966, -0.5000000000000000000, 0.000000000000000000 ) ) ;
#9014 = DIRECTION ( 'NONE',  ( 0.8660254037844384856, 0.5000000000000002220, 0.000000000000000000 ) ) ;
#9015 = ORIENTED_EDGE ( 'NONE', *, *, #3525, .T. ) ;
#9016 = VECTOR ( 'NONE', #697, 1000.000000000000000 ) ;
#9017 = ORIENTED_EDGE ( 'NONE', *, *, #4715, .F. ) ;
#9018 = PLANE ( 'NONE',  #1988 ) ;
#9019 = ORIENTED_EDGE ( 'NONE', *, *, #9048, .T. ) ;
#9020 = ORIENTED_EDGE ( 'NONE', *, *, #423, .T. ) ;
#9021 = CARTESIAN_POINT ( 'NONE',  ( 57.13093918849652653, 48.18247202539613028, 7.400000000000000355 ) ) ;
#9022 = EDGE_CURVE ( 'NONE', #2953, #8316, #1572, .T. ) ;
#9023 = AXIS2_PLACEMENT_3D ( 'NONE', #3696, #4463, #6800 ) ;
#9024 = DIRECTION ( 'NONE',  ( -0.7071067811865474617, 0.7071067811865474617, -0.000000000000000000 ) ) ;
#9025 = EDGE_CURVE ( 'NONE', #8785, #9207, #4520, .T. ) ;
#9026 = CARTESIAN_POINT ( 'NONE',  ( 43.66683757335889027, 46.18247202539612317, 7.400000000000000355 ) ) ;
#9027 = VECTOR ( 'NONE', #8354, 1000.000000000000000 ) ;
#9028 = LINE ( 'NONE', #8974, #3336 ) ;
#9029 = CARTESIAN_POINT ( 'NONE',  ( 43.47460042933601443, 35.99023488137317628, 10.00000000000000000 ) ) ;
#9030 = VERTEX_POINT ( 'NONE', #9118 ) ;
#9031 = ORIENTED_EDGE ( 'NONE', *, *, #9279, .T. ) ;
#9032 = VECTOR ( 'NONE', #1619, 1000.000000000000000 ) ;
#9033 = LINE ( 'NONE', #7570, #7651 ) ;
#9034 = AXIS2_PLACEMENT_3D ( 'NONE', #8056, #406, #2739 ) ;
#9035 = ORIENTED_EDGE ( 'NONE', *, *, #693, .T. ) ;
#9036 = CARTESIAN_POINT ( 'NONE',  ( 24.39487291362403099, 59.35339717067414256, 10.00000000000000000 ) ) ;
#9037 = VERTEX_POINT ( 'NONE', #6040 ) ;
#9038 = PLANE ( 'NONE',  #9494 ) ;
#9039 = EDGE_CURVE ( 'NONE', #3134, #1755, #2281, .T. ) ;
#9040 = LINE ( 'NONE', #2863, #9508 ) ;
#9041 = CARTESIAN_POINT ( 'NONE',  ( 56.42884860408192083, 23.35317541498460514, 4.000000000000000000 ) ) ;
#9042 = VECTOR ( 'NONE', #7636, 1000.000000000000000 ) ;
#9043 = EDGE_CURVE ( 'NONE', #1805, #2822, #8459, .T. ) ;
#9044 = VERTEX_POINT ( 'NONE', #2334 ) ;
#9045 = ORIENTED_EDGE ( 'NONE', *, *, #1918, .F. ) ;
#9046 = DIRECTION ( 'NONE',  ( -0.000000000000000000, 0.000000000000000000, 1.000000000000000000 ) ) ;
#9047 = ORIENTED_EDGE ( 'NONE', *, *, #4522, .T. ) ;
#9048 = EDGE_CURVE ( 'NONE', #612, #7946, #9879, .T. ) ;
#9049 = AXIS2_PLACEMENT_3D ( 'NONE', #6635, #5819, #8794 ) ;
#9050 = EDGE_CURVE ( 'NONE', #6965, #3613, #8411, .T. ) ;
#9051 = CARTESIAN_POINT ( 'NONE',  ( 20.78727794765757864, 56.37470916941907717, 7.400000000000000355 ) ) ;
#9052 = EDGE_CURVE ( 'NONE', #4953, #5278, #5223, .T. ) ;
#9053 = ADVANCED_FACE ( 'NONE', ( #2178 ), #664, .F. ) ;
#9054 = CARTESIAN_POINT ( 'NONE',  ( 5.875044450089777825, 53.13706121412302252, 10.00000000000000000 ) ) ;
#9055 = PLANE ( 'NONE',  #1078 ) ;
#9056 = AXIS2_PLACEMENT_3D ( 'NONE', #6822, #5242, #6010 ) ;
#9057 = LINE ( 'NONE', #3781, #1601 ) ;
#9058 = ORIENTED_EDGE ( 'NONE', *, *, #9043, .F. ) ;
#9059 = ORIENTED_EDGE ( 'NONE', *, *, #6151, .T. ) ;
#9060 = DIRECTION ( 'NONE',  ( -0.8660254037844385966, 0.5000000000000000000, 0.000000000000000000 ) ) ;
#9061 = EDGE_LOOP ( 'NONE', ( #4539, #4382, #4593, #8630 ) ) ;
#9062 = FACE_OUTER_BOUND ( 'NONE', #3873, .T. ) ;
#9063 = ORIENTED_EDGE ( 'NONE', *, *, #1588, .F. ) ;
#9064 = AXIS2_PLACEMENT_3D ( 'NONE', #2898, #8318, #2844 ) ;
#9065 = DIRECTION ( 'NONE',  ( 0.0001978291858417484091, 0.9999999804318063790, -0.000000000000000000 ) ) ;
#9066 = CARTESIAN_POINT ( 'NONE',  ( 77.98218423212703954, 5.000000000000023093, 10.00000000000000000 ) ) ;
#9067 = CARTESIAN_POINT ( 'NONE',  ( 76.93870204447344463, 29.99023488137320115, 7.400000000000000355 ) ) ;
#9068 = APPLICATION_CONTEXT ( 'automotive_design' ) ;
#9069 = DIRECTION ( 'NONE',  ( -0.000000000000000000, -0.000000000000000000, 1.000000000000000000 ) ) ;
#9070 = DIRECTION ( 'NONE',  ( 0.000000000000000000, -1.000000000000000000, 0.000000000000000000 ) ) ;
#9071 = CARTESIAN_POINT ( 'NONE',  ( 53.66683757335877658, 46.18247202539612317, 7.400000000000000355 ) ) ;
#9072 = ORIENTED_EDGE ( 'NONE', *, *, #6867, .F. ) ;
#9073 = LINE ( 'NONE', #2131, #1173 ) ;
#9074 = VERTEX_POINT ( 'NONE', #4567 ) ;
#9075 = EDGE_LOOP ( 'NONE', ( #7521, #5112, #6026, #6187 ) ) ;
#9076 = CARTESIAN_POINT ( 'NONE',  ( 73.34807733323548007, 45.95871309031685570, 5.000000000000000000 ) ) ;
#9077 = LINE ( 'NONE', #9124, #6607 ) ;
#9078 = DIRECTION ( 'NONE',  ( 0.000000000000000000, 0.000000000000000000, -1.000000000000000000 ) ) ;
#9079 = PLANE ( 'NONE',  #9980 ) ;
#9080 = DIRECTION ( 'NONE',  ( 0.000000000000000000, 1.000000000000000000, 0.000000000000000000 ) ) ;
#9081 = AXIS2_PLACEMENT_3D ( 'NONE', #5210, #2273, #4508 ) ;
#9082 = ORIENTED_EDGE ( 'NONE', *, *, #7221, .T. ) ;
#9083 = ORIENTED_EDGE ( 'NONE', *, *, #6780, .F. ) ;
#9084 = EDGE_CURVE ( 'NONE', #4154, #3958, #3795, .T. ) ;
#9085 = EDGE_CURVE ( 'NONE', #3155, #2031, #3087, .T. ) ;
#9086 = LINE ( 'NONE', #3512, #44 ) ;
#9087 = VERTEX_POINT ( 'NONE', #9218 ) ;
#9088 = VERTEX_POINT ( 'NONE', #4610 ) ;
#9089 = CARTESIAN_POINT ( 'NONE',  ( 7.130939188497064762, 40.18247202539614449, 10.00000000000000000 ) ) ;
#9090 = DIRECTION ( 'NONE',  ( 0.7061519002946796686, -0.7080603743397965166, 0.000000000000000000 ) ) ;
#9091 = DIRECTION ( 'NONE',  ( -0.5773502691896196248, -0.5773502691896221783, -0.5773502691896355010 ) ) ;
#9092 = AXIS2_PLACEMENT_3D ( 'NONE', #640, #8239, #5915 ) ;
#9093 = EDGE_LOOP ( 'NONE', ( #7960, #3510, #3796, #5893 ) ) ;
#9094 = EDGE_LOOP ( 'NONE', ( #8617, #1923, #7182, #5164, #6978, #487, #7618, #3072 ) ) ;
#9095 = EDGE_CURVE ( 'NONE', #8023, #108, #7699, .T. ) ;
#9096 = CARTESIAN_POINT ( 'NONE',  ( 36.93870204447387096, 37.99023488137319049, 7.400000000000000355 ) ) ;
#9097 = ORIENTED_EDGE ( 'NONE', *, *, #5694, .T. ) ;
#9098 = VECTOR ( 'NONE', #5642, 1000.000000000000000 ) ;
#9099 = ORIENTED_EDGE ( 'NONE', *, *, #7934, .F. ) ;
#9100 = CARTESIAN_POINT ( 'NONE',  ( 43.66683757335889027, 42.18247202539615159, 7.400000000000000355 ) ) ;
#9101 = ADVANCED_FACE ( 'NONE', ( #2892 ), #3847, .F. ) ;
#9102 = CARTESIAN_POINT ( 'NONE',  ( 60.21056651558853190, 21.79799773735025070, 7.400000000000000355 ) ) ;
#9103 = DIRECTION ( 'NONE',  ( 0.5000000000000008882, 0.8660254037844381525, 0.000000000000000000 ) ) ;
#9104 = LINE ( 'NONE', #3678, #5484 ) ;
#9105 = ORIENTED_EDGE ( 'NONE', *, *, #6750, .F. ) ;
#9106 = EDGE_LOOP ( 'NONE', ( #5404, #5012, #6017, #8337 ) ) ;
#9107 = PLANE ( 'NONE',  #9081 ) ;
#9108 = VECTOR ( 'NONE', #5212, 1000.000000000000114 ) ;
#9109 = ORIENTED_EDGE ( 'NONE', *, *, #5564, .F. ) ;
#9110 = CARTESIAN_POINT ( 'NONE',  ( 80.59504080363404910, 46.18247202539613028, 7.400000000000000355 ) ) ;
#9111 = ORIENTED_EDGE ( 'NONE', *, *, #8862, .F. ) ;
#9112 = PLANE ( 'NONE',  #8065 ) ;
#9113 = LINE ( 'NONE', #2174, #436 ) ;
#9114 = DIRECTION ( 'NONE',  ( -0.000000000000000000, -0.000000000000000000, 1.000000000000000000 ) ) ;
#9115 = AXIS2_PLACEMENT_3D ( 'NONE', #854, #4891, #9546 ) ;
#9116 = LINE ( 'NONE', #7546, #3841 ) ;
#9117 = DIRECTION ( 'NONE',  ( 0.8660254037844384856, 0.5000000000000002220, 0.000000000000000000 ) ) ;
#9118 = CARTESIAN_POINT ( 'NONE',  ( 30.61060500309818622, 24.68592075184099954, 3.399999999999983036 ) ) ;
#9119 = ORIENTED_EDGE ( 'NONE', *, *, #995, .F. ) ;
#9120 = LINE ( 'NONE', #1523, #7020 ) ;
#9121 = ORIENTED_EDGE ( 'NONE', *, *, #5544, .F. ) ;
#9122 = ORIENTED_EDGE ( 'NONE', *, *, #4066, .F. ) ;
#9123 = FACE_OUTER_BOUND ( 'NONE', #4903, .T. ) ;
#9124 = CARTESIAN_POINT ( 'NONE',  ( -3.469446951953614189E-14, 58.33397611666537586, 0.000000000000000000 ) ) ;
#9125 = EDGE_CURVE ( 'NONE', #5993, #5852, #5989, .T. ) ;
#9126 = DIRECTION ( 'NONE',  ( -0.7071067811865455743, 0.7071067811865493491, 0.000000000000000000 ) ) ;
#9127 = EDGE_CURVE ( 'NONE', #4535, #4454, #9312, .T. ) ;
#9128 = FACE_OUTER_BOUND ( 'NONE', #2604, .T. ) ;
#9129 = DIRECTION ( 'NONE',  ( -0.000000000000000000, 0.000000000000000000, 1.000000000000000000 ) ) ;
#9130 = LINE ( 'NONE', #9282, #6773 ) ;
#9131 = EDGE_LOOP ( 'NONE', ( #3283, #2977, #3697, #6532 ) ) ;
#9132 = ORIENTED_EDGE ( 'NONE', *, *, #375, .F. ) ;
#9133 = ADVANCED_FACE ( 'NONE', ( #2429 ), #8556, .F. ) ;
#9134 = DIRECTION ( 'NONE',  ( -0.5000000000000001110, -0.8660254037844387076, 0.000000000000000000 ) ) ;
#9135 = ORIENTED_EDGE ( 'NONE', *, *, #4077, .T. ) ;
#9136 = ORIENTED_EDGE ( 'NONE', *, *, #7288, .T. ) ;
#9137 = CARTESIAN_POINT ( 'NONE',  ( 40.83180065388673796, 38.69286487643512373, 3.399999999999983036 ) ) ;
#9138 = CARTESIAN_POINT ( 'NONE',  ( 10.59504080363480760, 42.18247202539614449, 7.400000000000000355 ) ) ;
#9139 = DIRECTION ( 'NONE',  ( -0.8660254037844381525, 0.5000000000000007772, 0.000000000000000000 ) ) ;
#9140 = EDGE_CURVE ( 'NONE', #5181, #8155, #4812, .T. ) ;
#9141 = VECTOR ( 'NONE', #3817, 1000.000000000000227 ) ;
#9142 = ORIENTED_EDGE ( 'NONE', *, *, #5805, .T. ) ;
#9143 = ORIENTED_EDGE ( 'NONE', *, *, #6338, .F. ) ;
#9144 = DIRECTION ( 'NONE',  ( -0.000000000000000000, -0.000000000000000000, 1.000000000000000000 ) ) ;
#9145 = ORIENTED_EDGE ( 'NONE', *, *, #1681, .F. ) ;
#9146 = VECTOR ( 'NONE', #5885, 1000.000000000000000 ) ;
#9147 = EDGE_CURVE ( 'NONE', #5195, #65, #6439, .T. ) ;
#9148 = EDGE_CURVE ( 'NONE', #8312, #6298, #2381, .T. ) ;
#9149 = DIRECTION ( 'NONE',  ( -0.8660254037844378194, -0.5000000000000013323, 0.000000000000000000 ) ) ;
#9150 = DIRECTION ( 'NONE',  ( -0.000000000000000000, -0.000000000000000000, 1.000000000000000000 ) ) ;
#9151 = PLANE ( 'NONE',  #4971 ) ;
#9152 = CARTESIAN_POINT ( 'NONE',  ( 17.13093918849695640, 48.18247202539613028, 10.00000000000000000 ) ) ;
#9153 = ORIENTED_EDGE ( 'NONE', *, *, #8172, .F. ) ;
#9154 = ORIENTED_EDGE ( 'NONE', *, *, #23, .F. ) ;
#9155 = VECTOR ( 'NONE', #7097, 1000.000000000000000 ) ;
#9156 = VECTOR ( 'NONE', #6538, 1000.000000000000000 ) ;
#9157 = DIRECTION ( 'NONE',  ( 0.5000000000000015543, 0.8660254037844378194, 0.000000000000000000 ) ) ;
#9158 = ORIENTED_EDGE ( 'NONE', *, *, #256, .F. ) ;
#9159 = DIRECTION ( 'NONE',  ( -5.782411586589358625E-16, -1.000000000000000000, 0.000000000000000000 ) ) ;
#9160 = ORIENTED_EDGE ( 'NONE', *, *, #4633, .T. ) ;
#9161 = PLANE ( 'NONE',  #622 ) ;
#9162 = AXIS2_PLACEMENT_3D ( 'NONE', #757, #10024, #7124 ) ;
#9163 = DIRECTION ( 'NONE',  ( -1.000000000000000000, 0.000000000000000000, 0.000000000000000000 ) ) ;
#9164 = AXIS2_PLACEMENT_3D ( 'NONE', #4318, #1212, #3542 ) ;
#9165 = FACE_BOUND ( 'NONE', #952, .T. ) ;
#9166 = FACE_OUTER_BOUND ( 'NONE', #6279, .T. ) ;
#9167 = DIRECTION ( 'NONE',  ( -0.000000000000000000, -0.000000000000000000, 1.000000000000000000 ) ) ;
#9168 = EDGE_CURVE ( 'NONE', #1902, #7523, #5569, .T. ) ;
#9169 = CARTESIAN_POINT ( 'NONE',  ( 40.40280365961161380, 35.99023488137318338, 10.00000000000000000 ) ) ;
#9170 = EDGE_LOOP ( 'NONE', ( #4174, #7432, #8476, #5757 ) ) ;
#9171 = VECTOR ( 'NONE', #6410, 1000.000000000000227 ) ;
#9172 = AXIS2_PLACEMENT_3D ( 'NONE', #8983, #4192, #5098 ) ;
#9173 = DIRECTION ( 'NONE',  ( -0.0001230892683152483291, -0.9999999924245159821, -0.000000000000000000 ) ) ;
#9174 = ORIENTED_EDGE ( 'NONE', *, *, #2172, .F. ) ;
#9175 = ORIENTED_EDGE ( 'NONE', *, *, #4005, .F. ) ;
#9176 = LINE ( 'NONE', #2289, #2591 ) ;
#9177 = LINE ( 'NONE', #2900, #4494 ) ;
#9178 = LINE ( 'NONE', #2241, #5917 ) ;
#9179 = FACE_OUTER_BOUND ( 'NONE', #8254, .T. ) ;
#9180 = VECTOR ( 'NONE', #6448, 1000.000000000000227 ) ;
#9181 = DIRECTION ( 'NONE',  ( -0.000000000000000000, -0.000000000000000000, -1.000000000000000000 ) ) ;
#9182 = VECTOR ( 'NONE', #1010, 1000.000000000000000 ) ;
#9183 = DIRECTION ( 'NONE',  ( 0.000000000000000000, 0.000000000000000000, 1.000000000000000000 ) ) ;
#9184 = ORIENTED_EDGE ( 'NONE', *, *, #9850, .F. ) ;
#9185 = EDGE_LOOP ( 'NONE', ( #2792, #9595, #4941, #4643 ) ) ;
#9186 = CARTESIAN_POINT ( 'NONE',  ( 33.28236328531323807, 25.79799773735023294, 10.00000000000000000 ) ) ;
#9187 = VERTEX_POINT ( 'NONE', #814 ) ;
#9188 = ADVANCED_FACE ( 'NONE', ( #4050 ), #7836, .F. ) ;
#9189 = EDGE_CURVE ( 'NONE', #4128, #4702, #6140, .T. ) ;
#9190 = VECTOR ( 'NONE', #5253, 1000.000000000000227 ) ;
#9191 = ORIENTED_EDGE ( 'NONE', *, *, #5095, .T. ) ;
#9192 = CARTESIAN_POINT ( 'NONE',  ( 77.13093918849631336, 40.18247202539614449, 7.400000000000000355 ) ) ;
#9193 = CARTESIAN_POINT ( 'NONE',  ( 31.21060500309818764, 24.08592075184099457, 4.000000000000000000 ) ) ;
#9194 = DIRECTION ( 'NONE',  ( 0.000000000000000000, 0.000000000000000000, -1.000000000000000000 ) ) ;
#9195 = VECTOR ( 'NONE', #6913, 1000.000000000000000 ) ;
#9196 = VECTOR ( 'NONE', #9320, 1000.000000000000000 ) ;
#9197 = ORIENTED_EDGE ( 'NONE', *, *, #9453, .T. ) ;
#9198 = ORIENTED_EDGE ( 'NONE', *, *, #643, .F. ) ;
#9199 = DIRECTION ( 'NONE',  ( 9.324293839476711010E-05, 0.9999999956528771161, 0.000000000000000000 ) ) ;
#9200 = ORIENTED_EDGE ( 'NONE', *, *, #7163, .T. ) ;
#9201 = AXIS2_PLACEMENT_3D ( 'NONE', #5423, #4662, #7749 ) ;
#9202 = LINE ( 'NONE', #1395, #6420 ) ;
#9203 = LINE ( 'NONE', #7586, #9190 ) ;
#9204 = LINE ( 'NONE', #6126, #3508 ) ;
#9205 = CARTESIAN_POINT ( 'NONE',  ( 11.13621310223726368, 34.33421759231528370, 6.000000000000000000 ) ) ;
#9206 = ORIENTED_EDGE ( 'NONE', *, *, #4704, .T. ) ;
#9207 = VERTEX_POINT ( 'NONE', #3894 ) ;
#9208 = VECTOR ( 'NONE', #6154, 1000.000000000000000 ) ;
#9209 = FACE_OUTER_BOUND ( 'NONE', #3876, .T. ) ;
#9210 = EDGE_LOOP ( 'NONE', ( #6128, #9145, #6829, #3609 ) ) ;
#9211 = EDGE_CURVE ( 'NONE', #1832, #2299, #4099, .T. ) ;
#9212 = CARTESIAN_POINT ( 'NONE',  ( 40.40280365961161380, 31.99023488137319760, 7.400000000000000355 ) ) ;
#9213 = ORIENTED_EDGE ( 'NONE', *, *, #7049, .F. ) ;
#9214 = DIRECTION ( 'NONE',  ( 1.000000000000000000, 0.000000000000000000, -0.000000000000000000 ) ) ;
#9215 = CARTESIAN_POINT ( 'NONE',  ( 60.59504080363427647, 46.18247202539613028, 10.00000000000000000 ) ) ;
#9216 = CARTESIAN_POINT ( 'NONE',  ( 10.58880365760802356, 8.415085090169998949, 0.000000000000000000 ) ) ;
#9217 = LINE ( 'NONE', #4609, #9649 ) ;
#9218 = CARTESIAN_POINT ( 'NONE',  ( 20.40280365961182696, 35.99023488137318338, 10.00000000000000000 ) ) ;
#9219 = ORIENTED_EDGE ( 'NONE', *, *, #3161, .F. ) ;
#9220 = EDGE_CURVE ( 'NONE', #5781, #1854, #144, .T. ) ;
#9221 = DIRECTION ( 'NONE',  ( -0.5773502691896212902, -0.5773502691896212902, 0.5773502691896346128 ) ) ;
#9222 = EDGE_LOOP ( 'NONE', ( #8128, #2865, #4407, #2734 ) ) ;
#9223 = VERTEX_POINT ( 'NONE', #8651 ) ;
#9224 = CARTESIAN_POINT ( 'NONE',  ( 63.85907471738156005, 56.37470916941907007, 10.00000000000000000 ) ) ;
#9225 = DIRECTION ( 'NONE',  ( 1.000000000000000000, -0.000000000000000000, 0.000000000000000000 ) ) ;
#9226 = DIRECTION ( 'NONE',  ( -0.5000000000000001110, -0.8660254037844387076, 0.000000000000000000 ) ) ;
#9227 = DIRECTION ( 'NONE',  ( 0.8660254037844384856, 0.5000000000000002220, 0.000000000000000000 ) ) ;
#9228 = DIRECTION ( 'NONE',  ( 0.000000000000000000, 0.000000000000000000, -1.000000000000000000 ) ) ;
#9229 = CARTESIAN_POINT ( 'NONE',  ( 58.06984934592702530, 40.61884720954800088, 0.3999999999999975797 ) ) ;
#9230 = LINE ( 'NONE', #3100, #3528 ) ;
#9231 = ADVANCED_FACE ( 'NONE', ( #8756 ), #7138, .F. ) ;
#9232 = VERTEX_POINT ( 'NONE', #3331 ) ;
#9233 = VERTEX_POINT ( 'NONE', #9412 ) ;
#9234 = EDGE_CURVE ( 'NONE', #9792, #5302, #3997, .T. ) ;
#9235 = DIRECTION ( 'NONE',  ( 0.000000000000000000, 1.000000000000000000, 0.000000000000000000 ) ) ;
#9236 = EDGE_LOOP ( 'NONE', ( #2959, #4418, #6005, #258 ) ) ;
#9237 = ORIENTED_EDGE ( 'NONE', *, *, #4227, .T. ) ;
#9238 = ADVANCED_FACE ( 'NONE', ( #7038 ), #9458, .F. ) ;
#9239 = CARTESIAN_POINT ( 'NONE',  ( 63.28236328531291832, 25.79799773735023294, 7.400000000000000355 ) ) ;
#9240 = ADVANCED_FACE ( 'NONE', ( #4911 ), #1003, .F. ) ;
#9241 = DIRECTION ( 'NONE',  ( 0.000000000000000000, 0.000000000000000000, -1.000000000000000000 ) ) ;
#9242 = DIRECTION ( 'NONE',  ( -0.000000000000000000, -0.000000000000000000, 1.000000000000000000 ) ) ;
#9243 = EDGE_CURVE ( 'NONE', #8585, #2579, #7089, .T. ) ;
#9244 = ORIENTED_EDGE ( 'NONE', *, *, #5167, .T. ) ;
#9245 = EDGE_LOOP ( 'NONE', ( #28, #6337, #2218, #9533 ) ) ;
#9246 = CARTESIAN_POINT ( 'NONE',  ( 5.000000000000404121, 26.78967575694467129, 7.400000000000000355 ) ) ;
#9247 = AXIS2_PLACEMENT_3D ( 'NONE', #1125, #8819, #112 ) ;
#9248 = EDGE_LOOP ( 'NONE', ( #2933, #1792, #460, #8535 ) ) ;
#9249 = CARTESIAN_POINT ( 'NONE',  ( 63.28236328531291832, 23.35317541498460514, 10.00000000000000000 ) ) ;
#9250 = ADVANCED_FACE ( 'NONE', ( #4864 ), #7945, .F. ) ;
#9251 = FACE_BOUND ( 'NONE', #2975, .T. ) ;
#9252 = ADVANCED_FACE ( 'NONE', ( #8105 ), #8051, .F. ) ;
#9253 = FACE_OUTER_BOUND ( 'NONE', #596, .T. ) ;
#9254 = VERTEX_POINT ( 'NONE', #9759 ) ;
#9255 = VERTEX_POINT ( 'NONE', #4259 ) ;
#9256 = DIRECTION ( 'NONE',  ( 0.000000000000000000, -1.000000000000000000, 0.000000000000000000 ) ) ;
#9257 = ORIENTED_EDGE ( 'NONE', *, *, #1600, .T. ) ;
#9258 = APPLICATION_CONTEXT ( 'automotive_design' ) ;
#9259 = FACE_OUTER_BOUND ( 'NONE', #7591, .T. ) ;
#9260 = ORIENTED_EDGE ( 'NONE', *, *, #2847, .F. ) ;
#9261 = VECTOR ( 'NONE', #8784, 1000.000000000000000 ) ;
#9262 = FACE_OUTER_BOUND ( 'NONE', #4113, .T. ) ;
#9263 = DIRECTION ( 'NONE',  ( 0.000000000000000000, 0.000000000000000000, -1.000000000000000000 ) ) ;
#9264 = EDGE_CURVE ( 'NONE', #4776, #8226, #5875, .T. ) ;
#9265 = LINE ( 'NONE', #3695, #7065 ) ;
#9266 = VECTOR ( 'NONE', #6144, 1000.000000000000000 ) ;
#9267 = DIRECTION ( 'NONE',  ( -0.8660254037844375974, -0.5000000000000016653, 0.000000000000000000 ) ) ;
#9268 = ORIENTED_EDGE ( 'NONE', *, *, #4104, .T. ) ;
#9269 = EDGE_CURVE ( 'NONE', #2414, #1705, #7996, .T. ) ;
#9270 = CARTESIAN_POINT ( 'NONE',  ( 0.000000000000000000, 12.01402484683418415, 0.000000000000000000 ) ) ;
#9271 = ORIENTED_EDGE ( 'NONE', *, *, #1990, .F. ) ;
#9272 = VERTEX_POINT ( 'NONE', #400 ) ;
#9273 = VECTOR ( 'NONE', #2170, 1000.000000000000000 ) ;
#9274 = FACE_OUTER_BOUND ( 'NONE', #2192, .T. ) ;
#9275 = CARTESIAN_POINT ( 'NONE',  ( 10.59504080363480760, 42.18247202539614449, 7.400000000000000355 ) ) ;
#9276 = CARTESIAN_POINT ( 'NONE',  ( 66.93870204447355832, 37.99023488137319049, 7.400000000000000355 ) ) ;
#9277 = CARTESIAN_POINT ( 'NONE',  ( 20.85129627085182946, 23.35317541498460159, 10.00000000000000000 ) ) ;
#9278 = EDGE_CURVE ( 'NONE', #5237, #5798, #1050, .T. ) ;
#9279 = EDGE_CURVE ( 'NONE', #5481, #1591, #8908, .T. ) ;
#9280 = DIRECTION ( 'NONE',  ( 0.000000000000000000, -1.000000000000000000, 0.000000000000000000 ) ) ;
#9281 = CARTESIAN_POINT ( 'NONE',  ( 73.47460042933569468, 31.99023488137320470, 7.400000000000000355 ) ) ;
#9282 = CARTESIAN_POINT ( 'NONE',  ( 71.31952070086403239, 0.000000000000000000, 4.000000000000000000 ) ) ;
#9283 = ORIENTED_EDGE ( 'NONE', *, *, #5416, .F. ) ;
#9284 = EDGE_LOOP ( 'NONE', ( #2841, #8672, #3759, #2905 ) ) ;
#9285 = LINE ( 'NONE', #1592, #2629 ) ;
#9286 = ORIENTED_EDGE ( 'NONE', *, *, #4810, .F. ) ;
#9287 = ORIENTED_EDGE ( 'NONE', *, *, #2411, .F. ) ;
#9288 = EDGE_CURVE ( 'NONE', #3132, #4017, #3434, .T. ) ;
#9289 = DIRECTION ( 'NONE',  ( -0.000000000000000000, -0.000000000000000000, -1.000000000000000000 ) ) ;
#9290 = CARTESIAN_POINT ( 'NONE',  ( 78.02984732797568768, 28.93771831048097454, 4.000000000000000000 ) ) ;
#9291 = PLANE ( 'NONE',  #3827 ) ;
#9292 = ORIENTED_EDGE ( 'NONE', *, *, #1551, .T. ) ;
#9293 = VERTEX_POINT ( 'NONE', #1970 ) ;
#9294 = CARTESIAN_POINT ( 'NONE',  ( 10.40280365961193354, 35.99023488137318338, 7.400000000000000355 ) ) ;
#9295 = VERTEX_POINT ( 'NONE', #2015 ) ;
#9296 = DIRECTION ( 'NONE',  ( 0.000000000000000000, -0.7071067811865475727, 0.7071067811865475727 ) ) ;
#9297 = VECTOR ( 'NONE', #9126, 1000.000000000000114 ) ;
#9298 = PLANE ( 'NONE',  #614 ) ;
#9299 = DIRECTION ( 'NONE',  ( 0.7055411418617777430, -0.7086689616036383477, 0.000000000000000000 ) ) ;
#9300 = ORIENTED_EDGE ( 'NONE', *, *, #8230, .T. ) ;
#9301 = EDGE_LOOP ( 'NONE', ( #1350, #2618, #519, #4311, #7487, #7630 ) ) ;
#9302 = DIRECTION ( 'NONE',  ( 0.000000000000000000, -1.000000000000000000, 0.000000000000000000 ) ) ;
#9303 = VERTEX_POINT ( 'NONE', #4153 ) ;
#9304 = EDGE_CURVE ( 'NONE', #5518, #2046, #5022, .T. ) ;
#9305 = DIRECTION ( 'NONE',  ( 1.000000000000000000, -0.000000000000000000, 0.000000000000000000 ) ) ;
#9306 = VECTOR ( 'NONE', #811, 1000.000000000000000 ) ;
#9307 = EDGE_CURVE ( 'NONE', #8174, #2606, #1108, .T. ) ;
#9308 = CARTESIAN_POINT ( 'NONE',  ( 0.000000000000000000, 0.000000000000000000, 7.400000000000000355 ) ) ;
#9309 = DIRECTION ( 'NONE',  ( -1.577021341797097018E-15, -1.000000000000000000, 0.000000000000000000 ) ) ;
#9310 = FACE_OUTER_BOUND ( 'NONE', #8901, .T. ) ;
#9311 = VECTOR ( 'NONE', #6760, 1000.000000000000000 ) ;
#9312 = LINE ( 'NONE', #6992, #7906 ) ;
#9313 = VERTEX_POINT ( 'NONE', #3384 ) ;
#9314 = FACE_OUTER_BOUND ( 'NONE', #3823, .T. ) ;
#9315 = ORIENTED_EDGE ( 'NONE', *, *, #5201, .F. ) ;
#9316 = EDGE_CURVE ( 'NONE', #6687, #6817, #8859, .T. ) ;
#9317 = AXIS2_PLACEMENT_3D ( 'NONE', #2936, #3036, #6034 ) ;
#9318 = ORIENTED_EDGE ( 'NONE', *, *, #852, .F. ) ;
#9319 = VECTOR ( 'NONE', #6552, 1000.000000000000000 ) ;
#9320 = DIRECTION ( 'NONE',  ( 0.000000000000000000, 1.000000000000000000, 0.000000000000000000 ) ) ;
#9321 = CARTESIAN_POINT ( 'NONE',  ( 76.16692151384303600, 8.415085090169998949, 10.00099999999999945 ) ) ;
#9322 = FACE_OUTER_BOUND ( 'NONE', #6506, .T. ) ;
#9323 = PLANE ( 'NONE',  #7563 ) ;
#9324 = CARTESIAN_POINT ( 'NONE',  ( 40.78727794765736547, 52.37470916941909138, 10.00000000000000000 ) ) ;
#9325 = LINE ( 'NONE', #1679, #3220 ) ;
#9326 = DIRECTION ( 'NONE',  ( 0.8660254037844384856, 0.5000000000000002220, 0.000000000000000000 ) ) ;
#9327 = VECTOR ( 'NONE', #982, 1000.000000000000000 ) ;
#9328 = AXIS2_PLACEMENT_3D ( 'NONE', #3610, #8181, #2003 ) ;
#9329 = ORIENTED_EDGE ( 'NONE', *, *, #498, .F. ) ;
#9330 = EDGE_LOOP ( 'NONE', ( #6763, #6314 ) ) ;
#9331 = CARTESIAN_POINT ( 'NONE',  ( 43.85907471738176611, 52.37470916941909849, 10.00000000000000000 ) ) ;
#9332 = ORIENTED_EDGE ( 'NONE', *, *, #1983, .F. ) ;
#9333 = EDGE_CURVE ( 'NONE', #5104, #1685, #7342, .T. ) ;
#9334 = ADVANCED_FACE ( 'NONE', ( #6686 ), #4307, .F. ) ;
#9335 = ORIENTED_EDGE ( 'NONE', *, *, #3692, .T. ) ;
#9336 = EDGE_CURVE ( 'NONE', #7337, #9684, #454, .T. ) ;
#9337 = LINE ( 'NONE', #9434, #3554 ) ;
#9338 = AXIS2_PLACEMENT_3D ( 'NONE', #9990, #3054, #7851 ) ;
#9339 = CARTESIAN_POINT ( 'NONE',  ( 6.746464900451311308, 27.79799773735024004, 10.00000000000000000 ) ) ;
#9340 = AXIS2_PLACEMENT_3D ( 'NONE', #4838, #2497, #1787 ) ;
#9341 = DIRECTION ( 'NONE',  ( 1.000000000000000000, 0.000000000000000000, -0.000000000000000000 ) ) ;
#9342 = SURFACE_SIDE_STYLE ('',( #6465 ) ) ;
#9343 = ADVANCED_FACE ( 'NONE', ( #5111 ), #6645, .F. ) ;
#9344 = VERTEX_POINT ( 'NONE', #8198 ) ;
#9345 = ORIENTED_EDGE ( 'NONE', *, *, #9278, .T. ) ;
#9346 = VECTOR ( 'NONE', #179, 1000.000000000000000 ) ;
#9347 = CARTESIAN_POINT ( 'NONE',  ( 40.78727794765736547, 56.37470916941907717, 10.00000000000000000 ) ) ;
#9348 = VERTEX_POINT ( 'NONE', #1252 ) ;
#9349 = EDGE_CURVE ( 'NONE', #1515, #4286, #6490, .T. ) ;
#9350 = CARTESIAN_POINT ( 'NONE',  ( 56.93870204447365779, 37.99023488137319049, 7.400000000000000355 ) ) ;
#9351 = VECTOR ( 'NONE', #5375, 1000.000000000000000 ) ;
#9352 = VECTOR ( 'NONE', #3901, 1000.000000000000000 ) ;
#9353 = PLANE ( 'NONE',  #1875 ) ;
#9354 = VECTOR ( 'NONE', #1309, 1000.000000000000000 ) ;
#9355 = CARTESIAN_POINT ( 'NONE',  ( 46.94653210253800779, 34.88980021391638076, 3.399999999999983036 ) ) ;
#9356 = PLANE ( 'NONE',  #9854 ) ;
#9357 = EDGE_CURVE ( 'NONE', #9762, #616, #8804, .T. ) ;
#9358 = ORIENTED_EDGE ( 'NONE', *, *, #8185, .F. ) ;
#9359 = ORIENTED_EDGE ( 'NONE', *, *, #9827, .F. ) ;
#9360 = DIRECTION ( 'NONE',  ( -0.3446779346331528826, -0.9387210029487057517, -0.000000000000000000 ) ) ;
#9361 = ORIENTED_EDGE ( 'NONE', *, *, #6514, .T. ) ;
#9362 = VECTOR ( 'NONE', #9614, 1000.000000000000000 ) ;
#9363 = EDGE_CURVE ( 'NONE', #378, #8609, #5725, .T. ) ;
#9364 = DIRECTION ( 'NONE',  ( 1.887397745837881465E-14, 1.000000000000000000, -0.000000000000000000 ) ) ;
#9365 = CARTESIAN_POINT ( 'NONE',  ( 77.98218423212703954, 5.000000000000023093, 0.000000000000000000 ) ) ;
#9366 = VECTOR ( 'NONE', #3473, 1000.000000000000000 ) ;
#9367 = PLANE ( 'NONE',  #1568 ) ;
#9368 = DIRECTION ( 'NONE',  ( 0.000000000000000000, -1.000000000000000000, 0.000000000000000000 ) ) ;
#9369 = ORIENTED_EDGE ( 'NONE', *, *, #2909, .F. ) ;
#9370 = LINE ( 'NONE', #1767, #8308 ) ;
#9371 = EDGE_LOOP ( 'NONE', ( #2282, #1625, #5439, #5306 ) ) ;
#9372 = EDGE_LOOP ( 'NONE', ( #443, #7640, #1258, #2795, #4082, #1029 ) ) ;
#9373 = DIRECTION ( 'NONE',  ( 0.8660254037844384856, 0.5000000000000002220, 0.000000000000000000 ) ) ;
#9374 = FACE_OUTER_BOUND ( 'NONE', #76, .T. ) ;
#9375 = PLANE ( 'NONE',  #1220 ) ;
#9376 = CARTESIAN_POINT ( 'NONE',  ( 25.52610449534172687, 52.77490806565516834, 6.000000000000000000 ) ) ;
#9377 = CARTESIAN_POINT ( 'NONE',  ( 76.93870204447344463, 29.99023488137320115, 7.400000000000000355 ) ) ;
#9378 = DIRECTION ( 'NONE',  ( -0.8660254037844377084, 0.5000000000000015543, 0.000000000000000000 ) ) ;
#9379 = CARTESIAN_POINT ( 'NONE',  ( 12.01402484683469041, 0.000000000000000000, 4.000000000000000000 ) ) ;
#9380 = EDGE_CURVE ( 'NONE', #9295, #8334, #8714, .T. ) ;
#9381 = ORIENTED_EDGE ( 'NONE', *, *, #8795, .F. ) ;
#9382 = ORIENTED_EDGE ( 'NONE', *, *, #311, .F. ) ;
#9383 = DIRECTION ( 'NONE',  ( -0.8660254037844385966, 0.5000000000000000000, 0.000000000000000000 ) ) ;
#9384 = VERTEX_POINT ( 'NONE', #7482 ) ;
#9385 = ORIENTED_EDGE ( 'NONE', *, *, #2267, .T. ) ;
#9386 = PLANE ( 'NONE',  #5507 ) ;
#9387 = VECTOR ( 'NONE', #6859, 1000.000000000000000 ) ;
#9388 = DIRECTION ( 'NONE',  ( -0.000000000000000000, -0.000000000000000000, 1.000000000000000000 ) ) ;
#9389 = PLANE ( 'NONE',  #9951 ) ;
#9390 = LINE ( 'NONE', #4840, #7717 ) ;
#9391 = ADVANCED_FACE ( 'NONE', ( #9253 ), #6835, .F. ) ;
#9392 = VERTEX_POINT ( 'NONE', #2114 ) ;
#9393 = ORIENTED_EDGE ( 'NONE', *, *, #885, .T. ) ;
#9394 = EDGE_CURVE ( 'NONE', #3005, #6926, #6731, .T. ) ;
#9395 = PLANE ( 'NONE',  #8287 ) ;
#9396 = VERTEX_POINT ( 'NONE', #9205 ) ;
#9397 = LINE ( 'NONE', #5555, #3284 ) ;
#9398 = DIRECTION ( 'NONE',  ( -0.000000000000000000, -0.000000000000000000, 1.000000000000000000 ) ) ;
#9399 = CARTESIAN_POINT ( 'NONE',  ( 37.32317633251962263, 50.37470916941909138, 10.00000000000000000 ) ) ;
#9400 = CARTESIAN_POINT ( 'NONE',  ( 36.74646490045099512, 27.79799773735024004, 7.400000000000000355 ) ) ;
#9401 = EDGE_CURVE ( 'NONE', #7940, #8298, #1460, .T. ) ;
#9402 = VECTOR ( 'NONE', #702, 1000.000000000000000 ) ;
#9403 = LINE ( 'NONE', #2465, #3865 ) ;
#9404 = ORIENTED_EDGE ( 'NONE', *, *, #7673, .F. ) ;
#9405 = VERTEX_POINT ( 'NONE', #5974 ) ;
#9406 = DIRECTION ( 'NONE',  ( 0.5000000000000012212, 0.8660254037844380415, 0.000000000000000000 ) ) ;
#9407 = EDGE_LOOP ( 'NONE', ( #1097, #3720, #831, #234 ) ) ;
#9408 = EDGE_CURVE ( 'NONE', #8316, #5518, #6173, .T. ) ;
#9409 = DIRECTION ( 'NONE',  ( -0.000000000000000000, -0.000000000000000000, 1.000000000000000000 ) ) ;
#9410 = CARTESIAN_POINT ( 'NONE',  ( 70.21056651558843953, 25.79799773735024004, 7.400000000000000355 ) ) ;
#9411 = PLANE ( 'NONE',  #6271 ) ;
#9412 = CARTESIAN_POINT ( 'NONE',  ( 50.59504080363439016, 46.18247202539613028, 7.400000000000000355 ) ) ;
#9413 = ORIENTED_EDGE ( 'NONE', *, *, #4731, .F. ) ;
#9414 = VECTOR ( 'NONE', #1194, 1000.000000000000000 ) ;
#9415 = EDGE_CURVE ( 'NONE', #7667, #8880, #3622, .T. ) ;
#9416 = DIRECTION ( 'NONE',  ( -0.5000000000000001110, -0.8660254037844387076, 0.000000000000000000 ) ) ;
#9417 = ORIENTED_EDGE ( 'NONE', *, *, #5584, .T. ) ;
#9418 = EDGE_CURVE ( 'NONE', #2556, #7938, #4553, .T. ) ;
#9419 = CARTESIAN_POINT ( 'NONE',  ( 37.13093918849674679, 40.18247202539614449, 7.400000000000000355 ) ) ;
#9420 = LINE ( 'NONE', #6195, #9182 ) ;
#9421 = LINE ( 'NONE', #2485, #9632 ) ;
#9422 = VECTOR ( 'NONE', #2644, 1000.000000000000000 ) ;
#9423 = LINE ( 'NONE', #2486, #4169 ) ;
#9424 = FACE_OUTER_BOUND ( 'NONE', #3751, .T. ) ;
#9425 = CARTESIAN_POINT ( 'NONE',  ( 3.666837573359307267, 42.18247202539615159, 7.400000000000000355 ) ) ;
#9426 = DIRECTION ( 'NONE',  ( 0.7080603743397965166, 0.7061519002946796686, -0.000000000000000000 ) ) ;
#9427 = ORIENTED_EDGE ( 'NONE', *, *, #4925, .F. ) ;
#9428 = VERTEX_POINT ( 'NONE', #10015 ) ;
#9429 = DIRECTION ( 'NONE',  ( -0.7071067811865457964, 0.7071067811865492381, 0.000000000000000000 ) ) ;
#9430 = AXIS2_PLACEMENT_3D ( 'NONE', #2001, #3367, #3417 ) ;
#9431 = ORIENTED_EDGE ( 'NONE', *, *, #4730, .F. ) ;
#9432 = VECTOR ( 'NONE', #7281, 1000.000000000000000 ) ;
#9433 = ORIENTED_EDGE ( 'NONE', *, *, #1815, .F. ) ;
#9434 = CARTESIAN_POINT ( 'NONE',  ( 13.66683757335920113, 42.18247202539615159, 7.400000000000000355 ) ) ;
#9435 = CARTESIAN_POINT ( 'NONE',  ( 60.21056651558853190, 21.79799773735025070, 7.400000000000000355 ) ) ;
#9436 = LINE ( 'NONE', #70, #7040 ) ;
#9437 = DIRECTION ( 'NONE',  ( -0.8660254037844373753, -0.5000000000000021094, 0.000000000000000000 ) ) ;
#9438 = ORIENTED_EDGE ( 'NONE', *, *, #1359, .T. ) ;
#9439 = ORIENTED_EDGE ( 'NONE', *, *, #9781, .F. ) ;
#9440 = CARTESIAN_POINT ( 'NONE',  ( 56.57646550717664979, 19.25986680927773520, 13.02993340463885019 ) ) ;
#9441 = ORIENTED_EDGE ( 'NONE', *, *, #9279, .F. ) ;
#9442 = ORIENTED_EDGE ( 'NONE', *, *, #5219, .T. ) ;
#9443 = EDGE_CURVE ( 'NONE', #5274, #8583, #1507, .T. ) ;
#9444 = LINE ( 'NONE', #2504, #8069 ) ;
#9445 = CARTESIAN_POINT ( 'NONE',  ( 33.85907471738186558, 52.37470916941909849, 7.400000000000000355 ) ) ;
#9446 = PLANE ( 'NONE',  #582 ) ;
#9447 = DIRECTION ( 'NONE',  ( -1.000000000000000000, 0.000000000000000000, 0.000000000000000000 ) ) ;
#9448 = FACE_OUTER_BOUND ( 'NONE', #2817, .T. ) ;
#9449 = EDGE_LOOP ( 'NONE', ( #5453, #752, #9404, #9788 ) ) ;
#9450 = ORIENTED_EDGE ( 'NONE', *, *, #2955, .T. ) ;
#9451 = LINE ( 'NONE', #897, #6673 ) ;
#9452 = ORIENTED_EDGE ( 'NONE', *, *, #3325, .T. ) ;
#9453 = EDGE_CURVE ( 'NONE', #7132, #5237, #9911, .T. ) ;
#9454 = EDGE_CURVE ( 'NONE', #9396, #5641, #9057, .T. ) ;
#9455 = LINE ( 'NONE', #3891, #242 ) ;
#9456 = DIRECTION ( 'NONE',  ( 9.324293839476711010E-05, 0.9999999956528771161, 0.000000000000000000 ) ) ;
#9457 = CARTESIAN_POINT ( 'NONE',  ( 40.78727794765736547, 52.37470916941909138, 7.400000000000000355 ) ) ;
#9458 = PLANE ( 'NONE',  #9846 ) ;
#9459 = ORIENTED_EDGE ( 'NONE', *, *, #5712, .F. ) ;
#9460 = VECTOR ( 'NONE', #1529, 1000.000000000000000 ) ;
#9461 = EDGE_CURVE ( 'NONE', #115, #8975, #9104, .T. ) ;
#9462 = DIRECTION ( 'NONE',  ( -0.8660254037844379305, 0.5000000000000011102, 0.000000000000000000 ) ) ;
#9463 = ORIENTED_EDGE ( 'NONE', *, *, #514, .T. ) ;
#9464 = EDGE_CURVE ( 'NONE', #4929, #1387, #8248, .T. ) ;
#9465 = CARTESIAN_POINT ( 'NONE',  ( 46.93870204447377148, 29.99023488137320115, 10.00000000000000000 ) ) ;
#9466 = DIRECTION ( 'NONE',  ( -0.8660254037844370423, -0.5000000000000028866, 0.000000000000000000 ) ) ;
#9467 = VECTOR ( 'NONE', #4861, 1000.000000000000000 ) ;
#9468 = DIRECTION ( 'NONE',  ( -0.000000000000000000, 0.000000000000000000, 1.000000000000000000 ) ) ;
#9469 = EDGE_CURVE ( 'NONE', #8412, #8833, #8445, .T. ) ;
#9470 = PLANE ( 'NONE',  #4340 ) ;
#9471 = CARTESIAN_POINT ( 'NONE',  ( 65.34807733323546586, 45.95871309031685570, 5.000000000000000000 ) ) ;
#9472 = FACE_OUTER_BOUND ( 'NONE', #2232, .T. ) ;
#9473 = EDGE_LOOP ( 'NONE', ( #37, #4325, #7596, #9427, #8849, #7093 ) ) ;
#9474 = CARTESIAN_POINT ( 'NONE',  ( 66.93870204447355832, 37.99023488137319049, 7.400000000000000355 ) ) ;
#9475 = DIRECTION ( 'NONE',  ( 1.000000000000000000, 0.000000000000000000, -0.000000000000000000 ) ) ;
#9476 = ORIENTED_EDGE ( 'NONE', *, *, #4269, .F. ) ;
#9477 = VECTOR ( 'NONE', #9972, 1000.000000000000000 ) ;
#9478 = VECTOR ( 'NONE', #178, 1000.000000000000227 ) ;
#9479 = CARTESIAN_POINT ( 'NONE',  ( 37.13093918849674679, 48.18247202539613028, 10.00000000000000000 ) ) ;
#9480 = ORIENTED_EDGE ( 'NONE', *, *, #3311, .T. ) ;
#9481 = VERTEX_POINT ( 'NONE', #4446 ) ;
#9482 = LINE ( 'NONE', #1638, #5834 ) ;
#9483 = CARTESIAN_POINT ( 'NONE',  ( 57.13093918849653363, 40.18247202539614449, 10.00000000000000000 ) ) ;
#9484 = CARTESIAN_POINT ( 'NONE',  ( 67.32317633251929578, 50.37470916941909138, 10.00000000000000000 ) ) ;
#9485 = AXIS2_PLACEMENT_3D ( 'NONE', #9948, #7577, #8332 ) ;
#9486 = VECTOR ( 'NONE', #2998, 1000.000000000000000 ) ;
#9487 = ORIENTED_EDGE ( 'NONE', *, *, #9401, .T. ) ;
#9488 = ORIENTED_EDGE ( 'NONE', *, *, #8588, .F. ) ;
#9489 = DIRECTION ( 'NONE',  ( 1.000000000000000000, -0.000000000000000000, 0.000000000000000000 ) ) ;
#9490 = VERTEX_POINT ( 'NONE', #4401 ) ;
#9491 = VECTOR ( 'NONE', #9975, 1000.000000000000000 ) ;
#9492 = DIRECTION ( 'NONE',  ( 0.8660254037844384856, 0.5000000000000002220, 0.000000000000000000 ) ) ;
#9493 = EDGE_LOOP ( 'NONE', ( #5246, #2217, #4524, #2179 ) ) ;
#9494 = AXIS2_PLACEMENT_3D ( 'NONE', #2047, #383, #4388 ) ;
#9495 = DIRECTION ( 'NONE',  ( -1.000000000000000000, 1.652117596168386770E-15, 0.000000000000000000 ) ) ;
#9496 = DIRECTION ( 'NONE',  ( 0.000000000000000000, 0.000000000000000000, -1.000000000000000000 ) ) ;
#9497 = CARTESIAN_POINT ( 'NONE',  ( 24.39487291362403099, 59.35339717067414256, 6.000000000000000000 ) ) ;
#9498 = LINE ( 'NONE', #9553, #5801 ) ;
#9499 = VECTOR ( 'NONE', #4459, 1000.000000000000000 ) ;
#9500 = LINE ( 'NONE', #1912, #6640 ) ;
#9501 = ORIENTED_EDGE ( 'NONE', *, *, #3890, .F. ) ;
#9502 = ORIENTED_EDGE ( 'NONE', *, *, #9211, .F. ) ;
#9503 = ADVANCED_FACE ( 'NONE', ( #7529 ), #2269, .F. ) ;
#9504 = DIRECTION ( 'NONE',  ( 1.000000000000000000, 0.000000000000000000, 0.000000000000000000 ) ) ;
#9505 = ORIENTED_EDGE ( 'NONE', *, *, #1088, .F. ) ;
#9506 = VECTOR ( 'NONE', #500, 1000.000000000000000 ) ;
#9507 = VECTOR ( 'NONE', #1009, 1000.000000000000227 ) ;
#9508 = VECTOR ( 'NONE', #2763, 1000.000000000000227 ) ;
#9509 = CARTESIAN_POINT ( 'NONE',  ( 11.30691806564784763, 11.30691806564793467, 0.000000000000000000 ) ) ;
#9510 = DIRECTION ( 'NONE',  ( 0.000000000000000000, 0.000000000000000000, -1.000000000000000000 ) ) ;
#9511 = LINE ( 'NONE', #3130, #9822 ) ;
#9512 = DIRECTION ( 'NONE',  ( -0.7071067811863814834, -0.7071067811867136621, 0.000000000000000000 ) ) ;
#9513 = ORIENTED_EDGE ( 'NONE', *, *, #9168, .T. ) ;
#9514 = EDGE_CURVE ( 'NONE', #3273, #2522, #650, .T. ) ;
#9515 = EDGE_CURVE ( 'NONE', #3516, #5466, #2926, .T. ) ;
#9516 = VECTOR ( 'NONE', #9926, 1000.000000000000000 ) ;
#9517 = DIRECTION ( 'NONE',  ( 0.000000000000000000, 0.000000000000000000, 1.000000000000000000 ) ) ;
#9518 = ORIENTED_EDGE ( 'NONE', *, *, #146, .T. ) ;
#9519 = DIRECTION ( 'NONE',  ( 0.000000000000000000, -1.000000000000000000, 0.000000000000000000 ) ) ;
#9520 = VECTOR ( 'NONE', #4040, 1000.000000000000114 ) ;
#9521 = CARTESIAN_POINT ( 'NONE',  ( 80.59504080363404910, 46.18247202539613028, 7.400000000000000355 ) ) ;
#9522 = CARTESIAN_POINT ( 'NONE',  ( 6.746464900451311308, 27.79799773735024004, 7.400000000000000355 ) ) ;
#9523 = DIRECTION ( 'NONE',  ( -0.000000000000000000, -0.000000000000000000, 1.000000000000000000 ) ) ;
#9524 = PLANE ( 'NONE',  #3338 ) ;
#9525 = LINE ( 'NONE', #8766, #7105 ) ;
#9526 = FACE_OUTER_BOUND ( 'NONE', #8335, .T. ) ;
#9527 = CARTESIAN_POINT ( 'NONE',  ( 53.48264078761654616, 52.77490806565516834, 6.000000000000000000 ) ) ;
#9528 = EDGE_CURVE ( 'NONE', #3547, #352, #3834, .T. ) ;
#9529 = CARTESIAN_POINT ( 'NONE',  ( 73.66683757335856342, 42.18247202539615159, 10.00000000000000000 ) ) ;
#9530 = ORIENTED_EDGE ( 'NONE', *, *, #2172, .T. ) ;
#9531 = LINE ( 'NONE', #5690, #9422 ) ;
#9532 = ORIENTED_EDGE ( 'NONE', *, *, #9084, .F. ) ;
#9533 = ORIENTED_EDGE ( 'NONE', *, *, #3246, .F. ) ;
#9534 = CARTESIAN_POINT ( 'NONE',  ( 13.28236328531345123, 25.79799773735023294, 7.400000000000000355 ) ) ;
#9535 = CARTESIAN_POINT ( 'NONE',  ( 50.59504080363439016, 46.18247202539613028, 7.400000000000000355 ) ) ;
#9536 = LINE ( 'NONE', #7866, #8814 ) ;
#9537 = EDGE_CURVE ( 'NONE', #6678, #4128, #3271, .T. ) ;
#9538 = FACE_OUTER_BOUND ( 'NONE', #9093, .T. ) ;
#9539 = VECTOR ( 'NONE', #414, 1000.000000000000000 ) ;
#9540 = VERTEX_POINT ( 'NONE', #7781 ) ;
#9541 = ORIENTED_EDGE ( 'NONE', *, *, #357, .F. ) ;
#9542 = DIRECTION ( 'NONE',  ( -0.000000000000000000, -0.000000000000000000, -1.000000000000000000 ) ) ;
#9543 = ORIENTED_EDGE ( 'NONE', *, *, #9380, .T. ) ;
#9544 = EDGE_CURVE ( 'NONE', #7277, #2410, #1753, .T. ) ;
#9545 = EDGE_CURVE ( 'NONE', #4865, #6595, #2368, .T. ) ;
#9546 = DIRECTION ( 'NONE',  ( 1.000000000000000000, 6.313997449038182439E-16, 0.000000000000000000 ) ) ;
#9547 = ORIENTED_EDGE ( 'NONE', *, *, #347, .F. ) ;
#9548 = VECTOR ( 'NONE', #5086, 1000.000000000000000 ) ;
#9549 = DIRECTION ( 'NONE',  ( -1.000000000000000000, 0.000000000000000000, 0.000000000000000000 ) ) ;
#9550 = EDGE_CURVE ( 'NONE', #2550, #9384, #9403, .T. ) ;
#9551 = FACE_OUTER_BOUND ( 'NONE', #8109, .T. ) ;
#9552 = DIRECTION ( 'NONE',  ( -0.8660254037844378194, -0.5000000000000013323, 0.000000000000000000 ) ) ;
#9553 = CARTESIAN_POINT ( 'NONE',  ( 67.32317633251929578, 58.37470916941907717, 7.400000000000000355 ) ) ;
#9554 = LINE ( 'NONE', #8142, #9366 ) ;
#9555 = VERTEX_POINT ( 'NONE', #7827 ) ;
#9556 = ORIENTED_EDGE ( 'NONE', *, *, #3205, .F. ) ;
#9557 = CARTESIAN_POINT ( 'NONE',  ( 46.93870204447377148, 29.99023488137320115, 7.400000000000000355 ) ) ;
#9558 = ORIENTED_EDGE ( 'NONE', *, *, #4562, .T. ) ;
#9559 = EDGE_CURVE ( 'NONE', #9428, #5378, #949, .T. ) ;
#9560 = EDGE_CURVE ( 'NONE', #7818, #2642, #5411, .T. ) ;
#9561 = LINE ( 'NONE', #2570, #8504 ) ;
#9562 = VECTOR ( 'NONE', #6130, 1000.000000000000227 ) ;
#9563 = DIRECTION ( 'NONE',  ( 0.000000000000000000, 0.000000000000000000, 1.000000000000000000 ) ) ;
#9564 = LINE ( 'NONE', #8755, #3833 ) ;
#9565 = DIRECTION ( 'NONE',  ( -0.000000000000000000, -0.000000000000000000, 1.000000000000000000 ) ) ;
#9566 = ORIENTED_EDGE ( 'NONE', *, *, #3034, .T. ) ;
#9567 = PLANE ( 'NONE',  #3927 ) ;
#9568 = VERTEX_POINT ( 'NONE', #8544 ) ;
#9569 = CARTESIAN_POINT ( 'NONE',  ( 56.93870204447365779, 37.99023488137319049, 7.400000000000000355 ) ) ;
#9570 = ADVANCED_FACE ( 'NONE', ( #82 ), #5514, .T. ) ;
#9571 = DIRECTION ( 'NONE',  ( 0.5000000000000012212, 0.8660254037844380415, 0.000000000000000000 ) ) ;
#9572 = LINE ( 'NONE', #5732, #3637 ) ;
#9573 = PLANE ( 'NONE',  #5627 ) ;
#9574 = CARTESIAN_POINT ( 'NONE',  ( 50.59504080363439016, 42.18247202539614449, 7.400000000000000355 ) ) ;
#9575 = DIRECTION ( 'NONE',  ( 0.000000000000000000, -0.7071067811865556774, 0.7071067811865393571 ) ) ;
#9576 = AXIS2_PLACEMENT_3D ( 'NONE', #5202, #1339, #3016 ) ;
#9577 = DIRECTION ( 'NONE',  ( -0.8660254037844379305, 0.5000000000000011102, 0.000000000000000000 ) ) ;
#9578 = LINE ( 'NONE', #469, #1287 ) ;
#9579 = DIRECTION ( 'NONE',  ( -0.7071067811867136621, 0.7071067811863814834, 0.000000000000000000 ) ) ;
#9580 = EDGE_LOOP ( 'NONE', ( #909, #7812, #2117, #4828, #4230, #2513 ) ) ;
#9581 = CARTESIAN_POINT ( 'NONE',  ( 80.40280365961119458, 35.99023488137318338, 10.00000000000000000 ) ) ;
#9582 = VERTEX_POINT ( 'NONE', #4698 ) ;
#9583 = ORIENTED_EDGE ( 'NONE', *, *, #7360, .F. ) ;
#9584 = VECTOR ( 'NONE', #4777, 1000.000000000000227 ) ;
#9585 = CARTESIAN_POINT ( 'NONE',  ( 40.40280365961161380, 35.99023488137318338, 7.400000000000000355 ) ) ;
#9586 = ADVANCED_FACE ( 'NONE', ( #3884 ), #3983, .F. ) ;
#9587 = DIRECTION ( 'NONE',  ( 0.5000000000000008882, 0.8660254037844381525, 0.000000000000000000 ) ) ;
#9588 = DIRECTION ( 'NONE',  ( 0.000000000000000000, -1.000000000000000000, 0.000000000000000000 ) ) ;
#9589 = LINE ( 'NONE', #3410, #444 ) ;
#9590 = VECTOR ( 'NONE', #8108, 1000.000000000000000 ) ;
#9591 = VERTEX_POINT ( 'NONE', #1700 ) ;
#9592 = VERTEX_POINT ( 'NONE', #3318 ) ;
#9593 = LINE ( 'NONE', #2553, #5063 ) ;
#9594 = VERTEX_POINT ( 'NONE', #5559 ) ;
#9595 = ORIENTED_EDGE ( 'NONE', *, *, #7503, .F. ) ;
#9596 = CARTESIAN_POINT ( 'NONE',  ( 33.66683757335898974, 42.18247202539615159, 7.400000000000000355 ) ) ;
#9597 = ORIENTED_EDGE ( 'NONE', *, *, #6841, .T. ) ;
#9598 = DIRECTION ( 'NONE',  ( -0.5773502691896222894, -0.5773502691896194028, 0.5773502691896356120 ) ) ;
#9599 = VECTOR ( 'NONE', #278, 1000.000000000000227 ) ;
#9600 = CARTESIAN_POINT ( 'NONE',  ( 20.78727794765757864, 52.37470916941909138, 10.00000000000000000 ) ) ;
#9601 = DIRECTION ( 'NONE',  ( -1.000000000000000000, 0.000000000000000000, 0.000000000000000000 ) ) ;
#9602 = CARTESIAN_POINT ( 'NONE',  ( 53.66683757335877658, 42.18247202539615159, 10.00000000000000000 ) ) ;
#9603 = ADVANCED_FACE ( 'NONE', ( #6277 ), #9356, .F. ) ;
#9604 = CARTESIAN_POINT ( 'NONE',  ( 66.34084972657723256, 23.61190122397092495, 4.000000000000000000 ) ) ;
#9605 = DIRECTION ( 'NONE',  ( -0.000000000000000000, -0.000000000000000000, 1.000000000000000000 ) ) ;
#9606 = ORIENTED_EDGE ( 'NONE', *, *, #1790, .T. ) ;
#9607 = ORIENTED_EDGE ( 'NONE', *, *, #6968, .F. ) ;
#9608 = DIRECTION ( 'NONE',  ( -0.000000000000000000, -0.000000000000000000, -1.000000000000000000 ) ) ;
#9609 = ORIENTED_EDGE ( 'NONE', *, *, #4795, .T. ) ;
#9610 = EDGE_CURVE ( 'NONE', #2169, #7429, #6377, .T. ) ;
#9611 = CARTESIAN_POINT ( 'NONE',  ( 41.42884860408194214, 27.75317541498460372, -10.67514906227531313 ) ) ;
#9612 = LINE ( 'NONE', #6587, #8381 ) ;
#9613 = LINE ( 'NONE', #2675, #1244 ) ;
#9614 = DIRECTION ( 'NONE',  ( -0.000000000000000000, -0.000000000000000000, 1.000000000000000000 ) ) ;
#9615 = ORIENTED_EDGE ( 'NONE', *, *, #2383, .T. ) ;
#9616 = ADVANCED_FACE ( 'NONE', ( #9448 ), #5609, .F. ) ;
#9617 = CARTESIAN_POINT ( 'NONE',  ( 7.130939188497061210, 48.18247202539613028, 7.400000000000000355 ) ) ;
#9618 = EDGE_LOOP ( 'NONE', ( #8017, #6565, #954, #340 ) ) ;
#9619 = LINE ( 'NONE', #3339, #7573 ) ;
#9620 = CARTESIAN_POINT ( 'NONE',  ( 10.21056651558905770, 21.79799773735025070, 7.400000000000000355 ) ) ;
#9621 = LINE ( 'NONE', #6695, #9957 ) ;
#9622 = CARTESIAN_POINT ( 'NONE',  ( 59.74084972657723824, 23.61190122397092495, 1.109997883926998163 ) ) ;
#9623 = CARTESIAN_POINT ( 'NONE',  ( 10.58880365760802356, 56.44252476504900073, 10.00000000000000000 ) ) ;
#9624 = VECTOR ( 'NONE', #1738, 1000.000000000000000 ) ;
#9625 = FACE_OUTER_BOUND ( 'NONE', #3513, .T. ) ;
#9626 = FACE_OUTER_BOUND ( 'NONE', #9580, .T. ) ;
#9627 = CARTESIAN_POINT ( 'NONE',  ( 18.61060500309818977, 30.68592075184099599, 3.399999999999983036 ) ) ;
#9628 = PRODUCT_RELATED_PRODUCT_CATEGORY ( 'part', '', ( #2249 ) ) ;
#9629 = CARTESIAN_POINT ( 'NONE',  ( 73.15243468099103552, 20.03231731485909961, 10.00099999999999945 ) ) ;
#9630 = ORIENTED_EDGE ( 'NONE', *, *, #2677, .F. ) ;
#9631 = VERTEX_POINT ( 'NONE', #7178 ) ;
#9632 = VECTOR ( 'NONE', #1772, 1000.000000000000000 ) ;
#9633 = LINE ( 'NONE', #1941, #6485 ) ;
#9634 = CARTESIAN_POINT ( 'NONE',  ( 9.875044450089784931, 53.13706121412302252, 4.000000000000000000 ) ) ;
#9635 = DIRECTION ( 'NONE',  ( 1.000000000000000000, 0.000000000000000000, -0.000000000000000000 ) ) ;
#9636 = DIRECTION ( 'NONE',  ( -0.000000000000000000, -0.000000000000000000, -1.000000000000000000 ) ) ;
#9637 = VECTOR ( 'NONE', #4683, 1000.000000000000000 ) ;
#9638 = VECTOR ( 'NONE', #3778, 1000.000000000000114 ) ;
#9639 = ORIENTED_EDGE ( 'NONE', *, *, #8192, .T. ) ;
#9640 = ORIENTED_EDGE ( 'NONE', *, *, #8217, .T. ) ;
#9641 = ADVANCED_FACE ( 'NONE', ( #8639 ), #3224, .F. ) ;
#9642 = ADVANCED_FACE ( 'NONE', ( #7888 ), #8696, .T. ) ;
#9643 = CARTESIAN_POINT ( 'NONE',  ( 13.28236328531345123, 21.79799773735025781, 10.00000000000000000 ) ) ;
#9644 = ORIENTED_EDGE ( 'NONE', *, *, #7269, .T. ) ;
#9645 = PLANE ( 'NONE',  #3600 ) ;
#9646 = VERTEX_POINT ( 'NONE', #2321 ) ;
#9647 = DIRECTION ( 'NONE',  ( -0.7071067811865462405, 0.7071067811865489050, 0.000000000000000000 ) ) ;
#9648 = VECTOR ( 'NONE', #8003, 1000.000000000000000 ) ;
#9649 = VECTOR ( 'NONE', #7697, 1000.000000000000114 ) ;
#9650 = DIRECTION ( 'NONE',  ( 0.000000000000000000, 1.000000000000000000, 0.000000000000000000 ) ) ;
#9651 = LINE ( 'NONE', #1189, #2038 ) ;
#9652 = PLANE ( 'NONE',  #6585 ) ;
#9653 = CARTESIAN_POINT ( 'NONE',  ( 13.28236328531345123, 25.79799773735023294, 7.400000000000000355 ) ) ;
#9654 = CARTESIAN_POINT ( 'NONE',  ( 41.42884860408194214, 26.75317541498458951, -10.67514906227531313 ) ) ;
#9655 = ORIENTED_EDGE ( 'NONE', *, *, #3156, .F. ) ;
#9656 = ORIENTED_EDGE ( 'NONE', *, *, #833, .T. ) ;
#9657 = EDGE_CURVE ( 'NONE', #4285, #9555, #8493, .T. ) ;
#9658 = VECTOR ( 'NONE', #10, 1000.000000000000000 ) ;
#9659 = VECTOR ( 'NONE', #9714, 1000.000000000000000 ) ;
#9660 = DIRECTION ( 'NONE',  ( 0.8660254037844384856, 0.5000000000000002220, 0.000000000000000000 ) ) ;
#9661 = ORIENTED_EDGE ( 'NONE', *, *, #4137, .F. ) ;
#9662 = VECTOR ( 'NONE', #5421, 1000.000000000000000 ) ;
#9663 = AXIS2_PLACEMENT_3D ( 'NONE', #2436, #8611, #5631 ) ;
#9664 = CARTESIAN_POINT ( 'NONE',  ( 5.598883276209360105, -5.623704362613318075, 4.000000000000000000 ) ) ;
#9665 = LINE ( 'NONE', #294, #6767 ) ;
#9666 = CARTESIAN_POINT ( 'NONE',  ( 6.554227756428436358, 17.60576059332729670, 7.400000000000000355 ) ) ;
#9667 = DIRECTION ( 'NONE',  ( 0.000000000000000000, 1.000000000000000000, 0.000000000000000000 ) ) ;
#9668 = ORIENTED_EDGE ( 'NONE', *, *, #6478, .F. ) ;
#9669 = ADVANCED_FACE ( 'NONE', ( #6982 ), #2616, .F. ) ;
#9670 = VECTOR ( 'NONE', #4551, 999.9999999999998863 ) ;
#9671 = LINE ( 'NONE', #6594, #7981 ) ;
#9672 = VERTEX_POINT ( 'NONE', #3425 ) ;
#9673 = LINE ( 'NONE', #5883, #4499 ) ;
#9674 = CARTESIAN_POINT ( 'NONE',  ( 5.871324698771780426, 34.33421759231527659, 4.000000000000000000 ) ) ;
#9675 = DIRECTION ( 'NONE',  ( -0.7071938130861881167, -0.7070197385735547124, 0.000000000000000000 ) ) ;
#9676 = EDGE_CURVE ( 'NONE', #2725, #8428, #7376, .T. ) ;
#9677 = DIRECTION ( 'NONE',  ( -0.7071067811865474617, 0.7071067811865474617, -0.000000000000000000 ) ) ;
#9678 = EDGE_CURVE ( 'NONE', #5570, #5770, #9500, .T. ) ;
#9679 = VECTOR ( 'NONE', #5536, 1000.000000000000000 ) ;
#9680 = FACE_OUTER_BOUND ( 'NONE', #2554, .T. ) ;
#9681 = CARTESIAN_POINT ( 'NONE',  ( 43.85907471738176611, 52.37470916941909849, 10.00000000000000000 ) ) ;
#9682 = DIRECTION ( 'NONE',  ( 1.000000000000000000, -0.000000000000000000, 0.000000000000000000 ) ) ;
#9683 = DIRECTION ( 'NONE',  ( -1.887397745837881465E-14, -1.000000000000000000, 0.000000000000000000 ) ) ;
#9684 = VERTEX_POINT ( 'NONE', #8038 ) ;
#9685 = VECTOR ( 'NONE', #6899, 1000.000000000000227 ) ;
#9686 = ORIENTED_EDGE ( 'NONE', *, *, #1391, .T. ) ;
#9687 = CARTESIAN_POINT ( 'NONE',  ( 55.24511320246803336, 59.97470916941927044, 10.00000000000000000 ) ) ;
#9688 = DIRECTION ( 'NONE',  ( -0.8660254037844375974, -0.5000000000000016653, 0.000000000000000000 ) ) ;
#9689 = DIRECTION ( 'NONE',  ( 0.000000000000000000, 0.000000000000000000, 1.000000000000000000 ) ) ;
#9690 = DIRECTION ( 'NONE',  ( -0.7070197385735546014, 0.7071938130861881167, 0.000000000000000000 ) ) ;
#9691 =( GEOMETRIC_REPRESENTATION_CONTEXT ( 3 ) GLOBAL_UNCERTAINTY_ASSIGNED_CONTEXT ( ( #4048 ) ) GLOBAL_UNIT_ASSIGNED_CONTEXT ( ( #1121, #4061, #6553 ) ) REPRESENTATION_CONTEXT ( 'NONE', 'WORKASPACE' ) );
#9692 = ORIENTED_EDGE ( 'NONE', *, *, #3051, .F. ) ;
#9693 = ORIENTED_EDGE ( 'NONE', *, *, #6943, .F. ) ;
#9694 = ORIENTED_EDGE ( 'NONE', *, *, #8902, .F. ) ;
#9695 = CARTESIAN_POINT ( 'NONE',  ( 73.34807733323548007, 40.95871309031685570, 5.000000000000000000 ) ) ;
#9696 = ORIENTED_EDGE ( 'NONE', *, *, #6909, .T. ) ;
#9697 = CARTESIAN_POINT ( 'NONE',  ( 43.66683757335889027, 46.18247202539612317, 10.00000000000000000 ) ) ;
#9698 = ORIENTED_EDGE ( 'NONE', *, *, #2922, .T. ) ;
#9699 = CARTESIAN_POINT ( 'NONE',  ( 60.21056651558853190, 25.79799773735024004, 7.400000000000000355 ) ) ;
#9700 = DIRECTION ( 'NONE',  ( 0.000000000000000000, 1.000000000000000000, 0.000000000000000000 ) ) ;
#9701 = CARTESIAN_POINT ( 'NONE',  ( 20.59504080363470280, 42.18247202539614449, 10.00000000000000000 ) ) ;
#9702 = EDGE_CURVE ( 'NONE', #3251, #9405, #7333, .T. ) ;
#9703 = PLANE ( 'NONE',  #7579 ) ;
#9704 = EDGE_CURVE ( 'NONE', #2274, #4937, #3374, .T. ) ;
#9705 = DIRECTION ( 'NONE',  ( -0.8660254037844379305, 0.5000000000000011102, 0.000000000000000000 ) ) ;
#9706 = ORIENTED_EDGE ( 'NONE', *, *, #5856, .T. ) ;
#9707 = ORIENTED_EDGE ( 'NONE', *, *, #8295, .F. ) ;
#9708 = VECTOR ( 'NONE', #4021, 1000.000000000000114 ) ;
#9709 = DIRECTION ( 'NONE',  ( -0.8660254037844377084, 0.5000000000000015543, 0.000000000000000000 ) ) ;
#9710 = ORIENTED_EDGE ( 'NONE', *, *, #2983, .F. ) ;
#9711 = ADVANCED_FACE ( 'NONE', ( #5058, #7285 ), #5764, .T. ) ;
#9712 = CARTESIAN_POINT ( 'NONE',  ( 56.93870204447365779, 37.99023488137319049, 10.00000000000000000 ) ) ;
#9713 = DIRECTION ( 'NONE',  ( -0.5000000000000001110, -0.8660254037844387076, 0.000000000000000000 ) ) ;
#9714 = DIRECTION ( 'NONE',  ( 0.000000000000000000, -0.000000000000000000, 1.000000000000000000 ) ) ;
#9715 = CARTESIAN_POINT ( 'NONE',  ( 40.83180065388673796, 38.69286487643512373, 1.699885383662997906 ) ) ;
#9716 = ORIENTED_EDGE ( 'NONE', *, *, #1770, .F. ) ;
#9717 = VERTEX_POINT ( 'NONE', #1145 ) ;
#9718 = PLANE ( 'NONE',  #8147 ) ;
#9719 = ORIENTED_EDGE ( 'NONE', *, *, #7270, .T. ) ;
#9720 = DIRECTION ( 'NONE',  ( 0.000000000000000000, 1.000000000000000000, 0.000000000000000000 ) ) ;
#9721 = DIRECTION ( 'NONE',  ( 0.000000000000000000, -1.000000000000000000, 0.000000000000000000 ) ) ;
#9722 = DIRECTION ( 'NONE',  ( -0.8660254037844373753, -0.5000000000000021094, 0.000000000000000000 ) ) ;
#9723 = CARTESIAN_POINT ( 'NONE',  ( 60.40280365961140774, 35.99023488137318338, 7.400000000000000355 ) ) ;
#9724 = CARTESIAN_POINT ( 'NONE',  ( 53.85907471738165242, 52.37470916941909849, 7.400000000000000355 ) ) ;
#9725 = DIRECTION ( 'NONE',  ( 1.000000000000000000, 0.000000000000000000, 0.000000000000000000 ) ) ;
#9726 = CARTESIAN_POINT ( 'NONE',  ( 33.28236328531323807, 23.35317541498461225, 7.400000000000000355 ) ) ;
#9727 = FACE_OUTER_BOUND ( 'NONE', #1362, .T. ) ;
#9728 = AXIS2_PLACEMENT_3D ( 'NONE', #3731, #9157, #2219 ) ;
#9729 = ORIENTED_EDGE ( 'NONE', *, *, #2329, .F. ) ;
#9730 = FACE_OUTER_BOUND ( 'NONE', #8487, .T. ) ;
#9731 = ORIENTED_EDGE ( 'NONE', *, *, #1072, .F. ) ;
#9732 = EDGE_CURVE ( 'NONE', #4496, #5240, #8897, .T. ) ;
#9733 = ORIENTED_EDGE ( 'NONE', *, *, #6546, .F. ) ;
#9734 = CARTESIAN_POINT ( 'NONE',  ( 37.32317633251962263, 50.37470916941909138, 7.400000000000000355 ) ) ;
#9735 = FACE_OUTER_BOUND ( 'NONE', #4226, .T. ) ;
#9736 = CARTESIAN_POINT ( 'NONE',  ( 76.16692151384303600, 56.44252476504900073, 10.00000000000000000 ) ) ;
#9737 = CARTESIAN_POINT ( 'NONE',  ( 16.74646490045120473, 27.79799773735024004, 10.00000000000000000 ) ) ;
#9738 = ORIENTED_EDGE ( 'NONE', *, *, #2037, .T. ) ;
#9739 = ORIENTED_EDGE ( 'NONE', *, *, #1028, .T. ) ;
#9740 = CARTESIAN_POINT ( 'NONE',  ( 50.40280365961151432, 35.99023488137318338, 10.00000000000000000 ) ) ;
#9741 = AXIS2_PLACEMENT_3D ( 'NONE', #1135, #7321, #2501 ) ;
#9742 = ORIENTED_EDGE ( 'NONE', *, *, #8945, .F. ) ;
#9743 = EDGE_CURVE ( 'NONE', #434, #7510, #9554, .T. ) ;
#9744 = DIRECTION ( 'NONE',  ( 0.000000000000000000, 0.000000000000000000, -1.000000000000000000 ) ) ;
#9745 = ORIENTED_EDGE ( 'NONE', *, *, #8599, .T. ) ;
#9746 = DIRECTION ( 'NONE',  ( 0.7071067811865492381, -0.7071067811865457964, 0.000000000000000000 ) ) ;
#9747 = CARTESIAN_POINT ( 'NONE',  ( 16.93870204447408412, 29.99023488137320115, 7.400000000000000355 ) ) ;
#9748 = CARTESIAN_POINT ( 'NONE',  ( 23.47460042933622049, 35.99023488137317628, 10.00000000000000000 ) ) ;
#9749 = VECTOR ( 'NONE', #9173, 1000.000000000000000 ) ;
#9750 = ORIENTED_EDGE ( 'NONE', *, *, #3603, .F. ) ;
#9751 = ORIENTED_EDGE ( 'NONE', *, *, #5137, .F. ) ;
#9752 = CARTESIAN_POINT ( 'NONE',  ( 65.74084972657723824, 23.61190122397092495, 4.000000000000000000 ) ) ;
#9753 = VERTEX_POINT ( 'NONE', #5714 ) ;
#9754 = EDGE_CURVE ( 'NONE', #4639, #6134, #1852, .T. ) ;
#9755 = VECTOR ( 'NONE', #4914, 1000.000000000000000 ) ;
#9756 = LINE ( 'NONE', #6020, #5441 ) ;
#9757 = FACE_OUTER_BOUND ( 'NONE', #2276, .T. ) ;
#9758 = CARTESIAN_POINT ( 'NONE',  ( 76.93870204447344463, 37.99023488137319049, 7.400000000000000355 ) ) ;
#9759 = CARTESIAN_POINT ( 'NONE',  ( 73.34807733323548007, 45.95871309031685570, 4.000000000000000000 ) ) ;
#9760 = ORIENTED_EDGE ( 'NONE', *, *, #7700, .F. ) ;
#9761 = ORIENTED_EDGE ( 'NONE', *, *, #4879, .T. ) ;
#9762 = VERTEX_POINT ( 'NONE', #339 ) ;
#9763 = EDGE_CURVE ( 'NONE', #2156, #911, #8847, .T. ) ;
#9764 = EDGE_CURVE ( 'NONE', #9933, #5262, #8093, .T. ) ;
#9765 = ADVANCED_FACE ( 'NONE', ( #390 ), #6579, .T. ) ;
#9766 = CARTESIAN_POINT ( 'NONE',  ( 60.59504080363427647, 42.18247202539614449, 10.00000000000000000 ) ) ;
#9767 = ORIENTED_EDGE ( 'NONE', *, *, #3969, .F. ) ;
#9768 = PLANE ( 'NONE',  #5646 ) ;
#9769 = DIRECTION ( 'NONE',  ( 0.7071067811865392461, 0.000000000000000000, -0.7071067811865556774 ) ) ;
#9770 = DIRECTION ( 'NONE',  ( 0.8660254037844384856, 0.5000000000000002220, 0.000000000000000000 ) ) ;
#9771 = LINE ( 'NONE', #5788, #9005 ) ;
#9772 = LINE ( 'NONE', #7307, #437 ) ;
#9773 = DIRECTION ( 'NONE',  ( -1.000000000000000000, -1.317956502048527864E-15, -0.000000000000000000 ) ) ;
#9774 = ORIENTED_EDGE ( 'NONE', *, *, #5017, .T. ) ;
#9775 = ORIENTED_EDGE ( 'NONE', *, *, #8275, .T. ) ;
#9776 = CARTESIAN_POINT ( 'NONE',  ( 7.130939188497064762, 40.18247202539614449, 10.00000000000000000 ) ) ;
#9777 = EDGE_LOOP ( 'NONE', ( #668, #1475, #3910, #4605 ) ) ;
#9778 = ORIENTED_EDGE ( 'NONE', *, *, #4533, .F. ) ;
#9779 = EDGE_CURVE ( 'NONE', #1547, #8479, #2766, .T. ) ;
#9780 = PLANE ( 'NONE',  #8578 ) ;
#9781 = EDGE_CURVE ( 'NONE', #7818, #8497, #4296, .T. ) ;
#9782 = DIRECTION ( 'NONE',  ( -0.8660254037844373753, -0.5000000000000021094, 0.000000000000000000 ) ) ;
#9783 = VECTOR ( 'NONE', #9090, 1000.000000000000000 ) ;
#9784 = PLANE ( 'NONE',  #3316 ) ;
#9785 = LINE ( 'NONE', #1178, #5296 ) ;
#9786 = ADVANCED_FACE ( 'NONE', ( #7987 ), #4624, .F. ) ;
#9787 = EDGE_LOOP ( 'NONE', ( #1023, #4251, #2469, #7668 ) ) ;
#9788 = ORIENTED_EDGE ( 'NONE', *, *, #5251, .F. ) ;
#9789 = ADVANCED_FACE ( 'NONE', ( #8616 ), #58, .T. ) ;
#9790 = VECTOR ( 'NONE', #10025, 1000.000000000000000 ) ;
#9791 = CARTESIAN_POINT ( 'NONE',  ( 20.78727794765757864, 52.37470916941909138, 7.400000000000000355 ) ) ;
#9792 = VERTEX_POINT ( 'NONE', #3861 ) ;
#9793 = CARTESIAN_POINT ( 'NONE',  ( 73.47460042933569468, 35.99023488137317628, 7.400000000000000355 ) ) ;
#9794 = ORIENTED_EDGE ( 'NONE', *, *, #2585, .F. ) ;
#9795 = EDGE_CURVE ( 'NONE', #2132, #8935, #1486, .T. ) ;
#9796 = CARTESIAN_POINT ( 'NONE',  ( 27.76193449734177676, 27.76193449734167373, 4.000000000000000000 ) ) ;
#9797 = DIRECTION ( 'NONE',  ( 0.5000000000000003331, -0.8660254037844385966, 0.000000000000000000 ) ) ;
#9798 = PLANE ( 'NONE',  #9805 ) ;
#9799 = VECTOR ( 'NONE', #1092, 1000.000000000000227 ) ;
#9800 = EDGE_CURVE ( 'NONE', #1290, #4900, #6305, .T. ) ;
#9801 = EDGE_LOOP ( 'NONE', ( #6619, #5040, #4857, #4337 ) ) ;
#9802 = ORIENTED_EDGE ( 'NONE', *, *, #3904, .F. ) ;
#9803 = DIRECTION ( 'NONE',  ( -0.5000000000000014433, 0.8660254037844379305, 0.000000000000000000 ) ) ;
#9804 = ORIENTED_EDGE ( 'NONE', *, *, #3920, .T. ) ;
#9805 = AXIS2_PLACEMENT_3D ( 'NONE', #2864, #2717, #5963 ) ;
#9806 = AXIS2_PLACEMENT_3D ( 'NONE', #1314, #2687, #2744 ) ;
#9807 = PLANE ( 'NONE',  #7860 ) ;
#9808 = DIRECTION ( 'NONE',  ( 0.000000000000000000, -1.000000000000000000, 0.000000000000000000 ) ) ;
#9809 = ADVANCED_FACE ( 'NONE', ( #2294 ), #3807, .F. ) ;
#9810 = EDGE_CURVE ( 'NONE', #5084, #7286, #9325, .T. ) ;
#9811 = FACE_OUTER_BOUND ( 'NONE', #8202, .T. ) ;
#9812 = VECTOR ( 'NONE', #9139, 1000.000000000000227 ) ;
#9813 = VECTOR ( 'NONE', #7137, 1000.000000000000227 ) ;
#9814 = DIRECTION ( 'NONE',  ( -0.8660254037844385966, 0.5000000000000000000, 0.000000000000000000 ) ) ;
#9815 = VERTEX_POINT ( 'NONE', #4579 ) ;
#9816 = ORIENTED_EDGE ( 'NONE', *, *, #9147, .T. ) ;
#9817 = DIRECTION ( 'NONE',  ( 0.000000000000000000, 0.000000000000000000, -1.000000000000000000 ) ) ;
#9818 = ORIENTED_EDGE ( 'NONE', *, *, #9336, .T. ) ;
#9819 = DIRECTION ( 'NONE',  ( 0.000000000000000000, 0.000000000000000000, -1.000000000000000000 ) ) ;
#9820 = VERTEX_POINT ( 'NONE', #921 ) ;
#9821 = CIRCLE ( 'NONE', #9991, 1.699999999999993072 ) ;
#9822 = VECTOR ( 'NONE', #1709, 1000.000000000000114 ) ;
#9823 = CARTESIAN_POINT ( 'NONE',  ( 59.74084972657723824, 23.61190122397092495, 1.109997883926998163 ) ) ;
#9824 = CARTESIAN_POINT ( 'NONE',  ( 50.59504080363439016, 46.18247202539613028, 10.00000000000000000 ) ) ;
#9825 = FACE_BOUND ( 'NONE', #7627, .T. ) ;
#9826 = PLANE ( 'NONE',  #2711 ) ;
#9827 = EDGE_CURVE ( 'NONE', #6031, #8173, #8473, .T. ) ;
#9828 = DIRECTION ( 'NONE',  ( -0.8660254037844375974, -0.5000000000000016653, 0.000000000000000000 ) ) ;
#9829 = CARTESIAN_POINT ( 'NONE',  ( 60.59504080363427647, 42.18247202539614449, 7.400000000000000355 ) ) ;
#9830 = EDGE_LOOP ( 'NONE', ( #2910, #2593, #3763, #9000 ) ) ;
#9831 = VECTOR ( 'NONE', #1456, 1000.000000000000000 ) ;
#9832 = VECTOR ( 'NONE', #9519, 1000.000000000000000 ) ;
#9833 = CARTESIAN_POINT ( 'NONE',  ( 12.01402484683469041, 0.000000000000000000, 0.000000000000000000 ) ) ;
#9834 = ORIENTED_EDGE ( 'NONE', *, *, #7876, .T. ) ;
#9835 = ORIENTED_EDGE ( 'NONE', *, *, #4951, .T. ) ;
#9836 = CARTESIAN_POINT ( 'NONE',  ( 25.52610449534172687, 52.77490806565516834, 6.000000000000000000 ) ) ;
#9837 = VECTOR ( 'NONE', #9577, 1000.000000000000114 ) ;
#9838 = CARTESIAN_POINT ( 'NONE',  ( 8.888803657608024267, 8.415085090169998949, 0.000000000000000000 ) ) ;
#9839 = CARTESIAN_POINT ( 'NONE',  ( 33.66683757335898974, 42.18247202539615159, 7.400000000000000355 ) ) ;
#9840 = VECTOR ( 'NONE', #7444, 1000.000000000000000 ) ;
#9841 = CARTESIAN_POINT ( 'NONE',  ( 26.93870204447397754, 29.99023488137320115, 7.400000000000000355 ) ) ;
#9842 = EDGE_CURVE ( 'NONE', #6297, #7828, #6249, .T. ) ;
#9843 = CARTESIAN_POINT ( 'NONE',  ( 6.992565577374029395, 5.000000000000023093, 10.00000000000000000 ) ) ;
#9844 = ORIENTED_EDGE ( 'NONE', *, *, #358, .T. ) ;
#9845 = ORIENTED_EDGE ( 'NONE', *, *, #8980, .F. ) ;
#9846 = AXIS2_PLACEMENT_3D ( 'NONE', #5623, #94, #1811 ) ;
#9847 = LINE ( 'NONE', #2907, #4739 ) ;
#9848 = ORIENTED_EDGE ( 'NONE', *, *, #2705, .T. ) ;
#9849 = ORIENTED_EDGE ( 'NONE', *, *, #2572, .F. ) ;
#9850 = EDGE_CURVE ( 'NONE', #5023, #2725, #724, .T. ) ;
#9851 = CARTESIAN_POINT ( 'NONE',  ( 62.84720929291043490, 62.84720929291043490, 0.000000000000000000 ) ) ;
#9852 = CARTESIAN_POINT ( 'NONE',  ( 13.28236328531345123, 21.79799773735025781, 7.400000000000000355 ) ) ;
#9853 = LINE ( 'NONE', #8843, #588 ) ;
#9854 = AXIS2_PLACEMENT_3D ( 'NONE', #6425, #181, #8594 ) ;
#9855 = ORIENTED_EDGE ( 'NONE', *, *, #4797, .F. ) ;
#9856 = ORIENTED_EDGE ( 'NONE', *, *, #2109, .T. ) ;
#9857 = PLANE ( 'NONE',  #6994 ) ;
#9858 = ORIENTED_EDGE ( 'NONE', *, *, #8437, .F. ) ;
#9859 = ADVANCED_FACE ( 'NONE', ( #778 ), #872, .F. ) ;
#9860 = CARTESIAN_POINT ( 'NONE',  ( 73.15243468099103552, 6.261804759730023484, 10.00000000000000000 ) ) ;
#9861 = CARTESIAN_POINT ( 'NONE',  ( 79.97474980950003953, 10.50829548434902350, 0.000000000000000000 ) ) ;
#9862 = DIRECTION ( 'NONE',  ( 1.887397745837881465E-14, 1.000000000000000000, -0.000000000000000000 ) ) ;
#9863 = VECTOR ( 'NONE', #979, 1000.000000000000000 ) ;
#9864 = DIRECTION ( 'NONE',  ( 0.000000000000000000, 0.000000000000000000, -1.000000000000000000 ) ) ;
#9865 = ORIENTED_EDGE ( 'NONE', *, *, #5740, .T. ) ;
#9866 = ORIENTED_EDGE ( 'NONE', *, *, #9559, .T. ) ;
#9867 = PLANE ( 'NONE',  #1308 ) ;
#9868 = ORIENTED_EDGE ( 'NONE', *, *, #5895, .T. ) ;
#9869 = EDGE_CURVE ( 'NONE', #9223, #3926, #8517, .T. ) ;
#9870 = FACE_OUTER_BOUND ( 'NONE', #9906, .T. ) ;
#9871 = ORIENTED_EDGE ( 'NONE', *, *, #5419, .T. ) ;
#9872 = EDGE_CURVE ( 'NONE', #221, #7667, #1631, .T. ) ;
#9873 = VECTOR ( 'NONE', #3048, 1000.000000000000000 ) ;
#9874 = PLANE ( 'NONE',  #4020 ) ;
#9875 = PLANE ( 'NONE',  #9317 ) ;
#9876 = FACE_OUTER_BOUND ( 'NONE', #9918, .T. ) ;
#9877 = CARTESIAN_POINT ( 'NONE',  ( 16.55422775642833244, 17.60576059332729670, 10.00000000000000000 ) ) ;
#9878 = DIRECTION ( 'NONE',  ( 0.8660254037844394848, -0.4999999999999985012, 0.000000000000000000 ) ) ;
#9879 = LINE ( 'NONE', #5330, #292 ) ;
#9880 = EDGE_LOOP ( 'NONE', ( #128, #1159, #8325, #7687 ) ) ;
#9881 = ORIENTED_EDGE ( 'NONE', *, *, #1494, .F. ) ;
#9882 = DIRECTION ( 'NONE',  ( -1.000000000000000000, 0.000000000000000000, 0.000000000000000000 ) ) ;
#9883 = ORIENTED_EDGE ( 'NONE', *, *, #2259, .F. ) ;
#9884 = ADVANCED_FACE ( 'NONE', ( #7806 ), #7760, .F. ) ;
#9885 = ORIENTED_EDGE ( 'NONE', *, *, #5866, .F. ) ;
#9886 = CARTESIAN_POINT ( 'NONE',  ( 32.14653210253800353, 28.88980021391638431, 0.9599999985689978699 ) ) ;
#9887 = DIRECTION ( 'NONE',  ( 1.000000000000000000, -0.000000000000000000, -0.000000000000000000 ) ) ;
#9888 = DIRECTION ( 'NONE',  ( 0.8660254037844384856, 0.5000000000000002220, 0.000000000000000000 ) ) ;
#9889 = LINE ( 'NONE', #6862, #7395 ) ;
#9890 = LINE ( 'NONE', #251, #758 ) ;
#9891 = AXIS2_PLACEMENT_3D ( 'NONE', #2769, #4202, #342 ) ;
#9892 = CARTESIAN_POINT ( 'NONE',  ( 5.873484235277212306, 45.25038475940630889, 4.000000000000000000 ) ) ;
#9893 = VERTEX_POINT ( 'NONE', #1586 ) ;
#9894 = ORIENTED_EDGE ( 'NONE', *, *, #1878, .F. ) ;
#9895 = CARTESIAN_POINT ( 'NONE',  ( 78.03094427258407961, 40.70209020296626079, 7.400000000000000355 ) ) ;
#9896 = ORIENTED_EDGE ( 'NONE', *, *, #8437, .T. ) ;
#9897 = EDGE_CURVE ( 'NONE', #6677, #5965, #3244, .T. ) ;
#9898 = VERTEX_POINT ( 'NONE', #826 ) ;
#9899 = PLANE ( 'NONE',  #6963 ) ;
#9900 = LINE ( 'NONE', #9290, #3963 ) ;
#9901 = CARTESIAN_POINT ( 'NONE',  ( 33.66683757335898974, 42.18247202539615159, 7.400000000000000355 ) ) ;
#9902 = AXIS2_PLACEMENT_3D ( 'NONE', #327, #4237, #4940 ) ;
#9903 = ORIENTED_EDGE ( 'NONE', *, *, #7941, .T. ) ;
#9904 = ORIENTED_EDGE ( 'NONE', *, *, #1525, .T. ) ;
#9905 = DIRECTION ( 'NONE',  ( 0.5773502691896191807, -0.5773502691896224004, 0.5773502691896357231 ) ) ;
#9906 = EDGE_LOOP ( 'NONE', ( #4986, #5601, #4844, #3484 ) ) ;
#9907 = AXIS2_PLACEMENT_3D ( 'NONE', #2747, #4276, #564 ) ;
#9908 = DIRECTION ( 'NONE',  ( -0.000000000000000000, 0.000000000000000000, 1.000000000000000000 ) ) ;
#9909 = LINE ( 'NONE', #5972, #3849 ) ;
#9910 = LINE ( 'NONE', #6074, #4170 ) ;
#9911 = LINE ( 'NONE', #5162, #5817 ) ;
#9912 = ORIENTED_EDGE ( 'NONE', *, *, #1867, .F. ) ;
#9913 = ORIENTED_EDGE ( 'NONE', *, *, #6295, .F. ) ;
#9914 = LINE ( 'NONE', #2168, #3099 ) ;
#9915 = VECTOR ( 'NONE', #7703, 1000.000000000000000 ) ;
#9916 = ORIENTED_EDGE ( 'NONE', *, *, #7920, .T. ) ;
#9917 = CARTESIAN_POINT ( 'NONE',  ( 30.61060500309818977, 30.68592075184099599, 3.399999999999983036 ) ) ;
#9918 = EDGE_LOOP ( 'NONE', ( #9738, #1831, #667, #6714 ) ) ;
#9919 = DIRECTION ( 'NONE',  ( -0.8660254037844378194, -0.5000000000000013323, 0.000000000000000000 ) ) ;
#9920 = CARTESIAN_POINT ( 'NONE',  ( 13.28236328531345123, 25.79799773735023294, 7.400000000000000355 ) ) ;
#9921 = FACE_BOUND ( 'NONE', #1746, .T. ) ;
#9922 = PLANE ( 'NONE',  #4814 ) ;
#9923 = FACE_OUTER_BOUND ( 'NONE', #4699, .T. ) ;
#9924 = EDGE_CURVE ( 'NONE', #616, #2642, #3907, .T. ) ;
#9925 = VERTEX_POINT ( 'NONE', #7853 ) ;
#9926 = DIRECTION ( 'NONE',  ( -0.000000000000000000, -0.000000000000000000, 1.000000000000000000 ) ) ;
#9927 = EDGE_CURVE ( 'NONE', #4496, #6660, #2442, .T. ) ;
#9928 = ORIENTED_EDGE ( 'NONE', *, *, #8401, .T. ) ;
#9929 = EDGE_CURVE ( 'NONE', #3414, #4065, #7101, .T. ) ;
#9930 = EDGE_LOOP ( 'NONE', ( #2779, #6225, #472, #4586 ) ) ;
#9931 = DIRECTION ( 'NONE',  ( 0.7071067811865472397, 0.7071067811865479058, 0.000000000000000000 ) ) ;
#9932 = ORIENTED_EDGE ( 'NONE', *, *, #6871, .F. ) ;
#9933 = VERTEX_POINT ( 'NONE', #7911 ) ;
#9934 = LINE ( 'NONE', #2134, #7770 ) ;
#9935 = CARTESIAN_POINT ( 'NONE',  ( 54.61482092964090640, 59.34967741935614782, 10.00000000000000000 ) ) ;
#9936 = CARTESIAN_POINT ( 'NONE',  ( 5.000000000000030198, 6.992565577373023977, 10.00000000000000000 ) ) ;
#9937 = LINE ( 'NONE', #3859, #8850 ) ;
#9938 = LINE ( 'NONE', #2189, #7718 ) ;
#9939 = CARTESIAN_POINT ( 'NONE',  ( 30.54606450874868173, -30.54606450874760171, 4.000000000000000000 ) ) ;
#9940 = EDGE_CURVE ( 'NONE', #1705, #8573, #1015, .T. ) ;
#9941 = ORIENTED_EDGE ( 'NONE', *, *, #6570, .F. ) ;
#9942 = ORIENTED_EDGE ( 'NONE', *, *, #479, .T. ) ;
#9943 = DIRECTION ( 'NONE',  ( 0.7071067811865455743, -0.7071067811865493491, 0.000000000000000000 ) ) ;
#9944 = ORIENTED_EDGE ( 'NONE', *, *, #6488, .F. ) ;
#9945 = EDGE_LOOP ( 'NONE', ( #6399, #7022, #4582, #3115 ) ) ;
#9946 = LINE ( 'NONE', #3007, #4380 ) ;
#9947 = DIRECTION ( 'NONE',  ( -0.000000000000000000, -0.000000000000000000, 1.000000000000000000 ) ) ;
#9948 = CARTESIAN_POINT ( 'NONE',  ( 50.40280365961151432, 31.99023488137319760, 7.400000000000000355 ) ) ;
#9949 = EDGE_CURVE ( 'NONE', #5582, #9223, #3446, .T. ) ;
#9950 = ADVANCED_FACE ( 'NONE', ( #7198 ), #6500, .F. ) ;
#9951 = AXIS2_PLACEMENT_3D ( 'NONE', #7062, #981, #8731 ) ;
#9952 = ORIENTED_EDGE ( 'NONE', *, *, #5571, .F. ) ;
#9953 = EDGE_LOOP ( 'NONE', ( #8671, #6805, #8807, #5844 ) ) ;
#9954 = CARTESIAN_POINT ( 'NONE',  ( 17.46155956311902813, 10.12960885616448969, 7.400000000000000355 ) ) ;
#9955 = ORIENTED_EDGE ( 'NONE', *, *, #3693, .F. ) ;
#9956 = ADVANCED_FACE ( 'NONE', ( #8720 ), #4112, .F. ) ;
#9957 = VECTOR ( 'NONE', #8208, 1000.000000000000114 ) ;
#9958 = DIRECTION ( 'NONE',  ( -0.000000000000000000, -0.000000000000000000, -1.000000000000000000 ) ) ;
#9959 = DIRECTION ( 'NONE',  ( 0.000000000000000000, 1.000000000000000000, -0.000000000000000000 ) ) ;
#9960 = ADVANCED_FACE ( 'NONE', ( #6398 ), #8663, .T. ) ;
#9961 = CARTESIAN_POINT ( 'NONE',  ( 24.39487291362403099, 59.35339717067414256, 10.00099999999999945 ) ) ;
#9962 = DIRECTION ( 'NONE',  ( -0.8660254037844375974, -0.5000000000000016653, 0.000000000000000000 ) ) ;
#9963 = ORIENTED_EDGE ( 'NONE', *, *, #7458, .T. ) ;
#9964 = EDGE_LOOP ( 'NONE', ( #2017, #714, #2311, #9197, #6723, #9442 ) ) ;
#9965 = AXIS2_PLACEMENT_3D ( 'NONE', #3359, #2546, #3965 ) ;
#9966 = VECTOR ( 'NONE', #3165, 999.9999999999998863 ) ;
#9967 = LINE ( 'NONE', #5978, #3419 ) ;
#9968 = ORIENTED_EDGE ( 'NONE', *, *, #7108, .F. ) ;
#9969 = DIRECTION ( 'NONE',  ( 0.8660254037844385966, -0.5000000000000000000, 0.000000000000000000 ) ) ;
#9970 = ORIENTED_EDGE ( 'NONE', *, *, #5741, .F. ) ;
#9971 = VECTOR ( 'NONE', #5030, 1000.000000000000000 ) ;
#9972 = DIRECTION ( 'NONE',  ( -0.000000000000000000, -0.000000000000000000, 1.000000000000000000 ) ) ;
#9973 = VECTOR ( 'NONE', #1531, 1000.000000000000114 ) ;
#9974 = DIRECTION ( 'NONE',  ( -0.000000000000000000, 1.000000000000000000, 0.000000000000000000 ) ) ;
#9975 = DIRECTION ( 'NONE',  ( 1.000000000000000000, 0.000000000000000000, 0.000000000000000000 ) ) ;
#9976 = CARTESIAN_POINT ( 'NONE',  ( 46.93870204447377148, 37.99023488137319049, 7.400000000000000355 ) ) ;
#9977 = EDGE_CURVE ( 'NONE', #8106, #7168, #5791, .T. ) ;
#9978 = DIRECTION ( 'NONE',  ( -0.9999999924245159821, 0.0001230892683151790486, 0.000000000000000000 ) ) ;
#9979 = ORIENTED_EDGE ( 'NONE', *, *, #4126, .T. ) ;
#9980 = AXIS2_PLACEMENT_3D ( 'NONE', #6199, #8423, #1530 ) ;
#9981 = VECTOR ( 'NONE', #5021, 1000.000000000000000 ) ;
#9982 = LINE ( 'NONE', #2286, #2325 ) ;
#9983 = ORIENTED_EDGE ( 'NONE', *, *, #5935, .T. ) ;
#9984 = VERTEX_POINT ( 'NONE', #8813 ) ;
#9985 = EDGE_CURVE ( 'NONE', #3015, #9490, #411, .T. ) ;
#9986 = DIRECTION ( 'NONE',  ( -1.000000000000000000, 0.000000000000000000, 0.000000000000000000 ) ) ;
#9987 = EDGE_CURVE ( 'NONE', #6509, #4937, #2488, .T. ) ;
#9988 = CARTESIAN_POINT ( 'NONE',  ( 69.83157658086554420, 23.35317541498460159, 7.400000000000000355 ) ) ;
#9989 = DIRECTION ( 'NONE',  ( 1.000000000000000000, -0.000000000000000000, -0.000000000000000000 ) ) ;
#9990 = CARTESIAN_POINT ( 'NONE',  ( 76.93870204447344463, 29.99023488137320115, 7.400000000000000355 ) ) ;
#9991 = AXIS2_PLACEMENT_3D ( 'NONE', #7954, #3193, #250 ) ;
#9992 = LINE ( 'NONE', #3806, #3654 ) ;
#9993 = DIRECTION ( 'NONE',  ( 0.8660254037844385966, -0.5000000000000000000, 0.000000000000000000 ) ) ;
#9994 = LINE ( 'NONE', #3057, #3683 ) ;
#9995 = EDGE_LOOP ( 'NONE', ( #482, #4892, #6680, #4491 ) ) ;
#9996 = ORIENTED_EDGE ( 'NONE', *, *, #2004, .T. ) ;
#9997 = DIRECTION ( 'NONE',  ( 0.000000000000000000, -1.000000000000000000, 0.000000000000000000 ) ) ;
#9998 = ORIENTED_EDGE ( 'NONE', *, *, #2922, .F. ) ;
#9999 = AXIS2_PLACEMENT_3D ( 'NONE', #3317, #7986, #4140 ) ;
#10000 = VECTOR ( 'NONE', #2482, 1000.000000000000227 ) ;
#10001 = EDGE_LOOP ( 'NONE', ( #9848, #9476, #51, #4848 ) ) ;
#10002 = EDGE_CURVE ( 'NONE', #2631, #632, #5581, .T. ) ;
#10003 = LINE ( 'NONE', #9192, #324 ) ;
#10004 = LINE ( 'NONE', #3066, #8009 ) ;
#10005 = CARTESIAN_POINT ( 'NONE',  ( 5.000000000000213163, 16.70842677977146806, 10.00099999999999945 ) ) ;
#10006 = VECTOR ( 'NONE', #7548, 1000.000000000000000 ) ;
#10007 = ORIENTED_EDGE ( 'NONE', *, *, #6038, .T. ) ;
#10008 = ORIENTED_EDGE ( 'NONE', *, *, #3174, .F. ) ;
#10009 = LINE ( 'NONE', #1604, #6032 ) ;
#10010 = ORIENTED_EDGE ( 'NONE', *, *, #9039, .F. ) ;
#10011 = EDGE_CURVE ( 'NONE', #8251, #6866, #4873, .T. ) ;
#10012 = VECTOR ( 'NONE', #3075, 1000.000000000000000 ) ;
#10013 = CARTESIAN_POINT ( 'NONE',  ( 30.78727794765747205, 52.37470916941909138, 10.00000000000000000 ) ) ;
#10014 = CARTESIAN_POINT ( 'NONE',  ( 64.56983569344401985, 35.50332283157010949, 0.3999999999999975797 ) ) ;
#10015 = CARTESIAN_POINT ( 'NONE',  ( 79.97474980949952794, 57.98214359204602175, 10.00000000000000000 ) ) ;
#10016 = ORIENTED_EDGE ( 'NONE', *, *, #9148, .F. ) ;
#10017 = ORIENTED_EDGE ( 'NONE', *, *, #9469, .T. ) ;
#10018 = CARTESIAN_POINT ( 'NONE',  ( 41.42884860408194214, 24.35317541498458738, 4.000000000000000000 ) ) ;
#10019 = VERTEX_POINT ( 'NONE', #8115 ) ;
#10020 = LINE ( 'NONE', #3081, #376 ) ;
#10021 = ORIENTED_EDGE ( 'NONE', *, *, #7470, .F. ) ;
#10022 = ADVANCED_FACE ( 'NONE', ( #9472 ), #1775, .F. ) ;
#10023 = EDGE_CURVE ( 'NONE', #4880, #212, #9525, .T. ) ;
#10024 = DIRECTION ( 'NONE',  ( 0.5000000000000015543, 0.8660254037844378194, 0.000000000000000000 ) ) ;
#10025 = DIRECTION ( 'NONE',  ( -0.000000000000000000, -0.000000000000000000, 1.000000000000000000 ) ) ;
#10026 = LINE ( 'NONE', #2889, #2384 ) ;
#10027 = DIRECTION ( 'NONE',  ( 1.355284293265842525E-13, -1.000000000000000000, 0.000000000000000000 ) ) ;
#10028 = CARTESIAN_POINT ( 'NONE',  ( 24.39487291362403099, 59.35339717067414256, 10.00000000000000000 ) ) ;
#10029 = ORIENTED_EDGE ( 'NONE', *, *, #3258, .T. ) ;
ENDSEC;
END-ISO-10303-21;
